sample,outcome,depth,variant_group,reply_mode,pinned,n_stories,constant_outcome_stories_excluded,n_orderings,spearman_forum_ndcg,ci_lower,ci_upper,scope
primary,aqua_additional_knowledge_expected,full,overall,,,2556,0,84,0.955148324389997,0.9499033107218792,0.9595226283284398,all 84 substantive policy bundles
primary,aqua_additional_knowledge_expected,full,loose | unpinned,loose,False,2556,0,14,0.9780219780219781,0.9648351648351648,0.978021978021978,14 substantive orderings within reply/pin group
primary,aqua_additional_knowledge_expected,full,loose | pinned,loose,True,2556,0,14,1.0,0.9956043956043956,1.0,14 substantive orderings within reply/pin group
primary,aqua_additional_knowledge_expected,full,trees | unpinned,trees,False,2556,0,14,0.9692307692307693,0.9516483516483516,0.9824175824175824,14 substantive orderings within reply/pin group
primary,aqua_additional_knowledge_expected,full,trees | pinned,trees,True,2556,0,14,0.9824175824175824,0.9691208791208791,0.9912087912087912,14 substantive orderings within reply/pin group
primary,aqua_additional_knowledge_expected,full,hidden | unpinned,hidden,False,2556,0,14,0.9912087912087912,0.9692307692307692,0.9956043956043956,14 substantive orderings within reply/pin group
primary,aqua_additional_knowledge_expected,full,hidden | pinned,hidden,True,2556,0,14,0.9912087912087912,0.978021978021978,0.9956043956043956,14 substantive orderings within reply/pin group
primary,aqua_additional_knowledge_expected,top10,overall,,,2556,0,84,0.9921028652424826,0.9887617697681482,0.9948972360028349,all 84 substantive policy bundles
primary,aqua_additional_knowledge_expected,top10,loose | unpinned,loose,False,2556,0,14,0.9956043956043955,0.9912087912087912,1.0,14 substantive orderings within reply/pin group
primary,aqua_additional_knowledge_expected,top10,loose | pinned,loose,True,2556,0,14,1.0,0.9868131868131869,1.0,14 substantive orderings within reply/pin group
primary,aqua_additional_knowledge_expected,top10,trees | unpinned,trees,False,2556,0,14,0.9956043956043955,0.978021978021978,1.0,14 substantive orderings within reply/pin group
primary,aqua_additional_knowledge_expected,top10,trees | pinned,trees,True,2556,0,14,0.9956043956043955,0.9735164835164835,0.9956043956043956,14 substantive orderings within reply/pin group
primary,aqua_additional_knowledge_expected,top10,hidden | unpinned,hidden,False,2556,0,14,0.9956043956043955,0.9912087912087912,1.0,14 substantive orderings within reply/pin group
primary,aqua_additional_knowledge_expected,top10,hidden | pinned,hidden,True,2556,0,14,1.0,0.9912087912087912,1.0,14 substantive orderings within reply/pin group
primary,aqua_discrimination_expected,full,overall,,,2556,0,84,0.9187607573149742,0.9014867874860788,0.9313966791535891,all 84 substantive policy bundles
primary,aqua_discrimination_expected,full,loose | unpinned,loose,False,2556,0,14,0.9648351648351648,0.9560439560439561,0.9692307692307692,14 substantive orderings within reply/pin group
primary,aqua_discrimination_expected,full,loose | pinned,loose,True,2556,0,14,0.9780219780219781,0.9516483516483516,0.9824175824175824,14 substantive orderings within reply/pin group
primary,aqua_discrimination_expected,full,trees | unpinned,trees,False,2556,0,14,0.956043956043956,0.9384615384615385,0.9868131868131869,14 substantive orderings within reply/pin group
primary,aqua_discrimination_expected,full,trees | pinned,trees,True,2556,0,14,0.9956043956043955,0.9824175824175824,0.9956043956043956,14 substantive orderings within reply/pin group
primary,aqua_discrimination_expected,full,hidden | unpinned,hidden,False,2556,0,14,0.9780219780219781,0.9736263736263736,0.9956043956043956,14 substantive orderings within reply/pin group
primary,aqua_discrimination_expected,full,hidden | pinned,hidden,True,2556,0,14,1.0,0.9868131868131869,1.0,14 substantive orderings within reply/pin group
primary,aqua_discrimination_expected,top10,overall,,,2556,0,84,0.9936012959400627,0.9921428571428572,0.9976713576997064,all 84 substantive policy bundles
primary,aqua_discrimination_expected,top10,loose | unpinned,loose,False,2556,0,14,0.9912087912087912,0.9824175824175824,1.0,14 substantive orderings within reply/pin group
primary,aqua_discrimination_expected,top10,loose | pinned,loose,True,2556,0,14,0.9956043956043955,0.9648351648351648,1.0,14 substantive orderings within reply/pin group
primary,aqua_discrimination_expected,top10,trees | unpinned,trees,False,2556,0,14,0.9956043956043955,0.9692307692307692,1.0,14 substantive orderings within reply/pin group
primary,aqua_discrimination_expected,top10,trees | pinned,trees,True,2556,0,14,0.9956043956043955,0.9692307692307692,1.0,14 substantive orderings within reply/pin group
primary,aqua_discrimination_expected,top10,hidden | unpinned,hidden,False,2556,0,14,1.0,0.9868131868131869,1.0,14 substantive orderings within reply/pin group
primary,aqua_discrimination_expected,top10,hidden | pinned,hidden,True,2556,0,14,0.9956043956043955,0.978021978021978,1.0,14 substantive orderings within reply/pin group
primary,aqua_fact_expected,full,overall,,,2556,0,84,0.9592183861496406,0.9574972157537713,0.9642199048294017,all 84 substantive policy bundles
primary,aqua_fact_expected,full,loose | unpinned,loose,False,2556,0,14,0.9824175824175824,0.978021978021978,0.9912087912087912,14 substantive orderings within reply/pin group
primary,aqua_fact_expected,full,loose | pinned,loose,True,2556,0,14,0.9912087912087912,0.9912087912087912,0.9956043956043956,14 substantive orderings within reply/pin group
primary,aqua_fact_expected,full,trees | unpinned,trees,False,2556,0,14,1.0,0.9868131868131869,1.0,14 substantive orderings within reply/pin group
primary,aqua_fact_expected,full,trees | pinned,trees,True,2556,0,14,0.9956043956043955,0.9912087912087912,1.0,14 substantive orderings within reply/pin group
primary,aqua_fact_expected,full,hidden | unpinned,hidden,False,2556,0,14,1.0,0.9912087912087912,1.0,14 substantive orderings within reply/pin group
primary,aqua_fact_expected,full,hidden | pinned,hidden,True,2556,0,14,0.9956043956043955,0.9912087912087912,1.0,14 substantive orderings within reply/pin group
primary,aqua_fact_expected,top10,overall,,,2556,0,84,0.994451756606257,0.992811076237724,0.9960514326212413,all 84 substantive policy bundles
primary,aqua_fact_expected,top10,loose | unpinned,loose,False,2556,0,14,1.0,0.9912087912087912,1.0,14 substantive orderings within reply/pin group
primary,aqua_fact_expected,top10,loose | pinned,loose,True,2556,0,14,1.0,0.9912087912087912,1.0,14 substantive orderings within reply/pin group
primary,aqua_fact_expected,top10,trees | unpinned,trees,False,2556,0,14,0.9956043956043955,0.978021978021978,1.0,14 substantive orderings within reply/pin group
primary,aqua_fact_expected,top10,trees | pinned,trees,True,2556,0,14,0.9824175824175824,0.9736263736263736,1.0,14 substantive orderings within reply/pin group
primary,aqua_fact_expected,top10,hidden | unpinned,hidden,False,2556,0,14,1.0,0.9868131868131869,1.0,14 substantive orderings within reply/pin group
primary,aqua_fact_expected,top10,hidden | pinned,hidden,True,2556,0,14,0.9956043956043955,0.9868131868131869,1.0,14 substantive orderings within reply/pin group
primary,aqua_insult_expected,full,overall,,,2556,0,84,0.9464412270932471,0.9379568694947858,0.9542371165333603,all 84 substantive policy bundles
primary,aqua_insult_expected,full,loose | unpinned,loose,False,2556,0,14,0.7494505494505495,0.7274725274725274,0.8681318681318682,14 substantive orderings within reply/pin group
primary,aqua_insult_expected,full,loose | pinned,loose,True,2556,0,14,0.9076923076923077,0.8593406593406593,0.9252747252747253,14 substantive orderings within reply/pin group
primary,aqua_insult_expected,full,trees | unpinned,trees,False,2556,0,14,0.6879120879120879,0.6263736263736264,0.7846153846153846,14 substantive orderings within reply/pin group
primary,aqua_insult_expected,full,trees | pinned,trees,True,2556,0,14,0.8681318681318682,0.789010989010989,0.9252747252747253,14 substantive orderings within reply/pin group
primary,aqua_insult_expected,full,hidden | unpinned,hidden,False,2556,0,14,0.8505494505494505,0.8241758241758241,0.9164835164835164,14 substantive orderings within reply/pin group
primary,aqua_insult_expected,full,hidden | pinned,hidden,True,2556,0,14,0.9780219780219781,0.9604395604395605,0.9868131868131869,14 substantive orderings within reply/pin group
primary,aqua_insult_expected,top10,overall,,,2556,0,84,0.995848941986433,0.9932368127974082,0.9971448820492053,all 84 substantive policy bundles
primary,aqua_insult_expected,top10,loose | unpinned,loose,False,2556,0,14,0.9956043956043955,0.978021978021978,1.0,14 substantive orderings within reply/pin group
primary,aqua_insult_expected,top10,loose | pinned,loose,True,2556,0,14,1.0,0.9736263736263736,1.0,14 substantive orderings within reply/pin group
primary,aqua_insult_expected,top10,trees | unpinned,trees,False,2556,0,14,0.9604395604395607,0.9252747252747253,0.9956043956043956,14 substantive orderings within reply/pin group
primary,aqua_insult_expected,top10,trees | pinned,trees,True,2556,0,14,0.956043956043956,0.8989010989010989,0.9912087912087912,14 substantive orderings within reply/pin group
primary,aqua_insult_expected,top10,hidden | unpinned,hidden,False,2556,0,14,0.9956043956043955,0.978021978021978,1.0,14 substantive orderings within reply/pin group
primary,aqua_insult_expected,top10,hidden | pinned,hidden,True,2556,0,14,0.9912087912087912,0.9692307692307692,1.0,14 substantive orderings within reply/pin group
primary,aqua_justification_expected,full,overall,,,2556,0,84,0.9633086969727652,0.9591373898957173,0.9660635820593297,all 84 substantive policy bundles
primary,aqua_justification_expected,full,loose | unpinned,loose,False,2556,0,14,0.9780219780219781,0.978021978021978,0.978021978021978,14 substantive orderings within reply/pin group
primary,aqua_justification_expected,full,loose | pinned,loose,True,2556,0,14,0.9648351648351648,0.9560439560439561,0.9648351648351648,14 substantive orderings within reply/pin group
primary,aqua_justification_expected,full,trees | unpinned,trees,False,2556,0,14,0.9956043956043955,0.9868131868131869,0.9956043956043956,14 substantive orderings within reply/pin group
primary,aqua_justification_expected,full,trees | pinned,trees,True,2556,0,14,1.0,0.9912087912087912,1.0,14 substantive orderings within reply/pin group
primary,aqua_justification_expected,full,hidden | unpinned,hidden,False,2556,0,14,0.9956043956043955,0.9956043956043956,1.0,14 substantive orderings within reply/pin group
primary,aqua_justification_expected,full,hidden | pinned,hidden,True,2556,0,14,1.0,0.9956043956043956,1.0,14 substantive orderings within reply/pin group
primary,aqua_justification_expected,top10,overall,,,2556,0,84,0.9984205730484965,0.9964159157638959,0.9983400830211603,all 84 substantive policy bundles
primary,aqua_justification_expected,top10,loose | unpinned,loose,False,2556,0,14,0.9956043956043955,0.9824175824175824,1.0,14 substantive orderings within reply/pin group
primary,aqua_justification_expected,top10,loose | pinned,loose,True,2556,0,14,0.9956043956043955,0.9824175824175824,1.0,14 substantive orderings within reply/pin group
primary,aqua_justification_expected,top10,trees | unpinned,trees,False,2556,0,14,0.9956043956043955,0.9736263736263736,1.0,14 substantive orderings within reply/pin group
primary,aqua_justification_expected,top10,trees | pinned,trees,True,2556,0,14,1.0,0.9736263736263736,1.0,14 substantive orderings within reply/pin group
primary,aqua_justification_expected,top10,hidden | unpinned,hidden,False,2556,0,14,1.0,0.9824175824175824,1.0,14 substantive orderings within reply/pin group
primary,aqua_justification_expected,top10,hidden | pinned,hidden,True,2556,0,14,0.9912087912087912,0.9824175824175824,1.0,14 substantive orderings within reply/pin group
primary,aqua_opinion_expected,full,overall,,,2556,0,84,0.9043839222435963,0.8901275690999291,0.9133542573655968,all 84 substantive policy bundles
primary,aqua_opinion_expected,full,loose | unpinned,loose,False,2556,0,14,0.9648351648351648,0.9648351648351648,0.9648351648351648,14 substantive orderings within reply/pin group
primary,aqua_opinion_expected,full,loose | pinned,loose,True,2556,0,14,0.9824175824175824,0.9736263736263736,0.9824175824175824,14 substantive orderings within reply/pin group
primary,aqua_opinion_expected,full,trees | unpinned,trees,False,2556,0,14,0.9648351648351648,0.9604395604395605,0.9912087912087912,14 substantive orderings within reply/pin group
primary,aqua_opinion_expected,full,trees | pinned,trees,True,2556,0,14,0.9912087912087912,0.9868131868131869,0.9956043956043956,14 substantive orderings within reply/pin group
primary,aqua_opinion_expected,full,hidden | unpinned,hidden,False,2556,0,14,1.0,0.9912087912087912,1.0,14 substantive orderings within reply/pin group
primary,aqua_opinion_expected,full,hidden | pinned,hidden,True,2556,0,14,0.9956043956043955,0.9912087912087912,1.0,14 substantive orderings within reply/pin group
primary,aqua_opinion_expected,top10,overall,,,2556,0,84,0.9961324288751644,0.9944720056697378,0.9975498633188215,all 84 substantive policy bundles
primary,aqua_opinion_expected,top10,loose | unpinned,loose,False,2556,0,14,1.0,0.9912087912087912,1.0,14 substantive orderings within reply/pin group
primary,aqua_opinion_expected,top10,loose | pinned,loose,True,2556,0,14,0.9912087912087912,0.9868131868131869,1.0,14 substantive orderings within reply/pin group
primary,aqua_opinion_expected,top10,trees | unpinned,trees,False,2556,0,14,1.0,0.9824175824175824,1.0,14 substantive orderings within reply/pin group
primary,aqua_opinion_expected,top10,trees | pinned,trees,True,2556,0,14,0.9780219780219781,0.9692307692307692,1.0,14 substantive orderings within reply/pin group
primary,aqua_opinion_expected,top10,hidden | unpinned,hidden,False,2556,0,14,1.0,0.9912087912087912,1.0,14 substantive orderings within reply/pin group
primary,aqua_opinion_expected,top10,hidden | pinned,hidden,True,2556,0,14,0.9912087912087912,0.9868131868131869,1.0,14 substantive orderings within reply/pin group
primary,aqua_polite_address_expected,full,overall,,,2556,0,84,0.8209375316391617,0.7936787486078769,0.8466366305558368,all 84 substantive policy bundles
primary,aqua_polite_address_expected,full,loose | unpinned,loose,False,2556,0,14,0.956043956043956,0.9384615384615385,0.9692307692307692,14 substantive orderings within reply/pin group
primary,aqua_polite_address_expected,full,loose | pinned,loose,True,2556,0,14,0.9604395604395607,0.9472527472527472,0.9824175824175824,14 substantive orderings within reply/pin group
primary,aqua_polite_address_expected,full,trees | unpinned,trees,False,2556,0,14,0.8637362637362638,0.8285714285714286,0.8989010989010989,14 substantive orderings within reply/pin group
primary,aqua_polite_address_expected,full,trees | pinned,trees,True,2556,0,14,0.9164835164835166,0.8857142857142857,0.9472527472527472,14 substantive orderings within reply/pin group
primary,aqua_polite_address_expected,full,hidden | unpinned,hidden,False,2556,0,14,0.9384615384615385,0.8989010989010989,0.9472527472527472,14 substantive orderings within reply/pin group
primary,aqua_polite_address_expected,full,hidden | pinned,hidden,True,2556,0,14,0.9428571428571428,0.9384615384615385,0.9560439560439561,14 substantive orderings within reply/pin group
primary,aqua_polite_address_expected,top10,overall,,,2556,0,84,0.9702946238736458,0.9647053761263542,0.9777062873342107,all 84 substantive policy bundles
primary,aqua_polite_address_expected,top10,loose | unpinned,loose,False,2556,0,14,0.9912087912087912,0.9736263736263736,0.9956043956043956,14 substantive orderings within reply/pin group
primary,aqua_polite_address_expected,top10,loose | pinned,loose,True,2556,0,14,0.9780219780219781,0.9472527472527472,0.9956043956043956,14 substantive orderings within reply/pin group
primary,aqua_polite_address_expected,top10,trees | unpinned,trees,False,2556,0,14,0.9780219780219781,0.9604395604395605,0.9868131868131869,14 substantive orderings within reply/pin group
primary,aqua_polite_address_expected,top10,trees | pinned,trees,True,2556,0,14,0.9912087912087912,0.9340659340659341,0.9956043956043956,14 substantive orderings within reply/pin group
primary,aqua_polite_address_expected,top10,hidden | unpinned,hidden,False,2556,0,14,0.9868131868131869,0.9692307692307692,0.9912087912087912,14 substantive orderings within reply/pin group
primary,aqua_polite_address_expected,top10,hidden | pinned,hidden,True,2556,0,14,0.9604395604395607,0.9428571428571428,0.9912087912087912,14 substantive orderings within reply/pin group
primary,aqua_question_expected,full,overall,,,2556,0,84,0.8949883567884985,0.873584084236104,0.9097099321656373,all 84 substantive policy bundles
primary,aqua_question_expected,full,loose | unpinned,loose,False,2556,0,14,0.9428571428571428,0.9340659340659341,0.9516483516483516,14 substantive orderings within reply/pin group
primary,aqua_question_expected,full,loose | pinned,loose,True,2556,0,14,0.9252747252747253,0.9252747252747253,0.9340659340659341,14 substantive orderings within reply/pin group
primary,aqua_question_expected,full,trees | unpinned,trees,False,2556,0,14,0.9032967032967033,0.8593406593406593,0.978021978021978,14 substantive orderings within reply/pin group
primary,aqua_question_expected,full,trees | pinned,trees,True,2556,0,14,0.9824175824175824,0.9560439560439561,0.9956043956043956,14 substantive orderings within reply/pin group
primary,aqua_question_expected,full,hidden | unpinned,hidden,False,2556,0,14,0.9736263736263736,0.9472527472527472,0.9956043956043956,14 substantive orderings within reply/pin group
primary,aqua_question_expected,full,hidden | pinned,hidden,True,2556,0,14,0.9868131868131869,0.978021978021978,1.0,14 substantive orderings within reply/pin group
primary,aqua_question_expected,top10,overall,,,2556,0,84,0.9929533259086767,0.9813096081806216,0.9941885187810063,all 84 substantive policy bundles
primary,aqua_question_expected,top10,loose | unpinned,loose,False,2556,0,14,0.9956043956043955,0.9648351648351648,1.0,14 substantive orderings within reply/pin group
primary,aqua_question_expected,top10,loose | pinned,loose,True,2556,0,14,0.9956043956043955,0.9516483516483516,1.0,14 substantive orderings within reply/pin group
primary,aqua_question_expected,top10,trees | unpinned,trees,False,2556,0,14,0.9956043956043955,0.9428571428571428,1.0,14 substantive orderings within reply/pin group
primary,aqua_question_expected,top10,trees | pinned,trees,True,2556,0,14,0.9648351648351648,0.9340659340659341,0.9956043956043956,14 substantive orderings within reply/pin group
primary,aqua_question_expected,top10,hidden | unpinned,hidden,False,2556,0,14,0.9956043956043955,0.9692307692307692,1.0,14 substantive orderings within reply/pin group
primary,aqua_question_expected,top10,hidden | pinned,hidden,True,2556,0,14,0.9956043956043955,0.9516483516483516,1.0,14 substantive orderings within reply/pin group
primary,aqua_referencing_contents_expected,full,overall,,,2556,0,84,0.9519489723600284,0.9453006985926902,0.9575579629442138,all 84 substantive policy bundles
primary,aqua_referencing_contents_expected,full,loose | unpinned,loose,False,2556,0,14,0.956043956043956,0.9428571428571428,0.9692307692307692,14 substantive orderings within reply/pin group
primary,aqua_referencing_contents_expected,full,loose | pinned,loose,True,2556,0,14,0.9780219780219781,0.978021978021978,0.9912087912087912,14 substantive orderings within reply/pin group
primary,aqua_referencing_contents_expected,full,trees | unpinned,trees,False,2556,0,14,0.832967032967033,0.7230769230769231,0.9428571428571428,14 substantive orderings within reply/pin group
primary,aqua_referencing_contents_expected,full,trees | pinned,trees,True,2556,0,14,0.9692307692307693,0.8725274725274725,0.9868131868131869,14 substantive orderings within reply/pin group
primary,aqua_referencing_contents_expected,full,hidden | unpinned,hidden,False,2556,0,14,0.9472527472527472,0.8945054945054945,0.9912087912087912,14 substantive orderings within reply/pin group
primary,aqua_referencing_contents_expected,full,hidden | pinned,hidden,True,2556,0,14,0.9252747252747253,0.8681318681318682,0.9824175824175824,14 substantive orderings within reply/pin group
primary,aqua_referencing_contents_expected,top10,overall,,,2556,0,84,0.9961931760656069,0.9883962741723195,0.9961729270021261,all 84 substantive policy bundles
primary,aqua_referencing_contents_expected,top10,loose | unpinned,loose,False,2556,0,14,0.9780219780219781,0.9472527472527472,1.0,14 substantive orderings within reply/pin group
primary,aqua_referencing_contents_expected,top10,loose | pinned,loose,True,2556,0,14,0.9868131868131869,0.9032967032967033,1.0,14 substantive orderings within reply/pin group
primary,aqua_referencing_contents_expected,top10,trees | unpinned,trees,False,2556,0,14,0.9868131868131869,0.9296703296703297,1.0,14 substantive orderings within reply/pin group
primary,aqua_referencing_contents_expected,top10,trees | pinned,trees,True,2556,0,14,0.9736263736263736,0.832967032967033,0.9956043956043956,14 substantive orderings within reply/pin group
primary,aqua_referencing_contents_expected,top10,hidden | unpinned,hidden,False,2556,0,14,0.9956043956043955,0.9516483516483516,1.0,14 substantive orderings within reply/pin group
primary,aqua_referencing_contents_expected,top10,hidden | pinned,hidden,True,2556,0,14,0.9956043956043955,0.9472527472527472,1.0,14 substantive orderings within reply/pin group
primary,aqua_referencing_format_expected,full,overall,,,2556,0,84,0.9743849346967703,0.9714893186190139,0.9767338260605447,all 84 substantive policy bundles
primary,aqua_referencing_format_expected,full,loose | unpinned,loose,False,2556,0,14,0.9736263736263736,0.9428571428571428,0.9736263736263736,14 substantive orderings within reply/pin group
primary,aqua_referencing_format_expected,full,loose | pinned,loose,True,2556,0,14,0.9912087912087912,0.9868131868131869,0.9912087912087912,14 substantive orderings within reply/pin group
primary,aqua_referencing_format_expected,full,trees | unpinned,trees,False,2556,0,14,0.8945054945054945,0.8592307692307691,0.9428571428571428,14 substantive orderings within reply/pin group
primary,aqua_referencing_format_expected,full,trees | pinned,trees,True,2556,0,14,0.9296703296703297,0.9120879120879121,0.9736263736263736,14 substantive orderings within reply/pin group
primary,aqua_referencing_format_expected,full,hidden | unpinned,hidden,False,2556,0,14,0.9604395604395607,0.9208791208791208,0.9736263736263736,14 substantive orderings within reply/pin group
primary,aqua_referencing_format_expected,full,hidden | pinned,hidden,True,2556,0,14,0.9736263736263736,0.9692307692307692,0.9956043956043956,14 substantive orderings within reply/pin group
primary,aqua_referencing_format_expected,top10,overall,,,2556,0,84,0.9918598764807129,0.9893084944821302,0.9937025412574668,all 84 substantive policy bundles
primary,aqua_referencing_format_expected,top10,loose | unpinned,loose,False,2556,0,14,0.9956043956043955,0.9868131868131869,1.0,14 substantive orderings within reply/pin group
primary,aqua_referencing_format_expected,top10,loose | pinned,loose,True,2556,0,14,1.0,0.9868131868131869,1.0,14 substantive orderings within reply/pin group
primary,aqua_referencing_format_expected,top10,trees | unpinned,trees,False,2556,0,14,0.9824175824175824,0.9692307692307692,1.0,14 substantive orderings within reply/pin group
primary,aqua_referencing_format_expected,top10,trees | pinned,trees,True,2556,0,14,0.9516483516483516,0.8945054945054945,0.9868131868131869,14 substantive orderings within reply/pin group
primary,aqua_referencing_format_expected,top10,hidden | unpinned,hidden,False,2556,0,14,1.0,0.9868131868131869,1.0,14 substantive orderings within reply/pin group
primary,aqua_referencing_format_expected,top10,hidden | pinned,hidden,True,2556,0,14,1.0,0.978021978021978,1.0,14 substantive orderings within reply/pin group
primary,aqua_referencing_medium_expected,full,overall,,,2556,0,84,0.9433228713172016,0.9344330262225372,0.9500668219094868,all 84 substantive policy bundles
primary,aqua_referencing_medium_expected,full,loose | unpinned,loose,False,2556,0,14,0.8417582417582418,0.789010989010989,0.8813186813186813,14 substantive orderings within reply/pin group
primary,aqua_referencing_medium_expected,full,loose | pinned,loose,True,2556,0,14,0.9164835164835166,0.9075824175824175,0.9208791208791208,14 substantive orderings within reply/pin group
primary,aqua_referencing_medium_expected,full,trees | unpinned,trees,False,2556,0,14,0.9384615384615385,0.8945054945054945,0.9692307692307692,14 substantive orderings within reply/pin group
primary,aqua_referencing_medium_expected,full,trees | pinned,trees,True,2556,0,14,0.9428571428571428,0.9252747252747253,0.978021978021978,14 substantive orderings within reply/pin group
primary,aqua_referencing_medium_expected,full,hidden | unpinned,hidden,False,2556,0,14,0.9824175824175824,0.9648351648351648,0.9912087912087912,14 substantive orderings within reply/pin group
primary,aqua_referencing_medium_expected,full,hidden | pinned,hidden,True,2556,0,14,0.9912087912087912,0.9648351648351648,0.9956043956043956,14 substantive orderings within reply/pin group
primary,aqua_referencing_medium_expected,top10,overall,,,2556,0,84,0.9704768654449734,0.9566644730181229,0.9769773210489014,all 84 substantive policy bundles
primary,aqua_referencing_medium_expected,top10,loose | unpinned,loose,False,2556,0,14,0.9912087912087912,0.978021978021978,1.0,14 substantive orderings within reply/pin group
primary,aqua_referencing_medium_expected,top10,loose | pinned,loose,True,2556,0,14,0.9912087912087912,0.9692307692307692,1.0,14 substantive orderings within reply/pin group
primary,aqua_referencing_medium_expected,top10,trees | unpinned,trees,False,2556,0,14,0.9252747252747253,0.824065934065934,0.9692307692307692,14 substantive orderings within reply/pin group
primary,aqua_referencing_medium_expected,top10,trees | pinned,trees,True,2556,0,14,0.9340659340659341,0.8065934065934066,0.978021978021978,14 substantive orderings within reply/pin group
primary,aqua_referencing_medium_expected,top10,hidden | unpinned,hidden,False,2556,0,14,0.9956043956043955,0.9560439560439561,1.0,14 substantive orderings within reply/pin group
primary,aqua_referencing_medium_expected,top10,hidden | pinned,hidden,True,2556,0,14,0.9648351648351648,0.9296703296703297,0.9912087912087912,14 substantive orderings within reply/pin group
primary,aqua_referencing_personal_expected,full,overall,,,2556,0,84,0.9602510883871622,0.9443348182646553,0.9676637643009011,all 84 substantive policy bundles
primary,aqua_referencing_personal_expected,full,loose | unpinned,loose,False,2556,0,14,0.9340659340659341,0.9032967032967033,0.9560439560439561,14 substantive orderings within reply/pin group
primary,aqua_referencing_personal_expected,full,loose | pinned,loose,True,2556,0,14,0.9692307692307693,0.9340659340659341,0.9824175824175824,14 substantive orderings within reply/pin group
primary,aqua_referencing_personal_expected,full,trees | unpinned,trees,False,2556,0,14,0.8901098901098902,0.832967032967033,0.9560439560439561,14 substantive orderings within reply/pin group
primary,aqua_referencing_personal_expected,full,trees | pinned,trees,True,2556,0,14,0.9648351648351648,0.9296703296703297,0.9824175824175824,14 substantive orderings within reply/pin group
primary,aqua_referencing_personal_expected,full,hidden | unpinned,hidden,False,2556,0,14,0.9252747252747253,0.8593406593406593,0.978021978021978,14 substantive orderings within reply/pin group
primary,aqua_referencing_personal_expected,full,hidden | pinned,hidden,True,2556,0,14,0.9824175824175824,0.9648351648351648,0.9956043956043956,14 substantive orderings within reply/pin group
primary,aqua_referencing_personal_expected,top10,overall,,,2556,0,84,0.9881947959906854,0.9790219702338767,0.9907669332793357,all 84 substantive policy bundles
primary,aqua_referencing_personal_expected,top10,loose | unpinned,loose,False,2556,0,14,0.9824175824175824,0.9428571428571428,0.9956043956043956,14 substantive orderings within reply/pin group
primary,aqua_referencing_personal_expected,top10,loose | pinned,loose,True,2556,0,14,0.9736263736263736,0.9428571428571428,0.9956043956043956,14 substantive orderings within reply/pin group
primary,aqua_referencing_personal_expected,top10,trees | unpinned,trees,False,2556,0,14,1.0,0.9560439560439561,1.0,14 substantive orderings within reply/pin group
primary,aqua_referencing_personal_expected,top10,trees | pinned,trees,True,2556,0,14,1.0,0.9472527472527472,1.0,14 substantive orderings within reply/pin group
primary,aqua_referencing_personal_expected,top10,hidden | unpinned,hidden,False,2556,0,14,0.9824175824175824,0.9428571428571428,0.9956043956043956,14 substantive orderings within reply/pin group
primary,aqua_referencing_personal_expected,top10,hidden | pinned,hidden,True,2556,0,14,0.9868131868131869,0.9296703296703297,0.9956043956043956,14 substantive orderings within reply/pin group
primary,aqua_referencing_users_expected,full,overall,,,2556,0,84,0.9111876075731499,0.8943393743039384,0.9283805811481219,all 84 substantive policy bundles
primary,aqua_referencing_users_expected,full,loose | unpinned,loose,False,2556,0,14,0.6615384615384616,0.5647252747252747,0.7582417582417582,14 substantive orderings within reply/pin group
primary,aqua_referencing_users_expected,full,loose | pinned,loose,True,2556,0,14,0.8549450549450549,0.8549450549450549,0.8769230769230769,14 substantive orderings within reply/pin group
primary,aqua_referencing_users_expected,full,trees | unpinned,trees,False,2556,0,14,0.9516483516483516,0.9296703296703297,0.978021978021978,14 substantive orderings within reply/pin group
primary,aqua_referencing_users_expected,full,trees | pinned,trees,True,2556,0,14,0.9824175824175824,0.9472527472527472,0.9912087912087912,14 substantive orderings within reply/pin group
primary,aqua_referencing_users_expected,full,hidden | unpinned,hidden,False,2556,0,14,0.9692307692307693,0.9296703296703297,0.9868131868131869,14 substantive orderings within reply/pin group
primary,aqua_referencing_users_expected,full,hidden | pinned,hidden,True,2556,0,14,0.9692307692307693,0.9516483516483516,0.9868131868131869,14 substantive orderings within reply/pin group
primary,aqua_referencing_users_expected,top10,overall,,,2556,0,84,0.9630049610205527,0.9501862913840234,0.9714093348182646,all 84 substantive policy bundles
primary,aqua_referencing_users_expected,top10,loose | unpinned,loose,False,2556,0,14,1.0,0.9736263736263736,1.0,14 substantive orderings within reply/pin group
primary,aqua_referencing_users_expected,top10,loose | pinned,loose,True,2556,0,14,0.9604395604395607,0.9516483516483516,1.0,14 substantive orderings within reply/pin group
primary,aqua_referencing_users_expected,top10,trees | unpinned,trees,False,2556,0,14,0.9956043956043955,0.978021978021978,1.0,14 substantive orderings within reply/pin group
primary,aqua_referencing_users_expected,top10,trees | pinned,trees,True,2556,0,14,0.9956043956043955,0.9472527472527472,1.0,14 substantive orderings within reply/pin group
primary,aqua_referencing_users_expected,top10,hidden | unpinned,hidden,False,2556,0,14,0.9824175824175824,0.9692307692307692,1.0,14 substantive orderings within reply/pin group
primary,aqua_referencing_users_expected,top10,hidden | pinned,hidden,True,2556,0,14,0.9868131868131869,0.9516483516483516,1.0,14 substantive orderings within reply/pin group
primary,aqua_relevance_expected,full,overall,,,2556,0,84,0.8824946846208364,0.8728920724916472,0.8953538523843273,all 84 substantive policy bundles
primary,aqua_relevance_expected,full,loose | unpinned,loose,False,2556,0,14,0.9736263736263736,0.9692307692307692,0.9868131868131869,14 substantive orderings within reply/pin group
primary,aqua_relevance_expected,full,loose | pinned,loose,True,2556,0,14,0.9912087912087912,0.9912087912087912,0.9912087912087912,14 substantive orderings within reply/pin group
primary,aqua_relevance_expected,full,trees | unpinned,trees,False,2556,0,14,0.9956043956043955,0.978021978021978,0.9956043956043956,14 substantive orderings within reply/pin group
primary,aqua_relevance_expected,full,trees | pinned,trees,True,2556,0,14,0.9824175824175824,0.978021978021978,0.9956043956043956,14 substantive orderings within reply/pin group
primary,aqua_relevance_expected,full,hidden | unpinned,hidden,False,2556,0,14,0.9956043956043955,0.9912087912087912,1.0,14 substantive orderings within reply/pin group
primary,aqua_relevance_expected,full,hidden | pinned,hidden,True,2556,0,14,1.0,0.9868131868131869,1.0,14 substantive orderings within reply/pin group
primary,aqua_relevance_expected,top10,overall,,,2556,0,84,0.9949782322567582,0.9925483446390605,0.9972061354662346,all 84 substantive policy bundles
primary,aqua_relevance_expected,top10,loose | unpinned,loose,False,2556,0,14,0.9956043956043955,0.9824175824175824,1.0,14 substantive orderings within reply/pin group
primary,aqua_relevance_expected,top10,loose | pinned,loose,True,2556,0,14,1.0,0.9868131868131869,1.0,14 substantive orderings within reply/pin group
primary,aqua_relevance_expected,top10,trees | unpinned,trees,False,2556,0,14,1.0,0.9648351648351648,1.0,14 substantive orderings within reply/pin group
primary,aqua_relevance_expected,top10,trees | pinned,trees,True,2556,0,14,0.9912087912087912,0.9383516483516483,1.0,14 substantive orderings within reply/pin group
primary,aqua_relevance_expected,top10,hidden | unpinned,hidden,False,2556,0,14,0.9956043956043955,0.9868131868131869,1.0,14 substantive orderings within reply/pin group
primary,aqua_relevance_expected,top10,hidden | pinned,hidden,True,2556,0,14,1.0,0.9868131868131869,1.0,14 substantive orderings within reply/pin group
primary,aqua_respect_expected,full,overall,,,2556,0,84,0.7809456312645541,0.748059127265364,0.7997980155917789,all 84 substantive policy bundles
primary,aqua_respect_expected,full,loose | unpinned,loose,False,2556,0,14,0.8989010989010989,0.8593406593406593,0.9076923076923077,14 substantive orderings within reply/pin group
primary,aqua_respect_expected,full,loose | pinned,loose,True,2556,0,14,0.8857142857142857,0.8505494505494505,0.9076923076923077,14 substantive orderings within reply/pin group
primary,aqua_respect_expected,full,trees | unpinned,trees,False,2556,0,14,0.8769230769230769,0.832967032967033,0.9120879120879121,14 substantive orderings within reply/pin group
primary,aqua_respect_expected,full,trees | pinned,trees,True,2556,0,14,0.9648351648351648,0.9384615384615385,0.9736263736263736,14 substantive orderings within reply/pin group
primary,aqua_respect_expected,full,hidden | unpinned,hidden,False,2556,0,14,0.9736263736263736,0.9516483516483516,0.9912087912087912,14 substantive orderings within reply/pin group
primary,aqua_respect_expected,full,hidden | pinned,hidden,True,2556,0,14,0.9516483516483516,0.9340659340659341,0.9824175824175824,14 substantive orderings within reply/pin group
primary,aqua_respect_expected,top10,overall,,,2556,0,84,0.9949377341297965,0.9909279133340083,0.9962746785461172,all 84 substantive policy bundles
primary,aqua_respect_expected,top10,loose | unpinned,loose,False,2556,0,14,0.9780219780219781,0.9648351648351648,0.9956043956043956,14 substantive orderings within reply/pin group
primary,aqua_respect_expected,top10,loose | pinned,loose,True,2556,0,14,0.9956043956043955,0.9648351648351648,0.9956043956043956,14 substantive orderings within reply/pin group
primary,aqua_respect_expected,top10,trees | unpinned,trees,False,2556,0,14,0.9912087912087912,0.9691208791208791,1.0,14 substantive orderings within reply/pin group
primary,aqua_respect_expected,top10,trees | pinned,trees,True,2556,0,14,0.9868131868131869,0.9472527472527472,0.9956043956043956,14 substantive orderings within reply/pin group
primary,aqua_respect_expected,top10,hidden | unpinned,hidden,False,2556,0,14,0.9868131868131869,0.9648351648351648,0.9956043956043956,14 substantive orderings within reply/pin group
primary,aqua_respect_expected,top10,hidden | pinned,hidden,True,2556,0,14,0.9912087912087912,0.9648351648351648,0.9956043956043956,14 substantive orderings within reply/pin group
primary,aqua_sarcasm_expected,full,overall,,,2556,0,84,0.9285005568492457,0.9120522425837805,0.9384225979548446,all 84 substantive policy bundles
primary,aqua_sarcasm_expected,full,loose | unpinned,loose,False,2556,0,14,0.7274725274725276,0.6967032967032967,0.7714285714285715,14 substantive orderings within reply/pin group
primary,aqua_sarcasm_expected,full,loose | pinned,loose,True,2556,0,14,0.9032967032967033,0.8373626373626374,0.9472527472527472,14 substantive orderings within reply/pin group
primary,aqua_sarcasm_expected,full,trees | unpinned,trees,False,2556,0,14,0.9428571428571428,0.9032967032967033,0.9736263736263736,14 substantive orderings within reply/pin group
primary,aqua_sarcasm_expected,full,trees | pinned,trees,True,2556,0,14,0.9824175824175824,0.9516483516483516,0.9956043956043956,14 substantive orderings within reply/pin group
primary,aqua_sarcasm_expected,full,hidden | unpinned,hidden,False,2556,0,14,0.9780219780219781,0.9472527472527472,0.9912087912087912,14 substantive orderings within reply/pin group
primary,aqua_sarcasm_expected,full,hidden | pinned,hidden,True,2556,0,14,0.9824175824175824,0.9472527472527472,0.9912087912087912,14 substantive orderings within reply/pin group
primary,aqua_sarcasm_expected,top10,overall,,,2556,0,84,0.9756403766325807,0.9619925078465121,0.9849169788397287,all 84 substantive policy bundles
primary,aqua_sarcasm_expected,top10,loose | unpinned,loose,False,2556,0,14,0.9780219780219781,0.9604395604395605,0.9956043956043956,14 substantive orderings within reply/pin group
primary,aqua_sarcasm_expected,top10,loose | pinned,loose,True,2556,0,14,1.0,0.9691208791208791,1.0,14 substantive orderings within reply/pin group
primary,aqua_sarcasm_expected,top10,trees | unpinned,trees,False,2556,0,14,0.9824175824175824,0.9560439560439561,1.0,14 substantive orderings within reply/pin group
primary,aqua_sarcasm_expected,top10,trees | pinned,trees,True,2556,0,14,0.9912087912087912,0.9604395604395605,1.0,14 substantive orderings within reply/pin group
primary,aqua_sarcasm_expected,top10,hidden | unpinned,hidden,False,2556,0,14,0.9912087912087912,0.978021978021978,1.0,14 substantive orderings within reply/pin group
primary,aqua_sarcasm_expected,top10,hidden | pinned,hidden,True,2556,0,14,1.0,0.9868131868131869,1.0,14 substantive orderings within reply/pin group
primary,aqua_score_expected,full,overall,,,2556,0,84,0.9547230940568999,0.9499645641389086,0.9591384023488914,all 84 substantive policy bundles
primary,aqua_score_expected,full,loose | unpinned,loose,False,2556,0,14,0.9516483516483516,0.9296703296703297,0.9516483516483516,14 substantive orderings within reply/pin group
primary,aqua_score_expected,full,loose | pinned,loose,True,2556,0,14,0.9868131868131869,0.9824175824175824,0.9956043956043956,14 substantive orderings within reply/pin group
primary,aqua_score_expected,full,trees | unpinned,trees,False,2556,0,14,1.0,0.9956043956043956,1.0,14 substantive orderings within reply/pin group
primary,aqua_score_expected,full,trees | pinned,trees,True,2556,0,14,0.9956043956043955,0.9824175824175824,1.0,14 substantive orderings within reply/pin group
primary,aqua_score_expected,full,hidden | unpinned,hidden,False,2556,0,14,1.0,0.9912087912087912,1.0,14 substantive orderings within reply/pin group
primary,aqua_score_expected,full,hidden | pinned,hidden,True,2556,0,14,0.9956043956043955,0.9868131868131869,1.0,14 substantive orderings within reply/pin group
primary,aqua_score_expected,top10,overall,,,2556,0,84,0.9917181330363471,0.9892872329654753,0.9946947453680267,all 84 substantive policy bundles
primary,aqua_score_expected,top10,loose | unpinned,loose,False,2556,0,14,1.0,0.9912087912087912,1.0,14 substantive orderings within reply/pin group
primary,aqua_score_expected,top10,loose | pinned,loose,True,2556,0,14,0.9956043956043955,0.9912087912087912,1.0,14 substantive orderings within reply/pin group
primary,aqua_score_expected,top10,trees | unpinned,trees,False,2556,0,14,0.9956043956043955,0.9868131868131869,1.0,14 substantive orderings within reply/pin group
primary,aqua_score_expected,top10,trees | pinned,trees,True,2556,0,14,1.0,0.978021978021978,1.0,14 substantive orderings within reply/pin group
primary,aqua_score_expected,top10,hidden | unpinned,hidden,False,2556,0,14,1.0,0.9912087912087912,1.0,14 substantive orderings within reply/pin group
primary,aqua_score_expected,top10,hidden | pinned,hidden,True,2556,0,14,0.9956043956043955,0.9912087912087912,1.0,14 substantive orderings within reply/pin group
primary,aqua_screaming_expected,full,overall,,,2556,0,84,0.9073200364483143,0.8875554318112787,0.9289880530525463,all 84 substantive policy bundles
primary,aqua_screaming_expected,full,loose | unpinned,loose,False,2556,0,14,0.8285714285714285,0.789010989010989,0.9076923076923077,14 substantive orderings within reply/pin group
primary,aqua_screaming_expected,full,loose | pinned,loose,True,2556,0,14,0.9384615384615385,0.9120879120879121,0.9692307692307692,14 substantive orderings within reply/pin group
primary,aqua_screaming_expected,full,trees | unpinned,trees,False,2556,0,14,0.7582417582417583,0.6791208791208792,0.8593406593406593,14 substantive orderings within reply/pin group
primary,aqua_screaming_expected,full,trees | pinned,trees,True,2556,0,14,0.9208791208791209,0.8549450549450549,0.9692307692307692,14 substantive orderings within reply/pin group
primary,aqua_screaming_expected,full,hidden | unpinned,hidden,False,2556,0,14,0.8285714285714285,0.7758241758241758,0.9384615384615385,14 substantive orderings within reply/pin group
primary,aqua_screaming_expected,full,hidden | pinned,hidden,True,2556,0,14,0.9384615384615385,0.8989010989010989,0.978021978021978,14 substantive orderings within reply/pin group
primary,aqua_screaming_expected,top10,overall,,,2556,0,84,0.9752556444264453,0.9531411359724612,0.9815946137491142,all 84 substantive policy bundles
primary,aqua_screaming_expected,top10,loose | unpinned,loose,False,2556,0,14,0.9780219780219781,0.9252747252747253,0.9956043956043956,14 substantive orderings within reply/pin group
primary,aqua_screaming_expected,top10,loose | pinned,loose,True,2556,0,14,0.9428571428571428,0.8681318681318682,0.9912087912087912,14 substantive orderings within reply/pin group
primary,aqua_screaming_expected,top10,trees | unpinned,trees,False,2556,0,14,0.9824175824175824,0.9076923076923077,0.9912087912087912,14 substantive orderings within reply/pin group
primary,aqua_screaming_expected,top10,trees | pinned,trees,True,2556,0,14,0.9824175824175824,0.8725274725274725,0.9912087912087912,14 substantive orderings within reply/pin group
primary,aqua_screaming_expected,top10,hidden | unpinned,hidden,False,2556,0,14,0.8945054945054945,0.8549450549450549,0.9824175824175824,14 substantive orderings within reply/pin group
primary,aqua_screaming_expected,top10,hidden | pinned,hidden,True,2556,0,14,0.9692307692307693,0.8989010989010989,0.9912087912087912,14 substantive orderings within reply/pin group
primary,aqua_solution_proposal_expected,full,overall,,,2556,0,84,0.9214336336944416,0.9142649589956465,0.9336038270729978,all 84 substantive policy bundles
primary,aqua_solution_proposal_expected,full,loose | unpinned,loose,False,2556,0,14,0.9428571428571428,0.9340659340659341,0.9560439560439561,14 substantive orderings within reply/pin group
primary,aqua_solution_proposal_expected,full,loose | pinned,loose,True,2556,0,14,0.9824175824175824,0.978021978021978,0.9868131868131869,14 substantive orderings within reply/pin group
primary,aqua_solution_proposal_expected,full,trees | unpinned,trees,False,2556,0,14,0.9824175824175824,0.9692307692307692,0.9956043956043956,14 substantive orderings within reply/pin group
primary,aqua_solution_proposal_expected,full,trees | pinned,trees,True,2556,0,14,0.9692307692307693,0.9648351648351648,0.9824175824175824,14 substantive orderings within reply/pin group
primary,aqua_solution_proposal_expected,full,hidden | unpinned,hidden,False,2556,0,14,0.9824175824175824,0.9736263736263736,0.9956043956043956,14 substantive orderings within reply/pin group
primary,aqua_solution_proposal_expected,full,hidden | pinned,hidden,True,2556,0,14,0.9780219780219781,0.9692307692307692,0.9912087912087912,14 substantive orderings within reply/pin group
primary,aqua_solution_proposal_expected,top10,overall,,,2556,0,84,0.9926293408929838,0.9905436873544599,0.9936625493570922,all 84 substantive policy bundles
primary,aqua_solution_proposal_expected,top10,loose | unpinned,loose,False,2556,0,14,1.0,0.9956043956043956,1.0,14 substantive orderings within reply/pin group
primary,aqua_solution_proposal_expected,top10,loose | pinned,loose,True,2556,0,14,1.0,0.9956043956043956,1.0,14 substantive orderings within reply/pin group
primary,aqua_solution_proposal_expected,top10,trees | unpinned,trees,False,2556,0,14,1.0,0.9868131868131869,1.0,14 substantive orderings within reply/pin group
primary,aqua_solution_proposal_expected,top10,trees | pinned,trees,True,2556,0,14,0.9956043956043955,0.9824175824175824,1.0,14 substantive orderings within reply/pin group
primary,aqua_solution_proposal_expected,top10,hidden | unpinned,hidden,False,2556,0,14,1.0,1.0,1.0,14 substantive orderings within reply/pin group
primary,aqua_solution_proposal_expected,top10,hidden | pinned,hidden,True,2556,0,14,0.9868131868131869,0.9868131868131869,1.0,14 substantive orderings within reply/pin group
primary,aqua_storytelling_expected,full,overall,,,2556,0,84,0.8817252202085655,0.8672663764300901,0.8888366913030272,all 84 substantive policy bundles
primary,aqua_storytelling_expected,full,loose | unpinned,loose,False,2556,0,14,0.8769230769230769,0.8725274725274725,0.8945054945054945,14 substantive orderings within reply/pin group
primary,aqua_storytelling_expected,full,loose | pinned,loose,True,2556,0,14,0.9384615384615385,0.9384615384615385,0.9428571428571428,14 substantive orderings within reply/pin group
primary,aqua_storytelling_expected,full,trees | unpinned,trees,False,2556,0,14,0.9692307692307693,0.9560439560439561,0.978021978021978,14 substantive orderings within reply/pin group
primary,aqua_storytelling_expected,full,trees | pinned,trees,True,2556,0,14,0.9868131868131869,0.9648351648351648,0.9956043956043956,14 substantive orderings within reply/pin group
primary,aqua_storytelling_expected,full,hidden | unpinned,hidden,False,2556,0,14,0.9736263736263736,0.9692307692307692,0.9824175824175824,14 substantive orderings within reply/pin group
primary,aqua_storytelling_expected,full,hidden | pinned,hidden,True,2556,0,14,0.9780219780219781,0.9648351648351648,0.9868131868131869,14 substantive orderings within reply/pin group
primary,aqua_storytelling_expected,top10,overall,,,2556,0,84,0.9939050318922751,0.9886605244507441,0.9941682697175256,all 84 substantive policy bundles
primary,aqua_storytelling_expected,top10,loose | unpinned,loose,False,2556,0,14,0.9956043956043955,0.978021978021978,1.0,14 substantive orderings within reply/pin group
primary,aqua_storytelling_expected,top10,loose | pinned,loose,True,2556,0,14,0.9868131868131869,0.978021978021978,1.0,14 substantive orderings within reply/pin group
primary,aqua_storytelling_expected,top10,trees | unpinned,trees,False,2556,0,14,0.9868131868131869,0.9692307692307692,1.0,14 substantive orderings within reply/pin group
primary,aqua_storytelling_expected,top10,trees | pinned,trees,True,2556,0,14,0.9824175824175824,0.9472527472527472,1.0,14 substantive orderings within reply/pin group
primary,aqua_storytelling_expected,top10,hidden | unpinned,hidden,False,2556,0,14,1.0,0.9824175824175824,1.0,14 substantive orderings within reply/pin group
primary,aqua_storytelling_expected,top10,hidden | pinned,hidden,True,2556,0,14,1.0,0.9824175824175824,1.0,14 substantive orderings within reply/pin group
primary,aqua_vulgarity_expected,full,overall,,,2556,0,84,0.9731699908879213,0.9694846613344132,0.9764098410448516,all 84 substantive policy bundles
primary,aqua_vulgarity_expected,full,loose | unpinned,loose,False,2556,0,14,0.9692307692307693,0.9296703296703297,0.978021978021978,14 substantive orderings within reply/pin group
primary,aqua_vulgarity_expected,full,loose | pinned,loose,True,2556,0,14,0.9604395604395607,0.9604395604395605,0.9736263736263736,14 substantive orderings within reply/pin group
primary,aqua_vulgarity_expected,full,trees | unpinned,trees,False,2556,0,14,0.832967032967033,0.7670329670329671,0.8769230769230769,14 substantive orderings within reply/pin group
primary,aqua_vulgarity_expected,full,trees | pinned,trees,True,2556,0,14,0.8813186813186813,0.8505494505494505,0.9296703296703297,14 substantive orderings within reply/pin group
primary,aqua_vulgarity_expected,full,hidden | unpinned,hidden,False,2556,0,14,0.9692307692307693,0.9208791208791208,0.9824175824175824,14 substantive orderings within reply/pin group
primary,aqua_vulgarity_expected,full,hidden | pinned,hidden,True,2556,0,14,0.9824175824175824,0.9648351648351648,0.9956043956043956,14 substantive orderings within reply/pin group
primary,aqua_vulgarity_expected,top10,overall,,,2556,0,84,0.9895109851169384,0.9877285613040397,0.9960919307482029,all 84 substantive policy bundles
primary,aqua_vulgarity_expected,top10,loose | unpinned,loose,False,2556,0,14,1.0,0.978021978021978,1.0,14 substantive orderings within reply/pin group
primary,aqua_vulgarity_expected,top10,loose | pinned,loose,True,2556,0,14,0.9956043956043955,0.978021978021978,1.0,14 substantive orderings within reply/pin group
primary,aqua_vulgarity_expected,top10,trees | unpinned,trees,False,2556,0,14,1.0,0.9516483516483516,1.0,14 substantive orderings within reply/pin group
primary,aqua_vulgarity_expected,top10,trees | pinned,trees,True,2556,0,14,0.9516483516483516,0.8901098901098901,0.9913186813186807,14 substantive orderings within reply/pin group
primary,aqua_vulgarity_expected,top10,hidden | unpinned,hidden,False,2556,0,14,1.0,0.978021978021978,1.0,14 substantive orderings within reply/pin group
primary,aqua_vulgarity_expected,top10,hidden | pinned,hidden,True,2556,0,14,1.0,0.978021978021978,1.0,14 substantive orderings within reply/pin group
primary,article_similarity_top3,full,overall,,,2556,0,84,0.9751139009820795,0.9733517262326618,0.9769970638857953,all 84 substantive policy bundles
primary,article_similarity_top3,full,loose | unpinned,loose,False,2556,0,14,0.9956043956043955,0.9956043956043956,0.9956043956043956,14 substantive orderings within reply/pin group
primary,article_similarity_top3,full,loose | pinned,loose,True,2556,0,14,0.9956043956043955,0.9956043956043956,0.9956043956043956,14 substantive orderings within reply/pin group
primary,article_similarity_top3,full,trees | unpinned,trees,False,2556,0,14,0.9780219780219781,0.9516483516483516,0.9868131868131869,14 substantive orderings within reply/pin group
primary,article_similarity_top3,full,trees | pinned,trees,True,2556,0,14,0.9912087912087912,0.978021978021978,0.9956043956043956,14 substantive orderings within reply/pin group
primary,article_similarity_top3,full,hidden | unpinned,hidden,False,2556,0,14,0.9912087912087912,0.9824175824175824,0.9956043956043956,14 substantive orderings within reply/pin group
primary,article_similarity_top3,full,hidden | pinned,hidden,True,2556,0,14,0.9912087912087912,0.9868131868131869,0.9956043956043956,14 substantive orderings within reply/pin group
primary,article_similarity_top3,top10,overall,,,2556,0,84,0.9917788802267896,0.988680773514225,0.9934195605953224,all 84 substantive policy bundles
primary,article_similarity_top3,top10,loose | unpinned,loose,False,2556,0,14,0.9912087912087912,0.978021978021978,1.0,14 substantive orderings within reply/pin group
primary,article_similarity_top3,top10,loose | pinned,loose,True,2556,0,14,0.9956043956043955,0.978021978021978,1.0,14 substantive orderings within reply/pin group
primary,article_similarity_top3,top10,trees | unpinned,trees,False,2556,0,14,0.9956043956043955,0.978021978021978,1.0,14 substantive orderings within reply/pin group
primary,article_similarity_top3,top10,trees | pinned,trees,True,2556,0,14,0.9868131868131869,0.9648351648351648,0.9956043956043956,14 substantive orderings within reply/pin group
primary,article_similarity_top3,top10,hidden | unpinned,hidden,False,2556,0,14,0.9912087912087912,0.978021978021978,1.0,14 substantive orderings within reply/pin group
primary,article_similarity_top3,top10,hidden | pinned,hidden,True,2556,0,14,0.9956043956043955,0.978021978021978,1.0,14 substantive orderings within reply/pin group
primary,author_prior_30d_downvote_reception,full,overall,,,2556,0,84,0.9586514123721779,0.9539733724815228,0.9664478080388782,all 84 substantive policy bundles
primary,author_prior_30d_downvote_reception,full,loose | unpinned,loose,False,2556,0,14,0.9208791208791209,0.8549450549450549,0.9604395604395605,14 substantive orderings within reply/pin group
primary,author_prior_30d_downvote_reception,full,loose | pinned,loose,True,2556,0,14,0.9472527472527472,0.9252747252747253,0.9516483516483516,14 substantive orderings within reply/pin group
primary,author_prior_30d_downvote_reception,full,trees | unpinned,trees,False,2556,0,14,0.7230769230769231,0.6879120879120879,0.8813186813186813,14 substantive orderings within reply/pin group
primary,author_prior_30d_downvote_reception,full,trees | pinned,trees,True,2556,0,14,0.8901098901098902,0.8549450549450549,0.9604395604395605,14 substantive orderings within reply/pin group
primary,author_prior_30d_downvote_reception,full,hidden | unpinned,hidden,False,2556,0,14,0.832967032967033,0.810989010989011,0.9296703296703297,14 substantive orderings within reply/pin group
primary,author_prior_30d_downvote_reception,full,hidden | pinned,hidden,True,2556,0,14,0.9824175824175824,0.9384615384615385,0.9868131868131869,14 substantive orderings within reply/pin group
primary,author_prior_30d_downvote_reception,top10,overall,,,2556,0,84,0.9776247848537006,0.9687941682697175,0.9825655563430191,all 84 substantive policy bundles
primary,author_prior_30d_downvote_reception,top10,loose | unpinned,loose,False,2556,0,14,0.9604395604395607,0.9516483516483516,0.9956043956043956,14 substantive orderings within reply/pin group
primary,author_prior_30d_downvote_reception,top10,loose | pinned,loose,True,2556,0,14,0.9912087912087912,0.9648351648351648,1.0,14 substantive orderings within reply/pin group
primary,author_prior_30d_downvote_reception,top10,trees | unpinned,trees,False,2556,0,14,0.9780219780219781,0.9428571428571428,1.0,14 substantive orderings within reply/pin group
primary,author_prior_30d_downvote_reception,top10,trees | pinned,trees,True,2556,0,14,0.9912087912087912,0.9648351648351648,1.0,14 substantive orderings within reply/pin group
primary,author_prior_30d_downvote_reception,top10,hidden | unpinned,hidden,False,2556,0,14,0.9780219780219781,0.9516483516483516,0.9956043956043956,14 substantive orderings within reply/pin group
primary,author_prior_30d_downvote_reception,top10,hidden | pinned,hidden,True,2556,0,14,0.9868131868131869,0.9516483516483516,1.0,14 substantive orderings within reply/pin group
primary,author_prior_30d_reception_balance,full,overall,,,2556,0,84,0.7239647666295435,0.7026814822314468,0.7419869393540548,all 84 substantive policy bundles
primary,author_prior_30d_reception_balance,full,loose | unpinned,loose,False,2556,0,14,0.8241758241758241,0.6923076923076923,0.8461538461538461,14 substantive orderings within reply/pin group
primary,author_prior_30d_reception_balance,full,loose | pinned,loose,True,2556,0,14,0.9472527472527472,0.9076923076923077,0.9692307692307692,14 substantive orderings within reply/pin group
primary,author_prior_30d_reception_balance,full,trees | unpinned,trees,False,2556,0,14,0.8769230769230769,0.8241758241758241,0.9472527472527472,14 substantive orderings within reply/pin group
primary,author_prior_30d_reception_balance,full,trees | pinned,trees,True,2556,0,14,0.9516483516483516,0.8373626373626374,0.9736263736263736,14 substantive orderings within reply/pin group
primary,author_prior_30d_reception_balance,full,hidden | unpinned,hidden,False,2556,0,14,0.9516483516483516,0.9120879120879121,0.978021978021978,14 substantive orderings within reply/pin group
primary,author_prior_30d_reception_balance,full,hidden | pinned,hidden,True,2556,0,14,0.9516483516483516,0.9340659340659341,0.9692307692307692,14 substantive orderings within reply/pin group
primary,author_prior_30d_reception_balance,top10,overall,,,2556,0,84,0.9891870001012453,0.9843469677027438,0.9920623671155209,all 84 substantive policy bundles
primary,author_prior_30d_reception_balance,top10,loose | unpinned,loose,False,2556,0,14,0.9956043956043955,0.9956043956043956,1.0,14 substantive orderings within reply/pin group
primary,author_prior_30d_reception_balance,top10,loose | pinned,loose,True,2556,0,14,0.9956043956043955,0.978021978021978,1.0,14 substantive orderings within reply/pin group
primary,author_prior_30d_reception_balance,top10,trees | unpinned,trees,False,2556,0,14,0.9956043956043955,0.9824175824175824,1.0,14 substantive orderings within reply/pin group
primary,author_prior_30d_reception_balance,top10,trees | pinned,trees,True,2556,0,14,0.9956043956043955,0.9736263736263736,1.0,14 substantive orderings within reply/pin group
primary,author_prior_30d_reception_balance,top10,hidden | unpinned,hidden,False,2556,0,14,1.0,0.9956043956043956,1.0,14 substantive orderings within reply/pin group
primary,author_prior_30d_reception_balance,top10,hidden | pinned,hidden,True,2556,0,14,0.9956043956043955,0.978021978021978,1.0,14 substantive orderings within reply/pin group
primary,author_prior_30d_upvote_reception,full,overall,,,2556,0,84,0.9274071074212819,0.9184362660726941,0.9315986635618103,all 84 substantive policy bundles
primary,author_prior_30d_upvote_reception,full,loose | unpinned,loose,False,2556,0,14,0.8681318681318682,0.8417582417582418,0.8901098901098901,14 substantive orderings within reply/pin group
primary,author_prior_30d_upvote_reception,full,loose | pinned,loose,True,2556,0,14,0.9076923076923077,0.8857142857142857,0.9516483516483516,14 substantive orderings within reply/pin group
primary,author_prior_30d_upvote_reception,full,trees | unpinned,trees,False,2556,0,14,1.0,0.9692307692307692,1.0,14 substantive orderings within reply/pin group
primary,author_prior_30d_upvote_reception,full,trees | pinned,trees,True,2556,0,14,0.9868131868131869,0.9648351648351648,1.0,14 substantive orderings within reply/pin group
primary,author_prior_30d_upvote_reception,full,hidden | unpinned,hidden,False,2556,0,14,0.9956043956043955,0.9692307692307692,1.0,14 substantive orderings within reply/pin group
primary,author_prior_30d_upvote_reception,full,hidden | pinned,hidden,True,2556,0,14,1.0,0.9736263736263736,1.0,14 substantive orderings within reply/pin group
primary,author_prior_30d_upvote_reception,top10,overall,,,2556,0,84,0.9970638857952819,0.9937835375113901,0.9972866254935709,all 84 substantive policy bundles
primary,author_prior_30d_upvote_reception,top10,loose | unpinned,loose,False,2556,0,14,1.0,0.9824175824175824,1.0,14 substantive orderings within reply/pin group
primary,author_prior_30d_upvote_reception,top10,loose | pinned,loose,True,2556,0,14,0.9912087912087912,0.9692307692307692,1.0,14 substantive orderings within reply/pin group
primary,author_prior_30d_upvote_reception,top10,trees | unpinned,trees,False,2556,0,14,0.9956043956043955,0.978021978021978,1.0,14 substantive orderings within reply/pin group
primary,author_prior_30d_upvote_reception,top10,trees | pinned,trees,True,2556,0,14,0.9956043956043955,0.9648351648351648,1.0,14 substantive orderings within reply/pin group
primary,author_prior_30d_upvote_reception,top10,hidden | unpinned,hidden,False,2556,0,14,0.9912087912087912,0.9824175824175824,1.0,14 substantive orderings within reply/pin group
primary,author_prior_30d_upvote_reception,top10,hidden | pinned,hidden,True,2556,0,14,1.0,0.9779120879120878,1.0,14 substantive orderings within reply/pin group
primary,cttr,full,overall,,,2556,0,84,0.9598056089905843,0.9553503087982181,0.9613445378151261,all 84 substantive policy bundles
primary,cttr,full,loose | unpinned,loose,False,2556,0,14,0.9428571428571428,0.9384615384615385,0.9560439560439561,14 substantive orderings within reply/pin group
primary,cttr,full,loose | pinned,loose,True,2556,0,14,0.9736263736263736,0.9648351648351648,0.9868131868131869,14 substantive orderings within reply/pin group
primary,cttr,full,trees | unpinned,trees,False,2556,0,14,0.9868131868131869,0.9648351648351648,0.9956043956043956,14 substantive orderings within reply/pin group
primary,cttr,full,trees | pinned,trees,True,2556,0,14,0.9692307692307693,0.9648351648351648,0.9956043956043956,14 substantive orderings within reply/pin group
primary,cttr,full,hidden | unpinned,hidden,False,2556,0,14,0.9956043956043955,0.9824175824175824,1.0,14 substantive orderings within reply/pin group
primary,cttr,full,hidden | pinned,hidden,True,2556,0,14,0.9824175824175824,0.978021978021978,0.9956043956043956,14 substantive orderings within reply/pin group
primary,cttr,top10,overall,,,2556,0,84,0.9960109344942797,0.9941682697175256,0.9969221423509163,all 84 substantive policy bundles
primary,cttr,top10,loose | unpinned,loose,False,2556,0,14,0.9956043956043955,0.9956043956043956,1.0,14 substantive orderings within reply/pin group
primary,cttr,top10,loose | pinned,loose,True,2556,0,14,1.0,0.9956043956043956,1.0,14 substantive orderings within reply/pin group
primary,cttr,top10,trees | unpinned,trees,False,2556,0,14,0.9956043956043955,0.9868131868131869,1.0,14 substantive orderings within reply/pin group
primary,cttr,top10,trees | pinned,trees,True,2556,0,14,1.0,0.9824175824175824,1.0,14 substantive orderings within reply/pin group
primary,cttr,top10,hidden | unpinned,hidden,False,2556,0,14,1.0,0.9956043956043956,1.0,14 substantive orderings within reply/pin group
primary,cttr,top10,hidden | pinned,hidden,True,2556,0,14,1.0,0.9956043956043956,1.0,14 substantive orderings within reply/pin group
primary,discussion_pace,full,overall,,,2556,0,84,0.36075731497418245,0.34581097499240665,0.3797959906854308,all 84 substantive policy bundles
primary,discussion_pace,full,loose | unpinned,loose,False,2556,0,14,-0.054945054945054944,-0.07692307692307693,-0.010659340659342459,14 substantive orderings within reply/pin group
primary,discussion_pace,full,loose | pinned,loose,True,2556,0,14,0.21318681318681318,0.1824175824175824,0.3142857142857143,14 substantive orderings within reply/pin group
primary,discussion_pace,full,trees | unpinned,trees,False,2556,0,14,0.38461538461538464,0.31868131868131866,0.42417582417582417,14 substantive orderings within reply/pin group
primary,discussion_pace,full,trees | pinned,trees,True,2556,0,14,0.5208791208791209,0.5208791208791209,0.6395604395604395,14 substantive orderings within reply/pin group
primary,discussion_pace,full,hidden | unpinned,hidden,False,2556,0,14,0.5076923076923077,0.5032967032967033,0.5648351648351648,14 substantive orderings within reply/pin group
primary,discussion_pace,full,hidden | pinned,hidden,True,2556,0,14,0.5868131868131868,0.512087912087912,0.6703296703296703,14 substantive orderings within reply/pin group
primary,discussion_pace,top10,overall,,,2556,0,84,0.9309101954034628,0.9238230231851777,0.93532449124228,all 84 substantive policy bundles
primary,discussion_pace,top10,loose | unpinned,loose,False,2556,0,14,0.9956043956043955,0.9956043956043956,0.9956043956043956,14 substantive orderings within reply/pin group
primary,discussion_pace,top10,loose | pinned,loose,True,2556,0,14,0.9868131868131869,0.9868131868131869,0.9956043956043956,14 substantive orderings within reply/pin group
primary,discussion_pace,top10,trees | unpinned,trees,False,2556,0,14,1.0,0.9912087912087912,1.0,14 substantive orderings within reply/pin group
primary,discussion_pace,top10,trees | pinned,trees,True,2556,0,14,0.9956043956043955,0.9868131868131869,0.9956043956043956,14 substantive orderings within reply/pin group
primary,discussion_pace,top10,hidden | unpinned,hidden,False,2556,0,14,0.9912087912087912,0.9824175824175824,0.9956043956043956,14 substantive orderings within reply/pin group
primary,discussion_pace,top10,hidden | pinned,hidden,True,2556,0,14,0.9956043956043955,0.9868131868131869,0.9956043956043956,14 substantive orderings within reply/pin group
primary,is_reply,full,overall,,,2556,0,84,0.9939050318922751,0.9930748202895616,0.994674496304546,all 84 substantive policy bundles
primary,is_reply,full,loose | unpinned,loose,False,2556,0,14,0.9956043956043955,0.9912087912087912,0.9956043956043956,14 substantive orderings within reply/pin group
primary,is_reply,full,loose | pinned,loose,True,2556,0,14,0.9956043956043955,0.9912087912087912,1.0,14 substantive orderings within reply/pin group
primary,is_reply,full,trees | unpinned,trees,False,2556,0,14,0.45054945054945056,0.3934065934065934,0.5560439560439561,14 substantive orderings within reply/pin group
primary,is_reply,full,trees | pinned,trees,True,2556,0,14,0.6131868131868132,0.5164835164835165,0.6748351648351643,14 substantive orderings within reply/pin group
primary,is_reply,full,hidden | unpinned,hidden,False,2556,0,14,1.0,0.9912087912087912,1.0,14 substantive orderings within reply/pin group
primary,is_reply,full,hidden | pinned,hidden,True,2556,0,14,1.0,0.9912087912087912,1.0,14 substantive orderings within reply/pin group
primary,is_reply,top10,overall,,,2556,0,84,0.9939655346981757,0.9905374111430217,0.9976096642412401,all 84 substantive policy bundles
primary,is_reply,top10,loose | unpinned,loose,False,2556,0,14,1.0,0.9824175824175824,1.0,14 substantive orderings within reply/pin group
primary,is_reply,top10,loose | pinned,loose,True,2556,0,14,0.9824175824175824,0.9692307692307692,0.9956043956043956,14 substantive orderings within reply/pin group
primary,is_reply,top10,trees | unpinned,trees,False,2556,0,14,0.9252747252747253,0.8637362637362638,0.9912087912087912,14 substantive orderings within reply/pin group
primary,is_reply,top10,trees | pinned,trees,True,2556,0,14,0.9780219780219781,0.8989010989010989,0.9956043956043956,14 substantive orderings within reply/pin group
primary,is_reply,top10,hidden | unpinned,hidden,False,2556,0,14,1.0,0.9867549668874173,1.0,14 substantive orderings within reply/pin group
primary,is_reply,top10,hidden | pinned,hidden,True,2556,0,14,1.0,0.9816091954022989,1.0,14 substantive orderings within reply/pin group
primary,lexdiv_length_adjusted,full,overall,,,2556,0,84,0.8899058418548141,0.8583957679457325,0.9018958185683913,all 84 substantive policy bundles
primary,lexdiv_length_adjusted,full,loose | unpinned,loose,False,2556,0,14,0.6307692307692307,0.512087912087912,0.6615384615384615,14 substantive orderings within reply/pin group
primary,lexdiv_length_adjusted,full,loose | pinned,loose,True,2556,0,14,0.9208791208791209,0.8284615384615385,0.9472527472527472,14 substantive orderings within reply/pin group
primary,lexdiv_length_adjusted,full,trees | unpinned,trees,False,2556,0,14,0.5120879120879122,0.33175824175824176,0.6659340659340659,14 substantive orderings within reply/pin group
primary,lexdiv_length_adjusted,full,trees | pinned,trees,True,2556,0,14,0.49890109890109896,0.33186813186813185,0.6923076923076923,14 substantive orderings within reply/pin group
primary,lexdiv_length_adjusted,full,hidden | unpinned,hidden,False,2556,0,14,0.7230769230769231,0.6307692307692307,0.8197802197802198,14 substantive orderings within reply/pin group
primary,lexdiv_length_adjusted,full,hidden | pinned,hidden,True,2556,0,14,0.9032967032967033,0.8021978021978022,0.9428571428571428,14 substantive orderings within reply/pin group
primary,lexdiv_length_adjusted,top10,overall,,,2556,0,84,0.982363065708211,0.9755978535992711,0.9913344132833857,all 84 substantive policy bundles
primary,lexdiv_length_adjusted,top10,loose | unpinned,loose,False,2556,0,14,1.0,0.9560439560439561,1.0,14 substantive orderings within reply/pin group
primary,lexdiv_length_adjusted,top10,loose | pinned,loose,True,2556,0,14,0.9824175824175824,0.9164835164835164,0.9956043956043956,14 substantive orderings within reply/pin group
primary,lexdiv_length_adjusted,top10,trees | unpinned,trees,False,2556,0,14,0.9032967032967033,0.8769230769230769,0.9912087912087912,14 substantive orderings within reply/pin group
primary,lexdiv_length_adjusted,top10,trees | pinned,trees,True,2556,0,14,0.9780219780219781,0.8945054945054945,0.9956043956043956,14 substantive orderings within reply/pin group
primary,lexdiv_length_adjusted,top10,hidden | unpinned,hidden,False,2556,0,14,0.9648351648351648,0.9560439560439561,1.0,14 substantive orderings within reply/pin group
primary,lexdiv_length_adjusted,top10,hidden | pinned,hidden,True,2556,0,14,0.9780219780219781,0.9032967032967033,0.9956043956043956,14 substantive orderings within reply/pin group
primary,log_author_prior_30d_comments,full,overall,,,2556,0,84,0.867085147311937,0.848334008302116,0.8850870709729675,all 84 substantive policy bundles
primary,log_author_prior_30d_comments,full,loose | unpinned,loose,False,2556,0,14,0.5428571428571429,0.4901098901098901,0.7362637362637363,14 substantive orderings within reply/pin group
primary,log_author_prior_30d_comments,full,loose | pinned,loose,True,2556,0,14,0.8505494505494505,0.8153846153846154,0.9076923076923077,14 substantive orderings within reply/pin group
primary,log_author_prior_30d_comments,full,trees | unpinned,trees,False,2556,0,14,0.9252747252747253,0.8461538461538461,0.9560439560439561,14 substantive orderings within reply/pin group
primary,log_author_prior_30d_comments,full,trees | pinned,trees,True,2556,0,14,0.9384615384615385,0.9076923076923077,0.9736263736263736,14 substantive orderings within reply/pin group
primary,log_author_prior_30d_comments,full,hidden | unpinned,hidden,False,2556,0,14,0.9120879120879121,0.8813186813186813,0.9781318681318675,14 substantive orderings within reply/pin group
primary,log_author_prior_30d_comments,full,hidden | pinned,hidden,True,2556,0,14,0.9780219780219781,0.9164835164835164,0.9912087912087912,14 substantive orderings within reply/pin group
primary,log_author_prior_30d_comments,top10,overall,,,2556,0,84,0.9791029664877999,0.9730884884074112,0.9916589045256657,all 84 substantive policy bundles
primary,log_author_prior_30d_comments,top10,loose | unpinned,loose,False,2556,0,14,0.9692307692307693,0.9251648351648352,1.0,14 substantive orderings within reply/pin group
primary,log_author_prior_30d_comments,top10,loose | pinned,loose,True,2556,0,14,0.9956043956043955,0.9516483516483516,1.0,14 substantive orderings within reply/pin group
primary,log_author_prior_30d_comments,top10,trees | unpinned,trees,False,2556,0,14,0.9912087912087912,0.9604395604395605,1.0,14 substantive orderings within reply/pin group
primary,log_author_prior_30d_comments,top10,trees | pinned,trees,True,2556,0,14,0.9736263736263736,0.8769230769230769,0.9956043956043956,14 substantive orderings within reply/pin group
primary,log_author_prior_30d_comments,top10,hidden | unpinned,hidden,False,2556,0,14,0.9824175824175824,0.9428571428571428,1.0,14 substantive orderings within reply/pin group
primary,log_author_prior_30d_comments,top10,hidden | pinned,hidden,True,2556,0,14,0.9824175824175824,0.9032967032967033,1.0,14 substantive orderings within reply/pin group
primary,log_author_prior_comments_story,full,overall,,,2553,3,84,0.9882555431811278,0.9865748709122203,0.9889845094664371,all 84 substantive policy bundles
primary,log_author_prior_comments_story,full,loose | unpinned,loose,False,2553,3,14,0.9780219780219781,0.9604395604395605,0.9912087912087912,14 substantive orderings within reply/pin group
primary,log_author_prior_comments_story,full,loose | pinned,loose,True,2553,3,14,0.9604395604395607,0.9296703296703297,0.9868131868131869,14 substantive orderings within reply/pin group
primary,log_author_prior_comments_story,full,trees | unpinned,trees,False,2553,3,14,0.8549450549450549,0.832967032967033,0.9472527472527472,14 substantive orderings within reply/pin group
primary,log_author_prior_comments_story,full,trees | pinned,trees,True,2553,3,14,0.9120879120879121,0.8945054945054945,0.9692307692307692,14 substantive orderings within reply/pin group
primary,log_author_prior_comments_story,full,hidden | unpinned,hidden,False,2553,3,14,0.9472527472527472,0.9120879120879121,0.9561538461538456,14 substantive orderings within reply/pin group
primary,log_author_prior_comments_story,full,hidden | pinned,hidden,True,2553,3,14,0.8593406593406594,0.8373626373626374,0.9076923076923077,14 substantive orderings within reply/pin group
primary,log_author_prior_comments_story,top10,overall,,,2553,3,84,0.99378353751139,0.9915961324288752,0.9952824744355573,all 84 substantive policy bundles
primary,log_author_prior_comments_story,top10,loose | unpinned,loose,False,2553,3,14,0.9824175824175824,0.9516483516483516,0.9912087912087912,14 substantive orderings within reply/pin group
primary,log_author_prior_comments_story,top10,loose | pinned,loose,True,2553,3,14,0.9912087912087912,0.9560439560439561,1.0,14 substantive orderings within reply/pin group
primary,log_author_prior_comments_story,top10,trees | unpinned,trees,False,2553,3,14,0.9956043956043955,0.9604395604395605,1.0,14 substantive orderings within reply/pin group
primary,log_author_prior_comments_story,top10,trees | pinned,trees,True,2553,3,14,0.9648351648351648,0.9076923076923077,0.9956043956043956,14 substantive orderings within reply/pin group
primary,log_author_prior_comments_story,top10,hidden | unpinned,hidden,False,2553,3,14,1.0,0.9824175824175824,1.0,14 substantive orderings within reply/pin group
primary,log_author_prior_comments_story,top10,hidden | pinned,hidden,True,2553,3,14,0.9956043956043955,0.9824175824175824,1.0,14 substantive orderings within reply/pin group
primary,log_hours_since_article,full,overall,,,2556,0,84,0.6747797914346462,0.6705882352941176,0.6811587526576895,all 84 substantive policy bundles
primary,log_hours_since_article,full,loose | unpinned,loose,False,2556,0,14,0.9824175824175824,0.978021978021978,0.9824175824175824,14 substantive orderings within reply/pin group
primary,log_hours_since_article,full,loose | pinned,loose,True,2556,0,14,0.9868131868131869,0.9868131868131869,0.9868131868131869,14 substantive orderings within reply/pin group
primary,log_hours_since_article,full,trees | unpinned,trees,False,2556,0,14,0.9340659340659341,0.9340659340659341,0.9604395604395605,14 substantive orderings within reply/pin group
primary,log_hours_since_article,full,trees | pinned,trees,True,2556,0,14,0.9692307692307693,0.9516483516483516,0.9692307692307692,14 substantive orderings within reply/pin group
primary,log_hours_since_article,full,hidden | unpinned,hidden,False,2556,0,14,0.9736263736263736,0.9692307692307692,0.9868131868131869,14 substantive orderings within reply/pin group
primary,log_hours_since_article,full,hidden | pinned,hidden,True,2556,0,14,0.9824175824175824,0.9824175824175824,0.9912087912087912,14 substantive orderings within reply/pin group
primary,log_hours_since_article,top10,overall,,,2556,0,84,0.9824035638351727,0.9773407917383822,0.9840442442037055,all 84 substantive policy bundles
primary,log_hours_since_article,top10,loose | unpinned,loose,False,2556,0,14,0.9956043956043955,0.9912087912087912,0.9956043956043956,14 substantive orderings within reply/pin group
primary,log_hours_since_article,top10,loose | pinned,loose,True,2556,0,14,0.9956043956043955,0.9868131868131869,1.0,14 substantive orderings within reply/pin group
primary,log_hours_since_article,top10,trees | unpinned,trees,False,2556,0,14,0.9912087912087912,0.9824175824175824,1.0,14 substantive orderings within reply/pin group
primary,log_hours_since_article,top10,trees | pinned,trees,True,2556,0,14,0.9956043956043955,0.9868131868131869,1.0,14 substantive orderings within reply/pin group
primary,log_hours_since_article,top10,hidden | unpinned,hidden,False,2556,0,14,0.9956043956043955,0.9824175824175824,0.9956043956043956,14 substantive orderings within reply/pin group
primary,log_hours_since_article,top10,hidden | pinned,hidden,True,2556,0,14,0.9956043956043955,0.9824175824175824,1.0,14 substantive orderings within reply/pin group
primary,log_words,full,overall,,,2556,0,84,0.9615065303229726,0.9581649286220513,0.9636939354054874,all 84 substantive policy bundles
primary,log_words,full,loose | unpinned,loose,False,2556,0,14,0.9384615384615385,0.9384615384615385,0.9560439560439561,14 substantive orderings within reply/pin group
primary,log_words,full,loose | pinned,loose,True,2556,0,14,0.9912087912087912,0.9868131868131869,0.9912087912087912,14 substantive orderings within reply/pin group
primary,log_words,full,trees | unpinned,trees,False,2556,0,14,0.9956043956043955,0.978021978021978,1.0,14 substantive orderings within reply/pin group
primary,log_words,full,trees | pinned,trees,True,2556,0,14,0.9956043956043955,0.9736263736263736,0.9956043956043956,14 substantive orderings within reply/pin group
primary,log_words,full,hidden | unpinned,hidden,False,2556,0,14,1.0,0.9956043956043956,1.0,14 substantive orderings within reply/pin group
primary,log_words,full,hidden | pinned,hidden,True,2556,0,14,1.0,0.9912087912087912,1.0,14 substantive orderings within reply/pin group
primary,log_words,top10,overall,,,2556,0,84,0.9962336741925686,0.9946942391414397,0.9975296142553407,all 84 substantive policy bundles
primary,log_words,top10,loose | unpinned,loose,False,2556,0,14,1.0,0.9956043956043956,1.0,14 substantive orderings within reply/pin group
primary,log_words,top10,loose | pinned,loose,True,2556,0,14,1.0,0.9956043956043956,1.0,14 substantive orderings within reply/pin group
primary,log_words,top10,trees | unpinned,trees,False,2556,0,14,1.0,0.9824175824175824,1.0,14 substantive orderings within reply/pin group
primary,log_words,top10,trees | pinned,trees,True,2556,0,14,0.9868131868131869,0.978021978021978,1.0,14 substantive orderings within reply/pin group
primary,log_words,top10,hidden | unpinned,hidden,False,2556,0,14,0.9956043956043955,0.9956043956043956,1.0,14 substantive orderings within reply/pin group
primary,log_words,top10,hidden | pinned,hidden,True,2556,0,14,1.0,0.9956043956043956,1.0,14 substantive orderings within reply/pin group
primary,novelty_prior_all_model,full,overall,,,2556,0,84,0.720097195504708,0.6875539131315177,0.7452586817859674,all 84 substantive policy bundles
primary,novelty_prior_all_model,full,loose | unpinned,loose,False,2556,0,14,0.8197802197802198,0.7626373626373626,0.8197802197802198,14 substantive orderings within reply/pin group
primary,novelty_prior_all_model,full,loose | pinned,loose,True,2556,0,14,0.9296703296703297,0.8989010989010989,0.9516483516483516,14 substantive orderings within reply/pin group
primary,novelty_prior_all_model,full,trees | unpinned,trees,False,2556,0,14,0.8241758241758241,0.8197802197802198,0.9032967032967033,14 substantive orderings within reply/pin group
primary,novelty_prior_all_model,full,trees | pinned,trees,True,2556,0,14,0.9252747252747253,0.8725274725274725,0.9472527472527472,14 substantive orderings within reply/pin group
primary,novelty_prior_all_model,full,hidden | unpinned,hidden,False,2556,0,14,0.9252747252747253,0.9032967032967033,0.9296703296703297,14 substantive orderings within reply/pin group
primary,novelty_prior_all_model,full,hidden | pinned,hidden,True,2556,0,14,0.9824175824175824,0.9648351648351648,0.9868131868131869,14 substantive orderings within reply/pin group
primary,novelty_prior_all_model,top10,overall,,,2556,0,84,0.9811076237724006,0.9723397792852081,0.9875068340589247,all 84 substantive policy bundles
primary,novelty_prior_all_model,top10,loose | unpinned,loose,False,2556,0,14,0.9428571428571428,0.9252747252747253,0.9956043956043956,14 substantive orderings within reply/pin group
primary,novelty_prior_all_model,top10,loose | pinned,loose,True,2556,0,14,0.9428571428571428,0.9252747252747253,0.9912087912087912,14 substantive orderings within reply/pin group
primary,novelty_prior_all_model,top10,trees | unpinned,trees,False,2556,0,14,1.0,0.9824175824175824,1.0,14 substantive orderings within reply/pin group
primary,novelty_prior_all_model,top10,trees | pinned,trees,True,2556,0,14,0.9956043956043955,0.9472527472527472,0.9956043956043956,14 substantive orderings within reply/pin group
primary,novelty_prior_all_model,top10,hidden | unpinned,hidden,False,2556,0,14,0.9208791208791209,0.9120879120879121,0.9956043956043956,14 substantive orderings within reply/pin group
primary,novelty_prior_all_model,top10,hidden | pinned,hidden,True,2556,0,14,0.9604395604395607,0.9296703296703297,0.9824175824175824,14 substantive orderings within reply/pin group
primary,prior_reply_composition,full,overall,,,2556,0,84,0.622213222638453,0.6144568188721271,0.6303330970942594,all 84 substantive policy bundles
primary,prior_reply_composition,full,loose | unpinned,loose,False,2556,0,14,0.8901098901098902,0.8857142857142857,0.8901098901098901,14 substantive orderings within reply/pin group
primary,prior_reply_composition,full,loose | pinned,loose,True,2556,0,14,0.956043956043956,0.9340659340659341,0.9560439560439561,14 substantive orderings within reply/pin group
primary,prior_reply_composition,full,trees | unpinned,trees,False,2556,0,14,0.9076923076923077,0.8593406593406593,0.9340659340659341,14 substantive orderings within reply/pin group
primary,prior_reply_composition,full,trees | pinned,trees,True,2556,0,14,0.9912087912087912,0.9824175824175824,0.9956043956043956,14 substantive orderings within reply/pin group
primary,prior_reply_composition,full,hidden | unpinned,hidden,False,2556,0,14,0.9208791208791209,0.8989010989010989,0.9516483516483516,14 substantive orderings within reply/pin group
primary,prior_reply_composition,full,hidden | pinned,hidden,True,2556,0,14,0.9956043956043955,0.9868131868131869,0.9956043956043956,14 substantive orderings within reply/pin group
primary,prior_reply_composition,top10,overall,,,2556,0,84,0.9566467550875771,0.9474739293307685,0.961668522830819,all 84 substantive policy bundles
primary,prior_reply_composition,top10,loose | unpinned,loose,False,2556,0,14,0.9780219780219781,0.9604395604395605,0.9868131868131869,14 substantive orderings within reply/pin group
primary,prior_reply_composition,top10,loose | pinned,loose,True,2556,0,14,0.9736263736263736,0.9648351648351648,0.9824175824175824,14 substantive orderings within reply/pin group
primary,prior_reply_composition,top10,trees | unpinned,trees,False,2556,0,14,0.9912087912087912,0.9560439560439561,0.9912087912087912,14 substantive orderings within reply/pin group
primary,prior_reply_composition,top10,trees | pinned,trees,True,2556,0,14,0.9648351648351648,0.9076923076923077,0.9824175824175824,14 substantive orderings within reply/pin group
primary,prior_reply_composition,top10,hidden | unpinned,hidden,False,2556,0,14,0.9692307692307693,0.9428571428571428,0.9912087912087912,14 substantive orderings within reply/pin group
primary,prior_reply_composition,top10,hidden | pinned,hidden,True,2556,0,14,0.9692307692307693,0.9516483516483516,0.9868131868131869,14 substantive orderings within reply/pin group
primary,reading_level_length_adjusted,full,overall,,,2556,0,84,0.9479194087273464,0.9264133846309608,0.9592026931254429,all 84 substantive policy bundles
primary,reading_level_length_adjusted,full,loose | unpinned,loose,False,2556,0,14,0.9296703296703297,0.8857142857142857,0.9560439560439561,14 substantive orderings within reply/pin group
primary,reading_level_length_adjusted,full,loose | pinned,loose,True,2556,0,14,0.9604395604395607,0.9208791208791208,0.9736263736263736,14 substantive orderings within reply/pin group
primary,reading_level_length_adjusted,full,trees | unpinned,trees,False,2556,0,14,0.6967032967032967,0.4945054945054945,0.8373626373626374,14 substantive orderings within reply/pin group
primary,reading_level_length_adjusted,full,trees | pinned,trees,True,2556,0,14,0.7362637362637363,0.6087912087912087,0.8945054945054945,14 substantive orderings within reply/pin group
primary,reading_level_length_adjusted,full,hidden | unpinned,hidden,False,2556,0,14,0.7010989010989012,0.5648351648351648,0.8637362637362638,14 substantive orderings within reply/pin group
primary,reading_level_length_adjusted,full,hidden | pinned,hidden,True,2556,0,14,0.9208791208791209,0.8372527472527472,0.9516483516483516,14 substantive orderings within reply/pin group
primary,reading_level_length_adjusted,top10,overall,,,2556,0,84,0.9885592791333401,0.9730662144375822,0.991616887718943,all 84 substantive policy bundles
primary,reading_level_length_adjusted,top10,loose | unpinned,loose,False,2556,0,14,0.9956043956043955,0.9648351648351648,1.0,14 substantive orderings within reply/pin group
primary,reading_level_length_adjusted,top10,loose | pinned,loose,True,2556,0,14,0.9912087912087912,0.9428571428571428,1.0,14 substantive orderings within reply/pin group
primary,reading_level_length_adjusted,top10,trees | unpinned,trees,False,2556,0,14,0.9824175824175824,0.9076923076923077,0.9956043956043956,14 substantive orderings within reply/pin group
primary,reading_level_length_adjusted,top10,trees | pinned,trees,True,2556,0,14,0.9516483516483516,0.8461538461538461,0.9868131868131869,14 substantive orderings within reply/pin group
primary,reading_level_length_adjusted,top10,hidden | unpinned,hidden,False,2556,0,14,0.9824175824175824,0.9516483516483516,1.0,14 substantive orderings within reply/pin group
primary,reading_level_length_adjusted,top10,hidden | pinned,hidden,True,2556,0,14,0.9868131868131869,0.9208791208791208,0.9956043956043956,14 substantive orderings within reply/pin group
primary,reply_depth_centered,full,overall,,,2556,0,84,0.8380682393439304,0.8059015895514833,0.8553411967196517,all 84 substantive policy bundles
primary,reply_depth_centered,full,loose | unpinned,loose,False,2556,0,14,0.3054945054945055,0.3054945054945055,0.3758241758241758,14 substantive orderings within reply/pin group
primary,reply_depth_centered,full,loose | pinned,loose,True,2556,0,14,0.6,0.512087912087912,0.6131868131868132,14 substantive orderings within reply/pin group
primary,reply_depth_centered,full,trees | unpinned,trees,False,2556,0,14,0.4593406593406593,0.37142857142857144,0.7142857142857143,14 substantive orderings within reply/pin group
primary,reply_depth_centered,full,trees | pinned,trees,True,2556,0,14,0.9428571428571428,0.8989010989010989,0.9868131868131869,14 substantive orderings within reply/pin group
primary,reply_depth_centered,full,hidden | unpinned,hidden,False,2556,0,14,0.432967032967033,0.05483516483516484,0.7362637362637363,14 substantive orderings within reply/pin group
primary,reply_depth_centered,full,hidden | pinned,hidden,True,2556,0,14,0.6747252747252748,0.45043956043956046,0.8153846153846154,14 substantive orderings within reply/pin group
primary,reply_depth_centered,top10,overall,,,2556,0,84,0.9955450256161028,0.9886656213618935,0.9971245165340299,all 84 substantive policy bundles
primary,reply_depth_centered,top10,loose | unpinned,loose,False,2556,0,14,0.9956043956043955,0.9824175824175824,1.0,14 substantive orderings within reply/pin group
primary,reply_depth_centered,top10,loose | pinned,loose,True,2556,0,14,0.9868131868131869,0.9692307692307692,0.9956043956043956,14 substantive orderings within reply/pin group
primary,reply_depth_centered,top10,trees | unpinned,trees,False,2556,0,14,0.9208791208791209,0.8197802197802198,0.9868131868131869,14 substantive orderings within reply/pin group
primary,reply_depth_centered,top10,trees | pinned,trees,True,2556,0,14,0.9340659340659341,0.8549450549450549,0.9869230769230763,14 substantive orderings within reply/pin group
primary,reply_depth_centered,top10,hidden | unpinned,hidden,False,2556,0,14,0.9514348785871963,0.8101545253863135,1.0,14 substantive orderings within reply/pin group
primary,reply_depth_centered,top10,hidden | pinned,hidden,True,2556,0,14,0.9955849889624723,0.9586206896551724,1.0,14 substantive orderings within reply/pin group
primary,semantic_novelty_knn5,full,overall,,,2556,0,84,0.9528804292801457,0.9510175154399109,0.957983699503898,all 84 substantive policy bundles
primary,semantic_novelty_knn5,full,loose | unpinned,loose,False,2556,0,14,0.9868131868131869,0.9868131868131869,0.9956043956043956,14 substantive orderings within reply/pin group
primary,semantic_novelty_knn5,full,loose | pinned,loose,True,2556,0,14,0.9912087912087912,0.9912087912087912,1.0,14 substantive orderings within reply/pin group
primary,semantic_novelty_knn5,full,trees | unpinned,trees,False,2556,0,14,0.9956043956043955,0.9824175824175824,1.0,14 substantive orderings within reply/pin group
primary,semantic_novelty_knn5,full,trees | pinned,trees,True,2556,0,14,0.9736263736263736,0.9648351648351648,0.9956043956043956,14 substantive orderings within reply/pin group
primary,semantic_novelty_knn5,full,hidden | unpinned,hidden,False,2556,0,14,0.9912087912087912,0.9868131868131869,1.0,14 substantive orderings within reply/pin group
primary,semantic_novelty_knn5,full,hidden | pinned,hidden,True,2556,0,14,0.9912087912087912,0.9868131868131869,1.0,14 substantive orderings within reply/pin group
primary,semantic_novelty_knn5,top10,overall,,,2556,0,84,0.9879518072289157,0.9851169383416017,0.9925685937025412,all 84 substantive policy bundles
primary,semantic_novelty_knn5,top10,loose | unpinned,loose,False,2556,0,14,0.9868131868131869,0.9736263736263736,1.0,14 substantive orderings within reply/pin group
primary,semantic_novelty_knn5,top10,loose | pinned,loose,True,2556,0,14,0.9824175824175824,0.9692307692307692,1.0,14 substantive orderings within reply/pin group
primary,semantic_novelty_knn5,top10,trees | unpinned,trees,False,2556,0,14,0.9956043956043955,0.9692307692307692,1.0,14 substantive orderings within reply/pin group
primary,semantic_novelty_knn5,top10,trees | pinned,trees,True,2556,0,14,0.9912087912087912,0.9648351648351648,1.0,14 substantive orderings within reply/pin group
primary,semantic_novelty_knn5,top10,hidden | unpinned,hidden,False,2556,0,14,0.9868131868131869,0.9824175824175824,1.0,14 substantive orderings within reply/pin group
primary,semantic_novelty_knn5,top10,hidden | pinned,hidden,True,2556,0,14,0.9824175824175824,0.9736263736263736,1.0,14 substantive orderings within reply/pin group
primary,sentiment_negative,full,overall,,,2556,0,84,0.9233167965981574,0.9148901488306166,0.936864432519996,all 84 substantive policy bundles
primary,sentiment_negative,full,loose | unpinned,loose,False,2556,0,14,0.8505494505494505,0.8373626373626374,0.8945054945054945,14 substantive orderings within reply/pin group
primary,sentiment_negative,full,loose | pinned,loose,True,2556,0,14,0.9120879120879121,0.8901098901098901,0.9252747252747253,14 substantive orderings within reply/pin group
primary,sentiment_negative,full,trees | unpinned,trees,False,2556,0,14,0.9252747252747253,0.8901098901098901,0.9560439560439561,14 substantive orderings within reply/pin group
primary,sentiment_negative,full,trees | pinned,trees,True,2556,0,14,0.9252747252747253,0.8945054945054945,0.9560439560439561,14 substantive orderings within reply/pin group
primary,sentiment_negative,full,hidden | unpinned,hidden,False,2556,0,14,0.9824175824175824,0.9560439560439561,0.9912087912087912,14 substantive orderings within reply/pin group
primary,sentiment_negative,full,hidden | pinned,hidden,True,2556,0,14,0.9780219780219781,0.9516483516483516,0.9912087912087912,14 substantive orderings within reply/pin group
primary,sentiment_negative,top10,overall,,,2556,0,84,0.9906651817353447,0.9843672167662246,0.9917991292902704,all 84 substantive policy bundles
primary,sentiment_negative,top10,loose | unpinned,loose,False,2556,0,14,0.9956043956043955,0.9868131868131869,1.0,14 substantive orderings within reply/pin group
primary,sentiment_negative,top10,loose | pinned,loose,True,2556,0,14,0.9956043956043955,0.978021978021978,1.0,14 substantive orderings within reply/pin group
primary,sentiment_negative,top10,trees | unpinned,trees,False,2556,0,14,1.0,0.9736263736263736,1.0,14 substantive orderings within reply/pin group
primary,sentiment_negative,top10,trees | pinned,trees,True,2556,0,14,0.9824175824175824,0.9296703296703297,0.9912087912087912,14 substantive orderings within reply/pin group
primary,sentiment_negative,top10,hidden | unpinned,hidden,False,2556,0,14,0.9956043956043955,0.9824175824175824,1.0,14 substantive orderings within reply/pin group
primary,sentiment_negative,top10,hidden | pinned,hidden,True,2556,0,14,1.0,0.978021978021978,1.0,14 substantive orderings within reply/pin group
primary,sentiment_positive,full,overall,,,2556,0,84,0.6441834565151362,0.6039688164422395,0.6868538017616684,all 84 substantive policy bundles
primary,sentiment_positive,full,loose | unpinned,loose,False,2556,0,14,0.6043956043956044,0.5296703296703297,0.6307692307692307,14 substantive orderings within reply/pin group
primary,sentiment_positive,full,loose | pinned,loose,True,2556,0,14,0.6131868131868132,0.5384615384615384,0.7142857142857143,14 substantive orderings within reply/pin group
primary,sentiment_positive,full,trees | unpinned,trees,False,2556,0,14,0.9516483516483516,0.8857142857142857,0.978021978021978,14 substantive orderings within reply/pin group
primary,sentiment_positive,full,trees | pinned,trees,True,2556,0,14,0.9208791208791209,0.8637362637362638,0.9604395604395605,14 substantive orderings within reply/pin group
primary,sentiment_positive,full,hidden | unpinned,hidden,False,2556,0,14,0.9516483516483516,0.9428571428571428,0.9868131868131869,14 substantive orderings within reply/pin group
primary,sentiment_positive,full,hidden | pinned,hidden,True,2556,0,14,0.9208791208791209,0.9164835164835164,0.9736263736263736,14 substantive orderings within reply/pin group
primary,sentiment_positive,top10,overall,,,2556,0,84,0.94502379264959,0.909479092841956,0.9667115520907158,all 84 substantive policy bundles
primary,sentiment_positive,top10,loose | unpinned,loose,False,2556,0,14,0.9340659340659341,0.9164835164835164,0.9912087912087912,14 substantive orderings within reply/pin group
primary,sentiment_positive,top10,loose | pinned,loose,True,2556,0,14,0.8989010989010989,0.8021978021978022,0.9692307692307692,14 substantive orderings within reply/pin group
primary,sentiment_positive,top10,trees | unpinned,trees,False,2556,0,14,0.9428571428571428,0.8769230769230769,0.9868131868131869,14 substantive orderings within reply/pin group
primary,sentiment_positive,top10,trees | pinned,trees,True,2556,0,14,0.9076923076923077,0.8241758241758241,0.978021978021978,14 substantive orderings within reply/pin group
primary,sentiment_positive,top10,hidden | unpinned,hidden,False,2556,0,14,0.9604395604395607,0.9340659340659341,0.9956043956043956,14 substantive orderings within reply/pin group
primary,sentiment_positive,top10,hidden | pinned,hidden,True,2556,0,14,0.9252747252747253,0.8901098901098901,0.978021978021978,14 substantive orderings within reply/pin group
primary,smog_de,full,overall,,,2556,0,84,0.9629442138301103,0.9577189429988863,0.9666098005467246,all 84 substantive policy bundles
primary,smog_de,full,loose | unpinned,loose,False,2556,0,14,0.956043956043956,0.9472527472527472,0.978021978021978,14 substantive orderings within reply/pin group
primary,smog_de,full,loose | pinned,loose,True,2556,0,14,0.9912087912087912,0.9824175824175824,1.0,14 substantive orderings within reply/pin group
primary,smog_de,full,trees | unpinned,trees,False,2556,0,14,0.9648351648351648,0.9428571428571428,0.9692307692307692,14 substantive orderings within reply/pin group
primary,smog_de,full,trees | pinned,trees,True,2556,0,14,0.9692307692307693,0.9560439560439561,0.9912087912087912,14 substantive orderings within reply/pin group
primary,smog_de,full,hidden | unpinned,hidden,False,2556,0,14,0.9384615384615385,0.9163736263736263,0.9648351648351648,14 substantive orderings within reply/pin group
primary,smog_de,full,hidden | pinned,hidden,True,2556,0,14,0.9780219780219781,0.9736263736263736,0.9868131868131869,14 substantive orderings within reply/pin group
primary,smog_de,top10,overall,,,2556,0,84,0.9918598764807129,0.9893084944821302,0.9948167459754986,all 84 substantive policy bundles
primary,smog_de,top10,loose | unpinned,loose,False,2556,0,14,0.9604395604395607,0.9560439560439561,1.0,14 substantive orderings within reply/pin group
primary,smog_de,top10,loose | pinned,loose,True,2556,0,14,0.9912087912087912,0.9604395604395605,1.0,14 substantive orderings within reply/pin group
primary,smog_de,top10,trees | unpinned,trees,False,2556,0,14,1.0,0.9824175824175824,1.0,14 substantive orderings within reply/pin group
primary,smog_de,top10,trees | pinned,trees,True,2556,0,14,0.9824175824175824,0.9384615384615385,1.0,14 substantive orderings within reply/pin group
primary,smog_de,top10,hidden | unpinned,hidden,False,2556,0,14,0.9692307692307693,0.9604395604395605,1.0,14 substantive orderings within reply/pin group
primary,smog_de,top10,hidden | pinned,hidden,True,2556,0,14,0.9868131868131869,0.9648351648351648,1.0,14 substantive orderings within reply/pin group
primary,toxicity_probability,full,overall,,,2556,0,84,0.9001113698491445,0.8880009112078566,0.910397894097398,all 84 substantive policy bundles
primary,toxicity_probability,full,loose | unpinned,loose,False,2556,0,14,0.9164835164835166,0.8945054945054945,0.9340659340659341,14 substantive orderings within reply/pin group
primary,toxicity_probability,full,loose | pinned,loose,True,2556,0,14,0.9428571428571428,0.8901098901098901,0.9648351648351648,14 substantive orderings within reply/pin group
primary,toxicity_probability,full,trees | unpinned,trees,False,2556,0,14,0.9648351648351648,0.9031868131868132,0.978021978021978,14 substantive orderings within reply/pin group
primary,toxicity_probability,full,trees | pinned,trees,True,2556,0,14,0.9032967032967033,0.8681318681318682,0.9693406593406587,14 substantive orderings within reply/pin group
primary,toxicity_probability,full,hidden | unpinned,hidden,False,2556,0,14,0.9692307692307693,0.9516483516483516,0.9956043956043956,14 substantive orderings within reply/pin group
primary,toxicity_probability,full,hidden | pinned,hidden,True,2556,0,14,0.9604395604395607,0.9296703296703297,0.9912087912087912,14 substantive orderings within reply/pin group
primary,toxicity_probability,top10,overall,,,2556,0,84,0.9924268502581755,0.9858241368836691,0.9922856130403969,all 84 substantive policy bundles
primary,toxicity_probability,top10,loose | unpinned,loose,False,2556,0,14,0.9956043956043955,0.9692307692307692,1.0,14 substantive orderings within reply/pin group
primary,toxicity_probability,top10,loose | pinned,loose,True,2556,0,14,0.9824175824175824,0.9648351648351648,0.9956043956043956,14 substantive orderings within reply/pin group
primary,toxicity_probability,top10,trees | unpinned,trees,False,2556,0,14,0.9736263736263736,0.9472527472527472,1.0,14 substantive orderings within reply/pin group
primary,toxicity_probability,top10,trees | pinned,trees,True,2556,0,14,0.9868131868131869,0.9384615384615385,0.9956043956043956,14 substantive orderings within reply/pin group
primary,toxicity_probability,top10,hidden | unpinned,hidden,False,2556,0,14,0.9956043956043955,0.9736263736263736,1.0,14 substantive orderings within reply/pin group
primary,toxicity_probability,top10,hidden | pinned,hidden,True,2556,0,14,0.9824175824175824,0.9692307692307692,0.9956043956043956,14 substantive orderings within reply/pin group
primary,url_present,full,overall,,,2457,99,84,0.7985420674293814,0.7617677432418751,0.8245854004252303,all 84 substantive policy bundles
primary,url_present,full,loose | unpinned,loose,False,2457,99,14,0.9648351648351648,0.9120879120879121,0.9824175824175824,14 substantive orderings within reply/pin group
primary,url_present,full,loose | pinned,loose,True,2457,99,14,0.9780219780219781,0.9516483516483516,0.9912087912087912,14 substantive orderings within reply/pin group
primary,url_present,full,trees | unpinned,trees,False,2457,99,14,0.9780219780219781,0.9560439560439561,0.9912087912087912,14 substantive orderings within reply/pin group
primary,url_present,full,trees | pinned,trees,True,2457,99,14,0.9780219780219781,0.9472527472527472,0.9912087912087912,14 substantive orderings within reply/pin group
primary,url_present,full,hidden | unpinned,hidden,False,2457,99,14,0.9868131868131869,0.9648351648351648,0.9956043956043956,14 substantive orderings within reply/pin group
primary,url_present,full,hidden | pinned,hidden,True,2457,99,14,0.9956043956043955,0.9868131868131869,1.0,14 substantive orderings within reply/pin group
primary,url_present,top10,overall,,,2457,99,84,0.9968613951604739,0.99139313556748,0.9974891161283791,all 84 substantive policy bundles
primary,url_present,top10,loose | unpinned,loose,False,2457,99,14,0.9912087912087912,0.9648351648351648,1.0,14 substantive orderings within reply/pin group
primary,url_present,top10,loose | pinned,loose,True,2457,99,14,0.9868131868131869,0.9648351648351648,1.0,14 substantive orderings within reply/pin group
primary,url_present,top10,trees | unpinned,trees,False,2457,99,14,0.9868131868131869,0.9647252747252747,1.0,14 substantive orderings within reply/pin group
primary,url_present,top10,trees | pinned,trees,True,2457,99,14,0.9868131868131869,0.8769230769230769,0.9956043956043956,14 substantive orderings within reply/pin group
primary,url_present,top10,hidden | unpinned,hidden,False,2457,99,14,0.9868131868131869,0.978021978021978,1.0,14 substantive orderings within reply/pin group
primary,url_present,top10,hidden | pinned,hidden,True,2457,99,14,0.9912087912087912,0.9648351648351648,1.0,14 substantive orderings within reply/pin group
primary,vienna_overnight,full,overall,,,2362,194,84,0.37624784853700516,0.31639161688771894,0.42521109648678745,all 84 substantive policy bundles
primary,vienna_overnight,full,loose | unpinned,loose,False,2362,194,14,-0.05054945054945055,-0.12087912087912088,0.01098901098901099,14 substantive orderings within reply/pin group
primary,vienna_overnight,full,loose | pinned,loose,True,2362,194,14,0.2923076923076923,0.24835164835164836,0.3274725274725275,14 substantive orderings within reply/pin group
primary,vienna_overnight,full,trees | unpinned,trees,False,2362,194,14,-0.08131868131868132,-0.0989010989010989,0.07692307692307693,14 substantive orderings within reply/pin group
primary,vienna_overnight,full,trees | pinned,trees,True,2362,194,14,0.27472527472527475,0.1076923076923077,0.3142857142857143,14 substantive orderings within reply/pin group
primary,vienna_overnight,full,hidden | unpinned,hidden,False,2362,194,14,-0.05054945054945055,-0.1912087912087912,0.01098901098901099,14 substantive orderings within reply/pin group
primary,vienna_overnight,full,hidden | pinned,hidden,True,2362,194,14,0.3142857142857143,0.2,0.4461538461538462,14 substantive orderings within reply/pin group
primary,vienna_overnight,top10,overall,,,2362,194,84,0.8397084134858763,0.7932346190063816,0.8689885592791333,all 84 substantive policy bundles
primary,vienna_overnight,top10,loose | unpinned,loose,False,2362,194,14,0.9384615384615385,0.832967032967033,0.9736263736263736,14 substantive orderings within reply/pin group
primary,vienna_overnight,top10,loose | pinned,loose,True,2362,194,14,0.9032967032967033,0.635054945054945,0.9692307692307692,14 substantive orderings within reply/pin group
primary,vienna_overnight,top10,trees | unpinned,trees,False,2362,194,14,0.9692307692307693,0.7406593406593407,0.9824175824175824,14 substantive orderings within reply/pin group
primary,vienna_overnight,top10,trees | pinned,trees,True,2362,194,14,0.9340659340659341,0.6835164835164835,0.9868131868131869,14 substantive orderings within reply/pin group
primary,vienna_overnight,top10,hidden | unpinned,hidden,False,2362,194,14,0.8901098901098902,0.7934065934065934,0.9604395604395605,14 substantive orderings within reply/pin group
primary,vienna_overnight,top10,hidden | pinned,hidden,True,2362,194,14,0.8197802197802198,0.6527472527472528,0.9692307692307692,14 substantive orderings within reply/pin group
primary,vienna_weekday_shoulder_evening,full,overall,,,2534,22,84,0.908312240558874,0.836042826769262,0.9381021565252606,all 84 substantive policy bundles
primary,vienna_weekday_shoulder_evening,full,loose | unpinned,loose,False,2534,22,14,0.7406593406593407,0.5252747252747253,0.8637362637362638,14 substantive orderings within reply/pin group
primary,vienna_weekday_shoulder_evening,full,loose | pinned,loose,True,2534,22,14,0.7626373626373627,0.5604395604395604,0.8461538461538461,14 substantive orderings within reply/pin group
primary,vienna_weekday_shoulder_evening,full,trees | unpinned,trees,False,2534,22,14,0.767032967032967,0.6351648351648351,0.9472527472527472,14 substantive orderings within reply/pin group
primary,vienna_weekday_shoulder_evening,full,trees | pinned,trees,True,2534,22,14,0.7582417582417583,0.5956043956043956,0.9120879120879121,14 substantive orderings within reply/pin group
primary,vienna_weekday_shoulder_evening,full,hidden | unpinned,hidden,False,2534,22,14,0.9472527472527472,0.8769230769230769,0.9825274725274719,14 substantive orderings within reply/pin group
primary,vienna_weekday_shoulder_evening,full,hidden | pinned,hidden,True,2534,22,14,0.8857142857142857,0.7053846153846154,0.9516483516483516,14 substantive orderings within reply/pin group
primary,vienna_weekday_shoulder_evening,top10,overall,,,2534,22,84,0.6666599169788398,0.4781386048395262,0.7942158550167054,all 84 substantive policy bundles
primary,vienna_weekday_shoulder_evening,top10,loose | unpinned,loose,False,2534,22,14,0.9164835164835166,0.7317582417582417,0.9692307692307692,14 substantive orderings within reply/pin group
primary,vienna_weekday_shoulder_evening,top10,loose | pinned,loose,True,2534,22,14,0.9340659340659341,0.7626373626373626,0.978021978021978,14 substantive orderings within reply/pin group
primary,vienna_weekday_shoulder_evening,top10,trees | unpinned,trees,False,2534,22,14,0.9340659340659341,0.569120879120879,0.978021978021978,14 substantive orderings within reply/pin group
primary,vienna_weekday_shoulder_evening,top10,trees | pinned,trees,True,2534,22,14,0.9340659340659341,0.621978021978022,0.978021978021978,14 substantive orderings within reply/pin group
primary,vienna_weekday_shoulder_evening,top10,hidden | unpinned,hidden,False,2534,22,14,0.8637362637362638,0.5956043956043956,0.9384615384615385,14 substantive orderings within reply/pin group
primary,vienna_weekday_shoulder_evening,top10,hidden | pinned,hidden,True,2534,22,14,0.9032967032967033,0.6307692307692307,0.9472527472527472,14 substantive orderings within reply/pin group
primary,vienna_weekend_day_evening,full,overall,,,2040,516,84,0.8467550875771996,0.7703356282271945,0.8994451756606257,all 84 substantive policy bundles
primary,vienna_weekend_day_evening,full,loose | unpinned,loose,False,2040,516,14,0.8989010989010989,0.7978021978021979,0.9164835164835164,14 substantive orderings within reply/pin group
primary,vienna_weekend_day_evening,full,loose | pinned,loose,True,2040,516,14,0.9428571428571428,0.9208791208791208,0.978021978021978,14 substantive orderings within reply/pin group
primary,vienna_weekend_day_evening,full,trees | unpinned,trees,False,2040,516,14,0.9912087912087912,0.9428571428571428,0.9956043956043956,14 substantive orderings within reply/pin group
primary,vienna_weekend_day_evening,full,trees | pinned,trees,True,2040,516,14,0.9648351648351648,0.9120879120879121,0.9824175824175824,14 substantive orderings within reply/pin group
primary,vienna_weekend_day_evening,full,hidden | unpinned,hidden,False,2040,516,14,0.9780219780219781,0.9076923076923077,0.9956043956043956,14 substantive orderings within reply/pin group
primary,vienna_weekend_day_evening,full,hidden | pinned,hidden,True,2040,516,14,0.9824175824175824,0.9340659340659341,0.9956043956043956,14 substantive orderings within reply/pin group
primary,vienna_weekend_day_evening,top10,overall,,,2040,516,84,0.9132530120481929,0.6737573545854083,0.9745929938240355,all 84 substantive policy bundles
primary,vienna_weekend_day_evening,top10,loose | unpinned,loose,False,2040,516,14,0.9868131868131869,0.7362637362637363,0.9868131868131869,14 substantive orderings within reply/pin group
primary,vienna_weekend_day_evening,top10,loose | pinned,loose,True,2040,516,14,0.9516483516483516,0.34945054945054943,0.978021978021978,14 substantive orderings within reply/pin group
primary,vienna_weekend_day_evening,top10,trees | unpinned,trees,False,2040,516,14,0.9164835164835166,0.5824175824175825,0.978021978021978,14 substantive orderings within reply/pin group
primary,vienna_weekend_day_evening,top10,trees | pinned,trees,True,2040,516,14,0.9516483516483516,0.5516483516483517,0.9692307692307692,14 substantive orderings within reply/pin group
primary,vienna_weekend_day_evening,top10,hidden | unpinned,hidden,False,2040,516,14,0.9516483516483516,0.701098901098901,0.9912087912087912,14 substantive orderings within reply/pin group
primary,vienna_weekend_day_evening,top10,hidden | pinned,hidden,True,2040,516,14,0.7274725274725276,0.4669603524229075,0.978021978021978,14 substantive orderings within reply/pin group
large_threads,aqua_additional_knowledge_expected,full,overall,,,2277,0,84,0.9534474030576086,0.9491141034727144,0.9567277513415005,all 84 substantive policy bundles
large_threads,aqua_additional_knowledge_expected,full,loose | unpinned,loose,False,2277,0,14,0.9648351648351648,0.9604395604395605,0.9648351648351648,14 substantive orderings within reply/pin group
large_threads,aqua_additional_knowledge_expected,full,loose | pinned,loose,True,2277,0,14,1.0,0.9956043956043956,1.0,14 substantive orderings within reply/pin group
large_threads,aqua_additional_knowledge_expected,full,trees | unpinned,trees,False,2277,0,14,0.9692307692307693,0.9516483516483516,0.9824175824175824,14 substantive orderings within reply/pin group
large_threads,aqua_additional_knowledge_expected,full,trees | pinned,trees,True,2277,0,14,0.9824175824175824,0.9692307692307692,0.9912087912087912,14 substantive orderings within reply/pin group
large_threads,aqua_additional_knowledge_expected,full,hidden | unpinned,hidden,False,2277,0,14,0.9868131868131869,0.9692307692307692,0.9956043956043956,14 substantive orderings within reply/pin group
large_threads,aqua_additional_knowledge_expected,full,hidden | pinned,hidden,True,2277,0,14,0.9868131868131869,0.9692307692307692,0.9912087912087912,14 substantive orderings within reply/pin group
large_threads,aqua_additional_knowledge_expected,top10,overall,,,2277,0,84,0.9928520805912727,0.9879923053558773,0.9947959906854308,all 84 substantive policy bundles
large_threads,aqua_additional_knowledge_expected,top10,loose | unpinned,loose,False,2277,0,14,1.0,0.9912087912087912,1.0,14 substantive orderings within reply/pin group
large_threads,aqua_additional_knowledge_expected,top10,loose | pinned,loose,True,2277,0,14,0.9912087912087912,0.9824175824175824,1.0,14 substantive orderings within reply/pin group
large_threads,aqua_additional_knowledge_expected,top10,trees | unpinned,trees,False,2277,0,14,0.9912087912087912,0.978021978021978,1.0,14 substantive orderings within reply/pin group
large_threads,aqua_additional_knowledge_expected,top10,trees | pinned,trees,True,2277,0,14,0.9956043956043955,0.9692307692307692,0.9956043956043956,14 substantive orderings within reply/pin group
large_threads,aqua_additional_knowledge_expected,top10,hidden | unpinned,hidden,False,2277,0,14,1.0,0.9912087912087912,1.0,14 substantive orderings within reply/pin group
large_threads,aqua_additional_knowledge_expected,top10,hidden | pinned,hidden,True,2277,0,14,0.9956043956043955,0.9868131868131869,1.0,14 substantive orderings within reply/pin group
large_threads,aqua_discrimination_expected,full,overall,,,2277,0,84,0.9196922142350916,0.9067105396375418,0.9279943302622253,all 84 substantive policy bundles
large_threads,aqua_discrimination_expected,full,loose | unpinned,loose,False,2277,0,14,0.9648351648351648,0.9560439560439561,0.978021978021978,14 substantive orderings within reply/pin group
large_threads,aqua_discrimination_expected,full,loose | pinned,loose,True,2277,0,14,0.9780219780219781,0.9692307692307692,0.978021978021978,14 substantive orderings within reply/pin group
large_threads,aqua_discrimination_expected,full,trees | unpinned,trees,False,2277,0,14,0.9604395604395607,0.9384615384615385,0.9868131868131869,14 substantive orderings within reply/pin group
large_threads,aqua_discrimination_expected,full,trees | pinned,trees,True,2277,0,14,0.9912087912087912,0.978021978021978,0.9956043956043956,14 substantive orderings within reply/pin group
large_threads,aqua_discrimination_expected,full,hidden | unpinned,hidden,False,2277,0,14,0.9912087912087912,0.978021978021978,0.9956043956043956,14 substantive orderings within reply/pin group
large_threads,aqua_discrimination_expected,full,hidden | pinned,hidden,True,2277,0,14,0.9956043956043955,0.9868131868131869,1.0,14 substantive orderings within reply/pin group
large_threads,aqua_discrimination_expected,top10,overall,,,2277,0,84,0.9947352434949884,0.992264857750329,0.9978946030966704,all 84 substantive policy bundles
large_threads,aqua_discrimination_expected,top10,loose | unpinned,loose,False,2277,0,14,0.9956043956043955,0.9868131868131869,1.0,14 substantive orderings within reply/pin group
large_threads,aqua_discrimination_expected,top10,loose | pinned,loose,True,2277,0,14,0.9824175824175824,0.9648351648351648,1.0,14 substantive orderings within reply/pin group
large_threads,aqua_discrimination_expected,top10,trees | unpinned,trees,False,2277,0,14,0.9868131868131869,0.9692307692307692,1.0,14 substantive orderings within reply/pin group
large_threads,aqua_discrimination_expected,top10,trees | pinned,trees,True,2277,0,14,0.9912087912087912,0.9692307692307692,1.0,14 substantive orderings within reply/pin group
large_threads,aqua_discrimination_expected,top10,hidden | unpinned,hidden,False,2277,0,14,1.0,0.9868131868131869,1.0,14 substantive orderings within reply/pin group
large_threads,aqua_discrimination_expected,top10,hidden | pinned,hidden,True,2277,0,14,0.9956043956043955,0.9692307692307692,1.0,14 substantive orderings within reply/pin group
large_threads,aqua_fact_expected,full,overall,,,2277,0,84,0.9601903411967196,0.9584281664473019,0.9643616482737674,all 84 substantive policy bundles
large_threads,aqua_fact_expected,full,loose | unpinned,loose,False,2277,0,14,0.9780219780219781,0.9736263736263736,0.9824175824175824,14 substantive orderings within reply/pin group
large_threads,aqua_fact_expected,full,loose | pinned,loose,True,2277,0,14,0.9868131868131869,0.9824175824175824,0.9956043956043956,14 substantive orderings within reply/pin group
large_threads,aqua_fact_expected,full,trees | unpinned,trees,False,2277,0,14,0.9912087912087912,0.978021978021978,1.0,14 substantive orderings within reply/pin group
large_threads,aqua_fact_expected,full,trees | pinned,trees,True,2277,0,14,0.9956043956043955,0.9912087912087912,0.9956043956043956,14 substantive orderings within reply/pin group
large_threads,aqua_fact_expected,full,hidden | unpinned,hidden,False,2277,0,14,0.9912087912087912,0.9824175824175824,1.0,14 substantive orderings within reply/pin group
large_threads,aqua_fact_expected,full,hidden | pinned,hidden,True,2277,0,14,0.9956043956043955,0.9912087912087912,1.0,14 substantive orderings within reply/pin group
large_threads,aqua_fact_expected,top10,overall,,,2277,0,84,0.9947757416219501,0.9927300799838008,0.9960311835577604,all 84 substantive policy bundles
large_threads,aqua_fact_expected,top10,loose | unpinned,loose,False,2277,0,14,0.9956043956043955,0.9912087912087912,1.0,14 substantive orderings within reply/pin group
large_threads,aqua_fact_expected,top10,loose | pinned,loose,True,2277,0,14,0.9956043956043955,0.9912087912087912,1.0,14 substantive orderings within reply/pin group
large_threads,aqua_fact_expected,top10,trees | unpinned,trees,False,2277,0,14,0.9956043956043955,0.978021978021978,1.0,14 substantive orderings within reply/pin group
large_threads,aqua_fact_expected,top10,trees | pinned,trees,True,2277,0,14,0.9956043956043955,0.9692307692307692,1.0,14 substantive orderings within reply/pin group
large_threads,aqua_fact_expected,top10,hidden | unpinned,hidden,False,2277,0,14,1.0,0.9912087912087912,1.0,14 substantive orderings within reply/pin group
large_threads,aqua_fact_expected,top10,hidden | pinned,hidden,True,2277,0,14,0.9956043956043955,0.9868131868131869,1.0,14 substantive orderings within reply/pin group
large_threads,aqua_insult_expected,full,overall,,,2277,0,84,0.9555533056596132,0.9489926090918295,0.9595626202288144,all 84 substantive policy bundles
large_threads,aqua_insult_expected,full,loose | unpinned,loose,False,2277,0,14,0.8593406593406594,0.8197802197802198,0.8637362637362638,14 substantive orderings within reply/pin group
large_threads,aqua_insult_expected,full,loose | pinned,loose,True,2277,0,14,0.9252747252747253,0.9076923076923077,0.9384615384615385,14 substantive orderings within reply/pin group
large_threads,aqua_insult_expected,full,trees | unpinned,trees,False,2277,0,14,0.6483516483516484,0.5736263736263736,0.7406593406593407,14 substantive orderings within reply/pin group
large_threads,aqua_insult_expected,full,trees | pinned,trees,True,2277,0,14,0.8549450549450549,0.7714285714285715,0.8945054945054945,14 substantive orderings within reply/pin group
large_threads,aqua_insult_expected,full,hidden | unpinned,hidden,False,2277,0,14,0.8769230769230769,0.8593406593406593,0.8857142857142857,14 substantive orderings within reply/pin group
large_threads,aqua_insult_expected,full,hidden | pinned,hidden,True,2277,0,14,0.9736263736263736,0.9560439560439561,0.9868131868131869,14 substantive orderings within reply/pin group
large_threads,aqua_insult_expected,top10,overall,,,2277,0,84,0.9941480206540447,0.9917176268097601,0.9965981573352233,all 84 substantive policy bundles
large_threads,aqua_insult_expected,top10,loose | unpinned,loose,False,2277,0,14,0.9912087912087912,0.978021978021978,1.0,14 substantive orderings within reply/pin group
large_threads,aqua_insult_expected,top10,loose | pinned,loose,True,2277,0,14,0.9956043956043955,0.9692307692307692,1.0,14 substantive orderings within reply/pin group
large_threads,aqua_insult_expected,top10,trees | unpinned,trees,False,2277,0,14,0.9736263736263736,0.9164835164835164,0.9956043956043956,14 substantive orderings within reply/pin group
large_threads,aqua_insult_expected,top10,trees | pinned,trees,True,2277,0,14,0.9780219780219781,0.8637362637362638,0.9912087912087912,14 substantive orderings within reply/pin group
large_threads,aqua_insult_expected,top10,hidden | unpinned,hidden,False,2277,0,14,0.9868131868131869,0.9736263736263736,1.0,14 substantive orderings within reply/pin group
large_threads,aqua_insult_expected,top10,hidden | pinned,hidden,True,2277,0,14,0.9868131868131869,0.9648351648351648,1.0,14 substantive orderings within reply/pin group
large_threads,aqua_justification_expected,full,overall,,,2277,0,84,0.9607168168472209,0.9576182039080693,0.9638149235597854,all 84 substantive policy bundles
large_threads,aqua_justification_expected,full,loose | unpinned,loose,False,2277,0,14,0.9780219780219781,0.978021978021978,0.9824175824175824,14 substantive orderings within reply/pin group
large_threads,aqua_justification_expected,full,loose | pinned,loose,True,2277,0,14,0.956043956043956,0.9560439560439561,0.9736263736263736,14 substantive orderings within reply/pin group
large_threads,aqua_justification_expected,full,trees | unpinned,trees,False,2277,0,14,1.0,0.9912087912087912,1.0,14 substantive orderings within reply/pin group
large_threads,aqua_justification_expected,full,trees | pinned,trees,True,2277,0,14,1.0,0.9868131868131869,1.0,14 substantive orderings within reply/pin group
large_threads,aqua_justification_expected,full,hidden | unpinned,hidden,False,2277,0,14,0.9956043956043955,0.9956043956043956,1.0,14 substantive orderings within reply/pin group
large_threads,aqua_justification_expected,full,hidden | pinned,hidden,True,2277,0,14,1.0,0.9956043956043956,1.0,14 substantive orderings within reply/pin group
large_threads,aqua_justification_expected,top10,overall,,,2277,0,84,0.9973068745570518,0.9958084438594715,0.9981775842867268,all 84 substantive policy bundles
large_threads,aqua_justification_expected,top10,loose | unpinned,loose,False,2277,0,14,0.9956043956043955,0.9868131868131869,1.0,14 substantive orderings within reply/pin group
large_threads,aqua_justification_expected,top10,loose | pinned,loose,True,2277,0,14,0.9956043956043955,0.9824175824175824,1.0,14 substantive orderings within reply/pin group
large_threads,aqua_justification_expected,top10,trees | unpinned,trees,False,2277,0,14,0.9956043956043955,0.9604395604395605,1.0,14 substantive orderings within reply/pin group
large_threads,aqua_justification_expected,top10,trees | pinned,trees,True,2277,0,14,0.9956043956043955,0.9648351648351648,1.0,14 substantive orderings within reply/pin group
large_threads,aqua_justification_expected,top10,hidden | unpinned,hidden,False,2277,0,14,0.9956043956043955,0.9824175824175824,1.0,14 substantive orderings within reply/pin group
large_threads,aqua_justification_expected,top10,hidden | pinned,hidden,True,2277,0,14,0.9956043956043955,0.9824175824175824,1.0,14 substantive orderings within reply/pin group
large_threads,aqua_opinion_expected,full,overall,,,2277,0,84,0.8981877088184672,0.8848840741115723,0.9141875063278323,all 84 substantive policy bundles
large_threads,aqua_opinion_expected,full,loose | unpinned,loose,False,2277,0,14,0.9648351648351648,0.9648351648351648,0.9736263736263736,14 substantive orderings within reply/pin group
large_threads,aqua_opinion_expected,full,loose | pinned,loose,True,2277,0,14,0.9824175824175824,0.978021978021978,0.9824175824175824,14 substantive orderings within reply/pin group
large_threads,aqua_opinion_expected,full,trees | unpinned,trees,False,2277,0,14,0.9868131868131869,0.9604395604395605,0.9912087912087912,14 substantive orderings within reply/pin group
large_threads,aqua_opinion_expected,full,trees | pinned,trees,True,2277,0,14,0.9912087912087912,0.9868131868131869,0.9956043956043956,14 substantive orderings within reply/pin group
large_threads,aqua_opinion_expected,full,hidden | unpinned,hidden,False,2277,0,14,1.0,0.9956043956043956,1.0,14 substantive orderings within reply/pin group
large_threads,aqua_opinion_expected,full,hidden | pinned,hidden,True,2277,0,14,0.9956043956043955,0.9956043956043956,1.0,14 substantive orderings within reply/pin group
large_threads,aqua_opinion_expected,top10,overall,,,2277,0,84,0.9960514326212414,0.9923661030677331,0.9969833957679457,all 84 substantive policy bundles
large_threads,aqua_opinion_expected,top10,loose | unpinned,loose,False,2277,0,14,1.0,0.9912087912087912,1.0,14 substantive orderings within reply/pin group
large_threads,aqua_opinion_expected,top10,loose | pinned,loose,True,2277,0,14,0.9956043956043955,0.9910989010989011,1.0,14 substantive orderings within reply/pin group
large_threads,aqua_opinion_expected,top10,trees | unpinned,trees,False,2277,0,14,0.9956043956043955,0.9824175824175824,1.0,14 substantive orderings within reply/pin group
large_threads,aqua_opinion_expected,top10,trees | pinned,trees,True,2277,0,14,0.9780219780219781,0.9692307692307692,1.0,14 substantive orderings within reply/pin group
large_threads,aqua_opinion_expected,top10,hidden | unpinned,hidden,False,2277,0,14,1.0,0.9912087912087912,1.0,14 substantive orderings within reply/pin group
large_threads,aqua_opinion_expected,top10,hidden | pinned,hidden,True,2277,0,14,1.0,0.9868131868131869,1.0,14 substantive orderings within reply/pin group
large_threads,aqua_polite_address_expected,full,overall,,,2277,0,84,0.7987445580641895,0.7798916675103776,0.82559633491951,all 84 substantive policy bundles
large_threads,aqua_polite_address_expected,full,loose | unpinned,loose,False,2277,0,14,0.956043956043956,0.9164835164835164,0.9604395604395605,14 substantive orderings within reply/pin group
large_threads,aqua_polite_address_expected,full,loose | pinned,loose,True,2277,0,14,0.9604395604395607,0.9384615384615385,0.9692307692307692,14 substantive orderings within reply/pin group
large_threads,aqua_polite_address_expected,full,trees | unpinned,trees,False,2277,0,14,0.8505494505494505,0.8196703296703296,0.8814285714285708,14 substantive orderings within reply/pin group
large_threads,aqua_polite_address_expected,full,trees | pinned,trees,True,2277,0,14,0.9076923076923077,0.8857142857142857,0.9472527472527472,14 substantive orderings within reply/pin group
large_threads,aqua_polite_address_expected,full,hidden | unpinned,hidden,False,2277,0,14,0.9164835164835166,0.8945054945054945,0.9428571428571428,14 substantive orderings within reply/pin group
large_threads,aqua_polite_address_expected,full,hidden | pinned,hidden,True,2277,0,14,0.9472527472527472,0.9384615384615385,0.9604395604395605,14 substantive orderings within reply/pin group
large_threads,aqua_polite_address_expected,top10,overall,,,2277,0,84,0.9641591576389593,0.9554677533664068,0.9721175458135061,all 84 substantive policy bundles
large_threads,aqua_polite_address_expected,top10,loose | unpinned,loose,False,2277,0,14,0.9912087912087912,0.9736263736263736,0.9956043956043956,14 substantive orderings within reply/pin group
large_threads,aqua_polite_address_expected,top10,loose | pinned,loose,True,2277,0,14,0.9868131868131869,0.9604395604395605,0.9956043956043956,14 substantive orderings within reply/pin group
large_threads,aqua_polite_address_expected,top10,trees | unpinned,trees,False,2277,0,14,0.9736263736263736,0.9560439560439561,0.9956043956043956,14 substantive orderings within reply/pin group
large_threads,aqua_polite_address_expected,top10,trees | pinned,trees,True,2277,0,14,0.9780219780219781,0.9164835164835164,0.9956043956043956,14 substantive orderings within reply/pin group
large_threads,aqua_polite_address_expected,top10,hidden | unpinned,hidden,False,2277,0,14,0.9868131868131869,0.9692307692307692,0.9956043956043956,14 substantive orderings within reply/pin group
large_threads,aqua_polite_address_expected,top10,hidden | pinned,hidden,True,2277,0,14,0.9824175824175824,0.9560439560439561,0.9956043956043956,14 substantive orderings within reply/pin group
large_threads,aqua_question_expected,full,overall,,,2277,0,84,0.8708514731193684,0.8514316087880935,0.8904338361850764,all 84 substantive policy bundles
large_threads,aqua_question_expected,full,loose | unpinned,loose,False,2277,0,14,0.9472527472527472,0.9340659340659341,0.9516483516483516,14 substantive orderings within reply/pin group
large_threads,aqua_question_expected,full,loose | pinned,loose,True,2277,0,14,0.9296703296703297,0.9252747252747253,0.9560439560439561,14 substantive orderings within reply/pin group
large_threads,aqua_question_expected,full,trees | unpinned,trees,False,2277,0,14,0.9736263736263736,0.8901098901098901,0.9824175824175824,14 substantive orderings within reply/pin group
large_threads,aqua_question_expected,full,trees | pinned,trees,True,2277,0,14,0.9868131868131869,0.9648351648351648,0.9912087912087912,14 substantive orderings within reply/pin group
large_threads,aqua_question_expected,full,hidden | unpinned,hidden,False,2277,0,14,0.9648351648351648,0.9384615384615385,0.9912087912087912,14 substantive orderings within reply/pin group
large_threads,aqua_question_expected,full,hidden | pinned,hidden,True,2277,0,14,0.9868131868131869,0.978021978021978,1.0,14 substantive orderings within reply/pin group
large_threads,aqua_question_expected,top10,overall,,,2277,0,84,0.9901387060848437,0.9781502480510276,0.9936822921939861,all 84 substantive policy bundles
large_threads,aqua_question_expected,top10,loose | unpinned,loose,False,2277,0,14,0.9912087912087912,0.9604395604395605,1.0,14 substantive orderings within reply/pin group
large_threads,aqua_question_expected,top10,loose | pinned,loose,True,2277,0,14,0.9824175824175824,0.9516483516483516,1.0,14 substantive orderings within reply/pin group
large_threads,aqua_question_expected,top10,trees | unpinned,trees,False,2277,0,14,0.9868131868131869,0.9516483516483516,1.0,14 substantive orderings within reply/pin group
large_threads,aqua_question_expected,top10,trees | pinned,trees,True,2277,0,14,0.9956043956043955,0.9164835164835164,0.9956043956043956,14 substantive orderings within reply/pin group
large_threads,aqua_question_expected,top10,hidden | unpinned,hidden,False,2277,0,14,0.9912087912087912,0.9692307692307692,1.0,14 substantive orderings within reply/pin group
large_threads,aqua_question_expected,top10,hidden | pinned,hidden,True,2277,0,14,0.9824175824175824,0.9604395604395605,1.0,14 substantive orderings within reply/pin group
large_threads,aqua_referencing_contents_expected,full,overall,,,2277,0,84,0.950025311329351,0.9446998076338969,0.9553923256049408,all 84 substantive policy bundles
large_threads,aqua_referencing_contents_expected,full,loose | unpinned,loose,False,2277,0,14,0.9516483516483516,0.9428571428571428,0.9692307692307692,14 substantive orderings within reply/pin group
large_threads,aqua_referencing_contents_expected,full,loose | pinned,loose,True,2277,0,14,0.9780219780219781,0.9648351648351648,0.9868131868131869,14 substantive orderings within reply/pin group
large_threads,aqua_referencing_contents_expected,full,trees | unpinned,trees,False,2277,0,14,0.7978021978021977,0.6703296703296703,0.894615384615384,14 substantive orderings within reply/pin group
large_threads,aqua_referencing_contents_expected,full,trees | pinned,trees,True,2277,0,14,0.9692307692307693,0.8593406593406593,0.9868131868131869,14 substantive orderings within reply/pin group
large_threads,aqua_referencing_contents_expected,full,hidden | unpinned,hidden,False,2277,0,14,0.9604395604395607,0.9076923076923077,0.9912087912087912,14 substantive orderings within reply/pin group
large_threads,aqua_referencing_contents_expected,full,hidden | pinned,hidden,True,2277,0,14,0.9780219780219781,0.9252747252747253,0.9956043956043956,14 substantive orderings within reply/pin group
large_threads,aqua_referencing_contents_expected,top10,overall,,,2277,0,84,0.995423711653336,0.9865333603320846,0.9954044750430293,all 84 substantive policy bundles
large_threads,aqua_referencing_contents_expected,top10,loose | unpinned,loose,False,2277,0,14,0.9956043956043955,0.9560439560439561,1.0,14 substantive orderings within reply/pin group
large_threads,aqua_referencing_contents_expected,top10,loose | pinned,loose,True,2277,0,14,0.9956043956043955,0.9340659340659341,1.0,14 substantive orderings within reply/pin group
large_threads,aqua_referencing_contents_expected,top10,trees | unpinned,trees,False,2277,0,14,0.9868131868131869,0.9428571428571428,1.0,14 substantive orderings within reply/pin group
large_threads,aqua_referencing_contents_expected,top10,trees | pinned,trees,True,2277,0,14,0.9648351648351648,0.8549450549450549,0.9956043956043956,14 substantive orderings within reply/pin group
large_threads,aqua_referencing_contents_expected,top10,hidden | unpinned,hidden,False,2277,0,14,0.9956043956043955,0.9384615384615385,1.0,14 substantive orderings within reply/pin group
large_threads,aqua_referencing_contents_expected,top10,hidden | pinned,hidden,True,2277,0,14,0.9912087912087912,0.9428571428571428,1.0,14 substantive orderings within reply/pin group
large_threads,aqua_referencing_format_expected,full,overall,,,2277,0,84,0.9744456818872128,0.9733522324592487,0.9768148223144679,all 84 substantive policy bundles
large_threads,aqua_referencing_format_expected,full,loose | unpinned,loose,False,2277,0,14,0.9736263736263736,0.9736263736263736,0.9736263736263736,14 substantive orderings within reply/pin group
large_threads,aqua_referencing_format_expected,full,loose | pinned,loose,True,2277,0,14,0.9868131868131869,0.9868131868131869,0.9912087912087912,14 substantive orderings within reply/pin group
large_threads,aqua_referencing_format_expected,full,trees | unpinned,trees,False,2277,0,14,0.9208791208791209,0.8681318681318682,0.9428571428571428,14 substantive orderings within reply/pin group
large_threads,aqua_referencing_format_expected,full,trees | pinned,trees,True,2277,0,14,0.9164835164835166,0.8901098901098901,0.9604395604395605,14 substantive orderings within reply/pin group
large_threads,aqua_referencing_format_expected,full,hidden | unpinned,hidden,False,2277,0,14,0.9516483516483516,0.9384615384615385,0.9692307692307692,14 substantive orderings within reply/pin group
large_threads,aqua_referencing_format_expected,full,hidden | pinned,hidden,True,2277,0,14,0.9824175824175824,0.9692307692307692,0.9956043956043956,14 substantive orderings within reply/pin group
large_threads,aqua_referencing_format_expected,top10,overall,,,2277,0,84,0.9929533259086767,0.9896110128929753,0.9938442847018325,all 84 substantive policy bundles
large_threads,aqua_referencing_format_expected,top10,loose | unpinned,loose,False,2277,0,14,1.0,0.9824175824175824,1.0,14 substantive orderings within reply/pin group
large_threads,aqua_referencing_format_expected,top10,loose | pinned,loose,True,2277,0,14,1.0,0.9912087912087912,1.0,14 substantive orderings within reply/pin group
large_threads,aqua_referencing_format_expected,top10,trees | unpinned,trees,False,2277,0,14,0.9824175824175824,0.9648351648351648,1.0,14 substantive orderings within reply/pin group
large_threads,aqua_referencing_format_expected,top10,trees | pinned,trees,True,2277,0,14,0.9868131868131869,0.9296703296703297,0.9956043956043956,14 substantive orderings within reply/pin group
large_threads,aqua_referencing_format_expected,top10,hidden | unpinned,hidden,False,2277,0,14,1.0,0.9824175824175824,1.0,14 substantive orderings within reply/pin group
large_threads,aqua_referencing_format_expected,top10,hidden | pinned,hidden,True,2277,0,14,1.0,0.9824175824175824,1.0,14 substantive orderings within reply/pin group
large_threads,aqua_referencing_medium_expected,full,overall,,,2277,0,84,0.9423711653336033,0.9352424825351827,0.9469687151969222,all 84 substantive policy bundles
large_threads,aqua_referencing_medium_expected,full,loose | unpinned,loose,False,2277,0,14,0.8109890109890111,0.7582417582417582,0.8769230769230769,14 substantive orderings within reply/pin group
large_threads,aqua_referencing_medium_expected,full,loose | pinned,loose,True,2277,0,14,0.8989010989010989,0.8989010989010989,0.9164835164835164,14 substantive orderings within reply/pin group
large_threads,aqua_referencing_medium_expected,full,trees | unpinned,trees,False,2277,0,14,0.9428571428571428,0.9076923076923077,0.9692307692307692,14 substantive orderings within reply/pin group
large_threads,aqua_referencing_medium_expected,full,trees | pinned,trees,True,2277,0,14,0.9428571428571428,0.9252747252747253,0.9692307692307692,14 substantive orderings within reply/pin group
large_threads,aqua_referencing_medium_expected,full,hidden | unpinned,hidden,False,2277,0,14,0.9824175824175824,0.9604395604395605,0.9912087912087912,14 substantive orderings within reply/pin group
large_threads,aqua_referencing_medium_expected,full,hidden | pinned,hidden,True,2277,0,14,0.9868131868131869,0.9604395604395605,0.9956043956043956,14 substantive orderings within reply/pin group
large_threads,aqua_referencing_medium_expected,top10,overall,,,2277,0,84,0.9649691201781918,0.9482423812898653,0.9733142587356258,all 84 substantive policy bundles
large_threads,aqua_referencing_medium_expected,top10,loose | unpinned,loose,False,2277,0,14,0.9868131868131869,0.9692307692307692,0.9956043956043956,14 substantive orderings within reply/pin group
large_threads,aqua_referencing_medium_expected,top10,loose | pinned,loose,True,2277,0,14,0.9780219780219781,0.9604395604395605,0.9956043956043956,14 substantive orderings within reply/pin group
large_threads,aqua_referencing_medium_expected,top10,trees | unpinned,trees,False,2277,0,14,0.9340659340659341,0.7802197802197802,0.9648351648351648,14 substantive orderings within reply/pin group
large_threads,aqua_referencing_medium_expected,top10,trees | pinned,trees,True,2277,0,14,0.9208791208791209,0.7626373626373626,0.9692307692307692,14 substantive orderings within reply/pin group
large_threads,aqua_referencing_medium_expected,top10,hidden | unpinned,hidden,False,2277,0,14,0.9868131868131869,0.9472527472527472,0.9956043956043956,14 substantive orderings within reply/pin group
large_threads,aqua_referencing_medium_expected,top10,hidden | pinned,hidden,True,2277,0,14,0.9780219780219781,0.9164835164835164,0.9912087912087912,14 substantive orderings within reply/pin group
large_threads,aqua_referencing_personal_expected,full,overall,,,2277,0,84,0.9641996557659208,0.9464402146400729,0.9687369646653842,all 84 substantive policy bundles
large_threads,aqua_referencing_personal_expected,full,loose | unpinned,loose,False,2277,0,14,0.9076923076923077,0.8813186813186813,0.9428571428571428,14 substantive orderings within reply/pin group
large_threads,aqua_referencing_personal_expected,full,loose | pinned,loose,True,2277,0,14,0.9604395604395607,0.9340659340659341,0.9736263736263736,14 substantive orderings within reply/pin group
large_threads,aqua_referencing_personal_expected,full,trees | unpinned,trees,False,2277,0,14,0.8681318681318682,0.8153846153846154,0.9032967032967033,14 substantive orderings within reply/pin group
large_threads,aqua_referencing_personal_expected,full,trees | pinned,trees,True,2277,0,14,0.9604395604395607,0.9164835164835164,0.9824175824175824,14 substantive orderings within reply/pin group
large_threads,aqua_referencing_personal_expected,full,hidden | unpinned,hidden,False,2277,0,14,0.9252747252747253,0.8681318681318682,0.9384615384615385,14 substantive orderings within reply/pin group
large_threads,aqua_referencing_personal_expected,full,hidden | pinned,hidden,True,2277,0,14,0.9780219780219781,0.9648351648351648,0.9912087912087912,14 substantive orderings within reply/pin group
large_threads,aqua_referencing_personal_expected,top10,overall,,,2277,0,84,0.9847322061354663,0.9765105801356687,0.9901589551483244,all 84 substantive policy bundles
large_threads,aqua_referencing_personal_expected,top10,loose | unpinned,loose,False,2277,0,14,0.9428571428571428,0.9340659340659341,0.9956043956043956,14 substantive orderings within reply/pin group
large_threads,aqua_referencing_personal_expected,top10,loose | pinned,loose,True,2277,0,14,0.9472527472527472,0.9208791208791208,0.9956043956043956,14 substantive orderings within reply/pin group
large_threads,aqua_referencing_personal_expected,top10,trees | unpinned,trees,False,2277,0,14,0.9912087912087912,0.9516483516483516,0.9956043956043956,14 substantive orderings within reply/pin group
large_threads,aqua_referencing_personal_expected,top10,trees | pinned,trees,True,2277,0,14,0.9912087912087912,0.9252747252747253,0.9956043956043956,14 substantive orderings within reply/pin group
large_threads,aqua_referencing_personal_expected,top10,hidden | unpinned,hidden,False,2277,0,14,0.9384615384615385,0.9340659340659341,0.9956043956043956,14 substantive orderings within reply/pin group
large_threads,aqua_referencing_personal_expected,top10,hidden | pinned,hidden,True,2277,0,14,0.9648351648351648,0.9032967032967033,0.9956043956043956,14 substantive orderings within reply/pin group
large_threads,aqua_referencing_users_expected,full,overall,,,2277,0,84,0.917586311633087,0.9035734534777767,0.9314776754075124,all 84 substantive policy bundles
large_threads,aqua_referencing_users_expected,full,loose | unpinned,loose,False,2277,0,14,0.7318681318681319,0.6659340659340659,0.8153846153846154,14 substantive orderings within reply/pin group
large_threads,aqua_referencing_users_expected,full,loose | pinned,loose,True,2277,0,14,0.8593406593406594,0.8549450549450549,0.8725274725274725,14 substantive orderings within reply/pin group
large_threads,aqua_referencing_users_expected,full,trees | unpinned,trees,False,2277,0,14,0.9516483516483516,0.9340659340659341,0.9736263736263736,14 substantive orderings within reply/pin group
large_threads,aqua_referencing_users_expected,full,trees | pinned,trees,True,2277,0,14,0.9780219780219781,0.9560439560439561,0.9912087912087912,14 substantive orderings within reply/pin group
large_threads,aqua_referencing_users_expected,full,hidden | unpinned,hidden,False,2277,0,14,0.9516483516483516,0.9296703296703297,0.9781318681318675,14 substantive orderings within reply/pin group
large_threads,aqua_referencing_users_expected,full,hidden | pinned,hidden,True,2277,0,14,0.9516483516483516,0.9428571428571428,0.978021978021978,14 substantive orderings within reply/pin group
large_threads,aqua_referencing_users_expected,top10,overall,,,2277,0,84,0.9641794067024401,0.947959906854308,0.9711050926394654,all 84 substantive policy bundles
large_threads,aqua_referencing_users_expected,top10,loose | unpinned,loose,False,2277,0,14,0.9868131868131869,0.9648351648351648,1.0,14 substantive orderings within reply/pin group
large_threads,aqua_referencing_users_expected,top10,loose | pinned,loose,True,2277,0,14,0.9780219780219781,0.9560439560439561,1.0,14 substantive orderings within reply/pin group
large_threads,aqua_referencing_users_expected,top10,trees | unpinned,trees,False,2277,0,14,0.9956043956043955,0.9692307692307692,1.0,14 substantive orderings within reply/pin group
large_threads,aqua_referencing_users_expected,top10,trees | pinned,trees,True,2277,0,14,0.9868131868131869,0.9252747252747253,1.0,14 substantive orderings within reply/pin group
large_threads,aqua_referencing_users_expected,top10,hidden | unpinned,hidden,False,2277,0,14,0.9780219780219781,0.9692307692307692,0.9956043956043956,14 substantive orderings within reply/pin group
large_threads,aqua_referencing_users_expected,top10,hidden | pinned,hidden,True,2277,0,14,0.9868131868131869,0.9604395604395605,1.0,14 substantive orderings within reply/pin group
large_threads,aqua_relevance_expected,full,overall,,,2277,0,84,0.8907563025210083,0.8779968613951604,0.8998901488306166,all 84 substantive policy bundles
large_threads,aqua_relevance_expected,full,loose | unpinned,loose,False,2277,0,14,0.9648351648351648,0.9648351648351648,0.9736263736263736,14 substantive orderings within reply/pin group
large_threads,aqua_relevance_expected,full,loose | pinned,loose,True,2277,0,14,0.9912087912087912,0.9824175824175824,0.9912087912087912,14 substantive orderings within reply/pin group
large_threads,aqua_relevance_expected,full,trees | unpinned,trees,False,2277,0,14,0.9956043956043955,0.9736263736263736,0.9956043956043956,14 substantive orderings within reply/pin group
large_threads,aqua_relevance_expected,full,trees | pinned,trees,True,2277,0,14,0.9824175824175824,0.978021978021978,0.9956043956043956,14 substantive orderings within reply/pin group
large_threads,aqua_relevance_expected,full,hidden | unpinned,hidden,False,2277,0,14,1.0,0.9912087912087912,1.0,14 substantive orderings within reply/pin group
large_threads,aqua_relevance_expected,full,hidden | pinned,hidden,True,2277,0,14,0.9956043956043955,0.9912087912087912,1.0,14 substantive orderings within reply/pin group
large_threads,aqua_relevance_expected,top10,overall,,,2277,0,84,0.9947149944315077,0.9926698390199453,0.9970841348587628,all 84 substantive policy bundles
large_threads,aqua_relevance_expected,top10,loose | unpinned,loose,False,2277,0,14,0.9956043956043955,0.9824175824175824,1.0,14 substantive orderings within reply/pin group
large_threads,aqua_relevance_expected,top10,loose | pinned,loose,True,2277,0,14,0.9956043956043955,0.9868131868131869,1.0,14 substantive orderings within reply/pin group
large_threads,aqua_relevance_expected,top10,trees | unpinned,trees,False,2277,0,14,0.9956043956043955,0.9648351648351648,1.0,14 substantive orderings within reply/pin group
large_threads,aqua_relevance_expected,top10,trees | pinned,trees,True,2277,0,14,0.9824175824175824,0.9559340659340659,1.0,14 substantive orderings within reply/pin group
large_threads,aqua_relevance_expected,top10,hidden | unpinned,hidden,False,2277,0,14,0.9956043956043955,0.9824175824175824,1.0,14 substantive orderings within reply/pin group
large_threads,aqua_relevance_expected,top10,hidden | pinned,hidden,True,2277,0,14,0.9956043956043955,0.9912087912087912,1.0,14 substantive orderings within reply/pin group
large_threads,aqua_respect_expected,full,overall,,,2277,0,84,0.7404070061759643,0.7119752961425534,0.7687992305355877,all 84 substantive policy bundles
large_threads,aqua_respect_expected,full,loose | unpinned,loose,False,2277,0,14,0.8857142857142857,0.8504395604395604,0.8989010989010989,14 substantive orderings within reply/pin group
large_threads,aqua_respect_expected,full,loose | pinned,loose,True,2277,0,14,0.8637362637362638,0.832967032967033,0.8857142857142857,14 substantive orderings within reply/pin group
large_threads,aqua_respect_expected,full,trees | unpinned,trees,False,2277,0,14,0.8813186813186813,0.832967032967033,0.9208791208791208,14 substantive orderings within reply/pin group
large_threads,aqua_respect_expected,full,trees | pinned,trees,True,2277,0,14,0.9604395604395607,0.9472527472527472,0.9736263736263736,14 substantive orderings within reply/pin group
large_threads,aqua_respect_expected,full,hidden | unpinned,hidden,False,2277,0,14,0.9648351648351648,0.9516483516483516,0.9824175824175824,14 substantive orderings within reply/pin group
large_threads,aqua_respect_expected,full,hidden | pinned,hidden,True,2277,0,14,0.9604395604395607,0.9120879120879121,0.9692307692307692,14 substantive orderings within reply/pin group
large_threads,aqua_respect_expected,top10,overall,,,2277,0,84,0.995545206034221,0.9915561405285006,0.9965171610813,all 84 substantive policy bundles
large_threads,aqua_respect_expected,top10,loose | unpinned,loose,False,2277,0,14,0.9912087912087912,0.9692307692307692,0.9956043956043956,14 substantive orderings within reply/pin group
large_threads,aqua_respect_expected,top10,loose | pinned,loose,True,2277,0,14,0.9912087912087912,0.9648351648351648,0.9956043956043956,14 substantive orderings within reply/pin group
large_threads,aqua_respect_expected,top10,trees | unpinned,trees,False,2277,0,14,0.9956043956043955,0.9560439560439561,1.0,14 substantive orderings within reply/pin group
large_threads,aqua_respect_expected,top10,trees | pinned,trees,True,2277,0,14,0.9648351648351648,0.9252747252747253,0.9956043956043956,14 substantive orderings within reply/pin group
large_threads,aqua_respect_expected,top10,hidden | unpinned,hidden,False,2277,0,14,0.9956043956043955,0.9692307692307692,0.9956043956043956,14 substantive orderings within reply/pin group
large_threads,aqua_respect_expected,top10,hidden | pinned,hidden,True,2277,0,14,0.9868131868131869,0.9735164835164835,0.9956043956043956,14 substantive orderings within reply/pin group
large_threads,aqua_sarcasm_expected,full,overall,,,2277,0,84,0.9263744051837602,0.9139612230434343,0.9346162802470386,all 84 substantive policy bundles
large_threads,aqua_sarcasm_expected,full,loose | unpinned,loose,False,2277,0,14,0.7318681318681319,0.6967032967032967,0.7494505494505495,14 substantive orderings within reply/pin group
large_threads,aqua_sarcasm_expected,full,loose | pinned,loose,True,2277,0,14,0.8109890109890111,0.7494505494505495,0.8505494505494505,14 substantive orderings within reply/pin group
large_threads,aqua_sarcasm_expected,full,trees | unpinned,trees,False,2277,0,14,0.9604395604395607,0.9208791208791208,0.978021978021978,14 substantive orderings within reply/pin group
large_threads,aqua_sarcasm_expected,full,trees | pinned,trees,True,2277,0,14,0.9604395604395607,0.9472527472527472,0.9868131868131869,14 substantive orderings within reply/pin group
large_threads,aqua_sarcasm_expected,full,hidden | unpinned,hidden,False,2277,0,14,0.9824175824175824,0.9604395604395605,0.9912087912087912,14 substantive orderings within reply/pin group
large_threads,aqua_sarcasm_expected,full,hidden | pinned,hidden,True,2277,0,14,0.9736263736263736,0.9736263736263736,0.9912087912087912,14 substantive orderings within reply/pin group
large_threads,aqua_sarcasm_expected,top10,overall,,,2277,0,84,0.9782120076946442,0.9617287637946745,0.9828303128480308,all 84 substantive policy bundles
large_threads,aqua_sarcasm_expected,top10,loose | unpinned,loose,False,2277,0,14,0.9824175824175824,0.9604395604395605,0.9956043956043956,14 substantive orderings within reply/pin group
large_threads,aqua_sarcasm_expected,top10,loose | pinned,loose,True,2277,0,14,0.9868131868131869,0.9736263736263736,1.0,14 substantive orderings within reply/pin group
large_threads,aqua_sarcasm_expected,top10,trees | unpinned,trees,False,2277,0,14,0.9824175824175824,0.9604395604395605,1.0,14 substantive orderings within reply/pin group
large_threads,aqua_sarcasm_expected,top10,trees | pinned,trees,True,2277,0,14,0.9956043956043955,0.9648351648351648,1.0,14 substantive orderings within reply/pin group
large_threads,aqua_sarcasm_expected,top10,hidden | unpinned,hidden,False,2277,0,14,0.9912087912087912,0.978021978021978,1.0,14 substantive orderings within reply/pin group
large_threads,aqua_sarcasm_expected,top10,hidden | pinned,hidden,True,2277,0,14,0.9956043956043955,0.9868131868131869,1.0,14 substantive orderings within reply/pin group
large_threads,aqua_score_expected,full,overall,,,2277,0,84,0.9531234180419157,0.9485866153690391,0.9570117444568188,all 84 substantive policy bundles
large_threads,aqua_score_expected,full,loose | unpinned,loose,False,2277,0,14,0.9384615384615385,0.9384615384615385,0.9516483516483516,14 substantive orderings within reply/pin group
large_threads,aqua_score_expected,full,loose | pinned,loose,True,2277,0,14,0.9824175824175824,0.9824175824175824,0.9912087912087912,14 substantive orderings within reply/pin group
large_threads,aqua_score_expected,full,trees | unpinned,trees,False,2277,0,14,0.9912087912087912,0.9824175824175824,1.0,14 substantive orderings within reply/pin group
large_threads,aqua_score_expected,full,trees | pinned,trees,True,2277,0,14,0.9780219780219781,0.978021978021978,0.9956043956043956,14 substantive orderings within reply/pin group
large_threads,aqua_score_expected,full,hidden | unpinned,hidden,False,2277,0,14,0.9912087912087912,0.9824175824175824,0.9912087912087912,14 substantive orderings within reply/pin group
large_threads,aqua_score_expected,full,hidden | pinned,hidden,True,2277,0,14,0.9912087912087912,0.9912087912087912,0.9956043956043956,14 substantive orderings within reply/pin group
large_threads,aqua_score_expected,top10,overall,,,2277,0,84,0.9923053558772909,0.9896117242077554,0.9944320137693631,all 84 substantive policy bundles
large_threads,aqua_score_expected,top10,loose | unpinned,loose,False,2277,0,14,1.0,0.9912087912087912,1.0,14 substantive orderings within reply/pin group
large_threads,aqua_score_expected,top10,loose | pinned,loose,True,2277,0,14,1.0,0.9912087912087912,1.0,14 substantive orderings within reply/pin group
large_threads,aqua_score_expected,top10,trees | unpinned,trees,False,2277,0,14,0.9956043956043955,0.9824175824175824,1.0,14 substantive orderings within reply/pin group
large_threads,aqua_score_expected,top10,trees | pinned,trees,True,2277,0,14,0.9912087912087912,0.9823076923076922,1.0,14 substantive orderings within reply/pin group
large_threads,aqua_score_expected,top10,hidden | unpinned,hidden,False,2277,0,14,1.0,0.9868131868131869,1.0,14 substantive orderings within reply/pin group
large_threads,aqua_score_expected,top10,hidden | pinned,hidden,True,2277,0,14,0.9956043956043955,0.9912087912087912,1.0,14 substantive orderings within reply/pin group
large_threads,aqua_screaming_expected,full,overall,,,2277,0,84,0.9101954034625899,0.8919687151969221,0.9268031791029665,all 84 substantive policy bundles
large_threads,aqua_screaming_expected,full,loose | unpinned,loose,False,2277,0,14,0.8417582417582418,0.7934065934065934,0.9076923076923077,14 substantive orderings within reply/pin group
large_threads,aqua_screaming_expected,full,loose | pinned,loose,True,2277,0,14,0.9384615384615385,0.9120879120879121,0.9560439560439561,14 substantive orderings within reply/pin group
large_threads,aqua_screaming_expected,full,trees | unpinned,trees,False,2277,0,14,0.7714285714285714,0.6571428571428571,0.8462637362637356,14 substantive orderings within reply/pin group
large_threads,aqua_screaming_expected,full,trees | pinned,trees,True,2277,0,14,0.9296703296703297,0.8769230769230769,0.9648351648351648,14 substantive orderings within reply/pin group
large_threads,aqua_screaming_expected,full,hidden | unpinned,hidden,False,2277,0,14,0.9340659340659341,0.810989010989011,0.9604395604395605,14 substantive orderings within reply/pin group
large_threads,aqua_screaming_expected,full,hidden | pinned,hidden,True,2277,0,14,0.9472527472527472,0.8989010989010989,0.9824175824175824,14 substantive orderings within reply/pin group
large_threads,aqua_screaming_expected,top10,overall,,,2277,0,84,0.9759846107117546,0.957312949276096,0.9842259795484459,all 84 substantive policy bundles
large_threads,aqua_screaming_expected,top10,loose | unpinned,loose,False,2277,0,14,0.9472527472527472,0.9120879120879121,0.9912087912087912,14 substantive orderings within reply/pin group
large_threads,aqua_screaming_expected,top10,loose | pinned,loose,True,2277,0,14,0.956043956043956,0.8681318681318682,0.9868131868131869,14 substantive orderings within reply/pin group
large_threads,aqua_screaming_expected,top10,trees | unpinned,trees,False,2277,0,14,0.9912087912087912,0.9208791208791208,0.9956043956043956,14 substantive orderings within reply/pin group
large_threads,aqua_screaming_expected,top10,trees | pinned,trees,True,2277,0,14,0.9824175824175824,0.8857142857142857,0.9956043956043956,14 substantive orderings within reply/pin group
large_threads,aqua_screaming_expected,top10,hidden | unpinned,hidden,False,2277,0,14,0.9032967032967033,0.8417582417582418,0.9824175824175824,14 substantive orderings within reply/pin group
large_threads,aqua_screaming_expected,top10,hidden | pinned,hidden,True,2277,0,14,0.9340659340659341,0.9076923076923077,0.9956043956043956,14 substantive orderings within reply/pin group
large_threads,aqua_solution_proposal_expected,full,overall,,,2277,0,84,0.9258884276602208,0.9168973372481523,0.9364786878606864,all 84 substantive policy bundles
large_threads,aqua_solution_proposal_expected,full,loose | unpinned,loose,False,2277,0,14,0.9296703296703297,0.9252747252747253,0.9472527472527472,14 substantive orderings within reply/pin group
large_threads,aqua_solution_proposal_expected,full,loose | pinned,loose,True,2277,0,14,0.9824175824175824,0.9692307692307692,0.9824175824175824,14 substantive orderings within reply/pin group
large_threads,aqua_solution_proposal_expected,full,trees | unpinned,trees,False,2277,0,14,0.9692307692307693,0.9692307692307692,0.9912087912087912,14 substantive orderings within reply/pin group
large_threads,aqua_solution_proposal_expected,full,trees | pinned,trees,True,2277,0,14,0.9780219780219781,0.9648351648351648,0.9824175824175824,14 substantive orderings within reply/pin group
large_threads,aqua_solution_proposal_expected,full,hidden | unpinned,hidden,False,2277,0,14,0.9824175824175824,0.9736263736263736,0.9912087912087912,14 substantive orderings within reply/pin group
large_threads,aqua_solution_proposal_expected,full,hidden | pinned,hidden,True,2277,0,14,0.9692307692307693,0.9604395604395605,0.9824175824175824,14 substantive orderings within reply/pin group
large_threads,aqua_solution_proposal_expected,top10,overall,,,2277,0,84,0.9927710843373494,0.9897134757517465,0.9933988053052546,all 84 substantive policy bundles
large_threads,aqua_solution_proposal_expected,top10,loose | unpinned,loose,False,2277,0,14,0.9956043956043955,0.9956043956043956,1.0,14 substantive orderings within reply/pin group
large_threads,aqua_solution_proposal_expected,top10,loose | pinned,loose,True,2277,0,14,0.9956043956043955,0.9956043956043956,1.0,14 substantive orderings within reply/pin group
large_threads,aqua_solution_proposal_expected,top10,trees | unpinned,trees,False,2277,0,14,1.0,0.9912087912087912,1.0,14 substantive orderings within reply/pin group
large_threads,aqua_solution_proposal_expected,top10,trees | pinned,trees,True,2277,0,14,0.9956043956043955,0.9824175824175824,1.0,14 substantive orderings within reply/pin group
large_threads,aqua_solution_proposal_expected,top10,hidden | unpinned,hidden,False,2277,0,14,1.0,0.9956043956043956,1.0,14 substantive orderings within reply/pin group
large_threads,aqua_solution_proposal_expected,top10,hidden | pinned,hidden,True,2277,0,14,1.0,0.9824175824175824,1.0,14 substantive orderings within reply/pin group
large_threads,aqua_storytelling_expected,full,overall,,,2277,0,84,0.8698187708818468,0.8584995443960717,0.8789516047382808,all 84 substantive policy bundles
large_threads,aqua_storytelling_expected,full,loose | unpinned,loose,False,2277,0,14,0.8901098901098902,0.8725274725274725,0.9076923076923077,14 substantive orderings within reply/pin group
large_threads,aqua_storytelling_expected,full,loose | pinned,loose,True,2277,0,14,0.9252747252747253,0.9252747252747253,0.9384615384615385,14 substantive orderings within reply/pin group
large_threads,aqua_storytelling_expected,full,trees | unpinned,trees,False,2277,0,14,0.9516483516483516,0.9340659340659341,0.9692307692307692,14 substantive orderings within reply/pin group
large_threads,aqua_storytelling_expected,full,trees | pinned,trees,True,2277,0,14,0.9692307692307693,0.9560439560439561,0.978021978021978,14 substantive orderings within reply/pin group
large_threads,aqua_storytelling_expected,full,hidden | unpinned,hidden,False,2277,0,14,0.9868131868131869,0.9735164835164835,0.9956043956043956,14 substantive orderings within reply/pin group
large_threads,aqua_storytelling_expected,full,hidden | pinned,hidden,True,2277,0,14,0.9736263736263736,0.9604395604395605,0.9824175824175824,14 substantive orderings within reply/pin group
large_threads,aqua_storytelling_expected,top10,overall,,,2277,0,84,0.9923053558772909,0.9883967803989065,0.9938037865748709,all 84 substantive policy bundles
large_threads,aqua_storytelling_expected,top10,loose | unpinned,loose,False,2277,0,14,0.9912087912087912,0.9736263736263736,1.0,14 substantive orderings within reply/pin group
large_threads,aqua_storytelling_expected,top10,loose | pinned,loose,True,2277,0,14,0.9956043956043955,0.978021978021978,1.0,14 substantive orderings within reply/pin group
large_threads,aqua_storytelling_expected,top10,trees | unpinned,trees,False,2277,0,14,0.9868131868131869,0.9692307692307692,1.0,14 substantive orderings within reply/pin group
large_threads,aqua_storytelling_expected,top10,trees | pinned,trees,True,2277,0,14,0.9912087912087912,0.9516483516483516,1.0,14 substantive orderings within reply/pin group
large_threads,aqua_storytelling_expected,top10,hidden | unpinned,hidden,False,2277,0,14,0.9956043956043955,0.978021978021978,1.0,14 substantive orderings within reply/pin group
large_threads,aqua_storytelling_expected,top10,hidden | pinned,hidden,True,2277,0,14,0.9956043956043955,0.978021978021978,1.0,14 substantive orderings within reply/pin group
large_threads,aqua_vulgarity_expected,full,overall,,,2277,0,84,0.9755796294421382,0.9726435152374203,0.9775437885997773,all 84 substantive policy bundles
large_threads,aqua_vulgarity_expected,full,loose | unpinned,loose,False,2277,0,14,0.9648351648351648,0.9560439560439561,0.9824175824175824,14 substantive orderings within reply/pin group
large_threads,aqua_vulgarity_expected,full,loose | pinned,loose,True,2277,0,14,0.9648351648351648,0.9604395604395605,0.9648351648351648,14 substantive orderings within reply/pin group
large_threads,aqua_vulgarity_expected,full,trees | unpinned,trees,False,2277,0,14,0.8109890109890111,0.7493406593406593,0.8549450549450549,14 substantive orderings within reply/pin group
large_threads,aqua_vulgarity_expected,full,trees | pinned,trees,True,2277,0,14,0.8725274725274725,0.832967032967033,0.9252747252747253,14 substantive orderings within reply/pin group
large_threads,aqua_vulgarity_expected,full,hidden | unpinned,hidden,False,2277,0,14,0.9428571428571428,0.9076923076923077,0.9648351648351648,14 substantive orderings within reply/pin group
large_threads,aqua_vulgarity_expected,full,hidden | pinned,hidden,True,2277,0,14,0.9692307692307693,0.9648351648351648,0.9868131868131869,14 substantive orderings within reply/pin group
large_threads,aqua_vulgarity_expected,top10,overall,,,2277,0,84,0.9922041105598867,0.9885795281968209,0.9963349195099727,all 84 substantive policy bundles
large_threads,aqua_vulgarity_expected,top10,loose | unpinned,loose,False,2277,0,14,0.9912087912087912,0.978021978021978,1.0,14 substantive orderings within reply/pin group
large_threads,aqua_vulgarity_expected,top10,loose | pinned,loose,True,2277,0,14,0.9956043956043955,0.9824175824175824,1.0,14 substantive orderings within reply/pin group
large_threads,aqua_vulgarity_expected,top10,trees | unpinned,trees,False,2277,0,14,1.0,0.9604395604395605,1.0,14 substantive orderings within reply/pin group
large_threads,aqua_vulgarity_expected,top10,trees | pinned,trees,True,2277,0,14,0.9780219780219781,0.8901098901098901,0.9956043956043956,14 substantive orderings within reply/pin group
large_threads,aqua_vulgarity_expected,top10,hidden | unpinned,hidden,False,2277,0,14,0.9912087912087912,0.978021978021978,1.0,14 substantive orderings within reply/pin group
large_threads,aqua_vulgarity_expected,top10,hidden | pinned,hidden,True,2277,0,14,1.0,0.978021978021978,1.0,14 substantive orderings within reply/pin group
large_threads,article_similarity_top3,full,overall,,,2277,0,84,0.9768755695049105,0.9755998785056191,0.9789409739799534,all 84 substantive policy bundles
large_threads,article_similarity_top3,full,loose | unpinned,loose,False,2277,0,14,0.9956043956043955,0.9956043956043956,0.9956043956043956,14 substantive orderings within reply/pin group
large_threads,article_similarity_top3,full,loose | pinned,loose,True,2277,0,14,0.9956043956043955,0.9956043956043956,0.9956043956043956,14 substantive orderings within reply/pin group
large_threads,article_similarity_top3,full,trees | unpinned,trees,False,2277,0,14,0.9736263736263736,0.9516483516483516,0.9912087912087912,14 substantive orderings within reply/pin group
large_threads,article_similarity_top3,full,trees | pinned,trees,True,2277,0,14,0.9912087912087912,0.9736263736263736,0.9956043956043956,14 substantive orderings within reply/pin group
large_threads,article_similarity_top3,full,hidden | unpinned,hidden,False,2277,0,14,0.9912087912087912,0.9868131868131869,0.9956043956043956,14 substantive orderings within reply/pin group
large_threads,article_similarity_top3,full,hidden | pinned,hidden,True,2277,0,14,0.9956043956043955,0.9912087912087912,0.9956043956043956,14 substantive orderings within reply/pin group
large_threads,article_similarity_top3,top10,overall,,,2277,0,84,0.9933380581148122,0.9901381998582566,0.9942087678444872,all 84 substantive policy bundles
large_threads,article_similarity_top3,top10,loose | unpinned,loose,False,2277,0,14,0.9912087912087912,0.978021978021978,1.0,14 substantive orderings within reply/pin group
large_threads,article_similarity_top3,top10,loose | pinned,loose,True,2277,0,14,0.9956043956043955,0.978021978021978,1.0,14 substantive orderings within reply/pin group
large_threads,article_similarity_top3,top10,trees | unpinned,trees,False,2277,0,14,1.0,0.978021978021978,1.0,14 substantive orderings within reply/pin group
large_threads,article_similarity_top3,top10,trees | pinned,trees,True,2277,0,14,0.9912087912087912,0.9692307692307692,1.0,14 substantive orderings within reply/pin group
large_threads,article_similarity_top3,top10,hidden | unpinned,hidden,False,2277,0,14,0.9912087912087912,0.978021978021978,1.0,14 substantive orderings within reply/pin group
large_threads,article_similarity_top3,top10,hidden | pinned,hidden,True,2277,0,14,0.9956043956043955,0.978021978021978,1.0,14 substantive orderings within reply/pin group
large_threads,author_prior_30d_downvote_reception,full,overall,,,2277,0,84,0.964098410448517,0.956889743849347,0.9679057406094967,all 84 substantive policy bundles
large_threads,author_prior_30d_downvote_reception,full,loose | unpinned,loose,False,2277,0,14,0.8725274725274725,0.8461538461538461,0.9340659340659341,14 substantive orderings within reply/pin group
large_threads,author_prior_30d_downvote_reception,full,loose | pinned,loose,True,2277,0,14,0.9472527472527472,0.9296703296703297,0.9648351648351648,14 substantive orderings within reply/pin group
large_threads,author_prior_30d_downvote_reception,full,trees | unpinned,trees,False,2277,0,14,0.7890109890109891,0.6834065934065934,0.8637362637362638,14 substantive orderings within reply/pin group
large_threads,author_prior_30d_downvote_reception,full,trees | pinned,trees,True,2277,0,14,0.956043956043956,0.8725274725274725,0.978021978021978,14 substantive orderings within reply/pin group
large_threads,author_prior_30d_downvote_reception,full,hidden | unpinned,hidden,False,2277,0,14,0.8681318681318682,0.8197802197802198,0.9032967032967033,14 substantive orderings within reply/pin group
large_threads,author_prior_30d_downvote_reception,full,hidden | pinned,hidden,True,2277,0,14,0.9824175824175824,0.9516483516483516,0.9912087912087912,14 substantive orderings within reply/pin group
large_threads,author_prior_30d_downvote_reception,top10,overall,,,2277,0,84,0.9780702642502784,0.9695859066518173,0.9837602510883872,all 84 substantive policy bundles
large_threads,author_prior_30d_downvote_reception,top10,loose | unpinned,loose,False,2277,0,14,0.9824175824175824,0.9560439560439561,0.9956043956043956,14 substantive orderings within reply/pin group
large_threads,author_prior_30d_downvote_reception,top10,loose | pinned,loose,True,2277,0,14,0.9956043956043955,0.9560439560439561,1.0,14 substantive orderings within reply/pin group
large_threads,author_prior_30d_downvote_reception,top10,trees | unpinned,trees,False,2277,0,14,0.9648351648351648,0.9428571428571428,1.0,14 substantive orderings within reply/pin group
large_threads,author_prior_30d_downvote_reception,top10,trees | pinned,trees,True,2277,0,14,1.0,0.9648351648351648,1.0,14 substantive orderings within reply/pin group
large_threads,author_prior_30d_downvote_reception,top10,hidden | unpinned,hidden,False,2277,0,14,0.9780219780219781,0.9560439560439561,0.9956043956043956,14 substantive orderings within reply/pin group
large_threads,author_prior_30d_downvote_reception,top10,hidden | pinned,hidden,True,2277,0,14,0.9956043956043955,0.9472527472527472,1.0,14 substantive orderings within reply/pin group
large_threads,author_prior_30d_reception_balance,full,overall,,,2277,0,84,0.7087374708919713,0.6847792852080592,0.7304859775235396,all 84 substantive policy bundles
large_threads,author_prior_30d_reception_balance,full,loose | unpinned,loose,False,2277,0,14,0.8593406593406594,0.7538461538461538,0.9032967032967033,14 substantive orderings within reply/pin group
large_threads,author_prior_30d_reception_balance,full,loose | pinned,loose,True,2277,0,14,0.956043956043956,0.9208791208791208,0.978021978021978,14 substantive orderings within reply/pin group
large_threads,author_prior_30d_reception_balance,full,trees | unpinned,trees,False,2277,0,14,0.8637362637362638,0.8241758241758241,0.9252747252747253,14 substantive orderings within reply/pin group
large_threads,author_prior_30d_reception_balance,full,trees | pinned,trees,True,2277,0,14,0.9252747252747253,0.8373626373626374,0.9648351648351648,14 substantive orderings within reply/pin group
large_threads,author_prior_30d_reception_balance,full,hidden | unpinned,hidden,False,2277,0,14,0.9516483516483516,0.9208791208791208,0.9736263736263736,14 substantive orderings within reply/pin group
large_threads,author_prior_30d_reception_balance,full,hidden | pinned,hidden,True,2277,0,14,0.9384615384615385,0.9340659340659341,0.9648351648351648,14 substantive orderings within reply/pin group
large_threads,author_prior_30d_reception_balance,top10,overall,,,2277,0,84,0.9875873240862612,0.9809449369424156,0.9900374607674395,all 84 substantive policy bundles
large_threads,author_prior_30d_reception_balance,top10,loose | unpinned,loose,False,2277,0,14,0.9956043956043955,0.9956043956043956,1.0,14 substantive orderings within reply/pin group
large_threads,author_prior_30d_reception_balance,top10,loose | pinned,loose,True,2277,0,14,0.9956043956043955,0.9824175824175824,1.0,14 substantive orderings within reply/pin group
large_threads,author_prior_30d_reception_balance,top10,trees | unpinned,trees,False,2277,0,14,1.0,0.9868131868131869,1.0,14 substantive orderings within reply/pin group
large_threads,author_prior_30d_reception_balance,top10,trees | pinned,trees,True,2277,0,14,0.9912087912087912,0.9735164835164835,1.0,14 substantive orderings within reply/pin group
large_threads,author_prior_30d_reception_balance,top10,hidden | unpinned,hidden,False,2277,0,14,0.9956043956043955,0.9956043956043956,1.0,14 substantive orderings within reply/pin group
large_threads,author_prior_30d_reception_balance,top10,hidden | pinned,hidden,True,2277,0,14,0.9912087912087912,0.9824175824175824,1.0,14 substantive orderings within reply/pin group
large_threads,author_prior_30d_upvote_reception,full,overall,,,2277,0,84,0.9237825250582162,0.919104991394148,0.9302824744355573,all 84 substantive policy bundles
large_threads,author_prior_30d_upvote_reception,full,loose | unpinned,loose,False,2277,0,14,0.8769230769230769,0.832967032967033,0.8901098901098901,14 substantive orderings within reply/pin group
large_threads,author_prior_30d_upvote_reception,full,loose | pinned,loose,True,2277,0,14,0.9252747252747253,0.8901098901098901,0.9516483516483516,14 substantive orderings within reply/pin group
large_threads,author_prior_30d_upvote_reception,full,trees | unpinned,trees,False,2277,0,14,0.9956043956043955,0.9692307692307692,0.9956043956043956,14 substantive orderings within reply/pin group
large_threads,author_prior_30d_upvote_reception,full,trees | pinned,trees,True,2277,0,14,0.9868131868131869,0.9692307692307692,0.9956043956043956,14 substantive orderings within reply/pin group
large_threads,author_prior_30d_upvote_reception,full,hidden | unpinned,hidden,False,2277,0,14,0.9824175824175824,0.9604395604395605,1.0,14 substantive orderings within reply/pin group
large_threads,author_prior_30d_upvote_reception,full,hidden | pinned,hidden,True,2277,0,14,0.9868131868131869,0.9516483516483516,0.9956043956043956,14 substantive orderings within reply/pin group
large_threads,author_prior_30d_upvote_reception,top10,overall,,,2277,0,84,0.9955047079072593,0.9916157925117218,0.9968006479700314,all 84 substantive policy bundles
large_threads,author_prior_30d_upvote_reception,top10,loose | unpinned,loose,False,2277,0,14,0.9956043956043955,0.978021978021978,1.0,14 substantive orderings within reply/pin group
large_threads,author_prior_30d_upvote_reception,top10,loose | pinned,loose,True,2277,0,14,0.9912087912087912,0.978021978021978,1.0,14 substantive orderings within reply/pin group
large_threads,author_prior_30d_upvote_reception,top10,trees | unpinned,trees,False,2277,0,14,0.9956043956043955,0.9824175824175824,1.0,14 substantive orderings within reply/pin group
large_threads,author_prior_30d_upvote_reception,top10,trees | pinned,trees,True,2277,0,14,0.9956043956043955,0.9692307692307692,1.0,14 substantive orderings within reply/pin group
large_threads,author_prior_30d_upvote_reception,top10,hidden | unpinned,hidden,False,2277,0,14,0.9956043956043955,0.978021978021978,1.0,14 substantive orderings within reply/pin group
large_threads,author_prior_30d_upvote_reception,top10,hidden | pinned,hidden,True,2277,0,14,0.9956043956043955,0.9824175824175824,1.0,14 substantive orderings within reply/pin group
large_threads,cttr,full,overall,,,2277,0,84,0.9561000303735953,0.9530014174344437,0.9594618811379974,all 84 substantive policy bundles
large_threads,cttr,full,loose | unpinned,loose,False,2277,0,14,0.9472527472527472,0.9428571428571428,0.9516483516483516,14 substantive orderings within reply/pin group
large_threads,cttr,full,loose | pinned,loose,True,2277,0,14,0.9736263736263736,0.9560439560439561,0.978021978021978,14 substantive orderings within reply/pin group
large_threads,cttr,full,trees | unpinned,trees,False,2277,0,14,0.9648351648351648,0.9604395604395605,0.9692307692307692,14 substantive orderings within reply/pin group
large_threads,cttr,full,trees | pinned,trees,True,2277,0,14,0.9604395604395607,0.9604395604395605,0.9692307692307692,14 substantive orderings within reply/pin group
large_threads,cttr,full,hidden | unpinned,hidden,False,2277,0,14,0.9692307692307693,0.9648351648351648,0.9824175824175824,14 substantive orderings within reply/pin group
large_threads,cttr,full,hidden | pinned,hidden,True,2277,0,14,0.9868131868131869,0.9736263736263736,0.9956043956043956,14 substantive orderings within reply/pin group
large_threads,cttr,top10,overall,,,2277,0,84,0.9946339981775844,0.9934798015591779,0.9961126850593272,all 84 substantive policy bundles
large_threads,cttr,top10,loose | unpinned,loose,False,2277,0,14,1.0,0.9956043956043956,1.0,14 substantive orderings within reply/pin group
large_threads,cttr,top10,loose | pinned,loose,True,2277,0,14,0.9956043956043955,0.9912087912087912,1.0,14 substantive orderings within reply/pin group
large_threads,cttr,top10,trees | unpinned,trees,False,2277,0,14,0.9956043956043955,0.9868131868131869,1.0,14 substantive orderings within reply/pin group
large_threads,cttr,top10,trees | pinned,trees,True,2277,0,14,0.9912087912087912,0.9868131868131869,1.0,14 substantive orderings within reply/pin group
large_threads,cttr,top10,hidden | unpinned,hidden,False,2277,0,14,1.0,0.9956043956043956,1.0,14 substantive orderings within reply/pin group
large_threads,cttr,top10,hidden | pinned,hidden,True,2277,0,14,0.9956043956043955,0.9912087912087912,1.0,14 substantive orderings within reply/pin group
large_threads,discussion_pace,full,overall,,,2277,0,84,0.3546825959299382,0.34194137896122306,0.3708823529411765,all 84 substantive policy bundles
large_threads,discussion_pace,full,loose | unpinned,loose,False,2277,0,14,-0.07692307692307693,-0.0945054945054945,-0.01978021978021978,14 substantive orderings within reply/pin group
large_threads,discussion_pace,full,loose | pinned,loose,True,2277,0,14,0.2,0.1956043956043956,0.2879120879120879,14 substantive orderings within reply/pin group
large_threads,discussion_pace,full,trees | unpinned,trees,False,2277,0,14,0.4153846153846154,0.2923076923076923,0.42417582417582417,14 substantive orderings within reply/pin group
large_threads,discussion_pace,full,trees | pinned,trees,True,2277,0,14,0.6131868131868132,0.5208791208791209,0.643956043956044,14 substantive orderings within reply/pin group
large_threads,discussion_pace,full,hidden | unpinned,hidden,False,2277,0,14,0.4813186813186813,0.47692307692307695,0.5076923076923077,14 substantive orderings within reply/pin group
large_threads,discussion_pace,full,hidden | pinned,hidden,True,2277,0,14,0.5340659340659341,0.512087912087912,0.5340659340659341,14 substantive orderings within reply/pin group
large_threads,discussion_pace,top10,overall,,,2277,0,84,0.9209679052343829,0.9127457730079983,0.9273473726840133,all 84 substantive policy bundles
large_threads,discussion_pace,top10,loose | unpinned,loose,False,2277,0,14,0.9912087912087912,0.9912087912087912,0.9956043956043956,14 substantive orderings within reply/pin group
large_threads,discussion_pace,top10,loose | pinned,loose,True,2277,0,14,0.9824175824175824,0.9824175824175824,0.9912087912087912,14 substantive orderings within reply/pin group
large_threads,discussion_pace,top10,trees | unpinned,trees,False,2277,0,14,1.0,0.9956043956043956,1.0,14 substantive orderings within reply/pin group
large_threads,discussion_pace,top10,trees | pinned,trees,True,2277,0,14,0.9956043956043955,0.9868131868131869,0.9956043956043956,14 substantive orderings within reply/pin group
large_threads,discussion_pace,top10,hidden | unpinned,hidden,False,2277,0,14,0.9912087912087912,0.9912087912087912,0.9956043956043956,14 substantive orderings within reply/pin group
large_threads,discussion_pace,top10,hidden | pinned,hidden,True,2277,0,14,0.9868131868131869,0.9824175824175824,0.9956043956043956,14 substantive orderings within reply/pin group
large_threads,is_reply,full,overall,,,2277,0,84,0.9935405487496204,0.9923458540042523,0.9941075225270831,all 84 substantive policy bundles
large_threads,is_reply,full,loose | unpinned,loose,False,2277,0,14,0.9956043956043955,0.9956043956043956,0.9956043956043956,14 substantive orderings within reply/pin group
large_threads,is_reply,full,loose | pinned,loose,True,2277,0,14,0.9956043956043955,0.9956043956043956,0.9956043956043956,14 substantive orderings within reply/pin group
large_threads,is_reply,full,trees | unpinned,trees,False,2277,0,14,0.4153846153846154,0.3098901098901099,0.46373626373626375,14 substantive orderings within reply/pin group
large_threads,is_reply,full,trees | pinned,trees,True,2277,0,14,0.5516483516483517,0.432967032967033,0.6351648351648351,14 substantive orderings within reply/pin group
large_threads,is_reply,full,hidden | unpinned,hidden,False,2277,0,14,1.0,0.9912087912087912,1.0,14 substantive orderings within reply/pin group
large_threads,is_reply,full,hidden | pinned,hidden,True,2277,0,14,1.0,0.9912087912087912,1.0,14 substantive orderings within reply/pin group
large_threads,is_reply,top10,overall,,,2277,0,84,0.9960093183429558,0.9933135824977211,0.9976298997265269,all 84 substantive policy bundles
large_threads,is_reply,top10,loose | unpinned,loose,False,2277,0,14,0.9956043956043955,0.9824175824175824,1.0,14 substantive orderings within reply/pin group
large_threads,is_reply,top10,loose | pinned,loose,True,2277,0,14,0.9780219780219781,0.9734598441206371,0.9957142857142851,14 substantive orderings within reply/pin group
large_threads,is_reply,top10,trees | unpinned,trees,False,2277,0,14,0.9780219780219781,0.8725274725274725,0.9956043956043956,14 substantive orderings within reply/pin group
large_threads,is_reply,top10,trees | pinned,trees,True,2277,0,14,0.9824175824175824,0.8725274725274725,0.9956043956043956,14 substantive orderings within reply/pin group
large_threads,is_reply,top10,hidden | unpinned,hidden,False,2277,0,14,0.9954022988505749,0.9908045977011494,1.0,14 substantive orderings within reply/pin group
large_threads,is_reply,top10,hidden | pinned,hidden,True,2277,0,14,0.9954022988505749,0.9849624060150376,1.0,14 substantive orderings within reply/pin group
large_threads,lexdiv_length_adjusted,full,overall,,,2277,0,84,0.8904120684418345,0.8730171104586413,0.9097301812291181,all 84 substantive policy bundles
large_threads,lexdiv_length_adjusted,full,loose | unpinned,loose,False,2277,0,14,0.5956043956043956,0.5252747252747253,0.7670329670329671,14 substantive orderings within reply/pin group
large_threads,lexdiv_length_adjusted,full,loose | pinned,loose,True,2277,0,14,0.9164835164835166,0.8021978021978022,0.9428571428571428,14 substantive orderings within reply/pin group
large_threads,lexdiv_length_adjusted,full,trees | unpinned,trees,False,2277,0,14,0.3054945054945055,0.1956043956043956,0.5164835164835165,14 substantive orderings within reply/pin group
large_threads,lexdiv_length_adjusted,full,trees | pinned,trees,True,2277,0,14,0.48571428571428577,0.3230769230769231,0.7758241758241758,14 substantive orderings within reply/pin group
large_threads,lexdiv_length_adjusted,full,hidden | unpinned,hidden,False,2277,0,14,0.7054945054945055,0.6,0.7891208791208785,14 substantive orderings within reply/pin group
large_threads,lexdiv_length_adjusted,full,hidden | pinned,hidden,True,2277,0,14,0.9032967032967033,0.8417582417582418,0.9340659340659341,14 substantive orderings within reply/pin group
large_threads,lexdiv_length_adjusted,top10,overall,,,2277,0,84,0.9781917586311634,0.9733922243596234,0.9911724207755391,all 84 substantive policy bundles
large_threads,lexdiv_length_adjusted,top10,loose | unpinned,loose,False,2277,0,14,0.9868131868131869,0.9560439560439561,1.0,14 substantive orderings within reply/pin group
large_threads,lexdiv_length_adjusted,top10,loose | pinned,loose,True,2277,0,14,0.9780219780219781,0.8945054945054945,0.9956043956043956,14 substantive orderings within reply/pin group
large_threads,lexdiv_length_adjusted,top10,trees | unpinned,trees,False,2277,0,14,0.9120879120879121,0.8857142857142857,0.9912087912087912,14 substantive orderings within reply/pin group
large_threads,lexdiv_length_adjusted,top10,trees | pinned,trees,True,2277,0,14,0.9692307692307693,0.8945054945054945,0.9956043956043956,14 substantive orderings within reply/pin group
large_threads,lexdiv_length_adjusted,top10,hidden | unpinned,hidden,False,2277,0,14,0.9692307692307693,0.9516483516483516,1.0,14 substantive orderings within reply/pin group
large_threads,lexdiv_length_adjusted,top10,hidden | pinned,hidden,True,2277,0,14,0.9648351648351648,0.8769230769230769,0.9912087912087912,14 substantive orderings within reply/pin group
large_threads,log_author_prior_30d_comments,full,overall,,,2277,0,84,0.8743748101650298,0.8596689278120887,0.8917292700212616,all 84 substantive policy bundles
large_threads,log_author_prior_30d_comments,full,loose | unpinned,loose,False,2277,0,14,0.6307692307692307,0.5208791208791209,0.7846153846153846,14 substantive orderings within reply/pin group
large_threads,log_author_prior_30d_comments,full,loose | pinned,loose,True,2277,0,14,0.8681318681318682,0.8373626373626374,0.9164835164835164,14 substantive orderings within reply/pin group
large_threads,log_author_prior_30d_comments,full,trees | unpinned,trees,False,2277,0,14,0.8945054945054945,0.8417582417582418,0.9208791208791208,14 substantive orderings within reply/pin group
large_threads,log_author_prior_30d_comments,full,trees | pinned,trees,True,2277,0,14,0.9516483516483516,0.9076923076923077,0.9692307692307692,14 substantive orderings within reply/pin group
large_threads,log_author_prior_30d_comments,full,hidden | unpinned,hidden,False,2277,0,14,0.8989010989010989,0.8769230769230769,0.9648351648351648,14 substantive orderings within reply/pin group
large_threads,log_author_prior_30d_comments,full,hidden | pinned,hidden,True,2277,0,14,0.956043956043956,0.9207692307692307,0.9868131868131869,14 substantive orderings within reply/pin group
large_threads,log_author_prior_30d_comments,top10,overall,,,2277,0,84,0.9809861293915157,0.9696446289359117,0.9902607066923155,all 84 substantive policy bundles
large_threads,log_author_prior_30d_comments,top10,loose | unpinned,loose,False,2277,0,14,0.9736263736263736,0.9164835164835164,1.0,14 substantive orderings within reply/pin group
large_threads,log_author_prior_30d_comments,top10,loose | pinned,loose,True,2277,0,14,0.9956043956043955,0.9560439560439561,1.0,14 substantive orderings within reply/pin group
large_threads,log_author_prior_30d_comments,top10,trees | unpinned,trees,False,2277,0,14,0.9956043956043955,0.9648351648351648,1.0,14 substantive orderings within reply/pin group
large_threads,log_author_prior_30d_comments,top10,trees | pinned,trees,True,2277,0,14,0.9164835164835166,0.8901098901098901,0.9956043956043956,14 substantive orderings within reply/pin group
large_threads,log_author_prior_30d_comments,top10,hidden | unpinned,hidden,False,2277,0,14,0.9868131868131869,0.9208791208791208,1.0,14 substantive orderings within reply/pin group
large_threads,log_author_prior_30d_comments,top10,hidden | pinned,hidden,True,2277,0,14,0.9824175824175824,0.9120879120879121,1.0,14 substantive orderings within reply/pin group
large_threads,log_author_prior_comments_story,full,overall,,,2277,0,84,0.9884580338159361,0.9872223347170194,0.9891465019742837,all 84 substantive policy bundles
large_threads,log_author_prior_comments_story,full,loose | unpinned,loose,False,2277,0,14,0.9604395604395607,0.9560439560439561,0.978021978021978,14 substantive orderings within reply/pin group
large_threads,log_author_prior_comments_story,full,loose | pinned,loose,True,2277,0,14,0.9736263736263736,0.9384615384615385,0.9868131868131869,14 substantive orderings within reply/pin group
large_threads,log_author_prior_comments_story,full,trees | unpinned,trees,False,2277,0,14,0.9120879120879121,0.810989010989011,0.9472527472527472,14 substantive orderings within reply/pin group
large_threads,log_author_prior_comments_story,full,trees | pinned,trees,True,2277,0,14,0.9120879120879121,0.8153846153846154,0.9692307692307692,14 substantive orderings within reply/pin group
large_threads,log_author_prior_comments_story,full,hidden | unpinned,hidden,False,2277,0,14,0.9296703296703297,0.8549450549450549,0.9428571428571428,14 substantive orderings within reply/pin group
large_threads,log_author_prior_comments_story,full,hidden | pinned,hidden,True,2277,0,14,0.8637362637362638,0.8593406593406593,0.8901098901098901,14 substantive orderings within reply/pin group
large_threads,log_author_prior_comments_story,top10,overall,,,2277,0,84,0.9944922547332187,0.9910296603368853,0.9950597334918062,all 84 substantive policy bundles
large_threads,log_author_prior_comments_story,top10,loose | unpinned,loose,False,2277,0,14,0.9912087912087912,0.9648351648351648,0.9956043956043956,14 substantive orderings within reply/pin group
large_threads,log_author_prior_comments_story,top10,loose | pinned,loose,True,2277,0,14,0.9780219780219781,0.9604395604395605,0.9956043956043956,14 substantive orderings within reply/pin group
large_threads,log_author_prior_comments_story,top10,trees | unpinned,trees,False,2277,0,14,0.9912087912087912,0.9604395604395605,1.0,14 substantive orderings within reply/pin group
large_threads,log_author_prior_comments_story,top10,trees | pinned,trees,True,2277,0,14,0.9912087912087912,0.8724175824175824,0.9956043956043956,14 substantive orderings within reply/pin group
large_threads,log_author_prior_comments_story,top10,hidden | unpinned,hidden,False,2277,0,14,1.0,0.9824175824175824,1.0,14 substantive orderings within reply/pin group
large_threads,log_author_prior_comments_story,top10,hidden | pinned,hidden,True,2277,0,14,0.9956043956043955,0.9824175824175824,1.0,14 substantive orderings within reply/pin group
large_threads,log_hours_since_article,full,overall,,,2277,0,84,0.6856535385238434,0.6799422901690797,0.6910635820593297,all 84 substantive policy bundles
large_threads,log_hours_since_article,full,loose | unpinned,loose,False,2277,0,14,0.9692307692307693,0.9692307692307692,0.9736263736263736,14 substantive orderings within reply/pin group
large_threads,log_hours_since_article,full,loose | pinned,loose,True,2277,0,14,0.9868131868131869,0.9868131868131869,0.9868131868131869,14 substantive orderings within reply/pin group
large_threads,log_hours_since_article,full,trees | unpinned,trees,False,2277,0,14,0.9340659340659341,0.9032967032967033,0.9472527472527472,14 substantive orderings within reply/pin group
large_threads,log_hours_since_article,full,trees | pinned,trees,True,2277,0,14,0.9516483516483516,0.9516483516483516,0.9692307692307692,14 substantive orderings within reply/pin group
large_threads,log_hours_since_article,full,hidden | unpinned,hidden,False,2277,0,14,0.9824175824175824,0.9472527472527472,0.9868131868131869,14 substantive orderings within reply/pin group
large_threads,log_hours_since_article,full,hidden | pinned,hidden,True,2277,0,14,0.9868131868131869,0.9824175824175824,0.9868131868131869,14 substantive orderings within reply/pin group
large_threads,log_hours_since_article,top10,overall,,,2277,0,84,0.9825655563430191,0.9776652829806621,0.9831937835375113,all 84 substantive policy bundles
large_threads,log_hours_since_article,top10,loose | unpinned,loose,False,2277,0,14,0.9956043956043955,0.9912087912087912,1.0,14 substantive orderings within reply/pin group
large_threads,log_hours_since_article,top10,loose | pinned,loose,True,2277,0,14,0.9956043956043955,0.9824175824175824,1.0,14 substantive orderings within reply/pin group
large_threads,log_hours_since_article,top10,trees | unpinned,trees,False,2277,0,14,0.9956043956043955,0.9824175824175824,1.0,14 substantive orderings within reply/pin group
large_threads,log_hours_since_article,top10,trees | pinned,trees,True,2277,0,14,1.0,0.9912087912087912,1.0,14 substantive orderings within reply/pin group
large_threads,log_hours_since_article,top10,hidden | unpinned,hidden,False,2277,0,14,0.9956043956043955,0.9824175824175824,0.9956043956043956,14 substantive orderings within reply/pin group
large_threads,log_hours_since_article,top10,hidden | pinned,hidden,True,2277,0,14,0.9868131868131869,0.9824175824175824,1.0,14 substantive orderings within reply/pin group
large_threads,log_words,full,overall,,,2277,0,84,0.9603320846410855,0.9569099929128277,0.9628429685127062,all 84 substantive policy bundles
large_threads,log_words,full,loose | unpinned,loose,False,2277,0,14,0.9472527472527472,0.9340659340659341,0.9516483516483516,14 substantive orderings within reply/pin group
large_threads,log_words,full,loose | pinned,loose,True,2277,0,14,0.9912087912087912,0.9868131868131869,0.9956043956043956,14 substantive orderings within reply/pin group
large_threads,log_words,full,trees | unpinned,trees,False,2277,0,14,0.9692307692307693,0.9648351648351648,0.9824175824175824,14 substantive orderings within reply/pin group
large_threads,log_words,full,trees | pinned,trees,True,2277,0,14,0.9648351648351648,0.9604395604395605,0.978021978021978,14 substantive orderings within reply/pin group
large_threads,log_words,full,hidden | unpinned,hidden,False,2277,0,14,0.9824175824175824,0.9736263736263736,0.9956043956043956,14 substantive orderings within reply/pin group
large_threads,log_words,full,hidden | pinned,hidden,True,2277,0,14,1.0,0.9912087912087912,1.0,14 substantive orderings within reply/pin group
large_threads,log_words,top10,overall,,,2277,0,84,0.9959704363673181,0.9943302607902716,0.9971453882757922,all 84 substantive policy bundles
large_threads,log_words,top10,loose | unpinned,loose,False,2277,0,14,1.0,1.0,1.0,14 substantive orderings within reply/pin group
large_threads,log_words,top10,loose | pinned,loose,True,2277,0,14,1.0,0.9956043956043956,1.0,14 substantive orderings within reply/pin group
large_threads,log_words,top10,trees | unpinned,trees,False,2277,0,14,0.9912087912087912,0.9824175824175824,1.0,14 substantive orderings within reply/pin group
large_threads,log_words,top10,trees | pinned,trees,True,2277,0,14,0.9956043956043955,0.9824175824175824,1.0,14 substantive orderings within reply/pin group
large_threads,log_words,top10,hidden | unpinned,hidden,False,2277,0,14,1.0,1.0,1.0,14 substantive orderings within reply/pin group
large_threads,log_words,top10,hidden | pinned,hidden,True,2277,0,14,1.0,0.9956043956043956,1.0,14 substantive orderings within reply/pin group
large_threads,novelty_prior_all_model,full,overall,,,2277,0,84,0.7590361445783133,0.7329340892983699,0.7726445276905943,all 84 substantive policy bundles
large_threads,novelty_prior_all_model,full,loose | unpinned,loose,False,2277,0,14,0.8153846153846154,0.7978021978021979,0.8197802197802198,14 substantive orderings within reply/pin group
large_threads,novelty_prior_all_model,full,loose | pinned,loose,True,2277,0,14,0.9472527472527472,0.9384615384615385,0.9516483516483516,14 substantive orderings within reply/pin group
large_threads,novelty_prior_all_model,full,trees | unpinned,trees,False,2277,0,14,0.9384615384615385,0.8769230769230769,0.9604395604395605,14 substantive orderings within reply/pin group
large_threads,novelty_prior_all_model,full,trees | pinned,trees,True,2277,0,14,0.9296703296703297,0.8989010989010989,0.9560439560439561,14 substantive orderings within reply/pin group
large_threads,novelty_prior_all_model,full,hidden | unpinned,hidden,False,2277,0,14,0.9252747252747253,0.9164835164835164,0.9472527472527472,14 substantive orderings within reply/pin group
large_threads,novelty_prior_all_model,full,hidden | pinned,hidden,True,2277,0,14,0.9868131868131869,0.9736263736263736,0.9912087912087912,14 substantive orderings within reply/pin group
large_threads,novelty_prior_all_model,top10,overall,,,2277,0,84,0.9882757922446087,0.9826055482433937,0.9908879214336337,all 84 substantive policy bundles
large_threads,novelty_prior_all_model,top10,loose | unpinned,loose,False,2277,0,14,0.9780219780219781,0.9560439560439561,0.9956043956043956,14 substantive orderings within reply/pin group
large_threads,novelty_prior_all_model,top10,loose | pinned,loose,True,2277,0,14,0.9340659340659341,0.9164835164835164,0.9824175824175824,14 substantive orderings within reply/pin group
large_threads,novelty_prior_all_model,top10,trees | unpinned,trees,False,2277,0,14,0.9956043956043955,0.9692307692307692,1.0,14 substantive orderings within reply/pin group
large_threads,novelty_prior_all_model,top10,trees | pinned,trees,True,2277,0,14,0.9824175824175824,0.9428571428571428,0.9956043956043956,14 substantive orderings within reply/pin group
large_threads,novelty_prior_all_model,top10,hidden | unpinned,hidden,False,2277,0,14,0.9780219780219781,0.9296703296703297,0.9956043956043956,14 substantive orderings within reply/pin group
large_threads,novelty_prior_all_model,top10,hidden | pinned,hidden,True,2277,0,14,0.9516483516483516,0.9296703296703297,0.9912087912087912,14 substantive orderings within reply/pin group
large_threads,prior_reply_composition,full,overall,,,2277,0,84,0.6208970335122002,0.6164614761567278,0.6309005770983092,all 84 substantive policy bundles
large_threads,prior_reply_composition,full,loose | unpinned,loose,False,2277,0,14,0.8901098901098902,0.8857142857142857,0.8901098901098901,14 substantive orderings within reply/pin group
large_threads,prior_reply_composition,full,loose | pinned,loose,True,2277,0,14,0.956043956043956,0.9340659340659341,0.9560439560439561,14 substantive orderings within reply/pin group
large_threads,prior_reply_composition,full,trees | unpinned,trees,False,2277,0,14,0.9340659340659341,0.9076923076923077,0.9472527472527472,14 substantive orderings within reply/pin group
large_threads,prior_reply_composition,full,trees | pinned,trees,True,2277,0,14,0.9868131868131869,0.9868131868131869,0.9912087912087912,14 substantive orderings within reply/pin group
large_threads,prior_reply_composition,full,hidden | unpinned,hidden,False,2277,0,14,0.9516483516483516,0.9340659340659341,0.9560439560439561,14 substantive orderings within reply/pin group
large_threads,prior_reply_composition,full,hidden | pinned,hidden,True,2277,0,14,0.9912087912087912,0.9912087912087912,0.9956043956043956,14 substantive orderings within reply/pin group
large_threads,prior_reply_composition,top10,overall,,,2277,0,84,0.9470284499341904,0.9416416928217071,0.9553710640882859,all 84 substantive policy bundles
large_threads,prior_reply_composition,top10,loose | unpinned,loose,False,2277,0,14,0.9736263736263736,0.9604395604395605,0.9912087912087912,14 substantive orderings within reply/pin group
large_threads,prior_reply_composition,top10,loose | pinned,loose,True,2277,0,14,0.9780219780219781,0.9604395604395605,0.9912087912087912,14 substantive orderings within reply/pin group
large_threads,prior_reply_composition,top10,trees | unpinned,trees,False,2277,0,14,0.9824175824175824,0.9692307692307692,0.9956043956043956,14 substantive orderings within reply/pin group
large_threads,prior_reply_composition,top10,trees | pinned,trees,True,2277,0,14,0.9604395604395607,0.9164835164835164,0.9868131868131869,14 substantive orderings within reply/pin group
large_threads,prior_reply_composition,top10,hidden | unpinned,hidden,False,2277,0,14,0.9780219780219781,0.9648351648351648,0.9956043956043956,14 substantive orderings within reply/pin group
large_threads,prior_reply_composition,top10,hidden | pinned,hidden,True,2277,0,14,0.9824175824175824,0.9604395604395605,0.9868131868131869,14 substantive orderings within reply/pin group
large_threads,reading_level_length_adjusted,full,overall,,,2277,0,84,0.9518274779791435,0.9365384225979548,0.9613450440417131,all 84 substantive policy bundles
large_threads,reading_level_length_adjusted,full,loose | unpinned,loose,False,2277,0,14,0.9428571428571428,0.8901098901098901,0.9560439560439561,14 substantive orderings within reply/pin group
large_threads,reading_level_length_adjusted,full,loose | pinned,loose,True,2277,0,14,0.9516483516483516,0.9252747252747253,0.9736263736263736,14 substantive orderings within reply/pin group
large_threads,reading_level_length_adjusted,full,trees | unpinned,trees,False,2277,0,14,0.7626373626373627,0.4945054945054945,0.8021978021978022,14 substantive orderings within reply/pin group
large_threads,reading_level_length_adjusted,full,trees | pinned,trees,True,2277,0,14,0.7714285714285714,0.6175824175824176,0.8637362637362638,14 substantive orderings within reply/pin group
large_threads,reading_level_length_adjusted,full,hidden | unpinned,hidden,False,2277,0,14,0.745054945054945,0.5824175824175825,0.8813186813186813,14 substantive orderings within reply/pin group
large_threads,reading_level_length_adjusted,full,hidden | pinned,hidden,True,2277,0,14,0.9340659340659341,0.8637362637362638,0.9516483516483516,14 substantive orderings within reply/pin group
large_threads,reading_level_length_adjusted,top10,overall,,,2277,0,84,0.9888832641490333,0.9744649184975195,0.9919008808342614,all 84 substantive policy bundles
large_threads,reading_level_length_adjusted,top10,loose | unpinned,loose,False,2277,0,14,0.9956043956043955,0.9648351648351648,1.0,14 substantive orderings within reply/pin group
large_threads,reading_level_length_adjusted,top10,loose | pinned,loose,True,2277,0,14,0.9912087912087912,0.9560439560439561,1.0,14 substantive orderings within reply/pin group
large_threads,reading_level_length_adjusted,top10,trees | unpinned,trees,False,2277,0,14,0.9648351648351648,0.8725274725274725,0.9956043956043956,14 substantive orderings within reply/pin group
large_threads,reading_level_length_adjusted,top10,trees | pinned,trees,True,2277,0,14,0.9516483516483516,0.8197802197802198,0.9868131868131869,14 substantive orderings within reply/pin group
large_threads,reading_level_length_adjusted,top10,hidden | unpinned,hidden,False,2277,0,14,0.9868131868131869,0.9472527472527472,1.0,14 substantive orderings within reply/pin group
large_threads,reading_level_length_adjusted,top10,hidden | pinned,hidden,True,2277,0,14,0.9956043956043955,0.9384615384615385,1.0,14 substantive orderings within reply/pin group
large_threads,reply_depth_centered,full,overall,,,2277,0,84,0.8912017819175863,0.8609648678748608,0.9151169383416017,all 84 substantive policy bundles
large_threads,reply_depth_centered,full,loose | unpinned,loose,False,2277,0,14,0.3318681318681319,0.2835164835164835,0.3758241758241758,14 substantive orderings within reply/pin group
large_threads,reply_depth_centered,full,loose | pinned,loose,True,2277,0,14,0.5428571428571429,0.5076923076923077,0.5428571428571428,14 substantive orderings within reply/pin group
large_threads,reply_depth_centered,full,trees | unpinned,trees,False,2277,0,14,0.45494505494505494,0.3802197802197802,0.5648351648351648,14 substantive orderings within reply/pin group
large_threads,reply_depth_centered,full,trees | pinned,trees,True,2277,0,14,0.9648351648351648,0.8681318681318682,0.9912087912087912,14 substantive orderings within reply/pin group
large_threads,reply_depth_centered,full,hidden | unpinned,hidden,False,2277,0,14,0.3758241758241759,0.13835164835164837,0.5516483516483517,14 substantive orderings within reply/pin group
large_threads,reply_depth_centered,full,hidden | pinned,hidden,True,2277,0,14,0.6967032967032967,0.5076923076923077,0.8021978021978022,14 substantive orderings within reply/pin group
large_threads,reply_depth_centered,top10,overall,,,2277,0,84,0.996839866302036,0.992624034974895,0.9978537153094105,all 84 substantive policy bundles
large_threads,reply_depth_centered,top10,loose | unpinned,loose,False,2277,0,14,0.9824175824175824,0.978021978021978,1.0,14 substantive orderings within reply/pin group
large_threads,reply_depth_centered,top10,loose | pinned,loose,True,2277,0,14,0.9692307692307693,0.9648351648351648,0.9955949557050878,14 substantive orderings within reply/pin group
large_threads,reply_depth_centered,top10,trees | unpinned,trees,False,2277,0,14,0.9516483516483516,0.7802197802197802,0.9824175824175824,14 substantive orderings within reply/pin group
large_threads,reply_depth_centered,top10,trees | pinned,trees,True,2277,0,14,0.9472527472527472,0.8593406593406593,0.9912087912087912,14 substantive orderings within reply/pin group
large_threads,reply_depth_centered,top10,hidden | unpinned,hidden,False,2277,0,14,0.9954022988505749,0.9862068965517241,1.0,14 substantive orderings within reply/pin group
large_threads,reply_depth_centered,top10,hidden | pinned,hidden,True,2277,0,14,0.9908045977011496,0.9809523809523809,1.0,14 substantive orderings within reply/pin group
large_threads,semantic_novelty_knn5,full,overall,,,2277,0,84,0.9566872532145387,0.9532449124228004,0.9598673686342007,all 84 substantive policy bundles
large_threads,semantic_novelty_knn5,full,loose | unpinned,loose,False,2277,0,14,0.9912087912087912,0.9868131868131869,0.9956043956043956,14 substantive orderings within reply/pin group
large_threads,semantic_novelty_knn5,full,loose | pinned,loose,True,2277,0,14,0.9912087912087912,0.9912087912087912,1.0,14 substantive orderings within reply/pin group
large_threads,semantic_novelty_knn5,full,trees | unpinned,trees,False,2277,0,14,0.9912087912087912,0.9692307692307692,1.0,14 substantive orderings within reply/pin group
large_threads,semantic_novelty_knn5,full,trees | pinned,trees,True,2277,0,14,0.9824175824175824,0.9648351648351648,0.9912087912087912,14 substantive orderings within reply/pin group
large_threads,semantic_novelty_knn5,full,hidden | unpinned,hidden,False,2277,0,14,0.9912087912087912,0.9868131868131869,0.9956043956043956,14 substantive orderings within reply/pin group
large_threads,semantic_novelty_knn5,full,hidden | pinned,hidden,True,2277,0,14,0.9956043956043955,0.9736263736263736,0.9956043956043956,14 substantive orderings within reply/pin group
large_threads,semantic_novelty_knn5,top10,overall,,,2277,0,84,0.9865343727852586,0.98432722486585,0.9927305862103878,all 84 substantive policy bundles
large_threads,semantic_novelty_knn5,top10,loose | unpinned,loose,False,2277,0,14,0.9868131868131869,0.9736263736263736,1.0,14 substantive orderings within reply/pin group
large_threads,semantic_novelty_knn5,top10,loose | pinned,loose,True,2277,0,14,0.9780219780219781,0.9692307692307692,1.0,14 substantive orderings within reply/pin group
large_threads,semantic_novelty_knn5,top10,trees | unpinned,trees,False,2277,0,14,0.9956043956043955,0.9692307692307692,1.0,14 substantive orderings within reply/pin group
large_threads,semantic_novelty_knn5,top10,trees | pinned,trees,True,2277,0,14,0.9956043956043955,0.9692307692307692,1.0,14 substantive orderings within reply/pin group
large_threads,semantic_novelty_knn5,top10,hidden | unpinned,hidden,False,2277,0,14,0.9824175824175824,0.978021978021978,1.0,14 substantive orderings within reply/pin group
large_threads,semantic_novelty_knn5,top10,hidden | pinned,hidden,True,2277,0,14,0.9780219780219781,0.9692307692307692,1.0,14 substantive orderings within reply/pin group
large_threads,sentiment_negative,full,overall,,,2277,0,84,0.9377746279234586,0.9268578515743646,0.9408727346360231,all 84 substantive policy bundles
large_threads,sentiment_negative,full,loose | unpinned,loose,False,2277,0,14,0.767032967032967,0.7274725274725274,0.7978021978021979,14 substantive orderings within reply/pin group
large_threads,sentiment_negative,full,loose | pinned,loose,True,2277,0,14,0.8901098901098902,0.8769230769230769,0.9428571428571428,14 substantive orderings within reply/pin group
large_threads,sentiment_negative,full,trees | unpinned,trees,False,2277,0,14,0.9032967032967033,0.846043956043956,0.9340659340659341,14 substantive orderings within reply/pin group
large_threads,sentiment_negative,full,trees | pinned,trees,True,2277,0,14,0.9252747252747253,0.8681318681318682,0.9472527472527472,14 substantive orderings within reply/pin group
large_threads,sentiment_negative,full,hidden | unpinned,hidden,False,2277,0,14,0.9824175824175824,0.9516483516483516,0.9912087912087912,14 substantive orderings within reply/pin group
large_threads,sentiment_negative,full,hidden | pinned,hidden,True,2277,0,14,0.956043956043956,0.9428571428571428,0.9868131868131869,14 substantive orderings within reply/pin group
large_threads,sentiment_negative,top10,overall,,,2277,0,84,0.990219702338767,0.9847519489723601,0.9919003746076744,all 84 substantive policy bundles
large_threads,sentiment_negative,top10,loose | unpinned,loose,False,2277,0,14,1.0,0.9868131868131869,1.0,14 substantive orderings within reply/pin group
large_threads,sentiment_negative,top10,loose | pinned,loose,True,2277,0,14,0.9956043956043955,0.978021978021978,1.0,14 substantive orderings within reply/pin group
large_threads,sentiment_negative,top10,trees | unpinned,trees,False,2277,0,14,0.9956043956043955,0.9692307692307692,1.0,14 substantive orderings within reply/pin group
large_threads,sentiment_negative,top10,trees | pinned,trees,True,2277,0,14,0.9692307692307693,0.9296703296703297,0.9956043956043956,14 substantive orderings within reply/pin group
large_threads,sentiment_negative,top10,hidden | unpinned,hidden,False,2277,0,14,1.0,0.9868131868131869,1.0,14 substantive orderings within reply/pin group
large_threads,sentiment_negative,top10,hidden | pinned,hidden,True,2277,0,14,0.9956043956043955,0.9824175824175824,1.0,14 substantive orderings within reply/pin group
large_threads,sentiment_positive,full,overall,,,2277,0,84,0.6617393945530019,0.6238128986534373,0.7042634403158854,all 84 substantive policy bundles
large_threads,sentiment_positive,full,loose | unpinned,loose,False,2277,0,14,0.5648351648351648,0.5164835164835165,0.6659340659340659,14 substantive orderings within reply/pin group
large_threads,sentiment_positive,full,loose | pinned,loose,True,2277,0,14,0.621978021978022,0.5868131868131868,0.701098901098901,14 substantive orderings within reply/pin group
large_threads,sentiment_positive,full,trees | unpinned,trees,False,2277,0,14,0.9604395604395607,0.8989010989010989,0.9692307692307692,14 substantive orderings within reply/pin group
large_threads,sentiment_positive,full,trees | pinned,trees,True,2277,0,14,0.8989010989010989,0.8461538461538461,0.9648351648351648,14 substantive orderings within reply/pin group
large_threads,sentiment_positive,full,hidden | unpinned,hidden,False,2277,0,14,0.9208791208791209,0.9120879120879121,0.9648351648351648,14 substantive orderings within reply/pin group
large_threads,sentiment_positive,full,hidden | pinned,hidden,True,2277,0,14,0.9648351648351648,0.9340659340659341,0.978021978021978,14 substantive orderings within reply/pin group
large_threads,sentiment_positive,top10,overall,,,2277,0,84,0.9356282271944922,0.9049822820694543,0.9627442449232035,all 84 substantive policy bundles
large_threads,sentiment_positive,top10,loose | unpinned,loose,False,2277,0,14,0.9472527472527472,0.9208791208791208,0.9912087912087912,14 substantive orderings within reply/pin group
large_threads,sentiment_positive,top10,loose | pinned,loose,True,2277,0,14,0.8813186813186813,0.8241758241758241,0.9649450549450543,14 substantive orderings within reply/pin group
large_threads,sentiment_positive,top10,trees | unpinned,trees,False,2277,0,14,0.9252747252747253,0.8637362637362638,0.9824175824175824,14 substantive orderings within reply/pin group
large_threads,sentiment_positive,top10,trees | pinned,trees,True,2277,0,14,0.9604395604395607,0.8417582417582418,0.9824175824175824,14 substantive orderings within reply/pin group
large_threads,sentiment_positive,top10,hidden | unpinned,hidden,False,2277,0,14,0.9340659340659341,0.9164835164835164,0.9868131868131869,14 substantive orderings within reply/pin group
large_threads,sentiment_positive,top10,hidden | pinned,hidden,True,2277,0,14,0.9824175824175824,0.9076923076923077,0.9868131868131869,14 substantive orderings within reply/pin group
large_threads,smog_de,full,overall,,,2277,0,84,0.9643413992102866,0.9601093449427964,0.96766224562114,all 84 substantive policy bundles
large_threads,smog_de,full,loose | unpinned,loose,False,2277,0,14,0.9516483516483516,0.9472527472527472,0.9648351648351648,14 substantive orderings within reply/pin group
large_threads,smog_de,full,loose | pinned,loose,True,2277,0,14,0.9824175824175824,0.978021978021978,0.9956043956043956,14 substantive orderings within reply/pin group
large_threads,smog_de,full,trees | unpinned,trees,False,2277,0,14,0.9648351648351648,0.9252747252747253,0.9692307692307692,14 substantive orderings within reply/pin group
large_threads,smog_de,full,trees | pinned,trees,True,2277,0,14,0.9692307692307693,0.9560439560439561,0.9912087912087912,14 substantive orderings within reply/pin group
large_threads,smog_de,full,hidden | unpinned,hidden,False,2277,0,14,0.9472527472527472,0.9120879120879121,0.9692307692307692,14 substantive orderings within reply/pin group
large_threads,smog_de,full,hidden | pinned,hidden,True,2277,0,14,0.9824175824175824,0.9736263736263736,0.9912087912087912,14 substantive orderings within reply/pin group
large_threads,smog_de,top10,overall,,,2277,0,84,0.9927913334008301,0.9887010225777058,0.9951812291181532,all 84 substantive policy bundles
large_threads,smog_de,top10,loose | unpinned,loose,False,2277,0,14,0.9604395604395607,0.9560439560439561,1.0,14 substantive orderings within reply/pin group
large_threads,smog_de,top10,loose | pinned,loose,True,2277,0,14,0.9868131868131869,0.9560439560439561,1.0,14 substantive orderings within reply/pin group
large_threads,smog_de,top10,trees | unpinned,trees,False,2277,0,14,1.0,0.9824175824175824,1.0,14 substantive orderings within reply/pin group
large_threads,smog_de,top10,trees | pinned,trees,True,2277,0,14,0.9868131868131869,0.9516483516483516,1.0,14 substantive orderings within reply/pin group
large_threads,smog_de,top10,hidden | unpinned,hidden,False,2277,0,14,0.9604395604395607,0.9560439560439561,1.0,14 substantive orderings within reply/pin group
large_threads,smog_de,top10,hidden | pinned,hidden,True,2277,0,14,0.9868131868131869,0.9560439560439561,1.0,14 substantive orderings within reply/pin group
large_threads,toxicity_probability,full,overall,,,2277,0,84,0.924572238533968,0.9125230333097094,0.9312346866457426,all 84 substantive policy bundles
large_threads,toxicity_probability,full,loose | unpinned,loose,False,2277,0,14,0.9252747252747253,0.8901098901098901,0.9472527472527472,14 substantive orderings within reply/pin group
large_threads,toxicity_probability,full,loose | pinned,loose,True,2277,0,14,0.9428571428571428,0.8549450549450549,0.9648351648351648,14 substantive orderings within reply/pin group
large_threads,toxicity_probability,full,trees | unpinned,trees,False,2277,0,14,0.9076923076923077,0.8681318681318682,0.9428571428571428,14 substantive orderings within reply/pin group
large_threads,toxicity_probability,full,trees | pinned,trees,True,2277,0,14,0.9164835164835166,0.8725274725274725,0.9604395604395605,14 substantive orderings within reply/pin group
large_threads,toxicity_probability,full,hidden | unpinned,hidden,False,2277,0,14,0.9648351648351648,0.9340659340659341,0.9956043956043956,14 substantive orderings within reply/pin group
large_threads,toxicity_probability,full,hidden | pinned,hidden,True,2277,0,14,0.9868131868131869,0.9560439560439561,0.9956043956043956,14 substantive orderings within reply/pin group
large_threads,toxicity_probability,top10,overall,,,2277,0,84,0.990098207957882,0.9851371874050825,0.991718639262934,all 84 substantive policy bundles
large_threads,toxicity_probability,top10,loose | unpinned,loose,False,2277,0,14,0.9956043956043955,0.9692307692307692,0.9956043956043956,14 substantive orderings within reply/pin group
large_threads,toxicity_probability,top10,loose | pinned,loose,True,2277,0,14,0.9912087912087912,0.9648351648351648,0.9956043956043956,14 substantive orderings within reply/pin group
large_threads,toxicity_probability,top10,trees | unpinned,trees,False,2277,0,14,0.9868131868131869,0.9472527472527472,1.0,14 substantive orderings within reply/pin group
large_threads,toxicity_probability,top10,trees | pinned,trees,True,2277,0,14,0.9956043956043955,0.9384615384615385,0.9956043956043956,14 substantive orderings within reply/pin group
large_threads,toxicity_probability,top10,hidden | unpinned,hidden,False,2277,0,14,0.9912087912087912,0.9692307692307692,0.9956043956043956,14 substantive orderings within reply/pin group
large_threads,toxicity_probability,top10,hidden | pinned,hidden,True,2277,0,14,0.9956043956043955,0.9736263736263736,0.9956043956043956,14 substantive orderings within reply/pin group
large_threads,url_present,full,overall,,,2239,38,84,0.8265667712868281,0.7965363976916068,0.8448132023893895,all 84 substantive policy bundles
large_threads,url_present,full,loose | unpinned,loose,False,2239,38,14,0.9472527472527472,0.9252747252747253,0.9692307692307692,14 substantive orderings within reply/pin group
large_threads,url_present,full,loose | pinned,loose,True,2239,38,14,0.9780219780219781,0.9604395604395605,0.9912087912087912,14 substantive orderings within reply/pin group
large_threads,url_present,full,trees | unpinned,trees,False,2239,38,14,0.9824175824175824,0.9648351648351648,0.9956043956043956,14 substantive orderings within reply/pin group
large_threads,url_present,full,trees | pinned,trees,True,2239,38,14,0.9736263736263736,0.9516483516483516,0.9912087912087912,14 substantive orderings within reply/pin group
large_threads,url_present,full,hidden | unpinned,hidden,False,2239,38,14,0.9912087912087912,0.978021978021978,1.0,14 substantive orderings within reply/pin group
large_threads,url_present,full,hidden | pinned,hidden,True,2239,38,14,0.9956043956043955,0.9912087912087912,1.0,14 substantive orderings within reply/pin group
large_threads,url_present,top10,overall,,,2239,38,84,0.9952615272462185,0.9863718249123409,0.9971250220583848,all 84 substantive policy bundles
large_threads,url_present,top10,loose | unpinned,loose,False,2239,38,14,0.9956043956043955,0.9824175824175824,1.0,14 substantive orderings within reply/pin group
large_threads,url_present,top10,loose | pinned,loose,True,2239,38,14,1.0,0.9648351648351648,1.0,14 substantive orderings within reply/pin group
large_threads,url_present,top10,trees | unpinned,trees,False,2239,38,14,0.9956043956043955,0.9692307692307692,1.0,14 substantive orderings within reply/pin group
large_threads,url_present,top10,trees | pinned,trees,True,2239,38,14,0.9648351648351648,0.8945054945054945,0.9956043956043956,14 substantive orderings within reply/pin group
large_threads,url_present,top10,hidden | unpinned,hidden,False,2239,38,14,1.0,0.9868131868131869,1.0,14 substantive orderings within reply/pin group
large_threads,url_present,top10,hidden | pinned,hidden,True,2239,38,14,0.9912087912087912,0.9604395604395605,1.0,14 substantive orderings within reply/pin group
large_threads,vienna_overnight,full,overall,,,2167,110,84,0.3796496912017819,0.31899564645135164,0.4336635618102662,all 84 substantive policy bundles
large_threads,vienna_overnight,full,loose | unpinned,loose,False,2167,110,14,-0.05054945054945055,-0.11208791208791209,0.002197802197802198,14 substantive orderings within reply/pin group
large_threads,vienna_overnight,full,loose | pinned,loose,True,2167,110,14,0.2923076923076923,0.24835164835164836,0.34076923076923016,14 substantive orderings within reply/pin group
large_threads,vienna_overnight,full,trees | unpinned,trees,False,2167,110,14,-0.04615384615384615,-0.09010989010989011,0.14296703296703236,14 substantive orderings within reply/pin group
large_threads,vienna_overnight,full,trees | pinned,trees,True,2167,110,14,0.3098901098901099,0.11637362637362639,0.3274725274725275,14 substantive orderings within reply/pin group
large_threads,vienna_overnight,full,hidden | unpinned,hidden,False,2167,110,14,-0.0989010989010989,-0.16483516483516483,-0.01978021978021978,14 substantive orderings within reply/pin group
large_threads,vienna_overnight,full,hidden | pinned,hidden,True,2167,110,14,0.3230769230769231,0.1824175824175824,0.43736263736263736,14 substantive orderings within reply/pin group
large_threads,vienna_overnight,top10,overall,,,2167,110,84,0.8014114025939839,0.7593652206629032,0.8448109806380525,all 84 substantive policy bundles
large_threads,vienna_overnight,top10,loose | unpinned,loose,False,2167,110,14,0.8725274725274725,0.7978021978021979,0.9560439560439561,14 substantive orderings within reply/pin group
large_threads,vienna_overnight,top10,loose | pinned,loose,True,2167,110,14,0.8153846153846154,0.512087912087912,0.9296703296703297,14 substantive orderings within reply/pin group
large_threads,vienna_overnight,top10,trees | unpinned,trees,False,2167,110,14,0.9208791208791209,0.6967032967032967,0.978021978021978,14 substantive orderings within reply/pin group
large_threads,vienna_overnight,top10,trees | pinned,trees,True,2167,110,14,0.9428571428571428,0.7054945054945055,0.9868131868131869,14 substantive orderings within reply/pin group
large_threads,vienna_overnight,top10,hidden | unpinned,hidden,False,2167,110,14,0.8109890109890111,0.7670329670329671,0.9473626373626367,14 substantive orderings within reply/pin group
large_threads,vienna_overnight,top10,hidden | pinned,hidden,True,2167,110,14,0.8461538461538461,0.5692307692307692,0.9428571428571428,14 substantive orderings within reply/pin group
large_threads,vienna_weekday_shoulder_evening,full,overall,,,2271,6,84,0.8963855421686747,0.8337799939252809,0.929352029968614,all 84 substantive policy bundles
large_threads,vienna_weekday_shoulder_evening,full,loose | unpinned,loose,False,2271,6,14,0.7934065934065934,0.6307692307692307,0.8989010989010989,14 substantive orderings within reply/pin group
large_threads,vienna_weekday_shoulder_evening,full,loose | pinned,loose,True,2271,6,14,0.8285714285714285,0.6307692307692307,0.8549450549450549,14 substantive orderings within reply/pin group
large_threads,vienna_weekday_shoulder_evening,full,trees | unpinned,trees,False,2271,6,14,0.6791208791208792,0.48131868131868133,0.8857142857142857,14 substantive orderings within reply/pin group
large_threads,vienna_weekday_shoulder_evening,full,trees | pinned,trees,True,2271,6,14,0.6263736263736264,0.5384615384615384,0.8902197802197795,14 substantive orderings within reply/pin group
large_threads,vienna_weekday_shoulder_evening,full,hidden | unpinned,hidden,False,2271,6,14,0.9252747252747253,0.8021978021978022,0.9736263736263736,14 substantive orderings within reply/pin group
large_threads,vienna_weekday_shoulder_evening,full,hidden | pinned,hidden,True,2271,6,14,0.8373626373626375,0.6483516483516484,0.9472527472527472,14 substantive orderings within reply/pin group
large_threads,vienna_weekday_shoulder_evening,top10,overall,,,2271,6,84,0.695373088994634,0.5008481994373989,0.8000926394654246,all 84 substantive policy bundles
large_threads,vienna_weekday_shoulder_evening,top10,loose | unpinned,loose,False,2271,6,14,0.9252747252747253,0.6791208791208792,0.9648351648351648,14 substantive orderings within reply/pin group
large_threads,vienna_weekday_shoulder_evening,top10,loose | pinned,loose,True,2271,6,14,0.9296703296703297,0.6879120879120879,0.9648351648351648,14 substantive orderings within reply/pin group
large_threads,vienna_weekday_shoulder_evening,top10,trees | unpinned,trees,False,2271,6,14,0.9252747252747253,0.5208791208791209,0.978021978021978,14 substantive orderings within reply/pin group
large_threads,vienna_weekday_shoulder_evening,top10,trees | pinned,trees,True,2271,6,14,0.8681318681318682,0.6263736263736264,0.9692307692307692,14 substantive orderings within reply/pin group
large_threads,vienna_weekday_shoulder_evening,top10,hidden | unpinned,hidden,False,2271,6,14,0.8769230769230769,0.6131868131868132,0.9428571428571428,14 substantive orderings within reply/pin group
large_threads,vienna_weekday_shoulder_evening,top10,hidden | pinned,hidden,True,2271,6,14,0.9032967032967033,0.6351648351648351,0.9472527472527472,14 substantive orderings within reply/pin group
large_threads,vienna_weekend_day_evening,full,overall,,,1886,391,84,0.845297155006581,0.7572506834058925,0.8981087374708919,all 84 substantive policy bundles
large_threads,vienna_weekend_day_evening,full,loose | unpinned,loose,False,1886,391,14,0.8901098901098902,0.8549450549450549,0.9384615384615385,14 substantive orderings within reply/pin group
large_threads,vienna_weekend_day_evening,full,loose | pinned,loose,True,1886,391,14,0.9472527472527472,0.9120879120879121,0.978021978021978,14 substantive orderings within reply/pin group
large_threads,vienna_weekend_day_evening,full,trees | unpinned,trees,False,1886,391,14,0.9912087912087912,0.9516483516483516,1.0,14 substantive orderings within reply/pin group
large_threads,vienna_weekend_day_evening,full,trees | pinned,trees,True,1886,391,14,0.9428571428571428,0.8901098901098901,0.9868131868131869,14 substantive orderings within reply/pin group
large_threads,vienna_weekend_day_evening,full,hidden | unpinned,hidden,False,1886,391,14,0.9824175824175824,0.9252747252747253,0.9956043956043956,14 substantive orderings within reply/pin group
large_threads,vienna_weekend_day_evening,full,hidden | pinned,hidden,True,1886,391,14,0.9824175824175824,0.9340659340659341,0.9956043956043956,14 substantive orderings within reply/pin group
large_threads,vienna_weekend_day_evening,top10,overall,,,1886,391,84,0.8011076293897799,0.6095205044206565,0.9639865163313388,all 84 substantive policy bundles
large_threads,vienna_weekend_day_evening,top10,loose | unpinned,loose,False,1886,391,14,0.9604395604395607,0.7054945054945055,0.9824175824175824,14 substantive orderings within reply/pin group
large_threads,vienna_weekend_day_evening,top10,loose | pinned,loose,True,1886,391,14,0.8624867705338932,0.3625274725274725,0.9736263736263736,14 substantive orderings within reply/pin group
large_threads,vienna_weekend_day_evening,top10,trees | unpinned,trees,False,1886,391,14,0.8901098901098902,0.6263736263736264,0.9824175824175824,14 substantive orderings within reply/pin group
large_threads,vienna_weekend_day_evening,top10,trees | pinned,trees,True,1886,391,14,0.7802197802197802,0.48120879120879123,0.9649450549450543,14 substantive orderings within reply/pin group
large_threads,vienna_weekend_day_evening,top10,hidden | unpinned,hidden,False,1886,391,14,0.9736263736263736,0.7576126736699424,0.9912087912087912,14 substantive orderings within reply/pin group
large_threads,vienna_weekend_day_evening,top10,hidden | pinned,hidden,True,1886,391,14,0.7714285714285714,0.40961417437188363,0.9736263736263736,14 substantive orderings within reply/pin group
