sample,outcome,depth,contrast_family,contrast,reference,n_stories,estimate,ci_lower,ci_upper
primary,aqua_additional_knowledge_expected,full,ordering_vs_random,relative_votes,random,2556,0.03375223009806963,0.03143257063336984,0.03604745393754904
primary,aqua_additional_knowledge_expected,full,ordering_vs_random,upvotes,random,2556,0.03199471812035637,0.0297894328485414,0.034132812352955254
primary,aqua_additional_knowledge_expected,full,ordering_vs_random,chronological,random,2556,-0.033350069353630406,-0.03575963197391755,-0.031032194474688433
primary,aqua_additional_knowledge_expected,full,ordering_vs_random,reverse_chronological,random,2556,0.031568003409251935,0.029273141530892447,0.03395406905861778
primary,aqua_additional_knowledge_expected,full,ordering_vs_random,regression_audience,random,2556,0.07818174529181085,0.07589671218794192,0.0803568090026554
primary,aqua_additional_knowledge_expected,full,ordering_vs_random,regression_editor,random,2556,0.12867717307460194,0.12645338724620378,0.13085623240603428
primary,aqua_additional_knowledge_expected,full,ordering_vs_random,xgb_metadata_audience,random,2556,0.10591972287548859,0.10359845222313864,0.10822085710211098
primary,aqua_additional_knowledge_expected,full,ordering_vs_random,xgb_metadata_editor,random,2556,0.12260540371799325,0.12031210880248518,0.1248557430871557
primary,aqua_additional_knowledge_expected,full,ordering_vs_random,xgb_metadata_text_audience,random,2556,0.11509628436481226,0.11282928993388674,0.11732379387052304
primary,aqua_additional_knowledge_expected,full,ordering_vs_random,xgb_metadata_text_editor,random,2556,0.12060954136683782,0.11833362420253424,0.12286159550583821
primary,aqua_additional_knowledge_expected,full,ordering_vs_random,neural_metadata_audience,random,2556,0.09259449340070317,0.09030911822127792,0.09485438657885545
primary,aqua_additional_knowledge_expected,full,ordering_vs_random,neural_metadata_editor,random,2556,0.14329231099977682,0.14113509067274904,0.14537314667749446
primary,aqua_additional_knowledge_expected,full,ordering_vs_random,neural_metadata_text_audience,random,2556,0.07914238425555878,0.07686903955916906,0.0813837820955224
primary,aqua_additional_knowledge_expected,full,ordering_vs_random,neural_metadata_text_editor,random,2556,0.14682316390629213,0.14464634270964416,0.148963865699112
primary,aqua_additional_knowledge_expected,full,reply_vs_loose,trees,loose,2556,-0.10069088318993422,-0.1040575505894122,-0.09736361222553051
primary,aqua_additional_knowledge_expected,full,reply_vs_loose,hidden,loose,2556,-0.03658986822841332,-0.0382859706527301,-0.034790216656596096
primary,aqua_additional_knowledge_expected,full,pinned_vs_unpinned,pinned,unpinned,2556,-0.013557489092525311,-0.015378407248845408,-0.011725465061551265
primary,aqua_additional_knowledge_expected,top10,ordering_vs_random,relative_votes,random,2556,0.05955380310615796,0.054691565281447245,0.06450059944076796
primary,aqua_additional_knowledge_expected,top10,ordering_vs_random,upvotes,random,2556,0.05952892542387797,0.054625523747840146,0.06452156268170799
primary,aqua_additional_knowledge_expected,top10,ordering_vs_random,chronological,random,2556,-0.07249816461074189,-0.07865566800282257,-0.06629428181281036
primary,aqua_additional_knowledge_expected,top10,ordering_vs_random,reverse_chronological,random,2556,0.03695419848426246,0.031743412008625925,0.042264747545956854
primary,aqua_additional_knowledge_expected,top10,ordering_vs_random,regression_audience,random,2556,0.1369353520349394,0.13230157620808858,0.14159604685400512
primary,aqua_additional_knowledge_expected,top10,ordering_vs_random,regression_editor,random,2556,0.18873905252464954,0.1842534058895896,0.1930450441665049
primary,aqua_additional_knowledge_expected,top10,ordering_vs_random,xgb_metadata_audience,random,2556,0.16762124989887658,0.16336723646172321,0.17188935858685378
primary,aqua_additional_knowledge_expected,top10,ordering_vs_random,xgb_metadata_editor,random,2556,0.18361256519714195,0.17959355318312814,0.18786680968115407
primary,aqua_additional_knowledge_expected,top10,ordering_vs_random,xgb_metadata_text_audience,random,2556,0.16622474378620647,0.16203916834807808,0.17047956712927761
primary,aqua_additional_knowledge_expected,top10,ordering_vs_random,xgb_metadata_text_editor,random,2556,0.1724103047275609,0.16823481162177586,0.17671988207875014
primary,aqua_additional_knowledge_expected,top10,ordering_vs_random,neural_metadata_audience,random,2556,0.156132662556224,0.15148039483167072,0.16079866402830173
primary,aqua_additional_knowledge_expected,top10,ordering_vs_random,neural_metadata_editor,random,2556,0.17783207895943118,0.17315002179938058,0.1823474154189729
primary,aqua_additional_knowledge_expected,top10,ordering_vs_random,neural_metadata_text_audience,random,2556,0.15435964943349767,0.14970531603270648,0.15895749697050612
primary,aqua_additional_knowledge_expected,top10,ordering_vs_random,neural_metadata_text_editor,random,2556,0.19213694306339896,0.18762334294794342,0.1967243412810145
primary,aqua_additional_knowledge_expected,top10,reply_vs_loose,trees,loose,2556,-0.09183768975540346,-0.09478199221922723,-0.08905827740803562
primary,aqua_additional_knowledge_expected,top10,reply_vs_loose,hidden,loose,2556,0.008117547847691102,0.007197896342287198,0.009027287755334672
primary,aqua_additional_knowledge_expected,top10,pinned_vs_unpinned,pinned,unpinned,2556,0.033233736920047253,0.026704214929241188,0.040323147857747536
primary,aqua_discrimination_expected,full,ordering_vs_random,relative_votes,random,2556,0.03309958086807691,0.030987390357705303,0.03521868842981968
primary,aqua_discrimination_expected,full,ordering_vs_random,upvotes,random,2556,0.053837197137718736,0.05184644373844094,0.055918311569284354
primary,aqua_discrimination_expected,full,ordering_vs_random,chronological,random,2556,-0.020717524939710363,-0.022819900065333694,-0.018516206727328264
primary,aqua_discrimination_expected,full,ordering_vs_random,reverse_chronological,random,2556,0.01976466140309416,0.017577015286912127,0.02194420361138877
primary,aqua_discrimination_expected,full,ordering_vs_random,regression_audience,random,2556,0.08895673828377511,0.08684418421132963,0.09103525087285502
primary,aqua_discrimination_expected,full,ordering_vs_random,regression_editor,random,2556,0.1181175862774964,0.11603517374713637,0.12026943952373677
primary,aqua_discrimination_expected,full,ordering_vs_random,xgb_metadata_audience,random,2556,0.09343503575383015,0.0912864297148792,0.09563742949360637
primary,aqua_discrimination_expected,full,ordering_vs_random,xgb_metadata_editor,random,2556,0.10279158786211036,0.10063527480334439,0.105002110310654
primary,aqua_discrimination_expected,full,ordering_vs_random,xgb_metadata_text_audience,random,2556,0.10340070503274111,0.10124165596771305,0.10553613832188401
primary,aqua_discrimination_expected,full,ordering_vs_random,xgb_metadata_text_editor,random,2556,0.10723981202182363,0.10510200976111206,0.10940525233180906
primary,aqua_discrimination_expected,full,ordering_vs_random,neural_metadata_audience,random,2556,0.08004131375333563,0.07797519546782775,0.08215998180734425
primary,aqua_discrimination_expected,full,ordering_vs_random,neural_metadata_editor,random,2556,0.08171944460326225,0.07971010846142733,0.083796152907781
primary,aqua_discrimination_expected,full,ordering_vs_random,neural_metadata_text_audience,random,2556,0.08111559748731054,0.07906241927301437,0.08329018489137993
primary,aqua_discrimination_expected,full,ordering_vs_random,neural_metadata_text_editor,random,2556,0.11227651018119787,0.11034774955215818,0.11434371960532308
primary,aqua_discrimination_expected,full,reply_vs_loose,trees,loose,2556,-0.0562503040644947,-0.059787785829358495,-0.05290713845472644
primary,aqua_discrimination_expected,full,reply_vs_loose,hidden,loose,2556,-0.026023897833371914,-0.027730093610513134,-0.024429831167903947
primary,aqua_discrimination_expected,full,pinned_vs_unpinned,pinned,unpinned,2556,-0.01413721824904178,-0.015914321827190867,-0.01244572232138746
primary,aqua_discrimination_expected,top10,ordering_vs_random,relative_votes,random,2556,0.05385761970138245,0.05031089367948264,0.05730945457741105
primary,aqua_discrimination_expected,top10,ordering_vs_random,upvotes,random,2556,0.05802917846328176,0.0545114230383661,0.06154544565434956
primary,aqua_discrimination_expected,top10,ordering_vs_random,chronological,random,2556,-0.03744774024278696,-0.04169134588030773,-0.033161857584135694
primary,aqua_discrimination_expected,top10,ordering_vs_random,reverse_chronological,random,2556,0.009148303390934035,0.005184386996843786,0.013142293666658587
primary,aqua_discrimination_expected,top10,ordering_vs_random,regression_audience,random,2556,0.12115298513149665,0.11746620195933348,0.12488549405337475
primary,aqua_discrimination_expected,top10,ordering_vs_random,regression_editor,random,2556,0.1290454112503621,0.12548012530401906,0.1325508900915219
primary,aqua_discrimination_expected,top10,ordering_vs_random,xgb_metadata_audience,random,2556,0.13414381612433138,0.13055741911431795,0.1377962012642237
primary,aqua_discrimination_expected,top10,ordering_vs_random,xgb_metadata_editor,random,2556,0.13658310586502473,0.13303995996978546,0.14012384941602624
primary,aqua_discrimination_expected,top10,ordering_vs_random,xgb_metadata_text_audience,random,2556,0.13929738869782282,0.13566800771101284,0.14278811571456862
primary,aqua_discrimination_expected,top10,ordering_vs_random,xgb_metadata_text_editor,random,2556,0.140193714850623,0.13656620255961274,0.14370967738525406
primary,aqua_discrimination_expected,top10,ordering_vs_random,neural_metadata_audience,random,2556,0.11579735927127092,0.1122638185990038,0.1193600452598452
primary,aqua_discrimination_expected,top10,ordering_vs_random,neural_metadata_editor,random,2556,0.0990399681502102,0.09550683113353871,0.10252854733325478
primary,aqua_discrimination_expected,top10,ordering_vs_random,neural_metadata_text_audience,random,2556,0.1348135005262637,0.13131607604066511,0.13840119865496922
primary,aqua_discrimination_expected,top10,ordering_vs_random,neural_metadata_text_editor,random,2556,0.12841926182199367,0.12463635599524198,0.13204283442917797
primary,aqua_discrimination_expected,top10,reply_vs_loose,trees,loose,2556,-0.06211622341550088,-0.06472713154087119,-0.059574974918716904
primary,aqua_discrimination_expected,top10,reply_vs_loose,hidden,loose,2556,0.0031202290506067787,0.0024368063351398943,0.0038349380817731746
primary,aqua_discrimination_expected,top10,pinned_vs_unpinned,pinned,unpinned,2556,0.0019339577487398427,-0.002511455966409608,0.006560673280143537
primary,aqua_fact_expected,full,ordering_vs_random,relative_votes,random,2556,0.04498160066749514,0.042741345984780875,0.047098594654633084
primary,aqua_fact_expected,full,ordering_vs_random,upvotes,random,2556,0.05402321262150281,0.051953133880004485,0.056154798953645765
primary,aqua_fact_expected,full,ordering_vs_random,chronological,random,2556,-0.027186629317533764,-0.02931279902197215,-0.024806544791164457
primary,aqua_fact_expected,full,ordering_vs_random,reverse_chronological,random,2556,0.026457466398780882,0.02404720176649849,0.028703651289811404
primary,aqua_fact_expected,full,ordering_vs_random,regression_audience,random,2556,0.10737541450363346,0.10523116745571322,0.10965629052211422
primary,aqua_fact_expected,full,ordering_vs_random,regression_editor,random,2556,0.15301157541322755,0.15080968989464147,0.15527236216256707
primary,aqua_fact_expected,full,ordering_vs_random,xgb_metadata_audience,random,2556,0.12199777169627858,0.11990388575106195,0.12433041104994055
primary,aqua_fact_expected,full,ordering_vs_random,xgb_metadata_editor,random,2556,0.13763664725983535,0.13543475836269797,0.14002043790901228
primary,aqua_fact_expected,full,ordering_vs_random,xgb_metadata_text_audience,random,2556,0.12987354686319919,0.12768682892010702,0.1321802389797064
primary,aqua_fact_expected,full,ordering_vs_random,xgb_metadata_text_editor,random,2556,0.13539981035527981,0.1332052745995556,0.13770925217991953
primary,aqua_fact_expected,full,ordering_vs_random,neural_metadata_audience,random,2556,0.11518066316556778,0.11294037680628304,0.11742979912934601
primary,aqua_fact_expected,full,ordering_vs_random,neural_metadata_editor,random,2556,0.14632999406035285,0.1441702555026424,0.14849188664292645
primary,aqua_fact_expected,full,ordering_vs_random,neural_metadata_text_audience,random,2556,0.10192657353758455,0.09964806801795033,0.10427762169198523
primary,aqua_fact_expected,full,ordering_vs_random,neural_metadata_text_editor,random,2556,0.16388458981433596,0.16165994808700784,0.1660831824825825
primary,aqua_fact_expected,full,reply_vs_loose,trees,loose,2556,-0.11181396590660907,-0.1154192010069464,-0.10807714848771394
primary,aqua_fact_expected,full,reply_vs_loose,hidden,loose,2556,-0.035668085112621505,-0.03741940724081933,-0.033951723123689985
primary,aqua_fact_expected,full,pinned_vs_unpinned,pinned,unpinned,2556,-0.01332776444275013,-0.015229426297217246,-0.011425298266059107
primary,aqua_fact_expected,top10,ordering_vs_random,relative_votes,random,2556,0.07125191711698317,0.06702404832197685,0.0753122509185391
primary,aqua_fact_expected,top10,ordering_vs_random,upvotes,random,2556,0.07320966848210872,0.06894613127400992,0.0772957168887081
primary,aqua_fact_expected,top10,ordering_vs_random,chronological,random,2556,-0.060556730343359476,-0.06568825754898037,-0.0553126566192301
primary,aqua_fact_expected,top10,ordering_vs_random,reverse_chronological,random,2556,0.024683029703921146,0.019731442050812596,0.029687666175099388
primary,aqua_fact_expected,top10,ordering_vs_random,regression_audience,random,2556,0.15632989349710313,0.15199185440842922,0.16065757672168368
primary,aqua_fact_expected,top10,ordering_vs_random,regression_editor,random,2556,0.19746234670077673,0.1932071424088382,0.20173181309827148
primary,aqua_fact_expected,top10,ordering_vs_random,xgb_metadata_audience,random,2556,0.17673223796378235,0.17281843989449275,0.1809529760028242
primary,aqua_fact_expected,top10,ordering_vs_random,xgb_metadata_editor,random,2556,0.18754005074035762,0.18366418806140844,0.19168535883479879
primary,aqua_fact_expected,top10,ordering_vs_random,xgb_metadata_text_audience,random,2556,0.17749788600098582,0.1732974893753936,0.18142490816656814
primary,aqua_fact_expected,top10,ordering_vs_random,xgb_metadata_text_editor,random,2556,0.18122430295551772,0.17714127650832467,0.18522972525525477
primary,aqua_fact_expected,top10,ordering_vs_random,neural_metadata_audience,random,2556,0.1688433149483426,0.16445249129384068,0.1730112484231019
primary,aqua_fact_expected,top10,ordering_vs_random,neural_metadata_editor,random,2556,0.17645201414653044,0.1721487055419344,0.1806286158640108
primary,aqua_fact_expected,top10,ordering_vs_random,neural_metadata_text_audience,random,2556,0.16371204650491233,0.15950359749052198,0.16772379552295882
primary,aqua_fact_expected,top10,ordering_vs_random,neural_metadata_text_editor,random,2556,0.1957480341970237,0.19151336702285127,0.20008950724790117
primary,aqua_fact_expected,top10,reply_vs_loose,trees,loose,2556,-0.10394682583741618,-0.10720418818801004,-0.1006882840561662
primary,aqua_fact_expected,top10,reply_vs_loose,hidden,loose,2556,0.0076650854779961655,0.006792118405801145,0.008538333086680916
primary,aqua_fact_expected,top10,pinned_vs_unpinned,pinned,unpinned,2556,0.028042802389592666,0.022350673543951517,0.03337918608897336
primary,aqua_insult_expected,full,ordering_vs_random,relative_votes,random,2556,0.02981348432216343,0.02795363224344726,0.031760477599608455
primary,aqua_insult_expected,full,ordering_vs_random,upvotes,random,2556,0.04380729534612318,0.042014835898315506,0.0456386491508099
primary,aqua_insult_expected,full,ordering_vs_random,chronological,random,2556,-0.013537842817753594,-0.015553080938046367,-0.011449820325711487
primary,aqua_insult_expected,full,ordering_vs_random,reverse_chronological,random,2556,0.01308385474843064,0.010981346435408268,0.015119842701853148
primary,aqua_insult_expected,full,ordering_vs_random,regression_audience,random,2556,0.05511845030219564,0.05328825077266258,0.05709540094615127
primary,aqua_insult_expected,full,ordering_vs_random,regression_editor,random,2556,0.06251870523949245,0.06071032868501772,0.06451305166812218
primary,aqua_insult_expected,full,ordering_vs_random,xgb_metadata_audience,random,2556,0.05570228370737572,0.05388573023497287,0.05767969057904001
primary,aqua_insult_expected,full,ordering_vs_random,xgb_metadata_editor,random,2556,0.057898100847349795,0.0560466598951362,0.05988423699820348
primary,aqua_insult_expected,full,ordering_vs_random,xgb_metadata_text_audience,random,2556,0.06325200750564267,0.06147593097405888,0.06522230594131903
primary,aqua_insult_expected,full,ordering_vs_random,xgb_metadata_text_editor,random,2556,0.0647224207097413,0.06293216095792142,0.06672054030662682
primary,aqua_insult_expected,full,ordering_vs_random,neural_metadata_audience,random,2556,0.04932236179415965,0.04742106194776434,0.05135779382326416
primary,aqua_insult_expected,full,ordering_vs_random,neural_metadata_editor,random,2556,0.037611581252108076,0.03564813566858307,0.03973056995124155
primary,aqua_insult_expected,full,ordering_vs_random,neural_metadata_text_audience,random,2556,0.051055047851248994,0.04909669052104814,0.053021734377993526
primary,aqua_insult_expected,full,ordering_vs_random,neural_metadata_text_editor,random,2556,0.05301868504983351,0.05109915696421622,0.055000161390170506
primary,aqua_insult_expected,full,reply_vs_loose,trees,loose,2556,-0.06651774868137084,-0.06942691455722241,-0.06344165335196342
primary,aqua_insult_expected,full,reply_vs_loose,hidden,loose,2556,-0.004042627060284022,-0.005456994660452183,-0.0025732806226062186
primary,aqua_insult_expected,full,pinned_vs_unpinned,pinned,unpinned,2556,0.0002535020748188575,-0.0012054205208912726,0.0017958606372771597
primary,aqua_insult_expected,top10,ordering_vs_random,relative_votes,random,2556,0.03728215925503749,0.03381444490909529,0.04091038853035096
primary,aqua_insult_expected,top10,ordering_vs_random,upvotes,random,2556,0.039299606220096976,0.03577546143279745,0.042905490725407495
primary,aqua_insult_expected,top10,ordering_vs_random,chronological,random,2556,-0.01923686560532859,-0.02353939019348686,-0.015093252654337528
primary,aqua_insult_expected,top10,ordering_vs_random,reverse_chronological,random,2556,0.010548224687088137,0.006936918859788937,0.014495573716818104
primary,aqua_insult_expected,top10,ordering_vs_random,regression_audience,random,2556,0.06040862387200695,0.05690327719652949,0.06394316056216888
primary,aqua_insult_expected,top10,ordering_vs_random,regression_editor,random,2556,0.04518390867574078,0.04165832718485192,0.048783459522735
primary,aqua_insult_expected,top10,ordering_vs_random,xgb_metadata_audience,random,2556,0.06812268438101586,0.06473782411191567,0.07159041705693293
primary,aqua_insult_expected,top10,ordering_vs_random,xgb_metadata_editor,random,2556,0.06528933916629868,0.06195238129830817,0.06860956674738113
primary,aqua_insult_expected,top10,ordering_vs_random,xgb_metadata_text_audience,random,2556,0.06493912313985344,0.061515932827349774,0.0684451280949902
primary,aqua_insult_expected,top10,ordering_vs_random,xgb_metadata_text_editor,random,2556,0.06482082323218145,0.061332021791410375,0.06823628051676385
primary,aqua_insult_expected,top10,ordering_vs_random,neural_metadata_audience,random,2556,0.06260714824142098,0.059192877780062166,0.06608129019809425
primary,aqua_insult_expected,top10,ordering_vs_random,neural_metadata_editor,random,2556,0.051595845238955315,0.048016510413995975,0.055104429839725695
primary,aqua_insult_expected,top10,ordering_vs_random,neural_metadata_text_audience,random,2556,0.08292436802681118,0.07956643647717776,0.0862839210621867
primary,aqua_insult_expected,top10,ordering_vs_random,neural_metadata_text_editor,random,2556,0.059283023348272776,0.055781782487087275,0.06258944324927944
primary,aqua_insult_expected,top10,reply_vs_loose,trees,loose,2556,-0.04231007817175775,-0.044531698772713194,-0.03990267601308625
primary,aqua_insult_expected,top10,reply_vs_loose,hidden,loose,2556,0.0043190150658820835,0.003629853613711007,0.004984737612138309
primary,aqua_insult_expected,top10,pinned_vs_unpinned,pinned,unpinned,2556,0.005156188712138866,0.0005558308027655515,0.009746614808476764
primary,aqua_justification_expected,full,ordering_vs_random,relative_votes,random,2556,0.04977393178738812,0.04730983707168547,0.05206122064589159
primary,aqua_justification_expected,full,ordering_vs_random,upvotes,random,2556,0.0643851182505489,0.062075898309593175,0.06666369024017839
primary,aqua_justification_expected,full,ordering_vs_random,chronological,random,2556,-0.03397057115870781,-0.03649401748945894,-0.03148665528672385
primary,aqua_justification_expected,full,ordering_vs_random,reverse_chronological,random,2556,0.032726108224747856,0.030316332384861814,0.03528759964555907
primary,aqua_justification_expected,full,ordering_vs_random,regression_audience,random,2556,0.13261760476196477,0.1300411247926524,0.135106687294287
primary,aqua_justification_expected,full,ordering_vs_random,regression_editor,random,2556,0.1936230495825918,0.19103104317727235,0.19617181476078735
primary,aqua_justification_expected,full,ordering_vs_random,xgb_metadata_audience,random,2556,0.1515470489783028,0.14882568778064195,0.1542287679177852
primary,aqua_justification_expected,full,ordering_vs_random,xgb_metadata_editor,random,2556,0.16943162923444582,0.16665237224692092,0.1720619124299974
primary,aqua_justification_expected,full,ordering_vs_random,xgb_metadata_text_audience,random,2556,0.1665150559342861,0.16384058314885433,0.16914814173406098
primary,aqua_justification_expected,full,ordering_vs_random,xgb_metadata_text_editor,random,2556,0.17330435634305735,0.17059305354605164,0.17590550600373125
primary,aqua_justification_expected,full,ordering_vs_random,neural_metadata_audience,random,2556,0.12390407356178314,0.12127228243907284,0.12637270897335143
primary,aqua_justification_expected,full,ordering_vs_random,neural_metadata_editor,random,2556,0.15848258166422205,0.1560845775689536,0.16087091331005166
primary,aqua_justification_expected,full,ordering_vs_random,neural_metadata_text_audience,random,2556,0.1147297849042578,0.11201086299459646,0.11736435297607414
primary,aqua_justification_expected,full,ordering_vs_random,neural_metadata_text_editor,random,2556,0.18781822243703233,0.18525094658525912,0.19025922341950924
primary,aqua_justification_expected,full,reply_vs_loose,trees,loose,2556,-0.0994898486019744,-0.10344399393468119,-0.09551461813757187
primary,aqua_justification_expected,full,reply_vs_loose,hidden,loose,2556,-0.03148783722796543,-0.033216309469099946,-0.029618530585254054
primary,aqua_justification_expected,full,pinned_vs_unpinned,pinned,unpinned,2556,-0.020412130391809006,-0.022322882041627235,-0.018349904098309
primary,aqua_justification_expected,top10,ordering_vs_random,relative_votes,random,2556,0.11702843840530516,0.11195904877661589,0.12197161533514665
primary,aqua_justification_expected,top10,ordering_vs_random,upvotes,random,2556,0.1206069059678174,0.11544782939580463,0.12554613614605198
primary,aqua_justification_expected,top10,ordering_vs_random,chronological,random,2556,-0.08457168082820216,-0.09130509291808504,-0.07773997931735525
primary,aqua_justification_expected,top10,ordering_vs_random,reverse_chronological,random,2556,0.03222516745073912,0.02619288104615112,0.03818619434058462
primary,aqua_justification_expected,top10,ordering_vs_random,regression_audience,random,2556,0.26067323865857756,0.2562921206894308,0.26547961263851483
primary,aqua_justification_expected,top10,ordering_vs_random,regression_editor,random,2556,0.3182977223353389,0.3141109639873803,0.32266756969234367
primary,aqua_justification_expected,top10,ordering_vs_random,xgb_metadata_audience,random,2556,0.30250322100037635,0.29812771836662094,0.3071006847762287
primary,aqua_justification_expected,top10,ordering_vs_random,xgb_metadata_editor,random,2556,0.31509034382798856,0.31086909671438145,0.3195602877940618
primary,aqua_justification_expected,top10,ordering_vs_random,xgb_metadata_text_audience,random,2556,0.3077259839331061,0.30355797402367424,0.312298080463003
primary,aqua_justification_expected,top10,ordering_vs_random,xgb_metadata_text_editor,random,2556,0.3122187227011279,0.30804866270842257,0.31670987424162944
primary,aqua_justification_expected,top10,ordering_vs_random,neural_metadata_audience,random,2556,0.25819154322569093,0.2534653979166429,0.2630957695065822
primary,aqua_justification_expected,top10,ordering_vs_random,neural_metadata_editor,random,2556,0.26436552972137456,0.25998837266850894,0.2691258828576676
primary,aqua_justification_expected,top10,ordering_vs_random,neural_metadata_text_audience,random,2556,0.2569995607925932,0.25186844763560823,0.26211647192801246
primary,aqua_justification_expected,top10,ordering_vs_random,neural_metadata_text_editor,random,2556,0.2976538071594878,0.2930572827390946,0.30246763522178705
primary,aqua_justification_expected,top10,reply_vs_loose,trees,loose,2556,-0.15143879162329069,-0.1552501419612241,-0.14764120034568703
primary,aqua_justification_expected,top10,reply_vs_loose,hidden,loose,2556,0.008425080377446686,0.007339456385239698,0.009475887254509697
primary,aqua_justification_expected,top10,pinned_vs_unpinned,pinned,unpinned,2556,0.03060073210653275,0.02363966666070036,0.03715298937129071
primary,aqua_opinion_expected,full,ordering_vs_random,relative_votes,random,2556,0.03412010518118964,0.03197541815879589,0.036143090556675674
primary,aqua_opinion_expected,full,ordering_vs_random,upvotes,random,2556,0.04995410595151881,0.04791277136333683,0.05187638705397985
primary,aqua_opinion_expected,full,ordering_vs_random,chronological,random,2556,-0.01596512538777115,-0.01818968911208917,-0.013831135829876226
primary,aqua_opinion_expected,full,ordering_vs_random,reverse_chronological,random,2556,0.015886020094002605,0.013784540329972294,0.018047746055358454
primary,aqua_opinion_expected,full,ordering_vs_random,regression_audience,random,2556,0.08525890016761484,0.08308835044228481,0.08733998651656157
primary,aqua_opinion_expected,full,ordering_vs_random,regression_editor,random,2556,0.12134287187727134,0.11911138877875653,0.12356043185766162
primary,aqua_opinion_expected,full,ordering_vs_random,xgb_metadata_audience,random,2556,0.0917397294538727,0.08938738879237026,0.09392765935756538
primary,aqua_opinion_expected,full,ordering_vs_random,xgb_metadata_editor,random,2556,0.10040976312862339,0.09807334838368985,0.10264369629184383
primary,aqua_opinion_expected,full,ordering_vs_random,xgb_metadata_text_audience,random,2556,0.10343973425195914,0.10110479937321819,0.10562726188108908
primary,aqua_opinion_expected,full,ordering_vs_random,xgb_metadata_text_editor,random,2556,0.1071738985388248,0.10484320482693811,0.10932566513393202
primary,aqua_opinion_expected,full,ordering_vs_random,neural_metadata_audience,random,2556,0.052448873497882305,0.05027199197531316,0.05455729598255018
primary,aqua_opinion_expected,full,ordering_vs_random,neural_metadata_editor,random,2556,0.06458550882781236,0.062458753747654625,0.06670791650019979
primary,aqua_opinion_expected,full,ordering_vs_random,neural_metadata_text_audience,random,2556,0.05732167452206622,0.055087385231013794,0.059462275565019464
primary,aqua_opinion_expected,full,ordering_vs_random,neural_metadata_text_editor,random,2556,0.09502056238143754,0.09279049915288852,0.09720279482739408
primary,aqua_opinion_expected,full,reply_vs_loose,trees,loose,2556,-0.028456292189275235,-0.03179304254665413,-0.02513098920925577
primary,aqua_opinion_expected,full,reply_vs_loose,hidden,loose,2556,-0.0005317725020538289,-0.0020458298533129137,0.0009949665221494887
primary,aqua_opinion_expected,full,pinned_vs_unpinned,pinned,unpinned,2556,-0.012350580582813601,-0.01417646377727242,-0.01060867194968173
primary,aqua_opinion_expected,top10,ordering_vs_random,relative_votes,random,2556,0.0803923075461146,0.07588077170927919,0.08493376350078154
primary,aqua_opinion_expected,top10,ordering_vs_random,upvotes,random,2556,0.0844157918652162,0.07975801955329015,0.08893388713113448
primary,aqua_opinion_expected,top10,ordering_vs_random,chronological,random,2556,-0.020483435472276018,-0.02575024784277377,-0.0152898000086455
primary,aqua_opinion_expected,top10,ordering_vs_random,reverse_chronological,random,2556,0.017696575627861574,0.012879665856969322,0.022748573030432682
primary,aqua_opinion_expected,top10,ordering_vs_random,regression_audience,random,2556,0.174693535072668,0.17028202281400479,0.17927350155446856
primary,aqua_opinion_expected,top10,ordering_vs_random,regression_editor,random,2556,0.2038240314866337,0.19954510378681517,0.2084294989881367
primary,aqua_opinion_expected,top10,ordering_vs_random,xgb_metadata_audience,random,2556,0.2122459960364137,0.20817536808894677,0.216476163666483
primary,aqua_opinion_expected,top10,ordering_vs_random,xgb_metadata_editor,random,2556,0.21649899782775087,0.21250647687465074,0.22063106161861085
primary,aqua_opinion_expected,top10,ordering_vs_random,xgb_metadata_text_audience,random,2556,0.21681006599224742,0.2127382404050523,0.22103007116535747
primary,aqua_opinion_expected,top10,ordering_vs_random,xgb_metadata_text_editor,random,2556,0.2184607943412558,0.21433384227779034,0.22284895463289414
primary,aqua_opinion_expected,top10,ordering_vs_random,neural_metadata_audience,random,2556,0.1704657746721982,0.16581965783881428,0.17493113215092063
primary,aqua_opinion_expected,top10,ordering_vs_random,neural_metadata_editor,random,2556,0.15227764698210786,0.1478594180124991,0.15691076760440548
primary,aqua_opinion_expected,top10,ordering_vs_random,neural_metadata_text_audience,random,2556,0.19108390297711492,0.18649030503130115,0.19532290507025815
primary,aqua_opinion_expected,top10,ordering_vs_random,neural_metadata_text_editor,random,2556,0.18747297679105368,0.18286926861563077,0.19229388515027473
primary,aqua_opinion_expected,top10,reply_vs_loose,trees,loose,2556,-0.08943780132657778,-0.09254297349178135,-0.086104259033202
primary,aqua_opinion_expected,top10,reply_vs_loose,hidden,loose,2556,0.003509023846661846,0.0026409827046411254,0.004425499860807549
primary,aqua_opinion_expected,top10,pinned_vs_unpinned,pinned,unpinned,2556,-0.014538987476910282,-0.021122150145467686,-0.008153378428937725
primary,aqua_polite_address_expected,full,ordering_vs_random,relative_votes,random,2556,0.031992163752658724,0.028381417996974218,0.035578126587145466
primary,aqua_polite_address_expected,full,ordering_vs_random,upvotes,random,2556,0.029982157253454725,0.02661301868095475,0.03356459988189301
primary,aqua_polite_address_expected,full,ordering_vs_random,chronological,random,2556,-0.013616800815404551,-0.017368237886556014,-0.009778786594044986
primary,aqua_polite_address_expected,full,ordering_vs_random,reverse_chronological,random,2556,0.013295854928057148,0.00939205965151782,0.01705248717296209
primary,aqua_polite_address_expected,full,ordering_vs_random,regression_audience,random,2556,0.05079520425049493,0.04739412344254788,0.054297114309732025
primary,aqua_polite_address_expected,full,ordering_vs_random,regression_editor,random,2556,0.09290700244303379,0.0894902488822872,0.09656468846701353
primary,aqua_polite_address_expected,full,ordering_vs_random,xgb_metadata_audience,random,2556,0.08070919125703718,0.07728029079692998,0.0842319743784222
primary,aqua_polite_address_expected,full,ordering_vs_random,xgb_metadata_editor,random,2556,0.09038690984977166,0.08701510134904171,0.09398128229947474
primary,aqua_polite_address_expected,full,ordering_vs_random,xgb_metadata_text_audience,random,2556,0.0876699516150131,0.08421971577327678,0.09116949850453467
primary,aqua_polite_address_expected,full,ordering_vs_random,xgb_metadata_text_editor,random,2556,0.09152337883275649,0.08812374529723611,0.09506217569224013
primary,aqua_polite_address_expected,full,ordering_vs_random,neural_metadata_audience,random,2556,0.05092149665420502,0.047599282229762035,0.05448381400299472
primary,aqua_polite_address_expected,full,ordering_vs_random,neural_metadata_editor,random,2556,0.08666343190406552,0.08333254693954537,0.09015476844706888
primary,aqua_polite_address_expected,full,ordering_vs_random,neural_metadata_text_audience,random,2556,0.04634096566385293,0.04289075872864548,0.04993203754475672
primary,aqua_polite_address_expected,full,ordering_vs_random,neural_metadata_text_editor,random,2556,0.06040698917094767,0.056865016227098455,0.06404529996200459
primary,aqua_polite_address_expected,full,reply_vs_loose,trees,loose,2556,-0.03952516619119505,-0.04474700252566399,-0.0343117719932919
primary,aqua_polite_address_expected,full,reply_vs_loose,hidden,loose,2556,-0.01951785358987321,-0.02266576191803846,-0.016574372960180182
primary,aqua_polite_address_expected,full,pinned_vs_unpinned,pinned,unpinned,2556,-0.006713113525845813,-0.009806855877821442,-0.003623332371359689
primary,aqua_polite_address_expected,top10,ordering_vs_random,relative_votes,random,2556,0.05390173278942376,0.04766395410551289,0.06028169144892911
primary,aqua_polite_address_expected,top10,ordering_vs_random,upvotes,random,2556,0.053801314808459656,0.047819364745653375,0.05995094388417083
primary,aqua_polite_address_expected,top10,ordering_vs_random,chronological,random,2556,-0.0007989556462110371,-0.00806044531187317,0.0061054154320767245
primary,aqua_polite_address_expected,top10,ordering_vs_random,reverse_chronological,random,2556,0.03045844553875633,0.02434923405788704,0.036933549707358806
primary,aqua_polite_address_expected,top10,ordering_vs_random,regression_audience,random,2556,0.11202561834325539,0.10533224960367478,0.11851549541732885
primary,aqua_polite_address_expected,top10,ordering_vs_random,regression_editor,random,2556,0.16805681604838096,0.16136929973284134,0.17464082775097928
primary,aqua_polite_address_expected,top10,ordering_vs_random,xgb_metadata_audience,random,2556,0.13756268986735443,0.1309716917364371,0.1440969664795137
primary,aqua_polite_address_expected,top10,ordering_vs_random,xgb_metadata_editor,random,2556,0.1551083549092835,0.1486316818352838,0.16176924527855294
primary,aqua_polite_address_expected,top10,ordering_vs_random,xgb_metadata_text_audience,random,2556,0.1359811154010075,0.12978283347087047,0.1422477120845147
primary,aqua_polite_address_expected,top10,ordering_vs_random,xgb_metadata_text_editor,random,2556,0.1417400142764963,0.1355694062491087,0.14850446392303185
primary,aqua_polite_address_expected,top10,ordering_vs_random,neural_metadata_audience,random,2556,0.13400800476883698,0.12748881031242118,0.14050250593917196
primary,aqua_polite_address_expected,top10,ordering_vs_random,neural_metadata_editor,random,2556,0.17233555095731948,0.1659015149204799,0.1794783062237917
primary,aqua_polite_address_expected,top10,ordering_vs_random,neural_metadata_text_audience,random,2556,0.11547662840399486,0.10927621537458049,0.12165533815471362
primary,aqua_polite_address_expected,top10,ordering_vs_random,neural_metadata_text_editor,random,2556,0.15097786234483823,0.1444479395380091,0.15763858914411133
primary,aqua_polite_address_expected,top10,reply_vs_loose,trees,loose,2556,-0.06561828316531235,-0.06920925357621527,-0.061871986026591476
primary,aqua_polite_address_expected,top10,reply_vs_loose,hidden,loose,2556,0.005041254385222527,0.004039689082353288,0.006071561580562638
primary,aqua_polite_address_expected,top10,pinned_vs_unpinned,pinned,unpinned,2556,0.013191671690880338,0.0055674539387767005,0.0210523572510493
primary,aqua_question_expected,full,ordering_vs_random,relative_votes,random,2556,-0.04680960014779972,-0.04965227922699786,-0.04388643685596552
primary,aqua_question_expected,full,ordering_vs_random,upvotes,random,2556,-0.036938673495992676,-0.03962923666043947,-0.03414250039272909
primary,aqua_question_expected,full,ordering_vs_random,chronological,random,2556,-0.0013810677066960393,-0.004299196351087893,0.0012854150401256637
primary,aqua_question_expected,full,ordering_vs_random,reverse_chronological,random,2556,0.0006683968566164285,-0.002056216995565008,0.0034700736845062682
primary,aqua_question_expected,full,ordering_vs_random,regression_audience,random,2556,-0.055337475319579055,-0.0578511325751247,-0.052906478061984556
primary,aqua_question_expected,full,ordering_vs_random,regression_editor,random,2556,-0.07941123535746959,-0.0817924482960176,-0.07704409711626117
primary,aqua_question_expected,full,ordering_vs_random,xgb_metadata_audience,random,2556,-0.057554190676131364,-0.060020936145500636,-0.05511749249352643
primary,aqua_question_expected,full,ordering_vs_random,xgb_metadata_editor,random,2556,-0.06275370159780666,-0.06518651504058864,-0.060308966983526995
primary,aqua_question_expected,full,ordering_vs_random,xgb_metadata_text_audience,random,2556,-0.05054904196525936,-0.0530971044256935,-0.04818780545283206
primary,aqua_question_expected,full,ordering_vs_random,xgb_metadata_text_editor,random,2556,-0.051848947443187264,-0.05432213782495377,-0.04947629417562938
primary,aqua_question_expected,full,ordering_vs_random,neural_metadata_audience,random,2556,-0.03382548036388134,-0.036424882362215374,-0.031295641763146864
primary,aqua_question_expected,full,ordering_vs_random,neural_metadata_editor,random,2556,-0.0398920801039551,-0.0423913125583211,-0.03745065932527738
primary,aqua_question_expected,full,ordering_vs_random,neural_metadata_text_audience,random,2556,-0.033804519628578854,-0.03644943763676029,-0.03132089239575261
primary,aqua_question_expected,full,ordering_vs_random,neural_metadata_text_editor,random,2556,-0.06697543440701581,-0.06948461969603449,-0.06442398084012349
primary,aqua_question_expected,full,reply_vs_loose,trees,loose,2556,0.016872097817902807,0.012657460783576093,0.021228066250909443
primary,aqua_question_expected,full,reply_vs_loose,hidden,loose,2556,0.015149718714598524,0.01300579298167314,0.017462721082421133
primary,aqua_question_expected,full,pinned_vs_unpinned,pinned,unpinned,2556,0.011505320201382297,0.009198190319904088,0.013826815295810084
primary,aqua_question_expected,top10,ordering_vs_random,relative_votes,random,2556,-0.06117990447153906,-0.0685879476515196,-0.05354997609467214
primary,aqua_question_expected,top10,ordering_vs_random,upvotes,random,2556,-0.057593823504180595,-0.06534354315320363,-0.049903112274554094
primary,aqua_question_expected,top10,ordering_vs_random,chronological,random,2556,-0.011344382374614957,-0.020141811419575238,-0.002523579740923841
primary,aqua_question_expected,top10,ordering_vs_random,reverse_chronological,random,2556,0.0012428280342877678,-0.006438331188010177,0.009256947988870686
primary,aqua_question_expected,top10,ordering_vs_random,regression_audience,random,2556,-0.10631835544607654,-0.11375967435489248,-0.09923303739508355
primary,aqua_question_expected,top10,ordering_vs_random,regression_editor,random,2556,-0.12404223000169695,-0.13088726400343328,-0.11700288488496728
primary,aqua_question_expected,top10,ordering_vs_random,xgb_metadata_audience,random,2556,-0.13431487739116454,-0.14151977190842488,-0.1274442377287282
primary,aqua_question_expected,top10,ordering_vs_random,xgb_metadata_editor,random,2556,-0.13120146523726484,-0.13857443616062073,-0.12408513599308277
primary,aqua_question_expected,top10,ordering_vs_random,xgb_metadata_text_audience,random,2556,-0.11146944878832499,-0.11876764485871288,-0.10431378841109631
primary,aqua_question_expected,top10,ordering_vs_random,xgb_metadata_text_editor,random,2556,-0.11093207663503912,-0.11797040430782538,-0.10365208176327163
primary,aqua_question_expected,top10,ordering_vs_random,neural_metadata_audience,random,2556,-0.06284689888491216,-0.07056838078482205,-0.05519896171121018
primary,aqua_question_expected,top10,ordering_vs_random,neural_metadata_editor,random,2556,-0.0728047665394653,-0.0802175280485516,-0.06493361179543854
primary,aqua_question_expected,top10,ordering_vs_random,neural_metadata_text_audience,random,2556,-0.10183558226092446,-0.1094813695002364,-0.09428591894384944
primary,aqua_question_expected,top10,ordering_vs_random,neural_metadata_text_editor,random,2556,-0.1014560947307587,-0.10926968309130589,-0.09372986431841805
primary,aqua_question_expected,top10,reply_vs_loose,trees,loose,2556,0.03686594756954041,0.03166216788978259,0.04245931356195561
primary,aqua_question_expected,top10,reply_vs_loose,hidden,loose,2556,0.004651863429529621,0.0034123770374086923,0.006068108781554069
primary,aqua_question_expected,top10,pinned_vs_unpinned,pinned,unpinned,2556,0.008792583020250178,-0.0018745450115061249,0.019244600991230282
primary,aqua_referencing_contents_expected,full,ordering_vs_random,relative_votes,random,2556,-0.0255729903020501,-0.027591060325760846,-0.023558792851516196
primary,aqua_referencing_contents_expected,full,ordering_vs_random,upvotes,random,2556,-0.029977469711268166,-0.031892265045323887,-0.028055352533279943
primary,aqua_referencing_contents_expected,full,ordering_vs_random,chronological,random,2556,-0.0123885789492813,-0.014502635200196254,-0.01033041864079045
primary,aqua_referencing_contents_expected,full,ordering_vs_random,reverse_chronological,random,2556,0.01185945510616576,0.009808279969162781,0.013958702533956098
primary,aqua_referencing_contents_expected,full,ordering_vs_random,regression_audience,random,2556,-0.046616336680447734,-0.04844998389849766,-0.0447356713558959
primary,aqua_referencing_contents_expected,full,ordering_vs_random,regression_editor,random,2556,-0.03733482758393001,-0.039161769268014346,-0.03534120786162001
primary,aqua_referencing_contents_expected,full,ordering_vs_random,xgb_metadata_audience,random,2556,-0.044664674320896686,-0.046476760614305064,-0.04281138305703209
primary,aqua_referencing_contents_expected,full,ordering_vs_random,xgb_metadata_editor,random,2556,-0.04452199176019506,-0.04636531578469336,-0.04263768783612097
primary,aqua_referencing_contents_expected,full,ordering_vs_random,xgb_metadata_text_audience,random,2556,-0.04174276864445092,-0.04359204566389548,-0.03980440184013111
primary,aqua_referencing_contents_expected,full,ordering_vs_random,xgb_metadata_text_editor,random,2556,-0.04169502623988913,-0.04351585118577324,-0.039751613239135716
primary,aqua_referencing_contents_expected,full,ordering_vs_random,neural_metadata_audience,random,2556,-0.032219766551701286,-0.03412922981835893,-0.030166820121426786
primary,aqua_referencing_contents_expected,full,ordering_vs_random,neural_metadata_editor,random,2556,-0.027977928505998815,-0.02987842871004876,-0.02594042566513358
primary,aqua_referencing_contents_expected,full,ordering_vs_random,neural_metadata_text_audience,random,2556,-0.054371734076494996,-0.056150318523079015,-0.05248551032911731
primary,aqua_referencing_contents_expected,full,ordering_vs_random,neural_metadata_text_editor,random,2556,-0.05017890179195182,-0.052024157893338634,-0.048333890596979644
primary,aqua_referencing_contents_expected,full,reply_vs_loose,trees,loose,2556,0.12910621365008604,0.12631286365812264,0.1318495047745099
primary,aqua_referencing_contents_expected,full,reply_vs_loose,hidden,loose,2556,-0.004190193623423745,-0.00558731932573212,-0.002791945587245406
primary,aqua_referencing_contents_expected,full,pinned_vs_unpinned,pinned,unpinned,2556,-0.012564501766929003,-0.014105197310911819,-0.011056109070998193
primary,aqua_referencing_contents_expected,top10,ordering_vs_random,relative_votes,random,2556,-0.030368454426365852,-0.0352837541454406,-0.025645303225914864
primary,aqua_referencing_contents_expected,top10,ordering_vs_random,upvotes,random,2556,-0.031673151668229094,-0.03663277618923947,-0.02702583688971722
primary,aqua_referencing_contents_expected,top10,ordering_vs_random,chronological,random,2556,-0.02872076315674785,-0.033868513319564926,-0.023588965808550123
primary,aqua_referencing_contents_expected,top10,ordering_vs_random,reverse_chronological,random,2556,0.008012827115606224,0.0030813108194004167,0.012983815029294637
primary,aqua_referencing_contents_expected,top10,ordering_vs_random,regression_audience,random,2556,-0.0473305967204824,-0.05248333920139696,-0.0422297532964872
primary,aqua_referencing_contents_expected,top10,ordering_vs_random,regression_editor,random,2556,-0.030963901075619058,-0.03602686051461641,-0.026036977175007008
primary,aqua_referencing_contents_expected,top10,ordering_vs_random,xgb_metadata_audience,random,2556,-0.03211343987612186,-0.037378688161642235,-0.027318103200737614
primary,aqua_referencing_contents_expected,top10,ordering_vs_random,xgb_metadata_editor,random,2556,-0.03224445020786232,-0.03753282584871611,-0.027358080396833663
primary,aqua_referencing_contents_expected,top10,ordering_vs_random,xgb_metadata_text_audience,random,2556,-0.027014531279598745,-0.032409002535306486,-0.021910570225448723
primary,aqua_referencing_contents_expected,top10,ordering_vs_random,xgb_metadata_text_editor,random,2556,-0.026819152837961772,-0.0321027587815409,-0.021874433442377036
primary,aqua_referencing_contents_expected,top10,ordering_vs_random,neural_metadata_audience,random,2556,0.01122209247818967,0.005854053212256612,0.016736108033044626
primary,aqua_referencing_contents_expected,top10,ordering_vs_random,neural_metadata_editor,random,2556,0.016562390677568397,0.010996917869001494,0.02207971896424612
primary,aqua_referencing_contents_expected,top10,ordering_vs_random,neural_metadata_text_audience,random,2556,-0.06160778290878377,-0.06661557942122655,-0.056563381486988654
primary,aqua_referencing_contents_expected,top10,ordering_vs_random,neural_metadata_text_editor,random,2556,-0.04000749294331338,-0.044711296407581064,-0.03516122955307002
primary,aqua_referencing_contents_expected,top10,reply_vs_loose,trees,loose,2556,0.051815531333387975,0.048466030505129466,0.05520246850515204
primary,aqua_referencing_contents_expected,top10,reply_vs_loose,hidden,loose,2556,-0.011773557893155765,-0.012813115359872035,-0.010802737535531981
primary,aqua_referencing_contents_expected,top10,pinned_vs_unpinned,pinned,unpinned,2556,-0.03561954472607089,-0.04239879251285016,-0.02830591373200201
primary,aqua_referencing_format_expected,full,ordering_vs_random,relative_votes,random,2556,0.019574045797116347,0.017573375182227405,0.02155317082721941
primary,aqua_referencing_format_expected,full,ordering_vs_random,upvotes,random,2556,0.01843589103721951,0.016633988455006486,0.020370445506395968
primary,aqua_referencing_format_expected,full,ordering_vs_random,chronological,random,2556,-0.017441440916337064,-0.01946488569170514,-0.015352344815378949
primary,aqua_referencing_format_expected,full,ordering_vs_random,reverse_chronological,random,2556,0.017392013231642026,0.015287374247225505,0.019415354249907372
primary,aqua_referencing_format_expected,full,ordering_vs_random,regression_audience,random,2556,0.032667176433281035,0.030793868339376237,0.034564062416828696
primary,aqua_referencing_format_expected,full,ordering_vs_random,regression_editor,random,2556,0.06137444377159174,0.05946110531935212,0.06339724358992259
primary,aqua_referencing_format_expected,full,ordering_vs_random,xgb_metadata_audience,random,2556,0.05079723901330107,0.048874557567616196,0.05277114820398691
primary,aqua_referencing_format_expected,full,ordering_vs_random,xgb_metadata_editor,random,2556,0.05741845309713781,0.055504896811663464,0.05938578110554945
primary,aqua_referencing_format_expected,full,ordering_vs_random,xgb_metadata_text_audience,random,2556,0.057951140415794876,0.056001523013986566,0.05985352902692007
primary,aqua_referencing_format_expected,full,ordering_vs_random,xgb_metadata_text_editor,random,2556,0.060858823391691665,0.058890489165610994,0.06277539152066677
primary,aqua_referencing_format_expected,full,ordering_vs_random,neural_metadata_audience,random,2556,0.04805844673775076,0.0460416577024565,0.05012968467149462
primary,aqua_referencing_format_expected,full,ordering_vs_random,neural_metadata_editor,random,2556,0.08841780660091139,0.08636726233433994,0.0905607196027318
primary,aqua_referencing_format_expected,full,ordering_vs_random,neural_metadata_text_audience,random,2556,0.03427302725273789,0.03241360971417086,0.03622312963476049
primary,aqua_referencing_format_expected,full,ordering_vs_random,neural_metadata_text_editor,random,2556,0.06310587291373616,0.06116873526616252,0.06509197182726557
primary,aqua_referencing_format_expected,full,reply_vs_loose,trees,loose,2556,-0.07364570373573118,-0.07657254465181487,-0.07058042958961169
primary,aqua_referencing_format_expected,full,reply_vs_loose,hidden,loose,2556,-0.0021561608494371385,-0.003790059252512463,-0.0005382845720035428
primary,aqua_referencing_format_expected,full,pinned_vs_unpinned,pinned,unpinned,2556,0.003636584348265204,0.00209137994485535,0.005173457472159234
primary,aqua_referencing_format_expected,top10,ordering_vs_random,relative_votes,random,2556,0.025978816115912386,0.022301865890272738,0.02961341376976713
primary,aqua_referencing_format_expected,top10,ordering_vs_random,upvotes,random,2556,0.025616519944580494,0.021956577618477354,0.029307398317647147
primary,aqua_referencing_format_expected,top10,ordering_vs_random,chronological,random,2556,-0.018337390626178084,-0.02238582836882177,-0.014302302714704437
primary,aqua_referencing_format_expected,top10,ordering_vs_random,reverse_chronological,random,2556,0.022857922307590116,0.01907823500971257,0.026547890418558432
primary,aqua_referencing_format_expected,top10,ordering_vs_random,regression_audience,random,2556,0.04598298396273921,0.042556082052305974,0.049348701869275605
primary,aqua_referencing_format_expected,top10,ordering_vs_random,regression_editor,random,2556,0.07566698124651562,0.07231407405138993,0.0789723740890284
primary,aqua_referencing_format_expected,top10,ordering_vs_random,xgb_metadata_audience,random,2556,0.0619425380926424,0.05874667253686651,0.06553185071465414
primary,aqua_referencing_format_expected,top10,ordering_vs_random,xgb_metadata_editor,random,2556,0.07003787345669385,0.06674464386444831,0.07361354255143823
primary,aqua_referencing_format_expected,top10,ordering_vs_random,xgb_metadata_text_audience,random,2556,0.06362001774193121,0.060249680433989566,0.0671262932190538
primary,aqua_referencing_format_expected,top10,ordering_vs_random,xgb_metadata_text_editor,random,2556,0.06709507580178896,0.06369060304143706,0.07061763707814332
primary,aqua_referencing_format_expected,top10,ordering_vs_random,neural_metadata_audience,random,2556,0.06872723749266756,0.06532439606530788,0.07250628305175696
primary,aqua_referencing_format_expected,top10,ordering_vs_random,neural_metadata_editor,random,2556,0.10280888968010085,0.09905464366804571,0.10661057831457177
primary,aqua_referencing_format_expected,top10,ordering_vs_random,neural_metadata_text_audience,random,2556,0.05760113357010982,0.054147924440260974,0.06135879235781123
primary,aqua_referencing_format_expected,top10,ordering_vs_random,neural_metadata_text_editor,random,2556,0.08061958108605367,0.07695236491615019,0.08426305106273767
primary,aqua_referencing_format_expected,top10,reply_vs_loose,trees,loose,2556,-0.04774602661753089,-0.050100834873313946,-0.045501568616456406
primary,aqua_referencing_format_expected,top10,reply_vs_loose,hidden,loose,2556,0.004457538960863897,0.0037822098174727795,0.005124451516315235
primary,aqua_referencing_format_expected,top10,pinned_vs_unpinned,pinned,unpinned,2556,0.012561692959908017,0.007665188501643604,0.01700255068716249
primary,aqua_referencing_medium_expected,full,ordering_vs_random,relative_votes,random,2556,0.011679590989042402,0.008967255457647642,0.014352083189360447
primary,aqua_referencing_medium_expected,full,ordering_vs_random,upvotes,random,2556,0.018535940958665544,0.016027581556823347,0.021224836365910254
primary,aqua_referencing_medium_expected,full,ordering_vs_random,chronological,random,2556,-0.0152298304312246,-0.01801733931394737,-0.012440182507884895
primary,aqua_referencing_medium_expected,full,ordering_vs_random,reverse_chronological,random,2556,0.014123359933704381,0.011384404956904478,0.016930172505142425
primary,aqua_referencing_medium_expected,full,ordering_vs_random,regression_audience,random,2556,0.036560479583618896,0.03406806507892963,0.038975887659853097
primary,aqua_referencing_medium_expected,full,ordering_vs_random,regression_editor,random,2556,0.05224765668471363,0.04972109902990405,0.054740783112702446
primary,aqua_referencing_medium_expected,full,ordering_vs_random,xgb_metadata_audience,random,2556,0.04823819615714701,0.04572894297165671,0.050777807590564
primary,aqua_referencing_medium_expected,full,ordering_vs_random,xgb_metadata_editor,random,2556,0.0554316365293867,0.05287623854873607,0.05801638844773828
primary,aqua_referencing_medium_expected,full,ordering_vs_random,xgb_metadata_text_audience,random,2556,0.056132167426514466,0.053556854983124375,0.058628251034886815
primary,aqua_referencing_medium_expected,full,ordering_vs_random,xgb_metadata_text_editor,random,2556,0.05864699994541155,0.05602105212551386,0.06114457000989064
primary,aqua_referencing_medium_expected,full,ordering_vs_random,neural_metadata_audience,random,2556,0.03239653549054715,0.02988364943753581,0.034951274617286796
primary,aqua_referencing_medium_expected,full,ordering_vs_random,neural_metadata_editor,random,2556,0.050452576174079826,0.04800099727715876,0.05287157846585678
primary,aqua_referencing_medium_expected,full,ordering_vs_random,neural_metadata_text_audience,random,2556,0.023774646630610158,0.02127351793654869,0.02634252049480314
primary,aqua_referencing_medium_expected,full,ordering_vs_random,neural_metadata_text_editor,random,2556,0.03511258915480765,0.03250704352821626,0.03770170481383166
primary,aqua_referencing_medium_expected,full,reply_vs_loose,trees,loose,2556,-0.05195631360985346,-0.05613312568236634,-0.04770250763488419
primary,aqua_referencing_medium_expected,full,reply_vs_loose,hidden,loose,2556,-0.012436800644604002,-0.014688601055520273,-0.010313533262118188
primary,aqua_referencing_medium_expected,full,pinned_vs_unpinned,pinned,unpinned,2556,-8.12792133708169e-05,-0.002381941887836935,0.002133186626850442
primary,aqua_referencing_medium_expected,top10,ordering_vs_random,relative_votes,random,2556,0.022709597011462836,0.01782884848626164,0.027192887234310126
primary,aqua_referencing_medium_expected,top10,ordering_vs_random,upvotes,random,2556,0.02442682756353621,0.019625836850261875,0.028925271718023567
primary,aqua_referencing_medium_expected,top10,ordering_vs_random,chronological,random,2556,-0.023379888903847068,-0.029041782651204134,-0.017916990482568347
primary,aqua_referencing_medium_expected,top10,ordering_vs_random,reverse_chronological,random,2556,0.017570082573995064,0.01249632000007065,0.022718455793497957
primary,aqua_referencing_medium_expected,top10,ordering_vs_random,regression_audience,random,2556,0.06038333950754041,0.05562939332972926,0.0650037876300299
primary,aqua_referencing_medium_expected,top10,ordering_vs_random,regression_editor,random,2556,0.07134112543230424,0.0668269547665471,0.0758584741078845
primary,aqua_referencing_medium_expected,top10,ordering_vs_random,xgb_metadata_audience,random,2556,0.07047984072225454,0.06575745825324147,0.07501195069808027
primary,aqua_referencing_medium_expected,top10,ordering_vs_random,xgb_metadata_editor,random,2556,0.07663437054509774,0.07180649603430639,0.08118081461066666
primary,aqua_referencing_medium_expected,top10,ordering_vs_random,xgb_metadata_text_audience,random,2556,0.07446818810215954,0.06991867645770528,0.07917300283911136
primary,aqua_referencing_medium_expected,top10,ordering_vs_random,xgb_metadata_text_editor,random,2556,0.07649037362637594,0.07200386666004868,0.08116662197218737
primary,aqua_referencing_medium_expected,top10,ordering_vs_random,neural_metadata_audience,random,2556,0.06597841419739428,0.0609317023589204,0.07077060877003574
primary,aqua_referencing_medium_expected,top10,ordering_vs_random,neural_metadata_editor,random,2556,0.05248992313861783,0.04817527716902022,0.05699048957349913
primary,aqua_referencing_medium_expected,top10,ordering_vs_random,neural_metadata_text_audience,random,2556,0.057745889087386704,0.05279911243853491,0.062488518707155105
primary,aqua_referencing_medium_expected,top10,ordering_vs_random,neural_metadata_text_editor,random,2556,0.050762019732350144,0.046205796218968254,0.05524698065367159
primary,aqua_referencing_medium_expected,top10,reply_vs_loose,trees,loose,2556,-0.04093549821480683,-0.0437946632793966,-0.03788406334940489
primary,aqua_referencing_medium_expected,top10,reply_vs_loose,hidden,loose,2556,0.0039672643760344985,0.003027028438298568,0.004861264900035261
primary,aqua_referencing_medium_expected,top10,pinned_vs_unpinned,pinned,unpinned,2556,0.010895439421106257,0.00468888069307536,0.016819992085080174
primary,aqua_referencing_personal_expected,full,ordering_vs_random,relative_votes,random,2556,-0.0007246090730311016,-0.0029287255382272302,0.001483542258268615
primary,aqua_referencing_personal_expected,full,ordering_vs_random,upvotes,random,2556,-0.0027712411638193693,-0.004994742408454469,-0.0005853056527072454
primary,aqua_referencing_personal_expected,full,ordering_vs_random,chronological,random,2556,-0.017403800526329883,-0.019621810428927917,-0.015172361558422718
primary,aqua_referencing_personal_expected,full,ordering_vs_random,reverse_chronological,random,2556,0.01744508879759062,0.015172998933176824,0.01968381457643444
primary,aqua_referencing_personal_expected,full,ordering_vs_random,regression_audience,random,2556,-0.0005675887372172623,-0.0026039654248578886,0.001623276809210333
primary,aqua_referencing_personal_expected,full,ordering_vs_random,regression_editor,random,2556,0.015053276730101163,0.012930432461432072,0.017308076121473524
primary,aqua_referencing_personal_expected,full,ordering_vs_random,xgb_metadata_audience,random,2556,0.01410396658870273,0.011932461528660855,0.016372286772776405
primary,aqua_referencing_personal_expected,full,ordering_vs_random,xgb_metadata_editor,random,2556,0.01677923888729758,0.014553588497271574,0.01909220846213529
primary,aqua_referencing_personal_expected,full,ordering_vs_random,xgb_metadata_text_audience,random,2556,0.02165634343626499,0.01943626725645507,0.023884690205281882
primary,aqua_referencing_personal_expected,full,ordering_vs_random,xgb_metadata_text_editor,random,2556,0.02347113207163465,0.021244826110337695,0.025775963803457463
primary,aqua_referencing_personal_expected,full,ordering_vs_random,neural_metadata_audience,random,2556,0.020684493776531525,0.01856926031971893,0.02296089741708422
primary,aqua_referencing_personal_expected,full,ordering_vs_random,neural_metadata_editor,random,2556,0.04227634704936535,0.04001807310780666,0.04474669783797835
primary,aqua_referencing_personal_expected,full,ordering_vs_random,neural_metadata_text_audience,random,2556,0.008158011225151605,0.005998038887831155,0.010574198258646845
primary,aqua_referencing_personal_expected,full,ordering_vs_random,neural_metadata_text_editor,random,2556,0.012011478331640775,0.009886185350561986,0.014353059042598136
primary,aqua_referencing_personal_expected,full,reply_vs_loose,trees,loose,2556,-0.027856088776926812,-0.03121535729629752,-0.02449379487078207
primary,aqua_referencing_personal_expected,full,reply_vs_loose,hidden,loose,2556,0.002176155282481591,0.0003646628865119798,0.004147403090160619
primary,aqua_referencing_personal_expected,full,pinned_vs_unpinned,pinned,unpinned,2556,0.0043954709149261525,0.0025865736111703886,0.006036162694012835
primary,aqua_referencing_personal_expected,top10,ordering_vs_random,relative_votes,random,2556,0.00305648980579694,-0.0012755645146194058,0.007505120266515073
primary,aqua_referencing_personal_expected,top10,ordering_vs_random,upvotes,random,2556,0.0022362505367640602,-0.001942439769331629,0.006569825211031875
primary,aqua_referencing_personal_expected,top10,ordering_vs_random,chronological,random,2556,-0.02018017297518966,-0.02453088766494087,-0.01585448329575069
primary,aqua_referencing_personal_expected,top10,ordering_vs_random,reverse_chronological,random,2556,0.02003211414293134,0.01573313676130265,0.023987323747519187
primary,aqua_referencing_personal_expected,top10,ordering_vs_random,regression_audience,random,2556,0.007407317118336644,0.0035449371309583116,0.01136979483727055
primary,aqua_referencing_personal_expected,top10,ordering_vs_random,regression_editor,random,2556,0.022641267121047182,0.01858032363651779,0.026771162839032046
primary,aqua_referencing_personal_expected,top10,ordering_vs_random,xgb_metadata_audience,random,2556,0.01729844074989119,0.013211248005746072,0.02157762072133677
primary,aqua_referencing_personal_expected,top10,ordering_vs_random,xgb_metadata_editor,random,2556,0.021778635353276083,0.01779013038537821,0.026129726937127205
primary,aqua_referencing_personal_expected,top10,ordering_vs_random,xgb_metadata_text_audience,random,2556,0.0200875816660492,0.015880889719035556,0.024445001964485506
primary,aqua_referencing_personal_expected,top10,ordering_vs_random,xgb_metadata_text_editor,random,2556,0.02285795931053607,0.018652221334649496,0.02733422845189203
primary,aqua_referencing_personal_expected,top10,ordering_vs_random,neural_metadata_audience,random,2556,0.03694887758475767,0.03285087554074143,0.041471765761339006
primary,aqua_referencing_personal_expected,top10,ordering_vs_random,neural_metadata_editor,random,2556,0.06155307615794683,0.057464407611794714,0.06614941232126169
primary,aqua_referencing_personal_expected,top10,ordering_vs_random,neural_metadata_text_audience,random,2556,0.018464821985287507,0.014266436423812237,0.02285333193878403
primary,aqua_referencing_personal_expected,top10,ordering_vs_random,neural_metadata_text_editor,random,2556,0.033576801089897336,0.02923237192876151,0.03797668892269243
primary,aqua_referencing_personal_expected,top10,reply_vs_loose,trees,loose,2556,-0.023642396287704547,-0.026287000149862617,-0.020806835673122883
primary,aqua_referencing_personal_expected,top10,reply_vs_loose,hidden,loose,2556,0.0018874874218599525,0.0010467255511108966,0.0026457416505888645
primary,aqua_referencing_personal_expected,top10,pinned_vs_unpinned,pinned,unpinned,2556,0.0007453137143021215,-0.0045841455391289546,0.006343019114959858
primary,aqua_referencing_users_expected,full,ordering_vs_random,relative_votes,random,2556,-0.020182224317957104,-0.022138383420037037,-0.017988535055443195
primary,aqua_referencing_users_expected,full,ordering_vs_random,upvotes,random,2556,-0.017932610848697107,-0.01994431706257983,-0.015776673336124127
primary,aqua_referencing_users_expected,full,ordering_vs_random,chronological,random,2556,-0.019989644632958818,-0.022297580030150862,-0.017618785941866767
primary,aqua_referencing_users_expected,full,ordering_vs_random,reverse_chronological,random,2556,0.01936040664779907,0.017083568349797344,0.021597907618460442
primary,aqua_referencing_users_expected,full,ordering_vs_random,regression_audience,random,2556,-0.03136402355585176,-0.03340619445523955,-0.029186945386959907
primary,aqua_referencing_users_expected,full,ordering_vs_random,regression_editor,random,2556,-0.020305644476693682,-0.022376495164581,-0.018030164971038667
primary,aqua_referencing_users_expected,full,ordering_vs_random,xgb_metadata_audience,random,2556,-0.02448564122022552,-0.02651050079121189,-0.022252366364111598
primary,aqua_referencing_users_expected,full,ordering_vs_random,xgb_metadata_editor,random,2556,-0.023717960291567433,-0.025750786225735935,-0.021507611737925335
primary,aqua_referencing_users_expected,full,ordering_vs_random,xgb_metadata_text_audience,random,2556,-0.01820782723781393,-0.020243577416025674,-0.01603181126710581
primary,aqua_referencing_users_expected,full,ordering_vs_random,xgb_metadata_text_editor,random,2556,-0.01724085084052717,-0.019238868296432683,-0.01511125879295105
primary,aqua_referencing_users_expected,full,ordering_vs_random,neural_metadata_audience,random,2556,-0.00586691511878422,-0.008025833908123645,-0.0035558831696984755
primary,aqua_referencing_users_expected,full,ordering_vs_random,neural_metadata_editor,random,2556,-0.004066089041575919,-0.006263846321246099,-0.001656246989181153
primary,aqua_referencing_users_expected,full,ordering_vs_random,neural_metadata_text_audience,random,2556,-0.029625679983736282,-0.03169546462000346,-0.02737646894652403
primary,aqua_referencing_users_expected,full,ordering_vs_random,neural_metadata_text_editor,random,2556,-0.03712745275318192,-0.03922583219159141,-0.03481551323308578
primary,aqua_referencing_users_expected,full,reply_vs_loose,trees,loose,2556,0.08871300055073951,0.0851996728875764,0.09232132193074448
primary,aqua_referencing_users_expected,full,reply_vs_loose,hidden,loose,2556,-0.001149575330852165,-0.002891860827210477,0.0005770338043343773
primary,aqua_referencing_users_expected,full,pinned_vs_unpinned,pinned,unpinned,2556,-0.006777065379145656,-0.008692533666482729,-0.00499538194599258
primary,aqua_referencing_users_expected,top10,ordering_vs_random,relative_votes,random,2556,-0.009522225356637319,-0.014327750084341399,-0.005134956606158669
primary,aqua_referencing_users_expected,top10,ordering_vs_random,upvotes,random,2556,-0.010181137233015607,-0.014778136417203762,-0.005776446852481569
primary,aqua_referencing_users_expected,top10,ordering_vs_random,chronological,random,2556,-0.03156543791538618,-0.036939954796927923,-0.026320902699049745
primary,aqua_referencing_users_expected,top10,ordering_vs_random,reverse_chronological,random,2556,0.01875147427754167,0.01370614668219595,0.023701914485078683
primary,aqua_referencing_users_expected,top10,ordering_vs_random,regression_audience,random,2556,0.0018700786116254392,-0.0026543092850015767,0.006280014156572097
primary,aqua_referencing_users_expected,top10,ordering_vs_random,regression_editor,random,2556,0.026179120134905472,0.021408405645030167,0.03099505755346364
primary,aqua_referencing_users_expected,top10,ordering_vs_random,xgb_metadata_audience,random,2556,0.012467140971600395,0.007720951214135707,0.017087164670755006
primary,aqua_referencing_users_expected,top10,ordering_vs_random,xgb_metadata_editor,random,2556,0.01944909323702237,0.014816900682456126,0.0240819898106147
primary,aqua_referencing_users_expected,top10,ordering_vs_random,xgb_metadata_text_audience,random,2556,0.018094572498740188,0.013378183111720529,0.022754398373299498
primary,aqua_referencing_users_expected,top10,ordering_vs_random,xgb_metadata_text_editor,random,2556,0.021015274717034762,0.016173629579629204,0.025678765992905382
primary,aqua_referencing_users_expected,top10,ordering_vs_random,neural_metadata_audience,random,2556,0.057881894467347525,0.052665304739879064,0.06275557562714383
primary,aqua_referencing_users_expected,top10,ordering_vs_random,neural_metadata_editor,random,2556,0.07415631473420206,0.06844512365381429,0.07961616248252057
primary,aqua_referencing_users_expected,top10,ordering_vs_random,neural_metadata_text_audience,random,2556,-0.00921012139830104,-0.013810669480032246,-0.004430249604157012
primary,aqua_referencing_users_expected,top10,ordering_vs_random,neural_metadata_text_editor,random,2556,0.010562996301015617,0.005399096819485744,0.015286006634193149
primary,aqua_referencing_users_expected,top10,reply_vs_loose,trees,loose,2556,0.013362656379784349,0.010364309603375485,0.016534082950728026
primary,aqua_referencing_users_expected,top10,reply_vs_loose,hidden,loose,2556,-0.006582567985923647,-0.007484359622634723,-0.005711160789130761
primary,aqua_referencing_users_expected,top10,pinned_vs_unpinned,pinned,unpinned,2556,-0.02763367698995395,-0.03402233444395685,-0.02140812453521096
primary,aqua_relevance_expected,full,ordering_vs_random,relative_votes,random,2556,0.03596303323444647,0.033763715023565385,0.03815197385357334
primary,aqua_relevance_expected,full,ordering_vs_random,upvotes,random,2556,0.041532336689922414,0.03945472175228495,0.043600941697435364
primary,aqua_relevance_expected,full,ordering_vs_random,chronological,random,2556,-0.016588912182650566,-0.0188537956519334,-0.01434912021480223
primary,aqua_relevance_expected,full,ordering_vs_random,reverse_chronological,random,2556,0.015882511988949185,0.013627304035578831,0.018178887402787693
primary,aqua_relevance_expected,full,ordering_vs_random,regression_audience,random,2556,0.09152114829739312,0.0894069836104784,0.09356094227281263
primary,aqua_relevance_expected,full,ordering_vs_random,regression_editor,random,2556,0.13551215042740952,0.13331624052897445,0.13760241545314575
primary,aqua_relevance_expected,full,ordering_vs_random,xgb_metadata_audience,random,2556,0.10358081893224434,0.1013783518338135,0.10580786621376004
primary,aqua_relevance_expected,full,ordering_vs_random,xgb_metadata_editor,random,2556,0.11658551078925164,0.11437511190608177,0.11882201072971828
primary,aqua_relevance_expected,full,ordering_vs_random,xgb_metadata_text_audience,random,2556,0.10910137991058927,0.106878971366596,0.11131798814931626
primary,aqua_relevance_expected,full,ordering_vs_random,xgb_metadata_text_editor,random,2556,0.11337346679857846,0.11115588698628516,0.11555610134785524
primary,aqua_relevance_expected,full,ordering_vs_random,neural_metadata_audience,random,2556,0.07794917034732875,0.07571702796485863,0.08007654078235013
primary,aqua_relevance_expected,full,ordering_vs_random,neural_metadata_editor,random,2556,0.08955840211893612,0.08741183290910538,0.09168741997571042
primary,aqua_relevance_expected,full,ordering_vs_random,neural_metadata_text_audience,random,2556,0.07834765823833924,0.07618509848314291,0.08049386832950203
primary,aqua_relevance_expected,full,ordering_vs_random,neural_metadata_text_editor,random,2556,0.13744130862411566,0.13524044912428754,0.13953410744708286
primary,aqua_relevance_expected,full,reply_vs_loose,trees,loose,2556,-0.05029657497763676,-0.0538902402131054,-0.04667838770435593
primary,aqua_relevance_expected,full,reply_vs_loose,hidden,loose,2556,-0.03545464236904962,-0.0371709562934945,-0.03372111114521839
primary,aqua_relevance_expected,full,pinned_vs_unpinned,pinned,unpinned,2556,-0.021493235693619748,-0.023370422005503037,-0.019607464466964142
primary,aqua_relevance_expected,top10,ordering_vs_random,relative_votes,random,2556,0.05583656108446875,0.05169052268428353,0.06003889226964298
primary,aqua_relevance_expected,top10,ordering_vs_random,upvotes,random,2556,0.05762341608462119,0.05350869146002518,0.0618045082488779
primary,aqua_relevance_expected,top10,ordering_vs_random,chronological,random,2556,-0.04079451443918996,-0.04575982684654036,-0.03583755911082545
primary,aqua_relevance_expected,top10,ordering_vs_random,reverse_chronological,random,2556,0.0069112321393113435,0.002295694356277335,0.011423477781413043
primary,aqua_relevance_expected,top10,ordering_vs_random,regression_audience,random,2556,0.13835772992504075,0.13394443552079102,0.14260207087702692
primary,aqua_relevance_expected,top10,ordering_vs_random,regression_editor,random,2556,0.1812977219843314,0.17705500085407325,0.18550979236880488
primary,aqua_relevance_expected,top10,ordering_vs_random,xgb_metadata_audience,random,2556,0.17288817303128642,0.1686139317564153,0.17715326181109514
primary,aqua_relevance_expected,top10,ordering_vs_random,xgb_metadata_editor,random,2556,0.17923085060048902,0.17492748540440192,0.1832930404024797
primary,aqua_relevance_expected,top10,ordering_vs_random,xgb_metadata_text_audience,random,2556,0.17102297743737335,0.16675156027717092,0.17497896707896327
primary,aqua_relevance_expected,top10,ordering_vs_random,xgb_metadata_text_editor,random,2556,0.17215245613526384,0.1679001645114165,0.17626546342995653
primary,aqua_relevance_expected,top10,ordering_vs_random,neural_metadata_audience,random,2556,0.12407096306597858,0.11981551151427498,0.12840496733823398
primary,aqua_relevance_expected,top10,ordering_vs_random,neural_metadata_editor,random,2556,0.1194128901626862,0.11492478855241335,0.12408195552002431
primary,aqua_relevance_expected,top10,ordering_vs_random,neural_metadata_text_audience,random,2556,0.14186410168718183,0.13769348856249736,0.14591121501177068
primary,aqua_relevance_expected,top10,ordering_vs_random,neural_metadata_text_editor,random,2556,0.17807219728440984,0.17348919258852025,0.1825638257770064
primary,aqua_relevance_expected,top10,reply_vs_loose,trees,loose,2556,-0.07001313886463133,-0.07317148979518766,-0.06683521826133204
primary,aqua_relevance_expected,top10,reply_vs_loose,hidden,loose,2556,0.0032305862492968403,0.002366093402940393,0.004137877913449042
primary,aqua_relevance_expected,top10,pinned_vs_unpinned,pinned,unpinned,2556,0.01193825095308972,0.005573743018012726,0.017800773105471172
primary,aqua_respect_expected,full,ordering_vs_random,relative_votes,random,2556,0.024461397833511835,0.022223669214404898,0.02657049635015683
primary,aqua_respect_expected,full,ordering_vs_random,upvotes,random,2556,0.019807880518509527,0.017716505011765048,0.021827913157062655
primary,aqua_respect_expected,full,ordering_vs_random,chronological,random,2556,-0.001094405167564318,-0.0033373887611068513,0.0010187168976644521
primary,aqua_respect_expected,full,ordering_vs_random,reverse_chronological,random,2556,0.001512980711102732,-0.0005933542704609276,0.0037204607658385697
primary,aqua_respect_expected,full,ordering_vs_random,regression_audience,random,2556,0.03286656546368774,0.030772834437172738,0.03493738178172701
primary,aqua_respect_expected,full,ordering_vs_random,regression_editor,random,2556,0.04684679526994245,0.04462207335165328,0.04905393142341472
primary,aqua_respect_expected,full,ordering_vs_random,xgb_metadata_audience,random,2556,0.04055503397436185,0.0383859108361884,0.042696480877222956
primary,aqua_respect_expected,full,ordering_vs_random,xgb_metadata_editor,random,2556,0.04352789031304146,0.04128339063120462,0.04570422270129142
primary,aqua_respect_expected,full,ordering_vs_random,xgb_metadata_text_audience,random,2556,0.04376544555434309,0.0415659875482836,0.045910176417019166
primary,aqua_respect_expected,full,ordering_vs_random,xgb_metadata_text_editor,random,2556,0.045263038598759756,0.04308720889114197,0.04744117204412759
primary,aqua_respect_expected,full,ordering_vs_random,neural_metadata_audience,random,2556,0.006695109107326358,0.004648795617162682,0.008719824419750074
primary,aqua_respect_expected,full,ordering_vs_random,neural_metadata_editor,random,2556,0.01530375753876075,0.013120210354331344,0.017448725110474055
primary,aqua_respect_expected,full,ordering_vs_random,neural_metadata_text_audience,random,2556,0.012522644954417501,0.010525311544369096,0.014537215574806334
primary,aqua_respect_expected,full,ordering_vs_random,neural_metadata_text_editor,random,2556,0.020096091012544,0.01782918450523239,0.022310078840302058
primary,aqua_respect_expected,full,reply_vs_loose,trees,loose,2556,-0.0010008523283071722,-0.004374745027785301,0.0025240143214312464
primary,aqua_respect_expected,full,reply_vs_loose,hidden,loose,2556,-0.001112275651070815,-0.002745878886530461,0.0005841744956302568
primary,aqua_respect_expected,full,pinned_vs_unpinned,pinned,unpinned,2556,-0.004798884003794395,-0.00657015597655636,-0.002920697718811081
primary,aqua_respect_expected,top10,ordering_vs_random,relative_votes,random,2556,0.035338098734907876,0.03203002526685811,0.038631943056976176
primary,aqua_respect_expected,top10,ordering_vs_random,upvotes,random,2556,0.03461588853174621,0.03129134319793567,0.0378838696738407
primary,aqua_respect_expected,top10,ordering_vs_random,chronological,random,2556,0.010540181908633211,0.00628601038221425,0.01491160871522262
primary,aqua_respect_expected,top10,ordering_vs_random,reverse_chronological,random,2556,0.00905127028016296,0.005617867821697082,0.012573570295702998
primary,aqua_respect_expected,top10,ordering_vs_random,regression_audience,random,2556,0.06927200425927375,0.06576196695798672,0.07271328540528041
primary,aqua_respect_expected,top10,ordering_vs_random,regression_editor,random,2556,0.0820332645833325,0.07842957526057452,0.0856234400144173
primary,aqua_respect_expected,top10,ordering_vs_random,xgb_metadata_audience,random,2556,0.08541708151455366,0.08211112108565062,0.08872006098134701
primary,aqua_respect_expected,top10,ordering_vs_random,xgb_metadata_editor,random,2556,0.08964563716169571,0.08628255837488594,0.09305032185387815
primary,aqua_respect_expected,top10,ordering_vs_random,xgb_metadata_text_audience,random,2556,0.08203692793210286,0.07870991362180149,0.08536123480692306
primary,aqua_respect_expected,top10,ordering_vs_random,xgb_metadata_text_editor,random,2556,0.08358335091218744,0.08028150968739806,0.08682241800917169
primary,aqua_respect_expected,top10,ordering_vs_random,neural_metadata_audience,random,2556,0.06262967887442757,0.05919900306218469,0.06614954132015702
primary,aqua_respect_expected,top10,ordering_vs_random,neural_metadata_editor,random,2556,0.07454228757671684,0.07097520019258508,0.0780460179496944
primary,aqua_respect_expected,top10,ordering_vs_random,neural_metadata_text_audience,random,2556,0.06957084426716763,0.06614599492007919,0.07294292726300959
primary,aqua_respect_expected,top10,ordering_vs_random,neural_metadata_text_editor,random,2556,0.07017826051537,0.06667449441914719,0.0737186799601557
primary,aqua_respect_expected,top10,reply_vs_loose,trees,loose,2556,-0.028724012964036025,-0.03087724325065516,-0.026366881303289694
primary,aqua_respect_expected,top10,reply_vs_loose,hidden,loose,2556,0.00021005654254246643,-0.0004177387837531308,0.000788715572243414
primary,aqua_respect_expected,top10,pinned_vs_unpinned,pinned,unpinned,2556,-0.006879031577960452,-0.011007613897965077,-0.0026923640569780608
primary,aqua_sarcasm_expected,full,ordering_vs_random,relative_votes,random,2556,0.0038477198537745384,0.002031691974559754,0.005692970500619924
primary,aqua_sarcasm_expected,full,ordering_vs_random,upvotes,random,2556,0.015905630687823455,0.014145108796670173,0.017679874773608655
primary,aqua_sarcasm_expected,full,ordering_vs_random,chronological,random,2556,-0.004921483312998809,-0.006710598169098436,-0.003046778114778967
primary,aqua_sarcasm_expected,full,ordering_vs_random,reverse_chronological,random,2556,0.004463028280187452,0.0026044148033940425,0.006232380145602608
primary,aqua_sarcasm_expected,full,ordering_vs_random,regression_audience,random,2556,0.008527545466554253,0.006834334271307589,0.010294573577183127
primary,aqua_sarcasm_expected,full,ordering_vs_random,regression_editor,random,2556,-0.0027458721376475035,-0.004503304407458109,-0.0009436516130263656
primary,aqua_sarcasm_expected,full,ordering_vs_random,xgb_metadata_audience,random,2556,0.002168406681405539,0.00042505036506513275,0.0039284328186554385
primary,aqua_sarcasm_expected,full,ordering_vs_random,xgb_metadata_editor,random,2556,0.00011027365349005635,-0.001619157211020681,0.0019019337101125592
primary,aqua_sarcasm_expected,full,ordering_vs_random,xgb_metadata_text_audience,random,2556,0.00763916421358086,0.0059113339480867345,0.009375932443524276
primary,aqua_sarcasm_expected,full,ordering_vs_random,xgb_metadata_text_editor,random,2556,0.0067666882850058434,0.005030319402886918,0.008453610729971339
primary,aqua_sarcasm_expected,full,ordering_vs_random,neural_metadata_audience,random,2556,0.01168918896408132,0.009973856991777115,0.013459909939434094
primary,aqua_sarcasm_expected,full,ordering_vs_random,neural_metadata_editor,random,2556,-0.012278183965659923,-0.01402495046277489,-0.01045561752560048
primary,aqua_sarcasm_expected,full,ordering_vs_random,neural_metadata_text_audience,random,2556,0.009923320936812101,0.00826530403196099,0.011545774486759433
primary,aqua_sarcasm_expected,full,ordering_vs_random,neural_metadata_text_editor,random,2556,-0.009609295977627953,-0.011454147687093488,-0.007784199797690612
primary,aqua_sarcasm_expected,full,reply_vs_loose,trees,loose,2556,-0.03336044383088326,-0.03633010887461421,-0.03030122866864951
primary,aqua_sarcasm_expected,full,reply_vs_loose,hidden,loose,2556,0.016977313660926505,0.015497646020773448,0.01838010210927564
primary,aqua_sarcasm_expected,full,pinned_vs_unpinned,pinned,unpinned,2556,0.007381847700346472,0.0058568015724139635,0.008865397912827202
primary,aqua_sarcasm_expected,top10,ordering_vs_random,relative_votes,random,2556,-0.0026468947124142833,-0.005949507318789329,0.0006761069078509766
primary,aqua_sarcasm_expected,top10,ordering_vs_random,upvotes,random,2556,-0.0007900267440587957,-0.004116686311678307,0.0024965719294869344
primary,aqua_sarcasm_expected,top10,ordering_vs_random,chronological,random,2556,-0.012141014243855278,-0.01615770605090924,-0.007733527830164391
primary,aqua_sarcasm_expected,top10,ordering_vs_random,reverse_chronological,random,2556,-0.0004987227206888378,-0.004179302507047208,0.003189753764737466
primary,aqua_sarcasm_expected,top10,ordering_vs_random,regression_audience,random,2556,-0.024936311711300268,-0.02846888754260886,-0.021719511388546237
primary,aqua_sarcasm_expected,top10,ordering_vs_random,regression_editor,random,2556,-0.05659074654958782,-0.059887302316412705,-0.053423381402815315
primary,aqua_sarcasm_expected,top10,ordering_vs_random,xgb_metadata_audience,random,2556,-0.034323013526567775,-0.037594070831119576,-0.031201712035824947
primary,aqua_sarcasm_expected,top10,ordering_vs_random,xgb_metadata_editor,random,2556,-0.03968191257898601,-0.042969440772767854,-0.036561871178665516
primary,aqua_sarcasm_expected,top10,ordering_vs_random,xgb_metadata_text_audience,random,2556,-0.02981890129582971,-0.033109158900222486,-0.026542255011998157
primary,aqua_sarcasm_expected,top10,ordering_vs_random,xgb_metadata_text_editor,random,2556,-0.03175808901090242,-0.03501814491722378,-0.028432827450926318
primary,aqua_sarcasm_expected,top10,ordering_vs_random,neural_metadata_audience,random,2556,-0.015441801324602567,-0.01877997691431393,-0.012101367130439652
primary,aqua_sarcasm_expected,top10,ordering_vs_random,neural_metadata_editor,random,2556,-0.03728303242498521,-0.040588849910282505,-0.03426809544276994
primary,aqua_sarcasm_expected,top10,ordering_vs_random,neural_metadata_text_audience,random,2556,0.0007642605189459747,-0.002558438882323085,0.003963504387814825
primary,aqua_sarcasm_expected,top10,ordering_vs_random,neural_metadata_text_editor,random,2556,-0.03338462861019016,-0.0367450116132983,-0.03021719943412364
primary,aqua_sarcasm_expected,top10,reply_vs_loose,trees,loose,2556,-0.0017429347470465512,-0.003954169970752954,0.0006103441041106871
primary,aqua_sarcasm_expected,top10,reply_vs_loose,hidden,loose,2556,0.004265599768989145,0.0035930482872076936,0.004988239489566925
primary,aqua_sarcasm_expected,top10,pinned_vs_unpinned,pinned,unpinned,2556,0.009927741873145603,0.005571309860374925,0.014477241528521801
primary,aqua_score_expected,full,ordering_vs_random,relative_votes,random,2556,0.047702794749003186,0.04543135573831048,0.050029233758104315
primary,aqua_score_expected,full,ordering_vs_random,upvotes,random,2556,0.05358617467839266,0.0515059112722611,0.05579080149070407
primary,aqua_score_expected,full,ordering_vs_random,chronological,random,2556,-0.03316697444675812,-0.03551666170240046,-0.0308267034460248
primary,aqua_score_expected,full,ordering_vs_random,reverse_chronological,random,2556,0.031942465452148704,0.029536161603841912,0.034283563309554496
primary,aqua_score_expected,full,ordering_vs_random,regression_audience,random,2556,0.11888396913667997,0.11665455982842769,0.12130734105328062
primary,aqua_score_expected,full,ordering_vs_random,regression_editor,random,2556,0.18042547895737054,0.17806457332849546,0.18290672698253527
primary,aqua_score_expected,full,ordering_vs_random,xgb_metadata_audience,random,2556,0.1432793290964198,0.14088640849745582,0.14585821458423662
primary,aqua_score_expected,full,ordering_vs_random,xgb_metadata_editor,random,2556,0.16206245980953538,0.15962594215451045,0.16467158081798364
primary,aqua_score_expected,full,ordering_vs_random,xgb_metadata_text_audience,random,2556,0.1541064517525251,0.15167302023987694,0.15659837918575578
primary,aqua_score_expected,full,ordering_vs_random,xgb_metadata_text_editor,random,2556,0.16091485783779322,0.15844969610592072,0.16340460731712264
primary,aqua_score_expected,full,ordering_vs_random,neural_metadata_audience,random,2556,0.11695643310163854,0.11469098725064826,0.11928334220159278
primary,aqua_score_expected,full,ordering_vs_random,neural_metadata_editor,random,2556,0.15895298439177197,0.15673515960979623,0.16122074841948456
primary,aqua_score_expected,full,ordering_vs_random,neural_metadata_text_audience,random,2556,0.10762351258520096,0.10523051033213812,0.11028946803611597
primary,aqua_score_expected,full,ordering_vs_random,neural_metadata_text_editor,random,2556,0.1848051860417804,0.18264099634337044,0.18736494150985328
primary,aqua_score_expected,full,reply_vs_loose,trees,loose,2556,-0.1041405023131101,-0.10788846052945722,-0.10046498052943269
primary,aqua_score_expected,full,reply_vs_loose,hidden,loose,2556,-0.040243031624613984,-0.04196542532663448,-0.038437626866668136
primary,aqua_score_expected,full,pinned_vs_unpinned,pinned,unpinned,2556,-0.019690173506147768,-0.021562901716766003,-0.017696481616378473
primary,aqua_score_expected,top10,ordering_vs_random,relative_votes,random,2556,0.08545634094675969,0.08098484818153522,0.08973295556840513
primary,aqua_score_expected,top10,ordering_vs_random,upvotes,random,2556,0.08690624300375344,0.08246218093331587,0.09103708937979764
primary,aqua_score_expected,top10,ordering_vs_random,chronological,random,2556,-0.07066342103813222,-0.07609903762476627,-0.06552669696937226
primary,aqua_score_expected,top10,ordering_vs_random,reverse_chronological,random,2556,0.03016937917014794,0.025381500421234993,0.03478209955810389
primary,aqua_score_expected,top10,ordering_vs_random,regression_audience,random,2556,0.20290212819296988,0.1985876525342873,0.20669745136181136
primary,aqua_score_expected,top10,ordering_vs_random,regression_editor,random,2556,0.269092345560405,0.2651717088376167,0.27265878560255097
primary,aqua_score_expected,top10,ordering_vs_random,xgb_metadata_audience,random,2556,0.2432354407853482,0.23927424615530307,0.24697888507692464
primary,aqua_score_expected,top10,ordering_vs_random,xgb_metadata_editor,random,2556,0.25917515975162847,0.2552590955278342,0.2629732406262716
primary,aqua_score_expected,top10,ordering_vs_random,xgb_metadata_text_audience,random,2556,0.24375056122913402,0.23979071337930907,0.2475052677665279
primary,aqua_score_expected,top10,ordering_vs_random,xgb_metadata_text_editor,random,2556,0.24925069102562497,0.24537817381740404,0.2529350354886659
primary,aqua_score_expected,top10,ordering_vs_random,neural_metadata_audience,random,2556,0.19969143833804312,0.19525809128853447,0.20397729085816857
primary,aqua_score_expected,top10,ordering_vs_random,neural_metadata_editor,random,2556,0.21668254587782704,0.21244221321498008,0.22068577056507693
primary,aqua_score_expected,top10,ordering_vs_random,neural_metadata_text_audience,random,2556,0.2064790663888183,0.2021734438279973,0.21072547526561966
primary,aqua_score_expected,top10,ordering_vs_random,neural_metadata_text_editor,random,2556,0.2572428640609064,0.253314527010808,0.2611198482008028
primary,aqua_score_expected,top10,reply_vs_loose,trees,loose,2556,-0.1218841406215742,-0.12510752621100374,-0.11873900169082549
primary,aqua_score_expected,top10,reply_vs_loose,hidden,loose,2556,0.0072209822346019125,0.006337126320205458,0.008105654159379371
primary,aqua_score_expected,top10,pinned_vs_unpinned,pinned,unpinned,2556,0.02942586432071723,0.023533866996684912,0.03547914012042214
primary,aqua_screaming_expected,full,ordering_vs_random,relative_votes,random,2556,0.011610787372752177,0.007368193571563626,0.015872564526096766
primary,aqua_screaming_expected,full,ordering_vs_random,upvotes,random,2556,0.017224193358505942,0.013289296094373026,0.021290819301568106
primary,aqua_screaming_expected,full,ordering_vs_random,chronological,random,2556,-0.013317832644215814,-0.017749161750966375,-0.00864530255563182
primary,aqua_screaming_expected,full,ordering_vs_random,reverse_chronological,random,2556,0.012182070456510773,0.007692074497166139,0.01664828680490187
primary,aqua_screaming_expected,full,ordering_vs_random,regression_audience,random,2556,0.003745825422945248,0.00021018979262497475,0.0076429893209912555
primary,aqua_screaming_expected,full,ordering_vs_random,regression_editor,random,2556,0.0008184610528172003,-0.002602238732966251,0.004531193085042442
primary,aqua_screaming_expected,full,ordering_vs_random,xgb_metadata_audience,random,2556,0.01667517197151597,0.013095111552562417,0.020506540807097108
primary,aqua_screaming_expected,full,ordering_vs_random,xgb_metadata_editor,random,2556,0.01802260953395954,0.01447324705812738,0.021897626776130635
primary,aqua_screaming_expected,full,ordering_vs_random,xgb_metadata_text_audience,random,2556,0.027053184150782315,0.02344393704060997,0.030731695837369195
primary,aqua_screaming_expected,full,ordering_vs_random,xgb_metadata_text_editor,random,2556,0.02752911819934047,0.023961680730584748,0.031133367623375582
primary,aqua_screaming_expected,full,ordering_vs_random,neural_metadata_audience,random,2556,-0.004570869681541949,-0.008386848790383802,-0.0006749956623486598
primary,aqua_screaming_expected,full,ordering_vs_random,neural_metadata_editor,random,2556,-0.006855525366636825,-0.010349716099771632,-0.003159825895743802
primary,aqua_screaming_expected,full,ordering_vs_random,neural_metadata_text_audience,random,2556,0.014538723137924713,0.01073801917395833,0.018472304082094368
primary,aqua_screaming_expected,full,ordering_vs_random,neural_metadata_text_editor,random,2556,-0.0027529818132898585,-0.006493904192898725,0.0010906996246440204
primary,aqua_screaming_expected,full,reply_vs_loose,trees,loose,2556,-0.06610784054646708,-0.07196119989644802,-0.06035983458765177
primary,aqua_screaming_expected,full,reply_vs_loose,hidden,loose,2556,0.0017639955513069874,-0.0017138896100798483,0.005016566858044459
primary,aqua_screaming_expected,full,pinned_vs_unpinned,pinned,unpinned,2556,0.005844571150245359,0.0023856776490829143,0.009382663913128099
primary,aqua_screaming_expected,top10,ordering_vs_random,relative_votes,random,2556,0.018799201110804513,0.009872339128204469,0.027563369490812076
primary,aqua_screaming_expected,top10,ordering_vs_random,upvotes,random,2556,0.021448294771359726,0.012403085709984281,0.030467644671417597
primary,aqua_screaming_expected,top10,ordering_vs_random,chronological,random,2556,-0.010363669748996843,-0.019888338631228023,-0.0008302827042511834
primary,aqua_screaming_expected,top10,ordering_vs_random,reverse_chronological,random,2556,0.02279371953452685,0.01348248948213863,0.031886096615087366
primary,aqua_screaming_expected,top10,ordering_vs_random,regression_audience,random,2556,-0.004013281201244181,-0.012527545656696113,0.0050451608346292
primary,aqua_screaming_expected,top10,ordering_vs_random,regression_editor,random,2556,-0.012479560954388139,-0.021341193576208953,-0.0034034092546216892
primary,aqua_screaming_expected,top10,ordering_vs_random,xgb_metadata_audience,random,2556,-0.005771356369853888,-0.01503038433729915,0.003040361556220629
primary,aqua_screaming_expected,top10,ordering_vs_random,xgb_metadata_editor,random,2556,0.003710996745236992,-0.005396939000147549,0.01278055272563322
primary,aqua_screaming_expected,top10,ordering_vs_random,xgb_metadata_text_audience,random,2556,0.020108793309672017,0.01111709767889548,0.02909068541913097
primary,aqua_screaming_expected,top10,ordering_vs_random,xgb_metadata_text_editor,random,2556,0.023300827085016622,0.014443363790689303,0.03238712434894402
primary,aqua_screaming_expected,top10,ordering_vs_random,neural_metadata_audience,random,2556,-0.009008655781154576,-0.01802095120951688,-0.00027030864642089004
primary,aqua_screaming_expected,top10,ordering_vs_random,neural_metadata_editor,random,2556,-0.03755796904361215,-0.04601151284188688,-0.029019267796418755
primary,aqua_screaming_expected,top10,ordering_vs_random,neural_metadata_text_audience,random,2556,0.04003156154555836,0.029877085346082657,0.04964737052245245
primary,aqua_screaming_expected,top10,ordering_vs_random,neural_metadata_text_editor,random,2556,0.03362340391378759,0.023862054721718283,0.04409065132663396
primary,aqua_screaming_expected,top10,reply_vs_loose,trees,loose,2556,-0.03650953557162221,-0.04246365591135918,-0.030426399026357277
primary,aqua_screaming_expected,top10,reply_vs_loose,hidden,loose,2556,0.006057970196468164,0.0043477683704541675,0.007657847520110304
primary,aqua_screaming_expected,top10,pinned_vs_unpinned,pinned,unpinned,2556,0.031725248057264066,0.0192729747565824,0.04442920687017769
primary,aqua_solution_proposal_expected,full,ordering_vs_random,relative_votes,random,2556,0.03632963118436667,0.03426615021662382,0.038534293249920144
primary,aqua_solution_proposal_expected,full,ordering_vs_random,upvotes,random,2556,0.04550986756315422,0.04352719006060289,0.0475595663840895
primary,aqua_solution_proposal_expected,full,ordering_vs_random,chronological,random,2556,-0.033565358253723344,-0.03586133050095502,-0.031229828395526106
primary,aqua_solution_proposal_expected,full,ordering_vs_random,reverse_chronological,random,2556,0.03188267679545496,0.02956309676323569,0.0342074295807707
primary,aqua_solution_proposal_expected,full,ordering_vs_random,regression_audience,random,2556,0.10134355249684034,0.09911607804806676,0.10366568458311494
primary,aqua_solution_proposal_expected,full,ordering_vs_random,regression_editor,random,2556,0.16342228940018255,0.16104777638339082,0.16585697456434112
primary,aqua_solution_proposal_expected,full,ordering_vs_random,xgb_metadata_audience,random,2556,0.1280767548232587,0.12569148375530406,0.13051901711882355
primary,aqua_solution_proposal_expected,full,ordering_vs_random,xgb_metadata_editor,random,2556,0.14574413918353601,0.1432768641171989,0.1482129970899372
primary,aqua_solution_proposal_expected,full,ordering_vs_random,xgb_metadata_text_audience,random,2556,0.14086238300318904,0.1385351767524243,0.14326511446221785
primary,aqua_solution_proposal_expected,full,ordering_vs_random,xgb_metadata_text_editor,random,2556,0.1474792893021895,0.14515568526884978,0.14984806624276054
primary,aqua_solution_proposal_expected,full,ordering_vs_random,neural_metadata_audience,random,2556,0.09521118706830316,0.09301824739841753,0.09755343044581337
primary,aqua_solution_proposal_expected,full,ordering_vs_random,neural_metadata_editor,random,2556,0.14114427479266445,0.13898015290875948,0.14337858037714926
primary,aqua_solution_proposal_expected,full,ordering_vs_random,neural_metadata_text_audience,random,2556,0.09095454681265151,0.08867594786919891,0.09329921106518592
primary,aqua_solution_proposal_expected,full,ordering_vs_random,neural_metadata_text_editor,random,2556,0.16621148828877297,0.16401561534684336,0.1685551785818205
primary,aqua_solution_proposal_expected,full,reply_vs_loose,trees,loose,2556,-0.08134090727805061,-0.08498314199971616,-0.07782402218449808
primary,aqua_solution_proposal_expected,full,reply_vs_loose,hidden,loose,2556,-0.03857801964495102,-0.04049120598792862,-0.03669859608316966
primary,aqua_solution_proposal_expected,full,pinned_vs_unpinned,pinned,unpinned,2556,-0.020993946391696536,-0.022988640070770228,-0.019076548246570072
primary,aqua_solution_proposal_expected,top10,ordering_vs_random,relative_votes,random,2556,0.07272896767627803,0.06848580095269577,0.07705146255176318
primary,aqua_solution_proposal_expected,top10,ordering_vs_random,upvotes,random,2556,0.07565806522884792,0.07145027809601713,0.07991750760528368
primary,aqua_solution_proposal_expected,top10,ordering_vs_random,chronological,random,2556,-0.07145708213564479,-0.07686268229343741,-0.06591729377624851
primary,aqua_solution_proposal_expected,top10,ordering_vs_random,reverse_chronological,random,2556,0.027313539512008076,0.022523301788837966,0.032338896443318534
primary,aqua_solution_proposal_expected,top10,ordering_vs_random,regression_audience,random,2556,0.1801183200359023,0.17607979632854148,0.18458522621554593
primary,aqua_solution_proposal_expected,top10,ordering_vs_random,regression_editor,random,2556,0.2544562869416267,0.25073355485030013,0.2585770700190013
primary,aqua_solution_proposal_expected,top10,ordering_vs_random,xgb_metadata_audience,random,2556,0.2220798270496758,0.2179015091079727,0.22637498164708186
primary,aqua_solution_proposal_expected,top10,ordering_vs_random,xgb_metadata_editor,random,2556,0.2379174215284077,0.23386094055226375,0.24204715272822228
primary,aqua_solution_proposal_expected,top10,ordering_vs_random,xgb_metadata_text_audience,random,2556,0.2284519804675719,0.22443482039852947,0.23263898345572126
primary,aqua_solution_proposal_expected,top10,ordering_vs_random,xgb_metadata_text_editor,random,2556,0.2337350916562674,0.22973015150708156,0.23784243997841897
primary,aqua_solution_proposal_expected,top10,ordering_vs_random,neural_metadata_audience,random,2556,0.18103078701182165,0.17656481138545682,0.18553083282000102
primary,aqua_solution_proposal_expected,top10,ordering_vs_random,neural_metadata_editor,random,2556,0.20760410095546333,0.20336455536049308,0.21199493852550297
primary,aqua_solution_proposal_expected,top10,ordering_vs_random,neural_metadata_text_audience,random,2556,0.1887739738674373,0.18427831166738734,0.19286927066259688
primary,aqua_solution_proposal_expected,top10,ordering_vs_random,neural_metadata_text_editor,random,2556,0.2479746527590582,0.24370234265170632,0.25219829649576614
primary,aqua_solution_proposal_expected,top10,reply_vs_loose,trees,loose,2556,-0.10474371416831908,-0.10759896640871407,-0.10171414809514298
primary,aqua_solution_proposal_expected,top10,reply_vs_loose,hidden,loose,2556,0.00635724921268793,0.005372840337028336,0.007313482962284755
primary,aqua_solution_proposal_expected,top10,pinned_vs_unpinned,pinned,unpinned,2556,0.025481460558782927,0.01936695619323108,0.03125706973876013
primary,aqua_storytelling_expected,full,ordering_vs_random,relative_votes,random,2556,0.04125894095742716,0.03862731140036623,0.04392392983650874
primary,aqua_storytelling_expected,full,ordering_vs_random,upvotes,random,2556,0.03908797936972323,0.036600676008967666,0.04156376679452096
primary,aqua_storytelling_expected,full,ordering_vs_random,chronological,random,2556,-0.036952063106634986,-0.039628620333286145,-0.03436512709418481
primary,aqua_storytelling_expected,full,ordering_vs_random,reverse_chronological,random,2556,0.03413955309778094,0.0315922944500882,0.036751086171694376
primary,aqua_storytelling_expected,full,ordering_vs_random,regression_audience,random,2556,0.08849886185370573,0.0856769752593914,0.09117077900830066
primary,aqua_storytelling_expected,full,ordering_vs_random,regression_editor,random,2556,0.1289622026930011,0.12603648922022123,0.1317126039051116
primary,aqua_storytelling_expected,full,ordering_vs_random,xgb_metadata_audience,random,2556,0.11395644618101844,0.11096456386216293,0.1168938255151279
primary,aqua_storytelling_expected,full,ordering_vs_random,xgb_metadata_editor,random,2556,0.12478450296182517,0.12176651574371039,0.1277056894076305
primary,aqua_storytelling_expected,full,ordering_vs_random,xgb_metadata_text_audience,random,2556,0.12824506181817077,0.12532247208257274,0.13114377679034012
primary,aqua_storytelling_expected,full,ordering_vs_random,xgb_metadata_text_editor,random,2556,0.13318960588549597,0.1302595002999968,0.13605780566333422
primary,aqua_storytelling_expected,full,ordering_vs_random,neural_metadata_audience,random,2556,0.0813914708301653,0.07871397950565871,0.08394571379279189
primary,aqua_storytelling_expected,full,ordering_vs_random,neural_metadata_editor,random,2556,0.09602697978121338,0.0933261274043948,0.09871298640125398
primary,aqua_storytelling_expected,full,ordering_vs_random,neural_metadata_text_audience,random,2556,0.07688553291671844,0.07428668157857173,0.07956259359005755
primary,aqua_storytelling_expected,full,ordering_vs_random,neural_metadata_text_editor,random,2556,0.11886253107947009,0.11619712328624869,0.12153075455300902
primary,aqua_storytelling_expected,full,reply_vs_loose,trees,loose,2556,-0.05012575330951286,-0.05423140682675029,-0.04614462578895171
primary,aqua_storytelling_expected,full,reply_vs_loose,hidden,loose,2556,-0.020671642174921085,-0.022685103992053146,-0.018644228469557874
primary,aqua_storytelling_expected,full,pinned_vs_unpinned,pinned,unpinned,2556,-0.01951808605684251,-0.02171394903890633,-0.017378803737954834
primary,aqua_storytelling_expected,top10,ordering_vs_random,relative_votes,random,2556,0.08197424831499618,0.07583253270993644,0.08774293895460665
primary,aqua_storytelling_expected,top10,ordering_vs_random,upvotes,random,2556,0.08111939804069161,0.0752138708821069,0.08693563445916282
primary,aqua_storytelling_expected,top10,ordering_vs_random,chronological,random,2556,-0.07481255845728406,-0.0809515350606369,-0.06864102260115743
primary,aqua_storytelling_expected,top10,ordering_vs_random,reverse_chronological,random,2556,0.03726728312178823,0.0311444647224599,0.042880823628498134
primary,aqua_storytelling_expected,top10,ordering_vs_random,regression_audience,random,2556,0.19296182889267044,0.18733898049253095,0.1985758964271991
primary,aqua_storytelling_expected,top10,ordering_vs_random,regression_editor,random,2556,0.2286351049431138,0.22335003136042547,0.23403320166851602
primary,aqua_storytelling_expected,top10,ordering_vs_random,xgb_metadata_audience,random,2556,0.22896510864959452,0.22311242290703062,0.23476366426139586
primary,aqua_storytelling_expected,top10,ordering_vs_random,xgb_metadata_editor,random,2556,0.24024632488570655,0.2346564881931143,0.2459673346607684
primary,aqua_storytelling_expected,top10,ordering_vs_random,xgb_metadata_text_audience,random,2556,0.22393289701341595,0.2183045890401478,0.22942909394858282
primary,aqua_storytelling_expected,top10,ordering_vs_random,xgb_metadata_text_editor,random,2556,0.22803274925089734,0.22243787446002014,0.23362220287532573
primary,aqua_storytelling_expected,top10,ordering_vs_random,neural_metadata_audience,random,2556,0.1675727692908474,0.16229352764384233,0.17307888627440973
primary,aqua_storytelling_expected,top10,ordering_vs_random,neural_metadata_editor,random,2556,0.16082537790016127,0.15566407387595046,0.16619393286779127
primary,aqua_storytelling_expected,top10,ordering_vs_random,neural_metadata_text_audience,random,2556,0.19915881898507856,0.1933883272741975,0.20496563302970916
primary,aqua_storytelling_expected,top10,ordering_vs_random,neural_metadata_text_editor,random,2556,0.2178793341555561,0.21229928306048773,0.2235511071921605
primary,aqua_storytelling_expected,top10,reply_vs_loose,trees,loose,2556,-0.09872188608308519,-0.10206903468840775,-0.09521889595127359
primary,aqua_storytelling_expected,top10,reply_vs_loose,hidden,loose,2556,0.006156633126142579,0.005082599047317194,0.00720671919132871
primary,aqua_storytelling_expected,top10,pinned_vs_unpinned,pinned,unpinned,2556,0.020188625240186095,0.012511658161288729,0.0283911366843137
primary,aqua_vulgarity_expected,full,ordering_vs_random,relative_votes,random,2556,0.02635325527711906,0.02451279047743225,0.0282817291123497
primary,aqua_vulgarity_expected,full,ordering_vs_random,upvotes,random,2556,0.03730567977051848,0.03542706672191184,0.039143997184173045
primary,aqua_vulgarity_expected,full,ordering_vs_random,chronological,random,2556,-0.017232847298448577,-0.019245819379805833,-0.015128876862484285
primary,aqua_vulgarity_expected,full,ordering_vs_random,reverse_chronological,random,2556,0.016564838006256768,0.014478888684194774,0.018537573255461626
primary,aqua_vulgarity_expected,full,ordering_vs_random,regression_audience,random,2556,0.04704097699333673,0.045071491190322444,0.04901294848140738
primary,aqua_vulgarity_expected,full,ordering_vs_random,regression_editor,random,2556,0.05720470717774556,0.05521270250420854,0.05913132228619865
primary,aqua_vulgarity_expected,full,ordering_vs_random,xgb_metadata_audience,random,2556,0.05614150958407317,0.05412085195052716,0.05811637224818944
primary,aqua_vulgarity_expected,full,ordering_vs_random,xgb_metadata_editor,random,2556,0.058344813539314574,0.056332941253440565,0.060318461967471045
primary,aqua_vulgarity_expected,full,ordering_vs_random,xgb_metadata_text_audience,random,2556,0.06591237905280628,0.06395738674209611,0.06789753306589848
primary,aqua_vulgarity_expected,full,ordering_vs_random,xgb_metadata_text_editor,random,2556,0.06775940435651713,0.06577736083676523,0.06976071136342263
primary,aqua_vulgarity_expected,full,ordering_vs_random,neural_metadata_audience,random,2556,0.041954950748004996,0.040028037746361864,0.04390398285524299
primary,aqua_vulgarity_expected,full,ordering_vs_random,neural_metadata_editor,random,2556,0.043721057015724776,0.041810180771966396,0.04560041799304427
primary,aqua_vulgarity_expected,full,ordering_vs_random,neural_metadata_text_audience,random,2556,0.04786089182814983,0.04591905434504025,0.0498126736140532
primary,aqua_vulgarity_expected,full,ordering_vs_random,neural_metadata_text_editor,random,2556,0.05584889619743323,0.05390692976046122,0.057859624020503014
primary,aqua_vulgarity_expected,full,reply_vs_loose,trees,loose,2556,-0.08374938505796208,-0.0868579909725725,-0.08082192565175263
primary,aqua_vulgarity_expected,full,reply_vs_loose,hidden,loose,2556,0.009230326222241894,0.007784628517105824,0.010737138194838614
primary,aqua_vulgarity_expected,full,pinned_vs_unpinned,pinned,unpinned,2556,0.004860121219607678,0.003206314194776101,0.006578084700332287
primary,aqua_vulgarity_expected,top10,ordering_vs_random,relative_votes,random,2556,0.0452851111392782,0.040715668850094956,0.049771499403480496
primary,aqua_vulgarity_expected,top10,ordering_vs_random,upvotes,random,2556,0.04836733042387921,0.04358734211851456,0.05278709689735197
primary,aqua_vulgarity_expected,top10,ordering_vs_random,chronological,random,2556,-0.03367520689094724,-0.0391295364979759,-0.027865912649301872
primary,aqua_vulgarity_expected,top10,ordering_vs_random,reverse_chronological,random,2556,0.02247091833998679,0.01744795598729814,0.02737046906709374
primary,aqua_vulgarity_expected,top10,ordering_vs_random,regression_audience,random,2556,0.07238245384095612,0.0676581199031711,0.07729788081082788
primary,aqua_vulgarity_expected,top10,ordering_vs_random,regression_editor,random,2556,0.06857364939349417,0.06388153982958637,0.07321280500432545
primary,aqua_vulgarity_expected,top10,ordering_vs_random,xgb_metadata_audience,random,2556,0.0892417446123714,0.08468893058268048,0.09382145541791012
primary,aqua_vulgarity_expected,top10,ordering_vs_random,xgb_metadata_editor,random,2556,0.08948308933226402,0.08505851605800215,0.09381112105897665
primary,aqua_vulgarity_expected,top10,ordering_vs_random,xgb_metadata_text_audience,random,2556,0.09356201244729666,0.08896792590696391,0.09807741130669727
primary,aqua_vulgarity_expected,top10,ordering_vs_random,xgb_metadata_text_editor,random,2556,0.09465712408815151,0.08993618800097762,0.09919583080575717
primary,aqua_vulgarity_expected,top10,ordering_vs_random,neural_metadata_audience,random,2556,0.06879819588880623,0.06426483054050824,0.07344585614669338
primary,aqua_vulgarity_expected,top10,ordering_vs_random,neural_metadata_editor,random,2556,0.05968225998957899,0.055114765500993756,0.0642537443910431
primary,aqua_vulgarity_expected,top10,ordering_vs_random,neural_metadata_text_audience,random,2556,0.11367334670675623,0.10906205305044335,0.11827487963726337
primary,aqua_vulgarity_expected,top10,ordering_vs_random,neural_metadata_text_editor,random,2556,0.09389276858451313,0.08923235260630406,0.09856846267923781
primary,aqua_vulgarity_expected,top10,reply_vs_loose,trees,loose,2556,-0.06849767520183765,-0.07156980572998574,-0.06542968928709939
primary,aqua_vulgarity_expected,top10,reply_vs_loose,hidden,loose,2556,0.008565092633938768,0.00765360208759382,0.00946273543328258
primary,aqua_vulgarity_expected,top10,pinned_vs_unpinned,pinned,unpinned,2556,0.016761593953850993,0.010004806789703655,0.023613032395780817
primary,article_similarity_top3,full,ordering_vs_random,relative_votes,random,2556,0.053110232604977006,0.050848606124961754,0.05522351312705875
primary,article_similarity_top3,full,ordering_vs_random,upvotes,random,2556,0.05858896463391193,0.05638140720787986,0.060664034879338184
primary,article_similarity_top3,full,ordering_vs_random,chronological,random,2556,-0.0018156065827985453,-0.003999463757150002,0.0003549213740015227
primary,article_similarity_top3,full,ordering_vs_random,reverse_chronological,random,2556,0.0018409523029598838,-0.00031443481363863064,0.004022935480053678
primary,article_similarity_top3,full,ordering_vs_random,regression_audience,random,2556,0.12947771984456447,0.12727282882396593,0.1315943244246298
primary,article_similarity_top3,full,ordering_vs_random,regression_editor,random,2556,0.17627351805082309,0.17402417770421472,0.17839181536145216
primary,article_similarity_top3,full,ordering_vs_random,xgb_metadata_audience,random,2556,0.14402370950400017,0.141748628078873,0.14618789626566459
primary,article_similarity_top3,full,ordering_vs_random,xgb_metadata_editor,random,2556,0.1581133871931259,0.1558752948065648,0.1602969960404611
primary,article_similarity_top3,full,ordering_vs_random,xgb_metadata_text_audience,random,2556,0.14933079689261491,0.14716210615057826,0.15145212807833833
primary,article_similarity_top3,full,ordering_vs_random,xgb_metadata_text_editor,random,2556,0.1537435122293181,0.15153654494558608,0.15588190266347624
primary,article_similarity_top3,full,ordering_vs_random,neural_metadata_audience,random,2556,0.11088286185103335,0.10853402997965775,0.11301826291156478
primary,article_similarity_top3,full,ordering_vs_random,neural_metadata_editor,random,2556,0.15875901564493528,0.15661508095119928,0.16079821776963493
primary,article_similarity_top3,full,ordering_vs_random,neural_metadata_text_audience,random,2556,0.10816574356966585,0.10586698975036676,0.1104371094939888
primary,article_similarity_top3,full,ordering_vs_random,neural_metadata_text_editor,random,2556,0.17317384679754683,0.1710330360320365,0.17529483678485236
primary,article_similarity_top3,full,reply_vs_loose,trees,loose,2556,-0.20021790626664035,-0.2036137450554793,-0.19680455640802705
primary,article_similarity_top3,full,reply_vs_loose,hidden,loose,2556,-0.015184585466931994,-0.017080331179567188,-0.013300559465106917
primary,article_similarity_top3,full,pinned_vs_unpinned,pinned,unpinned,2556,0.006227581339026806,0.0044650489258814844,0.008003236285768987
primary,article_similarity_top3,top10,ordering_vs_random,relative_votes,random,2556,0.07409892941430402,0.07013340316956863,0.07799657199466163
primary,article_similarity_top3,top10,ordering_vs_random,upvotes,random,2556,0.07555314092901934,0.07156085032856674,0.07948709193942903
primary,article_similarity_top3,top10,ordering_vs_random,chronological,random,2556,0.0007532380731424866,-0.0041293346036108455,0.005574297061696542
primary,article_similarity_top3,top10,ordering_vs_random,reverse_chronological,random,2556,0.0053648360211981435,0.0010346047078079903,0.009565450049512425
primary,article_similarity_top3,top10,ordering_vs_random,regression_audience,random,2556,0.16301580721654352,0.15912428311008567,0.16706463343810204
primary,article_similarity_top3,top10,ordering_vs_random,regression_editor,random,2556,0.2115291739325101,0.20772581837602944,0.21535822260602597
primary,article_similarity_top3,top10,ordering_vs_random,xgb_metadata_audience,random,2556,0.18946512941421445,0.18586609500692167,0.19328546290218399
primary,article_similarity_top3,top10,ordering_vs_random,xgb_metadata_editor,random,2556,0.19684509779390913,0.19322087948145394,0.20063247675024115
primary,article_similarity_top3,top10,ordering_vs_random,xgb_metadata_text_audience,random,2556,0.18486357812460041,0.18122225430327268,0.18873017880022055
primary,article_similarity_top3,top10,ordering_vs_random,xgb_metadata_text_editor,random,2556,0.18665672662331195,0.18309045016847303,0.19059323740476003
primary,article_similarity_top3,top10,ordering_vs_random,neural_metadata_audience,random,2556,0.17288144614573459,0.1689395296503368,0.17704157613362737
primary,article_similarity_top3,top10,ordering_vs_random,neural_metadata_editor,random,2556,0.19683864034353682,0.19293763731983163,0.20083693399541505
primary,article_similarity_top3,top10,ordering_vs_random,neural_metadata_text_audience,random,2556,0.15883754762845592,0.15489086412481634,0.16265984469124808
primary,article_similarity_top3,top10,ordering_vs_random,neural_metadata_text_editor,random,2556,0.1972121767323603,0.19336963117233857,0.20136363445556504
primary,article_similarity_top3,top10,reply_vs_loose,trees,loose,2556,-0.1267556339836359,-0.12948801479722266,-0.12390241894594482
primary,article_similarity_top3,top10,reply_vs_loose,hidden,loose,2556,0.016263137262088577,0.015473487647836412,0.01702816104801595
primary,article_similarity_top3,top10,pinned_vs_unpinned,pinned,unpinned,2556,0.03505077879967456,0.029828064843444753,0.04018500964853811
primary,author_prior_30d_downvote_reception,full,ordering_vs_random,relative_votes,random,2556,-0.02535596273289648,-0.027315336554100608,-0.023345672789858177
primary,author_prior_30d_downvote_reception,full,ordering_vs_random,upvotes,random,2556,0.0023565591939823543,0.0005236511019526796,0.00417617494870695
primary,author_prior_30d_downvote_reception,full,ordering_vs_random,chronological,random,2556,0.021213746120711252,0.018911852042715123,0.02346132506935621
primary,author_prior_30d_downvote_reception,full,ordering_vs_random,reverse_chronological,random,2556,-0.020462633428545943,-0.022802904316394035,-0.018117770525739617
primary,author_prior_30d_downvote_reception,full,ordering_vs_random,regression_audience,random,2556,0.005663181035771779,0.003680973197827695,0.007651573158529575
primary,author_prior_30d_downvote_reception,full,ordering_vs_random,regression_editor,random,2556,0.0060572235841624845,0.0041307360915818015,0.008068007958033481
primary,author_prior_30d_downvote_reception,full,ordering_vs_random,xgb_metadata_audience,random,2556,0.011114020648243234,0.009228056612602856,0.013038565534196465
primary,author_prior_30d_downvote_reception,full,ordering_vs_random,xgb_metadata_editor,random,2556,0.011180886994313412,0.009337058666412582,0.013059274999911288
primary,author_prior_30d_downvote_reception,full,ordering_vs_random,xgb_metadata_text_audience,random,2556,0.021410609450306796,0.01955006278689265,0.02328670294461408
primary,author_prior_30d_downvote_reception,full,ordering_vs_random,xgb_metadata_text_editor,random,2556,0.02083380218010876,0.019020476388557212,0.022711471925805565
primary,author_prior_30d_downvote_reception,full,ordering_vs_random,neural_metadata_audience,random,2556,0.009986248747806558,0.008069485177681739,0.011942654388372517
primary,author_prior_30d_downvote_reception,full,ordering_vs_random,neural_metadata_editor,random,2556,-0.0007795264709236513,-0.0026625141859857935,0.001137989764136905
primary,author_prior_30d_downvote_reception,full,ordering_vs_random,neural_metadata_text_audience,random,2556,0.010570181876061806,0.008765298990557367,0.01247552160769055
primary,author_prior_30d_downvote_reception,full,ordering_vs_random,neural_metadata_text_editor,random,2556,-0.0028726890558814513,-0.004721979133124811,-0.0009915938817355138
primary,author_prior_30d_downvote_reception,full,reply_vs_loose,trees,loose,2556,-0.06847206465845174,-0.07133162377272043,-0.06566622616758823
primary,author_prior_30d_downvote_reception,full,reply_vs_loose,hidden,loose,2556,0.032607387511017334,0.030974252389484567,0.03425553612227764
primary,author_prior_30d_downvote_reception,full,pinned_vs_unpinned,pinned,unpinned,2556,0.017689576463822465,0.01597985186289315,0.019366768420382312
primary,author_prior_30d_downvote_reception,top10,ordering_vs_random,relative_votes,random,2556,-0.0015313462696572987,-0.005020385616591759,0.0022945657559882136
primary,author_prior_30d_downvote_reception,top10,ordering_vs_random,upvotes,random,2556,0.0032057037744760435,-0.00038489036624151924,0.006951676456097194
primary,author_prior_30d_downvote_reception,top10,ordering_vs_random,chronological,random,2556,0.028910495407280773,0.024872447372775604,0.03303897967956586
primary,author_prior_30d_downvote_reception,top10,ordering_vs_random,reverse_chronological,random,2556,-0.02085145994987651,-0.024783769572663324,-0.016817584157393633
primary,author_prior_30d_downvote_reception,top10,ordering_vs_random,regression_audience,random,2556,-0.024127229336305137,-0.028328758380159802,-0.019851558402608667
primary,author_prior_30d_downvote_reception,top10,ordering_vs_random,regression_editor,random,2556,-0.024481848277388692,-0.028677190602359626,-0.0202638134771922
primary,author_prior_30d_downvote_reception,top10,ordering_vs_random,xgb_metadata_audience,random,2556,-0.01192159743868283,-0.015904315418625595,-0.007895522694732844
primary,author_prior_30d_downvote_reception,top10,ordering_vs_random,xgb_metadata_editor,random,2556,-0.010637285977829923,-0.014468894479183045,-0.006542399511920136
primary,author_prior_30d_downvote_reception,top10,ordering_vs_random,xgb_metadata_text_audience,random,2556,0.004599144931579772,0.0008353981245588272,0.008577175174022258
primary,author_prior_30d_downvote_reception,top10,ordering_vs_random,xgb_metadata_text_editor,random,2556,0.004475364657183457,0.0006092786983291023,0.008444008074405021
primary,author_prior_30d_downvote_reception,top10,ordering_vs_random,neural_metadata_audience,random,2556,-0.0022745003556775482,-0.006258054759098494,0.001756088743508015
primary,author_prior_30d_downvote_reception,top10,ordering_vs_random,neural_metadata_editor,random,2556,-0.00756603298343707,-0.01160390672217718,-0.0032533561325727234
primary,author_prior_30d_downvote_reception,top10,ordering_vs_random,neural_metadata_text_audience,random,2556,-0.013396241910671394,-0.017375837182693185,-0.009365634089376329
primary,author_prior_30d_downvote_reception,top10,ordering_vs_random,neural_metadata_text_editor,random,2556,-0.017270960305104787,-0.021268216509081728,-0.013481251194960242
primary,author_prior_30d_downvote_reception,top10,reply_vs_loose,trees,loose,2556,-0.025970400339687907,-0.028391605876016305,-0.023507582276101068
primary,author_prior_30d_downvote_reception,top10,reply_vs_loose,hidden,loose,2556,0.007310658253826911,0.006587489149245153,0.008046701565692786
primary,author_prior_30d_downvote_reception,top10,pinned_vs_unpinned,pinned,unpinned,2556,0.015473405660699815,0.009759669967106855,0.020709105803958808
primary,author_prior_30d_reception_balance,full,ordering_vs_random,relative_votes,random,2556,0.0717413760583093,0.06963475521393996,0.07378977788189095
primary,author_prior_30d_reception_balance,full,ordering_vs_random,upvotes,random,2556,0.052090856370232266,0.05014379903317455,0.053972782958876905
primary,author_prior_30d_reception_balance,full,ordering_vs_random,chronological,random,2556,0.027859874699965956,0.025477277310224408,0.03009396326716953
primary,author_prior_30d_reception_balance,full,ordering_vs_random,reverse_chronological,random,2556,-0.029836711371295156,-0.032068290204111165,-0.027480389459776766
primary,author_prior_30d_reception_balance,full,ordering_vs_random,regression_audience,random,2556,0.07622068909593767,0.0741517849654955,0.07825021992755965
primary,author_prior_30d_reception_balance,full,ordering_vs_random,regression_editor,random,2556,0.06710774598994572,0.06517954058106427,0.06904808686415817
primary,author_prior_30d_reception_balance,full,ordering_vs_random,xgb_metadata_audience,random,2556,0.06452891963624913,0.06251433545914117,0.06640471786926327
primary,author_prior_30d_reception_balance,full,ordering_vs_random,xgb_metadata_editor,random,2556,0.06169022388168896,0.05969556058899089,0.0634847535581507
primary,author_prior_30d_reception_balance,full,ordering_vs_random,xgb_metadata_text_audience,random,2556,0.05546149051588157,0.053528026213083744,0.05726970347352418
primary,author_prior_30d_reception_balance,full,ordering_vs_random,xgb_metadata_text_editor,random,2556,0.05502662810997757,0.05311618770261994,0.05682026715070922
primary,author_prior_30d_reception_balance,full,ordering_vs_random,neural_metadata_audience,random,2556,0.06560552980348533,0.06352541437135775,0.06754196134806383
primary,author_prior_30d_reception_balance,full,ordering_vs_random,neural_metadata_editor,random,2556,0.06244859926275349,0.06041152728830063,0.06427040038270806
primary,author_prior_30d_reception_balance,full,ordering_vs_random,neural_metadata_text_audience,random,2556,0.06646233836581014,0.06446283899732813,0.06841679012451773
primary,author_prior_30d_reception_balance,full,ordering_vs_random,neural_metadata_text_editor,random,2556,0.06846703286559826,0.0665162899711339,0.07030485726171498
primary,author_prior_30d_reception_balance,full,reply_vs_loose,trees,loose,2556,-0.009774885884960848,-0.012511621601804938,-0.006793381300411754
primary,author_prior_30d_reception_balance,full,reply_vs_loose,hidden,loose,2556,-0.0503287533257995,-0.05207870217154122,-0.04856225509792361
primary,author_prior_30d_reception_balance,full,pinned_vs_unpinned,pinned,unpinned,2556,-0.012161557864599585,-0.0139323476069671,-0.010379484970135654
primary,author_prior_30d_reception_balance,top10,ordering_vs_random,relative_votes,random,2556,0.06014256204517699,0.05654563792099386,0.06377932173400229
primary,author_prior_30d_reception_balance,top10,ordering_vs_random,upvotes,random,2556,0.05567370108821331,0.05200831583854075,0.05922315387920313
primary,author_prior_30d_reception_balance,top10,ordering_vs_random,chronological,random,2556,0.0126798366116013,0.008299055625496304,0.016872617916090578
primary,author_prior_30d_reception_balance,top10,ordering_vs_random,reverse_chronological,random,2556,-0.05256248008124283,-0.05695800234459641,-0.047932325004942815
primary,author_prior_30d_reception_balance,top10,ordering_vs_random,regression_audience,random,2556,0.12834163539836144,0.12421293730465686,0.1324172514612737
primary,author_prior_30d_reception_balance,top10,ordering_vs_random,regression_editor,random,2556,0.11257990818367015,0.10846858669027064,0.11689578333994935
primary,author_prior_30d_reception_balance,top10,ordering_vs_random,xgb_metadata_audience,random,2556,0.11029585788173,0.10637829072474662,0.11434121164866114
primary,author_prior_30d_reception_balance,top10,ordering_vs_random,xgb_metadata_editor,random,2556,0.10497738749960571,0.10087319830924271,0.10916462333565667
primary,author_prior_30d_reception_balance,top10,ordering_vs_random,xgb_metadata_text_audience,random,2556,0.09114721890004335,0.08716683163106742,0.09516901708263764
primary,author_prior_30d_reception_balance,top10,ordering_vs_random,xgb_metadata_text_editor,random,2556,0.09011863501453958,0.08601868121815764,0.0942371641493386
primary,author_prior_30d_reception_balance,top10,ordering_vs_random,neural_metadata_audience,random,2556,0.09545722224990913,0.09151204179175226,0.09933887780271909
primary,author_prior_30d_reception_balance,top10,ordering_vs_random,neural_metadata_editor,random,2556,0.08031381470058005,0.07641151322581197,0.08443381727456514
primary,author_prior_30d_reception_balance,top10,ordering_vs_random,neural_metadata_text_audience,random,2556,0.1156918070424911,0.11183523980590715,0.11971660967554695
primary,author_prior_30d_reception_balance,top10,ordering_vs_random,neural_metadata_text_editor,random,2556,0.0958768187574036,0.09167454832185283,0.0998047749903446
primary,author_prior_30d_reception_balance,top10,reply_vs_loose,trees,loose,2556,-0.03227324150484197,-0.03474473181839705,-0.02987707513303713
primary,author_prior_30d_reception_balance,top10,reply_vs_loose,hidden,loose,2556,-0.00026148741617772143,-0.0010241956358492134,0.0005300833862400741
primary,author_prior_30d_reception_balance,top10,pinned_vs_unpinned,pinned,unpinned,2556,-0.015889917582140242,-0.021724859301532347,-0.010445491652574591
primary,author_prior_30d_upvote_reception,full,ordering_vs_random,relative_votes,random,2556,0.08123383455205317,0.07918483121497236,0.08330724188349763
primary,author_prior_30d_upvote_reception,full,ordering_vs_random,upvotes,random,2556,0.08832044329335552,0.08630564659977912,0.09040351229639465
primary,author_prior_30d_upvote_reception,full,ordering_vs_random,chronological,random,2556,0.07508546293649851,0.07272655770414484,0.07754962562211497
primary,author_prior_30d_upvote_reception,full,ordering_vs_random,reverse_chronological,random,2556,-0.07672369770033315,-0.07915847345916203,-0.0743322324496168
primary,author_prior_30d_upvote_reception,full,ordering_vs_random,regression_audience,random,2556,0.1326078985592404,0.1306022195023287,0.13466198010073338
primary,author_prior_30d_upvote_reception,full,ordering_vs_random,regression_editor,random,2556,0.11819457021678394,0.11619981274440429,0.1201414481494773
primary,author_prior_30d_upvote_reception,full,ordering_vs_random,xgb_metadata_audience,random,2556,0.1211031568852294,0.11902992894365146,0.123156216636868
primary,author_prior_30d_upvote_reception,full,ordering_vs_random,xgb_metadata_editor,random,2556,0.11665313494498299,0.11461663011016633,0.11867920221502376
primary,author_prior_30d_upvote_reception,full,ordering_vs_random,xgb_metadata_text_audience,random,2556,0.12105092161123761,0.11907420820859146,0.12311053567118516
primary,author_prior_30d_upvote_reception,full,ordering_vs_random,xgb_metadata_text_editor,random,2556,0.11955950520631807,0.11757601592027245,0.1216180087452624
primary,author_prior_30d_upvote_reception,full,ordering_vs_random,neural_metadata_audience,random,2556,0.12113169518093493,0.11912888833628503,0.12324758495427632
primary,author_prior_30d_upvote_reception,full,ordering_vs_random,neural_metadata_editor,random,2556,0.10083321306792108,0.09890955405255977,0.10281549215441664
primary,author_prior_30d_upvote_reception,full,ordering_vs_random,neural_metadata_text_audience,random,2556,0.12387999621905284,0.12187341940446025,0.12598165381677556
primary,author_prior_30d_upvote_reception,full,ordering_vs_random,neural_metadata_text_editor,random,2556,0.10777820626660443,0.10589533630041317,0.10974028248723068
primary,author_prior_30d_upvote_reception,full,reply_vs_loose,trees,loose,2556,-0.11483759302837174,-0.11782624550340424,-0.11187717174750579
primary,author_prior_30d_upvote_reception,full,reply_vs_loose,hidden,loose,2556,-0.03348463415038161,-0.03524052904060875,-0.03173733078307826
primary,author_prior_30d_upvote_reception,full,pinned_vs_unpinned,pinned,unpinned,2556,0.00637403855044849,0.004587332281702912,0.008029123588080733
primary,author_prior_30d_upvote_reception,top10,ordering_vs_random,relative_votes,random,2556,0.09358005063448512,0.08968007491307801,0.09716828087342022
primary,author_prior_30d_upvote_reception,top10,ordering_vs_random,upvotes,random,2556,0.09315274969410091,0.08925835251253263,0.0967643499669306
primary,author_prior_30d_upvote_reception,top10,ordering_vs_random,chronological,random,2556,0.06012972952647043,0.05568917902571282,0.06432927631345346
primary,author_prior_30d_upvote_reception,top10,ordering_vs_random,reverse_chronological,random,2556,-0.10341703446821743,-0.10786756390492365,-0.09914087397029439
primary,author_prior_30d_upvote_reception,top10,ordering_vs_random,regression_audience,random,2556,0.17095259867622328,0.1667741215731256,0.17500599244446371
primary,author_prior_30d_upvote_reception,top10,ordering_vs_random,regression_editor,random,2556,0.14508126583448774,0.14094827031323867,0.1490748827015919
primary,author_prior_30d_upvote_reception,top10,ordering_vs_random,xgb_metadata_audience,random,2556,0.1600458061399118,0.1554763606847287,0.16445943776781846
primary,author_prior_30d_upvote_reception,top10,ordering_vs_random,xgb_metadata_editor,random,2556,0.1533536570611944,0.1488541938720476,0.15765630154963994
primary,author_prior_30d_upvote_reception,top10,ordering_vs_random,xgb_metadata_text_audience,random,2556,0.1522178476873632,0.14758768556403942,0.15646070695109696
primary,author_prior_30d_upvote_reception,top10,ordering_vs_random,xgb_metadata_text_editor,random,2556,0.15032660503528614,0.14571647824104406,0.15458554568452865
primary,author_prior_30d_upvote_reception,top10,ordering_vs_random,neural_metadata_audience,random,2556,0.1484573285534931,0.14445808719756192,0.1524302112611565
primary,author_prior_30d_upvote_reception,top10,ordering_vs_random,neural_metadata_editor,random,2556,0.11697146066236687,0.11291137944121352,0.1209153281228465
primary,author_prior_30d_upvote_reception,top10,ordering_vs_random,neural_metadata_text_audience,random,2556,0.16670757352031607,0.16273549933119402,0.1708317629261347
primary,author_prior_30d_upvote_reception,top10,ordering_vs_random,neural_metadata_text_editor,random,2556,0.12889560885932527,0.12449971569141602,0.1332986665816487
primary,author_prior_30d_upvote_reception,top10,reply_vs_loose,trees,loose,2556,-0.09053646069750325,-0.09325308289751613,-0.08805115223933734
primary,author_prior_30d_upvote_reception,top10,reply_vs_loose,hidden,loose,2556,0.009078378481870441,0.008328831598697274,0.00982206145992408
primary,author_prior_30d_upvote_reception,top10,pinned_vs_unpinned,pinned,unpinned,2556,-0.004579424061307018,-0.010275404247348836,0.0009053197305930814
primary,cttr,full,ordering_vs_random,relative_votes,random,2556,0.043912087147451206,0.04159319615454577,0.046183356611641406
primary,cttr,full,ordering_vs_random,upvotes,random,2556,0.0547134372604237,0.05254033555950829,0.05686186181595744
primary,cttr,full,ordering_vs_random,chronological,random,2556,-0.039203564110440896,-0.04159118325565244,-0.03679674294743391
primary,cttr,full,ordering_vs_random,reverse_chronological,random,2556,0.037594654361958565,0.03522443255943597,0.039904250643766334
primary,cttr,full,ordering_vs_random,regression_audience,random,2556,0.11434578770393128,0.11178361637546082,0.11679788114496649
primary,cttr,full,ordering_vs_random,regression_editor,random,2556,0.17505784309685835,0.17237511807354092,0.17763784955040454
primary,cttr,full,ordering_vs_random,xgb_metadata_audience,random,2556,0.13975509314167517,0.13702858850149793,0.14237258210133294
primary,cttr,full,ordering_vs_random,xgb_metadata_editor,random,2556,0.1572646771773247,0.15451661405068115,0.15989245718005174
primary,cttr,full,ordering_vs_random,xgb_metadata_text_audience,random,2556,0.15591922696039462,0.15328039946644104,0.15855424471754095
primary,cttr,full,ordering_vs_random,xgb_metadata_text_editor,random,2556,0.1630082046256356,0.16034810759250348,0.16562925452163835
primary,cttr,full,ordering_vs_random,neural_metadata_audience,random,2556,0.11133530829434976,0.10869756776446446,0.11385806309247772
primary,cttr,full,ordering_vs_random,neural_metadata_editor,random,2556,0.15446081165495867,0.1519764769297245,0.15679477666806013
primary,cttr,full,ordering_vs_random,neural_metadata_text_audience,random,2556,0.10464469677136301,0.10198650820247145,0.10715216203403605
primary,cttr,full,ordering_vs_random,neural_metadata_text_editor,random,2556,0.17607815064847407,0.17364196345508823,0.17848174135472417
primary,cttr,full,reply_vs_loose,trees,loose,2556,-0.10021403082610324,-0.10389774804380514,-0.09647155068433554
primary,cttr,full,reply_vs_loose,hidden,loose,2556,-0.027283787699945005,-0.02897157381035291,-0.025494126120739737
primary,cttr,full,pinned_vs_unpinned,pinned,unpinned,2556,-0.01673555101728313,-0.01866120047983275,-0.014836399744147796
primary,cttr,top10,ordering_vs_random,relative_votes,random,2556,0.07940897664426042,0.07552703616848719,0.08350353384735051
primary,cttr,top10,ordering_vs_random,upvotes,random,2556,0.08204861677788758,0.07822362731004517,0.08596989881014752
primary,cttr,top10,ordering_vs_random,chronological,random,2556,-0.06982293934318101,-0.07465143170583499,-0.06502113175821721
primary,cttr,top10,ordering_vs_random,reverse_chronological,random,2556,0.03404436420251365,0.02927034079123278,0.03875480411369137
primary,cttr,top10,ordering_vs_random,regression_audience,random,2556,0.1933855344826432,0.18943898350816835,0.19731977127871841
primary,cttr,top10,ordering_vs_random,regression_editor,random,2556,0.26050859184853953,0.25679515437211764,0.2643030707646942
primary,cttr,top10,ordering_vs_random,xgb_metadata_audience,random,2556,0.23093535609354912,0.22716714958671433,0.23466566703893732
primary,cttr,top10,ordering_vs_random,xgb_metadata_editor,random,2556,0.2469572717738883,0.24338469305667182,0.2507408525000795
primary,cttr,top10,ordering_vs_random,xgb_metadata_text_audience,random,2556,0.23558322676892982,0.23182569692468763,0.23944516132054067
primary,cttr,top10,ordering_vs_random,xgb_metadata_text_editor,random,2556,0.24157584298041548,0.23787350187722806,0.24542152521578095
primary,cttr,top10,ordering_vs_random,neural_metadata_audience,random,2556,0.20415077741707757,0.19996862323517706,0.2082523138557824
primary,cttr,top10,ordering_vs_random,neural_metadata_editor,random,2556,0.21529270304514994,0.21138997246427269,0.21909589839570873
primary,cttr,top10,ordering_vs_random,neural_metadata_text_audience,random,2556,0.2106900199611869,0.20628236816425624,0.21505910045594331
primary,cttr,top10,ordering_vs_random,neural_metadata_text_editor,random,2556,0.2542958096867453,0.25029727918301065,0.25839416109125196
primary,cttr,top10,reply_vs_loose,trees,loose,2556,-0.11806860009562173,-0.1207286731604189,-0.1153422534767822
primary,cttr,top10,reply_vs_loose,hidden,loose,2556,0.00797241646153368,0.007163105596492904,0.008776553055933368
primary,cttr,top10,pinned_vs_unpinned,pinned,unpinned,2556,0.019565176138424123,0.013783596544270603,0.025128441091149003
primary,discussion_pace,full,ordering_vs_random,relative_votes,random,2556,0.027611373547978525,0.02432540108037309,0.030839758105680824
primary,discussion_pace,full,ordering_vs_random,upvotes,random,2556,0.043207481125488896,0.039396072244885026,0.04710698575410302
primary,discussion_pace,full,ordering_vs_random,chronological,random,2556,0.04753644008742932,0.0406663573689026,0.05448571129599684
primary,discussion_pace,full,ordering_vs_random,reverse_chronological,random,2556,-0.07430773141415592,-0.08169278665500393,-0.06689995259978605
primary,discussion_pace,full,ordering_vs_random,regression_audience,random,2556,0.04288174307875546,0.03741509797157163,0.048533813916541185
primary,discussion_pace,full,ordering_vs_random,regression_editor,random,2556,0.05698052630934277,0.05201436226767988,0.06209302807379013
primary,discussion_pace,full,ordering_vs_random,xgb_metadata_audience,random,2556,0.019455266528154085,0.014399870106285666,0.02447599759792832
primary,discussion_pace,full,ordering_vs_random,xgb_metadata_editor,random,2556,0.023984159712555107,0.019057869810732066,0.02892362580242498
primary,discussion_pace,full,ordering_vs_random,xgb_metadata_text_audience,random,2556,0.014250696897540766,0.009113047034165303,0.019395547058056146
primary,discussion_pace,full,ordering_vs_random,xgb_metadata_text_editor,random,2556,0.015974402072200338,0.010883727421556706,0.020963036624605816
primary,discussion_pace,full,ordering_vs_random,neural_metadata_audience,random,2556,0.04892218786150931,0.042973429887103724,0.054774798073288465
primary,discussion_pace,full,ordering_vs_random,neural_metadata_editor,random,2556,0.03661227367159695,0.03139526240945863,0.041875814461484945
primary,discussion_pace,full,ordering_vs_random,neural_metadata_text_audience,random,2556,0.06516093253756905,0.05953924885536448,0.07065910242084197
primary,discussion_pace,full,ordering_vs_random,neural_metadata_text_editor,random,2556,0.06174752986155671,0.05684850001967834,0.06648964587663714
primary,discussion_pace,full,reply_vs_loose,trees,loose,2556,-0.022704310684621084,-0.026976529666108105,-0.018552945229773608
primary,discussion_pace,full,reply_vs_loose,hidden,loose,2556,-0.10908657941360221,-0.1120500059034059,-0.10605212109227993
primary,discussion_pace,full,pinned_vs_unpinned,pinned,unpinned,2556,-0.008118487300261915,-0.01044132675955211,-0.005721423768526863
primary,discussion_pace,top10,ordering_vs_random,relative_votes,random,2556,-0.12213338586882017,-0.1290143190183032,-0.11496813390023913
primary,discussion_pace,top10,ordering_vs_random,upvotes,random,2556,-0.12495890193020483,-0.13178525510608066,-0.1179144139803898
primary,discussion_pace,top10,ordering_vs_random,chronological,random,2556,-0.5439429578246245,-0.5499554048492113,-0.5376046691372574
primary,discussion_pace,top10,ordering_vs_random,reverse_chronological,random,2556,-0.46543924024317007,-0.4717167425514474,-0.459295587804741
primary,discussion_pace,top10,ordering_vs_random,regression_audience,random,2556,-0.3066202583793627,-0.3134117457931066,-0.29992338986291145
primary,discussion_pace,top10,ordering_vs_random,regression_editor,random,2556,-0.22458402014800452,-0.23158192673718195,-0.21772288399171
primary,discussion_pace,top10,ordering_vs_random,xgb_metadata_audience,random,2556,-0.2249566369542028,-0.2319124422459688,-0.21806089927931163
primary,discussion_pace,top10,ordering_vs_random,xgb_metadata_editor,random,2556,-0.19603442634589996,-0.203209316603994,-0.18895673532497975
primary,discussion_pace,top10,ordering_vs_random,xgb_metadata_text_audience,random,2556,-0.21564273042465343,-0.2227706174692219,-0.20856370163099844
primary,discussion_pace,top10,ordering_vs_random,xgb_metadata_text_editor,random,2556,-0.20494544854994576,-0.21198345183976608,-0.19784758198919375
primary,discussion_pace,top10,ordering_vs_random,neural_metadata_audience,random,2556,-0.3030527565802638,-0.31012574986913677,-0.29588305255588854
primary,discussion_pace,top10,ordering_vs_random,neural_metadata_editor,random,2556,-0.26272037473691273,-0.2698538155951587,-0.25564237228113684
primary,discussion_pace,top10,ordering_vs_random,neural_metadata_text_audience,random,2556,-0.16429838768341906,-0.1719529263335987,-0.15635545701202022
primary,discussion_pace,top10,ordering_vs_random,neural_metadata_text_editor,random,2556,-0.09006062251386578,-0.09773400044738927,-0.08213561579885094
primary,discussion_pace,top10,reply_vs_loose,trees,loose,2556,0.10506544427530487,0.10167481091823222,0.10823695633108002
primary,discussion_pace,top10,reply_vs_loose,hidden,loose,2556,0.014450710717392108,0.013396504979155288,0.015433598008955702
primary,discussion_pace,top10,pinned_vs_unpinned,pinned,unpinned,2556,0.2448888061398957,0.2361680499231334,0.25348339924707525
primary,is_reply,full,ordering_vs_random,relative_votes,random,2556,-0.10163859674132962,-0.10431786057955195,-0.09909999230315322
primary,is_reply,full,ordering_vs_random,upvotes,random,2556,-0.10838897956618136,-0.11096436112566785,-0.10586618735921122
primary,is_reply,full,ordering_vs_random,chronological,random,2556,-0.03923147847008101,-0.04184792556920814,-0.03655809346476211
primary,is_reply,full,ordering_vs_random,reverse_chronological,random,2556,0.04336199799263562,0.0406087328352264,0.04600399097438466
primary,is_reply,full,ordering_vs_random,regression_audience,random,2556,-0.20706315923158536,-0.20922431563366425,-0.204907386871824
primary,is_reply,full,ordering_vs_random,regression_editor,random,2556,-0.2198875047214588,-0.22201861548291987,-0.2177994247236682
primary,is_reply,full,ordering_vs_random,xgb_metadata_audience,random,2556,-0.2250642732943896,-0.22726362840546724,-0.2228137857886273
primary,is_reply,full,ordering_vs_random,xgb_metadata_editor,random,2556,-0.22800677450692508,-0.23018040876482798,-0.22576707646361974
primary,is_reply,full,ordering_vs_random,xgb_metadata_text_audience,random,2556,-0.22479005128562313,-0.2269431466771747,-0.22253338730954056
primary,is_reply,full,ordering_vs_random,xgb_metadata_text_editor,random,2556,-0.22633203825336867,-0.22848452958216697,-0.2241167714052302
primary,is_reply,full,ordering_vs_random,neural_metadata_audience,random,2556,-0.18172205755895277,-0.1839783598462665,-0.17952946824819996
primary,is_reply,full,ordering_vs_random,neural_metadata_editor,random,2556,-0.21117832831714778,-0.21331432618626162,-0.2090701170191121
primary,is_reply,full,ordering_vs_random,neural_metadata_text_audience,random,2556,-0.1892794309667436,-0.19142716131812862,-0.1871546313394573
primary,is_reply,full,ordering_vs_random,neural_metadata_text_editor,random,2556,-0.21214765201651709,-0.2143515758637598,-0.21004503984040063
primary,is_reply,full,reply_vs_loose,trees,loose,2556,0.7317848895473399,0.7277929469663488,0.7355942788456507
primary,is_reply,full,reply_vs_loose,hidden,loose,2556,-0.20268707446216194,-0.20388570544605397,-0.2014597253956725
primary,is_reply,full,pinned_vs_unpinned,pinned,unpinned,2556,-0.16754600140559606,-0.17081142082647452,-0.16432972419882733
primary,is_reply,top10,ordering_vs_random,relative_votes,random,2556,-0.1553210898285605,-0.15829040332532163,-0.15235445617854493
primary,is_reply,top10,ordering_vs_random,upvotes,random,2556,-0.15592541285996217,-0.15887811709234378,-0.1530244448466317
primary,is_reply,top10,ordering_vs_random,chronological,random,2556,-0.1812773295621933,-0.1849489505962093,-0.17749334147794432
primary,is_reply,top10,ordering_vs_random,reverse_chronological,random,2556,-0.001281590212957928,-0.007071115967603127,0.004487051668324635
primary,is_reply,top10,ordering_vs_random,regression_audience,random,2556,-0.21732272009112893,-0.22033009234239742,-0.21439229319457426
primary,is_reply,top10,ordering_vs_random,regression_editor,random,2556,-0.21879014871501598,-0.2218391522826193,-0.215948337024921
primary,is_reply,top10,ordering_vs_random,xgb_metadata_audience,random,2556,-0.2191221469926988,-0.22216421390073296,-0.21614787620224712
primary,is_reply,top10,ordering_vs_random,xgb_metadata_editor,random,2556,-0.2208548284729501,-0.22387196818051902,-0.2178839730881504
primary,is_reply,top10,ordering_vs_random,xgb_metadata_text_audience,random,2556,-0.21906187410968522,-0.22208099957779806,-0.2160021725564097
primary,is_reply,top10,ordering_vs_random,xgb_metadata_text_editor,random,2556,-0.21958885074995302,-0.22261664788656915,-0.21661456460552408
primary,is_reply,top10,ordering_vs_random,neural_metadata_audience,random,2556,-0.2142049634590206,-0.21721681129884282,-0.21135287611007747
primary,is_reply,top10,ordering_vs_random,neural_metadata_editor,random,2556,-0.2212895269633138,-0.22447957140061733,-0.21837739389174257
primary,is_reply,top10,ordering_vs_random,neural_metadata_text_audience,random,2556,-0.2146037276441812,-0.21755527176903522,-0.21168659981147941
primary,is_reply,top10,ordering_vs_random,neural_metadata_text_editor,random,2556,-0.22211305071405926,-0.22507976015993328,-0.21905255227378068
primary,is_reply,top10,reply_vs_loose,trees,loose,2556,0.4250868147744402,0.42069615018665346,0.4296914344360324
primary,is_reply,top10,reply_vs_loose,hidden,loose,2556,-0.09634713932562387,-0.0987140351606347,-0.09420040062028771
primary,is_reply,top10,pinned_vs_unpinned,pinned,unpinned,2556,-0.2369968188236989,-0.2400685517446588,-0.23406568750497966
primary,lexdiv_length_adjusted,full,ordering_vs_random,relative_votes,random,2556,0.0075592988983486506,0.00569131375876699,0.009384640532511921
primary,lexdiv_length_adjusted,full,ordering_vs_random,upvotes,random,2556,0.007683972193204341,0.005733802098369523,0.009492624781197861
primary,lexdiv_length_adjusted,full,ordering_vs_random,chronological,random,2556,9.864545374289448e-05,-0.0018362321337036895,0.0019962237714849372
primary,lexdiv_length_adjusted,full,ordering_vs_random,reverse_chronological,random,2556,-0.00018400778476011703,-0.0021509390219974058,0.0017872401768457401
primary,lexdiv_length_adjusted,full,ordering_vs_random,regression_audience,random,2556,0.009748719855665573,0.007765294944030216,0.011646445236335769
primary,lexdiv_length_adjusted,full,ordering_vs_random,regression_editor,random,2556,0.01720972015493941,0.015195492183847843,0.019167847861468804
primary,lexdiv_length_adjusted,full,ordering_vs_random,xgb_metadata_audience,random,2556,0.015744162698734864,0.01368065691411085,0.01760835010813369
primary,lexdiv_length_adjusted,full,ordering_vs_random,xgb_metadata_editor,random,2556,0.016637455618698147,0.014568828896232315,0.018565196059383463
primary,lexdiv_length_adjusted,full,ordering_vs_random,xgb_metadata_text_audience,random,2556,0.017385731983159115,0.015409472114398711,0.01922594860636661
primary,lexdiv_length_adjusted,full,ordering_vs_random,xgb_metadata_text_editor,random,2556,0.017803459481021525,0.015818628907939527,0.019664359574267376
primary,lexdiv_length_adjusted,full,ordering_vs_random,neural_metadata_audience,random,2556,0.013821476509563585,0.011846144989939328,0.01566365549877046
primary,lexdiv_length_adjusted,full,ordering_vs_random,neural_metadata_editor,random,2556,0.009010336482549654,0.0071115616885936055,0.010875187095539555
primary,lexdiv_length_adjusted,full,ordering_vs_random,neural_metadata_text_audience,random,2556,0.010294620308408428,0.008279418486879228,0.01218810201848114
primary,lexdiv_length_adjusted,full,ordering_vs_random,neural_metadata_text_editor,random,2556,0.013384281779270115,0.011432162011358007,0.015297783187422866
primary,lexdiv_length_adjusted,full,reply_vs_loose,trees,loose,2556,-0.022098224438887,-0.024772753493725444,-0.019507418896496993
primary,lexdiv_length_adjusted,full,reply_vs_loose,hidden,loose,2556,0.005587106246193223,0.0041838876451049025,0.007100335471709021
primary,lexdiv_length_adjusted,full,pinned_vs_unpinned,pinned,unpinned,2556,0.004170742598664168,0.0027186926683156263,0.005640412819780702
primary,lexdiv_length_adjusted,top10,ordering_vs_random,relative_votes,random,2556,0.0038664066647539105,0.0003014390715594864,0.007076138892479958
primary,lexdiv_length_adjusted,top10,ordering_vs_random,upvotes,random,2556,0.003706099996912185,7.019751400532969e-05,0.00705588044923089
primary,lexdiv_length_adjusted,top10,ordering_vs_random,chronological,random,2556,-0.0014372742323514067,-0.004620540484531468,0.001745063750684807
primary,lexdiv_length_adjusted,top10,ordering_vs_random,reverse_chronological,random,2556,0.0035856013379971133,4.119512413051903e-05,0.007022889217667104
primary,lexdiv_length_adjusted,top10,ordering_vs_random,regression_audience,random,2556,0.006875211538746428,0.002589659099598945,0.011305973737131873
primary,lexdiv_length_adjusted,top10,ordering_vs_random,regression_editor,random,2556,0.02399033033902897,0.019463882912169016,0.02852469381508178
primary,lexdiv_length_adjusted,top10,ordering_vs_random,xgb_metadata_audience,random,2556,0.021305943201772263,0.016883076165804266,0.025806390080611297
primary,lexdiv_length_adjusted,top10,ordering_vs_random,xgb_metadata_editor,random,2556,0.0222526839273098,0.017745761542732934,0.02695712229083511
primary,lexdiv_length_adjusted,top10,ordering_vs_random,xgb_metadata_text_audience,random,2556,0.02199675671450122,0.017579685996381385,0.026428368996614306
primary,lexdiv_length_adjusted,top10,ordering_vs_random,xgb_metadata_text_editor,random,2556,0.02266863319008968,0.018125758856245334,0.027128678607061738
primary,lexdiv_length_adjusted,top10,ordering_vs_random,neural_metadata_audience,random,2556,0.03527360673231602,0.03133543303484715,0.03922246927763337
primary,lexdiv_length_adjusted,top10,ordering_vs_random,neural_metadata_editor,random,2556,0.03899501833851497,0.034911440909157994,0.04310650547380268
primary,lexdiv_length_adjusted,top10,ordering_vs_random,neural_metadata_text_audience,random,2556,0.02513794060888027,0.02106749014363953,0.02923462471348473
primary,lexdiv_length_adjusted,top10,ordering_vs_random,neural_metadata_text_editor,random,2556,0.04040133216770889,0.03606796615505866,0.04493497470830578
primary,lexdiv_length_adjusted,top10,reply_vs_loose,trees,loose,2556,-0.015157194647802207,-0.01750025206233305,-0.012682512084733262
primary,lexdiv_length_adjusted,top10,reply_vs_loose,hidden,loose,2556,0.0019292352137855716,0.001224906259778856,0.0026802971567266537
primary,lexdiv_length_adjusted,top10,pinned_vs_unpinned,pinned,unpinned,2556,0.0008700412736062383,-0.004211316393031691,0.006243661007459143
primary,log_author_prior_30d_comments,full,ordering_vs_random,relative_votes,random,2556,-0.017181952730036008,-0.019234863495906643,-0.015199716739658992
primary,log_author_prior_30d_comments,full,ordering_vs_random,upvotes,random,2556,-0.013574605154202276,-0.015532439567186487,-0.01165857211846527
primary,log_author_prior_30d_comments,full,ordering_vs_random,chronological,random,2556,0.025310379146862527,0.022727005778976905,0.027989243670248444
primary,log_author_prior_30d_comments,full,ordering_vs_random,reverse_chronological,random,2556,-0.02660950718496283,-0.02934338139001472,-0.024067448374471594
primary,log_author_prior_30d_comments,full,ordering_vs_random,regression_audience,random,2556,-0.026717878266967855,-0.028820348204951312,-0.024605747578768492
primary,log_author_prior_30d_comments,full,ordering_vs_random,regression_editor,random,2556,-0.03130579497082507,-0.033296081609122,-0.029335866482128877
primary,log_author_prior_30d_comments,full,ordering_vs_random,xgb_metadata_audience,random,2556,-0.03103141223192574,-0.033017030968961775,-0.029167363076061336
primary,log_author_prior_30d_comments,full,ordering_vs_random,xgb_metadata_editor,random,2556,-0.03075574529552683,-0.03271750870949264,-0.028907587975726394
primary,log_author_prior_30d_comments,full,ordering_vs_random,xgb_metadata_text_audience,random,2556,-0.025737644188178876,-0.027781037086383402,-0.023822465502098527
primary,log_author_prior_30d_comments,full,ordering_vs_random,xgb_metadata_text_editor,random,2556,-0.026498763841629577,-0.028499540058300424,-0.024590855473474945
primary,log_author_prior_30d_comments,full,ordering_vs_random,neural_metadata_audience,random,2556,-0.02255862729931862,-0.024699541823298365,-0.02046732989776664
primary,log_author_prior_30d_comments,full,ordering_vs_random,neural_metadata_editor,random,2556,-0.027065562473490654,-0.02911255916870634,-0.02516075544484633
primary,log_author_prior_30d_comments,full,ordering_vs_random,neural_metadata_text_audience,random,2556,-0.01825804614429487,-0.020434785222216378,-0.01619521352128683
primary,log_author_prior_30d_comments,full,ordering_vs_random,neural_metadata_text_editor,random,2556,-0.028754764101046233,-0.030793123993276734,-0.026784359796467035
primary,log_author_prior_30d_comments,full,reply_vs_loose,trees,loose,2556,0.09820796349965255,0.09511146487440811,0.10118107470100263
primary,log_author_prior_30d_comments,full,reply_vs_loose,hidden,loose,2556,0.0045227228243461415,0.0026506540449413407,0.006393664707453087
primary,log_author_prior_30d_comments,full,pinned_vs_unpinned,pinned,unpinned,2556,0.0031969305699105386,0.0014495989072322083,0.004972326526456778
primary,log_author_prior_30d_comments,top10,ordering_vs_random,relative_votes,random,2556,-0.016019886984863188,-0.02000435671986818,-0.011722227129245442
primary,log_author_prior_30d_comments,top10,ordering_vs_random,upvotes,random,2556,-0.015298385679447184,-0.01920077163936039,-0.011056125336490428
primary,log_author_prior_30d_comments,top10,ordering_vs_random,chronological,random,2556,0.022138016048816486,0.017502423905656306,0.027045425443544234
primary,log_author_prior_30d_comments,top10,ordering_vs_random,reverse_chronological,random,2556,-0.09179362442945742,-0.09695556235363707,-0.08660526948908082
primary,log_author_prior_30d_comments,top10,ordering_vs_random,regression_audience,random,2556,-0.02503897381590395,-0.029183230695221513,-0.02068134366625121
primary,log_author_prior_30d_comments,top10,ordering_vs_random,regression_editor,random,2556,-0.028530336005890656,-0.03286738067523777,-0.024104712865491408
primary,log_author_prior_30d_comments,top10,ordering_vs_random,xgb_metadata_audience,random,2556,-0.01857917162684482,-0.022752666154098447,-0.014338093373846722
primary,log_author_prior_30d_comments,top10,ordering_vs_random,xgb_metadata_editor,random,2556,-0.01643107520558028,-0.02073839541713868,-0.012012528292982145
primary,log_author_prior_30d_comments,top10,ordering_vs_random,xgb_metadata_text_audience,random,2556,-0.009242186682495278,-0.013460888268679664,-0.004911966381047854
primary,log_author_prior_30d_comments,top10,ordering_vs_random,xgb_metadata_text_editor,random,2556,-0.009011677359258698,-0.013292252649142584,-0.004824254402181985
primary,log_author_prior_30d_comments,top10,ordering_vs_random,neural_metadata_audience,random,2556,-0.007328989995517826,-0.011456387182317762,-0.0030426877813178317
primary,log_author_prior_30d_comments,top10,ordering_vs_random,neural_metadata_editor,random,2556,0.0152126269966235,0.01075631461483348,0.019882665103580294
primary,log_author_prior_30d_comments,top10,ordering_vs_random,neural_metadata_text_audience,random,2556,-0.01148277934142949,-0.015676155620870765,-0.007473166830562112
primary,log_author_prior_30d_comments,top10,ordering_vs_random,neural_metadata_text_editor,random,2556,-0.02091576559384962,-0.02535653734172693,-0.016417798463669343
primary,log_author_prior_30d_comments,top10,reply_vs_loose,trees,loose,2556,0.01861707432495918,0.015802647064832052,0.021338928582037377
primary,log_author_prior_30d_comments,top10,reply_vs_loose,hidden,loose,2556,-0.0028771317650785207,-0.0037143027847946577,-0.002032308005656322
primary,log_author_prior_30d_comments,top10,pinned_vs_unpinned,pinned,unpinned,2556,-0.011413404829594295,-0.01744188939370446,-0.005550205506232031
primary,log_author_prior_comments_story,full,ordering_vs_random,relative_votes,random,2556,-0.13099772301028392,-0.13368148383948908,-0.128425926548903
primary,log_author_prior_comments_story,full,ordering_vs_random,upvotes,random,2556,-0.14279413576867153,-0.14554261964157705,-0.14030465434107914
primary,log_author_prior_comments_story,full,ordering_vs_random,chronological,random,2556,-0.13448454345232433,-0.13751077379351878,-0.1313714683567211
primary,log_author_prior_comments_story,full,ordering_vs_random,reverse_chronological,random,2556,0.12326519002264053,0.12004874162377586,0.12645004139988317
primary,log_author_prior_comments_story,full,ordering_vs_random,regression_audience,random,2556,-0.20878936813091367,-0.21129561656586685,-0.20628213092566175
primary,log_author_prior_comments_story,full,ordering_vs_random,regression_editor,random,2556,-0.18831031932469414,-0.1906419208419243,-0.18581925121507634
primary,log_author_prior_comments_story,full,ordering_vs_random,xgb_metadata_audience,random,2556,-0.19882845532259838,-0.20111819235822184,-0.1964215833680639
primary,log_author_prior_comments_story,full,ordering_vs_random,xgb_metadata_editor,random,2556,-0.19368068126597307,-0.19602048046645507,-0.19127473437476084
primary,log_author_prior_comments_story,full,ordering_vs_random,xgb_metadata_text_audience,random,2556,-0.19356261075508477,-0.19588064334022262,-0.19111617424868776
primary,log_author_prior_comments_story,full,ordering_vs_random,xgb_metadata_text_editor,random,2556,-0.19203374902981887,-0.19433642472225662,-0.18953430656495016
primary,log_author_prior_comments_story,full,ordering_vs_random,neural_metadata_audience,random,2556,-0.20715126004833342,-0.20975631351708554,-0.2045540804173019
primary,log_author_prior_comments_story,full,ordering_vs_random,neural_metadata_editor,random,2556,-0.18244436448244525,-0.1848996933826932,-0.179924371030764
primary,log_author_prior_comments_story,full,ordering_vs_random,neural_metadata_text_audience,random,2556,-0.2017493449353194,-0.20425528583804214,-0.1991154565877962
primary,log_author_prior_comments_story,full,ordering_vs_random,neural_metadata_text_editor,random,2556,-0.17640448842848352,-0.17881792366366606,-0.17385022435079223
primary,log_author_prior_comments_story,full,reply_vs_loose,trees,loose,2556,0.46695374210566115,0.4624584611693025,0.4715943494472167
primary,log_author_prior_comments_story,full,reply_vs_loose,hidden,loose,2556,0.030469020764813563,0.027523131065831066,0.03347572375905222
primary,log_author_prior_comments_story,full,pinned_vs_unpinned,pinned,unpinned,2556,-0.007861951534742393,-0.010585243742726288,-0.005132561908961661
primary,log_author_prior_comments_story,top10,ordering_vs_random,relative_votes,random,2556,-0.18773572013576859,-0.19222001236357494,-0.18320029584873007
primary,log_author_prior_comments_story,top10,ordering_vs_random,upvotes,random,2556,-0.18779342948253533,-0.19218834989731912,-0.18327218928502945
primary,log_author_prior_comments_story,top10,ordering_vs_random,chronological,random,2556,-0.23285488076627806,-0.23628718793184086,-0.22929875440002923
primary,log_author_prior_comments_story,top10,ordering_vs_random,reverse_chronological,random,2556,0.06413957405678365,0.05688631606686682,0.07168033277326273
primary,log_author_prior_comments_story,top10,ordering_vs_random,regression_audience,random,2556,-0.21976652958244383,-0.22353824218584253,-0.21610676945934792
primary,log_author_prior_comments_story,top10,ordering_vs_random,regression_editor,random,2556,-0.19637449065026083,-0.20061049441532247,-0.19215384286102533
primary,log_author_prior_comments_story,top10,ordering_vs_random,xgb_metadata_audience,random,2556,-0.2033218954851115,-0.20753332867456784,-0.1991765190220109
primary,log_author_prior_comments_story,top10,ordering_vs_random,xgb_metadata_editor,random,2556,-0.1979212865860455,-0.20230621943927607,-0.19369409447741465
primary,log_author_prior_comments_story,top10,ordering_vs_random,xgb_metadata_text_audience,random,2556,-0.2033865216564036,-0.2074959189443247,-0.19929207036682767
primary,log_author_prior_comments_story,top10,ordering_vs_random,xgb_metadata_text_editor,random,2556,-0.20073960731124954,-0.20507757467596024,-0.19655052254467306
primary,log_author_prior_comments_story,top10,ordering_vs_random,neural_metadata_audience,random,2556,-0.19482858352290536,-0.199195969405873,-0.19029835351503846
primary,log_author_prior_comments_story,top10,ordering_vs_random,neural_metadata_editor,random,2556,-0.16724451380260366,-0.172454755126274,-0.16171244842785018
primary,log_author_prior_comments_story,top10,ordering_vs_random,neural_metadata_text_audience,random,2556,-0.17991566022262398,-0.1847934591381525,-0.17519378686765127
primary,log_author_prior_comments_story,top10,ordering_vs_random,neural_metadata_text_editor,random,2556,-0.15782601906552987,-0.16316754440467168,-0.15268277809317485
primary,log_author_prior_comments_story,top10,reply_vs_loose,trees,loose,2556,0.2171892713563067,0.2121604315723497,0.22229066890917143
primary,log_author_prior_comments_story,top10,reply_vs_loose,hidden,loose,2556,-0.045118675356420515,-0.04675561738813472,-0.043599420640513066
primary,log_author_prior_comments_story,top10,pinned_vs_unpinned,pinned,unpinned,2556,-0.07791247711633414,-0.08383327680098542,-0.07167913538440807
primary,log_hours_since_article,full,ordering_vs_random,relative_votes,random,2556,-0.1542126591727292,-0.15713895984822096,-0.15118059776400639
primary,log_hours_since_article,full,ordering_vs_random,upvotes,random,2556,-0.1954632703580669,-0.19849798353805972,-0.19245775628727235
primary,log_hours_since_article,full,ordering_vs_random,chronological,random,2556,-0.5196820524436415,-0.5228652627269883,-0.5163292333208844
primary,log_hours_since_article,full,ordering_vs_random,reverse_chronological,random,2556,0.5134702470165047,0.5101205397777187,0.5165609243419674
primary,log_hours_since_article,full,ordering_vs_random,regression_audience,random,2556,-0.380968345542867,-0.3838628539488445,-0.3779849754540211
primary,log_hours_since_article,full,ordering_vs_random,regression_editor,random,2556,-0.3336700995973548,-0.3363640718595928,-0.3308649410407964
primary,log_hours_since_article,full,ordering_vs_random,xgb_metadata_audience,random,2556,-0.34190161964334825,-0.3442694875601962,-0.339402281812008
primary,log_hours_since_article,full,ordering_vs_random,xgb_metadata_editor,random,2556,-0.3242574233697613,-0.32657384701302933,-0.321834166913604
primary,log_hours_since_article,full,ordering_vs_random,xgb_metadata_text_audience,random,2556,-0.33439151118646937,-0.3367536570474221,-0.3318652158538949
primary,log_hours_since_article,full,ordering_vs_random,xgb_metadata_text_editor,random,2556,-0.3263033748645558,-0.3286737244058845,-0.3238133719529113
primary,log_hours_since_article,full,ordering_vs_random,neural_metadata_audience,random,2556,-0.3972480623979404,-0.4001265985275176,-0.39423664454833873
primary,log_hours_since_article,full,ordering_vs_random,neural_metadata_editor,random,2556,-0.3510047383968276,-0.35358485937431416,-0.3481851425267701
primary,log_hours_since_article,full,ordering_vs_random,neural_metadata_text_audience,random,2556,-0.35711699019955867,-0.3598498478604201,-0.3542838709830134
primary,log_hours_since_article,full,ordering_vs_random,neural_metadata_text_editor,random,2556,-0.29998011059782176,-0.30258531690450774,-0.2972576017490599
primary,log_hours_since_article,full,reply_vs_loose,trees,loose,2556,0.13071567590897376,0.12641287306142077,0.13511135652488887
primary,log_hours_since_article,full,reply_vs_loose,hidden,loose,2556,0.19000393710870794,0.187342721649743,0.19268543775260946
primary,log_hours_since_article,full,pinned_vs_unpinned,pinned,unpinned,2556,-0.00639017831482031,-0.008527566395714715,-0.004165527610662633
primary,log_hours_since_article,top10,ordering_vs_random,relative_votes,random,2556,-0.25126869781364597,-0.2552268605555953,-0.24722653582110338
primary,log_hours_since_article,top10,ordering_vs_random,upvotes,random,2556,-0.2529532843321966,-0.2569351979807316,-0.24894806273492734
primary,log_hours_since_article,top10,ordering_vs_random,chronological,random,2556,-0.508006155429487,-0.5113684139801901,-0.5045664755605309
primary,log_hours_since_article,top10,ordering_vs_random,reverse_chronological,random,2556,0.6337504223073471,0.6294484778853358,0.6381606119020886
primary,log_hours_since_article,top10,ordering_vs_random,regression_audience,random,2556,-0.42765355463483273,-0.43139007993360967,-0.42396222531615013
primary,log_hours_since_article,top10,ordering_vs_random,regression_editor,random,2556,-0.3827432211418271,-0.3863821937373982,-0.37886129360175297
primary,log_hours_since_article,top10,ordering_vs_random,xgb_metadata_audience,random,2556,-0.3856047320597347,-0.3893433206436775,-0.38201682175443913
primary,log_hours_since_article,top10,ordering_vs_random,xgb_metadata_editor,random,2556,-0.3688804904104273,-0.3726056541660711,-0.3650531952988343
primary,log_hours_since_article,top10,ordering_vs_random,xgb_metadata_text_audience,random,2556,-0.38331663806231325,-0.3868848126059699,-0.37969011738220537
primary,log_hours_since_article,top10,ordering_vs_random,xgb_metadata_text_editor,random,2556,-0.3763664622848288,-0.37995383274288214,-0.3726562249914885
primary,log_hours_since_article,top10,ordering_vs_random,neural_metadata_audience,random,2556,-0.4182269649177877,-0.42185179345784735,-0.41458646475770444
primary,log_hours_since_article,top10,ordering_vs_random,neural_metadata_editor,random,2556,-0.39417382602523027,-0.39789480840869457,-0.39036129492921523
primary,log_hours_since_article,top10,ordering_vs_random,neural_metadata_text_audience,random,2556,-0.3493633026892616,-0.35324845914392317,-0.34525660303101907
primary,log_hours_since_article,top10,ordering_vs_random,neural_metadata_text_editor,random,2556,-0.3087005980709848,-0.3128667635810834,-0.3044668667410993
primary,log_hours_since_article,top10,reply_vs_loose,trees,loose,2556,0.18156975165940858,0.17788019794333929,0.1852222588984334
primary,log_hours_since_article,top10,reply_vs_loose,hidden,loose,2556,-0.017143892647630134,-0.017901792052244687,-0.016340349309716437
primary,log_hours_since_article,top10,pinned_vs_unpinned,pinned,unpinned,2556,0.015575758602567507,0.00871627370273346,0.022543414945417364
primary,log_words,full,ordering_vs_random,relative_votes,random,2556,0.04657367064086875,0.044414439790562234,0.04879404135404905
primary,log_words,full,ordering_vs_random,upvotes,random,2556,0.05834712489754892,0.056241029784336274,0.060459534467787505
primary,log_words,full,ordering_vs_random,chronological,random,2556,-0.037897977059498184,-0.0403687388530309,-0.035527545118053686
primary,log_words,full,ordering_vs_random,reverse_chronological,random,2556,0.03670971343327429,0.0344343018862186,0.03919772589859869
primary,log_words,full,ordering_vs_random,regression_audience,random,2556,0.11951878688879793,0.11698680876431687,0.12190168765527898
primary,log_words,full,ordering_vs_random,regression_editor,random,2556,0.17966487477319412,0.17700069381170289,0.18222107709096408
primary,log_words,full,ordering_vs_random,xgb_metadata_audience,random,2556,0.1418002825875119,0.13912677839677354,0.1444018461056388
primary,log_words,full,ordering_vs_random,xgb_metadata_editor,random,2556,0.1592816765610008,0.1565893946524552,0.16188744784880668
primary,log_words,full,ordering_vs_random,xgb_metadata_text_audience,random,2556,0.15729599253068197,0.1547451547686435,0.15980672399742657
primary,log_words,full,ordering_vs_random,xgb_metadata_text_editor,random,2556,0.16429178331181787,0.161769330195227,0.16685398815315983
primary,log_words,full,ordering_vs_random,neural_metadata_audience,random,2556,0.11647979161887355,0.11395156710602634,0.1189476818882058
primary,log_words,full,ordering_vs_random,neural_metadata_editor,random,2556,0.15845454899140485,0.15611461274466626,0.1608125399352335
primary,log_words,full,ordering_vs_random,neural_metadata_text_audience,random,2556,0.11009591220063326,0.10755192009848899,0.11252850282642014
primary,log_words,full,ordering_vs_random,neural_metadata_text_editor,random,2556,0.17961958653978796,0.17726274939791756,0.18201475596670114
primary,log_words,full,reply_vs_loose,trees,loose,2556,-0.10665874445220673,-0.11030297132968267,-0.10285081509493742
primary,log_words,full,reply_vs_loose,hidden,loose,2556,-0.02623301791463157,-0.02795047656467535,-0.024390358111623652
primary,log_words,full,pinned_vs_unpinned,pinned,unpinned,2556,-0.015734120872127715,-0.01750252342618122,-0.013883420551130442
primary,log_words,top10,ordering_vs_random,relative_votes,random,2556,0.08741827949653264,0.08341218830545659,0.09148406111518137
primary,log_words,top10,ordering_vs_random,upvotes,random,2556,0.09032396798359249,0.08640257130454662,0.09439732705344929
primary,log_words,top10,ordering_vs_random,chronological,random,2556,-0.06984660830169562,-0.0749041907625094,-0.06492575442295086
primary,log_words,top10,ordering_vs_random,reverse_chronological,random,2556,0.0352704882741313,0.030750218619374756,0.039915954009406535
primary,log_words,top10,ordering_vs_random,regression_audience,random,2556,0.21055196089112418,0.20635454831969496,0.21466719749899138
primary,log_words,top10,ordering_vs_random,regression_editor,random,2556,0.27733405755205226,0.27377539794019046,0.2809696161406403
primary,log_words,top10,ordering_vs_random,xgb_metadata_audience,random,2556,0.24739816315196114,0.24339141149367932,0.25155616416551424
primary,log_words,top10,ordering_vs_random,xgb_metadata_editor,random,2556,0.264177994203142,0.2603497855656436,0.2681045709228467
primary,log_words,top10,ordering_vs_random,xgb_metadata_text_audience,random,2556,0.25213488898419056,0.24847854593119797,0.25599323726240614
primary,log_words,top10,ordering_vs_random,xgb_metadata_text_editor,random,2556,0.25829269351229994,0.2546364951333333,0.26212069987828823
primary,log_words,top10,ordering_vs_random,neural_metadata_audience,random,2556,0.2147871492620602,0.21055524175360368,0.21878754737795753
primary,log_words,top10,ordering_vs_random,neural_metadata_editor,random,2556,0.22614826163478793,0.22218455117202196,0.23004570101599855
primary,log_words,top10,ordering_vs_random,neural_metadata_text_audience,random,2556,0.22402939073112169,0.2195278264149621,0.228289948883062
primary,log_words,top10,ordering_vs_random,neural_metadata_text_editor,random,2556,0.26683674536163343,0.2628255512735462,0.27084080178488734
primary,log_words,top10,reply_vs_loose,trees,loose,2556,-0.13084220669869154,-0.13387834351029837,-0.12771127515584657
primary,log_words,top10,reply_vs_loose,hidden,loose,2556,0.008276567785813574,0.007438883795524608,0.009136061504993293
primary,log_words,top10,pinned_vs_unpinned,pinned,unpinned,2556,0.02074592197400236,0.014945408830208808,0.02654340647470933
primary,novelty_prior_all_model,full,ordering_vs_random,relative_votes,random,2556,0.0023522888837302644,0.00014182542053089078,0.004667318149001097
primary,novelty_prior_all_model,full,ordering_vs_random,upvotes,random,2556,0.005977030985863449,0.003812886519217085,0.008242660443541846
primary,novelty_prior_all_model,full,ordering_vs_random,chronological,random,2556,0.1503381238501547,0.14797910553464913,0.1526452897903772
primary,novelty_prior_all_model,full,ordering_vs_random,reverse_chronological,random,2556,-0.14419738372122384,-0.14646983280022186,-0.14185378465753748
primary,novelty_prior_all_model,full,ordering_vs_random,regression_audience,random,2556,0.0363378681796212,0.033993782492151826,0.03861238372948849
primary,novelty_prior_all_model,full,ordering_vs_random,regression_editor,random,2556,-0.005848435530036998,-0.00821110804856114,-0.0034871502580807747
primary,novelty_prior_all_model,full,ordering_vs_random,xgb_metadata_audience,random,2556,0.027435449392022103,0.025186172531608632,0.029718710948796113
primary,novelty_prior_all_model,full,ordering_vs_random,xgb_metadata_editor,random,2556,0.012997498069041739,0.010660935949104068,0.015311819133980291
primary,novelty_prior_all_model,full,ordering_vs_random,xgb_metadata_text_audience,random,2556,0.02657265648595912,0.024255265959487182,0.02888979226626916
primary,novelty_prior_all_model,full,ordering_vs_random,xgb_metadata_text_editor,random,2556,0.021275937801064487,0.01893141932164292,0.023577829241095572
primary,novelty_prior_all_model,full,ordering_vs_random,neural_metadata_audience,random,2556,0.05004760394493771,0.0477499045607504,0.05238368524734272
primary,novelty_prior_all_model,full,ordering_vs_random,neural_metadata_editor,random,2556,0.010711594420036176,0.008411497031035223,0.012978007232553058
primary,novelty_prior_all_model,full,ordering_vs_random,neural_metadata_text_audience,random,2556,0.03210450115608345,0.02979905624326502,0.034499062993448106
primary,novelty_prior_all_model,full,ordering_vs_random,neural_metadata_text_editor,random,2556,-0.023876497554336733,-0.026351211784916957,-0.021426001699060455
primary,novelty_prior_all_model,full,reply_vs_loose,trees,loose,2556,0.010500006945682249,0.006483251634867609,0.014339320689869728
primary,novelty_prior_all_model,full,reply_vs_loose,hidden,loose,2556,-0.017626459323498215,-0.0192388553570606,-0.015985768031713928
primary,novelty_prior_all_model,full,pinned_vs_unpinned,pinned,unpinned,2556,0.01489326777601502,0.013123339996954295,0.01659264008467929
primary,novelty_prior_all_model,top10,ordering_vs_random,relative_votes,random,2556,0.034528640639376815,0.030684222916392355,0.03855962098817499
primary,novelty_prior_all_model,top10,ordering_vs_random,upvotes,random,2556,0.03380752401564728,0.029900763916571347,0.03786805144343598
primary,novelty_prior_all_model,top10,ordering_vs_random,chronological,random,2556,0.19619775838589668,0.1927146994163832,0.19991130684483777
primary,novelty_prior_all_model,top10,ordering_vs_random,reverse_chronological,random,2556,-0.08540269200262164,-0.08891858427573403,-0.08181405634289393
primary,novelty_prior_all_model,top10,ordering_vs_random,regression_audience,random,2556,0.06579025683076377,0.06159427866343407,0.06974451034625909
primary,novelty_prior_all_model,top10,ordering_vs_random,regression_editor,random,2556,0.025995214520665066,0.021958269636562805,0.0299852860348383
primary,novelty_prior_all_model,top10,ordering_vs_random,xgb_metadata_audience,random,2556,0.04220511581615905,0.038306913785066,0.04623235350330977
primary,novelty_prior_all_model,top10,ordering_vs_random,xgb_metadata_editor,random,2556,0.031811750116326525,0.027998077937708903,0.03572739601163353
primary,novelty_prior_all_model,top10,ordering_vs_random,xgb_metadata_text_audience,random,2556,0.04811762193796651,0.0442005746144071,0.0522688103069523
primary,novelty_prior_all_model,top10,ordering_vs_random,xgb_metadata_text_editor,random,2556,0.04423679426902296,0.040311506862576375,0.04837367871769927
primary,novelty_prior_all_model,top10,ordering_vs_random,neural_metadata_audience,random,2556,0.02984812600713627,0.026287543578992018,0.03350670731052359
primary,novelty_prior_all_model,top10,ordering_vs_random,neural_metadata_editor,random,2556,0.03196069000289574,0.02831674801601732,0.03577312790627464
primary,novelty_prior_all_model,top10,ordering_vs_random,neural_metadata_text_audience,random,2556,-0.020653661353035237,-0.02426723111547835,-0.0170168002674101
primary,novelty_prior_all_model,top10,ordering_vs_random,neural_metadata_text_editor,random,2556,-0.036290227878632356,-0.03995524835739314,-0.032562674195938494
primary,novelty_prior_all_model,top10,reply_vs_loose,trees,loose,2556,-0.02367498774696206,-0.026362962054794433,-0.020868084107364362
primary,novelty_prior_all_model,top10,reply_vs_loose,hidden,loose,2556,-0.0002681311023867395,-0.0009699106564754845,0.0004772359608680779
primary,novelty_prior_all_model,top10,pinned_vs_unpinned,pinned,unpinned,2556,-0.04144223735532811,-0.04634597308821903,-0.03643908012303609
primary,prior_reply_composition,full,ordering_vs_random,relative_votes,random,2556,-0.1266917780380177,-0.12978060766094232,-0.12377724759617313
primary,prior_reply_composition,full,ordering_vs_random,upvotes,random,2556,-0.1690058275638879,-0.17221915575361268,-0.1660621883174753
primary,prior_reply_composition,full,ordering_vs_random,chronological,random,2556,-0.49548843060784775,-0.49923034667439814,-0.49159396014980444
primary,prior_reply_composition,full,ordering_vs_random,reverse_chronological,random,2556,0.5323715275215026,0.5281405634229391,0.5364071219708764
primary,prior_reply_composition,full,ordering_vs_random,regression_audience,random,2556,-0.368827873358999,-0.3720219201033032,-0.365384266426843
primary,prior_reply_composition,full,ordering_vs_random,regression_editor,random,2556,-0.3155519253077017,-0.31865478448839074,-0.31229461280763804
primary,prior_reply_composition,full,ordering_vs_random,xgb_metadata_audience,random,2556,-0.3451664872842038,-0.34824078527461166,-0.34206853560310857
primary,prior_reply_composition,full,ordering_vs_random,xgb_metadata_editor,random,2556,-0.325774076529521,-0.3288656983137386,-0.3226728870824662
primary,prior_reply_composition,full,ordering_vs_random,xgb_metadata_text_audience,random,2556,-0.34072441671006837,-0.3437302267143359,-0.3376518606618003
primary,prior_reply_composition,full,ordering_vs_random,xgb_metadata_text_editor,random,2556,-0.33192990205387773,-0.33493842046913563,-0.32886653982865904
primary,prior_reply_composition,full,ordering_vs_random,neural_metadata_audience,random,2556,-0.3803058500296529,-0.3835778277203407,-0.37698641822505363
primary,prior_reply_composition,full,ordering_vs_random,neural_metadata_editor,random,2556,-0.33738117485841596,-0.34067897978911993,-0.33408011425388756
primary,prior_reply_composition,full,ordering_vs_random,neural_metadata_text_audience,random,2556,-0.332296490418581,-0.3356541189238783,-0.3288094873982449
primary,prior_reply_composition,full,ordering_vs_random,neural_metadata_text_editor,random,2556,-0.2724198732846195,-0.27565846254941256,-0.2691139706753347
primary,prior_reply_composition,full,reply_vs_loose,trees,loose,2556,0.11017796085986208,0.10624524404763676,0.11391918714687956
primary,prior_reply_composition,full,reply_vs_loose,hidden,loose,2556,0.21522215630138533,0.212487186728471,0.21798930636375413
primary,prior_reply_composition,full,pinned_vs_unpinned,pinned,unpinned,2556,0.006599486827444518,0.004158433360256219,0.008923038848046084
primary,prior_reply_composition,top10,ordering_vs_random,relative_votes,random,2556,-0.19791461494299495,-0.2024004580368651,-0.1935167091463768
primary,prior_reply_composition,top10,ordering_vs_random,upvotes,random,2556,-0.20007208991205838,-0.20440304009017612,-0.1956639154617223
primary,prior_reply_composition,top10,ordering_vs_random,chronological,random,2556,-0.3362626844855773,-0.3415381680270577,-0.3311125320658831
primary,prior_reply_composition,top10,ordering_vs_random,reverse_chronological,random,2556,0.47943421636776085,0.4753403745061629,0.4834443485137243
primary,prior_reply_composition,top10,ordering_vs_random,regression_audience,random,2556,-0.36577331897234666,-0.37023035539653654,-0.3609337451683746
primary,prior_reply_composition,top10,ordering_vs_random,regression_editor,random,2556,-0.3185759222116788,-0.3232091533441963,-0.31365069165615783
primary,prior_reply_composition,top10,ordering_vs_random,xgb_metadata_audience,random,2556,-0.31483273754174534,-0.319079628402446,-0.30989865607657097
primary,prior_reply_composition,top10,ordering_vs_random,xgb_metadata_editor,random,2556,-0.29961375911081334,-0.30403824712061384,-0.2948757094980511
primary,prior_reply_composition,top10,ordering_vs_random,xgb_metadata_text_audience,random,2556,-0.3142064269122985,-0.3187331727830554,-0.3093531153037986
primary,prior_reply_composition,top10,ordering_vs_random,xgb_metadata_text_editor,random,2556,-0.30748955016559665,-0.3120895677942906,-0.3025645382156516
primary,prior_reply_composition,top10,ordering_vs_random,neural_metadata_audience,random,2556,-0.29858417535279724,-0.3032555181443316,-0.29367188878501105
primary,prior_reply_composition,top10,ordering_vs_random,neural_metadata_editor,random,2556,-0.28332439769515283,-0.28803925754979237,-0.27834203451148787
primary,prior_reply_composition,top10,ordering_vs_random,neural_metadata_text_audience,random,2556,-0.22408422453388327,-0.22852124496045756,-0.21917733090022615
primary,prior_reply_composition,top10,ordering_vs_random,neural_metadata_text_editor,random,2556,-0.19938322542045978,-0.20396487970163588,-0.1945984468289613
primary,prior_reply_composition,top10,reply_vs_loose,trees,loose,2556,0.13560003746597077,0.13252621688816252,0.13852016324970925
primary,prior_reply_composition,top10,reply_vs_loose,hidden,loose,2556,-0.0002510696894816073,-0.0010643222666396042,0.0006465722517303008
primary,prior_reply_composition,top10,pinned_vs_unpinned,pinned,unpinned,2556,0.016581591362883667,0.009350688698075454,0.023671062970556597
primary,reading_level_length_adjusted,full,ordering_vs_random,relative_votes,random,2556,0.008415417707935066,0.006667865559175809,0.01012734087916161
primary,reading_level_length_adjusted,full,ordering_vs_random,upvotes,random,2556,0.008828857016580684,0.007147275455341686,0.010480714754010169
primary,reading_level_length_adjusted,full,ordering_vs_random,chronological,random,2556,0.004110643060165413,0.002188599093281596,0.005873674511878374
primary,reading_level_length_adjusted,full,ordering_vs_random,reverse_chronological,random,2556,-0.004117768694489454,-0.005853677341221321,-0.002217958009374291
primary,reading_level_length_adjusted,full,ordering_vs_random,regression_audience,random,2556,0.017499993953524307,0.015802775098934036,0.019231379967612528
primary,reading_level_length_adjusted,full,ordering_vs_random,regression_editor,random,2556,0.016298811762493412,0.014572395980789498,0.018090238897269635
primary,reading_level_length_adjusted,full,ordering_vs_random,xgb_metadata_audience,random,2556,0.01571670164763941,0.014051572989208465,0.017453564533242937
primary,reading_level_length_adjusted,full,ordering_vs_random,xgb_metadata_editor,random,2556,0.017052026837123542,0.015371255251469268,0.018752520211742153
primary,reading_level_length_adjusted,full,ordering_vs_random,xgb_metadata_text_audience,random,2556,0.011002206963865016,0.009277527896060423,0.012756318159192028
primary,reading_level_length_adjusted,full,ordering_vs_random,xgb_metadata_text_editor,random,2556,0.01125414694525216,0.00956049030946097,0.01299629987201966
primary,reading_level_length_adjusted,full,ordering_vs_random,neural_metadata_audience,random,2556,0.027377213655886412,0.02563353895563613,0.029103323965674444
primary,reading_level_length_adjusted,full,ordering_vs_random,neural_metadata_editor,random,2556,0.038541968903317944,0.03675829324425345,0.04026630291382861
primary,reading_level_length_adjusted,full,ordering_vs_random,neural_metadata_text_audience,random,2556,0.028419977078465844,0.026679911328805057,0.030116004929027676
primary,reading_level_length_adjusted,full,ordering_vs_random,neural_metadata_text_editor,random,2556,0.03447191726646337,0.032728921026801104,0.036110852145115946
primary,reading_level_length_adjusted,full,reply_vs_loose,trees,loose,2556,-0.04257381522190214,-0.045173013315805366,-0.040086479632557515
primary,reading_level_length_adjusted,full,reply_vs_loose,hidden,loose,2556,-0.02213876332060828,-0.023620229078401774,-0.020669360230184126
primary,reading_level_length_adjusted,full,pinned_vs_unpinned,pinned,unpinned,2556,0.0002050926468831503,-0.001336930686921151,0.0017142358832111014
primary,reading_level_length_adjusted,top10,ordering_vs_random,relative_votes,random,2556,0.005964138328969031,0.0024710790123014447,0.009594693411193587
primary,reading_level_length_adjusted,top10,ordering_vs_random,upvotes,random,2556,0.0057825124848867645,0.0022663699021261705,0.009240806793923886
primary,reading_level_length_adjusted,top10,ordering_vs_random,chronological,random,2556,0.0029875856026115996,-0.0009620456015388487,0.006883095073295923
primary,reading_level_length_adjusted,top10,ordering_vs_random,reverse_chronological,random,2556,-0.0015169140581134078,-0.005169842633482479,0.0023382504898357003
primary,reading_level_length_adjusted,top10,ordering_vs_random,regression_audience,random,2556,0.018470345683523574,0.014640606487689577,0.02225828672167458
primary,reading_level_length_adjusted,top10,ordering_vs_random,regression_editor,random,2556,0.013645215129216346,0.009921222528703392,0.017347482340401125
primary,reading_level_length_adjusted,top10,ordering_vs_random,xgb_metadata_audience,random,2556,0.0024284270879632768,-0.000976022341072714,0.006009796960391205
primary,reading_level_length_adjusted,top10,ordering_vs_random,xgb_metadata_editor,random,2556,0.0022289255377828067,-0.0012780153778889029,0.0056864445222081774
primary,reading_level_length_adjusted,top10,ordering_vs_random,xgb_metadata_text_audience,random,2556,-0.0009288210826002601,-0.004494450273139295,0.002901173302775114
primary,reading_level_length_adjusted,top10,ordering_vs_random,xgb_metadata_text_editor,random,2556,-0.0006403331024995741,-0.004228008157200338,0.0031344399337649275
primary,reading_level_length_adjusted,top10,ordering_vs_random,neural_metadata_audience,random,2556,-0.0007641022987072511,-0.0040763236110876915,0.002577560847361439
primary,reading_level_length_adjusted,top10,ordering_vs_random,neural_metadata_editor,random,2556,-0.003434212738069551,-0.006825665697779397,-0.00016605691922230094
primary,reading_level_length_adjusted,top10,ordering_vs_random,neural_metadata_text_audience,random,2556,0.011463470814359571,0.00795465632261461,0.01516213034755302
primary,reading_level_length_adjusted,top10,ordering_vs_random,neural_metadata_text_editor,random,2556,0.00856420646340609,0.005005516018603174,0.012008630980447748
primary,reading_level_length_adjusted,top10,reply_vs_loose,trees,loose,2556,-0.010286320623186811,-0.012598675600128716,-0.008014300564034895
primary,reading_level_length_adjusted,top10,reply_vs_loose,hidden,loose,2556,0.0013843341258652656,0.0006892735579521908,0.002124956337975942
primary,reading_level_length_adjusted,top10,pinned_vs_unpinned,pinned,unpinned,2556,0.00562088527625278,0.001101436461042495,0.010353382899026615
primary,reply_depth_centered,full,ordering_vs_random,relative_votes,random,2556,-0.051968462224709154,-0.054339893573856345,-0.04958584786483975
primary,reply_depth_centered,full,ordering_vs_random,upvotes,random,2556,-0.060923575089438464,-0.06329475664949227,-0.058641446642224926
primary,reply_depth_centered,full,ordering_vs_random,chronological,random,2556,-0.0734442919868945,-0.07624678227270194,-0.07075675537467968
primary,reply_depth_centered,full,ordering_vs_random,reverse_chronological,random,2556,0.07437078351620262,0.07167459691881976,0.07714921052437909
primary,reply_depth_centered,full,ordering_vs_random,regression_audience,random,2556,-0.10229135924946021,-0.10541935031738466,-0.09921752439116477
primary,reply_depth_centered,full,ordering_vs_random,regression_editor,random,2556,-0.07827482403909086,-0.08151329011265626,-0.07507434513805997
primary,reply_depth_centered,full,ordering_vs_random,xgb_metadata_audience,random,2556,-0.0732602795279667,-0.07629630702746372,-0.07031980608845717
primary,reply_depth_centered,full,ordering_vs_random,xgb_metadata_editor,random,2556,-0.06892463224057918,-0.071977973873373,-0.0659673395291381
primary,reply_depth_centered,full,ordering_vs_random,xgb_metadata_text_audience,random,2556,-0.06404384895167763,-0.06709204746024486,-0.06112843884310146
primary,reply_depth_centered,full,ordering_vs_random,xgb_metadata_text_editor,random,2556,-0.06207681703870781,-0.06513981257171395,-0.05912709990649654
primary,reply_depth_centered,full,ordering_vs_random,neural_metadata_audience,random,2556,-0.1075311865354133,-0.11047681579300202,-0.10462376764305202
primary,reply_depth_centered,full,ordering_vs_random,neural_metadata_editor,random,2556,-0.0703280845745025,-0.07337957077995658,-0.06740654440765034
primary,reply_depth_centered,full,ordering_vs_random,neural_metadata_text_audience,random,2556,-0.09317480510719732,-0.09609722572487545,-0.09047132897310982
primary,reply_depth_centered,full,ordering_vs_random,neural_metadata_text_editor,random,2556,-0.0511871447097748,-0.054099848010157714,-0.04820559143872625
primary,reply_depth_centered,full,reply_vs_loose,trees,loose,2556,0.18894385551735376,0.18100738229561286,0.19713378733862472
primary,reply_depth_centered,full,reply_vs_loose,hidden,loose,2556,0.31516297128123244,0.3129934962919942,0.317197925832315
primary,reply_depth_centered,full,pinned_vs_unpinned,pinned,unpinned,2556,0.024380309151652617,0.020877193420590842,0.027748844826862167
primary,reply_depth_centered,top10,ordering_vs_random,relative_votes,random,2556,-0.01251388765056789,-0.014575613708075514,-0.010425430472155151
primary,reply_depth_centered,top10,ordering_vs_random,upvotes,random,2556,-0.011146119103664488,-0.013148738765160714,-0.009155540272596846
primary,reply_depth_centered,top10,ordering_vs_random,chronological,random,2556,-0.003438235372385168,-0.005721622108163386,-0.001177541912083126
primary,reply_depth_centered,top10,ordering_vs_random,reverse_chronological,random,2556,0.09654018064495852,0.09275215610047663,0.10020132415269623
primary,reply_depth_centered,top10,ordering_vs_random,regression_audience,random,2556,0.018186666932389642,0.0161669878349002,0.020097851493822247
primary,reply_depth_centered,top10,ordering_vs_random,regression_editor,random,2556,0.01972743115955433,0.017801354314608775,0.02163053809587613
primary,reply_depth_centered,top10,ordering_vs_random,xgb_metadata_audience,random,2556,0.01911190538266616,0.017220325459038992,0.02107513010563464
primary,reply_depth_centered,top10,ordering_vs_random,xgb_metadata_editor,random,2556,0.019844185217818902,0.017912079285549595,0.02183424051450764
primary,reply_depth_centered,top10,ordering_vs_random,xgb_metadata_text_audience,random,2556,0.019940154331625715,0.017969092026016507,0.02200500086897727
primary,reply_depth_centered,top10,ordering_vs_random,xgb_metadata_text_editor,random,2556,0.019991018215294892,0.018006823000682678,0.02205353344304739
primary,reply_depth_centered,top10,ordering_vs_random,neural_metadata_audience,random,2556,0.016648856163366012,0.01460422125930896,0.01854697144192419
primary,reply_depth_centered,top10,ordering_vs_random,neural_metadata_editor,random,2556,0.02062043125699195,0.018717991609502795,0.022549140362827937
primary,reply_depth_centered,top10,ordering_vs_random,neural_metadata_text_audience,random,2556,0.01578423110378637,0.013720065601441424,0.017761013651071546
primary,reply_depth_centered,top10,ordering_vs_random,neural_metadata_text_editor,random,2556,0.01938291635806525,0.017411447816780296,0.02130183364882005
primary,reply_depth_centered,top10,reply_vs_loose,trees,loose,2556,-0.17396231743279358,-0.17707145852411574,-0.17069338836857342
primary,reply_depth_centered,top10,reply_vs_loose,hidden,loose,2556,0.01374309913950852,0.012221733969143183,0.015254717085585302
primary,reply_depth_centered,top10,pinned_vs_unpinned,pinned,unpinned,2556,0.06804970694607719,0.066297631402626,0.06980448927261601
primary,semantic_novelty_knn5,full,ordering_vs_random,relative_votes,random,2556,-0.05303102581076871,-0.055403417033706166,-0.05064069685769328
primary,semantic_novelty_knn5,full,ordering_vs_random,upvotes,random,2556,-0.06723457811341169,-0.06951124013292811,-0.06494846084819901
primary,semantic_novelty_knn5,full,ordering_vs_random,chronological,random,2556,-0.0035489679299206024,-0.0059905829507534685,-0.001060232751584153
primary,semantic_novelty_knn5,full,ordering_vs_random,reverse_chronological,random,2556,0.0037397567188964566,0.0013001776049258542,0.006195758337195695
primary,semantic_novelty_knn5,full,ordering_vs_random,regression_audience,random,2556,-0.1003462741338329,-0.10276456315588446,-0.0978899756624472
primary,semantic_novelty_knn5,full,ordering_vs_random,regression_editor,random,2556,-0.13586024259845708,-0.13843292835990717,-0.13340771353167516
primary,semantic_novelty_knn5,full,ordering_vs_random,xgb_metadata_audience,random,2556,-0.10710702669318553,-0.10954791094080216,-0.10473612224295897
primary,semantic_novelty_knn5,full,ordering_vs_random,xgb_metadata_editor,random,2556,-0.1179060389998279,-0.12040190214589236,-0.11555230038959906
primary,semantic_novelty_knn5,full,ordering_vs_random,xgb_metadata_text_audience,random,2556,-0.11019470102966011,-0.11261790496218703,-0.10781468850029056
primary,semantic_novelty_knn5,full,ordering_vs_random,xgb_metadata_text_editor,random,2556,-0.1136207894132178,-0.11606479828490862,-0.11124047219069277
primary,semantic_novelty_knn5,full,ordering_vs_random,neural_metadata_audience,random,2556,-0.0811910550034652,-0.08356287554347448,-0.07886271876255017
primary,semantic_novelty_knn5,full,ordering_vs_random,neural_metadata_editor,random,2556,-0.11638461603667427,-0.11880347238027213,-0.114138175758359
primary,semantic_novelty_knn5,full,ordering_vs_random,neural_metadata_text_audience,random,2556,-0.08178866404794276,-0.08416442286970656,-0.0793950746482511
primary,semantic_novelty_knn5,full,ordering_vs_random,neural_metadata_text_editor,random,2556,-0.1332717071324839,-0.1358702371747109,-0.13084917925896591
primary,semantic_novelty_knn5,full,reply_vs_loose,trees,loose,2556,0.09136860973668633,0.08731336304168971,0.09552205233730507
primary,semantic_novelty_knn5,full,reply_vs_loose,hidden,loose,2556,0.013715511258786686,0.011905337302289558,0.015608463706976956
primary,semantic_novelty_knn5,full,pinned_vs_unpinned,pinned,unpinned,2556,0.01206855405614142,0.010064671553594553,0.014126716651034099
primary,semantic_novelty_knn5,top10,ordering_vs_random,relative_votes,random,2556,-0.08967990202408882,-0.09365906900061448,-0.08582569347664744
primary,semantic_novelty_knn5,top10,ordering_vs_random,upvotes,random,2556,-0.09394628265056809,-0.09789919903618623,-0.09009352601044819
primary,semantic_novelty_knn5,top10,ordering_vs_random,chronological,random,2556,-0.01249135091253944,-0.017147481951098834,-0.008188474411302878
primary,semantic_novelty_knn5,top10,ordering_vs_random,reverse_chronological,random,2556,0.010275934881293474,0.006148823340134043,0.014476666494749133
primary,semantic_novelty_knn5,top10,ordering_vs_random,regression_audience,random,2556,-0.1361635530593504,-0.14044854928731634,-0.13220633211417354
primary,semantic_novelty_knn5,top10,ordering_vs_random,regression_editor,random,2556,-0.1688882419007958,-0.17304975296855887,-0.16488256896172163
primary,semantic_novelty_knn5,top10,ordering_vs_random,xgb_metadata_audience,random,2556,-0.15214394362659586,-0.1563597171962687,-0.14818376076886414
primary,semantic_novelty_knn5,top10,ordering_vs_random,xgb_metadata_editor,random,2556,-0.15524335531239772,-0.15953227325371733,-0.15129452374069258
primary,semantic_novelty_knn5,top10,ordering_vs_random,xgb_metadata_text_audience,random,2556,-0.14987038958440968,-0.15394096475071967,-0.14608503192243733
primary,semantic_novelty_knn5,top10,ordering_vs_random,xgb_metadata_text_editor,random,2556,-0.15063322181328062,-0.15475538175145911,-0.14674864060635495
primary,semantic_novelty_knn5,top10,ordering_vs_random,neural_metadata_audience,random,2556,-0.13778213406771866,-0.14206504907563822,-0.133891443668161
primary,semantic_novelty_knn5,top10,ordering_vs_random,neural_metadata_editor,random,2556,-0.1449782254895447,-0.14936934874510216,-0.1410149655785691
primary,semantic_novelty_knn5,top10,ordering_vs_random,neural_metadata_text_audience,random,2556,-0.1373184252361645,-0.14146861338616187,-0.1331522044015134
primary,semantic_novelty_knn5,top10,ordering_vs_random,neural_metadata_text_editor,random,2556,-0.16016632710169107,-0.16439625597837998,-0.15594950188215517
primary,semantic_novelty_knn5,top10,reply_vs_loose,trees,loose,2556,0.09308034769084285,0.09002527662358453,0.09580857428564342
primary,semantic_novelty_knn5,top10,reply_vs_loose,hidden,loose,2556,-0.0059097457868070935,-0.006661629108996166,-0.0051719604390660775
primary,semantic_novelty_knn5,top10,pinned_vs_unpinned,pinned,unpinned,2556,-0.043002722807025814,-0.048144654941793194,-0.03806655407692936
primary,sentiment_negative,full,ordering_vs_random,relative_votes,random,2556,0.007960609695241564,0.005555207714928066,0.010291464653857243
primary,sentiment_negative,full,ordering_vs_random,upvotes,random,2556,0.033393726012734354,0.031102747755017986,0.03557758997979885
primary,sentiment_negative,full,ordering_vs_random,chronological,random,2556,-0.005092941882928778,-0.007242237820416285,-0.003037464685423955
primary,sentiment_negative,full,ordering_vs_random,reverse_chronological,random,2556,0.0049371218389114195,0.002910115971783065,0.0070782216873933644
primary,sentiment_negative,full,ordering_vs_random,regression_audience,random,2556,0.0356289411784208,0.03346777340252589,0.03784922905724396
primary,sentiment_negative,full,ordering_vs_random,regression_editor,random,2556,0.022576639304685633,0.020463377575031833,0.024810350021694197
primary,sentiment_negative,full,ordering_vs_random,xgb_metadata_audience,random,2556,0.023886633900843203,0.021616728314607255,0.026125095763556594
primary,sentiment_negative,full,ordering_vs_random,xgb_metadata_editor,random,2556,0.02176157524627797,0.019468967413912068,0.023959085784854225
primary,sentiment_negative,full,ordering_vs_random,xgb_metadata_text_audience,random,2556,0.028855590394289414,0.026598477680117305,0.031061192762302306
primary,sentiment_negative,full,ordering_vs_random,xgb_metadata_text_editor,random,2556,0.028806312176689157,0.026541854191246272,0.031008834644030245
primary,sentiment_negative,full,ordering_vs_random,neural_metadata_audience,random,2556,0.03152997024069385,0.029355819109336073,0.03358989408438987
primary,sentiment_negative,full,ordering_vs_random,neural_metadata_editor,random,2556,-0.012169609905237314,-0.014428266215635128,-0.010020910996754817
primary,sentiment_negative,full,ordering_vs_random,neural_metadata_text_audience,random,2556,0.034967240663053546,0.03285772894870792,0.03709554782246849
primary,sentiment_negative,full,ordering_vs_random,neural_metadata_text_editor,random,2556,0.020190226261966537,0.017910792156131186,0.022498943380702695
primary,sentiment_negative,full,reply_vs_loose,trees,loose,2556,-0.0322732504504192,-0.03579034622132163,-0.028966529350819586
primary,sentiment_negative,full,reply_vs_loose,hidden,loose,2556,0.0007486198821292273,-0.0008303914003759931,0.0023271623021569486
primary,sentiment_negative,full,pinned_vs_unpinned,pinned,unpinned,2556,-0.0006366874564361295,-0.002332340991276779,0.0012601279663474417
primary,sentiment_negative,top10,ordering_vs_random,relative_votes,random,2556,0.038043284303094456,0.03197581236877706,0.04420409158561611
primary,sentiment_negative,top10,ordering_vs_random,upvotes,random,2556,0.04328985927512093,0.03736836005472015,0.04937082319694226
primary,sentiment_negative,top10,ordering_vs_random,chronological,random,2556,-0.014170090660515978,-0.020672680636232024,-0.007264880775166505
primary,sentiment_negative,top10,ordering_vs_random,reverse_chronological,random,2556,0.0014610225414592474,-0.0040260474256609,0.007004764978040972
primary,sentiment_negative,top10,ordering_vs_random,regression_audience,random,2556,0.056282091908293655,0.04993558484577826,0.06222457978089237
primary,sentiment_negative,top10,ordering_vs_random,regression_editor,random,2556,-0.0014301247874691269,-0.007439065955819537,0.004162243992759349
primary,sentiment_negative,top10,ordering_vs_random,xgb_metadata_audience,random,2556,0.03499301198583254,0.02839195006147264,0.041200801397761
primary,sentiment_negative,top10,ordering_vs_random,xgb_metadata_editor,random,2556,0.024271124553498617,0.01775511523213853,0.030454514182760226
primary,sentiment_negative,top10,ordering_vs_random,xgb_metadata_text_audience,random,2556,0.045141220573651455,0.03863373779123813,0.051329962305635926
primary,sentiment_negative,top10,ordering_vs_random,xgb_metadata_text_editor,random,2556,0.04305914173676837,0.036559842149126456,0.04913271841653255
primary,sentiment_negative,top10,ordering_vs_random,neural_metadata_audience,random,2556,0.08129762767644079,0.07548670786663202,0.08726956577973799
primary,sentiment_negative,top10,ordering_vs_random,neural_metadata_editor,random,2556,-0.04147035230511576,-0.04728404445254323,-0.03549407256891999
primary,sentiment_negative,top10,ordering_vs_random,neural_metadata_text_audience,random,2556,0.06229518261219359,0.05616141174606109,0.06857699774511848
primary,sentiment_negative,top10,ordering_vs_random,neural_metadata_text_editor,random,2556,0.009835373894830635,0.0034091968769869568,0.016448007894182763
primary,sentiment_negative,top10,reply_vs_loose,trees,loose,2556,-0.0340285304369937,-0.03762811705807392,-0.03038397087867335
primary,sentiment_negative,top10,reply_vs_loose,hidden,loose,2556,0.004248334226886155,0.0031963145715716815,0.005292631164340342
primary,sentiment_negative,top10,pinned_vs_unpinned,pinned,unpinned,2556,-0.011532764842602867,-0.019841641243076902,-0.0031853410947002897
primary,sentiment_positive,full,ordering_vs_random,relative_votes,random,2556,0.013959818795426859,0.010790112923542953,0.017044937015258527
primary,sentiment_positive,full,ordering_vs_random,upvotes,random,2556,-0.005512163769194634,-0.008583983939477484,-0.0025421148137630654
primary,sentiment_positive,full,ordering_vs_random,chronological,random,2556,0.00821667028475465,0.0051258037523151554,0.011084796174229713
primary,sentiment_positive,full,ordering_vs_random,reverse_chronological,random,2556,-0.008813458002600114,-0.011635842437237115,-0.005827481647097297
primary,sentiment_positive,full,ordering_vs_random,regression_audience,random,2556,-0.0013246055016856615,-0.004308498240214265,0.0015874351482124379
primary,sentiment_positive,full,ordering_vs_random,regression_editor,random,2556,0.018456449666555703,0.015479179432550458,0.021504542918749103
primary,sentiment_positive,full,ordering_vs_random,xgb_metadata_audience,random,2556,0.007201979321176892,0.004172636898255789,0.010394999874414574
primary,sentiment_positive,full,ordering_vs_random,xgb_metadata_editor,random,2556,0.008731396572739436,0.00569712505729393,0.011997616522351888
primary,sentiment_positive,full,ordering_vs_random,xgb_metadata_text_audience,random,2556,0.0072942599331405076,0.0042176692780183924,0.010438656716434624
primary,sentiment_positive,full,ordering_vs_random,xgb_metadata_text_editor,random,2556,0.0075245992111431575,0.004404203913601473,0.010667231946297297
primary,sentiment_positive,full,ordering_vs_random,neural_metadata_audience,random,2556,-0.024967951005193934,-0.027816977803818272,-0.022163369665763127
primary,sentiment_positive,full,ordering_vs_random,neural_metadata_editor,random,2556,0.00733815835484857,0.004310967603502597,0.010295432840905838
primary,sentiment_positive,full,ordering_vs_random,neural_metadata_text_audience,random,2556,-0.02338615018862013,-0.026480124525691713,-0.02042988164207025
primary,sentiment_positive,full,ordering_vs_random,neural_metadata_text_editor,random,2556,-0.020761416307498913,-0.024025283522446664,-0.017575064929545404
primary,sentiment_positive,full,reply_vs_loose,trees,loose,2556,0.015398079452201072,0.011063820594939043,0.019716143480322128
primary,sentiment_positive,full,reply_vs_loose,hidden,loose,2556,-0.0034803230481715085,-0.005486141422181744,-0.0013124963737631687
primary,sentiment_positive,full,pinned_vs_unpinned,pinned,unpinned,2556,-0.002786967688176435,-0.005210584500136506,-0.00037969697840582723
primary,sentiment_positive,top10,ordering_vs_random,relative_votes,random,2556,0.003408814204842627,-0.0034453174426388807,0.010363378712474895
primary,sentiment_positive,top10,ordering_vs_random,upvotes,random,2556,7.77641635866226e-05,-0.006792755993200154,0.0070468962779423865
primary,sentiment_positive,top10,ordering_vs_random,chronological,random,2556,0.03094876899632612,0.022983523863631183,0.03871705189957832
primary,sentiment_positive,top10,ordering_vs_random,reverse_chronological,random,2556,-0.0006869078642320077,-0.0073460757021211465,0.005888378303950488
primary,sentiment_positive,top10,ordering_vs_random,regression_audience,random,2556,0.009915684969345724,0.002225401323299251,0.017746399278253534
primary,sentiment_positive,top10,ordering_vs_random,regression_editor,random,2556,0.05295203938942829,0.045386729178918915,0.06083858528602016
primary,sentiment_positive,top10,ordering_vs_random,xgb_metadata_audience,random,2556,0.03542418014678386,0.02736526921679985,0.043996272952585104
primary,sentiment_positive,top10,ordering_vs_random,xgb_metadata_editor,random,2556,0.042087161683811956,0.033932190686581674,0.050462786490446956
primary,sentiment_positive,top10,ordering_vs_random,xgb_metadata_text_audience,random,2556,0.02604580032861331,0.018453412096896535,0.0343521829883423
primary,sentiment_positive,top10,ordering_vs_random,xgb_metadata_text_editor,random,2556,0.027197092745198853,0.01944228372329132,0.035494089357440826
primary,sentiment_positive,top10,ordering_vs_random,neural_metadata_audience,random,2556,-0.017684698887624837,-0.024840418521190902,-0.009962027007349883
primary,sentiment_positive,top10,ordering_vs_random,neural_metadata_editor,random,2556,0.09217528153615344,0.08460087926960919,0.10006353783777314
primary,sentiment_positive,top10,ordering_vs_random,neural_metadata_text_audience,random,2556,0.00790008029253353,0.0004091278326070775,0.015521335271942526
primary,sentiment_positive,top10,ordering_vs_random,neural_metadata_text_editor,random,2556,0.02945338350237492,0.021624729004860514,0.03768311159224821
primary,sentiment_positive,top10,reply_vs_loose,trees,loose,2556,-0.004568837213849601,-0.009155073144438726,0.00016842777140087844
primary,sentiment_positive,top10,reply_vs_loose,hidden,loose,2556,0.0007528625764699901,-0.0005274984625380628,0.0020106121641435184
primary,sentiment_positive,top10,pinned_vs_unpinned,pinned,unpinned,2556,0.0036786462735952075,-0.005733071315490411,0.013384746753699397
primary,smog_de,full,ordering_vs_random,relative_votes,random,2556,0.03466759466740313,0.03284810209879303,0.03645827125274972
primary,smog_de,full,ordering_vs_random,upvotes,random,2556,0.04270930437421272,0.041034411273966204,0.04446425154825254
primary,smog_de,full,ordering_vs_random,chronological,random,2556,-0.01681762711241468,-0.01898464016959099,-0.014801924752398037
primary,smog_de,full,ordering_vs_random,reverse_chronological,random,2556,0.01617484931747818,0.014134398839261361,0.018246793869638754
primary,smog_de,full,ordering_vs_random,regression_audience,random,2556,0.08360722036696958,0.0817855822721459,0.08545251400211112
primary,smog_de,full,ordering_vs_random,regression_editor,random,2556,0.1162709785550747,0.11445304900768491,0.11815681254879487
primary,smog_de,full,ordering_vs_random,xgb_metadata_audience,random,2556,0.0922668468320385,0.09048208701359495,0.09412746567369273
primary,smog_de,full,ordering_vs_random,xgb_metadata_editor,random,2556,0.10296527663678674,0.10119105722832403,0.10480122314802437
primary,smog_de,full,ordering_vs_random,xgb_metadata_text_audience,random,2556,0.09790556096796489,0.09607539001707988,0.09975360334400739
primary,smog_de,full,ordering_vs_random,xgb_metadata_text_editor,random,2556,0.10175186531869611,0.09993089561102834,0.10358274668747454
primary,smog_de,full,ordering_vs_random,neural_metadata_audience,random,2556,0.09009321238669744,0.08829502024730736,0.09187525386224343
primary,smog_de,full,ordering_vs_random,neural_metadata_editor,random,2556,0.12264642707463472,0.12091520344835226,0.1244327620790508
primary,smog_de,full,ordering_vs_random,neural_metadata_text_audience,random,2556,0.08581409051073244,0.08385217284229936,0.08779614134994955
primary,smog_de,full,ordering_vs_random,neural_metadata_text_editor,random,2556,0.13069798884154557,0.12882885105653347,0.132639649116776
primary,smog_de,full,reply_vs_loose,trees,loose,2556,-0.09882742007183813,-0.10189268687188555,-0.09571795844805998
primary,smog_de,full,reply_vs_loose,hidden,loose,2556,-0.036757451787678225,-0.03837716702067536,-0.035105967465518986
primary,smog_de,full,pinned_vs_unpinned,pinned,unpinned,2556,-0.009928049363856729,-0.011640700895615317,-0.008317682599433579
primary,smog_de,top10,ordering_vs_random,relative_votes,random,2556,0.04559019658764165,0.04211157925247095,0.04885185380434926
primary,smog_de,top10,ordering_vs_random,upvotes,random,2556,0.04659274857196593,0.04314784036702883,0.04983705703452167
primary,smog_de,top10,ordering_vs_random,chronological,random,2556,-0.033431782742354525,-0.03806643851369857,-0.028936563128446394
primary,smog_de,top10,ordering_vs_random,reverse_chronological,random,2556,0.013237183854830513,0.009299449868984297,0.01717991182229916
primary,smog_de,top10,ordering_vs_random,regression_audience,random,2556,0.101656933324726,0.09813817644511783,0.10503520851030468
primary,smog_de,top10,ordering_vs_random,regression_editor,random,2556,0.11731343694914008,0.11390935548189289,0.12074119845188085
primary,smog_de,top10,ordering_vs_random,xgb_metadata_audience,random,2556,0.10160321294323749,0.09843210065858819,0.10476318719072104
primary,smog_de,top10,ordering_vs_random,xgb_metadata_editor,random,2556,0.10658247133131753,0.10335494460439688,0.10976342670546178
primary,smog_de,top10,ordering_vs_random,xgb_metadata_text_audience,random,2556,0.1011535202770136,0.09783951028580644,0.10441924013647431
primary,smog_de,top10,ordering_vs_random,xgb_metadata_text_editor,random,2556,0.10328739394465206,0.09995013179449917,0.10658378583999205
primary,smog_de,top10,ordering_vs_random,neural_metadata_audience,random,2556,0.08833888046883992,0.08515215548439699,0.09141019906619179
primary,smog_de,top10,ordering_vs_random,neural_metadata_editor,random,2556,0.0903185761081827,0.08731291887829484,0.09328449815996193
primary,smog_de,top10,ordering_vs_random,neural_metadata_text_audience,random,2556,0.09752591594925647,0.09424873530091113,0.10086248566273441
primary,smog_de,top10,ordering_vs_random,neural_metadata_text_editor,random,2556,0.10928748729417183,0.10607939733142713,0.112479972856505
primary,smog_de,top10,reply_vs_loose,trees,loose,2556,-0.05914231744556738,-0.06145907090517162,-0.056935191462312
primary,smog_de,top10,reply_vs_loose,hidden,loose,2556,0.005586892729353399,0.004850246270891059,0.006307358609243837
primary,smog_de,top10,pinned_vs_unpinned,pinned,unpinned,2556,0.01986002286262281,0.01568583848145758,0.02413748090648357
primary,toxicity_probability,full,ordering_vs_random,relative_votes,random,2556,0.018984740023837574,0.014754553498549665,0.023423469393621024
primary,toxicity_probability,full,ordering_vs_random,upvotes,random,2556,0.061888305501004326,0.05794262069818297,0.06620906074957396
primary,toxicity_probability,full,ordering_vs_random,chronological,random,2556,-0.018697583633688793,-0.023064254607473585,-0.014292150414258865
primary,toxicity_probability,full,ordering_vs_random,reverse_chronological,random,2556,0.016696275347388923,0.012356981299548637,0.021052828218786002
primary,toxicity_probability,full,ordering_vs_random,regression_audience,random,2556,0.0336182196098602,0.02946879447586622,0.037796724249129346
primary,toxicity_probability,full,ordering_vs_random,regression_editor,random,2556,-0.00574698022526934,-0.009875301475950463,-0.0017017936796502357
primary,toxicity_probability,full,ordering_vs_random,xgb_metadata_audience,random,2556,0.026091517762226058,0.021845450755025905,0.030498257063385246
primary,toxicity_probability,full,ordering_vs_random,xgb_metadata_editor,random,2556,0.018718486838456668,0.014429655739470805,0.02301219631743088
primary,toxicity_probability,full,ordering_vs_random,xgb_metadata_text_audience,random,2556,0.03617158292151298,0.031911395566556366,0.04037421345837925
primary,toxicity_probability,full,ordering_vs_random,xgb_metadata_text_editor,random,2556,0.036297820350823136,0.032024642620526414,0.040567482303510094
primary,toxicity_probability,full,ordering_vs_random,neural_metadata_audience,random,2556,0.01295715862581426,0.008947103770077037,0.01742756055877312
primary,toxicity_probability,full,ordering_vs_random,neural_metadata_editor,random,2556,-0.02666369554794244,-0.030639744532149907,-0.022326018224469113
primary,toxicity_probability,full,ordering_vs_random,neural_metadata_text_audience,random,2556,0.04866190829873145,0.044362300548421885,0.053048026011462954
primary,toxicity_probability,full,ordering_vs_random,neural_metadata_text_editor,random,2556,0.005778536977018205,0.0015372733949315111,0.010161247873496766
primary,toxicity_probability,full,reply_vs_loose,trees,loose,2556,-0.06882779107281348,-0.07491948772489179,-0.06218161808400584
primary,toxicity_probability,full,reply_vs_loose,hidden,loose,2556,-0.020607127345201755,-0.02430078663245836,-0.017096542533885328
primary,toxicity_probability,full,pinned_vs_unpinned,pinned,unpinned,2556,0.005714690154578934,0.0024574478704225255,0.008994007841599745
primary,toxicity_probability,top10,ordering_vs_random,relative_votes,random,2556,0.05534804502731722,0.04676409205072454,0.06474729583825099
primary,toxicity_probability,top10,ordering_vs_random,upvotes,random,2556,0.06444417982118485,0.056002453896117105,0.07353421964381374
primary,toxicity_probability,top10,ordering_vs_random,chronological,random,2556,-0.03168057065553826,-0.041626371463489936,-0.022108525463160274
primary,toxicity_probability,top10,ordering_vs_random,reverse_chronological,random,2556,0.01790293345526457,0.009154650042161663,0.02680618066188634
primary,toxicity_probability,top10,ordering_vs_random,regression_audience,random,2556,0.06995585575674679,0.06005283703765261,0.08029076469586789
primary,toxicity_probability,top10,ordering_vs_random,regression_editor,random,2556,-0.03915068239151221,-0.04821752913508634,-0.030291793215777886
primary,toxicity_probability,top10,ordering_vs_random,xgb_metadata_audience,random,2556,0.042364075236493444,0.03290783460674152,0.052130605623959
primary,toxicity_probability,top10,ordering_vs_random,xgb_metadata_editor,random,2556,0.025000407805669766,0.01589735344949581,0.034657095505793045
primary,toxicity_probability,top10,ordering_vs_random,xgb_metadata_text_audience,random,2556,0.057754528801415524,0.04842857882554725,0.0675862193918807
primary,toxicity_probability,top10,ordering_vs_random,xgb_metadata_text_editor,random,2556,0.05286411667642416,0.043506716896608226,0.06290730988583111
primary,toxicity_probability,top10,ordering_vs_random,neural_metadata_audience,random,2556,0.04418781582760773,0.035107951154416714,0.053766551479520676
primary,toxicity_probability,top10,ordering_vs_random,neural_metadata_editor,random,2556,-0.08592501983494177,-0.09438726814782017,-0.07784429655081329
primary,toxicity_probability,top10,ordering_vs_random,neural_metadata_text_audience,random,2556,0.10867026931393504,0.09819480106049464,0.1185725148775672
primary,toxicity_probability,top10,ordering_vs_random,neural_metadata_text_editor,random,2556,-0.02065147485255842,-0.029983172854290724,-0.011993108757365221
primary,toxicity_probability,top10,reply_vs_loose,trees,loose,2556,-0.061259829662468866,-0.06689227653589738,-0.05514850295102846
primary,toxicity_probability,top10,reply_vs_loose,hidden,loose,2556,0.006706522014817034,0.004977995343192848,0.00838872211367932
primary,toxicity_probability,top10,pinned_vs_unpinned,pinned,unpinned,2556,-0.013146110464623578,-0.02506788376519068,-0.0013383783821548513
primary,url_present,full,ordering_vs_random,relative_votes,random,2556,-0.0681585710842744,-0.07428208913255173,-0.06164907341582039
primary,url_present,full,ordering_vs_random,upvotes,random,2556,-0.10524235520423911,-0.1115969570769951,-0.09871956167345838
primary,url_present,full,ordering_vs_random,chronological,random,2556,-0.04288673571062563,-0.05071936247706858,-0.035472908698716527
primary,url_present,full,ordering_vs_random,reverse_chronological,random,2556,0.041654800216962516,0.03421158251332126,0.049242779662620036
primary,url_present,full,ordering_vs_random,regression_audience,random,2556,-0.09799333249989343,-0.10439873552030458,-0.09198783579145259
primary,url_present,full,ordering_vs_random,regression_editor,random,2556,0.04046004853601698,0.03391530057154909,0.04693490667282043
primary,url_present,full,ordering_vs_random,xgb_metadata_audience,random,2556,-0.013494716138835497,-0.019513133906436896,-0.007464435191144336
primary,url_present,full,ordering_vs_random,xgb_metadata_editor,random,2556,0.015415027825768425,0.009277346386184587,0.021487124628901774
primary,url_present,full,ordering_vs_random,xgb_metadata_text_audience,random,2556,-0.00740771795102565,-0.013691676114697387,-0.0013484153461555525
primary,url_present,full,ordering_vs_random,xgb_metadata_text_editor,random,2556,-0.0032438736045493598,-0.009566613744176474,0.0027695657721151764
primary,url_present,full,ordering_vs_random,neural_metadata_audience,random,2556,-0.021558248067260654,-0.028087616254317042,-0.015231797614606002
primary,url_present,full,ordering_vs_random,neural_metadata_editor,random,2556,0.14194700251184547,0.13580393502379765,0.14798255448689726
primary,url_present,full,ordering_vs_random,neural_metadata_text_audience,random,2556,-0.03390072728993695,-0.04008486366533905,-0.027588553794714
primary,url_present,full,ordering_vs_random,neural_metadata_text_editor,random,2556,0.08069539421565454,0.07447960605958194,0.08708051953740875
primary,url_present,full,reply_vs_loose,trees,loose,2556,-0.08720952031501122,-0.09724702067670456,-0.07708443825975711
primary,url_present,full,reply_vs_loose,hidden,loose,2556,-0.08214586503298558,-0.08885748279207158,-0.07541055180746077
primary,url_present,full,pinned_vs_unpinned,pinned,unpinned,2556,0.003565837151403345,-0.002301384979562876,0.009452518447138875
primary,url_present,top10,ordering_vs_random,relative_votes,random,2556,-0.051566005196206584,-0.058114346693470036,-0.045564347818994516
primary,url_present,top10,ordering_vs_random,upvotes,random,2556,-0.05206212171646719,-0.05851924863681299,-0.046035315791252196
primary,url_present,top10,ordering_vs_random,chronological,random,2556,-0.025362348362390714,-0.033002364702094875,-0.016960043273044557
primary,url_present,top10,ordering_vs_random,reverse_chronological,random,2556,0.0328121261760194,0.023789979549396607,0.041741898294321685
primary,url_present,top10,ordering_vs_random,regression_audience,random,2556,-0.07563175690068213,-0.08092001519702764,-0.06985956608336642
primary,url_present,top10,ordering_vs_random,regression_editor,random,2556,0.04823832903924744,0.037978510418311635,0.059097792833127084
primary,url_present,top10,ordering_vs_random,xgb_metadata_audience,random,2556,-0.038190806942583595,-0.04498697805119514,-0.030912227241695345
primary,url_present,top10,ordering_vs_random,xgb_metadata_editor,random,2556,-0.011684905638773009,-0.019650844214974417,-0.003102202548452724
primary,url_present,top10,ordering_vs_random,xgb_metadata_text_audience,random,2556,-0.022332663970545015,-0.029309822138612728,-0.01441183360586893
primary,url_present,top10,ordering_vs_random,xgb_metadata_text_editor,random,2556,-0.012033206466834596,-0.019709549893732387,-0.003258293780522549
primary,url_present,top10,ordering_vs_random,neural_metadata_audience,random,2556,-0.05768184900602125,-0.06376342194454361,-0.05114788002251785
primary,url_present,top10,ordering_vs_random,neural_metadata_editor,random,2556,0.07376407037345183,0.06364636172056551,0.08498817831931492
primary,url_present,top10,ordering_vs_random,neural_metadata_text_audience,random,2556,-0.05812952724931398,-0.06460664679783584,-0.05161027186584931
primary,url_present,top10,ordering_vs_random,neural_metadata_text_editor,random,2556,0.02996737493667815,0.019969008208087505,0.04068258854848633
primary,url_present,top10,reply_vs_loose,trees,loose,2556,-0.0034189462921688303,-0.008916972958121992,0.0017929357295641164
primary,url_present,top10,reply_vs_loose,hidden,loose,2556,0.0012317023152563936,-0.0006455503984653425,0.003006029147446004
primary,url_present,top10,pinned_vs_unpinned,pinned,unpinned,2556,0.05930498746970434,0.04662403945757032,0.0717908934777601
primary,vienna_overnight,full,ordering_vs_random,relative_votes,random,2556,-0.046989434180069796,-0.0536077077441005,-0.040117993424508606
primary,vienna_overnight,full,ordering_vs_random,upvotes,random,2556,-0.05439619729590417,-0.06222886298041442,-0.04655455706039477
primary,vienna_overnight,full,ordering_vs_random,chronological,random,2556,-0.2077573420170456,-0.22027547103363485,-0.19562187146416202
primary,vienna_overnight,full,ordering_vs_random,reverse_chronological,random,2556,0.17269520676578404,0.16012153373418175,0.1854787587079054
primary,vienna_overnight,full,ordering_vs_random,regression_audience,random,2556,-0.1396059550895955,-0.14994202559284403,-0.12944680717589258
primary,vienna_overnight,full,ordering_vs_random,regression_editor,random,2556,-0.1319274326220284,-0.1414460807552887,-0.12259588269139604
primary,vienna_overnight,full,ordering_vs_random,xgb_metadata_audience,random,2556,-0.11758422522019546,-0.12728280182076215,-0.10784801705578483
primary,vienna_overnight,full,ordering_vs_random,xgb_metadata_editor,random,2556,-0.11035604308125206,-0.11988995395339144,-0.10104705548610414
primary,vienna_overnight,full,ordering_vs_random,xgb_metadata_text_audience,random,2556,-0.11935958481403103,-0.12885207540494803,-0.10960056277822551
primary,vienna_overnight,full,ordering_vs_random,xgb_metadata_text_editor,random,2556,-0.1152219224735763,-0.12458692323818915,-0.10562806279513524
primary,vienna_overnight,full,ordering_vs_random,neural_metadata_audience,random,2556,-0.16697142908867305,-0.1777765110792036,-0.1562207419029241
primary,vienna_overnight,full,ordering_vs_random,neural_metadata_editor,random,2556,-0.13922897262258768,-0.14910567659975063,-0.1291764262073536
primary,vienna_overnight,full,ordering_vs_random,neural_metadata_text_audience,random,2556,-0.16650535108704842,-0.1764537048497055,-0.1565205763015072
primary,vienna_overnight,full,ordering_vs_random,neural_metadata_text_editor,random,2556,-0.141909937449943,-0.15085543921627598,-0.13286302968822214
primary,vienna_overnight,full,reply_vs_loose,trees,loose,2556,0.023736613032106217,0.012881614618891679,0.03495157161684657
primary,vienna_overnight,full,reply_vs_loose,hidden,loose,2556,0.03847122116368955,0.032417109347465584,0.044617891517997006
primary,vienna_overnight,full,pinned_vs_unpinned,pinned,unpinned,2556,-0.02230736150827352,-0.02800318070074606,-0.016924181459092195
primary,vienna_overnight,top10,ordering_vs_random,relative_votes,random,2556,0.007194265052692339,-0.0021235514352772222,0.016162568718781016
primary,vienna_overnight,top10,ordering_vs_random,upvotes,random,2556,0.006485494503352962,-0.0026150147548810432,0.01541146978865196
primary,vienna_overnight,top10,ordering_vs_random,chronological,random,2556,0.06287210063253741,0.0470080429781536,0.07934732000252268
primary,vienna_overnight,top10,ordering_vs_random,reverse_chronological,random,2556,0.08843500149491708,0.07698363213976447,0.10015266651076907
primary,vienna_overnight,top10,ordering_vs_random,regression_audience,random,2556,0.043340278122616274,0.029509902433041645,0.057808903797840504
primary,vienna_overnight,top10,ordering_vs_random,regression_editor,random,2556,0.01834974484055758,0.005829436388179172,0.030808786736102867
primary,vienna_overnight,top10,ordering_vs_random,xgb_metadata_audience,random,2556,0.019978323240991646,0.007637323870703082,0.03240096178692834
primary,vienna_overnight,top10,ordering_vs_random,xgb_metadata_editor,random,2556,0.01242962491686357,0.0008630749168195333,0.023946142645757684
primary,vienna_overnight,top10,ordering_vs_random,xgb_metadata_text_audience,random,2556,0.019548135732505422,0.007210365439635753,0.03187588206860183
primary,vienna_overnight,top10,ordering_vs_random,xgb_metadata_text_editor,random,2556,0.016836756507558736,0.005056515920787712,0.028604526224832654
primary,vienna_overnight,top10,ordering_vs_random,neural_metadata_audience,random,2556,0.03352032907236242,0.01970034402067649,0.04708815834194583
primary,vienna_overnight,top10,ordering_vs_random,neural_metadata_editor,random,2556,0.02177658810882883,0.009263547071624273,0.03477617789841421
primary,vienna_overnight,top10,ordering_vs_random,neural_metadata_text_audience,random,2556,-0.0016826064932354162,-0.012890587599051586,0.00974971614746355
primary,vienna_overnight,top10,ordering_vs_random,neural_metadata_text_editor,random,2556,-0.02122425450388989,-0.03083349083134331,-0.011306352263514424
primary,vienna_overnight,top10,reply_vs_loose,trees,loose,2556,0.016575075580402953,0.010968955208428855,0.022119968853524973
primary,vienna_overnight,top10,reply_vs_loose,hidden,loose,2556,0.0011944448973000958,-0.0003163226349659557,0.002509940129120803
primary,vienna_overnight,top10,pinned_vs_unpinned,pinned,unpinned,2556,-0.07185421038451702,-0.08057860435293715,-0.06240563289562323
primary,vienna_weekday_shoulder_evening,full,ordering_vs_random,relative_votes,random,2556,-0.038682934973842155,-0.0450025698108462,-0.03253476227196898
primary,vienna_weekday_shoulder_evening,full,ordering_vs_random,upvotes,random,2556,-0.042800227940657375,-0.05064435477072864,-0.03538587941369586
primary,vienna_weekday_shoulder_evening,full,ordering_vs_random,chronological,random,2556,-0.0997927310510296,-0.11427402236029674,-0.08541147688081523
primary,vienna_weekday_shoulder_evening,full,ordering_vs_random,reverse_chronological,random,2556,0.07375299742069116,0.059887895428627415,0.08780470846246122
primary,vienna_weekday_shoulder_evening,full,ordering_vs_random,regression_audience,random,2556,-0.06739927678274053,-0.07904773808650194,-0.05578077497175936
primary,vienna_weekday_shoulder_evening,full,ordering_vs_random,regression_editor,random,2556,-0.06720766377976348,-0.07754851516161394,-0.05689334519263837
primary,vienna_weekday_shoulder_evening,full,ordering_vs_random,xgb_metadata_audience,random,2556,-0.06763427784714808,-0.0783554103501502,-0.057127359410717615
primary,vienna_weekday_shoulder_evening,full,ordering_vs_random,xgb_metadata_editor,random,2556,-0.06593474439547665,-0.07622006348282334,-0.05604189111977422
primary,vienna_weekday_shoulder_evening,full,ordering_vs_random,xgb_metadata_text_audience,random,2556,-0.06727096923071256,-0.07791080522574624,-0.05683687193194803
primary,vienna_weekday_shoulder_evening,full,ordering_vs_random,xgb_metadata_text_editor,random,2556,-0.0666063520275529,-0.07700504862051988,-0.05635827683332655
primary,vienna_weekday_shoulder_evening,full,ordering_vs_random,neural_metadata_audience,random,2556,-0.07830502614715203,-0.09059990239110921,-0.06621085738778006
primary,vienna_weekday_shoulder_evening,full,ordering_vs_random,neural_metadata_editor,random,2556,-0.07530420425364034,-0.08620929607140246,-0.06439948223987435
primary,vienna_weekday_shoulder_evening,full,ordering_vs_random,neural_metadata_text_audience,random,2556,-0.07684137302218645,-0.08869562353621378,-0.06539991163853208
primary,vienna_weekday_shoulder_evening,full,ordering_vs_random,neural_metadata_text_editor,random,2556,-0.07251853968567044,-0.08270385468748355,-0.06280775083032215
primary,vienna_weekday_shoulder_evening,full,reply_vs_loose,trees,loose,2556,0.039278169265004804,0.03147453550696631,0.04700823491527167
primary,vienna_weekday_shoulder_evening,full,reply_vs_loose,hidden,loose,2556,0.020507495319204476,0.014168817940164162,0.026475354113589176
primary,vienna_weekday_shoulder_evening,full,pinned_vs_unpinned,pinned,unpinned,2556,-0.011486993859537328,-0.014912653174307922,-0.007849375191385446
primary,vienna_weekday_shoulder_evening,top10,ordering_vs_random,relative_votes,random,2556,-0.013381989153906832,-0.023651025639795847,-0.002342203403732739
primary,vienna_weekday_shoulder_evening,top10,ordering_vs_random,upvotes,random,2556,-0.013270227567428534,-0.023637022307938564,-0.002130761771516581
primary,vienna_weekday_shoulder_evening,top10,ordering_vs_random,chronological,random,2556,-0.1332915334630315,-0.14918672139026093,-0.11791072643057621
primary,vienna_weekday_shoulder_evening,top10,ordering_vs_random,reverse_chronological,random,2556,0.06399011718686186,0.04500247735083949,0.0816999879471952
primary,vienna_weekday_shoulder_evening,top10,ordering_vs_random,regression_audience,random,2556,-0.08726091127654717,-0.10168339128427761,-0.07298449395733334
primary,vienna_weekday_shoulder_evening,top10,ordering_vs_random,regression_editor,random,2556,-0.05806455429147267,-0.07155317362907086,-0.04424649064404408
primary,vienna_weekday_shoulder_evening,top10,ordering_vs_random,xgb_metadata_audience,random,2556,-0.06770149764378003,-0.0812775346007237,-0.054023074553039716
primary,vienna_weekday_shoulder_evening,top10,ordering_vs_random,xgb_metadata_editor,random,2556,-0.06046056950621426,-0.07371773973997162,-0.046990932042141526
primary,vienna_weekday_shoulder_evening,top10,ordering_vs_random,xgb_metadata_text_audience,random,2556,-0.06993401894350554,-0.0836536790478019,-0.055789291992570426
primary,vienna_weekday_shoulder_evening,top10,ordering_vs_random,xgb_metadata_text_editor,random,2556,-0.06781269869381601,-0.08137986190827075,-0.05368546849328033
primary,vienna_weekday_shoulder_evening,top10,ordering_vs_random,neural_metadata_audience,random,2556,-0.07597707303092499,-0.0898671899150096,-0.06207084146937376
primary,vienna_weekday_shoulder_evening,top10,ordering_vs_random,neural_metadata_editor,random,2556,-0.07103032890088995,-0.08455743599527672,-0.05754174144911574
primary,vienna_weekday_shoulder_evening,top10,ordering_vs_random,neural_metadata_text_audience,random,2556,-0.03918081214021846,-0.05200236010861938,-0.02620656370022448
primary,vienna_weekday_shoulder_evening,top10,ordering_vs_random,neural_metadata_text_editor,random,2556,-0.02808003053171994,-0.04074154659363517,-0.01532785711714713
primary,vienna_weekday_shoulder_evening,top10,reply_vs_loose,trees,loose,2556,0.027397270152986104,0.019757003162245594,0.035160878328270494
primary,vienna_weekday_shoulder_evening,top10,reply_vs_loose,hidden,loose,2556,0.00011195342636681199,-0.0017805040221716324,0.0018529781746183136
primary,vienna_weekday_shoulder_evening,top10,pinned_vs_unpinned,pinned,unpinned,2556,0.026887447040715374,0.012752962845241692,0.040752271728181876
primary,vienna_weekend_day_evening,full,ordering_vs_random,relative_votes,random,2556,-0.08403506911886177,-0.09207062889439516,-0.07638753018619665
primary,vienna_weekend_day_evening,full,ordering_vs_random,upvotes,random,2556,-0.10628541801963563,-0.1160771821891148,-0.09712486922509364
primary,vienna_weekend_day_evening,full,ordering_vs_random,chronological,random,2556,-0.17469181553882698,-0.19084991158771242,-0.15918769534711932
primary,vienna_weekend_day_evening,full,ordering_vs_random,reverse_chronological,random,2556,0.168646894185903,0.15399447437874061,0.1843310563439043
primary,vienna_weekend_day_evening,full,ordering_vs_random,regression_audience,random,2556,-0.12816053128440813,-0.14143550949533515,-0.11546959423940141
primary,vienna_weekend_day_evening,full,ordering_vs_random,regression_editor,random,2556,-0.12687021625982642,-0.1392211430328171,-0.11486670124556883
primary,vienna_weekend_day_evening,full,ordering_vs_random,xgb_metadata_audience,random,2556,-0.11546442220791459,-0.12716262728736105,-0.1042642250021267
primary,vienna_weekend_day_evening,full,ordering_vs_random,xgb_metadata_editor,random,2556,-0.1130824775865904,-0.12443169771356838,-0.10232807507701434
primary,vienna_weekend_day_evening,full,ordering_vs_random,xgb_metadata_text_audience,random,2556,-0.1097720175332551,-0.12094141918961886,-0.09918480688174394
primary,vienna_weekend_day_evening,full,ordering_vs_random,xgb_metadata_text_editor,random,2556,-0.10889704353715235,-0.12000362371172552,-0.09850872301517578
primary,vienna_weekend_day_evening,full,ordering_vs_random,neural_metadata_audience,random,2556,-0.1469856368930313,-0.16064338448435983,-0.13409697011614402
primary,vienna_weekend_day_evening,full,ordering_vs_random,neural_metadata_editor,random,2556,-0.13660093909276394,-0.14880229296447323,-0.124596124335977
primary,vienna_weekend_day_evening,full,ordering_vs_random,neural_metadata_text_audience,random,2556,-0.13566620314588315,-0.1485825233592827,-0.12386009118070421
primary,vienna_weekend_day_evening,full,ordering_vs_random,neural_metadata_text_editor,random,2556,-0.12421520036505584,-0.1356725971098356,-0.1129809687762602
primary,vienna_weekend_day_evening,full,reply_vs_loose,trees,loose,2556,0.05643490404781223,0.044629560826118554,0.06948447826756933
primary,vienna_weekend_day_evening,full,reply_vs_loose,hidden,loose,2556,0.055568240198766695,0.04840219344959779,0.06302385632833331
primary,vienna_weekend_day_evening,full,pinned_vs_unpinned,pinned,unpinned,2556,-0.006647086320424394,-0.012538266014987056,-0.0007086803237694326
primary,vienna_weekend_day_evening,top10,ordering_vs_random,relative_votes,random,2556,-0.011501262245941913,-0.01830824474036199,-0.0046231842296056
primary,vienna_weekend_day_evening,top10,ordering_vs_random,upvotes,random,2556,-0.011643288665539176,-0.018396052366525213,-0.0046927917537837914
primary,vienna_weekend_day_evening,top10,ordering_vs_random,chronological,random,2556,-0.017276601622397157,-0.025760864472869113,-0.00827915543668182
primary,vienna_weekend_day_evening,top10,ordering_vs_random,reverse_chronological,random,2556,0.15449203852335153,0.12697344696766574,0.18111900135346634
primary,vienna_weekend_day_evening,top10,ordering_vs_random,regression_audience,random,2556,-0.01562361150548438,-0.023706907187810405,-0.006526678034656939
primary,vienna_weekend_day_evening,top10,ordering_vs_random,regression_editor,random,2556,-0.016257100641471088,-0.024262268025061477,-0.0074639146802951695
primary,vienna_weekend_day_evening,top10,ordering_vs_random,xgb_metadata_audience,random,2556,-0.016740934410539608,-0.024994655124672607,-0.007957681744403781
primary,vienna_weekend_day_evening,top10,ordering_vs_random,xgb_metadata_editor,random,2556,-0.016441686328616166,-0.024501861940269935,-0.007674767992758714
primary,vienna_weekend_day_evening,top10,ordering_vs_random,xgb_metadata_text_audience,random,2556,-0.01628075829814054,-0.024472875777838635,-0.007430218850643475
primary,vienna_weekend_day_evening,top10,ordering_vs_random,xgb_metadata_text_editor,random,2556,-0.016011276178015864,-0.024014298079097232,-0.007113902619567365
primary,vienna_weekend_day_evening,top10,ordering_vs_random,neural_metadata_audience,random,2556,-0.016524492618680296,-0.024749003707922178,-0.007505664845034855
primary,vienna_weekend_day_evening,top10,ordering_vs_random,neural_metadata_editor,random,2556,-0.016918963341873892,-0.025122052347658085,-0.008322981291716169
primary,vienna_weekend_day_evening,top10,ordering_vs_random,neural_metadata_text_audience,random,2556,-0.016898415550952138,-0.025099785417041418,-0.00841403912960489
primary,vienna_weekend_day_evening,top10,ordering_vs_random,neural_metadata_text_editor,random,2556,-0.015462771329048575,-0.023449994262464448,-0.007087517479413708
primary,vienna_weekend_day_evening,top10,reply_vs_loose,trees,loose,2556,-0.00037695005493895456,-0.006477869393169018,0.005335400816543791
primary,vienna_weekend_day_evening,top10,reply_vs_loose,hidden,loose,2556,-0.007745452635173594,-0.009454834639212343,-0.00586228848650585
primary,vienna_weekend_day_evening,top10,pinned_vs_unpinned,pinned,unpinned,2556,-0.007032856576676451,-0.012693218457127902,-0.0008434855095178196
large_threads,aqua_additional_knowledge_expected,full,ordering_vs_random,relative_votes,random,2277,0.033362314528120746,0.031355694864396,0.03528496087073966
large_threads,aqua_additional_knowledge_expected,full,ordering_vs_random,upvotes,random,2277,0.03165317238392279,0.029764226608667486,0.03358378282220353
large_threads,aqua_additional_knowledge_expected,full,ordering_vs_random,chronological,random,2277,-0.032580614659915845,-0.034597190340970654,-0.030482030071126542
large_threads,aqua_additional_knowledge_expected,full,ordering_vs_random,reverse_chronological,random,2277,0.031034215844806284,0.028939602422564756,0.033035805214060875
large_threads,aqua_additional_knowledge_expected,full,ordering_vs_random,regression_audience,random,2277,0.07760819306446891,0.07545944793168213,0.07966577844874172
large_threads,aqua_additional_knowledge_expected,full,ordering_vs_random,regression_editor,random,2277,0.1279798057781542,0.12575939307481993,0.13008465750648604
large_threads,aqua_additional_knowledge_expected,full,ordering_vs_random,xgb_metadata_audience,random,2277,0.10585632616087848,0.10358687759530921,0.10809121118991621
large_threads,aqua_additional_knowledge_expected,full,ordering_vs_random,xgb_metadata_editor,random,2277,0.12223289234006346,0.12000789049873478,0.12445309364730187
large_threads,aqua_additional_knowledge_expected,full,ordering_vs_random,xgb_metadata_text_audience,random,2277,0.11571709291255222,0.11350750243000801,0.11789212672020524
large_threads,aqua_additional_knowledge_expected,full,ordering_vs_random,xgb_metadata_text_editor,random,2277,0.1211301112450584,0.11889633979974262,0.12330498695733609
large_threads,aqua_additional_knowledge_expected,full,ordering_vs_random,neural_metadata_audience,random,2277,0.09267079475932351,0.09058473197167508,0.09476773298251773
large_threads,aqua_additional_knowledge_expected,full,ordering_vs_random,neural_metadata_editor,random,2277,0.14281566818206576,0.14077159138483727,0.14479348964768576
large_threads,aqua_additional_knowledge_expected,full,ordering_vs_random,neural_metadata_text_audience,random,2277,0.08111041740980275,0.07891399391682274,0.0832737202429498
large_threads,aqua_additional_knowledge_expected,full,ordering_vs_random,neural_metadata_text_editor,random,2277,0.14833275160882559,0.14629321132081388,0.15036502864958123
large_threads,aqua_additional_knowledge_expected,full,reply_vs_loose,trees,loose,2277,-0.10416617369280329,-0.10756957200876881,-0.10093292343466213
large_threads,aqua_additional_knowledge_expected,full,reply_vs_loose,hidden,loose,2277,-0.03647893987593091,-0.03822913063126321,-0.03481925285499675
large_threads,aqua_additional_knowledge_expected,full,pinned_vs_unpinned,pinned,unpinned,2277,-0.01476053182012775,-0.016612021159946862,-0.012897832544853364
large_threads,aqua_additional_knowledge_expected,top10,ordering_vs_random,relative_votes,random,2277,0.060774173056954865,0.05596449356736428,0.06563656097417464
large_threads,aqua_additional_knowledge_expected,top10,ordering_vs_random,upvotes,random,2277,0.06052458578709576,0.055893007787057136,0.06530230056003779
large_threads,aqua_additional_knowledge_expected,top10,ordering_vs_random,chronological,random,2277,-0.07361182621485408,-0.08014312189948708,-0.06722846767378467
large_threads,aqua_additional_knowledge_expected,top10,ordering_vs_random,reverse_chronological,random,2277,0.036589142875525275,0.03110000780729865,0.042124909453037956
large_threads,aqua_additional_knowledge_expected,top10,ordering_vs_random,regression_audience,random,2277,0.13851044767744294,0.13401838086043408,0.14321533910988987
large_threads,aqua_additional_knowledge_expected,top10,ordering_vs_random,regression_editor,random,2277,0.19019902828156823,0.18562785437955587,0.19462541630793298
large_threads,aqua_additional_knowledge_expected,top10,ordering_vs_random,xgb_metadata_audience,random,2277,0.1701598038296186,0.16569734528719274,0.17452397104481007
large_threads,aqua_additional_knowledge_expected,top10,ordering_vs_random,xgb_metadata_editor,random,2277,0.18566295494869028,0.1811097040768809,0.18984128446133935
large_threads,aqua_additional_knowledge_expected,top10,ordering_vs_random,xgb_metadata_text_audience,random,2277,0.1683556368766933,0.16392211039995286,0.17282768326397227
large_threads,aqua_additional_knowledge_expected,top10,ordering_vs_random,xgb_metadata_text_editor,random,2277,0.17440814569116286,0.17001646909160226,0.17888761219970944
large_threads,aqua_additional_knowledge_expected,top10,ordering_vs_random,neural_metadata_audience,random,2277,0.15795995623829887,0.15335188044075154,0.1626009688117707
large_threads,aqua_additional_knowledge_expected,top10,ordering_vs_random,neural_metadata_editor,random,2277,0.17827808502118175,0.17364644677505875,0.183035795213151
large_threads,aqua_additional_knowledge_expected,top10,ordering_vs_random,neural_metadata_text_audience,random,2277,0.1605713090847727,0.15583604838534484,0.16520195136344903
large_threads,aqua_additional_knowledge_expected,top10,ordering_vs_random,neural_metadata_text_editor,random,2277,0.1970594116743085,0.19267453093900672,0.20142778058244779
large_threads,aqua_additional_knowledge_expected,top10,reply_vs_loose,trees,loose,2277,-0.09498834902646068,-0.09797317282203544,-0.09190254906311396
large_threads,aqua_additional_knowledge_expected,top10,reply_vs_loose,hidden,loose,2277,0.008476338771970016,0.007657126929585544,0.009418700698519097
large_threads,aqua_additional_knowledge_expected,top10,pinned_vs_unpinned,pinned,unpinned,2277,0.034804540042060794,0.027689202710073663,0.04173461738892076
large_threads,aqua_discrimination_expected,full,ordering_vs_random,relative_votes,random,2277,0.03253195945039406,0.030607532749465177,0.03431927434170758
large_threads,aqua_discrimination_expected,full,ordering_vs_random,upvotes,random,2277,0.05373138743561131,0.05193291916928769,0.05540951662169271
large_threads,aqua_discrimination_expected,full,ordering_vs_random,chronological,random,2277,-0.02063706618080288,-0.02262788571866147,-0.018784132535888516
large_threads,aqua_discrimination_expected,full,ordering_vs_random,reverse_chronological,random,2277,0.01963130705527375,0.01774279576819162,0.02150896627454241
large_threads,aqua_discrimination_expected,full,ordering_vs_random,regression_audience,random,2277,0.08730967790640838,0.08524465839620331,0.08939673877491688
large_threads,aqua_discrimination_expected,full,ordering_vs_random,regression_editor,random,2277,0.11645643254653622,0.11434033727420415,0.1185643412470306
large_threads,aqua_discrimination_expected,full,ordering_vs_random,xgb_metadata_audience,random,2277,0.09139504096418007,0.08918893316971442,0.09352641529398276
large_threads,aqua_discrimination_expected,full,ordering_vs_random,xgb_metadata_editor,random,2277,0.10068407671236936,0.09848624711005216,0.1028127600213866
large_threads,aqua_discrimination_expected,full,ordering_vs_random,xgb_metadata_text_audience,random,2277,0.10241665273404403,0.10021933194390434,0.10455201202069804
large_threads,aqua_discrimination_expected,full,ordering_vs_random,xgb_metadata_text_editor,random,2277,0.10607448092115672,0.10386532462965516,0.10814853809694627
large_threads,aqua_discrimination_expected,full,ordering_vs_random,neural_metadata_audience,random,2277,0.07793685791545901,0.07585131405284898,0.07999999341242824
large_threads,aqua_discrimination_expected,full,ordering_vs_random,neural_metadata_editor,random,2277,0.07904908849901733,0.07714130929535747,0.08095718564234224
large_threads,aqua_discrimination_expected,full,ordering_vs_random,neural_metadata_text_audience,random,2277,0.07917434258247076,0.0771652488510786,0.08124149661428694
large_threads,aqua_discrimination_expected,full,ordering_vs_random,neural_metadata_text_editor,random,2277,0.111014138538632,0.10903685191713022,0.11297035576088117
large_threads,aqua_discrimination_expected,full,reply_vs_loose,trees,loose,2277,-0.05917942606722177,-0.062269144257506036,-0.05586748584112142
large_threads,aqua_discrimination_expected,full,reply_vs_loose,hidden,loose,2277,-0.026103553320259543,-0.027700935180679814,-0.02456984864026261
large_threads,aqua_discrimination_expected,full,pinned_vs_unpinned,pinned,unpinned,2277,-0.01518592129710052,-0.016848357064946678,-0.013487481749031794
large_threads,aqua_discrimination_expected,top10,ordering_vs_random,relative_votes,random,2277,0.054346408751040576,0.050853837405309736,0.05794427822230583
large_threads,aqua_discrimination_expected,top10,ordering_vs_random,upvotes,random,2277,0.05831487635106308,0.05486916511924779,0.06182117572567565
large_threads,aqua_discrimination_expected,top10,ordering_vs_random,chronological,random,2277,-0.037194555992853574,-0.0414834757447742,-0.03284445629025236
large_threads,aqua_discrimination_expected,top10,ordering_vs_random,reverse_chronological,random,2277,0.008223164789456044,0.0046542031323739946,0.011917502442901117
large_threads,aqua_discrimination_expected,top10,ordering_vs_random,regression_audience,random,2277,0.12025489073057521,0.11679027490560973,0.1240986059360686
large_threads,aqua_discrimination_expected,top10,ordering_vs_random,regression_editor,random,2277,0.12658704363420673,0.12297095504035217,0.13000415039073487
large_threads,aqua_discrimination_expected,top10,ordering_vs_random,xgb_metadata_audience,random,2277,0.13274270945049985,0.12916920287424896,0.13641397613925665
large_threads,aqua_discrimination_expected,top10,ordering_vs_random,xgb_metadata_editor,random,2277,0.13464785837024457,0.1310204274368108,0.13826741946808982
large_threads,aqua_discrimination_expected,top10,ordering_vs_random,xgb_metadata_text_audience,random,2277,0.13805568146167438,0.13439460020840824,0.14175873416157542
large_threads,aqua_discrimination_expected,top10,ordering_vs_random,xgb_metadata_text_editor,random,2277,0.13855544989537066,0.13485694788961053,0.14227776517095345
large_threads,aqua_discrimination_expected,top10,ordering_vs_random,neural_metadata_audience,random,2277,0.11400623632855839,0.11055327880020045,0.11779334338595428
large_threads,aqua_discrimination_expected,top10,ordering_vs_random,neural_metadata_editor,random,2277,0.09599060940883784,0.09234846771964096,0.09969607175482806
large_threads,aqua_discrimination_expected,top10,ordering_vs_random,neural_metadata_text_audience,random,2277,0.13468333614833006,0.13121734502525373,0.13825877370704964
large_threads,aqua_discrimination_expected,top10,ordering_vs_random,neural_metadata_text_editor,random,2277,0.12717697390527785,0.12346147249696063,0.13091731152058228
large_threads,aqua_discrimination_expected,top10,reply_vs_loose,trees,loose,2277,-0.0636211970552131,-0.06608211729418419,-0.06107293594018964
large_threads,aqua_discrimination_expected,top10,reply_vs_loose,hidden,loose,2277,0.003151779049807677,0.0024904401303418497,0.0038175210098429545
large_threads,aqua_discrimination_expected,top10,pinned_vs_unpinned,pinned,unpinned,2277,0.0016718115174034196,-0.0030274026857162128,0.006608355254533202
large_threads,aqua_fact_expected,full,ordering_vs_random,relative_votes,random,2277,0.045377957865840236,0.0434621947916933,0.04730628804198242
large_threads,aqua_fact_expected,full,ordering_vs_random,upvotes,random,2277,0.0547124482167018,0.05292334488228091,0.0565332150728142
large_threads,aqua_fact_expected,full,ordering_vs_random,chronological,random,2277,-0.02624020705643523,-0.028333263727543856,-0.024106517264380928
large_threads,aqua_fact_expected,full,ordering_vs_random,reverse_chronological,random,2277,0.02554772674167479,0.023440839562764923,0.027666420168386212
large_threads,aqua_fact_expected,full,ordering_vs_random,regression_audience,random,2277,0.10777313427493276,0.10562372388301143,0.1099450036334165
large_threads,aqua_fact_expected,full,ordering_vs_random,regression_editor,random,2277,0.15359870753164287,0.15135433708970558,0.15569448581269216
large_threads,aqua_fact_expected,full,ordering_vs_random,xgb_metadata_audience,random,2277,0.12263138258089235,0.12026615794088218,0.12483165211142971
large_threads,aqua_fact_expected,full,ordering_vs_random,xgb_metadata_editor,random,2277,0.1381192338299176,0.1357512726817386,0.14028920955247048
large_threads,aqua_fact_expected,full,ordering_vs_random,xgb_metadata_text_audience,random,2277,0.13133177868749096,0.1290921813370259,0.1334813596774848
large_threads,aqua_fact_expected,full,ordering_vs_random,xgb_metadata_text_editor,random,2277,0.13677000853450028,0.13452496076525822,0.13891814355323515
large_threads,aqua_fact_expected,full,ordering_vs_random,neural_metadata_audience,random,2277,0.11566847119349691,0.11345042550901199,0.11785566912149831
large_threads,aqua_fact_expected,full,ordering_vs_random,neural_metadata_editor,random,2277,0.14661756596534076,0.144514645343217,0.14854417625815128
large_threads,aqua_fact_expected,full,ordering_vs_random,neural_metadata_text_audience,random,2277,0.10406394456568252,0.10183156790843537,0.10631731974338586
large_threads,aqua_fact_expected,full,ordering_vs_random,neural_metadata_text_editor,random,2277,0.16580475694715954,0.16366958745005278,0.16780498440376157
large_threads,aqua_fact_expected,full,reply_vs_loose,trees,loose,2277,-0.1165182918871098,-0.11998890082857143,-0.11299995557382835
large_threads,aqua_fact_expected,full,reply_vs_loose,hidden,loose,2277,-0.036489055274530516,-0.03814032338952145,-0.034857335682430046
large_threads,aqua_fact_expected,full,pinned_vs_unpinned,pinned,unpinned,2277,-0.01419181412597289,-0.015978921567923837,-0.01252514925962186
large_threads,aqua_fact_expected,top10,ordering_vs_random,relative_votes,random,2277,0.07326028065893711,0.06885028316613617,0.0774231703200028
large_threads,aqua_fact_expected,top10,ordering_vs_random,upvotes,random,2277,0.07505923375613238,0.0707717145934489,0.07925711336166226
large_threads,aqua_fact_expected,top10,ordering_vs_random,chronological,random,2277,-0.060816505451813004,-0.0664855389037995,-0.05506022247090408
large_threads,aqua_fact_expected,top10,ordering_vs_random,reverse_chronological,random,2277,0.023365291630802285,0.018380838142385145,0.028391849397561397
large_threads,aqua_fact_expected,top10,ordering_vs_random,regression_audience,random,2277,0.15826699560414387,0.1538770145780394,0.16272637665847778
large_threads,aqua_fact_expected,top10,ordering_vs_random,regression_editor,random,2277,0.1991413623802403,0.19476984359748412,0.20350884487960189
large_threads,aqua_fact_expected,top10,ordering_vs_random,xgb_metadata_audience,random,2277,0.17901044611108155,0.17508360196189138,0.1829839137747632
large_threads,aqua_fact_expected,top10,ordering_vs_random,xgb_metadata_editor,random,2277,0.18915917892983372,0.18514863582823024,0.19322018239746477
large_threads,aqua_fact_expected,top10,ordering_vs_random,xgb_metadata_text_audience,random,2277,0.1795022050055414,0.17544701019838063,0.18358132465618632
large_threads,aqua_fact_expected,top10,ordering_vs_random,xgb_metadata_text_editor,random,2277,0.1828474931087485,0.17886726109133844,0.1869640756588358
large_threads,aqua_fact_expected,top10,ordering_vs_random,neural_metadata_audience,random,2277,0.17017030029704117,0.16587959677364908,0.17455619133087155
large_threads,aqua_fact_expected,top10,ordering_vs_random,neural_metadata_editor,random,2277,0.17692274566728286,0.17253490505925526,0.18133792105909666
large_threads,aqua_fact_expected,top10,ordering_vs_random,neural_metadata_text_audience,random,2277,0.16879574497206562,0.16439127610608287,0.17317750267977458
large_threads,aqua_fact_expected,top10,ordering_vs_random,neural_metadata_text_editor,random,2277,0.1993927648138886,0.1953622190703579,0.20342030822753118
large_threads,aqua_fact_expected,top10,reply_vs_loose,trees,loose,2277,-0.10773233831665133,-0.11092700512798623,-0.10457915749753581
large_threads,aqua_fact_expected,top10,reply_vs_loose,hidden,loose,2277,0.00803855955763384,0.0072358954912859355,0.008780635791462515
large_threads,aqua_fact_expected,top10,pinned_vs_unpinned,pinned,unpinned,2277,0.02983328568258383,0.024016459354122176,0.03566114820551963
large_threads,aqua_insult_expected,full,ordering_vs_random,relative_votes,random,2277,0.029175098080478717,0.027489297029553113,0.03083055940962849
large_threads,aqua_insult_expected,full,ordering_vs_random,upvotes,random,2277,0.04329980447205094,0.04177134906493114,0.04485059738753141
large_threads,aqua_insult_expected,full,ordering_vs_random,chronological,random,2277,-0.014259326980377483,-0.015964794578625034,-0.012499402494587761
large_threads,aqua_insult_expected,full,ordering_vs_random,reverse_chronological,random,2277,0.013841730504149202,0.012030716474824675,0.015552217405703814
large_threads,aqua_insult_expected,full,ordering_vs_random,regression_audience,random,2277,0.05287166628349769,0.05117079379664978,0.05461446670903415
large_threads,aqua_insult_expected,full,ordering_vs_random,regression_editor,random,2277,0.05986812532415892,0.05811442267511488,0.06160427156789054
large_threads,aqua_insult_expected,full,ordering_vs_random,xgb_metadata_audience,random,2277,0.052383098878037916,0.05065826124910501,0.0541864987170079
large_threads,aqua_insult_expected,full,ordering_vs_random,xgb_metadata_editor,random,2277,0.05452466947355828,0.052752061413279754,0.05630524122957846
large_threads,aqua_insult_expected,full,ordering_vs_random,xgb_metadata_text_audience,random,2277,0.0609378781048324,0.05918748968230398,0.0627200610747614
large_threads,aqua_insult_expected,full,ordering_vs_random,xgb_metadata_text_editor,random,2277,0.06225743974351267,0.06050618215464681,0.06401232807943125
large_threads,aqua_insult_expected,full,ordering_vs_random,neural_metadata_audience,random,2277,0.04561079800714682,0.04391164197456265,0.04741724441882488
large_threads,aqua_insult_expected,full,ordering_vs_random,neural_metadata_editor,random,2277,0.03295935769014754,0.031211228414249913,0.03476108536793955
large_threads,aqua_insult_expected,full,ordering_vs_random,neural_metadata_text_audience,random,2277,0.04677310147591046,0.0451428763286056,0.04850402501451639
large_threads,aqua_insult_expected,full,ordering_vs_random,neural_metadata_text_editor,random,2277,0.049825120377053424,0.04810218760454528,0.051563125409947584
large_threads,aqua_insult_expected,full,reply_vs_loose,trees,loose,2277,-0.06769636291197209,-0.07051147447829613,-0.06477300850003856
large_threads,aqua_insult_expected,full,reply_vs_loose,hidden,loose,2277,-0.004173161230029924,-0.005494218645972548,-0.0027710641704068906
large_threads,aqua_insult_expected,full,pinned_vs_unpinned,pinned,unpinned,2277,0.00023489494728041067,-0.0011446965794527325,0.001619572927489986
large_threads,aqua_insult_expected,top10,ordering_vs_random,relative_votes,random,2277,0.03609538806483,0.032713612095517645,0.0392632078134296
large_threads,aqua_insult_expected,top10,ordering_vs_random,upvotes,random,2277,0.03800287348349874,0.03465896885045617,0.041298481667478966
large_threads,aqua_insult_expected,top10,ordering_vs_random,chronological,random,2277,-0.019895567499106086,-0.024053855810618457,-0.015561203529429272
large_threads,aqua_insult_expected,top10,ordering_vs_random,reverse_chronological,random,2277,0.010109281756882901,0.006602331775410343,0.013627313388133354
large_threads,aqua_insult_expected,top10,ordering_vs_random,regression_audience,random,2277,0.05748342410716374,0.05375888153220694,0.06098951648387261
large_threads,aqua_insult_expected,top10,ordering_vs_random,regression_editor,random,2277,0.04023325171297203,0.03668296811068626,0.043695856597095364
large_threads,aqua_insult_expected,top10,ordering_vs_random,xgb_metadata_audience,random,2277,0.06357004740874002,0.060318645880528494,0.06679679967506584
large_threads,aqua_insult_expected,top10,ordering_vs_random,xgb_metadata_editor,random,2277,0.06054989938394105,0.05730351667369175,0.06379771066305058
large_threads,aqua_insult_expected,top10,ordering_vs_random,xgb_metadata_text_audience,random,2277,0.06039171726613958,0.05710740617346741,0.0637161891542185
large_threads,aqua_insult_expected,top10,ordering_vs_random,xgb_metadata_text_editor,random,2277,0.0600799832841173,0.056685526578420554,0.06336804848834286
large_threads,aqua_insult_expected,top10,ordering_vs_random,neural_metadata_audience,random,2277,0.05783552116894132,0.05445055613923961,0.06116228094943265
large_threads,aqua_insult_expected,top10,ordering_vs_random,neural_metadata_editor,random,2277,0.04634055518019606,0.04300477445707101,0.04952602618954167
large_threads,aqua_insult_expected,top10,ordering_vs_random,neural_metadata_text_audience,random,2277,0.07858756889522343,0.07503835216056039,0.08206656507145282
large_threads,aqua_insult_expected,top10,ordering_vs_random,neural_metadata_text_editor,random,2277,0.05574208499483109,0.05233188391254774,0.05903888860025359
large_threads,aqua_insult_expected,top10,reply_vs_loose,trees,loose,2277,-0.041808134400786144,-0.04403365881253905,-0.03934946212809256
large_threads,aqua_insult_expected,top10,reply_vs_loose,hidden,loose,2277,0.004091939783556305,0.0035003219226565703,0.004676154002660688
large_threads,aqua_insult_expected,top10,pinned_vs_unpinned,pinned,unpinned,2277,0.005701710135739611,0.0007570342386039846,0.010494666955350281
large_threads,aqua_justification_expected,full,ordering_vs_random,relative_votes,random,2277,0.049473705343051115,0.0473791875041592,0.051466618896469155
large_threads,aqua_justification_expected,full,ordering_vs_random,upvotes,random,2277,0.06445803000441368,0.062425962966069906,0.06639238252051452
large_threads,aqua_justification_expected,full,ordering_vs_random,chronological,random,2277,-0.0335586690238359,-0.03583419225868409,-0.03125768997989633
large_threads,aqua_justification_expected,full,ordering_vs_random,reverse_chronological,random,2277,0.03239178331090139,0.030040500297324968,0.03462119543890147
large_threads,aqua_justification_expected,full,ordering_vs_random,regression_audience,random,2277,0.13186474286977495,0.12938385271939795,0.1342843416861747
large_threads,aqua_justification_expected,full,ordering_vs_random,regression_editor,random,2277,0.19299872869252543,0.19048553986971584,0.19552152320255567
large_threads,aqua_justification_expected,full,ordering_vs_random,xgb_metadata_audience,random,2277,0.15096267159115212,0.1482893941291425,0.15355966311582453
large_threads,aqua_justification_expected,full,ordering_vs_random,xgb_metadata_editor,random,2277,0.1687159700236423,0.16606827895287726,0.17136032784538727
large_threads,aqua_justification_expected,full,ordering_vs_random,xgb_metadata_text_audience,random,2277,0.16685959437172226,0.16421564484995016,0.16942753363505278
large_threads,aqua_justification_expected,full,ordering_vs_random,xgb_metadata_text_editor,random,2277,0.1734879269065735,0.17083443106637844,0.17607006598236202
large_threads,aqua_justification_expected,full,ordering_vs_random,neural_metadata_audience,random,2277,0.12343301687323259,0.1209927345716151,0.12580798709627905
large_threads,aqua_justification_expected,full,ordering_vs_random,neural_metadata_editor,random,2277,0.15770370568581893,0.15541099772739442,0.16001876629403863
large_threads,aqua_justification_expected,full,ordering_vs_random,neural_metadata_text_audience,random,2277,0.11588756667367002,0.11338357165725405,0.11847361039596492
large_threads,aqua_justification_expected,full,ordering_vs_random,neural_metadata_text_editor,random,2277,0.18901537269391736,0.18674585761597715,0.19135041601141312
large_threads,aqua_justification_expected,full,reply_vs_loose,trees,loose,2277,-0.10470187196689339,-0.10847376410089744,-0.10084233418246157
large_threads,aqua_justification_expected,full,reply_vs_loose,hidden,loose,2277,-0.031761211089832556,-0.0335125118606199,-0.0300408896550719
large_threads,aqua_justification_expected,full,pinned_vs_unpinned,pinned,unpinned,2277,-0.021231461916773872,-0.023125238063710585,-0.0192992457713986
large_threads,aqua_justification_expected,top10,ordering_vs_random,relative_votes,random,2277,0.1204041985629131,0.11527874733051344,0.1254459595895432
large_threads,aqua_justification_expected,top10,ordering_vs_random,upvotes,random,2277,0.12381422590002403,0.11882237537874532,0.1287612687971492
large_threads,aqua_justification_expected,top10,ordering_vs_random,chronological,random,2277,-0.08719245324617399,-0.09426879394188772,-0.07995483323249365
large_threads,aqua_justification_expected,top10,ordering_vs_random,reverse_chronological,random,2277,0.031737049092754606,0.02556635728798287,0.037893409384897936
large_threads,aqua_justification_expected,top10,ordering_vs_random,regression_audience,random,2277,0.26470133532741763,0.26025673448587694,0.2694388093222493
large_threads,aqua_justification_expected,top10,ordering_vs_random,regression_editor,random,2277,0.3214002598997942,0.31714880525619016,0.3254890577306757
large_threads,aqua_justification_expected,top10,ordering_vs_random,xgb_metadata_audience,random,2277,0.3068832565524385,0.3026574503436713,0.3112213608578136
large_threads,aqua_justification_expected,top10,ordering_vs_random,xgb_metadata_editor,random,2277,0.3187311554960412,0.3145640108530992,0.32291687408577946
large_threads,aqua_justification_expected,top10,ordering_vs_random,xgb_metadata_text_audience,random,2277,0.3120342881831106,0.30784812734197164,0.3162434937023446
large_threads,aqua_justification_expected,top10,ordering_vs_random,xgb_metadata_text_editor,random,2277,0.316000359632658,0.311758732464323,0.32018345622554073
large_threads,aqua_justification_expected,top10,ordering_vs_random,neural_metadata_audience,random,2277,0.26168664884960896,0.25700640064823393,0.2666819409246527
large_threads,aqua_justification_expected,top10,ordering_vs_random,neural_metadata_editor,random,2277,0.26645737564516575,0.26183044055070986,0.2712320471649498
large_threads,aqua_justification_expected,top10,ordering_vs_random,neural_metadata_text_audience,random,2277,0.2647305415397318,0.25984457799166555,0.26956425415197216
large_threads,aqua_justification_expected,top10,ordering_vs_random,neural_metadata_text_editor,random,2277,0.3044701262260389,0.30004610558181166,0.3091345014655299
large_threads,aqua_justification_expected,top10,reply_vs_loose,trees,loose,2277,-0.15871787670700008,-0.16260214768128853,-0.15483725230421422
large_threads,aqua_justification_expected,top10,reply_vs_loose,hidden,loose,2277,0.008842442621613834,0.00783667232607036,0.009939926372671288
large_threads,aqua_justification_expected,top10,pinned_vs_unpinned,pinned,unpinned,2277,0.034079205232279836,0.02679892877260282,0.04092800657623678
large_threads,aqua_opinion_expected,full,ordering_vs_random,relative_votes,random,2277,0.03252099487081763,0.030685333888651002,0.034406076524023915
large_threads,aqua_opinion_expected,full,ordering_vs_random,upvotes,random,2277,0.04884150196289944,0.047107930737262466,0.050561614419496984
large_threads,aqua_opinion_expected,full,ordering_vs_random,chronological,random,2277,-0.0166008531496605,-0.018518396495193615,-0.014647395808158095
large_threads,aqua_opinion_expected,full,ordering_vs_random,reverse_chronological,random,2277,0.01650841441594221,0.014577910550835968,0.018425451829513207
large_threads,aqua_opinion_expected,full,ordering_vs_random,regression_audience,random,2277,0.08304345868576184,0.08089744249739132,0.08515817665979272
large_threads,aqua_opinion_expected,full,ordering_vs_random,regression_editor,random,2277,0.11876021782173823,0.11654713063550404,0.1210127423447386
large_threads,aqua_opinion_expected,full,ordering_vs_random,xgb_metadata_audience,random,2277,0.08881937132058203,0.08672263344494723,0.0910493293654053
large_threads,aqua_opinion_expected,full,ordering_vs_random,xgb_metadata_editor,random,2277,0.0974904899505423,0.09538607954902524,0.09972049266749924
large_threads,aqua_opinion_expected,full,ordering_vs_random,xgb_metadata_text_audience,random,2277,0.10107777464768226,0.09898763615137067,0.10327776491518459
large_threads,aqua_opinion_expected,full,ordering_vs_random,xgb_metadata_text_editor,random,2277,0.10465590759584412,0.10255767346431635,0.10688949137227025
large_threads,aqua_opinion_expected,full,ordering_vs_random,neural_metadata_audience,random,2277,0.04980889738495157,0.04780149296633436,0.051831625699178006
large_threads,aqua_opinion_expected,full,ordering_vs_random,neural_metadata_editor,random,2277,0.06156476391459618,0.05953970846137366,0.06371643632244625
large_threads,aqua_opinion_expected,full,ordering_vs_random,neural_metadata_text_audience,random,2277,0.05410167378321836,0.052004196739822074,0.05617374689255155
large_threads,aqua_opinion_expected,full,ordering_vs_random,neural_metadata_text_editor,random,2277,0.09296125476931234,0.09085457239564255,0.0952401936157067
large_threads,aqua_opinion_expected,full,reply_vs_loose,trees,loose,2277,-0.03001699054135091,-0.03322396440517728,-0.02679719192680925
large_threads,aqua_opinion_expected,full,reply_vs_loose,hidden,loose,2277,-0.0007341486642621926,-0.0021347921308945694,0.0007134578475664582
large_threads,aqua_opinion_expected,full,pinned_vs_unpinned,pinned,unpinned,2277,-0.01203946156915928,-0.013633092727277168,-0.010521291680618888
large_threads,aqua_opinion_expected,top10,ordering_vs_random,relative_votes,random,2277,0.08103623600701662,0.07657822706620117,0.0853699508221407
large_threads,aqua_opinion_expected,top10,ordering_vs_random,upvotes,random,2277,0.08499790274804322,0.08046579917591937,0.08939074084952427
large_threads,aqua_opinion_expected,top10,ordering_vs_random,chronological,random,2277,-0.022016407945236786,-0.027328964738491376,-0.01650715691483955
large_threads,aqua_opinion_expected,top10,ordering_vs_random,reverse_chronological,random,2277,0.01811673692704253,0.012976449243771488,0.02310613848553259
large_threads,aqua_opinion_expected,top10,ordering_vs_random,regression_audience,random,2277,0.17537624358123427,0.1708455997908283,0.17993871691037092
large_threads,aqua_opinion_expected,top10,ordering_vs_random,regression_editor,random,2277,0.2028741764436946,0.19829536369553838,0.2075095055574946
large_threads,aqua_opinion_expected,top10,ordering_vs_random,xgb_metadata_audience,random,2277,0.21238350122122085,0.20834313688603034,0.21677398627773983
large_threads,aqua_opinion_expected,top10,ordering_vs_random,xgb_metadata_editor,random,2277,0.21657384616920064,0.21253388589759986,0.22091131506555284
large_threads,aqua_opinion_expected,top10,ordering_vs_random,xgb_metadata_text_audience,random,2277,0.21660942958137544,0.21225354226042478,0.22093801112233913
large_threads,aqua_opinion_expected,top10,ordering_vs_random,xgb_metadata_text_editor,random,2277,0.21793876824104239,0.21351740399590402,0.2223454261680863
large_threads,aqua_opinion_expected,top10,ordering_vs_random,neural_metadata_audience,random,2277,0.1718587992259542,0.16735936069312152,0.17628677305052473
large_threads,aqua_opinion_expected,top10,ordering_vs_random,neural_metadata_editor,random,2277,0.15074272141255227,0.1457588892277247,0.15550212049493575
large_threads,aqua_opinion_expected,top10,ordering_vs_random,neural_metadata_text_audience,random,2277,0.19278803650934861,0.1880875452043085,0.1972598325034342
large_threads,aqua_opinion_expected,top10,ordering_vs_random,neural_metadata_text_editor,random,2277,0.18841836586906197,0.18368571217262175,0.19319437776136694
large_threads,aqua_opinion_expected,top10,reply_vs_loose,trees,loose,2277,-0.09348580103301557,-0.0965813099898006,-0.09052046705977657
large_threads,aqua_opinion_expected,top10,reply_vs_loose,hidden,loose,2277,0.0030907678288910234,0.00221235431866135,0.003928652046196466
large_threads,aqua_opinion_expected,top10,pinned_vs_unpinned,pinned,unpinned,2277,-0.013324452532701299,-0.020140185727054494,-0.006193308504415796
large_threads,aqua_polite_address_expected,full,ordering_vs_random,relative_votes,random,2277,0.02904737510930153,0.02546199819759153,0.03234111107864642
large_threads,aqua_polite_address_expected,full,ordering_vs_random,upvotes,random,2277,0.027781247118581164,0.024441603459581362,0.030976965208421022
large_threads,aqua_polite_address_expected,full,ordering_vs_random,chronological,random,2277,-0.015964528573657745,-0.01961681087787145,-0.012238552701800173
large_threads,aqua_polite_address_expected,full,ordering_vs_random,reverse_chronological,random,2277,0.015737807493324804,0.01214791259988875,0.019283268118072513
large_threads,aqua_polite_address_expected,full,ordering_vs_random,regression_audience,random,2277,0.046813819127228505,0.04344049080896992,0.05010369878487284
large_threads,aqua_polite_address_expected,full,ordering_vs_random,regression_editor,random,2277,0.08812364954751978,0.0846665300613718,0.09150955182675685
large_threads,aqua_polite_address_expected,full,ordering_vs_random,xgb_metadata_audience,random,2277,0.0766845826504354,0.07321756490560738,0.08003602610804755
large_threads,aqua_polite_address_expected,full,ordering_vs_random,xgb_metadata_editor,random,2277,0.08621406270417466,0.08280328970714777,0.08953751384004907
large_threads,aqua_polite_address_expected,full,ordering_vs_random,xgb_metadata_text_audience,random,2277,0.08382710658964314,0.08047601772429337,0.0870788483856817
large_threads,aqua_polite_address_expected,full,ordering_vs_random,xgb_metadata_text_editor,random,2277,0.08760441524770267,0.08428282577643738,0.09088637161407681
large_threads,aqua_polite_address_expected,full,ordering_vs_random,neural_metadata_audience,random,2277,0.0477455740737335,0.04436103851474418,0.051105802358104156
large_threads,aqua_polite_address_expected,full,ordering_vs_random,neural_metadata_editor,random,2277,0.08242036220781025,0.07921504333842135,0.08555599419991719
large_threads,aqua_polite_address_expected,full,ordering_vs_random,neural_metadata_text_audience,random,2277,0.043506958847624656,0.040224345082735195,0.0467947409256166
large_threads,aqua_polite_address_expected,full,ordering_vs_random,neural_metadata_text_editor,random,2277,0.05664686982514744,0.053353227941191274,0.05989913912523854
large_threads,aqua_polite_address_expected,full,reply_vs_loose,trees,loose,2277,-0.038395816236632886,-0.043674159964578525,-0.03321410200835172
large_threads,aqua_polite_address_expected,full,reply_vs_loose,hidden,loose,2277,-0.020943559359008046,-0.02407358606644706,-0.017808224485080373
large_threads,aqua_polite_address_expected,full,pinned_vs_unpinned,pinned,unpinned,2277,-0.006076944678900558,-0.009150935097006352,-0.003087836210278279
large_threads,aqua_polite_address_expected,top10,ordering_vs_random,relative_votes,random,2277,0.05129768255458884,0.04502975239774735,0.05743636226053497
large_threads,aqua_polite_address_expected,top10,ordering_vs_random,upvotes,random,2277,0.051114514359879466,0.044917288959532724,0.057181843957146435
large_threads,aqua_polite_address_expected,top10,ordering_vs_random,chronological,random,2277,-0.004163105229715461,-0.011138976718195581,0.0026623986829004192
large_threads,aqua_polite_address_expected,top10,ordering_vs_random,reverse_chronological,random,2277,0.031443043817657945,0.025433413527758467,0.037955669487543156
large_threads,aqua_polite_address_expected,top10,ordering_vs_random,regression_audience,random,2277,0.10963380813985302,0.10296760819754801,0.11621611072459849
large_threads,aqua_polite_address_expected,top10,ordering_vs_random,regression_editor,random,2277,0.16457499776507845,0.1581549363808734,0.17100505773219338
large_threads,aqua_polite_address_expected,top10,ordering_vs_random,xgb_metadata_audience,random,2277,0.13377954569794007,0.12742971251571367,0.13992379328130863
large_threads,aqua_polite_address_expected,top10,ordering_vs_random,xgb_metadata_editor,random,2277,0.15113412232199114,0.14486334859593542,0.15734162009793906
large_threads,aqua_polite_address_expected,top10,ordering_vs_random,xgb_metadata_text_audience,random,2277,0.1312899656843948,0.12494119269235703,0.13765959795942165
large_threads,aqua_polite_address_expected,top10,ordering_vs_random,xgb_metadata_text_editor,random,2277,0.13704358733267116,0.13084534822299584,0.14341804199576816
large_threads,aqua_polite_address_expected,top10,ordering_vs_random,neural_metadata_audience,random,2277,0.13303691333135687,0.12649304058929228,0.13961445976786083
large_threads,aqua_polite_address_expected,top10,ordering_vs_random,neural_metadata_editor,random,2277,0.16924700732631018,0.16271266246488483,0.17586525492113866
large_threads,aqua_polite_address_expected,top10,ordering_vs_random,neural_metadata_text_audience,random,2277,0.112751716488686,0.1064713967277045,0.1191403602742135
large_threads,aqua_polite_address_expected,top10,ordering_vs_random,neural_metadata_text_editor,random,2277,0.1502007423729681,0.1439497812634946,0.15663248274409844
large_threads,aqua_polite_address_expected,top10,reply_vs_loose,trees,loose,2277,-0.066100491981567,-0.06978669423020217,-0.06257721726923465
large_threads,aqua_polite_address_expected,top10,reply_vs_loose,hidden,loose,2277,0.004527457227181013,0.0035416276694794926,0.005515847381344293
large_threads,aqua_polite_address_expected,top10,pinned_vs_unpinned,pinned,unpinned,2277,0.013055026781520075,0.004704806501910162,0.02120097829428009
large_threads,aqua_question_expected,full,ordering_vs_random,relative_votes,random,2277,-0.04563834669762516,-0.048143491256232414,-0.04311502890797444
large_threads,aqua_question_expected,full,ordering_vs_random,upvotes,random,2277,-0.03665536754952679,-0.039116236035532874,-0.03418065467705499
large_threads,aqua_question_expected,full,ordering_vs_random,chronological,random,2277,-0.0030798509992103294,-0.0056280414510173835,-0.0006033950376921657
large_threads,aqua_question_expected,full,ordering_vs_random,reverse_chronological,random,2277,0.002332557099541809,-0.00012439654861737042,0.004893199592358993
large_threads,aqua_question_expected,full,ordering_vs_random,regression_audience,random,2277,-0.055919934639975126,-0.058363342382045144,-0.05381590766842033
large_threads,aqua_question_expected,full,ordering_vs_random,regression_editor,random,2277,-0.07951668643563656,-0.08185046950185247,-0.07738951032134328
large_threads,aqua_question_expected,full,ordering_vs_random,xgb_metadata_audience,random,2277,-0.05623666056677964,-0.058580790882320884,-0.05412337315710168
large_threads,aqua_question_expected,full,ordering_vs_random,xgb_metadata_editor,random,2277,-0.06126959005821269,-0.06360620634894244,-0.05919379058369801
large_threads,aqua_question_expected,full,ordering_vs_random,xgb_metadata_text_audience,random,2277,-0.049802806252224385,-0.05216230683219436,-0.04774984619571966
large_threads,aqua_question_expected,full,ordering_vs_random,xgb_metadata_text_editor,random,2277,-0.05100176160389472,-0.05332023813803025,-0.04893657317990291
large_threads,aqua_question_expected,full,ordering_vs_random,neural_metadata_audience,random,2277,-0.033328297534809134,-0.035655472545773635,-0.03121321876036648
large_threads,aqua_question_expected,full,ordering_vs_random,neural_metadata_editor,random,2277,-0.038054447191418705,-0.040472091898702475,-0.03591365328806113
large_threads,aqua_question_expected,full,ordering_vs_random,neural_metadata_text_audience,random,2277,-0.03046678511894512,-0.032903363246504176,-0.0281931022282006
large_threads,aqua_question_expected,full,ordering_vs_random,neural_metadata_text_editor,random,2277,-0.06381841556455231,-0.0661424238188652,-0.06153676861782738
large_threads,aqua_question_expected,full,reply_vs_loose,trees,loose,2277,0.017740974641371816,0.013630198870509425,0.02170503086222054
large_threads,aqua_question_expected,full,reply_vs_loose,hidden,loose,2277,0.018334043544820756,0.016328456265621082,0.020413379520961925
large_threads,aqua_question_expected,full,pinned_vs_unpinned,pinned,unpinned,2277,0.011138882633504476,0.008999602594794523,0.013320643270484864
large_threads,aqua_question_expected,top10,ordering_vs_random,relative_votes,random,2277,-0.062117412695528416,-0.06990689385923916,-0.05452200832091037
large_threads,aqua_question_expected,top10,ordering_vs_random,upvotes,random,2277,-0.059212461385640146,-0.0672823578346199,-0.05166118393788535
large_threads,aqua_question_expected,top10,ordering_vs_random,chronological,random,2277,-0.013877074220290199,-0.022994847007511914,-0.004540361532348349
large_threads,aqua_question_expected,top10,ordering_vs_random,reverse_chronological,random,2277,0.002835641450297618,-0.005853130866760087,0.010685443854484753
large_threads,aqua_question_expected,top10,ordering_vs_random,regression_audience,random,2277,-0.10772348803751822,-0.11544279155818653,-0.10015931724412201
large_threads,aqua_question_expected,top10,ordering_vs_random,regression_editor,random,2277,-0.12543584649438214,-0.13292961060265185,-0.11814066831280157
large_threads,aqua_question_expected,top10,ordering_vs_random,xgb_metadata_audience,random,2277,-0.13456076073059212,-0.1420065511108301,-0.12727094625791788
large_threads,aqua_question_expected,top10,ordering_vs_random,xgb_metadata_editor,random,2277,-0.13097762500229285,-0.1388177391381132,-0.12364352560204633
large_threads,aqua_question_expected,top10,ordering_vs_random,xgb_metadata_text_audience,random,2277,-0.11155995664481513,-0.11897160291443885,-0.10441370145829326
large_threads,aqua_question_expected,top10,ordering_vs_random,xgb_metadata_text_editor,random,2277,-0.11098984739552872,-0.11839443886473085,-0.10381292943944559
large_threads,aqua_question_expected,top10,ordering_vs_random,neural_metadata_audience,random,2277,-0.0625805153888637,-0.07127645857880228,-0.05418262978090427
large_threads,aqua_question_expected,top10,ordering_vs_random,neural_metadata_editor,random,2277,-0.07094252785973756,-0.07903134265655053,-0.06290047160975185
large_threads,aqua_question_expected,top10,ordering_vs_random,neural_metadata_text_audience,random,2277,-0.09991089530781541,-0.10805583665675349,-0.09208229484152461
large_threads,aqua_question_expected,top10,ordering_vs_random,neural_metadata_text_editor,random,2277,-0.09731958434143803,-0.10558896784114999,-0.08915519467517365
large_threads,aqua_question_expected,top10,reply_vs_loose,trees,loose,2277,0.03839189001474338,0.0326402391920839,0.04398562152482576
large_threads,aqua_question_expected,top10,reply_vs_loose,hidden,loose,2277,0.004281635096557948,0.0029438553754514746,0.005562805021329304
large_threads,aqua_question_expected,top10,pinned_vs_unpinned,pinned,unpinned,2277,0.007673624420471521,-0.0031668659149718986,0.019554678401635203
large_threads,aqua_referencing_contents_expected,full,ordering_vs_random,relative_votes,random,2277,-0.02742128618813498,-0.029104894328244778,-0.025734122018553032
large_threads,aqua_referencing_contents_expected,full,ordering_vs_random,upvotes,random,2277,-0.032076393031761435,-0.033681907635968796,-0.030432886448681376
large_threads,aqua_referencing_contents_expected,full,ordering_vs_random,chronological,random,2277,-0.012657553706128716,-0.01439140038041176,-0.010874101419738236
large_threads,aqua_referencing_contents_expected,full,ordering_vs_random,reverse_chronological,random,2277,0.012167961135862958,0.010438338980353892,0.013943561066170227
large_threads,aqua_referencing_contents_expected,full,ordering_vs_random,regression_audience,random,2277,-0.04859664751527472,-0.05026282850842843,-0.04698340404738492
large_threads,aqua_referencing_contents_expected,full,ordering_vs_random,regression_editor,random,2277,-0.039525826499278285,-0.041262514547435354,-0.03787515763900863
large_threads,aqua_referencing_contents_expected,full,ordering_vs_random,xgb_metadata_audience,random,2277,-0.04670229609597454,-0.04839597633774781,-0.04505739411865323
large_threads,aqua_referencing_contents_expected,full,ordering_vs_random,xgb_metadata_editor,random,2277,-0.046457472039153166,-0.048180643890485694,-0.0448332757810663
large_threads,aqua_referencing_contents_expected,full,ordering_vs_random,xgb_metadata_text_audience,random,2277,-0.04347264853083131,-0.04513841560959341,-0.04180314350443289
large_threads,aqua_referencing_contents_expected,full,ordering_vs_random,xgb_metadata_text_editor,random,2277,-0.04338774027447309,-0.04504904519886886,-0.04172924195622491
large_threads,aqua_referencing_contents_expected,full,ordering_vs_random,neural_metadata_audience,random,2277,-0.03469374377547206,-0.03643907879870967,-0.03302142978487774
large_threads,aqua_referencing_contents_expected,full,ordering_vs_random,neural_metadata_editor,random,2277,-0.03012866144673648,-0.03190735993800063,-0.02845278124807773
large_threads,aqua_referencing_contents_expected,full,ordering_vs_random,neural_metadata_text_audience,random,2277,-0.05628298793595983,-0.05789856603164405,-0.05477405558534288
large_threads,aqua_referencing_contents_expected,full,ordering_vs_random,neural_metadata_text_editor,random,2277,-0.051913264638466586,-0.053638765025487325,-0.05027908462661939
large_threads,aqua_referencing_contents_expected,full,reply_vs_loose,trees,loose,2277,0.13357814022929115,0.13099640243658756,0.136346065524976
large_threads,aqua_referencing_contents_expected,full,reply_vs_loose,hidden,loose,2277,-0.0023369856537264807,-0.00370857159379208,-0.0010112927946593047
large_threads,aqua_referencing_contents_expected,full,pinned_vs_unpinned,pinned,unpinned,2277,-0.011346063741406016,-0.012765537743633561,-0.009926195127601883
large_threads,aqua_referencing_contents_expected,top10,ordering_vs_random,relative_votes,random,2277,-0.03228534457186848,-0.03699730651990988,-0.02725109304498978
large_threads,aqua_referencing_contents_expected,top10,ordering_vs_random,upvotes,random,2277,-0.03365829705958741,-0.03839690405930115,-0.02891799149988104
large_threads,aqua_referencing_contents_expected,top10,ordering_vs_random,chronological,random,2277,-0.029488986304354387,-0.034695341668631335,-0.02399817771442872
large_threads,aqua_referencing_contents_expected,top10,ordering_vs_random,reverse_chronological,random,2277,0.008262554490519205,0.003067346547126989,0.013311716964316283
large_threads,aqua_referencing_contents_expected,top10,ordering_vs_random,regression_audience,random,2277,-0.0499496860386907,-0.0549854155654096,-0.04470869698830215
large_threads,aqua_referencing_contents_expected,top10,ordering_vs_random,regression_editor,random,2277,-0.03365189754478022,-0.0389800334217899,-0.028385265750237153
large_threads,aqua_referencing_contents_expected,top10,ordering_vs_random,xgb_metadata_audience,random,2277,-0.03484639230601162,-0.04027050811793496,-0.029619359295632072
large_threads,aqua_referencing_contents_expected,top10,ordering_vs_random,xgb_metadata_editor,random,2277,-0.03480102017949756,-0.04010067358281642,-0.029569413232357445
large_threads,aqua_referencing_contents_expected,top10,ordering_vs_random,xgb_metadata_text_audience,random,2277,-0.028907183251024388,-0.034096503691470555,-0.023492224559162483
large_threads,aqua_referencing_contents_expected,top10,ordering_vs_random,xgb_metadata_text_editor,random,2277,-0.028591360693048618,-0.03384899314668437,-0.023182067788931584
large_threads,aqua_referencing_contents_expected,top10,ordering_vs_random,neural_metadata_audience,random,2277,0.011952870492851505,0.006283156535315819,0.017893805522455158
large_threads,aqua_referencing_contents_expected,top10,ordering_vs_random,neural_metadata_editor,random,2277,0.017621280606849855,0.011912982515310333,0.02355346939290927
large_threads,aqua_referencing_contents_expected,top10,ordering_vs_random,neural_metadata_text_audience,random,2277,-0.06478698508765589,-0.06988079446331533,-0.059228537214933076
large_threads,aqua_referencing_contents_expected,top10,ordering_vs_random,neural_metadata_text_editor,random,2277,-0.04219170982569849,-0.04729694805725085,-0.03703556189603241
large_threads,aqua_referencing_contents_expected,top10,reply_vs_loose,trees,loose,2277,0.051852654640620215,0.0486144716184844,0.05520619966518724
large_threads,aqua_referencing_contents_expected,top10,reply_vs_loose,hidden,loose,2277,-0.011501277958296054,-0.012520746414881958,-0.010531448775632677
large_threads,aqua_referencing_contents_expected,top10,pinned_vs_unpinned,pinned,unpinned,2277,-0.03505580075139851,-0.042931441696433696,-0.027613666705230362
large_threads,aqua_referencing_format_expected,full,ordering_vs_random,relative_votes,random,2277,0.018519921893255666,0.016893064197547592,0.020083400046732595
large_threads,aqua_referencing_format_expected,full,ordering_vs_random,upvotes,random,2277,0.017175762958627792,0.015515112975022909,0.018756180984213416
large_threads,aqua_referencing_format_expected,full,ordering_vs_random,chronological,random,2277,-0.017634348749025898,-0.019351767904878657,-0.015973789997864477
large_threads,aqua_referencing_format_expected,full,ordering_vs_random,reverse_chronological,random,2277,0.01777203706698862,0.016119645463869882,0.01946963004693134
large_threads,aqua_referencing_format_expected,full,ordering_vs_random,regression_audience,random,2277,0.031447943217176186,0.029837228102026606,0.03305892333913453
large_threads,aqua_referencing_format_expected,full,ordering_vs_random,regression_editor,random,2277,0.05938943263925564,0.05772327014479894,0.060996469803640124
large_threads,aqua_referencing_format_expected,full,ordering_vs_random,xgb_metadata_audience,random,2277,0.04929107703358916,0.047635735844471956,0.05093329266491695
large_threads,aqua_referencing_format_expected,full,ordering_vs_random,xgb_metadata_editor,random,2277,0.05565309124581207,0.05400321976831919,0.05726232720690346
large_threads,aqua_referencing_format_expected,full,ordering_vs_random,xgb_metadata_text_audience,random,2277,0.05684316424832982,0.05521318617739567,0.05838271744309342
large_threads,aqua_referencing_format_expected,full,ordering_vs_random,xgb_metadata_text_editor,random,2277,0.05962990281205287,0.057983392269941654,0.06117891679104161
large_threads,aqua_referencing_format_expected,full,ordering_vs_random,neural_metadata_audience,random,2277,0.046013418168528344,0.044190157263064106,0.04774682023049923
large_threads,aqua_referencing_format_expected,full,ordering_vs_random,neural_metadata_editor,random,2277,0.08591158314635801,0.08415261338263073,0.08765372311309631
large_threads,aqua_referencing_format_expected,full,ordering_vs_random,neural_metadata_text_audience,random,2277,0.033114171286088775,0.03143179947033703,0.034749203377544946
large_threads,aqua_referencing_format_expected,full,ordering_vs_random,neural_metadata_text_editor,random,2277,0.06263134660945872,0.060925221414552054,0.0643074076794819
large_threads,aqua_referencing_format_expected,full,reply_vs_loose,trees,loose,2277,-0.07373125156813996,-0.07663936936938427,-0.07094006738289986
large_threads,aqua_referencing_format_expected,full,reply_vs_loose,hidden,loose,2277,-0.0018013118907579916,-0.003201633101637544,-0.0003763845023275684
large_threads,aqua_referencing_format_expected,full,pinned_vs_unpinned,pinned,unpinned,2277,0.0034082240988795092,0.0020240804060944377,0.004843043518394608
large_threads,aqua_referencing_format_expected,top10,ordering_vs_random,relative_votes,random,2277,0.024026970779691594,0.020732879952406393,0.0274766106229413
large_threads,aqua_referencing_format_expected,top10,ordering_vs_random,upvotes,random,2277,0.02341529121854404,0.02013723342297037,0.026910368320342798
large_threads,aqua_referencing_format_expected,top10,ordering_vs_random,chronological,random,2277,-0.019448127890583033,-0.023506495112386578,-0.01542763008863801
large_threads,aqua_referencing_format_expected,top10,ordering_vs_random,reverse_chronological,random,2277,0.02203497842488562,0.018594220374783654,0.025700666008945182
large_threads,aqua_referencing_format_expected,top10,ordering_vs_random,regression_audience,random,2277,0.04432302907622674,0.041090085126347924,0.04764861553820933
large_threads,aqua_referencing_format_expected,top10,ordering_vs_random,regression_editor,random,2277,0.07249412106982622,0.06913677472194744,0.07563488118336541
large_threads,aqua_referencing_format_expected,top10,ordering_vs_random,xgb_metadata_audience,random,2277,0.05939015979216244,0.05613042150772011,0.06278289778368168
large_threads,aqua_referencing_format_expected,top10,ordering_vs_random,xgb_metadata_editor,random,2277,0.06726355914827713,0.06407562976806237,0.07083734692087558
large_threads,aqua_referencing_format_expected,top10,ordering_vs_random,xgb_metadata_text_audience,random,2277,0.060828853731669096,0.0574800392346191,0.06417795469167434
large_threads,aqua_referencing_format_expected,top10,ordering_vs_random,xgb_metadata_text_editor,random,2277,0.06412479185203845,0.060699049236717276,0.06764041211718874
large_threads,aqua_referencing_format_expected,top10,ordering_vs_random,neural_metadata_audience,random,2277,0.06572158252122075,0.06230867188846158,0.06919251651425104
large_threads,aqua_referencing_format_expected,top10,ordering_vs_random,neural_metadata_editor,random,2277,0.09898950434461386,0.09520126205107343,0.10265101846171848
large_threads,aqua_referencing_format_expected,top10,ordering_vs_random,neural_metadata_text_audience,random,2277,0.05645424002298654,0.05290414141457213,0.059975026384429954
large_threads,aqua_referencing_format_expected,top10,ordering_vs_random,neural_metadata_text_editor,random,2277,0.08089795886538577,0.07756300523490414,0.08437333240625115
large_threads,aqua_referencing_format_expected,top10,reply_vs_loose,trees,loose,2277,-0.04781960777002831,-0.04980761891462753,-0.0456412103177097
large_threads,aqua_referencing_format_expected,top10,reply_vs_loose,hidden,loose,2277,0.004291163169174085,0.003676093318002376,0.004894460743699329
large_threads,aqua_referencing_format_expected,top10,pinned_vs_unpinned,pinned,unpinned,2277,0.0133383427453532,0.008730009659551462,0.018352295979720837
large_threads,aqua_referencing_medium_expected,full,ordering_vs_random,relative_votes,random,2277,0.01106465767341419,0.00851816908642474,0.013647398580678705
large_threads,aqua_referencing_medium_expected,full,ordering_vs_random,upvotes,random,2277,0.017934053899831,0.01548422108443037,0.02042345738157523
large_threads,aqua_referencing_medium_expected,full,ordering_vs_random,chronological,random,2277,-0.015659926350410996,-0.018177705859764325,-0.013236719150338685
large_threads,aqua_referencing_medium_expected,full,ordering_vs_random,reverse_chronological,random,2277,0.014604718614807036,0.012215954042241711,0.01712211155867328
large_threads,aqua_referencing_medium_expected,full,ordering_vs_random,regression_audience,random,2277,0.03488954342768173,0.03265206319693045,0.03717620194920461
large_threads,aqua_referencing_medium_expected,full,ordering_vs_random,regression_editor,random,2277,0.05003399671503122,0.0477797374799397,0.05237882443128421
large_threads,aqua_referencing_medium_expected,full,ordering_vs_random,xgb_metadata_audience,random,2277,0.046366676619165055,0.04407191133255397,0.048661019368833595
large_threads,aqua_referencing_medium_expected,full,ordering_vs_random,xgb_metadata_editor,random,2277,0.053392724508963485,0.05107105546485471,0.055732492750044146
large_threads,aqua_referencing_medium_expected,full,ordering_vs_random,xgb_metadata_text_audience,random,2277,0.05425205186463017,0.05194311831088983,0.056561996126540164
large_threads,aqua_referencing_medium_expected,full,ordering_vs_random,xgb_metadata_text_editor,random,2277,0.05664684979717789,0.054355040308597065,0.05897311471297225
large_threads,aqua_referencing_medium_expected,full,ordering_vs_random,neural_metadata_audience,random,2277,0.03073743308360796,0.02848222550136403,0.03305964765230377
large_threads,aqua_referencing_medium_expected,full,ordering_vs_random,neural_metadata_editor,random,2277,0.049610045555910955,0.04738679364669737,0.05190630879066839
large_threads,aqua_referencing_medium_expected,full,ordering_vs_random,neural_metadata_text_audience,random,2277,0.02344955439814014,0.021165157336865824,0.02563609418121847
large_threads,aqua_referencing_medium_expected,full,ordering_vs_random,neural_metadata_text_editor,random,2277,0.03504696835350556,0.032834564808616226,0.03743072346361826
large_threads,aqua_referencing_medium_expected,full,reply_vs_loose,trees,loose,2277,-0.0508994644141964,-0.054617754659056356,-0.04690129540893568
large_threads,aqua_referencing_medium_expected,full,reply_vs_loose,hidden,loose,2277,-0.012309809654418094,-0.0144646895669489,-0.010189797641075448
large_threads,aqua_referencing_medium_expected,full,pinned_vs_unpinned,pinned,unpinned,2277,-0.0003261883668541589,-0.0025508214455799813,0.0017962477330115722
large_threads,aqua_referencing_medium_expected,top10,ordering_vs_random,relative_votes,random,2277,0.021671141038700197,0.01719266524528115,0.026549770817158615
large_threads,aqua_referencing_medium_expected,top10,ordering_vs_random,upvotes,random,2277,0.02340399818940862,0.018821537611882218,0.028108777152065896
large_threads,aqua_referencing_medium_expected,top10,ordering_vs_random,chronological,random,2277,-0.023720514145595145,-0.02930877078325304,-0.017729185564974194
large_threads,aqua_referencing_medium_expected,top10,ordering_vs_random,reverse_chronological,random,2277,0.017427913236659282,0.012526646882771636,0.0223475545751751
large_threads,aqua_referencing_medium_expected,top10,ordering_vs_random,regression_audience,random,2277,0.0603693386071458,0.05550732255518119,0.06517086918379804
large_threads,aqua_referencing_medium_expected,top10,ordering_vs_random,regression_editor,random,2277,0.07022041861940335,0.06576930712102379,0.07478277870556405
large_threads,aqua_referencing_medium_expected,top10,ordering_vs_random,xgb_metadata_audience,random,2277,0.0698948034289425,0.06528605183118044,0.07449173571436954
large_threads,aqua_referencing_medium_expected,top10,ordering_vs_random,xgb_metadata_editor,random,2277,0.07579570206551739,0.07116135679993667,0.08022528773982479
large_threads,aqua_referencing_medium_expected,top10,ordering_vs_random,xgb_metadata_text_audience,random,2277,0.07281847511200522,0.06816276804824746,0.07731465846033735
large_threads,aqua_referencing_medium_expected,top10,ordering_vs_random,xgb_metadata_text_editor,random,2277,0.07468975974686877,0.07014687496684378,0.07916960994834366
large_threads,aqua_referencing_medium_expected,top10,ordering_vs_random,neural_metadata_audience,random,2277,0.06561939139191143,0.06085397172568739,0.07047362486074184
large_threads,aqua_referencing_medium_expected,top10,ordering_vs_random,neural_metadata_editor,random,2277,0.05192175387912482,0.04747422903292662,0.0564170965362279
large_threads,aqua_referencing_medium_expected,top10,ordering_vs_random,neural_metadata_text_audience,random,2277,0.0580139153614716,0.05313224876275059,0.06263181064115914
large_threads,aqua_referencing_medium_expected,top10,ordering_vs_random,neural_metadata_text_editor,random,2277,0.05271900315168869,0.048223649407523876,0.05736172455767697
large_threads,aqua_referencing_medium_expected,top10,reply_vs_loose,trees,loose,2277,-0.040857271187668326,-0.04368782583722594,-0.03802820006554461
large_threads,aqua_referencing_medium_expected,top10,reply_vs_loose,hidden,loose,2277,0.003685018324337821,0.002797537596518569,0.004552367224677726
large_threads,aqua_referencing_medium_expected,top10,pinned_vs_unpinned,pinned,unpinned,2277,0.010667246934058764,0.004215615611067388,0.01708450396054657
large_threads,aqua_referencing_personal_expected,full,ordering_vs_random,relative_votes,random,2277,-0.0013074615855072887,-0.003234732442011321,0.0006157192394150886
large_threads,aqua_referencing_personal_expected,full,ordering_vs_random,upvotes,random,2277,-0.0033881812265466713,-0.005257149891026446,-0.001409304922021915
large_threads,aqua_referencing_personal_expected,full,ordering_vs_random,chronological,random,2277,-0.017169625093885428,-0.019267405409150378,-0.015152498295134634
large_threads,aqua_referencing_personal_expected,full,ordering_vs_random,reverse_chronological,random,2277,0.017111448303738667,0.015109593291410482,0.019151605344965437
large_threads,aqua_referencing_personal_expected,full,ordering_vs_random,regression_audience,random,2277,-0.001567630128182489,-0.003356124309765574,0.0002795349492450184
large_threads,aqua_referencing_personal_expected,full,ordering_vs_random,regression_editor,random,2277,0.013555322957886817,0.011778232357473438,0.015338879922891189
large_threads,aqua_referencing_personal_expected,full,ordering_vs_random,xgb_metadata_audience,random,2277,0.013174478623361227,0.011364470828084136,0.014992092896354302
large_threads,aqua_referencing_personal_expected,full,ordering_vs_random,xgb_metadata_editor,random,2277,0.01576265162652037,0.013962815703571552,0.01755595304936187
large_threads,aqua_referencing_personal_expected,full,ordering_vs_random,xgb_metadata_text_audience,random,2277,0.021054427997089124,0.019222987115649178,0.02291444190825779
large_threads,aqua_referencing_personal_expected,full,ordering_vs_random,xgb_metadata_text_editor,random,2277,0.022768328819065247,0.02096706528271581,0.02463126241645182
large_threads,aqua_referencing_personal_expected,full,ordering_vs_random,neural_metadata_audience,random,2277,0.019058433545375134,0.017088906218374153,0.02097318948065519
large_threads,aqua_referencing_personal_expected,full,ordering_vs_random,neural_metadata_editor,random,2277,0.04026819743046231,0.038271881453758476,0.042223934301446
large_threads,aqua_referencing_personal_expected,full,ordering_vs_random,neural_metadata_text_audience,random,2277,0.007849161663112685,0.0059160795599420505,0.009757568587314457
large_threads,aqua_referencing_personal_expected,full,ordering_vs_random,neural_metadata_text_editor,random,2277,0.011644661897591543,0.009684247281615665,0.01361756220760415
large_threads,aqua_referencing_personal_expected,full,reply_vs_loose,trees,loose,2277,-0.0261427066673313,-0.029328614719938865,-0.02303904970198947
large_threads,aqua_referencing_personal_expected,full,reply_vs_loose,hidden,loose,2277,0.0035252982012445827,0.0017925235840796938,0.005215917452088055
large_threads,aqua_referencing_personal_expected,full,pinned_vs_unpinned,pinned,unpinned,2277,0.004202363735874709,0.002560085485541744,0.005852521595699433
large_threads,aqua_referencing_personal_expected,top10,ordering_vs_random,relative_votes,random,2277,0.0025539078804203224,-0.0014270047259963951,0.006463040925784094
large_threads,aqua_referencing_personal_expected,top10,ordering_vs_random,upvotes,random,2277,0.0016073418576493749,-0.0024904300033262335,0.005507701863586482
large_threads,aqua_referencing_personal_expected,top10,ordering_vs_random,chronological,random,2277,-0.0205156848898432,-0.02487837193578413,-0.016153946486189133
large_threads,aqua_referencing_personal_expected,top10,ordering_vs_random,reverse_chronological,random,2277,0.01830831718039819,0.014439343882369183,0.02220561297811125
large_threads,aqua_referencing_personal_expected,top10,ordering_vs_random,regression_audience,random,2277,0.006854069645376883,0.0027106431209363065,0.010864206966819782
large_threads,aqua_referencing_personal_expected,top10,ordering_vs_random,regression_editor,random,2277,0.020769255223410416,0.016731434672768213,0.024933293880967378
large_threads,aqua_referencing_personal_expected,top10,ordering_vs_random,xgb_metadata_audience,random,2277,0.016671651981412683,0.012258271328223396,0.020830847940824685
large_threads,aqua_referencing_personal_expected,top10,ordering_vs_random,xgb_metadata_editor,random,2277,0.021111398935779235,0.01677423981179281,0.025400597368489878
large_threads,aqua_referencing_personal_expected,top10,ordering_vs_random,xgb_metadata_text_audience,random,2277,0.01882530149316482,0.014567420182506131,0.022862504820320033
large_threads,aqua_referencing_personal_expected,top10,ordering_vs_random,xgb_metadata_text_editor,random,2277,0.02162162134534494,0.017425533954951736,0.025756446850230173
large_threads,aqua_referencing_personal_expected,top10,ordering_vs_random,neural_metadata_audience,random,2277,0.03621177851979128,0.0316984491926518,0.040398842851661114
large_threads,aqua_referencing_personal_expected,top10,ordering_vs_random,neural_metadata_editor,random,2277,0.06043148689180487,0.05577722276114129,0.06498775846397628
large_threads,aqua_referencing_personal_expected,top10,ordering_vs_random,neural_metadata_text_audience,random,2277,0.020099310337492737,0.015669770355708285,0.02449138741264519
large_threads,aqua_referencing_personal_expected,top10,ordering_vs_random,neural_metadata_text_editor,random,2277,0.035649801994802374,0.031012375627221596,0.040108200699283364
large_threads,aqua_referencing_personal_expected,top10,reply_vs_loose,trees,loose,2277,-0.023952767412167616,-0.026611251054928956,-0.021354223638085156
large_threads,aqua_referencing_personal_expected,top10,reply_vs_loose,hidden,loose,2277,0.0015326769586389672,0.0008017966927096895,0.0022431123268709966
large_threads,aqua_referencing_personal_expected,top10,pinned_vs_unpinned,pinned,unpinned,2277,0.0007520889070234877,-0.005070389774069223,0.006655678776335528
large_threads,aqua_referencing_users_expected,full,ordering_vs_random,relative_votes,random,2277,-0.022914174205090343,-0.024831351391885283,-0.021076284979031423
large_threads,aqua_referencing_users_expected,full,ordering_vs_random,upvotes,random,2277,-0.020432738931325294,-0.022368152684020308,-0.018598634928050244
large_threads,aqua_referencing_users_expected,full,ordering_vs_random,chronological,random,2277,-0.020667337428419023,-0.022834384507347528,-0.01858150554681193
large_threads,aqua_referencing_users_expected,full,ordering_vs_random,reverse_chronological,random,2277,0.020136787742013794,0.018033770897177604,0.02225852037563308
large_threads,aqua_referencing_users_expected,full,ordering_vs_random,regression_audience,random,2277,-0.03424844062836019,-0.03620442490810205,-0.03229545514868287
large_threads,aqua_referencing_users_expected,full,ordering_vs_random,regression_editor,random,2277,-0.02362283602889874,-0.025707042834959067,-0.021590777169515765
large_threads,aqua_referencing_users_expected,full,ordering_vs_random,xgb_metadata_audience,random,2277,-0.02749651731372535,-0.029569096272601673,-0.02551771931744114
large_threads,aqua_referencing_users_expected,full,ordering_vs_random,xgb_metadata_editor,random,2277,-0.026692180543062563,-0.028734138776761852,-0.02467776788952614
large_threads,aqua_referencing_users_expected,full,ordering_vs_random,xgb_metadata_text_audience,random,2277,-0.0207876635668824,-0.02281132862807363,-0.018808359637217435
large_threads,aqua_referencing_users_expected,full,ordering_vs_random,xgb_metadata_text_editor,random,2277,-0.019798858970791443,-0.02180168180409542,-0.017822386276610484
large_threads,aqua_referencing_users_expected,full,ordering_vs_random,neural_metadata_audience,random,2277,-0.009313725533266716,-0.011412560879594708,-0.007206700650034981
large_threads,aqua_referencing_users_expected,full,ordering_vs_random,neural_metadata_editor,random,2277,-0.008156342975868381,-0.010316826693378139,-0.00596236532603688
large_threads,aqua_referencing_users_expected,full,ordering_vs_random,neural_metadata_text_audience,random,2277,-0.032437853123907526,-0.034445864038220204,-0.03055220962894933
large_threads,aqua_referencing_users_expected,full,ordering_vs_random,neural_metadata_text_editor,random,2277,-0.039873720784399005,-0.04198534538738522,-0.03785392237018238
large_threads,aqua_referencing_users_expected,full,reply_vs_loose,trees,loose,2277,0.09302745263547167,0.08944869751533563,0.09638179678762843
large_threads,aqua_referencing_users_expected,full,reply_vs_loose,hidden,loose,2277,0.0012968933482498776,-0.00024961329711086487,0.002872601838189592
large_threads,aqua_referencing_users_expected,full,pinned_vs_unpinned,pinned,unpinned,2277,-0.006181090766569613,-0.007913609056265862,-0.004525452231895597
large_threads,aqua_referencing_users_expected,top10,ordering_vs_random,relative_votes,random,2277,-0.011753823559786662,-0.01653151414648132,-0.007163150575115051
large_threads,aqua_referencing_users_expected,top10,ordering_vs_random,upvotes,random,2277,-0.012642019689284054,-0.017296622160874214,-0.008114997164961323
large_threads,aqua_referencing_users_expected,top10,ordering_vs_random,chronological,random,2277,-0.031314962479274,-0.03660932797134833,-0.025855447180707928
large_threads,aqua_referencing_users_expected,top10,ordering_vs_random,reverse_chronological,random,2277,0.019916318406017427,0.01513613553571995,0.02501681639194643
large_threads,aqua_referencing_users_expected,top10,ordering_vs_random,regression_audience,random,2277,0.0007236488778391518,-0.004064363686016707,0.005307091125466132
large_threads,aqua_referencing_users_expected,top10,ordering_vs_random,regression_editor,random,2277,0.02467984663812178,0.019937226556841322,0.029735966715102927
large_threads,aqua_referencing_users_expected,top10,ordering_vs_random,xgb_metadata_audience,random,2277,0.010757673603520698,0.005869355267384004,0.01564210596335331
large_threads,aqua_referencing_users_expected,top10,ordering_vs_random,xgb_metadata_editor,random,2277,0.01818767106738089,0.013394992650636062,0.023117736829133474
large_threads,aqua_referencing_users_expected,top10,ordering_vs_random,xgb_metadata_text_audience,random,2277,0.016935644806010782,0.01218167131507471,0.02195108557133847
large_threads,aqua_referencing_users_expected,top10,ordering_vs_random,xgb_metadata_text_editor,random,2277,0.020105237987803,0.015363304899225268,0.025137177025711277
large_threads,aqua_referencing_users_expected,top10,ordering_vs_random,neural_metadata_audience,random,2277,0.058613076830137334,0.053595105626421106,0.06423897051064402
large_threads,aqua_referencing_users_expected,top10,ordering_vs_random,neural_metadata_editor,random,2277,0.07490942805368402,0.06929140361958291,0.08049539844374846
large_threads,aqua_referencing_users_expected,top10,ordering_vs_random,neural_metadata_text_audience,random,2277,-0.01065932176704543,-0.015187650238851652,-0.00604818090788923
large_threads,aqua_referencing_users_expected,top10,ordering_vs_random,neural_metadata_text_editor,random,2277,0.010809023011281779,0.006124445254566655,0.015501654072158939
large_threads,aqua_referencing_users_expected,top10,reply_vs_loose,trees,loose,2277,0.011673103670228738,0.00846706432741036,0.014996975389332907
large_threads,aqua_referencing_users_expected,top10,reply_vs_loose,hidden,loose,2277,-0.006559438002571835,-0.007502744923629838,-0.005676590081440358
large_threads,aqua_referencing_users_expected,top10,pinned_vs_unpinned,pinned,unpinned,2277,-0.028762236653848885,-0.03546682391320924,-0.02213309368438359
large_threads,aqua_relevance_expected,full,ordering_vs_random,relative_votes,random,2277,0.036364927021302285,0.03452766379389225,0.03823942697575151
large_threads,aqua_relevance_expected,full,ordering_vs_random,upvotes,random,2277,0.04219510833731404,0.04039585068358096,0.0439000794084641
large_threads,aqua_relevance_expected,full,ordering_vs_random,chronological,random,2277,-0.01601628212725413,-0.018113447624371955,-0.013987963503332111
large_threads,aqua_relevance_expected,full,ordering_vs_random,reverse_chronological,random,2277,0.015190839126185587,0.013136497949153699,0.017243153479282822
large_threads,aqua_relevance_expected,full,ordering_vs_random,regression_audience,random,2277,0.09219368622811415,0.09016398075625845,0.094144486096151
large_threads,aqua_relevance_expected,full,ordering_vs_random,regression_editor,random,2277,0.13693151688793329,0.13484552503484443,0.1388685189318738
large_threads,aqua_relevance_expected,full,ordering_vs_random,xgb_metadata_audience,random,2277,0.1043214091989876,0.10215687403984787,0.10635118526707861
large_threads,aqua_relevance_expected,full,ordering_vs_random,xgb_metadata_editor,random,2277,0.11738626769607097,0.11522552208471325,0.11938700300572283
large_threads,aqua_relevance_expected,full,ordering_vs_random,xgb_metadata_text_audience,random,2277,0.11046197057794772,0.10834850076213387,0.11246435924942112
large_threads,aqua_relevance_expected,full,ordering_vs_random,xgb_metadata_text_editor,random,2277,0.11474214656376244,0.11263281965354664,0.11673939494012592
large_threads,aqua_relevance_expected,full,ordering_vs_random,neural_metadata_audience,random,2277,0.07938544148373189,0.07737703492954197,0.08130039069066755
large_threads,aqua_relevance_expected,full,ordering_vs_random,neural_metadata_editor,random,2277,0.09090405707832865,0.0888798715393475,0.09276645398323158
large_threads,aqua_relevance_expected,full,ordering_vs_random,neural_metadata_text_audience,random,2277,0.07970808834257859,0.07762883474501316,0.08174173300615103
large_threads,aqua_relevance_expected,full,ordering_vs_random,neural_metadata_text_editor,random,2277,0.13892280257374046,0.13679976685489068,0.14078984138719178
large_threads,aqua_relevance_expected,full,reply_vs_loose,trees,loose,2277,-0.054634067696049865,-0.05827574854708429,-0.051064666754116805
large_threads,aqua_relevance_expected,full,reply_vs_loose,hidden,loose,2277,-0.036134395687257924,-0.037701265510935826,-0.03442241602328212
large_threads,aqua_relevance_expected,full,pinned_vs_unpinned,pinned,unpinned,2277,-0.02227235882529054,-0.024010511766038505,-0.02058401377052262
large_threads,aqua_relevance_expected,top10,ordering_vs_random,relative_votes,random,2277,0.058699904259724475,0.05468728729600926,0.06283162412065205
large_threads,aqua_relevance_expected,top10,ordering_vs_random,upvotes,random,2277,0.06057820818499561,0.056572461870176276,0.06474324784180191
large_threads,aqua_relevance_expected,top10,ordering_vs_random,chronological,random,2277,-0.04097276729415048,-0.04623018355246127,-0.03586577209207448
large_threads,aqua_relevance_expected,top10,ordering_vs_random,reverse_chronological,random,2277,0.006038103335101003,0.0016884457762790736,0.010430057021501654
large_threads,aqua_relevance_expected,top10,ordering_vs_random,regression_audience,random,2277,0.1401649991843099,0.1357594392678299,0.1446107941688104
large_threads,aqua_relevance_expected,top10,ordering_vs_random,regression_editor,random,2277,0.1837234839682496,0.17933129471798118,0.18819760072392452
large_threads,aqua_relevance_expected,top10,ordering_vs_random,xgb_metadata_audience,random,2277,0.1754716789830093,0.17122769275796315,0.17978209163758868
large_threads,aqua_relevance_expected,top10,ordering_vs_random,xgb_metadata_editor,random,2277,0.18127472524747762,0.17703050377268922,0.18560983254970848
large_threads,aqua_relevance_expected,top10,ordering_vs_random,xgb_metadata_text_audience,random,2277,0.17316974358322418,0.16889213344745116,0.1775150640511807
large_threads,aqua_relevance_expected,top10,ordering_vs_random,xgb_metadata_text_editor,random,2277,0.17407511849825247,0.16980298204530112,0.1785026757923447
large_threads,aqua_relevance_expected,top10,ordering_vs_random,neural_metadata_audience,random,2277,0.1261883181160246,0.12163822088688617,0.13049118756823846
large_threads,aqua_relevance_expected,top10,ordering_vs_random,neural_metadata_editor,random,2277,0.12024962514450589,0.11549622017889212,0.12489721472425568
large_threads,aqua_relevance_expected,top10,ordering_vs_random,neural_metadata_text_audience,random,2277,0.14539960568878063,0.1408398425547024,0.14984284550389448
large_threads,aqua_relevance_expected,top10,ordering_vs_random,neural_metadata_text_editor,random,2277,0.18047302219633543,0.17565716397299802,0.18517060749669817
large_threads,aqua_relevance_expected,top10,reply_vs_loose,trees,loose,2277,-0.07404191733946464,-0.07714621195370124,-0.07099970700332854
large_threads,aqua_relevance_expected,top10,reply_vs_loose,hidden,loose,2277,0.0035764690529103246,0.0027915968268112826,0.00442504575897695
large_threads,aqua_relevance_expected,top10,pinned_vs_unpinned,pinned,unpinned,2277,0.013224284660434413,0.006953534512763619,0.01958675204811401
large_threads,aqua_respect_expected,full,ordering_vs_random,relative_votes,random,2277,0.022479313128649737,0.020644628548701773,0.02434884312781476
large_threads,aqua_respect_expected,full,ordering_vs_random,upvotes,random,2277,0.01819621095223671,0.01627881564541476,0.0199975412904332
large_threads,aqua_respect_expected,full,ordering_vs_random,chronological,random,2277,-0.0018366043348280665,-0.0037579642748404745,0.00018285978826743088
large_threads,aqua_respect_expected,full,ordering_vs_random,reverse_chronological,random,2277,0.0022331064794117407,0.0002802539829863051,0.004141652716448824
large_threads,aqua_respect_expected,full,ordering_vs_random,regression_audience,random,2277,0.030466221797522428,0.02860708137835557,0.032348559197599644
large_threads,aqua_respect_expected,full,ordering_vs_random,regression_editor,random,2277,0.04370752250635719,0.041730975413185,0.04573070572689055
large_threads,aqua_respect_expected,full,ordering_vs_random,xgb_metadata_audience,random,2277,0.03717696312987609,0.035265926889290415,0.03910272010227274
large_threads,aqua_respect_expected,full,ordering_vs_random,xgb_metadata_editor,random,2277,0.040027516862684506,0.03808112026648964,0.042025298714566575
large_threads,aqua_respect_expected,full,ordering_vs_random,xgb_metadata_text_audience,random,2277,0.04029944149642557,0.03842763707141172,0.042184105676198465
large_threads,aqua_respect_expected,full,ordering_vs_random,xgb_metadata_text_editor,random,2277,0.04169834111969073,0.03984591730533781,0.04362189319349493
large_threads,aqua_respect_expected,full,ordering_vs_random,neural_metadata_audience,random,2277,0.004328251274760948,0.0024737312648415526,0.006176909609916057
large_threads,aqua_respect_expected,full,ordering_vs_random,neural_metadata_editor,random,2277,0.011523196433655262,0.009618231568033757,0.013447558936380445
large_threads,aqua_respect_expected,full,ordering_vs_random,neural_metadata_text_audience,random,2277,0.008984304092050342,0.0072048493543790445,0.010751607392487136
large_threads,aqua_respect_expected,full,ordering_vs_random,neural_metadata_text_editor,random,2277,0.0167506749989047,0.01487414132262986,0.018621277248530112
large_threads,aqua_respect_expected,full,reply_vs_loose,trees,loose,2277,0.0007707502562687244,-0.002549993551870451,0.0038017197292845146
large_threads,aqua_respect_expected,full,reply_vs_loose,hidden,loose,2277,-0.0024145148314361456,-0.0038598528951038717,-0.000915556615453816
large_threads,aqua_respect_expected,full,pinned_vs_unpinned,pinned,unpinned,2277,-0.004262985818838861,-0.005833768647465479,-0.0026400562643678796
large_threads,aqua_respect_expected,top10,ordering_vs_random,relative_votes,random,2277,0.03298211055126128,0.029975717261950245,0.03610369637449858
large_threads,aqua_respect_expected,top10,ordering_vs_random,upvotes,random,2277,0.032389289313143825,0.029469370913113586,0.035417929832593543
large_threads,aqua_respect_expected,top10,ordering_vs_random,chronological,random,2277,0.00909203586089045,0.0047557358920001175,0.013671866233743397
large_threads,aqua_respect_expected,top10,ordering_vs_random,reverse_chronological,random,2277,0.009052753805409321,0.005714014868312469,0.012336422145884714
large_threads,aqua_respect_expected,top10,ordering_vs_random,regression_audience,random,2277,0.06659246565691311,0.06302026547557117,0.07004584644334509
large_threads,aqua_respect_expected,top10,ordering_vs_random,regression_editor,random,2277,0.07820631994737756,0.07475282425003107,0.0816677982515023
large_threads,aqua_respect_expected,top10,ordering_vs_random,xgb_metadata_audience,random,2277,0.08125762240277924,0.07809652080229913,0.08446888233143116
large_threads,aqua_respect_expected,top10,ordering_vs_random,xgb_metadata_editor,random,2277,0.08550360996018619,0.08236715410478898,0.08861675659613247
large_threads,aqua_respect_expected,top10,ordering_vs_random,xgb_metadata_text_audience,random,2277,0.07755157301500894,0.07456786586982349,0.08060958563820994
large_threads,aqua_respect_expected,top10,ordering_vs_random,xgb_metadata_text_editor,random,2277,0.07905071842094344,0.07600545531530022,0.08211650666769053
large_threads,aqua_respect_expected,top10,ordering_vs_random,neural_metadata_audience,random,2277,0.06095392720596607,0.0575797968893775,0.0641983456147887
large_threads,aqua_respect_expected,top10,ordering_vs_random,neural_metadata_editor,random,2277,0.07116447298723946,0.06776856731456933,0.07429443445693255
large_threads,aqua_respect_expected,top10,ordering_vs_random,neural_metadata_text_audience,random,2277,0.06607725537302048,0.06290817030683625,0.06913173764255301
large_threads,aqua_respect_expected,top10,ordering_vs_random,neural_metadata_text_editor,random,2277,0.06749706686908186,0.06431504221215896,0.07063675475481196
large_threads,aqua_respect_expected,top10,reply_vs_loose,trees,loose,2277,-0.02822805571885088,-0.03011074593576202,-0.026385721855258466
large_threads,aqua_respect_expected,top10,reply_vs_loose,hidden,loose,2277,-2.1616803472159347e-05,-0.0005487800804062978,0.0005067779839235222
large_threads,aqua_respect_expected,top10,pinned_vs_unpinned,pinned,unpinned,2277,-0.0070267462379483185,-0.011281306566174949,-0.0028585937458926428
large_threads,aqua_sarcasm_expected,full,ordering_vs_random,relative_votes,random,2277,0.004979765705008318,0.003311819996954002,0.006598060635337643
large_threads,aqua_sarcasm_expected,full,ordering_vs_random,upvotes,random,2277,0.016813781422792308,0.01520028412110245,0.018363090504317826
large_threads,aqua_sarcasm_expected,full,ordering_vs_random,chronological,random,2277,-0.005028096726986107,-0.006667115781781339,-0.0033805117081717054
large_threads,aqua_sarcasm_expected,full,ordering_vs_random,reverse_chronological,random,2277,0.004538002530662557,0.002874875479349651,0.006132684845740853
large_threads,aqua_sarcasm_expected,full,ordering_vs_random,regression_audience,random,2277,0.008476597025811166,0.006851148703647532,0.010034513828902856
large_threads,aqua_sarcasm_expected,full,ordering_vs_random,regression_editor,random,2277,-0.0026317189680639995,-0.004203952287496483,-0.0009843599245542155
large_threads,aqua_sarcasm_expected,full,ordering_vs_random,xgb_metadata_audience,random,2277,0.0016769149924486715,6.805928078932765e-05,0.0032884558426716313
large_threads,aqua_sarcasm_expected,full,ordering_vs_random,xgb_metadata_editor,random,2277,-0.00025335785321006267,-0.0018866741300951118,0.00138315048136583
large_threads,aqua_sarcasm_expected,full,ordering_vs_random,xgb_metadata_text_audience,random,2277,0.007893125509151328,0.006316856089546935,0.009512546862916813
large_threads,aqua_sarcasm_expected,full,ordering_vs_random,xgb_metadata_text_editor,random,2277,0.006925671367863992,0.005362759159080518,0.008561241600625952
large_threads,aqua_sarcasm_expected,full,ordering_vs_random,neural_metadata_audience,random,2277,0.010736485069261904,0.009062494229272244,0.012384725252205681
large_threads,aqua_sarcasm_expected,full,ordering_vs_random,neural_metadata_editor,random,2277,-0.013427450401257883,-0.015005302272588639,-0.011800686473909278
large_threads,aqua_sarcasm_expected,full,ordering_vs_random,neural_metadata_text_audience,random,2277,0.008463085337061556,0.006967730754868201,0.010072652060814254
large_threads,aqua_sarcasm_expected,full,ordering_vs_random,neural_metadata_text_editor,random,2277,-0.009720886709389394,-0.011313766733851345,-0.008122360576749567
large_threads,aqua_sarcasm_expected,full,reply_vs_loose,trees,loose,2277,-0.03520210451769502,-0.03794637205937667,-0.032331283730586614
large_threads,aqua_sarcasm_expected,full,reply_vs_loose,hidden,loose,2277,0.017542048787124846,0.016102102676336334,0.018929647890010923
large_threads,aqua_sarcasm_expected,full,pinned_vs_unpinned,pinned,unpinned,2277,0.007770483170897444,0.006438666737486709,0.009087925985946332
large_threads,aqua_sarcasm_expected,top10,ordering_vs_random,relative_votes,random,2277,-0.001981349375906583,-0.005270730799399656,0.0011528675602187587
large_threads,aqua_sarcasm_expected,top10,ordering_vs_random,upvotes,random,2277,-0.0003264649891345219,-0.003552466977415553,0.002931498316222978
large_threads,aqua_sarcasm_expected,top10,ordering_vs_random,chronological,random,2277,-0.011173001430077639,-0.015378887163956568,-0.006849430865262225
large_threads,aqua_sarcasm_expected,top10,ordering_vs_random,reverse_chronological,random,2277,-0.001096389157217748,-0.004745018211630567,0.002348335917579418
large_threads,aqua_sarcasm_expected,top10,ordering_vs_random,regression_audience,random,2277,-0.025140549644863633,-0.028558130852932514,-0.021703167829532678
large_threads,aqua_sarcasm_expected,top10,ordering_vs_random,regression_editor,random,2277,-0.05814627242239699,-0.06132767010773705,-0.05499315409896869
large_threads,aqua_sarcasm_expected,top10,ordering_vs_random,xgb_metadata_audience,random,2277,-0.035024012458873585,-0.03816217794019409,-0.03189351356616019
large_threads,aqua_sarcasm_expected,top10,ordering_vs_random,xgb_metadata_editor,random,2277,-0.04024620286879911,-0.04344139937712657,-0.037141436942552966
large_threads,aqua_sarcasm_expected,top10,ordering_vs_random,xgb_metadata_text_audience,random,2277,-0.030554729967653103,-0.0338124649287307,-0.027245674442124054
large_threads,aqua_sarcasm_expected,top10,ordering_vs_random,xgb_metadata_text_editor,random,2277,-0.032648766076564,-0.035975975492277684,-0.029380329878582658
large_threads,aqua_sarcasm_expected,top10,ordering_vs_random,neural_metadata_audience,random,2277,-0.01708235289024243,-0.02044588522088624,-0.013809571705328292
large_threads,aqua_sarcasm_expected,top10,ordering_vs_random,neural_metadata_editor,random,2277,-0.03827588033445481,-0.04148637109339169,-0.03516966262354595
large_threads,aqua_sarcasm_expected,top10,ordering_vs_random,neural_metadata_text_audience,random,2277,-0.0008464967080657877,-0.004251290656366824,0.002461869164614078
large_threads,aqua_sarcasm_expected,top10,ordering_vs_random,neural_metadata_text_editor,random,2277,-0.033258013154139364,-0.03659693457007709,-0.02986393199045191
large_threads,aqua_sarcasm_expected,top10,reply_vs_loose,trees,loose,2277,-0.0008605410715654723,-0.0029022237391198224,0.0013180638429520965
large_threads,aqua_sarcasm_expected,top10,reply_vs_loose,hidden,loose,2277,0.0038339810796464324,0.0032454602730661347,0.0044219468704498254
large_threads,aqua_sarcasm_expected,top10,pinned_vs_unpinned,pinned,unpinned,2277,0.011150108528963408,0.006599012930054039,0.015651155590859705
large_threads,aqua_score_expected,full,ordering_vs_random,relative_votes,random,2277,0.04717454207336189,0.04521649283317641,0.049240912525877596
large_threads,aqua_score_expected,full,ordering_vs_random,upvotes,random,2277,0.05344225660853135,0.05159587297162288,0.0553740444588431
large_threads,aqua_score_expected,full,ordering_vs_random,chronological,random,2277,-0.032267567824510936,-0.034367936469101266,-0.030126691950425825
large_threads,aqua_score_expected,full,ordering_vs_random,reverse_chronological,random,2277,0.031107601484334883,0.0289735255019194,0.03319847798906692
large_threads,aqua_score_expected,full,ordering_vs_random,regression_audience,random,2277,0.11838682506056492,0.11597403136806016,0.12068781852672913
large_threads,aqua_score_expected,full,ordering_vs_random,regression_editor,random,2277,0.1800081750671399,0.1774986349405205,0.18236448830635207
large_threads,aqua_score_expected,full,ordering_vs_random,xgb_metadata_audience,random,2277,0.14298971691180243,0.14033764059857948,0.14544931068600225
large_threads,aqua_score_expected,full,ordering_vs_random,xgb_metadata_editor,random,2277,0.16146094235112554,0.15877899026870243,0.1638963289217385
large_threads,aqua_score_expected,full,ordering_vs_random,xgb_metadata_text_audience,random,2277,0.1546181995080709,0.15206117447289932,0.15701751057853408
large_threads,aqua_score_expected,full,ordering_vs_random,xgb_metadata_text_editor,random,2277,0.16127805022840488,0.1587421647126131,0.16369169902641806
large_threads,aqua_score_expected,full,ordering_vs_random,neural_metadata_audience,random,2277,0.11706640914650299,0.1147608658008541,0.11938871744591481
large_threads,aqua_score_expected,full,ordering_vs_random,neural_metadata_editor,random,2277,0.15851159711259183,0.1562846614334265,0.16061068050332747
large_threads,aqua_score_expected,full,ordering_vs_random,neural_metadata_text_audience,random,2277,0.10922449741250659,0.1068764794917361,0.11166919530624533
large_threads,aqua_score_expected,full,ordering_vs_random,neural_metadata_text_editor,random,2277,0.18607010765486032,0.18375716634323055,0.18827881592106943
large_threads,aqua_score_expected,full,reply_vs_loose,trees,loose,2277,-0.10885348802534765,-0.11239339090119144,-0.10503562405771595
large_threads,aqua_score_expected,full,reply_vs_loose,hidden,loose,2277,-0.04063839421935754,-0.04237134821957179,-0.03899602201013714
large_threads,aqua_score_expected,full,pinned_vs_unpinned,pinned,unpinned,2277,-0.021048841647829022,-0.022910535257093762,-0.019198711532998156
large_threads,aqua_score_expected,top10,ordering_vs_random,relative_votes,random,2277,0.08732784033030022,0.0829208588251108,0.09192133108458857
large_threads,aqua_score_expected,top10,ordering_vs_random,upvotes,random,2277,0.08869373144060028,0.08449413315938005,0.09320019924818768
large_threads,aqua_score_expected,top10,ordering_vs_random,chronological,random,2277,-0.07141354133008665,-0.07704933538554659,-0.06585984455133319
large_threads,aqua_score_expected,top10,ordering_vs_random,reverse_chronological,random,2277,0.029134216850127508,0.024007213693502522,0.034194442794096204
large_threads,aqua_score_expected,top10,ordering_vs_random,regression_audience,random,2277,0.2050657566585927,0.2009622522533644,0.20933826044050186
large_threads,aqua_score_expected,top10,ordering_vs_random,regression_editor,random,2277,0.2712407136406712,0.26752665151308974,0.2751030929198978
large_threads,aqua_score_expected,top10,ordering_vs_random,xgb_metadata_audience,random,2277,0.24617404034628185,0.24228887399622762,0.25011549414229206
large_threads,aqua_score_expected,top10,ordering_vs_random,xgb_metadata_editor,random,2277,0.26118647778991183,0.25735884267545506,0.2649989226823131
large_threads,aqua_score_expected,top10,ordering_vs_random,xgb_metadata_text_audience,random,2277,0.2462200785442332,0.2422946155014116,0.2502424631279306
large_threads,aqua_score_expected,top10,ordering_vs_random,xgb_metadata_text_editor,random,2277,0.25127177129593337,0.24740044744308928,0.25519728733346025
large_threads,aqua_score_expected,top10,ordering_vs_random,neural_metadata_audience,random,2277,0.20160050378727232,0.19738541425165923,0.20604344509945974
large_threads,aqua_score_expected,top10,ordering_vs_random,neural_metadata_editor,random,2277,0.2171245590656232,0.21300026444681192,0.22129079928826997
large_threads,aqua_score_expected,top10,ordering_vs_random,neural_metadata_text_audience,random,2277,0.21265573762247755,0.2082310818382894,0.2171842827794088
large_threads,aqua_score_expected,top10,ordering_vs_random,neural_metadata_text_editor,random,2277,0.2624859874420453,0.2584760875594106,0.2666388769045597
large_threads,aqua_score_expected,top10,reply_vs_loose,trees,loose,2277,-0.12684765261899303,-0.12996670750654749,-0.12388049659256112
large_threads,aqua_score_expected,top10,reply_vs_loose,hidden,loose,2277,0.007621256987861794,0.006873393542313211,0.008444922119561618
large_threads,aqua_score_expected,top10,pinned_vs_unpinned,pinned,unpinned,2277,0.0310648375850447,0.025071606818924418,0.03696441103819526
large_threads,aqua_screaming_expected,full,ordering_vs_random,relative_votes,random,2277,0.012639769881235774,0.009194135859463886,0.016075200395803103
large_threads,aqua_screaming_expected,full,ordering_vs_random,upvotes,random,2277,0.017467506859314613,0.013995661371202702,0.020838564968646046
large_threads,aqua_screaming_expected,full,ordering_vs_random,chronological,random,2277,-0.01572748588854153,-0.01953945648332957,-0.012030325212465795
large_threads,aqua_screaming_expected,full,ordering_vs_random,reverse_chronological,random,2277,0.014643999153859673,0.010980267595015056,0.018412126542339334
large_threads,aqua_screaming_expected,full,ordering_vs_random,regression_audience,random,2277,0.0030124168921576507,-0.0002170247262913958,0.006287798649358721
large_threads,aqua_screaming_expected,full,ordering_vs_random,regression_editor,random,2277,-0.00024818366044145003,-0.003427118918805299,0.002802946223127925
large_threads,aqua_screaming_expected,full,ordering_vs_random,xgb_metadata_audience,random,2277,0.01593709901292628,0.01250954324111352,0.019178727458213043
large_threads,aqua_screaming_expected,full,ordering_vs_random,xgb_metadata_editor,random,2277,0.017454297339155107,0.014125573431228078,0.020586945424051588
large_threads,aqua_screaming_expected,full,ordering_vs_random,xgb_metadata_text_audience,random,2277,0.025923775387565302,0.022655662007331365,0.02917392030334664
large_threads,aqua_screaming_expected,full,ordering_vs_random,xgb_metadata_text_editor,random,2277,0.02640223432056419,0.023109476509861192,0.02960957160106487
large_threads,aqua_screaming_expected,full,ordering_vs_random,neural_metadata_audience,random,2277,-0.006315934743137316,-0.009752649253949072,-0.0029846644183464457
large_threads,aqua_screaming_expected,full,ordering_vs_random,neural_metadata_editor,random,2277,-0.007227769396521411,-0.010538772533333223,-0.004000363326895927
large_threads,aqua_screaming_expected,full,ordering_vs_random,neural_metadata_text_audience,random,2277,0.012445880360966319,0.009032559610364711,0.01579782919086238
large_threads,aqua_screaming_expected,full,ordering_vs_random,neural_metadata_text_editor,random,2277,-0.003908265748061482,-0.007287522904672369,-0.0005347173147503855
large_threads,aqua_screaming_expected,full,reply_vs_loose,trees,loose,2277,-0.06825521283740829,-0.07365599571383302,-0.06300408197713485
large_threads,aqua_screaming_expected,full,reply_vs_loose,hidden,loose,2277,0.0027185149366493267,-0.00036246314327498583,0.005916595062170206
large_threads,aqua_screaming_expected,full,pinned_vs_unpinned,pinned,unpinned,2277,0.007834763407323494,0.004514417536675986,0.01092022630897
large_threads,aqua_screaming_expected,top10,ordering_vs_random,relative_votes,random,2277,0.019857179148278233,0.010633866507714926,0.028372921361452905
large_threads,aqua_screaming_expected,top10,ordering_vs_random,upvotes,random,2277,0.021534071169124543,0.01246871391078502,0.030077228026949676
large_threads,aqua_screaming_expected,top10,ordering_vs_random,chronological,random,2277,-0.012069195220477094,-0.022153149883749747,-0.002081175151800534
large_threads,aqua_screaming_expected,top10,ordering_vs_random,reverse_chronological,random,2277,0.02296098756693122,0.013700068144935811,0.0325801776008599
large_threads,aqua_screaming_expected,top10,ordering_vs_random,regression_audience,random,2277,-0.004703199552909857,-0.014787106963376182,0.004796388162564412
large_threads,aqua_screaming_expected,top10,ordering_vs_random,regression_editor,random,2277,-0.01579925356628318,-0.025714400972552676,-0.006360288051829064
large_threads,aqua_screaming_expected,top10,ordering_vs_random,xgb_metadata_audience,random,2277,-0.008185602480010582,-0.017977680918117227,0.0013709900311809423
large_threads,aqua_screaming_expected,top10,ordering_vs_random,xgb_metadata_editor,random,2277,0.0016158440193610095,-0.00859972013071986,0.011110684726228939
large_threads,aqua_screaming_expected,top10,ordering_vs_random,xgb_metadata_text_audience,random,2277,0.017853148213736965,0.008279294922782387,0.02727167615971388
large_threads,aqua_screaming_expected,top10,ordering_vs_random,xgb_metadata_text_editor,random,2277,0.021308003044683506,0.011767350402754324,0.030711803751905402
large_threads,aqua_screaming_expected,top10,ordering_vs_random,neural_metadata_audience,random,2277,-0.01212377516104666,-0.021579532216235132,-0.0026236149540247882
large_threads,aqua_screaming_expected,top10,ordering_vs_random,neural_metadata_editor,random,2277,-0.04130226365929821,-0.050388536522438236,-0.03211882747312863
large_threads,aqua_screaming_expected,top10,ordering_vs_random,neural_metadata_text_audience,random,2277,0.03619307460059069,0.026265684415132686,0.046529933643781794
large_threads,aqua_screaming_expected,top10,ordering_vs_random,neural_metadata_text_editor,random,2277,0.03455580940763448,0.023988982952234176,0.04511494447902136
large_threads,aqua_screaming_expected,top10,reply_vs_loose,trees,loose,2277,-0.035419435343415295,-0.041675121442479396,-0.02934448719580176
large_threads,aqua_screaming_expected,top10,reply_vs_loose,hidden,loose,2277,0.005436522184648934,0.003823883818949266,0.007081565711525851
large_threads,aqua_screaming_expected,top10,pinned_vs_unpinned,pinned,unpinned,2277,0.03876257715614096,0.025259650673776616,0.052209445282420996
large_threads,aqua_solution_proposal_expected,full,ordering_vs_random,relative_votes,random,2277,0.03516183093334463,0.03321249299229767,0.03719493236823151
large_threads,aqua_solution_proposal_expected,full,ordering_vs_random,upvotes,random,2277,0.04472829844609978,0.04286410497465542,0.04665232974573074
large_threads,aqua_solution_proposal_expected,full,ordering_vs_random,chronological,random,2277,-0.03296242606234269,-0.03504386352510212,-0.03079629067544719
large_threads,aqua_solution_proposal_expected,full,ordering_vs_random,reverse_chronological,random,2277,0.031225263691820382,0.029035896900570714,0.03332150831879965
large_threads,aqua_solution_proposal_expected,full,ordering_vs_random,regression_audience,random,2277,0.10081785126918115,0.09870461663301801,0.10320364300521642
large_threads,aqua_solution_proposal_expected,full,ordering_vs_random,regression_editor,random,2277,0.16280389456897743,0.160474511179238,0.1653422304281761
large_threads,aqua_solution_proposal_expected,full,ordering_vs_random,xgb_metadata_audience,random,2277,0.12768561748744636,0.1252383784311673,0.13019645021434584
large_threads,aqua_solution_proposal_expected,full,ordering_vs_random,xgb_metadata_editor,random,2277,0.14504405373483087,0.14260113288797022,0.14752314763461652
large_threads,aqua_solution_proposal_expected,full,ordering_vs_random,xgb_metadata_text_audience,random,2277,0.14120659226730145,0.13884239330708523,0.14366046471947194
large_threads,aqua_solution_proposal_expected,full,ordering_vs_random,xgb_metadata_text_editor,random,2277,0.14762117353125043,0.14526868638537518,0.1500706199751468
large_threads,aqua_solution_proposal_expected,full,ordering_vs_random,neural_metadata_audience,random,2277,0.09512127187093784,0.09298494900824715,0.09742956307964377
large_threads,aqua_solution_proposal_expected,full,ordering_vs_random,neural_metadata_editor,random,2277,0.1409776507342311,0.13888335389088982,0.1432328737615681
large_threads,aqua_solution_proposal_expected,full,ordering_vs_random,neural_metadata_text_audience,random,2277,0.0916996405212533,0.08954341685569825,0.09403201700894509
large_threads,aqua_solution_proposal_expected,full,ordering_vs_random,neural_metadata_text_editor,random,2277,0.16743202834939389,0.1653243968758396,0.16974358614069554
large_threads,aqua_solution_proposal_expected,full,reply_vs_loose,trees,loose,2277,-0.08580050419442134,-0.08924529029479394,-0.08225766337043394
large_threads,aqua_solution_proposal_expected,full,reply_vs_loose,hidden,loose,2277,-0.03795850229857938,-0.039788633866058985,-0.03624743336970137
large_threads,aqua_solution_proposal_expected,full,pinned_vs_unpinned,pinned,unpinned,2277,-0.022677187727408763,-0.02447654722642199,-0.020898306452049095
large_threads,aqua_solution_proposal_expected,top10,ordering_vs_random,relative_votes,random,2277,0.07421008682492594,0.06987129025212585,0.07841204610695245
large_threads,aqua_solution_proposal_expected,top10,ordering_vs_random,upvotes,random,2277,0.07690327265283195,0.07268975544013509,0.08115407444728441
large_threads,aqua_solution_proposal_expected,top10,ordering_vs_random,chronological,random,2277,-0.07270646672771722,-0.07806732138896073,-0.06686755883069041
large_threads,aqua_solution_proposal_expected,top10,ordering_vs_random,reverse_chronological,random,2277,0.026617703155043502,0.02165269458537684,0.031528770500834545
large_threads,aqua_solution_proposal_expected,top10,ordering_vs_random,regression_audience,random,2277,0.18331811113967394,0.17895450291961018,0.18754849474617144
large_threads,aqua_solution_proposal_expected,top10,ordering_vs_random,regression_editor,random,2277,0.2576662013481302,0.2535175381640777,0.2616017328675842
large_threads,aqua_solution_proposal_expected,top10,ordering_vs_random,xgb_metadata_audience,random,2277,0.22564581727006375,0.22167920423810364,0.22959552179999457
large_threads,aqua_solution_proposal_expected,top10,ordering_vs_random,xgb_metadata_editor,random,2277,0.2407956859883356,0.2368293458018398,0.24469929991848932
large_threads,aqua_solution_proposal_expected,top10,ordering_vs_random,xgb_metadata_text_audience,random,2277,0.23141696059991632,0.2274767058361763,0.23526151046665533
large_threads,aqua_solution_proposal_expected,top10,ordering_vs_random,xgb_metadata_text_editor,random,2277,0.23625237006446734,0.23229768295259323,0.24012847736714293
large_threads,aqua_solution_proposal_expected,top10,ordering_vs_random,neural_metadata_audience,random,2277,0.18384947921002537,0.17931434725959072,0.18827278584868257
large_threads,aqua_solution_proposal_expected,top10,ordering_vs_random,neural_metadata_editor,random,2277,0.20940034129169036,0.2052527846843194,0.21361355387620076
large_threads,aqua_solution_proposal_expected,top10,ordering_vs_random,neural_metadata_text_audience,random,2277,0.1945531677563908,0.1901716762898904,0.19915659280574124
large_threads,aqua_solution_proposal_expected,top10,ordering_vs_random,neural_metadata_text_editor,random,2277,0.25417836066863203,0.250175725004198,0.25837165982819404
large_threads,aqua_solution_proposal_expected,top10,reply_vs_loose,trees,loose,2277,-0.10977679832951977,-0.11275823174528073,-0.10671995984703274
large_threads,aqua_solution_proposal_expected,top10,reply_vs_loose,hidden,loose,2277,0.006778966237229904,0.005918419702301408,0.007660505923286564
large_threads,aqua_solution_proposal_expected,top10,pinned_vs_unpinned,pinned,unpinned,2277,0.02697584307274258,0.02030762539994918,0.03356353412361236
large_threads,aqua_storytelling_expected,full,ordering_vs_random,relative_votes,random,2277,0.03913034894412115,0.03677700146271726,0.04153358772630452
large_threads,aqua_storytelling_expected,full,ordering_vs_random,upvotes,random,2277,0.0371027704618527,0.03471833359384108,0.03942341839231939
large_threads,aqua_storytelling_expected,full,ordering_vs_random,chronological,random,2277,-0.03772551618846742,-0.03997711589459037,-0.03525648309377212
large_threads,aqua_storytelling_expected,full,ordering_vs_random,reverse_chronological,random,2277,0.03499791469656177,0.0325643870933981,0.03715939831567082
large_threads,aqua_storytelling_expected,full,ordering_vs_random,regression_audience,random,2277,0.08452955571348436,0.0817931005257471,0.08743252696940967
large_threads,aqua_storytelling_expected,full,ordering_vs_random,regression_editor,random,2277,0.12503252933208014,0.12206823773878146,0.1281585147842317
large_threads,aqua_storytelling_expected,full,ordering_vs_random,xgb_metadata_audience,random,2277,0.11009558205501203,0.10714959552354775,0.11322087782603418
large_threads,aqua_storytelling_expected,full,ordering_vs_random,xgb_metadata_editor,random,2277,0.12065316892068446,0.117702341146436,0.1238179426194378
large_threads,aqua_storytelling_expected,full,ordering_vs_random,xgb_metadata_text_audience,random,2277,0.12561428654247625,0.12268270587222375,0.1286691323914818
large_threads,aqua_storytelling_expected,full,ordering_vs_random,xgb_metadata_text_editor,random,2277,0.13035693437181783,0.12737171892069113,0.13340485366691088
large_threads,aqua_storytelling_expected,full,ordering_vs_random,neural_metadata_audience,random,2277,0.07873200635769445,0.0762221618609021,0.08154852273171834
large_threads,aqua_storytelling_expected,full,ordering_vs_random,neural_metadata_editor,random,2277,0.09133319180375922,0.0886027468353832,0.09427868838087071
large_threads,aqua_storytelling_expected,full,ordering_vs_random,neural_metadata_text_audience,random,2277,0.0747529900821043,0.0722782967327581,0.07743772396519452
large_threads,aqua_storytelling_expected,full,ordering_vs_random,neural_metadata_text_editor,random,2277,0.11634083125022672,0.11365034275385999,0.11915932120211968
large_threads,aqua_storytelling_expected,full,reply_vs_loose,trees,loose,2277,-0.0515249648693465,-0.05527637371734662,-0.0473696252650216
large_threads,aqua_storytelling_expected,full,reply_vs_loose,hidden,loose,2277,-0.01977847415055522,-0.021736889305901105,-0.017738073791588246
large_threads,aqua_storytelling_expected,full,pinned_vs_unpinned,pinned,unpinned,2277,-0.02074721696949059,-0.02292045656113708,-0.018561190939147664
large_threads,aqua_storytelling_expected,top10,ordering_vs_random,relative_votes,random,2277,0.08369428139674813,0.07798945520954968,0.08998057541990903
large_threads,aqua_storytelling_expected,top10,ordering_vs_random,upvotes,random,2277,0.0827491164427201,0.07709495877860664,0.08919418603793815
large_threads,aqua_storytelling_expected,top10,ordering_vs_random,chronological,random,2277,-0.07683990084594156,-0.08389351093202704,-0.07005601451533237
large_threads,aqua_storytelling_expected,top10,ordering_vs_random,reverse_chronological,random,2277,0.038868756191146034,0.03248763381652087,0.04522678090214463
large_threads,aqua_storytelling_expected,top10,ordering_vs_random,regression_audience,random,2277,0.1930191277867125,0.18658378303003553,0.19910372139984278
large_threads,aqua_storytelling_expected,top10,ordering_vs_random,regression_editor,random,2277,0.22849596370856418,0.22261671667941382,0.23405688382114986
large_threads,aqua_storytelling_expected,top10,ordering_vs_random,xgb_metadata_audience,random,2277,0.2300948824288947,0.22355521671646245,0.23595514079516972
large_threads,aqua_storytelling_expected,top10,ordering_vs_random,xgb_metadata_editor,random,2277,0.24029046139657093,0.23392839274095353,0.24597537863060132
large_threads,aqua_storytelling_expected,top10,ordering_vs_random,xgb_metadata_text_audience,random,2277,0.2243899618123929,0.21823001820290217,0.23048647288629748
large_threads,aqua_storytelling_expected,top10,ordering_vs_random,xgb_metadata_text_editor,random,2277,0.2280429081659176,0.22186488917408617,0.2339202600941435
large_threads,aqua_storytelling_expected,top10,ordering_vs_random,neural_metadata_audience,random,2277,0.16834039168056994,0.16232596324028312,0.1740701057133657
large_threads,aqua_storytelling_expected,top10,ordering_vs_random,neural_metadata_editor,random,2277,0.15839971273905062,0.15272533262360594,0.1639120474650373
large_threads,aqua_storytelling_expected,top10,ordering_vs_random,neural_metadata_text_audience,random,2277,0.203506469677138,0.19702270029238753,0.20965217091885377
large_threads,aqua_storytelling_expected,top10,ordering_vs_random,neural_metadata_text_editor,random,2277,0.22182432593445253,0.2158623709852242,0.22779669462079646
large_threads,aqua_storytelling_expected,top10,reply_vs_loose,trees,loose,2277,-0.10207774405472311,-0.10573124264187769,-0.09835509699618775
large_threads,aqua_storytelling_expected,top10,reply_vs_loose,hidden,loose,2277,0.005867587232147987,0.004831221720323147,0.006925197138457833
large_threads,aqua_storytelling_expected,top10,pinned_vs_unpinned,pinned,unpinned,2277,0.02134837120772366,0.012485265419558604,0.029872795510231684
large_threads,aqua_vulgarity_expected,full,ordering_vs_random,relative_votes,random,2277,0.025962691814943862,0.024305220225283367,0.027654561540705568
large_threads,aqua_vulgarity_expected,full,ordering_vs_random,upvotes,random,2277,0.03685659210145039,0.03522233958736944,0.03839390399195301
large_threads,aqua_vulgarity_expected,full,ordering_vs_random,chronological,random,2277,-0.01796197688317746,-0.01967681575459075,-0.01615856365218615
large_threads,aqua_vulgarity_expected,full,ordering_vs_random,reverse_chronological,random,2277,0.01743468971458591,0.015658470245644995,0.019134927846466247
large_threads,aqua_vulgarity_expected,full,ordering_vs_random,regression_audience,random,2277,0.04605031050492403,0.04428193526459786,0.04773503422334103
large_threads,aqua_vulgarity_expected,full,ordering_vs_random,regression_editor,random,2277,0.05598710795803033,0.054178943817372434,0.05773880347133935
large_threads,aqua_vulgarity_expected,full,ordering_vs_random,xgb_metadata_audience,random,2277,0.05467488420104337,0.05289698174908071,0.056417410184133876
large_threads,aqua_vulgarity_expected,full,ordering_vs_random,xgb_metadata_editor,random,2277,0.056930659434317826,0.05513173064770584,0.05872568270980726
large_threads,aqua_vulgarity_expected,full,ordering_vs_random,xgb_metadata_text_audience,random,2277,0.06521948906808098,0.06337493925008718,0.06699924283203004
large_threads,aqua_vulgarity_expected,full,ordering_vs_random,xgb_metadata_text_editor,random,2277,0.06688811387619752,0.0650344629876565,0.06865370959776165
large_threads,aqua_vulgarity_expected,full,ordering_vs_random,neural_metadata_audience,random,2277,0.04004055007789519,0.038299347182968,0.041784496813511506
large_threads,aqua_vulgarity_expected,full,ordering_vs_random,neural_metadata_editor,random,2277,0.041316974827140175,0.039570645417999845,0.043048078634858766
large_threads,aqua_vulgarity_expected,full,ordering_vs_random,neural_metadata_text_audience,random,2277,0.045097931407258096,0.043355234087871675,0.04688292150081199
large_threads,aqua_vulgarity_expected,full,ordering_vs_random,neural_metadata_text_editor,random,2277,0.05431701912745816,0.05251453331144417,0.05611650968247887
large_threads,aqua_vulgarity_expected,full,reply_vs_loose,trees,loose,2277,-0.08703932846512755,-0.09004767106454532,-0.08418690175254931
large_threads,aqua_vulgarity_expected,full,reply_vs_loose,hidden,loose,2277,0.009486520376092978,0.008077514826500874,0.010849160484344852
large_threads,aqua_vulgarity_expected,full,pinned_vs_unpinned,pinned,unpinned,2277,0.004628528697474398,0.00314958265895212,0.006173678888731871
large_threads,aqua_vulgarity_expected,top10,ordering_vs_random,relative_votes,random,2277,0.04559947765954363,0.04099160026201858,0.05026143797140148
large_threads,aqua_vulgarity_expected,top10,ordering_vs_random,upvotes,random,2277,0.0484598740223766,0.0438799447224029,0.05307240463631492
large_threads,aqua_vulgarity_expected,top10,ordering_vs_random,chronological,random,2277,-0.03469461492993654,-0.04080157913417254,-0.028864452330613653
large_threads,aqua_vulgarity_expected,top10,ordering_vs_random,reverse_chronological,random,2277,0.023214423314569032,0.0177959399724447,0.028335345052806698
large_threads,aqua_vulgarity_expected,top10,ordering_vs_random,regression_audience,random,2277,0.07215823048060659,0.06702663529866443,0.07735370817777219
large_threads,aqua_vulgarity_expected,top10,ordering_vs_random,regression_editor,random,2277,0.06641725145419265,0.06146014075380927,0.07123609400773118
large_threads,aqua_vulgarity_expected,top10,ordering_vs_random,xgb_metadata_audience,random,2277,0.08900913905907788,0.0842527109997078,0.09362845431448617
large_threads,aqua_vulgarity_expected,top10,ordering_vs_random,xgb_metadata_editor,random,2277,0.08913290743108702,0.08451046195970074,0.09362980211565
large_threads,aqua_vulgarity_expected,top10,ordering_vs_random,xgb_metadata_text_audience,random,2277,0.09313526178604632,0.08838588282453005,0.0980119391817455
large_threads,aqua_vulgarity_expected,top10,ordering_vs_random,xgb_metadata_text_editor,random,2277,0.0937968749992062,0.08923480083798571,0.09856069144202867
large_threads,aqua_vulgarity_expected,top10,ordering_vs_random,neural_metadata_audience,random,2277,0.06642425085922533,0.06145534051289829,0.07144126177969531
large_threads,aqua_vulgarity_expected,top10,ordering_vs_random,neural_metadata_editor,random,2277,0.0563347710984676,0.051578036647613845,0.06103519077896704
large_threads,aqua_vulgarity_expected,top10,ordering_vs_random,neural_metadata_text_audience,random,2277,0.11389194753614512,0.10937123431869149,0.11876778770538925
large_threads,aqua_vulgarity_expected,top10,ordering_vs_random,neural_metadata_text_editor,random,2277,0.09482451542568347,0.08985456529534076,0.099764921970475
large_threads,aqua_vulgarity_expected,top10,reply_vs_loose,trees,loose,2277,-0.07026991126864031,-0.07345692767223369,-0.06720159495898814
large_threads,aqua_vulgarity_expected,top10,reply_vs_loose,hidden,loose,2277,0.008223901444084492,0.00739471149750144,0.009059833903357907
large_threads,aqua_vulgarity_expected,top10,pinned_vs_unpinned,pinned,unpinned,2277,0.017980774464011067,0.010859835072311919,0.025323270184194696
large_threads,article_similarity_top3,full,ordering_vs_random,relative_votes,random,2277,0.05294496034499196,0.05088737886598958,0.05504355021760244
large_threads,article_similarity_top3,full,ordering_vs_random,upvotes,random,2277,0.05875551006412493,0.056722329177680324,0.06073228678331741
large_threads,article_similarity_top3,full,ordering_vs_random,chronological,random,2277,-0.0012169867086794797,-0.003308397427038301,0.0007795468387661058
large_threads,article_similarity_top3,full,ordering_vs_random,reverse_chronological,random,2277,0.0012072505512030621,-0.0008030211060079267,0.0033258733812212807
large_threads,article_similarity_top3,full,ordering_vs_random,regression_audience,random,2277,0.12940437625315632,0.12738956121465367,0.13151732160424237
large_threads,article_similarity_top3,full,ordering_vs_random,regression_editor,random,2277,0.1756834738433146,0.17361336988398055,0.177868716297568
large_threads,article_similarity_top3,full,ordering_vs_random,xgb_metadata_audience,random,2277,0.143427244846384,0.14124080164740083,0.14558478465387625
large_threads,article_similarity_top3,full,ordering_vs_random,xgb_metadata_editor,random,2277,0.15703427024715633,0.1549167948652268,0.15917011878847992
large_threads,article_similarity_top3,full,ordering_vs_random,xgb_metadata_text_audience,random,2277,0.14883294852561899,0.14664020709674896,0.15099372053682633
large_threads,article_similarity_top3,full,ordering_vs_random,xgb_metadata_text_editor,random,2277,0.15307723365066628,0.15093195659687642,0.15524745255960906
large_threads,article_similarity_top3,full,ordering_vs_random,neural_metadata_audience,random,2277,0.11129514395945729,0.10905637082986072,0.11343807480313903
large_threads,article_similarity_top3,full,ordering_vs_random,neural_metadata_editor,random,2277,0.15787484017608622,0.15591046042914375,0.15980700600217942
large_threads,article_similarity_top3,full,ordering_vs_random,neural_metadata_text_audience,random,2277,0.10899773461718835,0.10680802926846729,0.11123373989704854
large_threads,article_similarity_top3,full,ordering_vs_random,neural_metadata_text_editor,random,2277,0.17237751729479475,0.17029855253197843,0.17453596273427477
large_threads,article_similarity_top3,full,reply_vs_loose,trees,loose,2277,-0.20384725624889763,-0.20706942337755455,-0.2005108612876715
large_threads,article_similarity_top3,full,reply_vs_loose,hidden,loose,2277,-0.01716169058180181,-0.01895748309070808,-0.015368070127721054
large_threads,article_similarity_top3,full,pinned_vs_unpinned,pinned,unpinned,2277,0.004103466095046395,0.0024311289781779356,0.00576622944579002
large_threads,article_similarity_top3,top10,ordering_vs_random,relative_votes,random,2277,0.07446995810579862,0.07070774501910586,0.07841131268128904
large_threads,article_similarity_top3,top10,ordering_vs_random,upvotes,random,2277,0.07577979546926313,0.07195117602171966,0.07977598871355292
large_threads,article_similarity_top3,top10,ordering_vs_random,chronological,random,2277,0.0006904577834678497,-0.004017695867858105,0.005489637435026888
large_threads,article_similarity_top3,top10,ordering_vs_random,reverse_chronological,random,2277,0.004374735413943396,5.366415861920889e-05,0.008643601705049082
large_threads,article_similarity_top3,top10,ordering_vs_random,regression_audience,random,2277,0.16344296414860554,0.159495615965101,0.16751416940185984
large_threads,article_similarity_top3,top10,ordering_vs_random,regression_editor,random,2277,0.2106456297065919,0.20674504228266274,0.21455252152307006
large_threads,article_similarity_top3,top10,ordering_vs_random,xgb_metadata_audience,random,2277,0.1884654487546094,0.18477973190501568,0.1922403738469836
large_threads,article_similarity_top3,top10,ordering_vs_random,xgb_metadata_editor,random,2277,0.19464413945617104,0.19096127730903525,0.19834205159504512
large_threads,article_similarity_top3,top10,ordering_vs_random,xgb_metadata_text_audience,random,2277,0.18353744033400632,0.17999927102641838,0.18735528727324385
large_threads,article_similarity_top3,top10,ordering_vs_random,xgb_metadata_text_editor,random,2277,0.18480438880830036,0.1811614662038591,0.18868804703556852
large_threads,article_similarity_top3,top10,ordering_vs_random,neural_metadata_audience,random,2277,0.17431717165609123,0.17029073787892207,0.17834814923790346
large_threads,article_similarity_top3,top10,ordering_vs_random,neural_metadata_editor,random,2277,0.19446661111447056,0.19053967095544824,0.19856619612063828
large_threads,article_similarity_top3,top10,ordering_vs_random,neural_metadata_text_audience,random,2277,0.1611189127851192,0.1569969103578336,0.1650886937932981
large_threads,article_similarity_top3,top10,ordering_vs_random,neural_metadata_text_editor,random,2277,0.19418140656856675,0.19034183154993084,0.19810082352386252
large_threads,article_similarity_top3,top10,reply_vs_loose,trees,loose,2277,-0.1276944187281443,-0.13058378352777894,-0.1250185181087524
large_threads,article_similarity_top3,top10,reply_vs_loose,hidden,loose,2277,0.015773603424343953,0.015090061496825513,0.0164512741052345
large_threads,article_similarity_top3,top10,pinned_vs_unpinned,pinned,unpinned,2277,0.033338809856433546,0.028280312723766802,0.03878051131902003
large_threads,author_prior_30d_downvote_reception,full,ordering_vs_random,relative_votes,random,2277,-0.026130441902830127,-0.027896706924722892,-0.02429349884573281
large_threads,author_prior_30d_downvote_reception,full,ordering_vs_random,upvotes,random,2277,0.0025962944406119925,0.0009486377890910869,0.004248883052933002
large_threads,author_prior_30d_downvote_reception,full,ordering_vs_random,chronological,random,2277,0.020890003141608972,0.01885412463967157,0.023042635977551563
large_threads,author_prior_30d_downvote_reception,full,ordering_vs_random,reverse_chronological,random,2277,-0.02052105554910408,-0.022666542083152583,-0.018489873170061868
large_threads,author_prior_30d_downvote_reception,full,ordering_vs_random,regression_audience,random,2277,0.007087506770001627,0.0053330380056697225,0.008858390741221857
large_threads,author_prior_30d_downvote_reception,full,ordering_vs_random,regression_editor,random,2277,0.007512338849939392,0.005827974569852412,0.009222878685317203
large_threads,author_prior_30d_downvote_reception,full,ordering_vs_random,xgb_metadata_audience,random,2277,0.012494216997255102,0.0108362383535363,0.014195427606986036
large_threads,author_prior_30d_downvote_reception,full,ordering_vs_random,xgb_metadata_editor,random,2277,0.012562194731541064,0.010900807697312593,0.014211604942940987
large_threads,author_prior_30d_downvote_reception,full,ordering_vs_random,xgb_metadata_text_audience,random,2277,0.022178246802196967,0.020530581682315408,0.023860123657996137
large_threads,author_prior_30d_downvote_reception,full,ordering_vs_random,xgb_metadata_text_editor,random,2277,0.021685982555969145,0.02001636274807286,0.023367797438895596
large_threads,author_prior_30d_downvote_reception,full,ordering_vs_random,neural_metadata_audience,random,2277,0.011069923702325972,0.00936393521313131,0.012795097930413423
large_threads,author_prior_30d_downvote_reception,full,ordering_vs_random,neural_metadata_editor,random,2277,0.0009176589965619479,-0.0007754749606177103,0.0026355780543310774
large_threads,author_prior_30d_downvote_reception,full,ordering_vs_random,neural_metadata_text_audience,random,2277,0.011795327016456624,0.01014670930846205,0.013453069182447555
large_threads,author_prior_30d_downvote_reception,full,ordering_vs_random,neural_metadata_text_editor,random,2277,-0.0016886970608075023,-0.0033425006783541025,-8.440046623067148e-05
large_threads,author_prior_30d_downvote_reception,full,reply_vs_loose,trees,loose,2277,-0.06937297018739218,-0.07221638662467413,-0.06668606444774426
large_threads,author_prior_30d_downvote_reception,full,reply_vs_loose,hidden,loose,2277,0.03262893806338346,0.031045822653462615,0.034153060833083095
large_threads,author_prior_30d_downvote_reception,full,pinned_vs_unpinned,pinned,unpinned,2277,0.017751949300572403,0.016230704195018594,0.0192614189454116
large_threads,author_prior_30d_downvote_reception,top10,ordering_vs_random,relative_votes,random,2277,-0.002185919407184517,-0.005983144677482798,0.0014157450961453295
large_threads,author_prior_30d_downvote_reception,top10,ordering_vs_random,upvotes,random,2277,0.0023389332694407415,-0.0013876152149775807,0.0060847153686464815
large_threads,author_prior_30d_downvote_reception,top10,ordering_vs_random,chronological,random,2277,0.02766309779756335,0.02340605903499446,0.03184013028217215
large_threads,author_prior_30d_downvote_reception,top10,ordering_vs_random,reverse_chronological,random,2277,-0.02130905875731423,-0.025412610494179044,-0.017026807300756494
large_threads,author_prior_30d_downvote_reception,top10,ordering_vs_random,regression_audience,random,2277,-0.02383017148601903,-0.02794730216338755,-0.01966510923880499
large_threads,author_prior_30d_downvote_reception,top10,ordering_vs_random,regression_editor,random,2277,-0.023817635396511334,-0.02806859107214786,-0.019683283596742606
large_threads,author_prior_30d_downvote_reception,top10,ordering_vs_random,xgb_metadata_audience,random,2277,-0.011254582772136517,-0.015159007723299391,-0.007429027100740065
large_threads,author_prior_30d_downvote_reception,top10,ordering_vs_random,xgb_metadata_editor,random,2277,-0.009530917073140837,-0.013425454208946563,-0.0056209470197351435
large_threads,author_prior_30d_downvote_reception,top10,ordering_vs_random,xgb_metadata_text_audience,random,2277,0.004419801157741105,0.0006401828929799361,0.00830464945102358
large_threads,author_prior_30d_downvote_reception,top10,ordering_vs_random,xgb_metadata_text_editor,random,2277,0.004544761303274836,0.0007471845672025398,0.008422632162119045
large_threads,author_prior_30d_downvote_reception,top10,ordering_vs_random,neural_metadata_audience,random,2277,-0.0016042627048353665,-0.005570698177565732,0.0023899495678617014
large_threads,author_prior_30d_downvote_reception,top10,ordering_vs_random,neural_metadata_editor,random,2277,-0.005366057703236827,-0.009197812166213527,-0.0013831131635011838
large_threads,author_prior_30d_downvote_reception,top10,ordering_vs_random,neural_metadata_text_audience,random,2277,-0.012781378879069574,-0.01683457814030861,-0.008891949190704582
large_threads,author_prior_30d_downvote_reception,top10,ordering_vs_random,neural_metadata_text_editor,random,2277,-0.015167968076765643,-0.019103911256939703,-0.011453460107964435
large_threads,author_prior_30d_downvote_reception,top10,reply_vs_loose,trees,loose,2277,-0.02452036971657664,-0.02681759600846914,-0.022231905261056874
large_threads,author_prior_30d_downvote_reception,top10,reply_vs_loose,hidden,loose,2277,0.00670371029918032,0.005961403753100941,0.007470194097119238
large_threads,author_prior_30d_downvote_reception,top10,pinned_vs_unpinned,pinned,unpinned,2277,0.01569436585682473,0.009990021660796967,0.021218014035695097
large_threads,author_prior_30d_reception_balance,full,ordering_vs_random,relative_votes,random,2277,0.07265248846392613,0.07084812079431467,0.07454559504245335
large_threads,author_prior_30d_reception_balance,full,ordering_vs_random,upvotes,random,2277,0.052038932723443634,0.05030553075831804,0.05373355097585804
large_threads,author_prior_30d_reception_balance,full,ordering_vs_random,chronological,random,2277,0.028504689967270836,0.02626409432714166,0.030637686267018866
large_threads,author_prior_30d_reception_balance,full,ordering_vs_random,reverse_chronological,random,2277,-0.03014984307223278,-0.032250592105827744,-0.027918389226174418
large_threads,author_prior_30d_reception_balance,full,ordering_vs_random,regression_audience,random,2277,0.07503883566294318,0.07307846535260444,0.07689877338865334
large_threads,author_prior_30d_reception_balance,full,ordering_vs_random,regression_editor,random,2277,0.06602887093454911,0.06417327766829796,0.06779273330390598
large_threads,author_prior_30d_reception_balance,full,ordering_vs_random,xgb_metadata_audience,random,2277,0.0634189266504623,0.06160753866324095,0.06523308824117806
large_threads,author_prior_30d_reception_balance,full,ordering_vs_random,xgb_metadata_editor,random,2277,0.06072852313758549,0.058982513169388656,0.062467001170741734
large_threads,author_prior_30d_reception_balance,full,ordering_vs_random,xgb_metadata_text_audience,random,2277,0.05477207790204615,0.05295234533008064,0.05648747374700776
large_threads,author_prior_30d_reception_balance,full,ordering_vs_random,xgb_metadata_text_editor,random,2277,0.05426577030511433,0.052477396005131655,0.05598960907401918
large_threads,author_prior_30d_reception_balance,full,ordering_vs_random,neural_metadata_audience,random,2277,0.06473175653070419,0.06281919673280187,0.06658770042193218
large_threads,author_prior_30d_reception_balance,full,ordering_vs_random,neural_metadata_editor,random,2277,0.06100028645522826,0.05916997940050861,0.06274473960556279
large_threads,author_prior_30d_reception_balance,full,ordering_vs_random,neural_metadata_text_audience,random,2277,0.06554654407045021,0.06368741073324403,0.06733349386422376
large_threads,author_prior_30d_reception_balance,full,ordering_vs_random,neural_metadata_text_editor,random,2277,0.06752966148491737,0.06578426922789173,0.06924307526752617
large_threads,author_prior_30d_reception_balance,full,reply_vs_loose,trees,loose,2277,-0.011900094467372377,-0.014687513816434211,-0.009182168011083893
large_threads,author_prior_30d_reception_balance,full,reply_vs_loose,hidden,loose,2277,-0.05162711690961427,-0.0533169951232545,-0.04998945751590875
large_threads,author_prior_30d_reception_balance,full,pinned_vs_unpinned,pinned,unpinned,2277,-0.011570144401028432,-0.013071743216544984,-0.010012590925736052
large_threads,author_prior_30d_reception_balance,top10,ordering_vs_random,relative_votes,random,2277,0.06033403407202927,0.05658481041924098,0.06409200783932852
large_threads,author_prior_30d_reception_balance,top10,ordering_vs_random,upvotes,random,2277,0.05597842641778888,0.05218950312723254,0.059663188677535554
large_threads,author_prior_30d_reception_balance,top10,ordering_vs_random,chronological,random,2277,0.013146360946705937,0.009150926573470957,0.017211228017855774
large_threads,author_prior_30d_reception_balance,top10,ordering_vs_random,reverse_chronological,random,2277,-0.053021922911509756,-0.05746110481143524,-0.04868075958084669
large_threads,author_prior_30d_reception_balance,top10,ordering_vs_random,regression_audience,random,2277,0.1279771248018674,0.12399278614764293,0.13195706539220523
large_threads,author_prior_30d_reception_balance,top10,ordering_vs_random,regression_editor,random,2277,0.11160195559732856,0.10759587457018946,0.11572479411351763
large_threads,author_prior_30d_reception_balance,top10,ordering_vs_random,xgb_metadata_audience,random,2277,0.10924353577202338,0.10528256020415468,0.1132219336562339
large_threads,author_prior_30d_reception_balance,top10,ordering_vs_random,xgb_metadata_editor,random,2277,0.10391362109855702,0.09994579852099769,0.1079060202596684
large_threads,author_prior_30d_reception_balance,top10,ordering_vs_random,xgb_metadata_text_audience,random,2277,0.09041085870395091,0.08649634308509782,0.09423788673869063
large_threads,author_prior_30d_reception_balance,top10,ordering_vs_random,xgb_metadata_text_editor,random,2277,0.08918791922557029,0.08518018459187617,0.09316251427047681
large_threads,author_prior_30d_reception_balance,top10,ordering_vs_random,neural_metadata_audience,random,2277,0.09443002829585048,0.09078061343939707,0.09833583646656847
large_threads,author_prior_30d_reception_balance,top10,ordering_vs_random,neural_metadata_editor,random,2277,0.07747906032749288,0.07356793153152215,0.08153942080495397
large_threads,author_prior_30d_reception_balance,top10,ordering_vs_random,neural_metadata_text_audience,random,2277,0.11548536451630088,0.11173851008089827,0.11916286538621733
large_threads,author_prior_30d_reception_balance,top10,ordering_vs_random,neural_metadata_text_editor,random,2277,0.09384730151592968,0.0897691100980354,0.09779501640819123
large_threads,author_prior_30d_reception_balance,top10,reply_vs_loose,trees,loose,2277,-0.03436246147086229,-0.036686752837484356,-0.03199813851989669
large_threads,author_prior_30d_reception_balance,top10,reply_vs_loose,hidden,loose,2277,3.58047607536164e-05,-0.0007056952881666639,0.0007518575747768245
large_threads,author_prior_30d_reception_balance,top10,pinned_vs_unpinned,pinned,unpinned,2277,-0.01498421971623684,-0.021061584232714214,-0.009281002684869536
large_threads,author_prior_30d_upvote_reception,full,ordering_vs_random,relative_votes,random,2277,0.08137314146307341,0.07940298528401528,0.08327150679160567
large_threads,author_prior_30d_upvote_reception,full,ordering_vs_random,upvotes,random,2277,0.08834108089876509,0.0864294574489144,0.09013677835733236
large_threads,author_prior_30d_upvote_reception,full,ordering_vs_random,chronological,random,2277,0.0753144941288155,0.07305168825125319,0.07746397345451213
large_threads,author_prior_30d_upvote_reception,full,ordering_vs_random,reverse_chronological,random,2277,-0.07691586391663188,-0.0790372667783508,-0.07472902746869262
large_threads,author_prior_30d_upvote_reception,full,ordering_vs_random,regression_audience,random,2277,0.13228169395961756,0.13036427853300167,0.13414101604127446
large_threads,author_prior_30d_upvote_reception,full,ordering_vs_random,regression_editor,random,2277,0.11803806114216968,0.11626901088842265,0.11975559664075291
large_threads,author_prior_30d_upvote_reception,full,ordering_vs_random,xgb_metadata_audience,random,2277,0.1207432020650903,0.11895762561878173,0.12256676349483596
large_threads,author_prior_30d_upvote_reception,full,ordering_vs_random,xgb_metadata_editor,random,2277,0.11650161740326388,0.1147507829758163,0.11829755677499625
large_threads,author_prior_30d_upvote_reception,full,ordering_vs_random,xgb_metadata_text_audience,random,2277,0.12051806071706857,0.11874834405660965,0.12227913195219137
large_threads,author_prior_30d_upvote_reception,full,ordering_vs_random,xgb_metadata_text_editor,random,2277,0.1190062798962528,0.11724561063026344,0.12077391669357872
large_threads,author_prior_30d_upvote_reception,full,ordering_vs_random,neural_metadata_audience,random,2277,0.12083285494515499,0.118989156969699,0.12266857642224828
large_threads,author_prior_30d_upvote_reception,full,ordering_vs_random,neural_metadata_editor,random,2277,0.10041721041725556,0.09866056019560283,0.10216428819347072
large_threads,author_prior_30d_upvote_reception,full,ordering_vs_random,neural_metadata_text_audience,random,2277,0.12370271011414381,0.12194317600423181,0.12551243171442925
large_threads,author_prior_30d_upvote_reception,full,ordering_vs_random,neural_metadata_text_editor,random,2277,0.10747728337470584,0.1057240901159756,0.10918343827697878
large_threads,author_prior_30d_upvote_reception,full,reply_vs_loose,trees,loose,2277,-0.1195254400298497,-0.12235516891442785,-0.11666556055166633
large_threads,author_prior_30d_upvote_reception,full,reply_vs_loose,hidden,loose,2277,-0.03537086400552379,-0.03699462147660235,-0.03368721671373966
large_threads,author_prior_30d_upvote_reception,full,pinned_vs_unpinned,pinned,unpinned,2277,0.0075101581147039905,0.0059300830370903985,0.009114374069098144
large_threads,author_prior_30d_upvote_reception,top10,ordering_vs_random,relative_votes,random,2277,0.09246156530021599,0.08875128228364082,0.09620240972012654
large_threads,author_prior_30d_upvote_reception,top10,ordering_vs_random,upvotes,random,2277,0.09193793066533427,0.08831186609829601,0.09560668155055276
large_threads,author_prior_30d_upvote_reception,top10,ordering_vs_random,chronological,random,2277,0.05895284269087378,0.054799413474133696,0.06311106389490048
large_threads,author_prior_30d_upvote_reception,top10,ordering_vs_random,reverse_chronological,random,2277,-0.10378014118773117,-0.1081363603206857,-0.09945206132644198
large_threads,author_prior_30d_upvote_reception,top10,ordering_vs_random,regression_audience,random,2277,0.16989170479010438,0.1661233260445513,0.17374296370276232
large_threads,author_prior_30d_upvote_reception,top10,ordering_vs_random,regression_editor,random,2277,0.1435642587112837,0.13967720366430866,0.1477861543897424
large_threads,author_prior_30d_upvote_reception,top10,ordering_vs_random,xgb_metadata_audience,random,2277,0.15846268907631067,0.15422906803607964,0.1628613514281902
large_threads,author_prior_30d_upvote_reception,top10,ordering_vs_random,xgb_metadata_editor,random,2277,0.15226915204172792,0.14801357603771698,0.1566726539985623
large_threads,author_prior_30d_upvote_reception,top10,ordering_vs_random,xgb_metadata_text_audience,random,2277,0.15016592169909665,0.14606981110413236,0.15446284897264523
large_threads,author_prior_30d_upvote_reception,top10,ordering_vs_random,xgb_metadata_text_editor,random,2277,0.14829171078659187,0.14408345849839282,0.1527350010710135
large_threads,author_prior_30d_upvote_reception,top10,ordering_vs_random,neural_metadata_audience,random,2277,0.14686029582413473,0.1430936405124005,0.15079568377561148
large_threads,author_prior_30d_upvote_reception,top10,ordering_vs_random,neural_metadata_editor,random,2277,0.11466547451036713,0.11106751745892465,0.11835643558295932
large_threads,author_prior_30d_upvote_reception,top10,ordering_vs_random,neural_metadata_text_audience,random,2277,0.16637726435305136,0.16246629834306345,0.1704192644777143
large_threads,author_prior_30d_upvote_reception,top10,ordering_vs_random,neural_metadata_text_editor,random,2277,0.12765011531230766,0.12369265600110235,0.1317483117925709
large_threads,author_prior_30d_upvote_reception,top10,reply_vs_loose,trees,loose,2277,-0.09182367575682725,-0.09444424809874703,-0.08909259594747813
large_threads,author_prior_30d_upvote_reception,top10,reply_vs_loose,hidden,loose,2277,0.008835681093465454,0.008074933944869156,0.009568449052306366
large_threads,author_prior_30d_upvote_reception,top10,pinned_vs_unpinned,pinned,unpinned,2277,-0.003331549055232515,-0.009212899998383633,0.0018797021754517528
large_threads,cttr,full,ordering_vs_random,relative_votes,random,2277,0.042681100959062857,0.04061393074803382,0.044729177334418946
large_threads,cttr,full,ordering_vs_random,upvotes,random,2277,0.05375416338899869,0.05179389513350169,0.0556645721700324
large_threads,cttr,full,ordering_vs_random,chronological,random,2277,-0.03914749752647907,-0.041295411936183565,-0.03704978941571278
large_threads,cttr,full,ordering_vs_random,reverse_chronological,random,2277,0.0376081221482818,0.03551389011077872,0.03972288879050494
large_threads,cttr,full,ordering_vs_random,regression_audience,random,2277,0.11235157110516174,0.10986737961931466,0.11487767112663694
large_threads,cttr,full,ordering_vs_random,regression_editor,random,2277,0.17302337428929584,0.17043617030718494,0.17570896013265236
large_threads,cttr,full,ordering_vs_random,xgb_metadata_audience,random,2277,0.13841754881015436,0.13584011303942953,0.1411215684877495
large_threads,cttr,full,ordering_vs_random,xgb_metadata_editor,random,2277,0.1556283379983943,0.15304624541196893,0.1583439368570527
large_threads,cttr,full,ordering_vs_random,xgb_metadata_text_audience,random,2277,0.1553393121076125,0.15282993049231097,0.1580337347333675
large_threads,cttr,full,ordering_vs_random,xgb_metadata_text_editor,random,2277,0.1622359186128669,0.15969705139247817,0.1649197379675778
large_threads,cttr,full,ordering_vs_random,neural_metadata_audience,random,2277,0.10964199495829162,0.10716265501148914,0.11220131477528009
large_threads,cttr,full,ordering_vs_random,neural_metadata_editor,random,2277,0.15244151494798974,0.15021664198287482,0.1547714756174
large_threads,cttr,full,ordering_vs_random,neural_metadata_text_audience,random,2277,0.10472900010645596,0.10225493594578232,0.10722896290735923
large_threads,cttr,full,ordering_vs_random,neural_metadata_text_editor,random,2277,0.17630666361666442,0.17400305022900753,0.178744772528235
large_threads,cttr,full,reply_vs_loose,trees,loose,2277,-0.10402031347671634,-0.10755561437253229,-0.10072020805067915
large_threads,cttr,full,reply_vs_loose,hidden,loose,2277,-0.02677302050789821,-0.028463234456494655,-0.025091855709050488
large_threads,cttr,full,pinned_vs_unpinned,pinned,unpinned,2277,-0.018031646753307387,-0.01977523899639267,-0.016139483837375606
large_threads,cttr,top10,ordering_vs_random,relative_votes,random,2277,0.07973776036585667,0.0757587570214429,0.08355757141077294
large_threads,cttr,top10,ordering_vs_random,upvotes,random,2277,0.0820608974886712,0.07807657525225732,0.08596199563722944
large_threads,cttr,top10,ordering_vs_random,chronological,random,2277,-0.07105172913842239,-0.07594999349407348,-0.06610262018194447
large_threads,cttr,top10,ordering_vs_random,reverse_chronological,random,2277,0.03356806323413852,0.028964865756370892,0.038542348917242744
large_threads,cttr,top10,ordering_vs_random,regression_audience,random,2277,0.19386062430589082,0.18964317960827132,0.19796392875999969
large_threads,cttr,top10,ordering_vs_random,regression_editor,random,2277,0.26083979690108194,0.2569267941094428,0.2644684696599532
large_threads,cttr,top10,ordering_vs_random,xgb_metadata_audience,random,2277,0.23256936806595438,0.22868566619041747,0.23637456976850535
large_threads,cttr,top10,ordering_vs_random,xgb_metadata_editor,random,2277,0.24783507658720852,0.2439797003613414,0.2516468647683995
large_threads,cttr,top10,ordering_vs_random,xgb_metadata_text_audience,random,2277,0.23649558196599188,0.2326481807158084,0.24027848351871556
large_threads,cttr,top10,ordering_vs_random,xgb_metadata_text_editor,random,2277,0.24201714963857,0.23813772566990057,0.245799462481833
large_threads,cttr,top10,ordering_vs_random,neural_metadata_audience,random,2277,0.2049797722257016,0.20066730012884956,0.20913235325238144
large_threads,cttr,top10,ordering_vs_random,neural_metadata_editor,random,2277,0.21421148951061228,0.2102964412128429,0.21806900106766974
large_threads,cttr,top10,ordering_vs_random,neural_metadata_text_audience,random,2277,0.21565411016899286,0.21154442414747016,0.21987001335948958
large_threads,cttr,top10,ordering_vs_random,neural_metadata_text_editor,random,2277,0.2589755228317589,0.2551124537136503,0.2630271707230263
large_threads,cttr,top10,reply_vs_loose,trees,loose,2277,-0.12246624916344655,-0.1251362397645506,-0.11973043130184731
large_threads,cttr,top10,reply_vs_loose,hidden,loose,2277,0.008053136935367841,0.007278151651794477,0.008817271419342524
large_threads,cttr,top10,pinned_vs_unpinned,pinned,unpinned,2277,0.02065816877466937,0.014468004064179595,0.02659746442599474
large_threads,discussion_pace,full,ordering_vs_random,relative_votes,random,2277,0.023364794293314808,0.020281407116407395,0.026561987248465473
large_threads,discussion_pace,full,ordering_vs_random,upvotes,random,2277,0.03816506802453952,0.034753757875824826,0.04180651036374667
large_threads,discussion_pace,full,ordering_vs_random,chronological,random,2277,0.04489115249802761,0.03809270648589753,0.05203256203045494
large_threads,discussion_pace,full,ordering_vs_random,reverse_chronological,random,2277,-0.07215427636820791,-0.07982682974197879,-0.06490219791520031
large_threads,discussion_pace,full,ordering_vs_random,regression_audience,random,2277,0.03883326250833974,0.033383929508306216,0.04441209065655491
large_threads,discussion_pace,full,ordering_vs_random,regression_editor,random,2277,0.053576183698440416,0.04862455781797358,0.058542719926105345
large_threads,discussion_pace,full,ordering_vs_random,xgb_metadata_audience,random,2277,0.013805276569511063,0.00892803213170635,0.01887109891844417
large_threads,discussion_pace,full,ordering_vs_random,xgb_metadata_editor,random,2277,0.01852328485713636,0.013736744311452961,0.023458292040238294
large_threads,discussion_pace,full,ordering_vs_random,xgb_metadata_text_audience,random,2277,0.0077209031173713786,0.0027452847946375708,0.012684273842441196
large_threads,discussion_pace,full,ordering_vs_random,xgb_metadata_text_editor,random,2277,0.009536323728965667,0.00458064823567051,0.014485902808884683
large_threads,discussion_pace,full,ordering_vs_random,neural_metadata_audience,random,2277,0.04445603583908327,0.03870452872568337,0.05027357444872778
large_threads,discussion_pace,full,ordering_vs_random,neural_metadata_editor,random,2277,0.031391710700533766,0.02629758927999733,0.036552511664264084
large_threads,discussion_pace,full,ordering_vs_random,neural_metadata_text_audience,random,2277,0.06112757189397161,0.0554601884593921,0.06666958537884711
large_threads,discussion_pace,full,ordering_vs_random,neural_metadata_text_editor,random,2277,0.05817267025771098,0.053327689293142896,0.06315152147927998
large_threads,discussion_pace,full,reply_vs_loose,trees,loose,2277,-0.024029729544676026,-0.028153501008238282,-0.019976225188219704
large_threads,discussion_pace,full,reply_vs_loose,hidden,loose,2277,-0.10759096382172305,-0.11079349743908824,-0.1045257554506899
large_threads,discussion_pace,full,pinned_vs_unpinned,pinned,unpinned,2277,-0.009061994455848316,-0.01136558516987663,-0.006760509659845118
large_threads,discussion_pace,top10,ordering_vs_random,relative_votes,random,2277,-0.13450202114167004,-0.14112007832203036,-0.12789765815026338
large_threads,discussion_pace,top10,ordering_vs_random,upvotes,random,2277,-0.13719251428629967,-0.143677822399637,-0.1305500817056832
large_threads,discussion_pace,top10,ordering_vs_random,chronological,random,2277,-0.56570208122234,-0.5712271562581479,-0.5604746671561237
large_threads,discussion_pace,top10,ordering_vs_random,reverse_chronological,random,2277,-0.4728120272073864,-0.4784964225506156,-0.46722940863615914
large_threads,discussion_pace,top10,ordering_vs_random,regression_audience,random,2277,-0.3255098703284637,-0.3320066900344125,-0.3189729709971215
large_threads,discussion_pace,top10,ordering_vs_random,regression_editor,random,2277,-0.241730447072728,-0.24841477457055494,-0.23507676045482825
large_threads,discussion_pace,top10,ordering_vs_random,xgb_metadata_audience,random,2277,-0.24297604661053634,-0.24978559211097856,-0.23584339069333263
large_threads,discussion_pace,top10,ordering_vs_random,xgb_metadata_editor,random,2277,-0.21390541768323848,-0.22085430813441176,-0.20687183646517648
large_threads,discussion_pace,top10,ordering_vs_random,xgb_metadata_text_audience,random,2277,-0.23374174167533437,-0.24048291666526353,-0.22687123971825485
large_threads,discussion_pace,top10,ordering_vs_random,xgb_metadata_text_editor,random,2277,-0.22334798372285875,-0.23023775591499565,-0.2164119226408226
large_threads,discussion_pace,top10,ordering_vs_random,neural_metadata_audience,random,2277,-0.3198833713250826,-0.3265917531845732,-0.3128936813048809
large_threads,discussion_pace,top10,ordering_vs_random,neural_metadata_editor,random,2277,-0.2814418346482901,-0.2884545816855592,-0.2746106353025347
large_threads,discussion_pace,top10,ordering_vs_random,neural_metadata_text_audience,random,2277,-0.17644593943919887,-0.18465317851306537,-0.1684790763766207
large_threads,discussion_pace,top10,ordering_vs_random,neural_metadata_text_editor,random,2277,-0.10056217979215,-0.10844697290827655,-0.09297419056966072
large_threads,discussion_pace,top10,reply_vs_loose,trees,loose,2277,0.11064732168813635,0.10753503706361504,0.1136452884103345
large_threads,discussion_pace,top10,reply_vs_loose,hidden,loose,2277,0.014100713092770284,0.013171917589733474,0.015024219468806676
large_threads,discussion_pace,top10,pinned_vs_unpinned,pinned,unpinned,2277,0.2552422197743821,0.24580096365305298,0.26422169669053064
large_threads,is_reply,full,ordering_vs_random,relative_votes,random,2277,-0.1041742543643542,-0.10671882898621708,-0.10142152275073253
large_threads,is_reply,full,ordering_vs_random,upvotes,random,2277,-0.1121064221316684,-0.11469820504269138,-0.10961334748345195
large_threads,is_reply,full,ordering_vs_random,chronological,random,2277,-0.039953195398534376,-0.04249300041843969,-0.03737120693277668
large_threads,is_reply,full,ordering_vs_random,reverse_chronological,random,2277,0.04426826994349634,0.041578204006236325,0.046912004249042356
large_threads,is_reply,full,ordering_vs_random,regression_audience,random,2277,-0.20983367588764285,-0.2119284242521969,-0.20780490568869983
large_threads,is_reply,full,ordering_vs_random,regression_editor,random,2277,-0.22168943029196136,-0.2238150973378547,-0.21961159077524767
large_threads,is_reply,full,ordering_vs_random,xgb_metadata_audience,random,2277,-0.2277861773649414,-0.22999816371339535,-0.22568624415240987
large_threads,is_reply,full,ordering_vs_random,xgb_metadata_editor,random,2277,-0.22984089083664833,-0.2320248436370708,-0.22771511692480464
large_threads,is_reply,full,ordering_vs_random,xgb_metadata_text_audience,random,2277,-0.2266789341684317,-0.2289038666358338,-0.22455940476237238
large_threads,is_reply,full,ordering_vs_random,xgb_metadata_text_editor,random,2277,-0.22784551758036814,-0.2300591229976461,-0.22575094196886958
large_threads,is_reply,full,ordering_vs_random,neural_metadata_audience,random,2277,-0.18554105033032114,-0.1876005184338757,-0.1835731029047159
large_threads,is_reply,full,ordering_vs_random,neural_metadata_editor,random,2277,-0.21321969808725177,-0.21530518797690837,-0.2111794234652834
large_threads,is_reply,full,ordering_vs_random,neural_metadata_text_audience,random,2277,-0.19174106630919913,-0.19380477609790894,-0.18971496939357244
large_threads,is_reply,full,ordering_vs_random,neural_metadata_text_editor,random,2277,-0.21271870580436075,-0.21483384960016,-0.2107277866213777
large_threads,is_reply,full,reply_vs_loose,trees,loose,2277,0.741582634479531,0.7380750516963457,0.7451411726547693
large_threads,is_reply,full,reply_vs_loose,hidden,loose,2277,-0.20118520068043785,-0.20233613547313326,-0.20007366170705565
large_threads,is_reply,full,pinned_vs_unpinned,pinned,unpinned,2277,-0.16621195339341738,-0.16928178556559134,-0.16292653745743962
large_threads,is_reply,top10,ordering_vs_random,relative_votes,random,2277,-0.15852306001715752,-0.1615020976889358,-0.1554164182167741
large_threads,is_reply,top10,ordering_vs_random,upvotes,random,2277,-0.1590475254921114,-0.1619971709802376,-0.15606613096324445
large_threads,is_reply,top10,ordering_vs_random,chronological,random,2277,-0.18701070302539838,-0.19080345869546952,-0.18310095466604995
large_threads,is_reply,top10,ordering_vs_random,reverse_chronological,random,2277,-0.0011369191798097642,-0.007004875957790488,0.004905824926962628
large_threads,is_reply,top10,ordering_vs_random,regression_audience,random,2277,-0.21918351198904476,-0.22212303539914507,-0.21629524635897257
large_threads,is_reply,top10,ordering_vs_random,regression_editor,random,2277,-0.21974989071948406,-0.22275769740094556,-0.2168619083651987
large_threads,is_reply,top10,ordering_vs_random,xgb_metadata_audience,random,2277,-0.22010696825193113,-0.22294224114941333,-0.2171608624815651
large_threads,is_reply,top10,ordering_vs_random,xgb_metadata_editor,random,2277,-0.22172771744401112,-0.22455286434432778,-0.21868190583357544
large_threads,is_reply,top10,ordering_vs_random,xgb_metadata_text_audience,random,2277,-0.2191425633719898,-0.22214937711925423,-0.216208462974526
large_threads,is_reply,top10,ordering_vs_random,xgb_metadata_text_editor,random,2277,-0.21960274506307434,-0.2225728604843827,-0.21665120856143266
large_threads,is_reply,top10,ordering_vs_random,neural_metadata_audience,random,2277,-0.21699644391734943,-0.22004891794051354,-0.21400608926353087
large_threads,is_reply,top10,ordering_vs_random,neural_metadata_editor,random,2277,-0.2221294972885877,-0.2252446097549075,-0.21921058279177513
large_threads,is_reply,top10,ordering_vs_random,neural_metadata_text_audience,random,2277,-0.2162925916038251,-0.21935470372308105,-0.2133173342978322
large_threads,is_reply,top10,ordering_vs_random,neural_metadata_text_editor,random,2277,-0.2221677572734753,-0.2252358315397355,-0.21912098387772677
large_threads,is_reply,top10,reply_vs_loose,trees,loose,2277,0.4233435471703055,0.41858539719837096,0.42802244470921263
large_threads,is_reply,top10,reply_vs_loose,hidden,loose,2277,-0.0928786918536631,-0.09525934624809651,-0.09063671877517057
large_threads,is_reply,top10,pinned_vs_unpinned,pinned,unpinned,2277,-0.2427317369355498,-0.245733771999538,-0.23962845297660998
large_threads,lexdiv_length_adjusted,full,ordering_vs_random,relative_votes,random,2277,0.007613668080504848,0.006083181516081761,0.009218769974223398
large_threads,lexdiv_length_adjusted,full,ordering_vs_random,upvotes,random,2277,0.007690407474375991,0.006067559912984753,0.009283140377253103
large_threads,lexdiv_length_adjusted,full,ordering_vs_random,chronological,random,2277,0.001093769496605534,-0.00047307181421504834,0.0026892500938502637
large_threads,lexdiv_length_adjusted,full,ordering_vs_random,reverse_chronological,random,2277,-0.0009586339205461938,-0.002610401912566028,0.0006065046955845647
large_threads,lexdiv_length_adjusted,full,ordering_vs_random,regression_audience,random,2277,0.00957341135995454,0.007945357689239348,0.011242090450456365
large_threads,lexdiv_length_adjusted,full,ordering_vs_random,regression_editor,random,2277,0.016493921402140895,0.014787885992776159,0.01822708221508059
large_threads,lexdiv_length_adjusted,full,ordering_vs_random,xgb_metadata_audience,random,2277,0.015655875640721736,0.014008296604604783,0.01730928367492143
large_threads,lexdiv_length_adjusted,full,ordering_vs_random,xgb_metadata_editor,random,2277,0.016289080282190744,0.01460430579635771,0.017962456453437862
large_threads,lexdiv_length_adjusted,full,ordering_vs_random,xgb_metadata_text_audience,random,2277,0.017284266379783624,0.01564803286317339,0.01892217430098184
large_threads,lexdiv_length_adjusted,full,ordering_vs_random,xgb_metadata_text_editor,random,2277,0.01754383314595383,0.01588905493105241,0.01920442148154855
large_threads,lexdiv_length_adjusted,full,ordering_vs_random,neural_metadata_audience,random,2277,0.013204946353170223,0.011599823879583332,0.01486837325050231
large_threads,lexdiv_length_adjusted,full,ordering_vs_random,neural_metadata_editor,random,2277,0.007716433823763523,0.006090842592847964,0.009448880243598863
large_threads,lexdiv_length_adjusted,full,ordering_vs_random,neural_metadata_text_audience,random,2277,0.010286846972594745,0.008636453022907883,0.011894109334008618
large_threads,lexdiv_length_adjusted,full,ordering_vs_random,neural_metadata_text_editor,random,2277,0.012879396724041372,0.011158460479366562,0.014682851400128656
large_threads,lexdiv_length_adjusted,full,reply_vs_loose,trees,loose,2277,-0.02121677159885601,-0.023590901114971786,-0.01874574753581623
large_threads,lexdiv_length_adjusted,full,reply_vs_loose,hidden,loose,2277,0.005429504267533395,0.00408925962429172,0.006758887165593341
large_threads,lexdiv_length_adjusted,full,pinned_vs_unpinned,pinned,unpinned,2277,0.004134475631101673,0.0028360865209788953,0.005451136360240324
large_threads,lexdiv_length_adjusted,top10,ordering_vs_random,relative_votes,random,2277,0.0033215864178009437,-3.7845784432608606e-05,0.006605728530745682
large_threads,lexdiv_length_adjusted,top10,ordering_vs_random,upvotes,random,2277,0.003151036094435819,-0.00010325969593776726,0.006497271634075062
large_threads,lexdiv_length_adjusted,top10,ordering_vs_random,chronological,random,2277,-0.0010276372157625305,-0.004009272552245501,0.0019856324177826984
large_threads,lexdiv_length_adjusted,top10,ordering_vs_random,reverse_chronological,random,2277,0.0021307322121072647,-0.001132938660814566,0.005431259068224006
large_threads,lexdiv_length_adjusted,top10,ordering_vs_random,regression_audience,random,2277,0.0061130393771525,0.001740430222416237,0.010306383793949327
large_threads,lexdiv_length_adjusted,top10,ordering_vs_random,regression_editor,random,2277,0.023270050542688877,0.01844234043690774,0.027895327771525525
large_threads,lexdiv_length_adjusted,top10,ordering_vs_random,xgb_metadata_audience,random,2277,0.021286245754404493,0.01668980303241255,0.0255619045083421
large_threads,lexdiv_length_adjusted,top10,ordering_vs_random,xgb_metadata_editor,random,2277,0.02166388796492512,0.016895555071442386,0.026053132971137306
large_threads,lexdiv_length_adjusted,top10,ordering_vs_random,xgb_metadata_text_audience,random,2277,0.021973843876586144,0.017510762159941892,0.026444935818038705
large_threads,lexdiv_length_adjusted,top10,ordering_vs_random,xgb_metadata_text_editor,random,2277,0.022358806107969198,0.017774360956693273,0.026820562560433213
large_threads,lexdiv_length_adjusted,top10,ordering_vs_random,neural_metadata_audience,random,2277,0.03538102570761807,0.03156179827480643,0.039196320489375394
large_threads,lexdiv_length_adjusted,top10,ordering_vs_random,neural_metadata_editor,random,2277,0.037583952394473624,0.03360573123843912,0.041645928923321404
large_threads,lexdiv_length_adjusted,top10,ordering_vs_random,neural_metadata_text_audience,random,2277,0.02553867735784923,0.021348562446669057,0.0296911924818608
large_threads,lexdiv_length_adjusted,top10,ordering_vs_random,neural_metadata_text_editor,random,2277,0.040264632908648436,0.03580230113927135,0.04470193675677095
large_threads,lexdiv_length_adjusted,top10,reply_vs_loose,trees,loose,2277,-0.014067655838381257,-0.016304671043552082,-0.01173784639193489
large_threads,lexdiv_length_adjusted,top10,reply_vs_loose,hidden,loose,2277,0.0019024294482609912,0.0012025584374811848,0.002596010020316846
large_threads,lexdiv_length_adjusted,top10,pinned_vs_unpinned,pinned,unpinned,2277,-0.0002938905951979099,-0.005728490384250972,0.005279808723647164
large_threads,log_author_prior_30d_comments,full,ordering_vs_random,relative_votes,random,2277,-0.017855751624620112,-0.019641789903248965,-0.015996609421298557
large_threads,log_author_prior_30d_comments,full,ordering_vs_random,upvotes,random,2277,-0.015046306310175731,-0.016685093561400747,-0.013268721218918297
large_threads,log_author_prior_30d_comments,full,ordering_vs_random,chronological,random,2277,0.02493852009905226,0.02252848695929936,0.027281806498921583
large_threads,log_author_prior_30d_comments,full,ordering_vs_random,reverse_chronological,random,2277,-0.026265674281928355,-0.028685079996726492,-0.023823539859389866
large_threads,log_author_prior_30d_comments,full,ordering_vs_random,regression_audience,random,2277,-0.02851445527107001,-0.030497399097912697,-0.026647013431836064
large_threads,log_author_prior_30d_comments,full,ordering_vs_random,regression_editor,random,2277,-0.032509945423583944,-0.03440304972676465,-0.03066243544300154
large_threads,log_author_prior_30d_comments,full,ordering_vs_random,xgb_metadata_audience,random,2277,-0.03162195352879198,-0.03344555017583064,-0.029796813479419388
large_threads,log_author_prior_30d_comments,full,ordering_vs_random,xgb_metadata_editor,random,2277,-0.031207793867848967,-0.03299415391183693,-0.02935761280173487
large_threads,log_author_prior_30d_comments,full,ordering_vs_random,xgb_metadata_text_audience,random,2277,-0.026850502354956434,-0.028709924047726255,-0.02497731384813845
large_threads,log_author_prior_30d_comments,full,ordering_vs_random,xgb_metadata_text_editor,random,2277,-0.027476668619924354,-0.029366995447965862,-0.025627120362446017
large_threads,log_author_prior_30d_comments,full,ordering_vs_random,neural_metadata_audience,random,2277,-0.023305103031339387,-0.025206767229719946,-0.02129305567164558
large_threads,log_author_prior_30d_comments,full,ordering_vs_random,neural_metadata_editor,random,2277,-0.027210564556318515,-0.029032323060647687,-0.025342959806188673
large_threads,log_author_prior_30d_comments,full,ordering_vs_random,neural_metadata_text_audience,random,2277,-0.01860368388327004,-0.02056474908370067,-0.01679127235027464
large_threads,log_author_prior_30d_comments,full,ordering_vs_random,neural_metadata_text_editor,random,2277,-0.02778641640418759,-0.029583683270739337,-0.02602787729584004
large_threads,log_author_prior_30d_comments,full,reply_vs_loose,trees,loose,2277,0.10187690436182577,0.09894334680944955,0.10473283943002165
large_threads,log_author_prior_30d_comments,full,reply_vs_loose,hidden,loose,2277,0.005018081204641547,0.003320595520097438,0.006778360808096387
large_threads,log_author_prior_30d_comments,full,pinned_vs_unpinned,pinned,unpinned,2277,0.0039818331684749134,0.002323701791570456,0.005712145863517808
large_threads,log_author_prior_30d_comments,top10,ordering_vs_random,relative_votes,random,2277,-0.014901863073580705,-0.018849557198967675,-0.011082996515694016
large_threads,log_author_prior_30d_comments,top10,ordering_vs_random,upvotes,random,2277,-0.014346855683635883,-0.01834002513745876,-0.010406878108730169
large_threads,log_author_prior_30d_comments,top10,ordering_vs_random,chronological,random,2277,0.022593247919613174,0.017789357657008405,0.027534764808705516
large_threads,log_author_prior_30d_comments,top10,ordering_vs_random,reverse_chronological,random,2277,-0.09433647972494356,-0.09957218325417627,-0.08891793180911732
large_threads,log_author_prior_30d_comments,top10,ordering_vs_random,regression_audience,random,2277,-0.026320607782564696,-0.030719392220038333,-0.022202808939058204
large_threads,log_author_prior_30d_comments,top10,ordering_vs_random,regression_editor,random,2277,-0.028808983353760635,-0.03309753172842574,-0.024368068604384438
large_threads,log_author_prior_30d_comments,top10,ordering_vs_random,xgb_metadata_audience,random,2277,-0.01718830777341674,-0.02152603847431232,-0.012931796944545423
large_threads,log_author_prior_30d_comments,top10,ordering_vs_random,xgb_metadata_editor,random,2277,-0.01458463908867625,-0.018910213879724944,-0.010277943810484351
large_threads,log_author_prior_30d_comments,top10,ordering_vs_random,xgb_metadata_text_audience,random,2277,-0.008940529530771648,-0.013234755583150876,-0.004416360007694852
large_threads,log_author_prior_30d_comments,top10,ordering_vs_random,xgb_metadata_text_editor,random,2277,-0.008223015074038362,-0.012629785664066875,-0.0037266426281022764
large_threads,log_author_prior_30d_comments,top10,ordering_vs_random,neural_metadata_audience,random,2277,-0.006432519751790811,-0.01062304203731351,-0.002372418296949452
large_threads,log_author_prior_30d_comments,top10,ordering_vs_random,neural_metadata_editor,random,2277,0.018590523446075372,0.014021360654038967,0.02317708433332167
large_threads,log_author_prior_30d_comments,top10,ordering_vs_random,neural_metadata_text_audience,random,2277,-0.009808061931198566,-0.013989038004697052,-0.005751651145119775
large_threads,log_author_prior_30d_comments,top10,ordering_vs_random,neural_metadata_text_editor,random,2277,-0.018066255231717183,-0.02244097945879093,-0.013619811626679459
large_threads,log_author_prior_30d_comments,top10,reply_vs_loose,trees,loose,2277,0.017896058534644245,0.015313547396369052,0.02045177655534075
large_threads,log_author_prior_30d_comments,top10,reply_vs_loose,hidden,loose,2277,-0.0031272898315379246,-0.003961182597730974,-0.0022786200743008357
large_threads,log_author_prior_30d_comments,top10,pinned_vs_unpinned,pinned,unpinned,2277,-0.010725889750607962,-0.016981087714041044,-0.004358727765047593
large_threads,log_author_prior_comments_story,full,ordering_vs_random,relative_votes,random,2277,-0.1326139437515326,-0.13502793208848096,-0.13024564135019645
large_threads,log_author_prior_comments_story,full,ordering_vs_random,upvotes,random,2277,-0.14508404127407196,-0.1474438970665185,-0.14288313569317732
large_threads,log_author_prior_comments_story,full,ordering_vs_random,chronological,random,2277,-0.1363374202290493,-0.13938247333688158,-0.13341322946873746
large_threads,log_author_prior_comments_story,full,ordering_vs_random,reverse_chronological,random,2277,0.12453106393525284,0.12150373927207855,0.12768793213695684
large_threads,log_author_prior_comments_story,full,ordering_vs_random,regression_audience,random,2277,-0.2119101248513086,-0.21414465929083729,-0.2097138745315836
large_threads,log_author_prior_comments_story,full,ordering_vs_random,regression_editor,random,2277,-0.19094266959805722,-0.19315319860208743,-0.18881769478424018
large_threads,log_author_prior_comments_story,full,ordering_vs_random,xgb_metadata_audience,random,2277,-0.20093266436056267,-0.2030430544857938,-0.19869970051952837
large_threads,log_author_prior_comments_story,full,ordering_vs_random,xgb_metadata_editor,random,2277,-0.195512899264903,-0.19763888744235145,-0.19337056601997474
large_threads,log_author_prior_comments_story,full,ordering_vs_random,xgb_metadata_text_audience,random,2277,-0.1953200057596295,-0.1974603221605836,-0.19310169776334354
large_threads,log_author_prior_comments_story,full,ordering_vs_random,xgb_metadata_text_editor,random,2277,-0.19370085936841486,-0.19583661109632397,-0.19150475637322587
large_threads,log_author_prior_comments_story,full,ordering_vs_random,neural_metadata_audience,random,2277,-0.2112151358538713,-0.2134936533196307,-0.2089285355011849
large_threads,log_author_prior_comments_story,full,ordering_vs_random,neural_metadata_editor,random,2277,-0.18472809058134498,-0.1870013986247198,-0.182555287072933
large_threads,log_author_prior_comments_story,full,ordering_vs_random,neural_metadata_text_audience,random,2277,-0.20357984072363056,-0.20582066141647107,-0.20133360126288707
large_threads,log_author_prior_comments_story,full,ordering_vs_random,neural_metadata_text_editor,random,2277,-0.1773186874725527,-0.1795821366931645,-0.17519179106523547
large_threads,log_author_prior_comments_story,full,reply_vs_loose,trees,loose,2277,0.46712381200201836,0.4628237338477374,0.4716598138963688
large_threads,log_author_prior_comments_story,full,reply_vs_loose,hidden,loose,2277,0.03566785748363352,0.032678729100863335,0.03868135408240858
large_threads,log_author_prior_comments_story,full,pinned_vs_unpinned,pinned,unpinned,2277,-0.0048305736862537165,-0.007294297651968014,-0.002131348035866644
large_threads,log_author_prior_comments_story,top10,ordering_vs_random,relative_votes,random,2277,-0.1918424760168595,-0.19607884890351485,-0.18737445261780739
large_threads,log_author_prior_comments_story,top10,ordering_vs_random,upvotes,random,2277,-0.19177421362542107,-0.1958698600891553,-0.1873527700106262
large_threads,log_author_prior_comments_story,top10,ordering_vs_random,chronological,random,2277,-0.23833373560483462,-0.24167634627776363,-0.23491449326641395
large_threads,log_author_prior_comments_story,top10,ordering_vs_random,reverse_chronological,random,2277,0.0622537229293098,0.054742711159246005,0.06968114372910358
large_threads,log_author_prior_comments_story,top10,ordering_vs_random,regression_audience,random,2277,-0.22484480940297502,-0.22842415107946948,-0.22148963225703208
large_threads,log_author_prior_comments_story,top10,ordering_vs_random,regression_editor,random,2277,-0.2011697461426279,-0.2052468343792339,-0.19715558767927888
large_threads,log_author_prior_comments_story,top10,ordering_vs_random,xgb_metadata_audience,random,2277,-0.2068690130089092,-0.21079546804209592,-0.20273480746710668
large_threads,log_author_prior_comments_story,top10,ordering_vs_random,xgb_metadata_editor,random,2277,-0.2015356998955588,-0.2056300092740642,-0.19725373787485875
large_threads,log_author_prior_comments_story,top10,ordering_vs_random,xgb_metadata_text_audience,random,2277,-0.20673769050735274,-0.2106235083256796,-0.20264419183637514
large_threads,log_author_prior_comments_story,top10,ordering_vs_random,xgb_metadata_text_editor,random,2277,-0.20412547736273384,-0.2080865496263322,-0.20003394252426332
large_threads,log_author_prior_comments_story,top10,ordering_vs_random,neural_metadata_audience,random,2277,-0.2002103143971991,-0.20451144616431832,-0.1959429779219933
large_threads,log_author_prior_comments_story,top10,ordering_vs_random,neural_metadata_editor,random,2277,-0.1712226998134206,-0.1765408726625651,-0.16600099478657393
large_threads,log_author_prior_comments_story,top10,ordering_vs_random,neural_metadata_text_audience,random,2277,-0.18255564421347953,-0.18715829200515574,-0.1778517081239022
large_threads,log_author_prior_comments_story,top10,ordering_vs_random,neural_metadata_text_editor,random,2277,-0.1597239814316011,-0.16501251828833438,-0.1544302154182949
large_threads,log_author_prior_comments_story,top10,reply_vs_loose,trees,loose,2277,0.21211724502830026,0.20727801099375026,0.21709911098999457
large_threads,log_author_prior_comments_story,top10,reply_vs_loose,hidden,loose,2277,-0.04403387231612699,-0.04570171470207277,-0.0423647482987601
large_threads,log_author_prior_comments_story,top10,pinned_vs_unpinned,pinned,unpinned,2277,-0.0779408773092207,-0.08454571886727563,-0.07138570907214668
large_threads,log_hours_since_article,full,ordering_vs_random,relative_votes,random,2277,-0.14574146470334506,-0.14846023587653512,-0.14293155220794662
large_threads,log_hours_since_article,full,ordering_vs_random,upvotes,random,2277,-0.186262687640751,-0.18886460145266004,-0.1835463186760166
large_threads,log_hours_since_article,full,ordering_vs_random,chronological,random,2277,-0.520216517915354,-0.5235740347679834,-0.5168833586921558
large_threads,log_hours_since_article,full,ordering_vs_random,reverse_chronological,random,2277,0.5135041275753726,0.5102403140230082,0.5168363441021583
large_threads,log_hours_since_article,full,ordering_vs_random,regression_audience,random,2277,-0.38029161801939015,-0.3833477072933906,-0.37734793894958296
large_threads,log_hours_since_article,full,ordering_vs_random,regression_editor,random,2277,-0.33306296374980526,-0.33588150188779403,-0.3302770143736697
large_threads,log_hours_since_article,full,ordering_vs_random,xgb_metadata_audience,random,2277,-0.34166771886526676,-0.34412355675058526,-0.33918001589676383
large_threads,log_hours_since_article,full,ordering_vs_random,xgb_metadata_editor,random,2277,-0.3246675516597371,-0.3270650698561102,-0.3222475836749197
large_threads,log_hours_since_article,full,ordering_vs_random,xgb_metadata_text_audience,random,2277,-0.3332323578478234,-0.33574460374249776,-0.330685312943725
large_threads,log_hours_since_article,full,ordering_vs_random,xgb_metadata_text_editor,random,2277,-0.32536376865166383,-0.3278627565326553,-0.32283225197044174
large_threads,log_hours_since_article,full,ordering_vs_random,neural_metadata_audience,random,2277,-0.39652396379365124,-0.39940705001011567,-0.3935561312734501
large_threads,log_hours_since_article,full,ordering_vs_random,neural_metadata_editor,random,2277,-0.3510057375400852,-0.35388082670631793,-0.3482031962177693
large_threads,log_hours_since_article,full,ordering_vs_random,neural_metadata_text_audience,random,2277,-0.3581262319913308,-0.36088680156933484,-0.35538177638034957
large_threads,log_hours_since_article,full,ordering_vs_random,neural_metadata_text_editor,random,2277,-0.30048694395852926,-0.30313534947981985,-0.29775453743723584
large_threads,log_hours_since_article,full,reply_vs_loose,trees,loose,2277,0.1288836778162978,0.12476315980284299,0.13346745335478902
large_threads,log_hours_since_article,full,reply_vs_loose,hidden,loose,2277,0.1963911252197836,0.19377529170243146,0.19889984470988337
large_threads,log_hours_since_article,full,pinned_vs_unpinned,pinned,unpinned,2277,-0.008783426097526796,-0.011111160568421078,-0.006499571198638189
large_threads,log_hours_since_article,top10,ordering_vs_random,relative_votes,random,2277,-0.24237502917490328,-0.24613022390168965,-0.23856046047309876
large_threads,log_hours_since_article,top10,ordering_vs_random,upvotes,random,2277,-0.2436159169463673,-0.24737006006295037,-0.23981082271218923
large_threads,log_hours_since_article,top10,ordering_vs_random,chronological,random,2277,-0.5037834831244534,-0.5073881427480016,-0.5004598257245343
large_threads,log_hours_since_article,top10,ordering_vs_random,reverse_chronological,random,2277,0.6315030779913504,0.6271147085182847,0.6359213839123338
large_threads,log_hours_since_article,top10,ordering_vs_random,regression_audience,random,2277,-0.4259757312526312,-0.4299476216077411,-0.42239833428559403
large_threads,log_hours_since_article,top10,ordering_vs_random,regression_editor,random,2277,-0.3822885716696903,-0.3862304264125427,-0.37836943281977725
large_threads,log_hours_since_article,top10,ordering_vs_random,xgb_metadata_audience,random,2277,-0.3851954670358795,-0.3891829515029094,-0.38139130945901595
large_threads,log_hours_since_article,top10,ordering_vs_random,xgb_metadata_editor,random,2277,-0.3693982276928416,-0.3735800463911036,-0.3654963681400337
large_threads,log_hours_since_article,top10,ordering_vs_random,xgb_metadata_text_audience,random,2277,-0.38186081306422626,-0.3858849750776212,-0.3781280216642482
large_threads,log_hours_since_article,top10,ordering_vs_random,xgb_metadata_text_editor,random,2277,-0.37523232075454116,-0.3793994737459454,-0.3713860422704086
large_threads,log_hours_since_article,top10,ordering_vs_random,neural_metadata_audience,random,2277,-0.41597563202686927,-0.4197683726845408,-0.41239754883681495
large_threads,log_hours_since_article,top10,ordering_vs_random,neural_metadata_editor,random,2277,-0.39363256448824724,-0.39771655724505584,-0.38980350613710607
large_threads,log_hours_since_article,top10,ordering_vs_random,neural_metadata_text_audience,random,2277,-0.34663755468624824,-0.3508681286748709,-0.34265791873492174
large_threads,log_hours_since_article,top10,ordering_vs_random,neural_metadata_text_editor,random,2277,-0.3067558218900434,-0.31123302375517764,-0.3026367145293978
large_threads,log_hours_since_article,top10,reply_vs_loose,trees,loose,2277,0.1812846232379282,0.17768476902951943,0.1848461752885423
large_threads,log_hours_since_article,top10,reply_vs_loose,hidden,loose,2277,-0.017559734123113686,-0.018173299382785113,-0.01696383237919038
large_threads,log_hours_since_article,top10,pinned_vs_unpinned,pinned,unpinned,2277,0.01940407420049781,0.011473670462181593,0.027568953024539367
large_threads,log_words,full,ordering_vs_random,relative_votes,random,2277,0.04549845692646924,0.043713582562455375,0.04743277222356454
large_threads,log_words,full,ordering_vs_random,upvotes,random,2277,0.05755654953388094,0.05582569949378032,0.05944456548967071
large_threads,log_words,full,ordering_vs_random,chronological,random,2277,-0.03796291127444995,-0.0401933888247008,-0.03584898459273778
large_threads,log_words,full,ordering_vs_random,reverse_chronological,random,2277,0.036841021420212755,0.034699959568056486,0.039049954578533115
large_threads,log_words,full,ordering_vs_random,regression_audience,random,2277,0.11765832386654916,0.1150960416191689,0.12005703238090848
large_threads,log_words,full,ordering_vs_random,regression_editor,random,2277,0.17785667094420882,0.17522079020667078,0.18036828041328212
large_threads,log_words,full,ordering_vs_random,xgb_metadata_audience,random,2277,0.1404344735297207,0.13774209680776434,0.1430336652258107
large_threads,log_words,full,ordering_vs_random,xgb_metadata_editor,random,2277,0.15766216149632098,0.15497890753618723,0.16022362391016393
large_threads,log_words,full,ordering_vs_random,xgb_metadata_text_audience,random,2277,0.15671484636711394,0.15412661610441467,0.1592489845477485
large_threads,log_words,full,ordering_vs_random,xgb_metadata_text_editor,random,2277,0.1635418195220423,0.16096839780077055,0.16607939537351485
large_threads,log_words,full,ordering_vs_random,neural_metadata_audience,random,2277,0.11489495424435374,0.11233619501544731,0.11728871905011323
large_threads,log_words,full,ordering_vs_random,neural_metadata_editor,random,2277,0.15651641817650394,0.15419377636536954,0.1587478962255904
large_threads,log_words,full,ordering_vs_random,neural_metadata_text_audience,random,2277,0.11017894677519956,0.10765670362107463,0.11262387432877431
large_threads,log_words,full,ordering_vs_random,neural_metadata_text_editor,random,2277,0.1799160462580053,0.17755208372325948,0.1821785944818791
large_threads,log_words,full,reply_vs_loose,trees,loose,2277,-0.11098279303010583,-0.11475037468196597,-0.10751138099476937
large_threads,log_words,full,reply_vs_loose,hidden,loose,2277,-0.02607393707347016,-0.027702327850955114,-0.02440383794676583
large_threads,log_words,full,pinned_vs_unpinned,pinned,unpinned,2277,-0.016886112619628392,-0.018753835323275386,-0.015128256235126855
large_threads,log_words,top10,ordering_vs_random,relative_votes,random,2277,0.08839159982455,0.0843876869324441,0.09246944988933709
large_threads,log_words,top10,ordering_vs_random,upvotes,random,2277,0.09097488821817926,0.08700315299754814,0.09506874131937636
large_threads,log_words,top10,ordering_vs_random,chronological,random,2277,-0.07129863170969199,-0.07623880766313144,-0.06661574440828018
large_threads,log_words,top10,ordering_vs_random,reverse_chronological,random,2277,0.03508516077692991,0.03005266464461297,0.03950353095540179
large_threads,log_words,top10,ordering_vs_random,regression_audience,random,2277,0.2121348880457413,0.20781282775884383,0.2160958397245673
large_threads,log_words,top10,ordering_vs_random,regression_editor,random,2277,0.278798248718536,0.2750875254567516,0.282566665585178
large_threads,log_words,top10,ordering_vs_random,xgb_metadata_audience,random,2277,0.2500539899672596,0.24625913357163703,0.25387029515019294
large_threads,log_words,top10,ordering_vs_random,xgb_metadata_editor,random,2277,0.26620659000601843,0.2624439666183743,0.2699530993211963
large_threads,log_words,top10,ordering_vs_random,xgb_metadata_text_audience,random,2277,0.254131301489127,0.25029386355015937,0.25810833967394786
large_threads,log_words,top10,ordering_vs_random,xgb_metadata_text_editor,random,2277,0.25986350979736106,0.25604964377311984,0.2637639338695998
large_threads,log_words,top10,ordering_vs_random,neural_metadata_audience,random,2277,0.2162857400647021,0.2119628169845,0.22050537737431342
large_threads,log_words,top10,ordering_vs_random,neural_metadata_editor,random,2277,0.22600899572776637,0.22201987877097396,0.2299789427141533
large_threads,log_words,top10,ordering_vs_random,neural_metadata_text_audience,random,2277,0.22982606338516362,0.22541794218042874,0.234193205158001
large_threads,log_words,top10,ordering_vs_random,neural_metadata_text_editor,random,2277,0.27253686515091724,0.26860598004699077,0.27648632129090106
large_threads,log_words,top10,reply_vs_loose,trees,loose,2277,-0.13616521748586177,-0.13914335294208338,-0.1331714518786962
large_threads,log_words,top10,reply_vs_loose,hidden,loose,2277,0.008341434120194719,0.007508474940912573,0.009173737920277876
large_threads,log_words,top10,pinned_vs_unpinned,pinned,unpinned,2277,0.022045015040854408,0.01583233938804221,0.028247091394506773
large_threads,novelty_prior_all_model,full,ordering_vs_random,relative_votes,random,2277,0.0010404905303097666,-0.0009576525318684595,0.0031289158928953405
large_threads,novelty_prior_all_model,full,ordering_vs_random,upvotes,random,2277,0.004105346140831557,0.002079694207344795,0.006220743344301361
large_threads,novelty_prior_all_model,full,ordering_vs_random,chronological,random,2277,0.152755651745491,0.15065174405017487,0.15503112341031175
large_threads,novelty_prior_all_model,full,ordering_vs_random,reverse_chronological,random,2277,-0.14576257167035322,-0.14804683944047306,-0.14365377381829744
large_threads,novelty_prior_all_model,full,ordering_vs_random,regression_audience,random,2277,0.03769758624620819,0.035507024153711646,0.039957121006973455
large_threads,novelty_prior_all_model,full,ordering_vs_random,regression_editor,random,2277,-0.005194829916538724,-0.007539259958002783,-0.0027942168928718476
large_threads,novelty_prior_all_model,full,ordering_vs_random,xgb_metadata_audience,random,2277,0.02849721523866128,0.026308534418282924,0.03080308803750766
large_threads,novelty_prior_all_model,full,ordering_vs_random,xgb_metadata_editor,random,2277,0.014216812061723228,0.012013627282675032,0.016534372761658037
large_threads,novelty_prior_all_model,full,ordering_vs_random,xgb_metadata_text_audience,random,2277,0.02730813663829611,0.02510875182562986,0.029631050206139584
large_threads,novelty_prior_all_model,full,ordering_vs_random,xgb_metadata_text_editor,random,2277,0.022086956767894246,0.019874164974349722,0.02442797350086464
large_threads,novelty_prior_all_model,full,ordering_vs_random,neural_metadata_audience,random,2277,0.05160625270085459,0.04948613397554378,0.0538504748109574
large_threads,novelty_prior_all_model,full,ordering_vs_random,neural_metadata_editor,random,2277,0.012269233816600512,0.010077344291461062,0.014556853126309105
large_threads,novelty_prior_all_model,full,ordering_vs_random,neural_metadata_text_audience,random,2277,0.03419499061498159,0.03197939452694428,0.03642529497223501
large_threads,novelty_prior_all_model,full,ordering_vs_random,neural_metadata_text_editor,random,2277,-0.022379501929565074,-0.024714763678132384,-0.02003110187648562
large_threads,novelty_prior_all_model,full,reply_vs_loose,trees,loose,2277,0.016888714376167856,0.012838924010724907,0.020676443604587424
large_threads,novelty_prior_all_model,full,reply_vs_loose,hidden,loose,2277,-0.019639419319823458,-0.02118771383460501,-0.01815533412843465
large_threads,novelty_prior_all_model,full,pinned_vs_unpinned,pinned,unpinned,2277,0.015199526375822938,0.01357140411009063,0.01695511288622416
large_threads,novelty_prior_all_model,top10,ordering_vs_random,relative_votes,random,2277,0.03379486915411442,0.02990231778118924,0.037612871091884506
large_threads,novelty_prior_all_model,top10,ordering_vs_random,upvotes,random,2277,0.032851255298076365,0.02903511707585997,0.0366330854091311
large_threads,novelty_prior_all_model,top10,ordering_vs_random,chronological,random,2277,0.2034034368568073,0.199954727877023,0.2069913283958058
large_threads,novelty_prior_all_model,top10,ordering_vs_random,reverse_chronological,random,2277,-0.08049869386640042,-0.08388739470304477,-0.07724921331429686
large_threads,novelty_prior_all_model,top10,ordering_vs_random,regression_audience,random,2277,0.07021144827569385,0.06602415727106582,0.0743539387292919
large_threads,novelty_prior_all_model,top10,ordering_vs_random,regression_editor,random,2277,0.029221647795207705,0.0253121364139057,0.033258551679086576
large_threads,novelty_prior_all_model,top10,ordering_vs_random,xgb_metadata_audience,random,2277,0.045985444456871236,0.04198516974977862,0.05001579505824599
large_threads,novelty_prior_all_model,top10,ordering_vs_random,xgb_metadata_editor,random,2277,0.03568896813266551,0.03173646824058309,0.03958599689531505
large_threads,novelty_prior_all_model,top10,ordering_vs_random,xgb_metadata_text_audience,random,2277,0.050734785306967164,0.046651378486833706,0.05468234780197932
large_threads,novelty_prior_all_model,top10,ordering_vs_random,xgb_metadata_text_editor,random,2277,0.047026819583919674,0.04293316350281956,0.05093009889324889
large_threads,novelty_prior_all_model,top10,ordering_vs_random,neural_metadata_audience,random,2277,0.03314591028566518,0.02966849162968518,0.03671268336929885
large_threads,novelty_prior_all_model,top10,ordering_vs_random,neural_metadata_editor,random,2277,0.037017254714219544,0.03322171336593928,0.040702174069008085
large_threads,novelty_prior_all_model,top10,ordering_vs_random,neural_metadata_text_audience,random,2277,-0.01821981425078011,-0.022067672246588725,-0.014677289077669067
large_threads,novelty_prior_all_model,top10,ordering_vs_random,neural_metadata_text_editor,random,2277,-0.032585273356046246,-0.036163615589799865,-0.0289531456294051
large_threads,novelty_prior_all_model,top10,reply_vs_loose,trees,loose,2277,-0.022372856852748542,-0.02497091330819804,-0.019762337282832963
large_threads,novelty_prior_all_model,top10,reply_vs_loose,hidden,loose,2277,-0.0006634050502369397,-0.001324516354213752,1.6266418256082315e-05
large_threads,novelty_prior_all_model,top10,pinned_vs_unpinned,pinned,unpinned,2277,-0.0465144709988041,-0.0520419213710075,-0.04126191368319966
large_threads,prior_reply_composition,full,ordering_vs_random,relative_votes,random,2277,-0.12485989042356375,-0.12772457259353073,-0.12206296896287433
large_threads,prior_reply_composition,full,ordering_vs_random,upvotes,random,2277,-0.16757534680934197,-0.17036272020311152,-0.16482345264443843
large_threads,prior_reply_composition,full,ordering_vs_random,chronological,random,2277,-0.5109719492729629,-0.5141240117900734,-0.5077749337612778
large_threads,prior_reply_composition,full,ordering_vs_random,reverse_chronological,random,2277,0.5491857980871049,0.5456732159673999,0.5525755386723069
large_threads,prior_reply_composition,full,ordering_vs_random,regression_audience,random,2277,-0.3798826143816073,-0.38265769119736315,-0.3769888899348301
large_threads,prior_reply_composition,full,ordering_vs_random,regression_editor,random,2277,-0.3250440975868336,-0.32784387422402916,-0.3222120953501337
large_threads,prior_reply_composition,full,ordering_vs_random,xgb_metadata_audience,random,2277,-0.3560110698827209,-0.3585777306687496,-0.3533645127955588
large_threads,prior_reply_composition,full,ordering_vs_random,xgb_metadata_editor,random,2277,-0.336664945800474,-0.3392570736273138,-0.3339978585102964
large_threads,prior_reply_composition,full,ordering_vs_random,xgb_metadata_text_audience,random,2277,-0.3509254631359199,-0.35353248541977333,-0.34825230744152247
large_threads,prior_reply_composition,full,ordering_vs_random,xgb_metadata_text_editor,random,2277,-0.34205125947657844,-0.3446556659088854,-0.3393909910628714
large_threads,prior_reply_composition,full,ordering_vs_random,neural_metadata_audience,random,2277,-0.39236688868628805,-0.395136174355324,-0.38958523104395476
large_threads,prior_reply_composition,full,ordering_vs_random,neural_metadata_editor,random,2277,-0.34990658019767873,-0.35261519420671283,-0.34712641436560204
large_threads,prior_reply_composition,full,ordering_vs_random,neural_metadata_text_audience,random,2277,-0.34505806658365634,-0.34792671236568873,-0.3420932312851631
large_threads,prior_reply_composition,full,ordering_vs_random,neural_metadata_text_editor,random,2277,-0.2834246256918722,-0.28633881247590937,-0.2805141136224712
large_threads,prior_reply_composition,full,reply_vs_loose,trees,loose,2277,0.10992332105131909,0.10597755759686532,0.11372115162684253
large_threads,prior_reply_composition,full,reply_vs_loose,hidden,loose,2277,0.21932889102340386,0.21679166491184138,0.221934756113158
large_threads,prior_reply_composition,full,pinned_vs_unpinned,pinned,unpinned,2277,0.004616451478109025,0.0022848579855067885,0.0069356956330033585
large_threads,prior_reply_composition,top10,ordering_vs_random,relative_votes,random,2277,-0.19828554577551377,-0.2026110133879515,-0.19399851640355895
large_threads,prior_reply_composition,top10,ordering_vs_random,upvotes,random,2277,-0.20006691951375322,-0.2042973751365418,-0.19568959753266665
large_threads,prior_reply_composition,top10,ordering_vs_random,chronological,random,2277,-0.34992548678822616,-0.3550470795371442,-0.34482761748294105
large_threads,prior_reply_composition,top10,ordering_vs_random,reverse_chronological,random,2277,0.480195894033156,0.47646761124622933,0.48422695375542646
large_threads,prior_reply_composition,top10,ordering_vs_random,regression_audience,random,2277,-0.3787163968414656,-0.3831673117885813,-0.3739721114151572
large_threads,prior_reply_composition,top10,ordering_vs_random,regression_editor,random,2277,-0.32908924807214757,-0.3336835996996345,-0.3242412764687035
large_threads,prior_reply_composition,top10,ordering_vs_random,xgb_metadata_audience,random,2277,-0.32529568885956145,-0.32975229537378015,-0.3208131556993564
large_threads,prior_reply_composition,top10,ordering_vs_random,xgb_metadata_editor,random,2277,-0.3095868162887321,-0.31404354511694194,-0.3049954549135145
large_threads,prior_reply_composition,top10,ordering_vs_random,xgb_metadata_text_audience,random,2277,-0.32394927575372945,-0.32841077042255057,-0.3192631436928253
large_threads,prior_reply_composition,top10,ordering_vs_random,xgb_metadata_text_editor,random,2277,-0.31698031466093773,-0.3216244229312723,-0.31228038597477786
large_threads,prior_reply_composition,top10,ordering_vs_random,neural_metadata_audience,random,2277,-0.3103506634887468,-0.3145958314730289,-0.30573858077404464
large_threads,prior_reply_composition,top10,ordering_vs_random,neural_metadata_editor,random,2277,-0.2956885900776482,-0.30030272476380043,-0.29100098165131905
large_threads,prior_reply_composition,top10,ordering_vs_random,neural_metadata_text_audience,random,2277,-0.23317917641357905,-0.23773953125263383,-0.2283917531504763
large_threads,prior_reply_composition,top10,ordering_vs_random,neural_metadata_text_editor,random,2277,-0.20781423712106017,-0.2122220358724869,-0.20311448675620314
large_threads,prior_reply_composition,top10,reply_vs_loose,trees,loose,2277,0.13936943635248888,0.13661398162824345,0.14233306446955205
large_threads,prior_reply_composition,top10,reply_vs_loose,hidden,loose,2277,-0.0016682346262944787,-0.0022877357650047617,-0.0010737749064330766
large_threads,prior_reply_composition,top10,pinned_vs_unpinned,pinned,unpinned,2277,0.024727813795481973,0.01700675327670098,0.032271300179930885
large_threads,reading_level_length_adjusted,full,ordering_vs_random,relative_votes,random,2277,0.009605623818128878,0.008079570595893705,0.011088880501732233
large_threads,reading_level_length_adjusted,full,ordering_vs_random,upvotes,random,2277,0.009721262928903237,0.008271080780966684,0.01117897878176856
large_threads,reading_level_length_adjusted,full,ordering_vs_random,chronological,random,2277,0.00506768011902359,0.0033732844198057976,0.006737853421725974
large_threads,reading_level_length_adjusted,full,ordering_vs_random,reverse_chronological,random,2277,-0.004974646883885728,-0.006655868493549367,-0.0033285501245997363
large_threads,reading_level_length_adjusted,full,ordering_vs_random,regression_audience,random,2277,0.018290447005890456,0.016779144951823567,0.019708835128711286
large_threads,reading_level_length_adjusted,full,ordering_vs_random,regression_editor,random,2277,0.01703418775533442,0.015546566753041158,0.01847225505203131
large_threads,reading_level_length_adjusted,full,ordering_vs_random,xgb_metadata_audience,random,2277,0.016320452105496822,0.014865396781341153,0.017745686508914484
large_threads,reading_level_length_adjusted,full,ordering_vs_random,xgb_metadata_editor,random,2277,0.01752668241165307,0.01604574970233527,0.01892193010625068
large_threads,reading_level_length_adjusted,full,ordering_vs_random,xgb_metadata_text_audience,random,2277,0.011894894136649443,0.01049281638140086,0.013321019910090605
large_threads,reading_level_length_adjusted,full,ordering_vs_random,xgb_metadata_text_editor,random,2277,0.012187664145753672,0.010773523205290424,0.01360296935930578
large_threads,reading_level_length_adjusted,full,ordering_vs_random,neural_metadata_audience,random,2277,0.02819050487235598,0.026705754922126256,0.029621343475120056
large_threads,reading_level_length_adjusted,full,ordering_vs_random,neural_metadata_editor,random,2277,0.04036723106507874,0.03893511083805701,0.04179094670606101
large_threads,reading_level_length_adjusted,full,ordering_vs_random,neural_metadata_text_audience,random,2277,0.02893325451251517,0.027443596305236097,0.030360178727586593
large_threads,reading_level_length_adjusted,full,ordering_vs_random,neural_metadata_text_editor,random,2277,0.03545235886872619,0.03405733392417177,0.036897855245611316
large_threads,reading_level_length_adjusted,full,reply_vs_loose,trees,loose,2277,-0.043887450751712895,-0.04624841047634176,-0.04158152867493382
large_threads,reading_level_length_adjusted,full,reply_vs_loose,hidden,loose,2277,-0.022966129857996606,-0.024234965032019492,-0.02162051186334794
large_threads,reading_level_length_adjusted,full,pinned_vs_unpinned,pinned,unpinned,2277,-0.0007837562279593658,-0.002165286188556656,0.0004495656098094052
large_threads,reading_level_length_adjusted,top10,ordering_vs_random,relative_votes,random,2277,0.006954005615299894,0.0034151333113819245,0.010761624594742789
large_threads,reading_level_length_adjusted,top10,ordering_vs_random,upvotes,random,2277,0.006565280227851532,0.0030395067940704556,0.010327918408888337
large_threads,reading_level_length_adjusted,top10,ordering_vs_random,chronological,random,2277,0.005060591844242998,0.0010916669590988483,0.00889219302492769
large_threads,reading_level_length_adjusted,top10,ordering_vs_random,reverse_chronological,random,2277,-0.002055169423792688,-0.005552242212750955,0.0014249608952631534
large_threads,reading_level_length_adjusted,top10,ordering_vs_random,regression_audience,random,2277,0.019523177111528477,0.01570465860503841,0.02331188305885435
large_threads,reading_level_length_adjusted,top10,ordering_vs_random,regression_editor,random,2277,0.015189042962161866,0.011438810119066004,0.01901937473859105
large_threads,reading_level_length_adjusted,top10,ordering_vs_random,xgb_metadata_audience,random,2277,0.0028761541185606844,-0.0005956820953345801,0.00637557866311917
large_threads,reading_level_length_adjusted,top10,ordering_vs_random,xgb_metadata_editor,random,2277,0.0024101063452913922,-0.0008530479171919077,0.0058968251046421765
large_threads,reading_level_length_adjusted,top10,ordering_vs_random,xgb_metadata_text_audience,random,2277,0.0002815272615913697,-0.0033289132642281044,0.0038857030869804982
large_threads,reading_level_length_adjusted,top10,ordering_vs_random,xgb_metadata_text_editor,random,2277,0.000737568463255633,-0.0028525855137295653,0.004370968238960465
large_threads,reading_level_length_adjusted,top10,ordering_vs_random,neural_metadata_audience,random,2277,-0.0009483890653062424,-0.004290447140289307,0.0024558750473591467
large_threads,reading_level_length_adjusted,top10,ordering_vs_random,neural_metadata_editor,random,2277,-0.0024554865968373176,-0.005651904412242404,0.0007519138178041606
large_threads,reading_level_length_adjusted,top10,ordering_vs_random,neural_metadata_text_audience,random,2277,0.010684071816670943,0.006872400025528401,0.014120441621446978
large_threads,reading_level_length_adjusted,top10,ordering_vs_random,neural_metadata_text_editor,random,2277,0.007989779343017877,0.004560360662893349,0.011503664707548468
large_threads,reading_level_length_adjusted,top10,reply_vs_loose,trees,loose,2277,-0.009824079260907139,-0.011999334077167242,-0.007689277211582248
large_threads,reading_level_length_adjusted,top10,reply_vs_loose,hidden,loose,2277,0.0014262350729286981,0.0007637417925297541,0.0020425299032927166
large_threads,reading_level_length_adjusted,top10,pinned_vs_unpinned,pinned,unpinned,2277,0.0041748431942884995,-0.0006104755754503929,0.00921313026473366
large_threads,reply_depth_centered,full,ordering_vs_random,relative_votes,random,2277,-0.05517432758445984,-0.057500744546596996,-0.052859046580431224
large_threads,reply_depth_centered,full,ordering_vs_random,upvotes,random,2277,-0.06391885061954251,-0.06615589598155952,-0.06161726981425711
large_threads,reply_depth_centered,full,ordering_vs_random,chronological,random,2277,-0.07670463286831466,-0.07932960562375685,-0.07396082298816252
large_threads,reply_depth_centered,full,ordering_vs_random,reverse_chronological,random,2277,0.07760362099320531,0.07484930660294435,0.0802364016766233
large_threads,reply_depth_centered,full,ordering_vs_random,regression_audience,random,2277,-0.10989991341619883,-0.11297070243068451,-0.10681503549940477
large_threads,reply_depth_centered,full,ordering_vs_random,regression_editor,random,2277,-0.08621854092860415,-0.08941479366934679,-0.08313654903391292
large_threads,reply_depth_centered,full,ordering_vs_random,xgb_metadata_audience,random,2277,-0.07942250214914562,-0.08236046518884324,-0.07650894188921639
large_threads,reply_depth_centered,full,ordering_vs_random,xgb_metadata_editor,random,2277,-0.07568000021074725,-0.07863132197608179,-0.07277313847675661
large_threads,reply_depth_centered,full,ordering_vs_random,xgb_metadata_text_audience,random,2277,-0.07025561995229955,-0.0732044750616783,-0.06736125946705812
large_threads,reply_depth_centered,full,ordering_vs_random,xgb_metadata_text_editor,random,2277,-0.06860266908586221,-0.0715523535225934,-0.06572437262718402
large_threads,reply_depth_centered,full,ordering_vs_random,neural_metadata_audience,random,2277,-0.11312782240897633,-0.11598822909334308,-0.11023417334807445
large_threads,reply_depth_centered,full,ordering_vs_random,neural_metadata_editor,random,2277,-0.0763061988314315,-0.07920064000327934,-0.07335324272396399
large_threads,reply_depth_centered,full,ordering_vs_random,neural_metadata_text_audience,random,2277,-0.09856971476186087,-0.10133780232496144,-0.09574604444562136
large_threads,reply_depth_centered,full,ordering_vs_random,neural_metadata_text_editor,random,2277,-0.056918431895973266,-0.059780445578081355,-0.054130829342733514
large_threads,reply_depth_centered,full,reply_vs_loose,trees,loose,2277,0.21090779006743463,0.2028680386637185,0.21870878509949543
large_threads,reply_depth_centered,full,reply_vs_loose,hidden,loose,2277,0.3168162053778844,0.31471978965722286,0.31889256765715446
large_threads,reply_depth_centered,full,pinned_vs_unpinned,pinned,unpinned,2277,0.015984463535446778,0.01254824634732377,0.019236268837315672
large_threads,reply_depth_centered,top10,ordering_vs_random,relative_votes,random,2277,-0.013367003915491352,-0.015275450239672864,-0.011248107557800443
large_threads,reply_depth_centered,top10,ordering_vs_random,upvotes,random,2277,-0.012004910142813546,-0.013880538921337438,-0.009935003474625797
large_threads,reply_depth_centered,top10,ordering_vs_random,chronological,random,2277,-0.0038791024766802375,-0.006079741903340784,-0.001572558708925292
large_threads,reply_depth_centered,top10,ordering_vs_random,reverse_chronological,random,2277,0.09765721387696391,0.09366240756590317,0.10149310863048494
large_threads,reply_depth_centered,top10,ordering_vs_random,regression_audience,random,2277,0.01447713750003895,0.012647975796192453,0.016368598574396362
large_threads,reply_depth_centered,top10,ordering_vs_random,regression_editor,random,2277,0.015550489439217432,0.013704382362487222,0.017414332890136233
large_threads,reply_depth_centered,top10,ordering_vs_random,xgb_metadata_audience,random,2277,0.01498040736757942,0.013113525857997507,0.016922067407626824
large_threads,reply_depth_centered,top10,ordering_vs_random,xgb_metadata_editor,random,2277,0.015546253941519197,0.013589700934227246,0.017508674136178418
large_threads,reply_depth_centered,top10,ordering_vs_random,xgb_metadata_text_audience,random,2277,0.01566169028307169,0.013795173834377032,0.017517620230062775
large_threads,reply_depth_centered,top10,ordering_vs_random,xgb_metadata_text_editor,random,2277,0.015616610116854735,0.013787548963640041,0.01752138437779501
large_threads,reply_depth_centered,top10,ordering_vs_random,neural_metadata_audience,random,2277,0.013697318566328847,0.011824777758330594,0.015523287841378266
large_threads,reply_depth_centered,top10,ordering_vs_random,neural_metadata_editor,random,2277,0.01661361013003998,0.01471933180075541,0.018480065419771805
large_threads,reply_depth_centered,top10,ordering_vs_random,neural_metadata_text_audience,random,2277,0.01234974674921547,0.010590779816818068,0.014297136075109554
large_threads,reply_depth_centered,top10,ordering_vs_random,neural_metadata_text_editor,random,2277,0.014928459342503482,0.013091879322210497,0.016832602658900617
large_threads,reply_depth_centered,top10,reply_vs_loose,trees,loose,2277,-0.16859844537860535,-0.17156240217556437,-0.16577289269793433
large_threads,reply_depth_centered,top10,reply_vs_loose,hidden,loose,2277,0.009064685061685562,0.007771048610112985,0.010493823387456329
large_threads,reply_depth_centered,top10,pinned_vs_unpinned,pinned,unpinned,2277,0.0671331047064484,0.06546535511001988,0.06864461817744094
large_threads,semantic_novelty_knn5,full,ordering_vs_random,relative_votes,random,2277,-0.05221945091208236,-0.05446266389314616,-0.04996533260564876
large_threads,semantic_novelty_knn5,full,ordering_vs_random,upvotes,random,2277,-0.06687120916535194,-0.0689559573710128,-0.06470297666703628
large_threads,semantic_novelty_knn5,full,ordering_vs_random,chronological,random,2277,-0.003050643559029938,-0.005304896476586805,-0.0008940274635124033
large_threads,semantic_novelty_knn5,full,ordering_vs_random,reverse_chronological,random,2277,0.0030915188308785007,0.0008519963211522371,0.00529623950869571
large_threads,semantic_novelty_knn5,full,ordering_vs_random,regression_audience,random,2277,-0.0992293948219957,-0.10154121325334113,-0.09680063834993327
large_threads,semantic_novelty_knn5,full,ordering_vs_random,regression_editor,random,2277,-0.13461603426457378,-0.1370209783767843,-0.13221950810638844
large_threads,semantic_novelty_knn5,full,ordering_vs_random,xgb_metadata_audience,random,2277,-0.1057877617586889,-0.10806408537040721,-0.10342065245713572
large_threads,semantic_novelty_knn5,full,ordering_vs_random,xgb_metadata_editor,random,2277,-0.11634688324857326,-0.11860489581450558,-0.11399334234783763
large_threads,semantic_novelty_knn5,full,ordering_vs_random,xgb_metadata_text_audience,random,2277,-0.10876357983776316,-0.11097966031797832,-0.10640403325662633
large_threads,semantic_novelty_knn5,full,ordering_vs_random,xgb_metadata_text_editor,random,2277,-0.11205223855248456,-0.1142748143703795,-0.10969924917699242
large_threads,semantic_novelty_knn5,full,ordering_vs_random,neural_metadata_audience,random,2277,-0.08064124254964217,-0.08299884082995905,-0.07826965570777268
large_threads,semantic_novelty_knn5,full,ordering_vs_random,neural_metadata_editor,random,2277,-0.11555299088793794,-0.11781864537317686,-0.11327228016476525
large_threads,semantic_novelty_knn5,full,ordering_vs_random,neural_metadata_text_audience,random,2277,-0.08116612230089784,-0.08348294376421721,-0.07873883144745147
large_threads,semantic_novelty_knn5,full,ordering_vs_random,neural_metadata_text_editor,random,2277,-0.13243713039072338,-0.13487126672482558,-0.13000156470060303
large_threads,semantic_novelty_knn5,full,reply_vs_loose,trees,loose,2277,0.09651774450992648,0.0925425991240583,0.10067825485432966
large_threads,semantic_novelty_knn5,full,reply_vs_loose,hidden,loose,2277,0.01355250756565939,0.011751702550398351,0.015427794981436071
large_threads,semantic_novelty_knn5,full,pinned_vs_unpinned,pinned,unpinned,2277,0.01320932256564079,0.011248043304298024,0.015078681875582853
large_threads,semantic_novelty_knn5,top10,ordering_vs_random,relative_votes,random,2277,-0.09015826426032404,-0.09386031403107707,-0.0862463663598872
large_threads,semantic_novelty_knn5,top10,ordering_vs_random,upvotes,random,2277,-0.09435176273296737,-0.09812001155132304,-0.0905545558513343
large_threads,semantic_novelty_knn5,top10,ordering_vs_random,chronological,random,2277,-0.012182100635240242,-0.016582977874174423,-0.007388593274199144
large_threads,semantic_novelty_knn5,top10,ordering_vs_random,reverse_chronological,random,2277,0.009934750323052554,0.005869940797744385,0.014024377090627477
large_threads,semantic_novelty_knn5,top10,ordering_vs_random,regression_audience,random,2277,-0.13512349979123622,-0.13959334484127842,-0.13112681516203126
large_threads,semantic_novelty_knn5,top10,ordering_vs_random,regression_editor,random,2277,-0.16759433533435578,-0.17189376566882428,-0.1634568224308968
large_threads,semantic_novelty_knn5,top10,ordering_vs_random,xgb_metadata_audience,random,2277,-0.15022417327349796,-0.1541401448839096,-0.14608050316372928
large_threads,semantic_novelty_knn5,top10,ordering_vs_random,xgb_metadata_editor,random,2277,-0.15296170242751822,-0.1569392541906371,-0.14879791988450297
large_threads,semantic_novelty_knn5,top10,ordering_vs_random,xgb_metadata_text_audience,random,2277,-0.1479518317522463,-0.1519487691496944,-0.1438196381906871
large_threads,semantic_novelty_knn5,top10,ordering_vs_random,xgb_metadata_text_editor,random,2277,-0.14839307303563404,-0.15241209361485009,-0.14428552600888164
large_threads,semantic_novelty_knn5,top10,ordering_vs_random,neural_metadata_audience,random,2277,-0.1382121297371579,-0.14222157486465511,-0.13395160397573233
large_threads,semantic_novelty_knn5,top10,ordering_vs_random,neural_metadata_editor,random,2277,-0.14321413737578853,-0.1472854479278774,-0.13900047175589794
large_threads,semantic_novelty_knn5,top10,ordering_vs_random,neural_metadata_text_audience,random,2277,-0.13677884670713103,-0.14099151019211706,-0.13244442187335517
large_threads,semantic_novelty_knn5,top10,ordering_vs_random,neural_metadata_text_editor,random,2277,-0.1579314017797542,-0.16220499079683237,-0.15377601266909605
large_threads,semantic_novelty_knn5,top10,reply_vs_loose,trees,loose,2277,0.09527236987962055,0.09245982989846864,0.09794465746662132
large_threads,semantic_novelty_knn5,top10,reply_vs_loose,hidden,loose,2277,-0.0061686125039341665,-0.006843492964354354,-0.005511062545752323
large_threads,semantic_novelty_knn5,top10,pinned_vs_unpinned,pinned,unpinned,2277,-0.045592531519590626,-0.05048734486483325,-0.0405005486011402
large_threads,sentiment_negative,full,ordering_vs_random,relative_votes,random,2277,0.01076763000474252,0.00869752572300756,0.012835537328896486
large_threads,sentiment_negative,full,ordering_vs_random,upvotes,random,2277,0.035796770646706486,0.0338768088324936,0.03779169386109184
large_threads,sentiment_negative,full,ordering_vs_random,chronological,random,2277,-0.005588410615924181,-0.0073963151934405775,-0.0038237746096468936
large_threads,sentiment_negative,full,ordering_vs_random,reverse_chronological,random,2277,0.005362722819119367,0.003533062084035653,0.0071216113807280705
large_threads,sentiment_negative,full,ordering_vs_random,regression_audience,random,2277,0.03716965998017384,0.03527695172515754,0.03906454542035358
large_threads,sentiment_negative,full,ordering_vs_random,regression_editor,random,2277,0.025185357683371698,0.023302273475748436,0.027074793730399775
large_threads,sentiment_negative,full,ordering_vs_random,xgb_metadata_audience,random,2277,0.027178638726806918,0.02522010654626445,0.029059300806626862
large_threads,sentiment_negative,full,ordering_vs_random,xgb_metadata_editor,random,2277,0.02538120951357667,0.02340943636248971,0.027289280289417524
large_threads,sentiment_negative,full,ordering_vs_random,xgb_metadata_text_audience,random,2277,0.03252244750162977,0.030569525215955098,0.0344184261230589
large_threads,sentiment_negative,full,ordering_vs_random,xgb_metadata_text_editor,random,2277,0.032546202724832086,0.03058379705606243,0.034465338637088
large_threads,sentiment_negative,full,ordering_vs_random,neural_metadata_audience,random,2277,0.031813805569850875,0.029942774608693466,0.03363803308281399
large_threads,sentiment_negative,full,ordering_vs_random,neural_metadata_editor,random,2277,-0.00900248400285822,-0.01094878924271009,-0.007046264109317632
large_threads,sentiment_negative,full,ordering_vs_random,neural_metadata_text_audience,random,2277,0.03695561719543293,0.03496159378003727,0.03878030692905735
large_threads,sentiment_negative,full,ordering_vs_random,neural_metadata_text_editor,random,2277,0.02476792891186836,0.022795126347221684,0.02670106222070733
large_threads,sentiment_negative,full,reply_vs_loose,trees,loose,2277,-0.035803064317511644,-0.0389149129653358,-0.032704972814047585
large_threads,sentiment_negative,full,reply_vs_loose,hidden,loose,2277,0.002024379921527043,0.0006145200634650374,0.0034292722472272475
large_threads,sentiment_negative,full,pinned_vs_unpinned,pinned,unpinned,2277,-0.00015595412453866414,-0.00168777398562877,0.001296487761150146
large_threads,sentiment_negative,top10,ordering_vs_random,relative_votes,random,2277,0.042228597775805024,0.03613775136866642,0.04880481591521287
large_threads,sentiment_negative,top10,ordering_vs_random,upvotes,random,2277,0.046930944650256115,0.04085594112038969,0.053425083784248
large_threads,sentiment_negative,top10,ordering_vs_random,chronological,random,2277,-0.014325986955326902,-0.02126347461525692,-0.007263937049355947
large_threads,sentiment_negative,top10,ordering_vs_random,reverse_chronological,random,2277,0.0016938861971070463,-0.004357152411939396,0.007729046519850494
large_threads,sentiment_negative,top10,ordering_vs_random,regression_audience,random,2277,0.059456636265145565,0.05323214696144052,0.0659526860738923
large_threads,sentiment_negative,top10,ordering_vs_random,regression_editor,random,2277,0.00036469174081241336,-0.005915235523366799,0.006616051219377033
large_threads,sentiment_negative,top10,ordering_vs_random,xgb_metadata_audience,random,2277,0.041343652623239094,0.03522780943966271,0.048061071475523076
large_threads,sentiment_negative,top10,ordering_vs_random,xgb_metadata_editor,random,2277,0.03054091161457946,0.024123529851498602,0.0375537277536544
large_threads,sentiment_negative,top10,ordering_vs_random,xgb_metadata_text_audience,random,2277,0.05181425206511596,0.04558116972345014,0.05847488430574988
large_threads,sentiment_negative,top10,ordering_vs_random,xgb_metadata_text_editor,random,2277,0.049645777931960205,0.04329816017056902,0.056264551632385376
large_threads,sentiment_negative,top10,ordering_vs_random,neural_metadata_audience,random,2277,0.08452712066629452,0.07812374776028516,0.09097574996738467
large_threads,sentiment_negative,top10,ordering_vs_random,neural_metadata_editor,random,2277,-0.038074024439360275,-0.04452414528297706,-0.0317150529643442
large_threads,sentiment_negative,top10,ordering_vs_random,neural_metadata_text_audience,random,2277,0.06862217354296918,0.06216663454366293,0.07508562117606411
large_threads,sentiment_negative,top10,ordering_vs_random,neural_metadata_text_editor,random,2277,0.01850362805857498,0.012218254493505422,0.02514458949076921
large_threads,sentiment_negative,top10,reply_vs_loose,trees,loose,2277,-0.03702775006215367,-0.0409791939482879,-0.03348852395230135
large_threads,sentiment_negative,top10,reply_vs_loose,hidden,loose,2277,0.00430512715077619,0.003248916026056262,0.00537012319285501
large_threads,sentiment_negative,top10,pinned_vs_unpinned,pinned,unpinned,2277,-0.008371571602980094,-0.017510325153933495,0.00033082978615735855
large_threads,sentiment_positive,full,ordering_vs_random,relative_votes,random,2277,0.009228790764792922,0.00643341907665026,0.012076017977395142
large_threads,sentiment_positive,full,ordering_vs_random,upvotes,random,2277,-0.009759893476618757,-0.012311987672510289,-0.007066562516105565
large_threads,sentiment_positive,full,ordering_vs_random,chronological,random,2277,0.007976622634947623,0.005595297759813745,0.010566927641927033
large_threads,sentiment_positive,full,ordering_vs_random,reverse_chronological,random,2277,-0.0083669897047021,-0.010955054001356037,-0.005898395383480625
large_threads,sentiment_positive,full,ordering_vs_random,regression_audience,random,2277,-0.004984150715868085,-0.007615969986815885,-0.002080176609108292
large_threads,sentiment_positive,full,ordering_vs_random,regression_editor,random,2277,0.013810162792134296,0.011093689354568385,0.01678660767343697
large_threads,sentiment_positive,full,ordering_vs_random,xgb_metadata_audience,random,2277,0.001406146180537602,-0.0012848486494411108,0.00435279146526547
large_threads,sentiment_positive,full,ordering_vs_random,xgb_metadata_editor,random,2277,0.00269241306653354,-2.921520334826566e-05,0.0057091348143610285
large_threads,sentiment_positive,full,ordering_vs_random,xgb_metadata_text_audience,random,2277,0.0013386131656324418,-0.0013500397550415596,0.004422119658684269
large_threads,sentiment_positive,full,ordering_vs_random,xgb_metadata_text_editor,random,2277,0.0013819656341729043,-0.0013137258832489308,0.004478102903084873
large_threads,sentiment_positive,full,ordering_vs_random,neural_metadata_audience,random,2277,-0.028385448414223892,-0.03098192284936217,-0.025633765228636075
large_threads,sentiment_positive,full,ordering_vs_random,neural_metadata_editor,random,2277,0.000970302143933147,-0.0018043633127627387,0.0039542365894438625
large_threads,sentiment_positive,full,ordering_vs_random,neural_metadata_text_audience,random,2277,-0.029481621477187685,-0.03204138269855651,-0.026674192682807723
large_threads,sentiment_positive,full,ordering_vs_random,neural_metadata_text_editor,random,2277,-0.028463277540397555,-0.03130567679856394,-0.02537943703562477
large_threads,sentiment_positive,full,reply_vs_loose,trees,loose,2277,0.019560671787499526,0.015189084581367862,0.023941150345225603
large_threads,sentiment_positive,full,reply_vs_loose,hidden,loose,2277,-0.004577855973683169,-0.006570201285668285,-0.002509147162940527
large_threads,sentiment_positive,full,pinned_vs_unpinned,pinned,unpinned,2277,-0.002173650478305675,-0.004364131080160034,7.469143986813552e-05
large_threads,sentiment_positive,top10,ordering_vs_random,relative_votes,random,2277,-0.002155859278241692,-0.008987508543474151,0.005111598655943615
large_threads,sentiment_positive,top10,ordering_vs_random,upvotes,random,2277,-0.005037270651744754,-0.011985499078384636,0.0021636212231068166
large_threads,sentiment_positive,top10,ordering_vs_random,chronological,random,2277,0.03049188651789451,0.022424556864371985,0.03874003122143126
large_threads,sentiment_positive,top10,ordering_vs_random,reverse_chronological,random,2277,0.00045213857130735135,-0.006362601194147454,0.0072307317351408785
large_threads,sentiment_positive,top10,ordering_vs_random,regression_audience,random,2277,0.004716664523421175,-0.003390252539427771,0.01291536545168495
large_threads,sentiment_positive,top10,ordering_vs_random,regression_editor,random,2277,0.04729103348608222,0.0391141759385609,0.05511499005278062
large_threads,sentiment_positive,top10,ordering_vs_random,xgb_metadata_audience,random,2277,0.026650589790640746,0.018257897728263382,0.03505346032929307
large_threads,sentiment_positive,top10,ordering_vs_random,xgb_metadata_editor,random,2277,0.03329559153337828,0.02469651848481702,0.041634696520643805
large_threads,sentiment_positive,top10,ordering_vs_random,xgb_metadata_text_audience,random,2277,0.016733633529971696,0.008603489891705025,0.02459861454601726
large_threads,sentiment_positive,top10,ordering_vs_random,xgb_metadata_text_editor,random,2277,0.0177401618845315,0.009728473995134913,0.025789873076982203
large_threads,sentiment_positive,top10,ordering_vs_random,neural_metadata_audience,random,2277,-0.02196713198025427,-0.02952234040394854,-0.014384599900898737
large_threads,sentiment_positive,top10,ordering_vs_random,neural_metadata_editor,random,2277,0.08683492919874085,0.07828726283322121,0.09472126794174565
large_threads,sentiment_positive,top10,ordering_vs_random,neural_metadata_text_audience,random,2277,-0.0007783105316228354,-0.009040317741666299,0.007362629379880395
large_threads,sentiment_positive,top10,ordering_vs_random,neural_metadata_text_editor,random,2277,0.019132278271231977,0.011308398664398974,0.027218667374247163
large_threads,sentiment_positive,top10,reply_vs_loose,trees,loose,2277,-0.0006706269470138325,-0.005579120838090391,0.004165914017150563
large_threads,sentiment_positive,top10,reply_vs_loose,hidden,loose,2277,-2.7844507831963265e-05,-0.0012593629050898422,0.0011484916263034411
large_threads,sentiment_positive,top10,pinned_vs_unpinned,pinned,unpinned,2277,0.0011889037139402629,-0.009036065135549009,0.011872039501371402
large_threads,smog_de,full,ordering_vs_random,relative_votes,random,2277,0.035208373540892526,0.03362313955476325,0.036821045648291605
large_threads,smog_de,full,ordering_vs_random,upvotes,random,2277,0.04311722454034386,0.04154720831998047,0.04467426218944606
large_threads,smog_de,full,ordering_vs_random,chronological,random,2277,-0.015679423507681697,-0.01745352253022908,-0.013891103877537036
large_threads,smog_de,full,ordering_vs_random,reverse_chronological,random,2277,0.015164529509569423,0.01338476289818616,0.016929354057190923
large_threads,smog_de,full,ordering_vs_random,regression_audience,random,2277,0.08318859967256655,0.08128617167117462,0.08499494795728735
large_threads,smog_de,full,ordering_vs_random,regression_editor,random,2277,0.11565090289070332,0.11374851318769584,0.11743608268560685
large_threads,smog_de,full,ordering_vs_random,xgb_metadata_audience,random,2277,0.09170972048493921,0.08983259082824008,0.09350226290713688
large_threads,smog_de,full,ordering_vs_random,xgb_metadata_editor,random,2277,0.10217701810786768,0.10027501861308767,0.10396941185497731
large_threads,smog_de,full,ordering_vs_random,xgb_metadata_text_audience,random,2277,0.09817808170645563,0.09641796112886394,0.09991156600929249
large_threads,smog_de,full,ordering_vs_random,xgb_metadata_text_editor,random,2277,0.1019537954488852,0.10016436278893154,0.10368303279268473
large_threads,smog_de,full,ordering_vs_random,neural_metadata_audience,random,2277,0.089726623863976,0.08789997676192021,0.09149912475561166
large_threads,smog_de,full,ordering_vs_random,neural_metadata_editor,random,2277,0.12284345396261129,0.12109715717249964,0.12453295263039973
large_threads,smog_de,full,ordering_vs_random,neural_metadata_text_audience,random,2277,0.08618874836511371,0.08432821341384984,0.0880490919852703
large_threads,smog_de,full,ordering_vs_random,neural_metadata_text_editor,random,2277,0.13155402968974841,0.12982094473628372,0.13328168404259277
large_threads,smog_de,full,reply_vs_loose,trees,loose,2277,-0.10238189886370866,-0.10524516702461201,-0.09949884796344591
large_threads,smog_de,full,reply_vs_loose,hidden,loose,2277,-0.03779785929782042,-0.03926842651996432,-0.03624563014303838
large_threads,smog_de,full,pinned_vs_unpinned,pinned,unpinned,2277,-0.011400412791632177,-0.012828111032191433,-0.009900801953208931
large_threads,smog_de,top10,ordering_vs_random,relative_votes,random,2277,0.04614363722813013,0.042694771485345596,0.04942332575940338
large_threads,smog_de,top10,ordering_vs_random,upvotes,random,2277,0.046815895566569274,0.04347873182610936,0.05016033612078122
large_threads,smog_de,top10,ordering_vs_random,chronological,random,2277,-0.03172064283821512,-0.03635937191500024,-0.027126683743821284
large_threads,smog_de,top10,ordering_vs_random,reverse_chronological,random,2277,0.011997029286575275,0.008083104802443033,0.015677052505169455
large_threads,smog_de,top10,ordering_vs_random,regression_audience,random,2277,0.10065893093975088,0.09704266274323164,0.10415035560237625
large_threads,smog_de,top10,ordering_vs_random,regression_editor,random,2277,0.11519353085897978,0.11167257234039134,0.11861079358129185
large_threads,smog_de,top10,ordering_vs_random,xgb_metadata_audience,random,2277,0.09988610375369959,0.09679750143042148,0.10318371370647773
large_threads,smog_de,top10,ordering_vs_random,xgb_metadata_editor,random,2277,0.10416465094996159,0.10100606408523163,0.10756330493761662
large_threads,smog_de,top10,ordering_vs_random,xgb_metadata_text_audience,random,2277,0.09984176400042617,0.09662241772587517,0.10333487576493158
large_threads,smog_de,top10,ordering_vs_random,xgb_metadata_text_editor,random,2277,0.10184182790637038,0.09856702745175078,0.10529663712650995
large_threads,smog_de,top10,ordering_vs_random,neural_metadata_audience,random,2277,0.08610387286073536,0.08315169140263408,0.08933947995481283
large_threads,smog_de,top10,ordering_vs_random,neural_metadata_editor,random,2277,0.08798562648191167,0.08488219894797815,0.09126615570463914
large_threads,smog_de,top10,ordering_vs_random,neural_metadata_text_audience,random,2277,0.09682598509053096,0.09359036624133407,0.10023823413546659
large_threads,smog_de,top10,ordering_vs_random,neural_metadata_text_editor,random,2277,0.10780696863308802,0.1045441842071158,0.11117410680027275
large_threads,smog_de,top10,reply_vs_loose,trees,loose,2277,-0.05936837049520012,-0.06158934555186681,-0.057276744455990125
large_threads,smog_de,top10,reply_vs_loose,hidden,loose,2277,0.005597340171905527,0.0049207718922082,0.006285859407438678
large_threads,smog_de,top10,pinned_vs_unpinned,pinned,unpinned,2277,0.01932329649297997,0.01504948766789631,0.023947884565420383
large_threads,toxicity_probability,full,ordering_vs_random,relative_votes,random,2277,0.02164162292527783,0.017666908708844055,0.02560229725863092
large_threads,toxicity_probability,full,ordering_vs_random,upvotes,random,2277,0.06386977313145122,0.06024300886336564,0.06746073250466264
large_threads,toxicity_probability,full,ordering_vs_random,chronological,random,2277,-0.019926305069347634,-0.023959387262997654,-0.01582209778937722
large_threads,toxicity_probability,full,ordering_vs_random,reverse_chronological,random,2277,0.01778215985495413,0.013860134724682106,0.021766080695479025
large_threads,toxicity_probability,full,ordering_vs_random,regression_audience,random,2277,0.03403159286644985,0.03022860164406708,0.03770161789335859
large_threads,toxicity_probability,full,ordering_vs_random,regression_editor,random,2277,-0.0047346639409302175,-0.008546758992124369,-0.0010572687008703918
large_threads,toxicity_probability,full,ordering_vs_random,xgb_metadata_audience,random,2277,0.028055502388459778,0.02424616694370203,0.03193399457033017
large_threads,toxicity_probability,full,ordering_vs_random,xgb_metadata_editor,random,2277,0.021070163697871586,0.017191390768638078,0.024936038257766767
large_threads,toxicity_probability,full,ordering_vs_random,xgb_metadata_text_audience,random,2277,0.038764728175828336,0.03491513924477815,0.042581134351586024
large_threads,toxicity_probability,full,ordering_vs_random,xgb_metadata_text_editor,random,2277,0.03899335396970545,0.03517330011512639,0.04276826123596525
large_threads,toxicity_probability,full,ordering_vs_random,neural_metadata_audience,random,2277,0.011300850499897284,0.007555415168842098,0.014850502034314528
large_threads,toxicity_probability,full,ordering_vs_random,neural_metadata_editor,random,2277,-0.025292702749901627,-0.029057778681564207,-0.021709476448331846
large_threads,toxicity_probability,full,ordering_vs_random,neural_metadata_text_audience,random,2277,0.046893095550510334,0.043311095039352585,0.05041965839771935
large_threads,toxicity_probability,full,ordering_vs_random,neural_metadata_text_editor,random,2277,0.0078015990864729904,0.0040011588983137805,0.01143540979976241
large_threads,toxicity_probability,full,reply_vs_loose,trees,loose,2277,-0.0747293406226971,-0.08084638827668342,-0.06843522819426166
large_threads,toxicity_probability,full,reply_vs_loose,hidden,loose,2277,-0.014755348553514472,-0.01788457888711638,-0.011672527488865913
large_threads,toxicity_probability,full,pinned_vs_unpinned,pinned,unpinned,2277,0.005538274635820172,0.002268328977435924,0.008787055794426981
large_threads,toxicity_probability,top10,ordering_vs_random,relative_votes,random,2277,0.05830820604298834,0.049109072032775924,0.0675044297517499
large_threads,toxicity_probability,top10,ordering_vs_random,upvotes,random,2277,0.06635002681120857,0.05742038841184194,0.07544714297872886
large_threads,toxicity_probability,top10,ordering_vs_random,chronological,random,2277,-0.032783069572058246,-0.04277826458902294,-0.02207252170406363
large_threads,toxicity_probability,top10,ordering_vs_random,reverse_chronological,random,2277,0.017157499874311186,0.008188140769801814,0.02711807444300226
large_threads,toxicity_probability,top10,ordering_vs_random,regression_audience,random,2277,0.07342673004745466,0.06323675012640506,0.08412313493863141
large_threads,toxicity_probability,top10,ordering_vs_random,regression_editor,random,2277,-0.039554197976378505,-0.04884154494399961,-0.029847899219792064
large_threads,toxicity_probability,top10,ordering_vs_random,xgb_metadata_audience,random,2277,0.045850829502109156,0.03572672995975631,0.05602748119288706
large_threads,toxicity_probability,top10,ordering_vs_random,xgb_metadata_editor,random,2277,0.028508972941442653,0.01869602319161325,0.03833132429549446
large_threads,toxicity_probability,top10,ordering_vs_random,xgb_metadata_text_audience,random,2277,0.06196439596428779,0.05150942463565144,0.0720681099295008
large_threads,toxicity_probability,top10,ordering_vs_random,xgb_metadata_text_editor,random,2277,0.056470578042331895,0.04599543751844686,0.06645370034859606
large_threads,toxicity_probability,top10,ordering_vs_random,neural_metadata_audience,random,2277,0.04401663463445725,0.03359871118825062,0.053888695318053764
large_threads,toxicity_probability,top10,ordering_vs_random,neural_metadata_editor,random,2277,-0.08702578330138348,-0.09641026699754415,-0.07810498450350864
large_threads,toxicity_probability,top10,ordering_vs_random,neural_metadata_text_audience,random,2277,0.11239800491248036,0.10177403477232563,0.12238864763369152
large_threads,toxicity_probability,top10,ordering_vs_random,neural_metadata_text_editor,random,2277,-0.017478263731216706,-0.027235270947941627,-0.007601509928998469
large_threads,toxicity_probability,top10,reply_vs_loose,trees,loose,2277,-0.06465376845697614,-0.07055501519498958,-0.05841552026483929
large_threads,toxicity_probability,top10,reply_vs_loose,hidden,loose,2277,0.0066703693556517925,0.00500749765728084,0.008236427720369342
large_threads,toxicity_probability,top10,pinned_vs_unpinned,pinned,unpinned,2277,-0.01223822977144368,-0.02519413367568001,0.0007474730118904598
large_threads,url_present,full,ordering_vs_random,relative_votes,random,2277,-0.07324017106660102,-0.07955701731598203,-0.066793806519759
large_threads,url_present,full,ordering_vs_random,upvotes,random,2277,-0.11306160676522252,-0.11934427628626684,-0.10651072680725358
large_threads,url_present,full,ordering_vs_random,chronological,random,2277,-0.04690082111930454,-0.05457565348984298,-0.03914949790773267
large_threads,url_present,full,ordering_vs_random,reverse_chronological,random,2277,0.046289591008382674,0.03859688142784351,0.05364305443565421
large_threads,url_present,full,ordering_vs_random,regression_audience,random,2277,-0.10256483085954964,-0.1090273625465735,-0.0964179331961013
large_threads,url_present,full,ordering_vs_random,regression_editor,random,2277,0.03977017096545545,0.03315905251228493,0.046330758160382804
large_threads,url_present,full,ordering_vs_random,xgb_metadata_audience,random,2277,-0.014803109140073814,-0.021260622883816013,-0.008736203923736984
large_threads,url_present,full,ordering_vs_random,xgb_metadata_editor,random,2277,0.014715101298350597,0.008502006077778571,0.02078166261167903
large_threads,url_present,full,ordering_vs_random,xgb_metadata_text_audience,random,2277,-0.008400806604374809,-0.014732144194195908,-0.0020891748455962303
large_threads,url_present,full,ordering_vs_random,xgb_metadata_text_editor,random,2277,-0.004030492652500438,-0.010297881573847536,0.0023074879791772874
large_threads,url_present,full,ordering_vs_random,neural_metadata_audience,random,2277,-0.022553883794607044,-0.02897925085631222,-0.016371616160707963
large_threads,url_present,full,ordering_vs_random,neural_metadata_editor,random,2277,0.14606489260765984,0.1400694469270885,0.15198661570831562
large_threads,url_present,full,ordering_vs_random,neural_metadata_text_audience,random,2277,-0.033689622636349045,-0.03981836411889597,-0.0271276406707472
large_threads,url_present,full,ordering_vs_random,neural_metadata_text_editor,random,2277,0.08185049894769665,0.07580263458220954,0.08803867333880028
large_threads,url_present,full,reply_vs_loose,trees,loose,2277,-0.09103811827634264,-0.10116459522196755,-0.08036130415630434
large_threads,url_present,full,reply_vs_loose,hidden,loose,2277,-0.08076037223091936,-0.08724325063545155,-0.0741528200052633
large_threads,url_present,full,pinned_vs_unpinned,pinned,unpinned,2277,0.0021252502750900007,-0.004027446451077093,0.008117968041537572
large_threads,url_present,top10,ordering_vs_random,relative_votes,random,2277,-0.05207542057754911,-0.05803290069988921,-0.04571082382234522
large_threads,url_present,top10,ordering_vs_random,upvotes,random,2277,-0.05270175273958789,-0.0584359778093238,-0.04642861193286134
large_threads,url_present,top10,ordering_vs_random,chronological,random,2277,-0.02624472925477895,-0.03443627839291874,-0.017967665052805462
large_threads,url_present,top10,ordering_vs_random,reverse_chronological,random,2277,0.03575835823331406,0.026446527895674792,0.04544178989348937
large_threads,url_present,top10,ordering_vs_random,regression_audience,random,2277,-0.0759701735346703,-0.08118910443570332,-0.07055321699565872
large_threads,url_present,top10,ordering_vs_random,regression_editor,random,2277,0.04985382819990256,0.038851293541093124,0.06123193504436311
large_threads,url_present,top10,ordering_vs_random,xgb_metadata_audience,random,2277,-0.03875899929143967,-0.04638747599596534,-0.031775293873583535
large_threads,url_present,top10,ordering_vs_random,xgb_metadata_editor,random,2277,-0.01206563161510444,-0.021257090033849464,-0.002994090130319591
large_threads,url_present,top10,ordering_vs_random,xgb_metadata_text_audience,random,2277,-0.021363113097621296,-0.02965528860039675,-0.012997011897449187
large_threads,url_present,top10,ordering_vs_random,xgb_metadata_text_editor,random,2277,-0.009890075319297205,-0.019064913000220122,-0.001000424808722308
large_threads,url_present,top10,ordering_vs_random,neural_metadata_audience,random,2277,-0.05949032532794419,-0.06559894975985188,-0.052951825722262494
large_threads,url_present,top10,ordering_vs_random,neural_metadata_editor,random,2277,0.07293385505965719,0.061589248598583606,0.08438414670901286
large_threads,url_present,top10,ordering_vs_random,neural_metadata_text_audience,random,2277,-0.058414140615454586,-0.06519462740185941,-0.05193505001241351
large_threads,url_present,top10,ordering_vs_random,neural_metadata_text_editor,random,2277,0.027478849557652986,0.016431065131110166,0.03916280912930843
large_threads,url_present,top10,reply_vs_loose,trees,loose,2277,-0.002115740153547939,-0.007078405811626046,0.0030240358703908367
large_threads,url_present,top10,reply_vs_loose,hidden,loose,2277,0.0017947774832753254,3.0288520024661155e-05,0.003516134162924699
large_threads,url_present,top10,pinned_vs_unpinned,pinned,unpinned,2277,0.05569474096542494,0.04250729997620069,0.06858176116713624
large_threads,vienna_overnight,full,ordering_vs_random,relative_votes,random,2277,-0.04797199593754788,-0.05457877977509279,-0.04093942277669455
large_threads,vienna_overnight,full,ordering_vs_random,upvotes,random,2277,-0.053828650438703524,-0.0618575338095499,-0.046440041268790574
large_threads,vienna_overnight,full,ordering_vs_random,chronological,random,2277,-0.21881334446742565,-0.23166160140000833,-0.2064763681798684
large_threads,vienna_overnight,full,ordering_vs_random,reverse_chronological,random,2277,0.18054601863326378,0.1678093808797787,0.19358933127343136
large_threads,vienna_overnight,full,ordering_vs_random,regression_audience,random,2277,-0.14689547397049726,-0.15716382411552424,-0.1365076893396229
large_threads,vienna_overnight,full,ordering_vs_random,regression_editor,random,2277,-0.13804199897806513,-0.14754069042598483,-0.12828647366389345
large_threads,vienna_overnight,full,ordering_vs_random,xgb_metadata_audience,random,2277,-0.12325190539798114,-0.13264269543723364,-0.11340098166272876
large_threads,vienna_overnight,full,ordering_vs_random,xgb_metadata_editor,random,2277,-0.11566308949627735,-0.12467059964387336,-0.10612121514633033
large_threads,vienna_overnight,full,ordering_vs_random,xgb_metadata_text_audience,random,2277,-0.12536849180774712,-0.13512554271611996,-0.11560181200846677
large_threads,vienna_overnight,full,ordering_vs_random,xgb_metadata_text_editor,random,2277,-0.12098581562112348,-0.1305192577498918,-0.11145233485022332
large_threads,vienna_overnight,full,ordering_vs_random,neural_metadata_audience,random,2277,-0.1745638812467235,-0.18521576819931393,-0.16373665885881042
large_threads,vienna_overnight,full,ordering_vs_random,neural_metadata_editor,random,2277,-0.14510680871563844,-0.15494590620414297,-0.13507849471410502
large_threads,vienna_overnight,full,ordering_vs_random,neural_metadata_text_audience,random,2277,-0.17517988533436246,-0.185337588153782,-0.16523346231444383
large_threads,vienna_overnight,full,ordering_vs_random,neural_metadata_text_editor,random,2277,-0.14872928303745772,-0.1576436846013158,-0.1395339225609347
large_threads,vienna_overnight,full,reply_vs_loose,trees,loose,2277,0.026152912514468035,0.014719415179018596,0.03752670379483763
large_threads,vienna_overnight,full,reply_vs_loose,hidden,loose,2277,0.0425913644220108,0.03654308247987507,0.04867374645557241
large_threads,vienna_overnight,full,pinned_vs_unpinned,pinned,unpinned,2277,-0.023763834203681496,-0.02978807801682404,-0.018005966352043944
large_threads,vienna_overnight,top10,ordering_vs_random,relative_votes,random,2277,0.009906502521469561,0.0006769903710055647,0.019170623995925652
large_threads,vienna_overnight,top10,ordering_vs_random,upvotes,random,2277,0.0094756969390684,0.0002719756259650056,0.019182244949924668
large_threads,vienna_overnight,top10,ordering_vs_random,chronological,random,2277,0.06661212226062856,0.050002441477584154,0.08431183613965881
large_threads,vienna_overnight,top10,ordering_vs_random,reverse_chronological,random,2277,0.08415064320492154,0.07198733203476414,0.09684560552505304
large_threads,vienna_overnight,top10,ordering_vs_random,regression_audience,random,2277,0.04764870774028844,0.032738737464484635,0.06332591511296347
large_threads,vienna_overnight,top10,ordering_vs_random,regression_editor,random,2277,0.021905390186004393,0.009098953583105883,0.03594085004830417
large_threads,vienna_overnight,top10,ordering_vs_random,xgb_metadata_audience,random,2277,0.02325295253956843,0.010409561935730666,0.03670510853569711
large_threads,vienna_overnight,top10,ordering_vs_random,xgb_metadata_editor,random,2277,0.015400674287364512,0.003163067601863104,0.028152023130276097
large_threads,vienna_overnight,top10,ordering_vs_random,xgb_metadata_text_audience,random,2277,0.02279257208289247,0.010056619429569154,0.03615498339873108
large_threads,vienna_overnight,top10,ordering_vs_random,xgb_metadata_text_editor,random,2277,0.020088225961315587,0.007603603451309238,0.03321094599795313
large_threads,vienna_overnight,top10,ordering_vs_random,neural_metadata_audience,random,2277,0.037382604671929706,0.02352748896400824,0.05221177670698696
large_threads,vienna_overnight,top10,ordering_vs_random,neural_metadata_editor,random,2277,0.026462939202072034,0.012840249740175,0.040605176457256933
large_threads,vienna_overnight,top10,ordering_vs_random,neural_metadata_text_audience,random,2277,0.00019410310583942375,-0.011139250155252587,0.011861382125194511
large_threads,vienna_overnight,top10,ordering_vs_random,neural_metadata_text_editor,random,2277,-0.0202622983726807,-0.030059073979085492,-0.010009380656334674
large_threads,vienna_overnight,top10,reply_vs_loose,trees,loose,2277,0.015209885300030162,0.00930592873209857,0.02102143464154126
large_threads,vienna_overnight,top10,reply_vs_loose,hidden,loose,2277,0.0007958717938265523,-0.0007090246948260372,0.0021756263313666845
large_threads,vienna_overnight,top10,pinned_vs_unpinned,pinned,unpinned,2277,-0.07331530161567884,-0.08290341132549477,-0.06375785595920876
large_threads,vienna_weekday_shoulder_evening,full,ordering_vs_random,relative_votes,random,2277,-0.03867272610454589,-0.044995136379576674,-0.032653532667240914
large_threads,vienna_weekday_shoulder_evening,full,ordering_vs_random,upvotes,random,2277,-0.04279857055442623,-0.05027465856171012,-0.0353883240438556
large_threads,vienna_weekday_shoulder_evening,full,ordering_vs_random,chronological,random,2277,-0.10220080055138675,-0.11736269450438108,-0.08714371807800982
large_threads,vienna_weekday_shoulder_evening,full,ordering_vs_random,reverse_chronological,random,2277,0.07479946490641604,0.05992496973905427,0.08958423961389823
large_threads,vienna_weekday_shoulder_evening,full,ordering_vs_random,regression_audience,random,2277,-0.0711984745526201,-0.08333127405257,-0.05896640252034124
large_threads,vienna_weekday_shoulder_evening,full,ordering_vs_random,regression_editor,random,2277,-0.07075046236612761,-0.08156194025846569,-0.06001332772384973
large_threads,vienna_weekday_shoulder_evening,full,ordering_vs_random,xgb_metadata_audience,random,2277,-0.06954320081991482,-0.08080730903839539,-0.05863648454062418
large_threads,vienna_weekday_shoulder_evening,full,ordering_vs_random,xgb_metadata_editor,random,2277,-0.06803660632573916,-0.07873526927614134,-0.05765448283801794
large_threads,vienna_weekday_shoulder_evening,full,ordering_vs_random,xgb_metadata_text_audience,random,2277,-0.06951277650477482,-0.08075190776515466,-0.058619600150324615
large_threads,vienna_weekday_shoulder_evening,full,ordering_vs_random,xgb_metadata_text_editor,random,2277,-0.06886279500589523,-0.0797785664343051,-0.05827058374247463
large_threads,vienna_weekday_shoulder_evening,full,ordering_vs_random,neural_metadata_audience,random,2277,-0.08135753516947947,-0.09418911554635614,-0.06867633746446393
large_threads,vienna_weekday_shoulder_evening,full,ordering_vs_random,neural_metadata_editor,random,2277,-0.07830514157189553,-0.08993300091616063,-0.066920133558658
large_threads,vienna_weekday_shoulder_evening,full,ordering_vs_random,neural_metadata_text_audience,random,2277,-0.08012918541457861,-0.09246137789289362,-0.06841814874921917
large_threads,vienna_weekday_shoulder_evening,full,ordering_vs_random,neural_metadata_text_editor,random,2277,-0.075782306102732,-0.08629785759561437,-0.06573897963926327
large_threads,vienna_weekday_shoulder_evening,full,reply_vs_loose,trees,loose,2277,0.043270706756070615,0.035185098062582375,0.05154286813449302
large_threads,vienna_weekday_shoulder_evening,full,reply_vs_loose,hidden,loose,2277,0.022983723386872285,0.016721143641761225,0.029396246296180432
large_threads,vienna_weekday_shoulder_evening,full,pinned_vs_unpinned,pinned,unpinned,2277,-0.011572819084576831,-0.015137322418890615,-0.00795524954508141
large_threads,vienna_weekday_shoulder_evening,top10,ordering_vs_random,relative_votes,random,2277,-0.01206646082654195,-0.023019037999511813,-0.001248051763359001
large_threads,vienna_weekday_shoulder_evening,top10,ordering_vs_random,upvotes,random,2277,-0.01217113235797285,-0.023303289349874686,-0.001168677280143047
large_threads,vienna_weekday_shoulder_evening,top10,ordering_vs_random,chronological,random,2277,-0.14135114459831222,-0.15751579316990666,-0.12564297270872182
large_threads,vienna_weekday_shoulder_evening,top10,ordering_vs_random,reverse_chronological,random,2277,0.06341028490346194,0.043922690202591944,0.08230701824892481
large_threads,vienna_weekday_shoulder_evening,top10,ordering_vs_random,regression_audience,random,2277,-0.09566317705125396,-0.1106760269171064,-0.08101467092085352
large_threads,vienna_weekday_shoulder_evening,top10,ordering_vs_random,regression_editor,random,2277,-0.06259375202645931,-0.07671779148410683,-0.04856902679119975
large_threads,vienna_weekday_shoulder_evening,top10,ordering_vs_random,xgb_metadata_audience,random,2277,-0.07093933723027054,-0.0847873313553488,-0.056565903555827704
large_threads,vienna_weekday_shoulder_evening,top10,ordering_vs_random,xgb_metadata_editor,random,2277,-0.0625830566424744,-0.07611463565958947,-0.04869943363654377
large_threads,vienna_weekday_shoulder_evening,top10,ordering_vs_random,xgb_metadata_text_audience,random,2277,-0.07360735675871963,-0.08748564401622337,-0.05957924920351357
large_threads,vienna_weekday_shoulder_evening,top10,ordering_vs_random,xgb_metadata_text_editor,random,2277,-0.0709893483673519,-0.08481751291744476,-0.05662513351532909
large_threads,vienna_weekday_shoulder_evening,top10,ordering_vs_random,neural_metadata_audience,random,2277,-0.08132620057363851,-0.09612935268438459,-0.06664133086053106
large_threads,vienna_weekday_shoulder_evening,top10,ordering_vs_random,neural_metadata_editor,random,2277,-0.07565547283964821,-0.0899938819661856,-0.061108557101393325
large_threads,vienna_weekday_shoulder_evening,top10,ordering_vs_random,neural_metadata_text_audience,random,2277,-0.041630206460422925,-0.05507262988789983,-0.028099985760527933
large_threads,vienna_weekday_shoulder_evening,top10,ordering_vs_random,neural_metadata_text_editor,random,2277,-0.028001441476042836,-0.04130657148786174,-0.014797734184827754
large_threads,vienna_weekday_shoulder_evening,top10,reply_vs_loose,trees,loose,2277,0.02987029115865185,0.021966018498816128,0.03794980512312058
large_threads,vienna_weekday_shoulder_evening,top10,reply_vs_loose,hidden,loose,2277,-4.3471384351232764e-05,-0.001875633972019973,0.001817040755589596
large_threads,vienna_weekday_shoulder_evening,top10,pinned_vs_unpinned,pinned,unpinned,2277,0.030272145925262003,0.015620239641536304,0.04458769943195732
large_threads,vienna_weekend_day_evening,full,ordering_vs_random,relative_votes,random,2277,-0.08762959873942411,-0.09619952681266282,-0.07930172064642278
large_threads,vienna_weekend_day_evening,full,ordering_vs_random,upvotes,random,2277,-0.11105465403717554,-0.12143619549641332,-0.10080172336658244
large_threads,vienna_weekend_day_evening,full,ordering_vs_random,chronological,random,2277,-0.18199969245484515,-0.19807441659047953,-0.1645940185476197
large_threads,vienna_weekend_day_evening,full,ordering_vs_random,reverse_chronological,random,2277,0.1751891678668172,0.15874980576754344,0.19075096655525245
large_threads,vienna_weekend_day_evening,full,ordering_vs_random,regression_audience,random,2277,-0.13485416263770975,-0.14808443759008494,-0.12067200706350273
large_threads,vienna_weekend_day_evening,full,ordering_vs_random,regression_editor,random,2277,-0.13365445984479532,-0.14615730022564188,-0.12024957369628643
large_threads,vienna_weekend_day_evening,full,ordering_vs_random,xgb_metadata_audience,random,2277,-0.12045857119737918,-0.1319151348828688,-0.10838301040600942
large_threads,vienna_weekend_day_evening,full,ordering_vs_random,xgb_metadata_editor,random,2277,-0.11846008220267795,-0.12961192785432302,-0.10671894302674535
large_threads,vienna_weekend_day_evening,full,ordering_vs_random,xgb_metadata_text_audience,random,2277,-0.11405687972142114,-0.12496259903931746,-0.10256634695740764
large_threads,vienna_weekend_day_evening,full,ordering_vs_random,xgb_metadata_text_editor,random,2277,-0.11332005093795916,-0.1241398486294978,-0.10199644906345898
large_threads,vienna_weekend_day_evening,full,ordering_vs_random,neural_metadata_audience,random,2277,-0.15366083557151905,-0.16755094484182634,-0.13877236536396015
large_threads,vienna_weekend_day_evening,full,ordering_vs_random,neural_metadata_editor,random,2277,-0.14274238866744407,-0.1552055774232568,-0.1292110744114741
large_threads,vienna_weekend_day_evening,full,ordering_vs_random,neural_metadata_text_audience,random,2277,-0.14133619676256265,-0.154363443927364,-0.1273226957248392
large_threads,vienna_weekend_day_evening,full,ordering_vs_random,neural_metadata_text_editor,random,2277,-0.12954630811952145,-0.14118454306356965,-0.11715193794392133
large_threads,vienna_weekend_day_evening,full,reply_vs_loose,trees,loose,2277,0.05750913012879293,0.045112676498599305,0.07069162153691708
large_threads,vienna_weekend_day_evening,full,reply_vs_loose,hidden,loose,2277,0.05953544374064733,0.051826478562582816,0.06724331572045338
large_threads,vienna_weekend_day_evening,full,pinned_vs_unpinned,pinned,unpinned,2277,-0.008503013881718912,-0.01487887869060591,-0.0023041814398927886
large_threads,vienna_weekend_day_evening,top10,ordering_vs_random,relative_votes,random,2277,-0.010257179574156675,-0.016704779380823067,-0.0034362822038473094
large_threads,vienna_weekend_day_evening,top10,ordering_vs_random,upvotes,random,2277,-0.010411661398171238,-0.016834892905624992,-0.0036301159161105222
large_threads,vienna_weekend_day_evening,top10,ordering_vs_random,chronological,random,2277,-0.016102861723031995,-0.025455399796115028,-0.007131422770026864
large_threads,vienna_weekend_day_evening,top10,ordering_vs_random,reverse_chronological,random,2277,0.1528940958216582,0.12557681846573865,0.18017813209464906
large_threads,vienna_weekend_day_evening,top10,ordering_vs_random,regression_audience,random,2277,-0.014306668893904532,-0.023126693256529957,-0.005717736754319413
large_threads,vienna_weekend_day_evening,top10,ordering_vs_random,regression_editor,random,2277,-0.015336884204860627,-0.023808365819672717,-0.006920779243120818
large_threads,vienna_weekend_day_evening,top10,ordering_vs_random,xgb_metadata_audience,random,2277,-0.016027813257395166,-0.024567487026773964,-0.0074351375010404605
large_threads,vienna_weekend_day_evening,top10,ordering_vs_random,xgb_metadata_editor,random,2277,-0.0159243220252609,-0.02463232389928881,-0.007496182236904773
large_threads,vienna_weekend_day_evening,top10,ordering_vs_random,xgb_metadata_text_audience,random,2277,-0.015206656738880945,-0.023790930471998904,-0.006433691963886549
large_threads,vienna_weekend_day_evening,top10,ordering_vs_random,xgb_metadata_text_editor,random,2277,-0.01510834229275754,-0.023707509625847157,-0.006573751954433522
large_threads,vienna_weekend_day_evening,top10,ordering_vs_random,neural_metadata_audience,random,2277,-0.016087109286359928,-0.024679899896077145,-0.00755867322142845
large_threads,vienna_weekend_day_evening,top10,ordering_vs_random,neural_metadata_editor,random,2277,-0.016434565837210317,-0.025198989670590068,-0.007963277681531395
large_threads,vienna_weekend_day_evening,top10,ordering_vs_random,neural_metadata_text_audience,random,2277,-0.01566430155218818,-0.02434017959534469,-0.0072399742299602094
large_threads,vienna_weekend_day_evening,top10,ordering_vs_random,neural_metadata_text_editor,random,2277,-0.01429631971107698,-0.022777395827406205,-0.005849462151714663
large_threads,vienna_weekend_day_evening,top10,reply_vs_loose,trees,loose,2277,-0.0028887843938680408,-0.008873563702370314,0.0032294477541959144
large_threads,vienna_weekend_day_evening,top10,reply_vs_loose,hidden,loose,2277,-0.007295538804331455,-0.009231416212032429,-0.005410522246373624
large_threads,vienna_weekend_day_evening,top10,pinned_vs_unpinned,pinned,unpinned,2277,-0.006447806193986074,-0.012671284378615488,4.090965682335668e-05
