rank,upvotes,downvotes,n_stories_at_rank,within_story_vote_fraction,total_votes,vote_fraction,mean_story_vote_fraction,spline_fitted_vote_fraction,spline_rank_weight,power_law_fitted_vote_fraction,power_law_rank_weight,exponential_fitted_vote_fraction,exponential_rank_weight
1,213441.0,19477.0,2553,107.57266396373217,232918.0,0.04213578690314617,0.04213578690314617,0.042144925049873,0.9197283981837686,0.02415701336672701,1.0,0.006341841674642232,1.0
2,250489.0,20971.0,2553,116.90243031596913,271460.0,0.04579021947354842,0.04579021947354842,0.04582322904576893,1.0,0.018508533486955143,0.7661763979668167,0.006337749825677086,0.9993547853801673
3,240143.0,23301.0,2553,103.26261720056364,263444.0,0.04044755863711854,0.04044755863711854,0.04038262396832814,0.8812697142751195,0.015838304080187084,0.6556399932287236,0.006333660616832715,0.9987099870622402
4,195763.0,20720.0,2553,72.50886770456819,216483.0,0.028401436625369442,0.028401436625369442,0.028493284347542093,0.6218087406953048,0.0141808015186835,0.587026272801406,0.0063295740464056754,0.9980656047776147
5,117804.0,15473.0,2553,41.2344148194826,133277.0,0.016151357156084057,0.016151357156084057,0.01591909448644505,0.34740228521531774,0.013015563027748043,0.5387902399257354,0.006325490112693621,0.99742163825786
6,56954.0,9164.0,2553,20.82445464633179,66118.0,0.008156856500717504,0.008156856500717504,0.008167834449653834,0.17824659282512975,0.012134934770060876,0.5023358883749716,0.006321408813995305,0.9967780872347186
7,30625.0,5453.0,2553,13.312546476113123,36078.0,0.005214471788528447,0.005214471788528447,0.005208561324351848,0.11366639655947115,0.011437024228455672,0.47344529122166285,0.006317330148610576,0.9961349514401059
8,20520.0,2744.0,2553,10.225342072486828,23264.0,0.004005226037010117,0.004005226037010117,0.004060439278656549,0.08861093736106901,0.010864995427867289,0.4497656752068671,0.006313254114840382,0.9954922306061104
9,11342.0,1815.0,2553,8.324963159975335,13157.0,0.0032608551351254737,0.0032608551351254737,0.0036275106396243153,0.07916313876529965,0.010384225579888325,0.42986380072096075,0.006309180710986768,0.9948499244649934
10,8762.0,1925.0,2553,9.519064587398615,10687.0,0.0037285799402266414,0.0037285799402266414,0.0035002890991048777,0.07638678399570524,0.00997221719811007,0.41280836528597686,0.006305109935352873,0.9942080327491891
11,6934.0,1842.0,2550,8.345093686203887,8776.0,0.003268740182610218,0.003268740182610218,0.0034874478647051953,0.0765624798358412,0.009533202395546333,0.3979635420262247,0.006183949570592202,0.9935665551913042
12,6772.0,1669.0,2549,8.627572627644271,8441.0,0.00337938606644899,0.00337938606644899,0.0035402701800890846,0.0778749179450253,0.009195475060461703,0.3848779015245966,0.0061444885680165175,0.992925491524118
13,7171.0,1886.0,2546,8.798217935592662,9057.0,0.003446227158477345,0.003446227158477345,0.0035873438838399095,0.0793703154073426,0.008850496475120092,0.3732205806000515,0.006043010240265791,0.992284841480582
14,7867.0,1840.0,2545,9.521323256350934,9707.0,0.0037294646519196763,0.0037294646519196763,0.0036470368317718972,0.08084534831894638,0.00858164380840961,0.3627426078625642,0.0060091166454495,0.9916446047938204
15,8201.0,1858.0,2545,11.176803387571235,10059.0,0.004377909670023985,0.004377909670023985,0.0037107582159105444,0.08225788614998096,0.008357128323574887,0.35325242925661154,0.006005239475537576,0.9910047811971292
16,7878.0,1699.0,2544,9.65361697115463,9577.0,0.0037812835766371446,0.0037812835766371446,0.0037634203472587022,0.08357957094509864,0.008134871134673684,0.3445998449591106,0.005975386322926159,0.9903653704239768
17,8393.0,2150.0,2541,10.177315260277755,10543.0,0.0039864141246681375,0.0039864141246681375,0.0037971778256915487,0.0847915426795357,0.007898307416681393,0.3366651350045632,0.005898490043442313,0.9897263722080031
18,8284.0,2192.0,2538,9.593201563084298,10476.0,0.0037576191003072064,0.0037576191003072064,0.0038252809603374423,0.08588167750512649,0.007680483230734544,0.3293514984527113,0.005825962120867183,0.9890877862830205
19,8528.0,1847.0,2535,9.405848629081612,10375.0,0.0036842336972509253,0.0036842336972509253,0.0038475028705282008,0.08684273341966929,0.007478986680221586,0.32257967286128253,0.005757319871885959,0.9884496123830128
20,8740.0,1938.0,2533,9.600198791710604,10678.0,0.003760359887078184,0.003760359887078184,0.00387058583964258,0.08767106299805152,0.007305556484854456,0.3162840263653797,0.005712639516806151,0.9878118502421352
21,9538.0,1851.0,2530,10.072421072965989,11389.0,0.003945327486473165,0.003945327486473165,0.0038811756460766893,0.08836924738561315,0.007130805708130009,0.31040966753074206,0.005650596464772718,0.987174499594715
22,8735.0,2152.0,2528,9.4321635460164,10887.0,0.003694541146109048,0.003694541146109048,0.0038935229280997316,0.08895431749425561,0.006979713870665339,0.3049102731517687,0.005609910425262561,0.9865375601752505
23,9190.0,2137.0,2527,10.170999959398857,11327.0,0.003983940446298025,0.003983940446298025,0.003908356696065676,0.08944398164975473,0.006849711425113509,0.2997464318314067,0.005588618272807364,0.9859010317184114
24,9152.0,1762.0,2527,9.616594898874578,10914.0,0.0037667821773891804,0.0037667821773891804,0.0039262357324003905,0.08985314906260815,0.006738604981983806,0.29488436424714265,0.005585012414593085,0.9852649139590385
25,9391.0,2042.0,2526,10.219368156514431,11433.0,0.004002886077757317,0.004002886077757317,0.003934710531205564,0.09019440527739568,0.006622947833853929,0.2902949226392315,0.005565219517945443,0.9846292066321439
26,9777.0,2205.0,2526,10.149538210997703,11982.0,0.00397553396435476,0.00397553396435476,0.003947099805108094,0.0904784015669817,0.006523884264769932,0.2859528000912315,0.005561628756949886,0.9839939094729105
27,9452.0,2036.0,2523,9.868664709790878,11488.0,0.0038655169251041433,0.0038655169251041433,0.0039385826678483855,0.090714174463828,0.006400186080502358,0.28183589939396414,0.00551323722919617,0.9833590222166922
28,9820.0,2268.0,2516,9.892205716688663,12088.0,0.003874737844374721,0.003874737844374721,0.0039037843554816406,0.09090940858758946,0.0062445565019676325,0.2779248246812289,0.005409043925285989,0.9827245445990137
29,9857.0,2130.0,2513,10.48478869189035,11987.0,0.004106850251425911,0.004106850251425911,0.0038924178494755537,0.09107065340865148,0.006133341964267118,0.2742024685052366,0.005363977988463649,0.98209047635557
30,9266.0,2350.0,2508,9.80494226640721,11616.0,0.0038405570961250334,0.0038405570961250334,0.003868035015243431,0.09120350252915914,0.006009633467983689,0.27065367382085836,0.005293634909075494,0.9814568172222269
31,10148.0,2177.0,2506,10.282362623762108,12325.0,0.004027560761363928,0.004027560761363928,0.0038608112234005555,0.0913127423984363,0.005917267711574642,0.267264955289916,0.005264366646459052,0.9808235669350206
32,9919.0,2408.0,2504,10.088544702165635,12327.0,0.003951643048243492,0.003951643048243492,0.003852913801098709,0.0914024760408712,0.00582896587070401,0.26402426795069484,0.0052359593262718065,0.9801907252301577
33,10192.0,2173.0,2498,9.483428767846673,12365.0,0.003714621530688082,0.003714621530688082,0.003821436088439834,0.09147622630072187,0.005712390608255354,0.26092081399935285,0.005159917270537697,0.9795582918440148
34,9843.0,2368.0,2495,9.556524877698736,12211.0,0.0037432529877394188,0.0037432529877394188,0.0038069220663111414,0.09153702224826045,0.005623958470295818,0.2579448804588083,0.0051213685204100625,0.9789262665131386
35,10187.0,2050.0,2493,9.514175381049572,12237.0,0.0037266648574420572,0.0037266648574420572,0.00379780747497164,0.09158747170263241,0.005546613985191123,0.2550877020490294,0.0050952824324815345,0.9782946489742461
36,9907.0,2160.0,2491,9.181665886289176,12067.0,0.0035964222037952118,0.0035964222037952118,0.0037885039873165383,0.09162982227417554,0.005472290394856006,0.2523413447494719,0.005069871248772359,0.9776634389642238
37,10625.0,2004.0,2487,10.043063225640426,12629.0,0.0039338281338192034,0.0039338281338192034,0.003768180392787727,0.09166601288498699,0.005386601027005931,0.24969860645221914,0.005023595851673756,0.9770326362201281
38,10379.0,2013.0,2480,9.239450524398304,12392.0,0.0036190562179390143,0.0036190562179390143,0.003731810281429407,0.09169771736914017,0.005283402658711307,0.24715293181017156,0.004947154833999581,0.9764022404791853
39,10548.0,2004.0,2478,9.559991524526243,12552.0,0.0037446108595872475,0.0037446108595872475,0.0037223555607245593,0.09172638146555692,0.0052175091632051624,0.24469833893743811,0.004923605622524049,0.9757722514787907
40,10703.0,2471.0,2478,10.014584983561228,13174.0,0.003922673319060411,0.003922673319060411,0.0037234460886697803,0.0917532542832312,0.005166997214697816,0.24232935605506825,0.004920428840194105,0.9751426689565095
41,10407.0,1925.0,2473,9.447499225010652,12332.0,0.0037005480709011566,0.0037005480709011566,0.0036986329109951056,0.09177922095018626,0.005086373900101032,0.24004096652139797,0.004868937000744821,0.974513492650076
42,10651.0,2049.0,2470,9.242661539727585,12700.0,0.0036203139599402996,0.0036203139599402996,0.003684321467300256,0.09180429806340942,0.005020874644255628,0.2378285609627811,0.0048375214725106174,0.973884722297394
43,11328.0,2439.0,2467,10.066588480707315,13767.0,0.003943042883159936,0.003943042883159936,0.0036701568327339807,0.09182832214036059,0.004957518516768253,0.23568789544266455,0.00480680835037581,0.9732563576365361
44,10868.0,2268.0,2466,9.261701514080578,13136.0,0.0036277718425697524,0.0036277718425697524,0.0036660893381375444,0.09185115485776987,0.004908007849653964,0.23361505478650033,0.004794726435558764,0.9726283984057438
45,10839.0,2211.0,2462,8.786061096080147,13050.0,0.003441465372534331,0.003441465372534331,0.003647273691997977,0.09187267967951446,0.004842720104421212,0.231606420325835,0.0047565386292620785,0.9720008443434279
46,10492.0,2302.0,2455,9.004222967828778,12794.0,0.0035269185146215346,0.0035269185146215346,0.0036140611111526943,0.0918927989663077,0.004762510343927025,0.22965864144399317,0.004693439070326193,0.9713736951881679
47,10906.0,2663.0,2454,9.201308534598363,13569.0,0.0036041161514290495,0.0036041161514290495,0.0036099937127886065,0.0919114314915779,0.00471780150171022,0.22776861040346422,0.004682024149507905,0.9707469506787115
48,11046.0,2410.0,2449,8.745604636844979,13456.0,0.0034256187375029295,0.0034256187375029295,0.003586949684173252,0.0919285103009563,0.0046528181693515115,0.2259334400156105,0.004637975517321218,0.9701206105539756
49,10740.0,2276.0,2443,9.078396003633125,13016.0,0.003555971799307922,0.003555971799307922,0.0035594312666071743,0.09194398086337578,0.004584425748695602,0.22415044377996513,0.004586791088737501,0.9694946745530452
50,10688.0,2295.0,2440,9.048186208424891,12983.0,0.003544138742038735,0.003544138742038735,0.0035460693715732993,0.09195779947041495,0.004533469513374784,0.2224171181757821,0.004560235064909995,0.9688691424151735
51,10732.0,2235.0,2434,8.8074205384342,12967.0,0.0034498317816036824,0.0034498317816036824,0.003519064737402917,0.09196993184759156,0.00446872931303169,0.22073112683473917,0.004511058480825797,0.9682440138797825
52,11079.0,2151.0,2430,9.191639974581069,13230.0,0.0036003290147203558,0.0036003290147203558,0.0035013580248617372,0.09198035194711981,0.004415667232355646,0.21909028636242495,0.0044779392166676415,0.9676192886864617
53,10903.0,2302.0,2427,8.648341368343225,13205.0,0.003387521100016931,0.003387521100016931,0.003488263573423594,0.09198904089644551,0.0043688766423185255,0.21749255360881276,0.00445283639869608,0.9669949665749692
54,11022.0,2208.0,2424,9.258790856138184,13230.0,0.003626631749368658,0.003626631749368658,0.0034752523758835208,0.09199598608084578,0.004323302730016143,0.21593601421540556,0.004428175973590062,0.9663710472852304
55,11077.0,2106.0,2421,8.732844210100492,13183.0,0.0034206205288290215,0.0034206205288290215,0.003462321574944266,0.09200118034168674,0.004278892137727777,0.21441887229000506,0.004403941869358106,0.9657475305573389
56,10499.0,2418.0,2416,8.640198687626102,12917.0,0.0033843316441935375,0.0033843316441935375,0.0034408135983722537,0.0920046212746863,0.004226411969545682,0.21293944107982296,0.004366131221319494,0.965124416131556
57,10935.0,2463.0,2411,8.880227059784586,13398.0,0.0034783498079845616,0.0034783498079845616,0.003419475353635322,0.09200631061484066,0.004175228079675917,0.21149613453049515,0.004328980566345604,0.9645017037483103
58,11119.0,2384.0,2410,8.84089126482539,13503.0,0.0034629421327165644,0.0034629421327165644,0.00341523922372815,0.09200625369660588,0.004142992394180225,0.21008745963295175,0.0043194433907487485,0.9638793931481984
59,10644.0,2224.0,2408,8.62094126225782,12868.0,0.0033767885868616603,0.0033767885868616603,0.0034067952946676516,0.09200445897956075,0.004107171350006069,0.2087120094724335,0.004303405171696959,0.9632574840719836
60,11051.0,2412.0,2406,8.91155259045234,13463.0,0.003490619894419248,0.003490619894419248,0.0033983765475967026,0.09200093763115287,0.004072186175210589,0.207368456904551,0.004287606127830463,0.9626359762605972
61,11004.0,2484.0,2400,9.01913351028838,13488.0,0.003532758915114916,0.003532758915114916,0.0033735798448352753,0.09199570315929688,0.0040212036349824756,0.20605554879241758,0.004246436025716992,0.9620148694551369
62,10792.0,2198.0,2389,8.230258237353317,12990.0,0.003223759591599419,0.003223759591599419,0.0033286901734670324,0.09198877108858616,0.003950731119316273,0.20477210074679017,0.0041744661230706396,0.961394163396868
63,10892.0,2545.0,2387,8.10155984279032,13437.0,0.003173348939596678,0.003173348939596678,0.0033203469498331688,0.09198015867471941,0.003918392945568862,0.20351699231798612,0.004159392459463439,0.9607738578272225
64,10959.0,2574.0,2383,8.300530002271666,13533.0,0.003251284763913696,0.003251284763913696,0.003304077709484978,0.0919698846524671,0.003878770826186633,0.20228916259428906,0.004132349223203865,0.9601539524877993
65,11324.0,2547.0,2376,8.476888694261179,13871.0,0.0033203637658680684,0.0033203637658680684,0.003276110543796369,0.0919579690131158,0.0038282096885280067,0.20108760616672403,0.004087733497364482,0.959534447120364
66,10490.0,2454.0,2369,8.170886378584063,12944.0,0.0032005038694022966,0.0032005038694022966,0.003248367074730627,0.09194443280785869,0.0037787279255922716,0.19991136942459395,0.004043805354366033,0.9589153414668489
67,11208.0,2655.0,2363,8.537763460161706,13863.0,0.0033442081708428147,0.0033442081708428147,0.003224699447676299,0.09192929797405072,0.0037340965377728537,0.19875954715011068,0.004006351791005914,0.9582966352693526
68,11031.0,2557.0,2362,8.133912560258299,13588.0,0.0031860213710373283,0.0031860213710373283,0.00322029605336405,0.0919125871816428,0.0037091479489065435,0.19763127938391087,0.003998047964182958,0.9576783282701403
69,10892.0,2436.0,2354,8.109174152493397,13328.0,0.0031763314345841743,0.0031763314345841743,0.0031894192022873685,0.09189432369744162,0.003658835855223398,0.19652574853627755,0.003950404863306192,0.9570604202116435
70,11604.0,2204.0,2351,8.688725113544276,13808.0,0.003403339253248835,0.003403339253248835,0.0031775041822548547,0.0918745312651365,0.003627740228813704,0.1954421767215579,0.003931207514590945,0.9564429108364597
71,11359.0,2442.0,2347,8.700693207774222,13801.0,0.0034080271084113677,0.0034080271084113677,0.003161941975062232,0.09185323399928579,0.003593670836891777,0.19437982329561787,0.00390679728263513,0.9558257998873526
72,11245.0,2187.0,2340,7.9401971908082025,13432.0,0.0031101438271869185,0.0031101438271869185,0.003135462590493256,0.09183045629167481,0.0035496576901344187,0.1933379825782531,0.0038665488924032993,0.955209087107252
73,10930.0,2506.0,2334,7.7020458886723056,13436.0,0.0030168609042978086,0.0030168609042978086,0.003112820869506737,0.09180622272864941,0.003509979093197476,0.19231598174430906,0.0038321756450688193,0.9545927722392534
74,11119.0,2510.0,2326,7.795379922065262,13629.0,0.003053419475936256,0.003053419475936256,0.0030831404983063895,0.09178055801819163,0.0034641805285520887,0.19131317886889496,0.003787794299084628,0.953976855026618
75,11550.0,2151.0,2322,8.203412553493928,13701.0,0.003213244243436713,0.003213244243436713,0.0030679614703015695,0.09175348692565391,0.0034328004709072045,0.19032896111351863,0.003764685863561695,0.9533613352127728
76,11162.0,2611.0,2319,7.986775774313768,13773.0,0.003128388474075115,0.003128388474075115,0.003056407746479548,0.0917250342171904,0.0034053432066944713,0.18936274304125553,0.0037469700802599333,0.9527462125413103
77,10996.0,2105.0,2308,7.6328932094010575,13101.0,0.002989774073404253,0.002989774073404253,0.003016899303615783,0.09169522461003655,0.003351996963772794,0.18841396505021035,0.0036892565641783405,0.9521314867559884
78,10490.0,2256.0,2302,6.936244619631115,12746.0,0.0027168995768237815,0.0027168995768237815,0.0029950596331186703,0.09166408272888706,0.0033158893451658675,0.18748209191554957,0.0036571161841775627,0.9515171576007303
79,11056.0,2429.0,2299,7.744103129192263,13485.0,0.003033334559025563,0.003033334559025563,0.002983686853601705,0.09163163306770342,0.00329006100008708,0.18656661143129538,0.0036400720989543593,0.9509032248196247
80,11439.0,2225.0,2295,7.528351578450612,13664.0,0.0029488255301412503,0.0029488255301412503,0.0029689630689430707,0.09159789995636151,0.0032615140874318145,0.18566703314389044,0.003618398319817325,0.950289688156925
81,10411.0,2566.0,2292,6.943510003744359,12977.0,0.0027197453990381354,0.0027197453990381354,0.0029577022020517035,0.09156291995760407,0.003236591795874176,0.18478288717026986,0.003601755643673128,0.9496765473570499
82,10720.0,2315.0,2286,7.477533204635685,13035.0,0.0029289201741620387,0.0029289201741620387,0.0029364615738377148,0.09152677726281779,0.0032028224406199127,0.18391372309383797,0.0035711781559376143,0.9490638021645829
83,10376.0,2298.0,2282,6.97646915320808,12674.0,0.0027326553674923934,0.0027326553674923934,0.0029220042722666213,0.09148956331590433,0.003175729707949245,0.18305910893233251,0.00355027401797137,0.9484514523242723
84,10687.0,2293.0,2276,7.221624426961143,12980.0,0.0028286817183553244,0.0028286817183553244,0.002901064462861146,0.09145136425514175,0.003143059363196689,0.1822186301720951,0.0035204285033690807,0.9478394975810311
85,10583.0,2127.0,2273,7.314250550237785,12710.0,0.0028649630044017957,0.0028649630044017957,0.002890050341086585,0.09141226124113068,0.0031198640354876657,0.18139188886373872,0.0035045481072360778,0.947227937679937
86,11171.0,2124.0,2267,7.302073036939858,13295.0,0.0028601931206188244,0.0028601931206188244,0.0028694102725798855,0.09137233076219918,0.0030882185128976707,0.18057850277464044,0.0034753979617659077,0.9466167723662319
87,10790.0,2120.0,2265,7.337930069312924,12910.0,0.002874238178344271,0.002874238178344271,0.002861729054928699,0.09133164491899282,0.003068714824233258,0.17977810459407267,0.0034642997030144445,0.9460060013853223
88,11217.0,2114.0,2261,7.487946471903371,13331.0,0.0029329990097545517,0.0029329990097545517,0.0028477352040500842,0.09129027168983087,0.003043773554911691,0.17899034118714133,0.0034445620090516275,0.945395624482779
89,10942.0,2280.0,2253,7.152930765371519,13222.0,0.002801774682871727,0.002801774682871727,0.0028212459164539978,0.09124827517827487,0.0030078636851561006,0.17821487289401733,0.003407743627969225,0.9447856414043369
90,10645.0,2262.0,2248,6.956563141145852,12907.0,0.002724858261318391,0.002724858261318391,0.0028043257550326756,0.09120571584423762,0.0029809384004978678,0.17745137287123677,0.003384172377568444,0.9441760518958948
91,10437.0,1999.0,2239,6.6916163685517045,12436.0,0.00262107965865715,0.00262107965865715,0.002775149064770406,0.09116265071984803,0.002943324144833149,0.17669952647210946,0.003343958159770167,0.9435668557035156
92,11053.0,2100.0,2237,6.902245900490323,13153.0,0.002703582413039688,0.002703582413039688,0.002767686321740821,0.0911191336111931,0.0029254996523507075,0.17595903066351137,0.0033334449165697885,0.9429580525734261
93,10783.0,2161.0,2234,7.195510616114238,12944.0,0.0028184530419562235,0.0028184530419562235,0.0027572213008405593,0.09107521528695928,0.0029052283879491964,0.17522959347655565,0.0033189008936646237,0.9423496422520168
94,11374.0,2427.0,2224,7.544574626071408,13801.0,0.00295518003371383,0.00295518003371383,0.0027256936183086447,0.09103094365492233,0.002866465313107029,0.1745109334888334,0.0032759062244012396,0.9417416244858416
95,11261.0,2241.0,2218,7.372570353991788,13502.0,0.002887806640811511,0.002887806640811511,0.002706393675457386,0.09098636392715259,0.0028388991595386217,0.17380277933609567,0.00324954927136655,0.9411339990216184
96,10645.0,2129.0,2211,6.918152656007249,12774.0,0.0027098130262464743,0.0027098130262464743,0.0026842697067199044,0.09094151877473607,0.002809108889535866,0.1731048692514123,0.0032194756221898633,0.940526765606228
97,10478.0,2272.0,2207,6.659675773947904,12750.0,0.0026085686541119876,0.0026085686541119876,0.002671154609715717,0.09089644847275069,0.0027875480862905653,0.1724169506299936,0.0032015832033250044,0.9399199239867149
98,10416.0,2126.0,2198,6.437310073396818,12542.0,0.0025214688889137553,0.0025214688889137553,0.002643519935698035,0.09085119103617596,0.0027534352369694595,0.1717387796179971,0.0031643116990042945,0.9393134739102866
99,10445.0,2239.0,2189,6.5006844698937725,12684.0,0.002546292389304259,0.002546292389304259,0.002616101840235463,0.09080578234736666,0.0027198068551098236,0.17107012072376876,0.0031274348470833216,0.9387074151243139
100,10622.0,2397.0,2186,6.847503627600547,13019.0,0.002682140081316313,0.002682140081316313,0.0026061595505673394,0.09076025627566772,0.0027017661555279286,0.1704107464500805,0.0031139262880985914,0.9381017473763302
101,10443.0,2550.0,2180,6.795403913389567,12993.0,0.0026617328293731166,0.0026617328293731166,0.0025877229145588806,0.09071464478970899,0.002676494864834146,0.16976043694603435,0.0030891729861426457,0.9374964704140325
102,10054.0,2412.0,2177,6.664462172720699,12466.0,0.0026104434675756753,0.0026104434675756753,0.0025779230050702946,0.09066897806287266,0.002658976359352695,0.16911897967739706,0.003075923998025035,0.9368915839852797
103,10575.0,2219.0,2169,6.700149514151299,12794.0,0.0026244220580302776,0.0026244220580302776,0.0025541385909738576,0.09062328457239484,0.0026294771519330606,0.16848616911422007,0.0030442278414574064,0.9362870878380942
104,10748.0,2073.0,2168,6.53705709524463,12821.0,0.0025605394027593538,0.0025605394027593538,0.002550061538599078,0.09057759119252344,0.002617313466314307,0.16786180643468113,0.0030385869779300328,0.9356829817206606
105,10452.0,2120.0,2166,6.3865875835987245,12572.0,0.002501601090324608,0.002501601090324608,0.0025432396215408115,0.09053192328212711,0.00260291528377925,0.1672456992441563,0.0030293461521731756,0.9350792653813257
106,10246.0,2465.0,2157,6.35131496928645,12711.0,0.002487784946841539,0.002487784946841539,0.0025172324286984087,0.09048630476711998,0.0025720980694844625,0.16663766130860494,0.0029949528911223868,0.9344759385685992
107,11268.0,2234.0,2153,6.874836118124526,13502.0,0.0026928461097236686,0.0026928461097236686,0.0025050582186317972,0.09044075821803936,0.0025534350280126215,0.1660375123014091,0.002978743982939979,0.9338730010311529
108,10251.0,2163.0,2148,6.324049459845319,12414.0,0.0024771051546593494,0.0024771051546593494,0.0024902663571522454,0.09039530492309171,0.002532686443660153,0.16544507756287077,0.0029591489541554816,0.9332704525178205
109,10540.0,2393.0,2141,6.432006306238157,12933.0,0.0025193914243001004,0.0025193914243001004,0.0024702107242613918,0.09034996495695746,0.0025075934450462614,0.16486018787162332,0.0029327344251272587,0.9326682927775981
110,10930.0,2739.0,2135,6.711016200600562,13669.0,0.0026286784961224293,0.0026286784961224293,0.0024529726237348688,0.09030475724562616,0.002485104719421886,0.16428267922726295,0.0029100371833734083,0.9320665215596436
111,11068.0,2344.0,2127,6.742293539619453,13412.0,0.0026409297060789086,0.0026409297060789086,0.002430567444313125,0.09025969962751348,0.0024583742267957056,0.16371239264355467,0.002880680742116721,0.9314651386132767
112,10417.0,1982.0,2121,6.138532331948108,12399.0,0.002404438829591895,0.002404438829591895,0.0024135871572934188,0.09021480891109479,0.0024364633106002233,0.163149173951606,0.0028584052887344904,0.930864143687979
113,10469.0,1970.0,2116,6.023920581624743,12439.0,0.002359545860409222,0.002359545860409222,0.0023993422611481366,0.09017010092927231,0.002417046209242363,0.16259287361244595,0.0028397044237775536,0.9302635365333934
114,10612.0,1951.0,2112,6.015112666630355,12563.0,0.002356095834951177,0.002356095834951177,0.002387793062445545,0.0901255905906805,0.00240006967075763,0.16204334653848007,0.0028245106443452357,0.9296633168993248
115,10113.0,2041.0,2101,5.673724620087421,12154.0,0.0022223754876958173,0.0022223754876958173,0.002358317393182374,0.0900812919281175,0.002368024247398913,0.16150045192332674,0.002786278150757493,0.9290634845357392
116,11002.0,2424.0,2095,6.45157299054493,13426.0,0.002527055617134716,0.002527055617134716,0.0023418343277885056,0.09003721814427923,0.0023471816674880326,0.16096405307957398,0.0027647994873492886,0.928464039192764
117,10339.0,2302.0,2090,6.094911873468421,12641.0,0.0023873528685736077,0.0023873528685736077,0.0023280087688748656,0.0899933816549611,0.002328732851310161,0.16043401728402182,0.0027467615322530605,0.9278649806206879
118,10421.0,2238.0,2087,6.169398910735856,12659.0,0.002416529146390856,0.002416529146390856,0.002319322629399737,0.0899497941298804,0.0023147537681155257,0.15991021563000524,0.0027353233550208244,0.9272663085699606
119,10152.0,2054.0,2084,5.727481915366655,12206.0,0.002243432007585842,0.002243432007585842,0.002310698781156845,0.0899064665312623,0.0023009389381151925,0.15939252288641587,0.00272397760394659,0.926668022791193
120,9798.0,1927.0,2077,5.589309620680843,11725.0,0.0021893104663849756,0.0021893104663849756,0.0022921961300499854,0.08986340915032386,0.0022789290057846565,0.15888081736306595,0.002700059770154678,0.9260701230351567
121,10227.0,2228.0,2071,5.806574975890432,12455.0,0.0022744124464905728,0.0022744124464905728,0.002276295159819768,0.08982063164178036,0.0022592455553343644,0.1583749807820587,0.0026794875668372338,0.9254726090527841
122,9944.0,2193.0,2064,5.3850664225327165,12137.0,0.002109309213683007,0.002109309213683007,0.0022580565811883943,0.08977814305649191,0.002237734372306578,0.15787489815485015,0.0026559789675921837,0.9248754805951686
123,9660.0,2369.0,2057,5.568231709261972,12029.0,0.0021810543318691623,0.0021810543318691623,0.002239948369918786,0.08973595187235756,0.002216468493192419,0.1573804576647057,0.002632671119928615,0.9242787374135637
124,10084.0,2006.0,2052,5.780767716463415,12090.0,0.0022643038450698844,0.0022643038450698844,0.002226807263213942,0.0896940660235618,0.002199483101208402,0.15689155055427378,0.002615678477119908,0.923682379259384
125,9930.0,1894.0,2044,5.470344264938736,11824.0,0.0021427122071832104,0.0021427122071832104,0.002206549931898933,0.08965249292826681,0.0021766778038003606,0.15640807101801432,0.0025897256732147302,0.923086405884204
126,10071.0,2333.0,2037,5.654938939410371,12404.0,0.0022150172108932123,0.0022150172108932123,0.0021888228062952124,0.08961123951484187,0.002156113584679658,0.15592991609923493,0.002566999498470184,0.9224908170397587
127,10663.0,2384.0,2031,5.803970346638863,13047.0,0.0022733922235169852,0.0022733922235169852,0.002173592019710336,0.08957031224671218,0.0021377475482225626,0.15545698559150314,0.002547444967119444,0.9218956124779432
128,9955.0,1789.0,2025,5.174507808891192,11744.0,0.002026834237716879,0.002026834237716879,0.0021584678628639685,0.08952971714590752,0.002119582618819222,0.1549891819442161,0.0025280497913794902,0.9213007919508127
129,10152.0,1973.0,2022,5.387394090954498,12125.0,0.0021102209521952596,0.0021102209521952596,0.0021504732173714554,0.08948945981538324,0.00210743447223835,0.15452641017212074,0.0025176151155299285,0.9207063552105826
130,9538.0,2385.0,2015,5.312797065247081,11923.0,0.002081001592341199,0.002081001592341199,0.0021332291819560405,0.08944954546018362,0.002087718827602494,0.15406857776859045,0.002495615022018637,0.9201123020096279
131,9727.0,2215.0,2011,5.3454814603439305,11942.0,0.0020938039405969176,0.0020938039405969176,0.0021230389746923887,0.08940997890751172,0.002073942680156391,0.1536155946224749,0.0024824549057755932,0.9195186321004833
132,9819.0,2087.0,2004,5.328528952834729,11906.0,0.0020871637104718874,0.0020871637104718874,0.002106028261016736,0.08937076462576765,0.0020546285235266823,0.153167372938349,0.0024608017043435157,0.9189253452358436
133,10227.0,1754.0,2001,5.579371838360537,11981.0,0.002185417876365271,0.002185417876365271,0.002098264484138833,0.08933190674261178,0.002043038375638316,0.15272382715999863,0.002450688358339991,0.9183324411685626
134,9318.0,2097.0,1996,5.1755257744242655,11415.0,0.00202723297078898,0.00202723297078898,0.002086017773911897,0.08929340906210718,0.0020278376363137983,0.15228487389698747,0.0024350092560128313,0.9177399196516539
135,10167.0,1802.0,1987,5.410795988588152,11969.0,0.0021193873829174117,0.0021193873829174117,0.002064836710646309,0.08925527508099115,0.002005388168328556,0.15185043185415936,0.0024082595821486676,0.9171477804382906
136,9688.0,2449.0,1983,5.32767488201341,12137.0,0.0020868291743099923,0.0020868291743099923,0.002055000538587224,0.08921750800412452,0.001992358629495773,0.15142042176393844,0.00239560179038913,0.9165560232818047
137,10087.0,2162.0,1982,5.394543121112461,12249.0,0.0021130211990256407,0.0021130211990256407,0.002051912206708079,0.08918011075916206,0.00198493399610288,0.15099476632129544,0.0023913014399595083,0.9159646479356875
138,9779.0,2017.0,1978,5.231353435475089,11796.0,0.0020491004447611002,0.0020491004447611002,0.002042206598332347,0.08914308601048718,0.001972152998493571,0.15057339012125753,0.002378823854338617,0.9153736541535895
139,9807.0,2296.0,1972,5.213404729457887,12103.0,0.0020420700076215774,0.0020420700076215774,0.0020281664511788695,0.08910643617244986,0.0019559064304125744,0.15015621959884412,0.0023610111648068584,0.91478304168932
140,9535.0,1990.0,1969,4.835678530415898,11525.0,0.0018941161497907943,0.0018941161497907943,0.002020780115948088,0.0890701634219456,0.001945174364689558,0.14974318297131728,0.0023514100864944656,0.914192810296847
141,9754.0,1901.0,1962,5.194731780989954,11655.0,0.0020347558875793,0.0020347558875793,0.0020047485479487643,0.0890342697103695,0.0019274645149760657,0.14933421018264306,0.00233118566770171,0.9136029597302975
142,10041.0,2361.0,1954,5.349885591203764,12402.0,0.0020955290212314,0.0020955290212314,0.001986660684045995,0.08899875677498029,0.0019081711715964135,0.14892923285006282,0.0023084604152007497,0.9130134897439571
143,9020.0,2251.0,1948,4.9470757528065885,11271.0,0.0019377500010993296,0.0019377500010993296,0.0019729865444165443,0.08896362614970311,0.001892558411939943,0.1485281842126806,0.0022911723700212534,0.9124244000922698
144,9022.0,1927.0,1936,4.688625966297006,10949.0,0.0018365162421844913,0.0018365162421844913,0.0019465866984130934,0.08892887917540301,0.0018666976012640492,0.14813099908197708,0.0022583281248824507,0.9118356905298381
145,9386.0,1700.0,1930,4.824700925489166,11086.0,0.0018898162653698263,0.0018898162653698263,0.0019330943320603484,0.08889451700965462,0.0018514136838146916,0.14773761379416536,0.0022413020571476964,0.9112473608114231
146,9869.0,2042.0,1925,5.074750980812356,11911.0,0.0019877598828093833,0.0019877598828093833,0.0019217999262986475,0.08886054063603557,0.001837985447985605,0.1473479661643068,0.002226975500529698,0.9106594106919436
147,9330.0,1879.0,1922,4.673296380051449,11209.0,0.0018305117038979431,0.0018305117038979431,0.0019147764736936453,0.08882695087296798,0.0018280794245356129,0.14696199544211172,0.0022178658104841133,0.9100718399264769
148,9577.0,1994.0,1915,4.868809109337223,11571.0,0.001907093266485399,0.001907093266485399,0.0018994515271628012,0.08879374838213075,0.0018115251193435821,0.14657964226935127,0.002198659199366697,0.9094846482702583
149,9702.0,2030.0,1912,4.966693525520566,11732.0,0.0019454342050609346,0.0019454342050609346,0.001892523952599368,0.08876093367646566,0.0018018220637162985,0.14620084863881108,0.00218967642697279,0.9088978354786809
150,9531.0,1995.0,1911,4.812188858979871,11526.0,0.0018849153384174976,0.0018849153384174976,0.0018897690539416046,0.08872850712779683,0.0017955343778404459,0.14582555785472204,0.0021857599703487217,0.9083114013072958
151,9966.0,2010.0,1905,4.891176429839631,11976.0,0.0019158544574381633,0.0019158544574381633,0.001876774946344509,0.0886964689740843,0.0017810484423965835,0.14545371449460404,0.0021694328516295436,0.9077253455118116
152,8961.0,1880.0,1900,4.400675917995102,10841.0,0.0017237273474324723,0.0017237273474324723,0.0018659025738337776,0.08866481932632989,0.0017683361141026003,0.14508526437246505,0.00215568877776467,0.9071396678480946
153,9115.0,1939.0,1895,4.584313021326684,11054.0,0.0017956572743151916,0.0017956572743151916,0.0018550984728392778,0.088633558175152,0.0017557400707825938,0.14472015450329695,0.002142038805706258,0.9065543680721688
154,8682.0,2023.0,1891,4.314461814495351,10705.0,0.0016899576241658249,0.0016899576241658249,0.0018463799718574576,0.08860268539704774,0.001744876890921039,0.14435833306881588,0.0021309167539360005,0.9059694459402154
155,9333.0,2089.0,1890,4.552414632319106,11422.0,0.0017831628015350983,0.0017831628015350983,0.0018437376578247617,0.08857220076035612,0.0017389349151497213,0.14399974938439478,0.0021271234661461302,0.9053849012085732
156,9378.0,2160.0,1883,4.843806850499677,11538.0,0.0018972999806109191,0.0018972999806109191,0.001829138186998695,0.08854210393093848,0.0017234627245333168,0.1436443538671394,0.0021089370256716818,0.9048007336337376
157,9389.0,1793.0,1877,4.594833127962218,11182.0,0.0017997779584654203,0.0017997779584654203,0.0018166123312656018,0.08851239447758992,0.0017097153968031414,0.14329209800506154,0.002093261399999952,0.9042169429723618
158,9235.0,2316.0,1871,4.780735924039657,11551.0,0.0018725953482333167,0.0018725953482333167,0.0018041624131629685,0.08848307187719437,0.0016960898906775317,0.14294293432730462,0.0020776917328893525,0.9036335289812555
159,9282.0,1998.0,1863,4.787045026594491,11280.0,0.0018750665987444148,0.0018750665987444148,0.0017878593098073915,0.08845413551963685,0.0016794514763324823,0.1425968163753798,0.0020575185970268233,0.9030504914173858
160,9741.0,1614.0,1858,4.550157957192695,11355.0,0.0017822788708157836,0.0017822788708157836,0.0017775137032243875,0.08842558471248399,0.0016676281146711114,0.14225369867537155,0.0020444985598969097,0.9024678300378762
161,9014.0,1901.0,1853,4.401726330030227,10915.0,0.0017241387896710643,0.0017241387896710643,0.0017672305367416772,0.08839741735464529,0.0016559075105655777,0.14191353671107465,0.002031563815003107,0.901885544600007
162,9436.0,1752.0,1849,4.412595658716802,11188.0,0.0017283962627171177,0.0017283962627171177,0.0017589421846772979,0.08836962605011875,0.0016458249788957133,0.14157628689802612,0.0020210212851025835,0.9013036348612153
163,9290.0,1815.0,1842,4.181266389040124,11105.0,0.0016377855029534366,0.0016377855029534366,0.0017449346548752847,0.08834220227763491,0.0016312472836524472,0.1412419065583957,0.0020036667520385294,0.9007221005790945
164,9516.0,2134.0,1836,4.760453219476712,11650.0,0.001864650693097028,0.001864650693097028,0.0017329213877106447,0.08831513774022744,0.0016183117880147694,0.14091035389670328,0.0019887052421135383,0.9001409415113945
165,9276.0,2218.0,1830,4.519573064949658,11494.0,0.001770298889521997,0.001770298889521997,0.0017209777752982256,0.08828842435821636,0.00160548603631156,0.14058158797632953,0.001973841191910337,0.8995601574160214
166,9443.0,2221.0,1826,4.607445363231545,11664.0,0.0018047181211247726,0.0018047181211247726,0.001712889865414804,0.08826205426244788,0.0015957665572857097,0.14025556869678965,0.001963571529065214,0.8989797480510375
167,9374.0,2031.0,1822,4.542449665160747,11405.0,0.001779259563321875,0.001779259563321875,0.0017048493913244234,0.08823601978778159,0.0015861284496964066,0.1399322567717423,0.0019533656223406797,0.8983997131746615
168,9864.0,1971.0,1814,4.734591071086755,11835.0,0.0018545205918867038,0.0018545205918867038,0.0016893587562717167,0.08821031346681348,0.0015706471312706884,0.13961161370770334,0.0019343402092337576,0.8978200525452676
169,9634.0,2057.0,1808,4.41249653889068,11691.0,0.0017283574378733567,0.0017283574378733567,0.0016776838973780607,0.08818492802382602,0.001558237958698652,0.13929360178343952,0.0019198519986583366,0.8972407659213865
170,9054.0,2203.0,1802,4.298590815158376,11257.0,0.0016837410165132692,0.0016837410165132692,0.0016660744095671736,0.08815985636895461,0.0015459309550584204,0.13897818403001644,0.001905455803873676,0.8966618530617041
171,9733.0,1960.0,1799,4.288719418348035,11693.0,0.001679874429435188,0.001679874429435188,0.001660067940499479,0.08813509159256266,0.0015380877634910697,0.13866532421147504,0.0018976884839604325,0.8960833137250624
172,9701.0,1759.0,1797,4.4114325187876045,11460.0,0.001727940665408384,0.001727940665408384,0.0016559331741661883,0.08811062695981586,0.0015317540003977885,0.13835498680611483,0.0018921323855671677,0.8955051476704589
173,8325.0,2318.0,1794,3.8191338713144782,10643.0,0.0014959396284036342,0.0014959396284036342,0.0016499951933368689,0.08808645590544813,0.001524034091442167,0.13804713698835994,0.001884453930062355,0.8949273546570464
174,9020.0,1788.0,1785,4.100256395399246,10808.0,0.0016060542089303743,0.0016060542089303743,0.0016331775214707865,0.08806257202871094,0.0015078033900294912,0.1377417406111882,0.0018639834926581942,0.8943499344441335
175,8506.0,1764.0,1779,3.856550658661803,10270.0,0.0015105956359819047,0.0015105956359819047,0.0016218796194854743,0.08803896908849898,0.0014959640148973815,0.137438764189101,0.001850022416866563,0.8937728867911837
176,8974.0,1640.0,1776,4.069966427301771,10614.0,0.0015941897482576461,0.0015941897482576461,0.0016160461867554018,0.08801564099864485,0.0014884555020303234,0.13713817488161553,0.0018424880896996461,0.8931962114578159
177,8752.0,1891.0,1774,3.8638588537826086,10643.0,0.001513458227098554,0.001513458227098554,0.0016120377786590313,0.0879925818233763,0.0014824103431152697,0.13683994047725967,0.0018370975784426783,0.8926199082038042
178,8756.0,2077.0,1770,4.005008414042514,10833.0,0.0015687459514463432,0.0015687459514463432,0.0016044846213037005,0.08796978577292892,0.001473620421878289,0.1365440293780523,0.001827559058471815,0.8920439767890773
179,9243.0,1762.0,1765,4.119529746556263,11005.0,0.0016136035043306945,0.0016136035043306945,0.0015951968385621465,0.08794724719930945,0.0014635110228291117,0.13625041058445095,0.00181600046761278,0.8914684169737194
180,8666.0,1949.0,1760,3.8837592030830046,10615.0,0.0015212531151911496,0.0015212531151911496,0.0015859581917793723,0.08792496059220202,0.0014534801753169717,0.13595905368075067,0.0018045107143592435,0.8908932285179688
181,9546.0,1928.0,1758,4.4627232565154715,11474.0,0.001748031044463561,0.001748031044463561,0.0015820436286136655,0.0879029205750131,0.0014476442936376635,0.13566992882091763,0.001799243479216361,0.890318411182219
182,9082.0,2010.0,1750,3.999543461785676,11092.0,0.0015666053512674014,0.0015666053512674014,0.0015676495994983383,0.08788112190104981,0.0014336643304811013,0.13538300671484302,0.0017817668682582602,0.889743964727018
183,8964.0,1835.0,1746,4.07703018853515,10799.0,0.0015969565955876027,0.0015969565955876027,0.0015602969624741098,0.08785955944982468,0.0014252201305010393,0.13509825861500158,0.0017725068820670573,0.8891698889130683
184,7903.0,1676.0,1745,3.524576296327189,9579.0,0.0013805625915891849,0.0013805625915891849,0.0015581842755588618,0.08783822822348465,0.0014208891294888927,0.1348156563035018,0.0017693473868202214,0.8885961835012265
185,8652.0,1844.0,1740,3.9658863804543785,10496.0,0.0015534220056617229,0.0015534220056617229,0.0015491808413073064,0.08781712334335756,0.0014112217038070936,0.1345351720795129,0.0017581846153370709,0.888022848252504
186,8410.0,1875.0,1738,3.96819333284772,10285.0,0.001554325629787591,0.001554325629787591,0.001545376777820351,0.087796240046612,0.0014056316644313008,0.13425677874705702,0.0017530647231228142,0.887449882928066
187,8481.0,1952.0,1730,3.8326654063934096,10433.0,0.0015012398771615393,0.0015012398771615393,0.001531333593125288,0.08777557368302707,0.0013921175448598248,0.13398044960315308,0.0017360826045322987,0.886877287289232
188,8893.0,1869.0,1729,4.156355930193923,10762.0,0.0016280281747723946,0.0016280281747723946,0.0015292746545074352,0.08775511971186714,0.001387947100184315,0.1337061584263011,0.0017329923259461347,0.8863050610974754
189,8252.0,2303.0,1727,3.972902690909772,10555.0,0.0015561702667096639,0.0015561702667096639,0.0015255331489760558,0.08773487369885784,0.0013824940495852597,0.1334338794652946,0.001727956157499878,0.8857332041144236
190,8525.0,1771.0,1721,3.820147763466208,10296.0,0.0014963367659483777,0.0014963367659483777,0.0015150646918185313,0.08771483131325938,0.001371855910444546,0.13316358742835124,0.00171515324522871,0.8851617161018577
191,8543.0,1957.0,1716,3.808054996985063,10500.0,0.0014916000771582698,0.0014916000771582698,0.0015063267092616586,0.08769498832503443,0.0013625949987968486,0.1328952574725497,0.0017043610482636415,0.8845905968217126
192,7876.0,1955.0,1709,3.5508001116796435,9831.0,0.0013908343563179175,0.0013908343563179175,0.00149428867247427,0.08767534060210574,0.0013508166865154724,0.13262886519356382,0.0016897770276052897,0.8840198460360766
193,8632.0,1927.0,1706,3.8371889125781697,10559.0,0.0015030117166385311,0.0015030117166385311,0.0014889649614638768,0.08765588410770099,0.00134426618098112,0.1323643866156831,0.0016829397471625777,0.8834494635071919
194,8113.0,2079.0,1701,3.75155234821365,10192.0,0.0014694682131663338,0.0014694682131663338,0.0014803544876380392,0.08763661489778202,0.0013352051115205527,0.13210179818211096,0.0016723283041070827,0.8828794489974537
195,8825.0,1584.0,1694,3.6430862618787274,10409.0,0.0014269824762548873,0.0014269824762548873,0.0014684870244633776,0.08761752911855451,0.0013236646561815956,0.1318410767455312,0.0016579865845721636,0.8823098022694107
196,8631.0,1714.0,1689,3.7796340729996665,10345.0,0.0014804677136700613,0.0014804677136700613,0.0014599600273170258,0.08759862300405569,0.0013147377237705611,0.13158219955893402,0.001647495149857312,0.8817405230857648
197,8556.0,1847.0,1683,3.9188561049571824,10403.0,0.001535000432807357,0.001535000432807357,0.0014498389362537618,0.0875798928738172,0.001304615117741156,0.13132514426669303,0.001635187538275211,0.8811716112093709
198,8651.0,1995.0,1679,3.7849578580180063,10646.0,0.0014825530192001592,0.0014825530192001592,0.00144302099813094,0.08756133513060081,0.0012970691291632494,0.13106988889588567,0.0016266765858474416,0.880603066403237
199,7900.0,1933.0,1675,3.5791730946484406,9833.0,0.001401947941499585,0.001401947941499585,0.001436235527726945,0.08754294625820347,0.001289576125072724,0.1308164118478482,0.0016182112252963558,0.8800348884305242
200,8257.0,1674.0,1672,3.615106074554122,9931.0,0.001416022747573099,0.001416022747573099,0.0014310957783197741,0.08752472281932983,0.0012833752753259329,0.1305646918899592,0.001611635050668871,0.879467077054546
201,8663.0,1572.0,1671,3.6399274525928775,10235.0,0.0014257451831542803,0.0014257451831542803,0.0014291938213051667,0.08750666145353034,0.0012796845522699458,0.13031470814764273,0.0016087609979954132,0.8788996320387689
202,8362.0,1939.0,1667,3.4916656092682095,10301.0,0.0013676716056671403,0.0013676716056671403,0.0014225024313165406,0.08748875887520138,0.0012723373207762015,0.13006644009658547,0.0016004251010011611,0.8783325531468118
203,8666.0,1748.0,1663,3.5841694669719733,10414.0,0.001403905000772414,0.001403905000772414,0.0014158422012482414,0.08747101187164669,0.0012650406576448503,0.12981986755516062,0.0015921331045152531,0.8777658401424465
204,8614.0,1947.0,1659,3.7209880621604903,10561.0,0.0014574963032356013,0.0014574963032356013,0.0014092128146257863,0.0874534173011962,0.001257793967804262,0.12957497067705134,0.001583884600149921,0.8771994927895969
205,8146.0,1821.0,1652,3.367955017683167,9967.0,0.0013192146563584673,0.0013192146563584673,0.001397875651672896,0.0874359720913828,0.0012469695567975526,0.12933172994406944,0.0015702915834102707,0.8766335108523392
206,7786.0,1448.0,1651,3.2000342392103898,9234.0,0.001253440751747117,0.001253440751747117,0.0013960263058666403,0.08741867323717173,0.00124343703650707,0.12909012615916104,0.0015674918906374785,0.876067894094902
207,8736.0,1808.0,1646,3.7124691276127604,10544.0,0.0014541594702752684,0.0014541594702752684,0.001387921421409039,0.08740151779924461,0.0012351396637185251,0.1288501404395949,0.0015575942271706213,0.875502642281666
208,8672.0,1554.0,1643,3.589492576622329,10226.0,0.0014059900417635444,0.0014059900417635444,0.0013829722978056132,0.08738450290233225,0.0012292806412097417,0.128611754210327,0.001551284975159483,0.8749377551771637
209,7678.0,2067.0,1635,3.3849748113422677,9745.0,0.00132588124220222,0.00132588124220222,0.0013702799328033331,0.08736762573359849,0.0012175332733644528,0.12837494919753686,0.0015362119916690344,0.8743732325460797
210,8110.0,2025.0,1628,3.479552804522895,10135.0,0.0013629270679682314,0.0013629270679682314,0.0013591902578905075,0.08735088354106998,0.0012070439228970907,0.12813970742232925,0.001522970699186584,0.8738090741532506
211,8573.0,1464.0,1623,3.5021640362434505,10037.0,0.0013717837979802,0.0013717837979802,0.0013512300537628311,0.08733427363211238,0.0011989722367061072,0.12790601119459724,0.0015132825206486335,0.8732452797636644
212,8623.0,1654.0,1619,3.4622366771531836,10277.0,0.0013561444093823673,0.0013561444093823673,0.0013448389637332253,0.08731779337195136,0.0011921221993509835,0.1276738431070413,0.0015053769940568298,0.872681849142461
213,8590.0,1625.0,1615,3.600241591204467,10215.0,0.0014102003882508684,0.0014102003882508684,0.0013384760711618192,0.08730144018223518,0.0011853170883884944,0.1274431860293394,0.0014975115286295314,0.8721187820549317
214,8170.0,1590.0,1609,3.3441577460957466,9760.0,0.0013098933592227758,0.0013098933592227758,0.0013290980309483037,0.08728521153964,0.0011762417491000972,0.1272140231024646,0.0014862559984646715,0.8715560782665192
215,8374.0,1790.0,1603,3.4896322855450825,10164.0,0.0013668751608088847,0.0013668751608088847,0.001319760550207337,0.0872691049745145,0.0011672254284324556,0.12698633773314488,0.0014750591917218833,0.8709937375428175
216,8049.0,1660.0,1595,3.157477862678742,9709.0,0.0012367715874182302,0.0012367715874182302,0.0013074447476423084,0.08725311806956305,0.0011559746152535854,0.1267601135884609,0.001460524967405887,0.8704317596495721
217,8328.0,1757.0,1592,3.4363124991055876,10085.0,0.0013459900114005435,0.0013459900114005435,0.0013026973858902464,0.0872372484585672,0.0011505016038514536,0.12653533459057897,0.001454514434342529,0.8698701443526795
218,8294.0,1741.0,1586,3.458118192834955,10035.0,0.0013545312153681766,0.0013545312153681766,0.001293479100345368,0.08722149382514238,0.0011416564403367011,0.12631198491161302,0.001443489641007789,0.8693088914181872
219,8406.0,1745.0,1578,3.4405542839473546,10151.0,0.0013476515017420113,0.0013476515017420113,0.0012813175136065353,0.08720585190153021,0.0011306068263002228,0.12609004896861412,0.0014291759649691692,0.8687480006122936
220,8254.0,2031.0,1574,3.407246502875832,10285.0,0.0013346049756662092,0.0013346049756662092,0.0012751481804463849,0.08719032046742475,0.0011241284038734547,0.12586951141868233,0.0014215954348587257,0.8681874717013481
221,8164.0,1773.0,1572,3.38532096091193,9937.0,0.0013260168276192441,0.0013260168276192441,0.0012719637995125216,0.08717489734883138,0.001119931043553994,0.12565035715419784,0.001417365225548668,0.8676273044518509
222,7506.0,1503.0,1566,2.8269097148921714,9009.0,0.0011072893517008113,0.0011072893517008113,0.0012628988055453886,0.0871595804169578,0.0011113003344462287,0.12543257129816793,0.0014065600359003012,0.8670674986304525
223,7930.0,1529.0,1564,2.9616588204384815,9459.0,0.0011600700432583162,0.0011600700432583162,0.001259742769073266,0.08714436758713481,0.0011071631116093678,0.12521613919968652,0.0014023715429203251,0.8665080540039544
224,7759.0,1701.0,1559,3.071964986681034,9460.0,0.001203276532189986,0.001203276532189986,0.0012522139719295536,0.08712925681776854,0.0010997372169793671,0.12500104642950305,0.0013933037923982681,0.8659489703393082
225,7699.0,1779.0,1557,3.1443202087777418,9478.0,0.0012316177864385984,0.0012316177864385984,0.0012490854720572948,0.08711424610931975,0.0010956568933599205,0.12478727877569734,0.0013891552951410572,0.8653902474036161
226,7968.0,1550.0,1555,3.118184888280185,9518.0,0.0012213806847944319,0.0012213806847944319,0.0012459701674782063,0.08709933350331257,0.0010916017431144272,0.12457482223945776,0.0013850249858761896,0.8648318849641308
227,7994.0,1493.0,1547,3.1324970336524802,9487.0,0.0012269866955160519,0.0012269866955160519,0.0012341970876561439,0.0870845170813692,0.00108103169558487,0.1243636630309596,0.0013712568189209885,0.8642738827882543
228,8370.0,1707.0,1543,3.3491452601057254,10077.0,0.0013118469487292306,0.0013118469487292306,0.001228230097920628,0.08706979496427118,0.0010748669180412037,0.12415378756534126,0.001363965275924622,0.8637162406435398
229,7957.0,1616.0,1539,3.2571476956416716,9573.0,0.0012758118666829892,0.0012758118666829892,0.0012222874360530193,0.08705516531104668,0.0010687397396887336,0.12394518245877453,0.001356708645970489,0.8631589582976896
230,8089.0,1477.0,1531,3.2219915125298937,9566.0,0.0012620413288405381,0.0012620413288405381,0.0012106544781622635,0.08704062631808122,0.001058347691768435,0.12373783452462753,0.0013431400067412328,0.8626020355185564
231,7808.0,1490.0,1526,3.034385430409424,9298.0,0.0011885567686680078,0.0011885567686680078,0.0012033376141231981,0.08702617621825315,0.0010512309188612943,0.12353173076971691,0.0013343772029044492,0.8620454720741424
232,7487.0,1578.0,1522,2.7939082041126384,9065.0,0.0010943627904867366,0.0010943627904867366,0.0011974678570672366,0.08701181328009204,0.0010452231059623807,0.12332685839064746,0.0013272287168162927,0.8614892677325996
233,7677.0,1658.0,1515,3.127361298520148,9335.0,0.0012249750483823534,0.0012249750483823534,0.0011873842611018128,0.08699753580695924,0.00103606696098649,0.12312320477023599,0.0013154202486475816,0.8609334222622296
234,7337.0,1616.0,1512,2.854877427603147,8953.0,0.001118244194125792,0.001118244194125792,0.0011829691208775275,0.08698334213625054,0.0010311928756606005,0.12292075747401786,0.0013098994448170892,0.8603779354314833
235,7797.0,1646.0,1511,2.974556197691163,9443.0,0.00116512189490449,0.00116512189490449,0.0011813753302386113,0.08696923063861943,0.0010284522758129138,0.12271950424683382,0.001307504088347639,0.8598228070089615
236,7244.0,1768.0,1507,2.871388354698192,9012.0,0.0011247114589495466,0.0011247114589495466,0.0011755981357179518,0.08695519971722138,0.0010225846208778077,0.12251943300949435,0.0013004881354684776,0.8592680367634137
237,7620.0,1415.0,1502,2.7680343548096076,9035.0,0.001084228106075052,0.001084228106075052,0.001168452188448491,0.08694124780697733,0.0010157082940841517,0.12232053185552041,0.0012919688604558614,0.858713624463739
238,7957.0,1734.0,1500,3.070475467849168,9691.0,0.0012026930935562742,0.0012026930935562742,0.001165493086509945,0.08692737337385707,0.0010119887164325792,0.1221227890479575,0.0012880771653153396,0.8581595698789855
239,7003.0,1315.0,1496,2.7078443727108987,8318.0,0.001060651928206384,0.001060651928206384,0.0011597832442047618,0.08691357491418035,0.0010062220794177085,0.12192619301626206,0.0012811575968459863,0.8576058727783502
240,8007.0,1482.0,1490,2.9831605988087264,9489.0,0.0011684922047821098,0.0011684922047821098,0.001151343278615582,0.08689985095393735,0.0009984289956240493,0.1217307323532575,0.0012712394737611,0.8570525329311792
241,7637.0,1455.0,1486,3.0138486097477335,9092.0,0.001180512577261157,0.001180512577261157,0.001145677995176788,0.08688620004812533,0.0009927324214500986,0.12153639581215855,0.0012643855022914203,0.8564995501069673
242,8115.0,1551.0,1481,3.0174460744959863,9666.0,0.0011819216899710092,0.0011819216899710092,0.0011386683939526294,0.0868726207801034,0.0009860473650878927,0.12134317230366153,0.001256061297310303,0.8559469240753582
243,7883.0,1616.0,1474,2.8457614121219,9499.0,0.0011146734869259304,0.0011146734869259304,0.0011289632807777465,0.08685911176096328,0.0009773665725419903,0.12115105089309978,0.0012447860036950778,0.855394654606144
244,8184.0,1609.0,1471,3.035056850648856,9793.0,0.0011888197613195677,0.0011888197613195677,0.0011247199131061082,0.08684567162891633,0.000972786914721605,0.12096002079766109,0.0012395178429137812,0.8548427414692653
245,7707.0,1461.0,1469,2.827333297981797,9168.0,0.001107455267521268,0.001107455267521268,0.0011218440513814628,0.08683229904869597,0.0009692419952434148,0.12077007138366744,0.0012357545978040761,0.8542911844348114
246,8088.0,1674.0,1468,2.9187219330612053,9762.0,0.0011432518343365474,0.0011432518343365474,0.0011203256522583857,0.08681899271097558,0.0009667216540110613,0.12058119216391332,0.0012334820624353882,0.8537399832730199
247,7717.0,1450.0,1462,2.8892575818594013,9167.0,0.0011317107645356056,0.0011317107645356056,0.0011121047738366584,0.08680575133180059,0.0009592137218563364,0.12039337279506254,0.0012238738512551637,0.8531891377542764
248,8788.0,1538.0,1459,3.2382833637184363,10326.0,0.0012684227824984083,0.0012684227824984083,0.0011079252928975286,0.08679257365203545,0.0009547368798166963,0.1202066030751022,0.0012186973069206193,0.8526386476491149
249,7651.0,1412.0,1455,2.842248495504678,9063.0,0.0011132974913845193,0.0011132974913845193,0.001102429327637412,0.0867794584368239,0.0009492929281497823,0.12002087294085072,0.0012120873233128372,0.8520885127282173
250,8137.0,1611.0,1453,2.9025995275246324,9748.0,0.0011369367518702046,0.0011369367518702046,0.0010996086490046232,0.08676640447506326,0.0009458557203120375,0.1198361724655203,0.0012084060905636646,0.8515387327624135
251,7782.0,1566.0,1451,2.8945352676233496,9348.0,0.001133778013170133,0.001133778013170133,0.001096798493888144,0.08675341057889095,0.0009424376032509242,0.11965249185633167,0.0012047397864003474,0.8509893075226814
252,7704.0,1421.0,1443,2.8149412378094785,9125.0,0.0011026013465763723,0.0011026013465763723,0.0010860902242356208,0.08674047558318512,0.0009331571581026608,0.11946982145217973,0.0011924657917591476,0.8504402367801465
253,7006.0,1734.0,1440,2.7549456319119177,8740.0,0.0010791013050967166,0.0010791013050967166,0.0010819885573032505,0.08672759834507594,0.0009288093509303215,0.11928815172134892,0.0011874036719640294,0.849891520306082
254,7039.0,1358.0,1433,2.5997981082200066,8397.0,0.0010183306338503748,0.0010183306338503748,0.001072666359486193,0.0867147777434703,0.0009205959479269083,0.1191074732592772,0.0011766640838927114,0.8493431578719086
255,7425.0,1641.0,1431,2.891550110761185,9066.0,0.001132608739036892,0.001132608739036892,0.001069899771313556,0.0867020126785875,0.000917270054204877,0.11892777678636708,0.0011730674831470552,0.8487951492491947
256,7219.0,1565.0,1423,2.6338229092672374,8784.0,0.0010316580138140373,0.0010316580138140373,0.0010593443451234745,0.08668930207150613,0.0009081743213038371,0.11874905314584308,0.0011610092590797474,0.8482474942096562
257,7033.0,1530.0,1420,2.580376309261044,8563.0,0.0010107231920333114,0.0010107231920333114,0.0010553036720674942,0.08667664486372278,0.0009039322975087996,0.11857129330165386,0.0011560401092213977,0.8477001925251556
258,7250.0,1439.0,1415,2.5570920275925615,8689.0,0.001001602831019413,0.001001602831019413,0.001048695822525034,0.08666404001672054,0.0008977990810368354,0.1183944883364183,0.0011482904893372079,0.8471532439677034
259,7241.0,1363.0,1406,2.5239119321714747,8604.0,0.0009886063189077456,0.0009886063189077456,0.0010369658659908187,0.08665148651154836,0.0008878856730497911,0.11821862944941425,0.0011349959161722574,0.8466066483094568
260,7419.0,1530.0,1400,2.6884379738950503,8949.0,0.0010530505185644538,0.0010530505185644538,0.0010291239170540742,0.08663898334841069,0.0008808743487106164,0.11804370795460901,0.0011259295585486005,0.8460604053227199
261,7481.0,1322.0,1394,2.676209930887056,8803.0,0.0010482608424939505,0.0010482608424939505,0.0010213098621342036,0.08662652954626665,0.0008739005553682343,0.11786971527873057,0.0011169038581196322,0.8455145147799441
262,6823.0,1752.0,1386,2.548119195780326,8575.0,0.0009980882082962499,0.0009980882082962499,0.0010109767974572793,0.08661412414243908,0.0008650794736158544,0.11769664295937853,0.0011051636232672375,0.8449689764537273
263,6882.0,1448.0,1382,2.4785699152529754,8330.0,0.0009708460302596849,0.0009708460302596849,0.0010057563780565357,0.08660176619223263,0.0008600596751263953,0.11752448264317336,0.0010989636100067952,0.8444237901168142
264,7042.0,1452.0,1377,2.473078293493316,8494.0,0.000968694983741996,0.000968694983741996,0.0009992895700224361,0.08658945476856109,0.0008541314295813312,0.11735322608394431,0.0010914242061559535,0.8438789555420964
265,7307.0,1458.0,1372,2.653876154465479,8765.0,0.0010395127906249427,0.0010395127906249427,0.0009928454340631734,0.08657718896158369,0.0008482344281070214,0.11718286514095311,0.001083917797040761,0.8433344725026114
266,7218.0,1512.0,1368,2.5923849175487925,8730.0,0.0010154269163920064,0.0010154269163920064,0.000987680103531426,0.08656496787834962,0.0008432962482929453,0.11701339177715442,0.0010777990063324122,0.8427903407715438
267,7529.0,1330.0,1362,2.552612259750466,8859.0,0.0009998481236782083,0.0009998481236782083,0.0009800285473582466,0.0865527906424512,0.0008365352230848853,0.11684479805749133,0.0010690076963747826,0.8422465601222243
268,7267.0,1282.0,1356,2.4285511369039554,8549.0,0.0009512538726611654,0.0009512538726611654,0.0009724035232110557,0.08654065639368512,0.0008298094406042585,0.11667707614722474,0.0010602550574052999,0.8417031303281296
269,7110.0,1532.0,1350,2.469523340141206,8642.0,0.0009673025225778323,0.0009673025225778323,0.0009648048450967684,0.08652856428772158,0.0008231185864083654,0.11651021831029651,0.0010515408176070351,0.841160051162883
270,6805.0,1636.0,1349,2.4444099060988815,8441.0,0.0009574656898154647,0.0009574656898154647,0.0009634307858480452,0.08651651349578111,0.0008210319114148874,0.11634421690772537,0.001049529408097071,0.8406173224002534
271,6570.0,1177.0,1345,2.2574061206187586,7747.0,0.0008842170468541945,0.0008842170468541945,0.0009583546071164467,0.08650450320431888,0.0008162244808658342,0.11617906439603451,0.0010435419872597237,0.8400749438141561
272,7363.0,1343.0,1339,2.523427921356598,8706.0,0.0009884167337863682,0.0009884167337863682,0.0009508326727585183,0.08649253261471627,0.0008096275352570462,0.1160147533257105,0.0010349353326338394,0.8395329151786521
273,7178.0,1321.0,1336,2.487305824714747,8499.0,0.0009742678514354669,0.0009742678514354669,0.0009470189352526368,0.08648060094298005,0.0008057755149570284,0.11585127633969254,0.0010303167999393625,0.838991236267948
274,6649.0,1582.0,1332,2.3774700460292792,8231.0,0.000931245611448993,0.000931245611448993,0.0009419946129683672,0.08646870741944752,0.0008010427323557355,0.11568862617189132,0.0010244053600967958,0.8384499068563965
275,7580.0,1290.0,1330,2.5412110026348977,8870.0,0.000995382296370896,0.000995382296370896,0.0009394263658012759,0.08645685128849927,0.000798128085924124,0.11552679564573745,0.0010211315089452043,0.8379089267184954
276,6997.0,1503.0,1328,2.494286085143435,8500.0,0.0009770019918305662,0.0009770019918305662,0.0009368667542732491,0.08644503180827812,0.0007952281606180983,0.11536577767275742,0.0010178701363422215,0.8373682956288883
277,6880.0,1512.0,1326,2.3279573709197456,8392.0,0.0009118516924871702,0.0009118516924871702,0.0009343157164516524,0.08643324825041436,0.0007923428290725631,0.1152055652511778,0.0010146211589226461,0.8368280133623641
278,7192.0,1388.0,1316,2.4110559291008444,8580.0,0.0009444010689780041,0.0009444010689780041,0.0009221110734594314,0.08642149989975785,0.0007823740760029316,0.1150461514645567,0.0010010564288844479,0.8362880796938571
279,6707.0,1156.0,1311,2.281384111184707,7863.0,0.0008936091308988275,0.0008936091308988275,0.0009159666430582195,0.08640978605411499,0.0007768753109110547,0.11488752948044098,0.0009939808485890764,0.8357484943984469
280,6676.0,1539.0,1310,2.321462466636567,8215.0,0.0009093076641741352,0.0009093076641741352,0.0009146427938170451,0.086398106023993,0.0007749272014206466,0.11472969254904981,0.0009920586157052369,0.8352092572513578
281,7120.0,1490.0,1305,2.2519565928278276,8610.0,0.0008820824883775274,0.0008820824883775274,0.0009085384393197813,0.08638645913234903,0.0007694782251342116,0.11457263400198361,0.000985039009648049,0.8346703680279596
282,7107.0,1353.0,1302,2.345664403365581,8460.0,0.000918787467044881,0.000918787467044881,0.0009048390622600722,0.08637484471434509,0.0007658051747938717,0.11441634725095697,0.0009805906283757546,0.8341318265037668
283,6989.0,1506.0,1299,2.415220992427972,8495.0,0.0009460325078057078,0.0009460325078057078,0.0009011518346114892,0.08636326211710871,0.0007621502318438845,0.11426082578655669,0.0009761599008751453,0.8335936324544388
284,6854.0,1531.0,1293,2.244351534335005,8385.0,0.0008791036170524893,0.0008791036170524893,0.000893922046454468,0.08635171069949855,0.000755908562906277,0.11410606317702245,0.0009679633537455816,0.8330557856557798
285,6879.0,1399.0,1292,2.2600896225854816,8278.0,0.0008852681639582772,0.0008852681639582772,0.000892621636306598,0.08634018983187564,0.0007540231681294757,0.11395205306705107,0.0009660825489524529,0.8325182858837384
286,6650.0,1498.0,1286,2.169684902144569,8148.0,0.0008498569926144023,0.0008498569926144023,0.0008854382149700273,0.08632869889587917,0.0007478365996072134,0.11379878917662341,0.0009579505994937134,0.8319811329144082
287,6436.0,1500.0,1284,2.275733123207593,7936.0,0.0008913956612642353,0.0008913956612642353,0.0008829731527598194,0.08631723728420787,0.0007451162311012264,0.1136462652998527,0.0009548392235564812,0.8314443265240268
288,7154.0,1685.0,1280,2.444509584772984,8839.0,0.0009575047335577689,0.0009575047335577689,0.0008781758379863029,0.08630580440040539,0.0007406970312019124,0.11349447530385506,0.0009492555905172691,0.8309078664889765
289,6279.0,1678.0,1276,2.143922546043189,7957.0,0.0008397659796487227,0.0008397659796487227,0.0008733939859408349,0.0862943996586514,0.000736299174386249,0.11334341312764076,0.0009436944552054745,0.8303717525857839
290,6988.0,1211.0,1271,2.188774321029804,8199.0,0.0008573342424715252,0.0008573342424715252,0.0008674646610734702,0.08628302248355615,0.0007310724710370014,0.1131930727810263,0.0009369231975239388,0.8298359845911194
291,6638.0,1446.0,1269,2.2685625588057357,8084.0,0.0008885869795557131,0.0008885869795557131,0.0008650320683959157,0.08627167230996037,0.000728411999113036,0.11304344834356617,0.0009338630491746365,0.8293005622817979
292,6463.0,1427.0,1267,2.159728953188366,7890.0,0.0008459572867952862,0.0008459572867952862,0.0008626071907305694,0.08626034858273926,0.0007257642273524051,0.11289453396350493,0.0009308141281410048,0.8287654854347782
293,6705.0,1477.0,1263,2.3157019144328292,8182.0,0.0009070512786654247,0.0009070512786654247,0.0008578857413830805,0.08624905075661032,0.0007214466735928589,0.11274632385674828,0.0009253391739781977,0.828230753827163
294,6851.0,1265.0,1261,2.2433380762078787,8116.0,0.0008787066495134661,0.0008787066495134661,0.0008554764412763477,0.08623777829594614,0.0007188261928800408,0.1125988123058529,0.000922314068366719,0.8276963672361987
295,6523.0,1259.0,1254,2.069638572720006,7782.0,0.0008106692411750905,0.0008106692411750905,0.0008473492975913155,0.08622653067459059,0.0007120410571790052,0.1124519936590348,0.0009132524809070746,0.8271623254392755
296,6345.0,1366.0,1251,2.09446746370281,7711.0,0.0008203946195467331,0.0008203946195467331,0.0008438142219490271,0.0862153073756788,0.000708618121770599,0.11230586232919612,0.0009090482420979942,0.8266286282139272
297,6413.0,1354.0,1246,2.1647497999344583,7767.0,0.000847923932602608,0.000847923932602608,0.0008380139626117975,0.08620410789146199,0.0007035518548779607,0.11216041279296869,0.0009024590729794422,0.8260952753378313
298,7007.0,1333.0,1243,2.1644130412224003,8340.0,0.0008477920255473562,0.0008477920255473562,0.0008345012615868153,0.08619293172313496,0.0007001630863368826,0.11201563958977603,0.000898288532073861,0.8255622665888086
299,7046.0,1403.0,1240,2.30035113153061,8449.0,0.0009010384377323189,0.0009010384377323189,0.0008309994947060433,0.08618177838066766,0.0006967901277878239,0.11187153732091135,0.0008941339140063685,0.8250296017448233
300,6340.0,1165.0,1237,2.1018411661025316,7505.0,0.0008232828696053786,0.0008232828696053786,0.0008275085929476447,0.08617064738264055,0.0006934328528769682,0.11172810064863253,0.0008899951197235663,0.8244972805839828
301,6340.0,1344.0,1235,2.1135046730958336,7684.0,0.0008278514191523046,0.0008278514191523046,0.0008251529621608104,0.08615953825608302,0.0006909096648373243,0.11158532429527314,0.0008870549947027609,0.8239653028845377
302,6389.0,1541.0,1230,2.050219367720632,7930.0,0.0008030628154017359,0.0008030628154017359,0.0008194412197496078,0.08614845053631595,0.0006859507795112992,0.11144320304236947,0.0008805895497174443,0.8234336684248817
303,6209.0,1293.0,1225,1.9859752224731047,7502.0,0.0007778986378664726,0.0007778986378664726,0.000813747114530053,0.0861373837667965,0.0006810147410424971,0.11130173172980314,0.0008741497465066727,0.8229023769835515
304,6384.0,1458.0,1221,2.1273720648983168,7842.0,0.0008332832216601319,0.0008332832216601319,0.0008091849830827778,0.08612633749896693,0.0006769117103516171,0.11116090525495859,0.0008689054875514672,0.8223714283392266
305,6326.0,1281.0,1215,2.0625356193957085,7607.0,0.0008078870424581702,0.0008078870424581702,0.0008024145480249392,0.08611531129210659,0.0006712121564288176,0.11102071857189573,0.0008613499145886515,0.8218408222707294
306,6613.0,1499.0,1212,2.2180761218012366,8112.0,0.000868811641911961,0.000868811641911961,0.0007989884237537627,0.08610430471318684,0.0006679535295656033,0.11088116669053724,0.0008573093165350535,0.8213105585570251
307,6188.0,1225.0,1208,2.0057605539868053,7413.0,0.0007856484739470448,0.0007856484739470448,0.0007944681093473175,0.08609331733672844,0.0006639073925223723,0.11074224467586974,0.0008521264392589634,0.820780636977221
308,6246.0,1403.0,1203,1.992026745037245,7649.0,0.0007802689953142362,0.0007802689953142362,0.0007888601750550736,0.08608234874466318,0.0006590799118656126,0.11060394764715939,0.0008458102470589253,0.8202510573105678
309,6237.0,1177.0,1197,1.919025081510138,7414.0,0.0007516745325147426,0.0007516745325147426,0.0007821711337612995,0.08607139852619693,0.0006534771860453605,0.11046627077718085,0.0008383696180499545,0.8197218193364577
310,6459.0,1403.0,1195,2.1806091564644587,7862.0,0.0008541359798137323,0.0008541359798137323,0.0007798819742650821,0.08606046627767672,0.0006510774857501544,0.11032920929145992,0.0008355385912996683,0.819192922834426
311,6627.0,1457.0,1190,2.1277933768794277,8084.0,0.0008334482478963681,0.0008334482478963681,0.0007743244853036516,0.08604955160245976,0.0006463129624096291,0.11019275846752905,0.0008292946146792755,0.8186643675841497
312,6206.0,1273.0,1188,1.9868095258957092,7479.0,0.0007782254312164941,0.0007782254312164941,0.000772049335681952,0.08603865411078553,0.0006439376176157704,0.11005691363419563,0.0008264856875851887,0.8181361533654483
313,6196.0,1166.0,1183,1.9556497064584684,7362.0,0.0007660202532152246,0.0007660202532152246,0.0007665247512668817,0.08602777341965036,0.00063921265367996,0.1099216701708236,0.000820287901244038,0.8176082799582832
314,5945.0,1158.0,1179,1.90689139156848,7103.0,0.0007469218141670505,0.0007469218141670505,0.0007620989333514541,0.08601690915268455,0.0006352928873394438,0.10978702350662614,0.0008152430034165934,0.8170807471427579
315,6274.0,1157.0,1177,2.0187982275417653,7431.0,0.0007907552790997906,0.0007907552790997906,0.0007598445482751534,0.08600606094003214,0.000632953827146849,0.10965296911997179,0.0008124671198295385,0.8165535546991176
316,5988.0,1588.0,1175,1.9273127034206046,7576.0,0.0007549207612301624,0.0007549207612301624,0.0007575967749149653,0.08599522841823304,0.0006306250838642851,0.10951950253770147,0.0008097009178492143,0.8160267024077493
317,5883.0,1189.0,1168,1.934528679703954,7072.0,0.0007577472305930098,0.0007577472305930098,0.000749990811825481,0.08598441123010743,0.0006244232080808763,0.10938661933445758,0.0008013589764620974,0.815500190049182
318,5774.0,1218.0,1166,1.8947335618058367,6992.0,0.0007421596403469787,0.0007421596403469787,0.0007477568169144132,0.08597360902464249,0.0006221195624727623,0.10925431513202408,0.0007986155728896976,0.8149740174040859
319,5895.0,1376.0,1163,1.882383688290936,7271.0,0.0007373222437488977,0.0007373222437488977,0.0007444624760051113,0.08596282145688211,0.0006190542409728327,0.10912258559867834,0.0007947723743507089,0.814448184253273
320,6006.0,1264.0,1159,1.8590600483595356,7270.0,0.0007281864662591209,0.0007281864662591209,0.0007401139464552556,0.08595204818781735,0.0006152329824046314,0.1089914264485531,0.000789837734683405,0.8139226903776966
321,6482.0,1120.0,1154,1.9740019057204359,7602.0,0.0007732087370624504,0.0007732087370624504,0.0007347173353410997,0.08594128905403602,0.0006106614645841337,0.10886083344101,0.0007838199304175557,0.8133975355584513
322,6094.0,1382.0,1148,1.8970902776353522,7476.0,0.0007430827566139256,0.0007430827566139256,0.0007282787042646995,0.08593054457038918,0.0006053453051560861,0.10873080238002279,0.0007767271617204969,0.8128727195767731
323,5714.0,1326.0,1142,1.802088195172336,7040.0,0.0007058708167537548,0.0007058708167537548,0.0007218588805895565,0.085919815409416,0.0006000521218919358,0.10860132911357154,0.0007696616179960251,0.812348242214039
324,5680.0,1164.0,1137,1.7155577024553623,6844.0,0.0006719771650823981,0.0006719771650823981,0.0007165096173064194,0.08590910223019907,0.0005955414215490058,0.10847240953304627,0.0007637134542915132,0.8118241032517671
325,5898.0,1336.0,1132,1.9340542659158084,7234.0,0.0007575614045890358,0.0007575614045890358,0.0007111758868849023,0.08589840567861222,0.0005910500921183342,0.10834403957266103,0.0007577877687907279,0.8113003024716164
326,6272.0,1026.0,1128,1.8304783389254973,7298.0,0.0007169911237467674,0.0007169911237467674,0.0007069035814390934,0.08588772638756273,0.000587332947041984,0.10821621520887732,0.0007529673120999656,0.8107768396553872
327,5963.0,1424.0,1123,1.8257273552493074,7387.0,0.0007151301822363131,0.0007151301822363131,0.0007016005471200917,0.0858770649772295,0.000582879045409326,0.1080889324598372,0.0007470854965707511,0.8102537145850197
328,5795.0,1266.0,1123,1.8371461511466858,7061.0,0.0007196028794150747,0.0007196028794150747,0.0007015135963160162,0.08586642205529611,0.0005821955614793478,0.10796218738480552,0.0007466034660860985,0.8097309270425956
329,6900.0,1416.0,1120,2.0679815849998406,8316.0,0.0008100202056403606,0.0008100202056403606,0.0006983149774127482,0.08585579821717979,0.0005792710059158801,0.10783597608362155,0.0007429060431933725,0.8092084768103371
330,5467.0,1123.0,1119,1.6554959323097045,6590.0,0.0006484512073285172,0.0006484512073285172,0.0006971943202667256,0.0858451940462551,0.0005778501856870192,0.10771029469615931,0.0007413584232519035,0.8086863636706065
331,6127.0,1375.0,1115,1.8236728309434087,7502.0,0.000714325433193658,0.000714325433193658,0.000692982140269382,0.085834610114074,0.0005742051219624904,0.10758513940179673,0.0007366213157450043,0.8081645874059069
332,5705.0,1073.0,1112,1.679430222945306,6778.0,0.0006578261742833161,0.0006578261742833161,0.0006898107009750856,0.08582404698058152,0.0005713165145611435,0.10746050641889374,0.0007329626715099383,0.8076431477988816
333,5672.0,1302.0,1107,1.7272246759877459,6974.0,0.0006765470724589682,0.0006765470724589682,0.0006845964777333217,0.08581350519432682,0.0005669622369855838,0.10733639200427834,0.0007272018925938558,0.807122044632314
334,5160.0,1371.0,1104,1.6638214886316216,6531.0,0.0006517122948028287,0.0006517122948028287,0.0006814432727795292,0.08580298529267039,0.0005640994401888311,0.10721279245274125,0.0007235705596708435,0.8066012776891279
335,5601.0,1053.0,1101,1.6447765947955424,6654.0,0.0006442524852313131,0.0006442524852313131,0.0006782989925963771,0.08579248780198756,0.0005612485614588767,0.10708970409653863,0.0007199520908923815,0.8060808467523872
336,5823.0,1010.0,1096,1.594186652870484,6833.0,0.0006244366051196569,0.0006244366051196569,0.0006731285371164639,0.08578201323786735,0.0005569451093814776,0.10696712330490278,0.0007142523133200569,0.8055607516052954
337,6205.0,1293.0,1094,1.7983082941624324,7498.0,0.0007043902444819556,0.0007043902444819556,0.0006710169913208561,0.08577156210530851,0.0005548494867794111,0.10684504648356064,0.0007117042961075485,0.8050409920311963
338,5418.0,940.0,1090,1.5754987466851011,6358.0,0.0006171166261986295,0.0006171166261986295,0.0006668873247497006,0.08576113489891059,0.0005513068733870912,0.10672347007425989,0.0007070845299648682,0.8045215678135731
339,5643.0,1237.0,1087,1.789193977414437,6880.0,0.000700820202669188,0.000700820202669188,0.0006637785544066053,0.08575073210306232,0.0005485044812400805,0.1066023905543028,0.0007035181578803367,0.804002478736049
340,5352.0,1457.0,1081,1.667467116330345,6809.0,0.0006531402727498413,0.0006531402727498413,0.0006576587617841884,0.08574035419212576,0.0005435431416141523,0.10648180443608736,0.0006968643589491426,0.8034837245823868
341,5352.0,992.0,1079,1.5259230832629511,6344.0,0.0005976980349639448,0.0005976980349639448,0.0006555716034319952,0.08573000163061738,0.000541487438296838,0.10636170826665557,0.0006943548730579642,0.8029653051364887
342,5324.0,1273.0,1074,1.6479498165617765,6597.0,0.0006454954236434691,0.0006454954236434691,0.0006504866933390674,0.08571967487338533,0.0005372825218008393,0.1062420986272488,0.0006887740370316611,0.8024472201823961
343,4867.0,992.0,1072,1.3379274755171988,5859.0,0.0005240608991450054,0.0005240608991450054,0.0006484114958527917,0.08570937436578334,0.0005352459334692439,0.10612297213287056,0.0006862831867825126,0.8019294695042903
344,5766.0,1233.0,1070,1.6975245053421355,6999.0,0.0006649136331148201,0.0006649136331148201,0.0006463420569343817,0.08569910054384187,0.0005332175960632875,0.10600432543185549,0.0006838005925847448,0.8014120528864915
345,5623.0,1240.0,1066,1.7464771604636207,6863.0,0.0006840881944628361,0.0006840881944628361,0.0006422919231831765,0.08568885383443504,0.0005297717223950982,0.10588615520544574,0.0006792930261499288,0.800894970113459
346,6028.0,1242.0,1062,1.780889860432814,7270.0,0.0006975675128996529,0.0006975675128996529,0.0006382529918449925,0.0856786346554453,0.000526339742288875,0.1057684581673733,0.0006748015113195219,0.8003782209697913
347,5317.0,1228.0,1058,1.5643972373827655,6545.0,0.0006127682089239192,0.0006127682089239192,0.0006342252066548708,0.08566844341592435,0.0005229215597469504,0.10565123106344941,0.0006703259614514765,0.7998618052402259
348,5383.0,1349.0,1057,1.5570470788784285,6732.0,0.0006098891809159532,0.0006098891809159532,0.0006331646040130846,0.08565828051625138,0.0005216370099102249,0.10553447067115976,0.000668886665660617,0.7993457227096391
349,5670.0,1232.0,1056,1.772604246248602,6902.0,0.0006943220706026644,0.0006943220706026644,0.0006321069195382227,0.08564814634828831,0.0005203575828143966,0.10541817379926659,0.0006674515276173738,0.7988299731630462
350,5272.0,1303.0,1053,1.5889774982009308,6575.0,0.0006223961998436862,0.0006223961998436862,0.0006290917416435299,0.08563804129553204,0.0005176781323026961,0.10530233728741616,0.0006640198219028643,0.7983145563856008
351,5346.0,1136.0,1049,1.6411309695075114,6482.0,0.0006428245082285591,0.0006428245082285591,0.0006251071746837185,0.0856279657332634,0.0005143087976311067,0.10518695800575303,0.0006596027466482501,0.7977994721625955
352,4798.0,1218.0,1048,1.472323275415343,6016.0,0.0005767032022778468,0.0005767032022778468,0.0006240587486439507,0.0856179200286944,0.0005130483595568283,0.10507203285453957,0.0006581831751453604,0.7972847202794614
353,5453.0,1094.0,1046,1.5849914361234938,6547.0,0.000620834875097334,0.000620834875097334,0.000622040637858147,0.08560790454111139,0.000511096379533652,0.1049575587637818,0.0006557768448273448,0.7967703005217679
354,5108.0,937.0,1044,1.437944543321253,6045.0,0.0005632371889233267,0.0005632371889233267,0.0006200280206693161,0.08559791962201664,0.0005091520838601967,0.1048435326928604,0.0006533783426208744,0.7962562126752227
355,5541.0,1207.0,1041,1.6277096050636624,6748.0,0.0006375674128725666,0.0006375674128725666,0.000617053347717743,0.08558796561526666,0.0005065228811762474,0.104729951630168,0.0006500030551202357,0.795742456525672
356,4899.0,985.0,1038,1.4086162264328683,5884.0,0.0005517494032247819,0.0005517494032247819,0.000614086725254288,0.085578042857208,0.0005039039768709153,0.1046168125927513,0.0006466392523008689,0.7952290318591001
357,5466.0,1314.0,1035,1.7128553962688582,6780.0,0.0006709186824398191,0.0006709186824398191,0.0006111281139966494,0.08556815167681113,0.0005012953018023984,0.1045041126259589,0.0006432868742388575,0.7947159384616291
358,5000.0,1195.0,1029,1.4312739237144634,6195.0,0.0005606243336131858,0.0005606243336131858,0.0006052972507758817,0.08555829239580062,0.0004966367909887294,0.10439184880309445,0.0006370199068376443,0.7942031761195196
359,5004.0,1098.0,1029,1.4081442119419785,6102.0,0.0005515645170160511,0.0005515645170160511,0.0006052277274546276,0.08554846532878428,0.0004961047649729175,0.1042800182250751,0.0006366088922806283,0.7936907446191698
360,5224.0,998.0,1026,1.4766475738785434,6222.0,0.0005783970128783954,0.0005783970128783954,0.0006022929170203366,0.0855386707833789,0.0004935263731351228,0.10416861802009464,0.0006332904384067549,0.7931786437471156
361,4906.0,1009.0,1021,1.3725256547677391,5915.0,0.0005376128690825457,0.0005376128690825457,0.0005974604825831047,0.08552890906033414,0.0004895961602379885,0.10405764534329207,0.0006280507371270289,0.7926668732900308
362,4989.0,1053.0,1015,1.3929036802558312,6042.0,0.0005455948610481125,0.0005455948610481125,0.0005916906023609916,0.08551918045365411,0.000485002108107784,0.10394709737642509,0.0006218661946437952,0.792155433034727
363,5343.0,1135.0,1012,1.4789128302176653,6478.0,0.0005792843048247808,0.0005792843048247808,0.0005887797851117624,0.0855094852507165,0.0004824569957272316,0.10383697132754821,0.0006185842483973083,0.7916443227681531
364,5407.0,1606.0,1009,1.6633412760513935,7013.0,0.0006515241974349368,0.0006515241974349368,0.0005858767080505888,0.08549982373238971,0.0004799216328148253,0.10372726443069578,0.0006153133185813025,0.7911335422773955
365,5575.0,850.0,1007,1.4835013820771086,6425.0,0.0005810816224352169,0.0005810816224352169,0.0005839244678328238,0.08549019617314786,0.00047806929405725545,0.10361797394556961,0.000613007669124183,0.7906230913496781
366,4926.0,951.0,1002,1.3559279945915237,5877.0,0.0005311116312540241,0.0005311116312540241,0.000579155126063445,0.08548060284118342,0.00047420957729977186,0.1035090971572314,0.0006078552152419058,0.790112969772362
367,5698.0,1276.0,1000,1.642921919729035,6974.0,0.000643526016345098,0.000643526016345098,0.0005772135537382042,0.08547104399851808,0.0004723734088133459,0.10340063137579929,0.0006055660803710033,0.7896031773329455
368,5169.0,1084.0,998,1.509437269414141,6253.0,0.0005912406068993893,0.0005912406068993893,0.0005752771202002187,0.0854615199011116,0.00047054419343299037,0.10329257393614935,0.0006032842256864258,0.7890937138190639
369,5798.0,1032.0,996,1.5619347643560273,6830.0,0.0006118036679812093,0.0006118036679812093,0.0005733458014623533,0.08545203079896836,0.0004687218860149439,0.10318492219762107,0.0006010096148048194,0.7885845790184897
370,5202.0,1192.0,994,1.4207135300137745,6394.0,0.0005564878691789168,0.0005564878691789168,0.0005714195736586431,0.08544257693624231,0.0004669064418299845,0.10307767354372707,0.0005987422116239202,0.7880757727191323
371,5010.0,1135.0,993,1.4038436910929286,6145.0,0.000549880020012898,0.000549880020012898,0.0005704274993955037,0.08543315855133966,0.00046576013646510307,0.10297082538186747,0.0005974189373575289,0.7875672947090381
372,4934.0,1142.0,988,1.3521078497420267,6076.0,0.000529615295629466,0.000529615295629466,0.0005657309222552127,0.08542377587702031,0.00046197604648906337,0.10286437514304804,0.0005923628837186307,0.7870591447763896
373,5921.0,1114.0,984,1.551463394076816,7035.0,0.0006077020736689449,0.0006077020736689449,0.0005619710334876444,0.08541442914049677,0.0004588648355261565,0.10275832028160235,0.0005882555050030672,0.7865513227095069
374,4909.0,1039.0,982,1.3244157977266435,5948.0,0.0005187684284083993,0.0005187684284083993,0.0005600653365092229,0.08540511856353152,0.0004570791156004884,0.10265265827491847,0.0005860189820853652,0.7860438282968459
375,5151.0,1235.0,978,1.469785059749929,6386.0,0.0005757089932432154,0.0005757089932432154,0.0005563247041058922,0.08539584436253295,0.00045398968764021687,0.10254738662316865,0.0005819381037678273,0.7855366613269996
376,5139.0,989.0,974,1.3968906686980118,6128.0,0.0005471565486478699,0.0005471565486478699,0.0005525937291346086,0.085386606748649,0.0004509117192716561,0.1024425028490439,0.0005778709720412783,0.7850298215886968
377,4776.0,1172.0,971,1.3484269786479992,5948.0,0.0005281735129839401,0.0005281735129839401,0.0005497878192504442,0.08537740592785971,0.0004484967928506724,0.10233800449749177,0.0005747376692859886,0.7845233088708031
378,4915.0,1124.0,971,1.324763091163251,6039.0,0.0005189044618735806,0.0005189044618735806,0.0005497288087863369,0.08536824210106748,0.00044804050677994025,0.10223388913545779,0.0005743668401391967,0.7840171229623202
379,4619.0,963.0,968,1.2727103002818148,5582.0,0.0004985155896129318,0.0004985155896129318,0.0005469370351572681,0.08535911546418629,0.00044564136033780645,0.1021301543516312,0.0005712522472803128,0.7835112636523857
380,4978.0,1029.0,966,1.300960701412907,6007.0,0.00050958115997372,0.00050958115997372,0.0005450612154560822,0.08535002620822887,0.0004438974666765698,0.10202679775619344,0.0005690597710392739,0.7830057307302736
381,4861.0,1458.0,962,1.4245407907334098,6319.0,0.0005579869920616568,0.0005579869920616568,0.0005413770479681913,0.08534097451939271,0.0004408704833365635,0.1019238169805709,0.0005650556346917447,0.7825005239853936
382,4736.0,1109.0,959,1.317532666663277,5845.0,0.0005160723332014402,0.0005160723332014402,0.0005386066620531664,0.08533196057914413,0.0004384975774011165,0.10182120967719084,0.0005619713976329108,0.7819956432072915
383,5147.0,993.0,954,1.3747181624305955,6140.0,0.0005384716656602411,0.0005384716656602411,0.0005340388908504016,0.08532298456430126,0.0004348506535016777,0.10171897351924078,0.0005570894316602568,0.7814910881856487
384,4925.0,1118.0,953,1.3831197500675074,6043.0,0.0005417625342998462,0.0005417625342998462,0.0005330828927578222,0.08531404664711516,0.00043377553035272697,0.10161710620043125,0.0005558287774751143,0.7809868587102823
385,5291.0,923.0,950,1.3450287623405353,6214.0,0.0005268424451000921,0.0005268424451000921,0.000530333588566017,0.08530514699534959,0.00043142837856505016,0.10151560543476197,0.0005527744594549567,0.7804829545711452
386,5420.0,918.0,946,1.3701341085219867,6338.0,0.0005366761098793524,0.0005366761098793524,0.0005266954925341001,0.08529628577235986,0.00042845341850629204,0.10141446895629116,0.0005488340892820881,0.7799793755583256
387,5131.0,1138.0,946,1.39332858775892,6269.0,0.0005457612956360831,0.0005457612956360831,0.0005266410137001739,0.08528746313716935,0.0004280276690778412,0.10131369451890818,0.0005484799735038208,0.7794761214620475
388,5277.0,1190.0,943,1.4008110468783435,6467.0,0.0005486921452715799,0.0005486921452715799,0.0005239123053772293,0.08527867924454553,0.0004257045356791705,0.10121327989610913,0.0005454539893280434,0.7789731920726697
389,5257.0,1316.0,940,1.471632207867955,6573.0,0.0005764325138534881,0.0005764325138534881,0.0005211904583013249,0.0852699342450743,0.00042338972810165116,0.10111322288077586,0.0005424377401667464,0.7784705871806866
390,4989.0,1272.0,939,1.3511775069436855,6261.0,0.0005292508840359128,0.0005292508840359128,0.000520249976816823,0.08526122828523269,0.0004223425645659892,0.10101352128495772,0.0005412022274432979,0.7779683065767279
391,5199.0,1012.0,938,1.3939999222477264,6211.0,0.0005460242546994619,0.0005460242546994619,0.0005193119202952578,0.08525256150746104,0.0004212991284524409,0.10091417293965664,0.0005399700793811096,0.7774663500515582
392,5134.0,866.0,936,1.3242299338836256,6000.0,0.0005186956262763908,0.0005186956262763908,0.0005174931904544125,0.08524393405023319,0.0004196329618353253,0.1008151756946149,0.0005378608784228168,0.7769647173960769
393,5136.0,1090.0,934,1.2906768074998867,6226.0,0.0005055529994124116,0.0005055529994124116,0.0005156790293523003,0.08523534604812569,0.00041797270252880755,0.10071652741810579,0.0005357581207265353,0.7764634084013187
394,4479.0,859.0,932,1.1664505463611907,5338.0,0.00045689406437962815,0.00045689406437962815,0.000513869415901964,0.0852267976318862,0.0004163183146161684,0.1006182259967274,0.0005336617761330067,0.7759624228584531
395,4602.0,983.0,932,1.2119016680081907,5585.0,0.0004746970889182102,0.0004746970889182102,0.0005138181132300257,0.08521828892849978,0.00041591300879976264,0.10052026933519907,0.0005333174497529998,0.775461760558784
396,5660.0,885.0,930,1.340711093892594,6545.0,0.0005251512314502914,0.0005251512314502914,0.0005120173579809153,0.08520982006125485,0.000414269049855956,0.10042265535616052,0.000531232715445592,0.7749614212937502
397,5027.0,970.0,926,1.3043943009054928,5997.0,0.0005109260873111997,0.0005109260873111997,0.0005084754677406628,0.08520139114980793,0.0004113939487491363,0.10032538199997376,0.0005274186552409624,0.7744614048549252
398,5044.0,1151.0,925,1.3327165966319885,6195.0,0.000522019818500583,0.000522019818500583,0.0005075546196341683,0.08519300231024644,0.00041037957394571983,0.10022844722452792,0.0005262130089037186,0.7739617110340166
399,4827.0,1104.0,920,1.3484322332792258,5931.0,0.0005281755712022036,0.0005281755712022036,0.000503161043604881,0.08518465365515146,0.00040690745436895996,0.10013184900504624,0.0005215590712591815,0.7734623396228667
400,4630.0,1147.0,917,1.2115412496477147,5777.0,0.00047455591447227366,0.00047455591447227366,0.000500511687720192,0.08517634529365882,0.0004046749710041684,0.10003558533389621,0.0005186412600045561,0.772963290413452
401,4971.0,1090.0,916,1.243318176396277,6061.0,0.000487002810966031,0.000487002810966031,0.0004995983411197214,0.08516807733151913,0.0004036746827562222,0.09993965422040157,0.0005174486337382938,0.7724645631978833
402,5036.0,852.0,911,1.2381757493633179,5888.0,0.00048498854264133096,0.00048498854264133096,0.0004952362074376434,0.08515984987115686,0.0004002351494964443,0.09984405369065791,0.0005128369498987597,0.7719661577684053
403,4810.0,742.0,909,1.1685215739662216,5552.0,0.00045770527769926423,0.00045770527769926423,0.00049346700730633,0.08515166301172854,0.00039863495305017673,0.0997487817873493,0.0005107997636638163,0.771468073917397
404,5040.0,1002.0,904,1.2899555626636052,6042.0,0.0005052704906633785,0.0005052704906633785,0.0004891256713593558,0.08514351684917972,0.0003952174156698309,0.09965383656956862,0.0005062164646447738,0.7709703114373714
405,4656.0,1408.0,897,1.2889089287900832,6064.0,0.0005048605283157396,0.0005048605283157396,0.0004830810530355509,0.08513541147630126,0.00039059944111544625,0.09955921611263982,0.0004999513738829587,0.770472870120975
406,4739.0,1114.0,897,1.2763470393073593,5853.0,0.000499940085901825,0.000499940085901825,0.00048303529294638204,0.08512734698278386,0.0003902294844893137,0.09946491850794216,0.0004996287979473239,0.7699757497609885
407,4999.0,1203.0,894,1.3032510685818666,6202.0,0.0005104782877328111,0.0005104782877328111,0.00048043085108808055,0.08511932345527289,0.00038805151410035174,0.09937094186273744,0.0004967756128434088,0.7694789501503261
408,4644.0,947.0,891,1.2340613679902566,5591.0,0.00048337695573453057,0.00048337695573453057,0.0004778326818597524,0.08511134097742105,0.0003858809848774349,0.09927728429999909,0.0004939313370390078,0.7689824710820355
409,5116.0,1066.0,889,1.266642216170019,6182.0,0.0004961387450724712,0.0004961387450724712,0.00047608986971632176,0.08510339962994125,0.00038431796221702363,0.09918394395824359,0.00049193483506522,0.7684863123492983
410,4416.0,1181.0,884,1.1308361001150478,5597.0,0.00044294402668039473,0.00044294402668039473,0.00047180968175629227,0.08509549949065745,0.00038096436405415755,0.0990909189913642,0.00048743457078856493,0.7679904737454292
411,4998.0,1375.0,882,1.4020002681590842,6373.0,0.000549157958542532,0.000549157958542532,0.0004700755245503591,0.08508764063455534,0.0003794136137067778,0.09899820756846686,0.0004854515696554778,0.7674949550638764
412,4900.0,1030.0,878,1.2549525146407188,5930.0,0.0004915599352294238,0.0004915599352294238,0.0004666587588997815,0.08507982313383222,0.0003766767260133265,0.09890580787370797,0.00048181058745079113,0.7669997560982214
413,4542.0,1369.0,875,1.183567060507306,5911.0,0.00046359853525550573,0.00046359853525550573,0.0004640915917079334,0.08507204705794577,0.0003745433104917154,0.09881371810613472,0.0004790107915765407,0.7665048766421787
414,4549.0,793.0,873,1.140645232778868,5342.0,0.0004467862251386087,0.0004467862251386087,0.000462370147536354,0.08506431247366161,0.00037300985923545876,0.09872193647952729,0.00047704701910644546,0.766010316489596
415,4280.0,1182.0,871,1.102991562432873,5462.0,0.00043203743142689895,0.00043203743142689895,0.00046065282535078997,0.08505661944510078,0.00037148155613708284,0.09863046122224281,0.0004750890668458397,0.7655160754344543
416,4610.0,1025.0,868,1.1537973576656515,5635.0,0.0004519378604252454,0.0004519378604252454,0.0004581037163244274,0.0850489680337862,0.0003693684717213632,0.09853929057706189,0.00047231409723256417,0.7650221532708671
417,4396.0,1124.0,864,1.1435159694758192,5520.0,0.0004479106813457968,0.0004479106813457968,0.0004547265858893176,0.08504135829868795,0.00036667398099761764,0.09844842280103687,0.00046872712467230964,0.7645285497930808
418,5000.0,852.0,863,1.1877214533653015,5852.0,0.0004652257945026641,0.0004652257945026641,0.00045385392961780417,0.08503379029626806,0.00036574961665942715,0.09835785616534184,0.0004676063816347711,0.7640352647954748
419,4803.0,953.0,862,1.2209446547411469,5756.0,0.0004782391910462777,0.0004782391910462777,0.00045298340824377706,0.08502626408052481,0.00036482832275556526,0.0982675889551249,0.00046648859462292526,0.763542298072561
420,4408.0,1052.0,858,1.099959067524427,5460.0,0.00043084961516820486,0.00043084961516820486,0.00044962944683232044,0.08501877970303555,0.0003621574212180564,0.09817761946936196,0.00046293217594223576,0.7630496494189839
421,4280.0,1061.0,856,1.0986255778754352,5341.0,0.0004303272925481532,0.0004303272925481532,0.0004479366849830815,0.0850113372129997,0.00036066099937731686,0.09808794602071313,0.0004610101916988848,0.7625573186295206
422,4330.0,874.0,855,1.040053410208801,5204.0,0.00040738480619224485,0.00040738480619224485,0.0004470728025769511,0.08500393665728026,0.0003597509390067888,0.09799856693537987,0.0004599032953325129,0.7620653054990804
423,4424.0,1009.0,852,1.134013197651438,5433.0,0.0004441884832163878,0.0004441884832163878,0.0004445648514090022,0.08499657808044493,0.0003576838097869998,0.0979094805529649,0.00045718479286582895,0.761573609822705
424,4806.0,845.0,851,1.1787666222139277,5651.0,0.00046171822256714756,0.00046171822256714756,0.0004437052965832773,0.08498926152480661,0.0003567807732182733,0.09782068522633339,0.0004560847352257826,0.7610822313955687
425,4226.0,1094.0,851,1.0617304289116605,5320.0,0.0004158756086610499,0.0004158756086610499,0.0004436673184715463,0.08498198703046322,0.00035645796618521784,0.0977321793214761,0.0004557904626867324,0.7605911700129774
426,4395.0,901.0,849,1.1046682826897918,5296.0,0.00043269419611821066,0.00043269419611821066,0.000441994125561311,0.08497475463533631,0.00035498440385493314,0.09764396121737419,0.00045389488763071187,0.7601004254703694
427,4758.0,919.0,847,1.1139999931551747,5677.0,0.000436349390190041,0.000436349390190041,0.0004403248361804344,0.08496756437521015,0.0003535156493027922,0.09755602930586567,0.0004520048340853134,0.7596099975633148
428,5141.0,1167.0,847,1.2912643109944075,6308.0,0.0005057831222069751,0.0005057831222069751,0.00044028779284259034,0.08496041628376876,0.0003531980400533873,0.09746838199151377,0.00045171319395812654,0.7591198860875159
429,4204.0,873.0,846,1.0060671891424349,5077.0,0.0003940725378544594,0.0003940725378544594,0.00043943854495715905,0.08495331039263361,0.0003523096246969296,0.0973810176914765,0.00045062741317678244,0.7586300908388065
430,4099.0,905.0,845,1.004653346516777,5004.0,0.00039351874129133456,0.00039351874129133456,0.00043859133245338205,0.08494624673139979,0.00035142408478061496,0.09729393483537858,0.0004495444520088654,0.7581406116131523
431,4265.0,840.0,842,0.972258175770002,5105.0,0.000380829681069331,0.000380829681069331,0.0004361282806809839,0.08493922532767177,0.0003494031052330881,0.09720713186518415,0.0004468840974366423,0.7576514482066505
432,4850.0,935.0,840,1.176027407456073,5785.0,0.0004606452829831857,0.0004606452829831857,0.00043447804666408093,0.08493224620709909,0.000347956463735934,0.09712060723507154,0.00044501975857041184,0.7571626004155302
433,4109.0,953.0,840,1.020833201683892,5062.0,0.0003998563265506823,0.0003998563265506823,0.0004344425608104037,0.08492530939341075,0.0003476474614694176,0.09703435941130971,0.00044473262531606784,0.7566740680361516
434,4690.0,775.0,838,1.0909910833449714,5465.0,0.0004273368912436237,0.0004273368912436237,0.0004327997805040257,0.08491841490844923,0.00034620909921273893,0.09694838687213574,0.00044287801319152324,0.7561858508650063
435,4192.0,938.0,833,1.0699717908536208,5130.0,0.0004191037175298162,0.0004191037175298162,0.0004287546332737568,0.08491156277220432,0.0003430837635016667,0.09686268810763435,0.00043868345220009403,0.7556979486987176
436,3923.0,911.0,828,0.9395590410582205,4834.0,0.0003680215593647554,0.0003680215593647554,0.0004247185391805276,0.08490475300284597,0.0003399684220510249,0.09677726161961858,0.00043450190041064807,0.7552103613340396
437,4549.0,1082.0,822,1.212275481324115,5631.0,0.0004748435101152037,0.0004748435101152037,0.0004198928101831902,0.08489798561675638,0.00033630176826897134,0.09669210592151192,0.000429555651545018,0.7547230885678577
438,4040.0,947.0,819,1.0086217455127422,4987.0,0.0003950731474785516,0.0003950731474785516,0.0004174686757652377,0.08489126062856253,0.00033432665748356127,0.09660721953823227,0.0004269516698130309,0.7542361301971885
439,4844.0,684.0,818,1.0909585340964563,5528.0,0.0004273241418317494,0.0004273241418317494,0.000416640535896831,0.08488457805116686,0.000333475152246891,0.09652260100607697,0.0004259026178538946,0.7537494860191791
440,4469.0,1073.0,817,1.0986212959077322,5542.0,0.000430325615318344,0.000430325615318344,0.000415814340355633,0.08487793789577865,0.00033262634036722175,0.09643824887260914,0.00042485626565398214,0.7532631558311083
441,4277.0,961.0,816,1.0736089997073748,5238.0,0.00042052839784856045,0.00042052839784856045,0.00041499008097899853,0.0848713401719439,0.0003317802072260475,0.09635416169654584,0.0004238126022150965,0.7527771394303847
442,3871.0,830.0,815,0.9206974394465823,4701.0,0.0003606335446324255,0.0003606335446324255,0.00041416774964459803,0.08486478488757546,0.0003309367383171497,0.09627033804764736,0.0004227716166091073,0.7522914366145483
443,4526.0,974.0,809,1.063627786595888,5500.0,0.00041661879615976816,0.00041661879615976816,0.00040940420525052056,0.08485827204898215,0.0003273280702118785,0.09618677650660751,0.0004179055969579072,0.7518060471812696
444,4191.0,810.0,809,0.9397636171371425,5001.0,0.0003681016910055396,0.0003681016910055396,0.0004093729884459888,0.08485180166089751,0.0003270445935767493,0.0961034756649462,0.00041763595815704006,0.7513209709283497
445,4389.0,817.0,805,1.098733909541698,5206.0,0.00043036972563325417,0.00043036972563325417,0.00040620059851674946,0.08484537372650852,0.0003245577770319955,0.09602043412490205,0.00041432018645253904,0.7508362076537198
446,4081.0,990.0,802,0.9467575604138172,5071.0,0.0003708411909180639,0.0003708411909180639,0.0004038188856421919,0.08483898824748311,0.00032262853987519624,0.09593765049932731,0.00041177403572557994,0.7503517571554419
447,4361.0,990.0,802,1.0599206699228545,5351.0,0.00041516673322477654,0.00041516673322477654,0.00040378869394933515,0.08483264522399778,0.0003223510096909538,0.09585512341158373,0.00041150835309766227,0.749867619231708
448,4325.0,915.0,800,1.0236420285438321,5240.0,0.00040095653291963654,0.00040095653291963654,0.0004021977559586342,0.08482634465476441,0.0003209796842279444,0.09577285149543949,0.00040973144499790917,0.7493837936808406
449,4561.0,1103.0,798,1.1400037329255719,5664.0,0.00044653495218392947,0.00044653495218392947,0.00040061035420432996,0.08482008653705687,0.00031961261334724315,0.0956908333949674,0.00040795956700316545,0.748900280301292
450,4371.0,776.0,795,1.0149517905518959,5147.0,0.0003975526010779067,0.0003975526010779067,0.0003982492110310369,0.08481387086673722,0.000317704905770161,0.09560906776444476,0.0004054408749102013,0.7484170788916448
451,4508.0,950.0,795,1.111133173396386,5458.0,0.00043522646823203527,0.00043522646823203527,0.0003982202242233719,0.08480769763828115,0.00031743403653216153,0.09552755326825398,0.00040517927853023146,0.7479341892506114
452,4575.0,1185.0,792,1.1090723691073876,5760.0,0.00043441925934484434,0.00043441925934484434,0.00039586920466352005,0.08480156684480337,0.0003155366998666113,0.09544628858078422,0.0004026739012261456,0.7474516111770342
453,4122.0,970.0,792,1.0348332800328544,5092.0,0.0004053401018538403,0.0004053401018538403,0.00039584078305550873,0.0847954784780822,0.0003152688677380664,0.09536527238633488,0.00040241409013804945,0.7469693444698853
454,4229.0,851.0,790,1.0221124655636502,5080.0,0.0004003574091514494,0.0004003574091514494,0.00039427072012006347,0.08478943252858419,0.0003139218167189717,0.09528450337901961,0.00040066609251869143,0.7464873889282665
455,4043.0,1080.0,789,1.0397515111479871,5123.0,0.00040726655352447597,0.00040726655352447597,0.0003934734527745109,0.08478342898548817,0.0003131177085552638,0.0952039802626717,0.00039966529022810934,0.7460057443514092
456,4685.0,700.0,789,1.0662608903690503,5385.0,0.0004176501724908148,0.0004176501724908148,0.00039344578753590414,0.08477746783670864,0.00031285367942927953,0.09512370175075055,0.0003994074203398145,0.7455244105386745
457,4303.0,1058.0,787,1.0379446263951884,5361.0,0.00040655880391507574,0.00040655880391507574,0.0003918858526125652,0.08477154906891916,0.00031151757802086504,0.09504366656624935,0.00039767265504083316,0.7450433872895528
458,4059.0,939.0,784,0.9534188825779252,4998.0,0.0003734504044566883,0.0003734504044566883,0.0003895646343113374,0.08476567266757512,0.0003096502873685629,0.09496387344160377,0.00039520607455482574,0.7445626744036639
459,4390.0,909.0,784,1.0503643642911666,5299.0,0.0004114235661148322,0.0004114235661148322,0.00038953782228080467,0.08475983861693624,0.0003093908897809776,0.09488432111860144,0.0003949510818176763,0.7440822716807569
460,4155.0,1142.0,781,1.0242959341154234,5297.0,0.0004012126651450934,0.0004012126651450934,0.00038722638755106037,0.08475404690008839,0.00030753356836879595,0.09480500834829311,0.0003924973764725255,0.7436021789207101
461,4110.0,866.0,781,0.9570517835626094,4976.0,0.0003748733974001604,0.0003748733974001604,0.0003872001195448869,0.08474829749896601,0.0003072770624049101,0.09472593389090436,0.00039224413142697947,0.743122395923531
462,4353.0,894.0,778,0.9823253567369478,5247.0,0.00038477295602700655,0.00038477295602700655,0.00038489838556492645,0.08474259039437271,0.00030542961268140736,0.0946470965157483,0.0003898031946078791,0.742642922489356
463,4166.0,771.0,773,0.936515711060982,4937.0,0.0003668294990446463,0.0003668294990446463,0.00038108747457983323,0.08473692556600283,0.00030252889673545736,0.09456849500113974,0.00038591438749122656,0.7421637584184506
464,4198.0,850.0,770,1.003370950885215,5048.0,0.0003930164319957756,0.0003930164319957756,0.00037879561061479345,0.08473130299246188,0.00030069341609358145,0.09449012813430993,0.0003834884607570005,0.7416849035112091
465,4188.0,981.0,769,0.9937149124385541,5169.0,0.0003892341999367623,0.0003892341999367623,0.0003780166417209748,0.08472572265128706,0.0002999176613947445,0.09441199471132253,0.0003825171944985117,0.7412063575681545
466,3871.0,658.0,767,0.8766685653515819,4529.0,0.0003433876088333654,0.0003433876088333654,0.000376486884933518,0.08472018451896682,0.00029861825339386845,0.09433409353699018,0.00038082632363184107,0.7407281203899385
467,4785.0,805.0,767,1.0672388892673352,5590.0,0.00041803325079018224,0.00041803325079018224,0.00037646246156432847,0.08471468857096141,0.0002983723856235249,0.0942564234247927,0.0003805806089202167,0.7402501917773417
468,4105.0,892.0,765,0.9660113575804014,4997.0,0.0003783828270976895,0.0003783828270976895,0.0003749391324020261,0.08470923478172138,0.00029707984686775074,0.09417898319679564,0.0003788981461618639,0.739772571531273
469,4793.0,916.0,765,1.0417426198793553,5709.0,0.00040804646293746784,0.00040804646293746784,0.0003749151793821333,0.08470382312470699,0.00029683628950763794,0.09410177168356995,0.0003786536755385328,0.7392952594527697
470,4287.0,1310.0,763,1.0647895089352084,5597.0,0.0004170738382041553,0.0004170738382041553,0.0003733982249012717,0.08469845357240717,0.0002955505536888833,0.09402478772411259,0.00037697955314710635,0.7388182553429978
471,4132.0,829.0,759,0.9213798931778998,4961.0,0.0003609008590591069,0.0003609008590591069,0.0003703942316026746,0.0846931260963576,0.0002932279606653242,0.09394803016576815,0.00037388375285672676,0.7383415590032513
472,4234.0,820.0,759,0.9451520588276433,5054.0,0.0003702123222983327,0.0003702123222983327,0.0003703711164742466,0.08468784066715905,0.00029298909018886404,0.0938714978641511,0.0003736425175932657,0.7378651702349524
473,4332.0,783.0,759,0.9452595826957486,5115.0,0.00037025443897209114,0.00037025443897209114,0.0003703481850995982,0.08468259725449505,0.0002927509192311418,0.0937951896830693,0.0003734014379783234,0.7373890888396514
474,3918.0,785.0,759,0.8528974313431485,4703.0,0.0003340765496839595,0.0003340765496839595,0.00037032543734221053,0.08467739582714963,0.0002925134442712418,0.09371910449444787,0.0003731605139114732,0.7369133146190269
475,4092.0,812.0,759,0.9230794787403359,4904.0,0.0003615665800001316,0.0003615665800001316,0.00037030287306170597,0.08467223635302451,0.00029227666181335103,0.09364324117825464,0.00037291974529235326,0.7364378473748853
476,4187.0,1050.0,755,1.0065453069049215,5237.0,0.0003942598146905294,0.0003942598146905294,0.00036732897060404504,0.08466711879915616,0.0002899813326879234,0.09356759862242547,0.0003698613728776196,0.7359626869091609
477,4519.0,1085.0,752,1.0182228929867825,5604.0,0.0003988338789607452,0.0003988338789607452,0.00036509760333832997,0.08466204313173228,0.0002882064284622367,0.09349217572279155,0.0003675145684959822,0.7354878330239157
478,4290.0,777.0,749,0.9887553651443637,5067.0,0.00038729156488224195,0.00038729156488224195,0.0003628708262418774,0.08465700931610848,0.00028643669796858575,0.09341697138300649,0.0003651744114641973,0.7350132855213397
479,3964.0,813.0,749,0.889037987024697,4777.0,0.00034823266236768394,0.00034823266236768394,0.00036284942871178016,0.08465201731682448,0.0002862067719637582,0.09334198451447492,0.0003649387955951318,0.73453904420375
480,4051.0,867.0,749,0.914112711409319,4918.0,0.0003580543327102699,0.0003580543327102699,0.000362828210266345,0.08464706709761981,0.00028597750945864604,0.09326721403628149,0.00036470333174886966,0.7340651088735918
481,4043.0,940.0,745,0.9320678894268448,4983.0,0.00036508730490671554,0.00036508730490671554,0.00035988404909099845,0.08464215862144964,0.0002837112918748052,0.09319265887512097,0.00036168433832612463,0.7335914793334375
482,4036.0,825.0,744,0.9089964219702348,4861.0,0.00035605030237768697,0.00035605030237768697,0.0003591339788010018,0.08463729185049979,0.00028297663558082923,0.09311831796522893,0.00036075673638786773,0.7331181553859868
483,4223.0,741.0,740,0.9207949222241192,4964.0,0.00036067172825073214,0.00036067172825073214,0.0003562015830440238,0.08463246674620274,0.0002807222758674055,0.09304419024831324,0.0003577537208972175,0.732645136834067
484,4110.0,929.0,738,0.941058748044711,5039.0,0.00036860898865832787,0.00036860898865832787,0.0003547282724846516,0.08462768326925171,0.0002794868366510019,0.0929702746734862,0.0003561411048402479,0.7321724234806324
485,4362.0,859.0,736,0.9520407663174613,5221.0,0.0003729106017694717,0.0003729106017694717,0.0003532579902843769,0.08462294137961554,0.00027825494529924163,0.09289657019719791,0.00035453285222592423,0.7317000151287643
486,4077.0,887.0,733,0.9062123940124522,4964.0,0.0003549598096406002,0.0003549598096406002,0.00035106690101927853,0.08461824103655338,0.00027652247348596866,0.09282307578316966,0.0003522413684141894,0.7312279115816714
487,3544.0,660.0,731,0.7661712593794404,4204.0,0.00030010625122578943,0.00030010625122578943,0.0003496026768946493,0.08461358219862859,0.000275298023543381,0.09274979040232867,0.00035064223652864375,0.7307561126426891
488,3899.0,675.0,729,0.8539436314921655,4574.0,0.00033448634214342557,0.00033448634214342557,0.0003481414424159997,0.08460896482372293,0.0002740770682543797,0.09267671303274323,0.00034904741819885343,0.73028461811528
489,4145.0,765.0,727,0.8553324137863176,4910.0,0.00033503032267384164,0.00033503032267384164,0.00034668318493257585,0.08460438886905002,0.00027285959050493734,0.09260384265955857,0.0003474568970814378,0.729813427803033
490,4103.0,765.0,724,0.9217697394254073,4868.0,0.0003610535602919731,0.0003610535602919731,0.0003445095359884359,0.08459985429116912,0.0002711456184307545,0.09253117827493366,0.00034518962898429654,0.7293425415096644
491,3824.0,749.0,722,0.849668645032098,4573.0,0.0003328118468594195,0.0003328118468594195,0.00034305723296332936,0.08459536104599834,0.0002699354363968687,0.0924587188779784,0.0003436080930448981,0.7288719590390164
492,4214.0,638.0,720,0.9071972922381375,4852.0,0.00035534559037921564,0.00035534559037921564,0.0003416078690301053,0.08459090908882776,0.0002687286801657468,0.09238646347469162,0.0003420308055637143,0.7284016801950582
493,5075.0,953.0,719,1.065937549115913,6028.0,0.00041752352100114104,0.00041752352100114104,0.0003408757444078483,0.08458649837433213,0.00026802221560042415,0.09231441107790002,0.00034113393642781737,0.7279317047818857
494,3718.0,933.0,717,0.8515822057723096,4651.0,0.0003335613810310653,0.0003335613810310653,0.00033943218466806613,0.08458212885658384,0.00026682187443284854,0.09224256070719715,0.0003395646617509606,0.7274620326037207
495,3949.0,792.0,716,0.8622429290045942,4741.0,0.00033773714414594367,0.00033773714414594367,0.0003387031710631735,0.08457780048906512,0.0002661197656875325,0.09217091138888389,0.0003386725789172392,0.7269926634649115
496,3685.0,536.0,714,0.7327667981518027,4221.0,0.00028702185591531637,0.00028702185591531637,0.00033726536801641596,0.08457351322468039,0.0002649257792226027,0.0920994621559087,0.000337111256501551,0.7265235971699329
497,3792.0,853.0,712,0.7824787256951814,4645.0,0.00030649382126720774,0.00030649382126720774,0.00033583044347572854,0.08456926701576839,0.00026373513863253175,0.09202821204780916,0.0003355541041433612,0.7260548335233854
498,3942.0,897.0,710,0.892739197552119,4839.0,0.00034968241188880494,0.00034968241188880494,0.0003343983853774176,0.08456506181411393,0.00026254782782848737,0.09195716011065397,0.00033400110631676144,0.7255863723299959
499,3903.0,769.0,709,0.8514987690722927,4672.0,0.00033352869920575507,0.00033352869920575507,0.00033367555014792685,0.08456089757095975,0.00026185468032117245,0.09188630539698539,0.00033311892575155607,0.7251182133946172
500,3832.0,859.0,705,0.837903511571669,4691.0,0.0003282034906273674,0.0003282034906273674,0.0003308390295474103,0.0845567742370177,0.00025969388745201955,0.09181564696576258,0.0003302435286666957,0.724650356522228
501,3631.0,779.0,699,0.7842242115099134,4410.0,0.0003071775211554694,0.0003071775211554694,0.0003266004863122788,0.08455269176248038,0.0002565613626095219,0.09174518388230517,0.00032604909025703673,0.7241828015179329
502,3765.0,824.0,698,0.7983616647075922,4589.0,0.00031271510564339684,0.00031271510564339684,0.00032588240871830556,0.08454865009703211,0.00025587697189078225,0.09167491521823809,0.00032517670817103043,0.7237155481869622
503,3769.0,790.0,697,0.8119225461994948,4559.0,0.0003180268492751644,0.0003180268492751644,0.00032516581252760133,0.08454464918985985,0.00025519447463030303,0.09160484005143608,0.0003243064323612364,0.7232485963346716
504,3739.0,953.0,696,0.8299021386297715,4692.0,0.00032506938450049805,0.00032506938450049805,0.000324450691797485,0.08454068898966399,0.00025451386183657286,0.09153495746596982,0.00032343825527838117,0.7227819457665431
505,3821.0,768.0,696,0.783930898216129,4589.0,0.0003070626314986796,0.0003070626314986796,0.000324435649347508,0.08453676944466902,0.0002543200855556055,0.09146526655205153,0.0003232295681874624,0.7223155962881833
506,3864.0,736.0,694,0.7714666052386554,4600.0,0.0003021804172497671,0.0003021804172497671,0.00032302609682316165,0.08453289050263378,0.00025315885321964036,0.09139576640598226,0.00032170926808334604,0.7218495477053251
507,3434.0,890.0,693,0.820264524364576,4324.0,0.0003212943691204763,0.0003212943691204763,0.00032231536705779035,0.08452905211086206,0.00025248384002446965,0.09132645613009883,0.00032084734159103587,0.7213837998238259
508,3404.0,934.0,690,0.7685100397190608,4338.0,0.0003010223422322996,0.0003010223422322996,0.00032021649700920935,0.08452525421621213,0.00025084653733628993,0.09125733483272193,0.00031868179973815343,0.7209183524496692
509,3935.0,768.0,689,0.8243180120893776,4703.0,0.00032288210422615654,0.00032288210422615654,0.00031950872719045193,0.08452149676510724,0.00025017594193190004,0.0911884016281044,0.00031782484623727456,0.7204532053889628
510,3585.0,683.0,687,0.7626617298183307,4268.0,0.0002987315823808581,0.0002987315823808581,0.0003181101183294192,0.08451777970354517,0.00024902701575939,0.09111965563638032,0.0003163201119793864,0.7199883584479405
511,3733.0,762.0,683,0.7824484205636979,4495.0,0.0003064819508670967,0.0003064819508670967,0.0003153321702914894,0.08451410297710761,0.0002469227971308982,0.09105109598351438,0.00031352265916140677,0.7195238114329606
512,3887.0,910.0,681,0.8473936174021277,4797.0,0.0003319207275370653,0.0003319207275370653,0.0003139390408157295,0.08451046653096991,0.00024578083848042384,0.09098272180125212,0.00031202666851444565,0.7190595641505063
513,3923.0,768.0,679,0.7836166003337828,4691.0,0.00030693952226156786,0.00030693952226156786,0.00031254860388292186,0.08450687030991057,0.00024464197991743396,0.09091453222707029,0.0003105346093496897,0.7185956164071858
514,4376.0,981.0,676,0.9063469817762733,5357.0,0.0003550125271352422,0.0003550125271352422,0.00031047354668405986,0.0845033142583196,0.00024302981899965834,0.09084652640412808,0.0003084025772521145,0.7181319680097322
515,3709.0,740.0,675,0.7760592332468046,4449.0,0.0003039793314715255,0.0003039793314715255,0.00030977455949394533,0.08449979832020857,0.0002423729271240918,0.09077870348121868,0.00030756117267974315,0.7176686187650032
516,3970.0,910.0,673,0.8693948259501849,4880.0,0.00034053851388569716,0.00034053851388569716,0.0003083921339040557,0.0844963224392187,0.0002412432829811129,0.09071106261272129,0.00030608082371668034,0.7172055684799808
517,3823.0,898.0,669,0.8259294349544115,4721.0,0.0003235132921873919,0.0003235132921873919,0.00030564511991651753,0.0844928865586299,0.00023916948734310764,0.09064360295855384,0.00030332536385267695,0.7167428169617721
518,3545.0,927.0,666,0.7606077549542594,4472.0,0.00029792704855239303,0.00029792704855239303,0.00030358563543127903,0.08448949062136914,0.00023757394378993345,0.09057632368412606,0.00030121553772796314,0.7162803640176083
519,3778.0,939.0,665,0.8397418383798714,4717.0,0.00032892355596548037,0.00032892355596548037,0.00030289239039337667,0.08448613457001933,0.00023692619224265185,0.09050922396029301,0.0003003845989592135,0.7158182094548451
520,3824.0,896.0,662,0.830949075084843,4720.0,0.00032547946536813275,0.00032547946536813275,0.00030084057068709483,0.08448281834682712,0.0002353384965003777,0.09044230296330918,0.0002982853450867896,0.7153563530809623
521,3207.0,667.0,661,0.6723180698927028,3874.0,0.0002633443281992569,0.0002633443281992569,0.00030015013116102616,0.0844795418937113,0.00023469489886090216,0.09037555987478309,0.00029745917729462573,0.7148947947035643
522,3542.0,680.0,659,0.7524323797781488,4222.0,0.00029472478643875787,0.00029472478643875787,0.0002987834872195525,0.08447630515227093,0.00023358399929487617,0.09030899388163202,0.0002960026964643865,0.7144335341303792
523,3808.0,828.0,659,0.7809911454712102,4636.0,0.000305911141978539,0.000305911141978539,0.0002987721794659447,0.08447310806379307,0.00023341228247822124,0.090242604176038,0.0002958117111971178,0.7139725711692596
524,3255.0,664.0,659,0.6750965889849561,3919.0,0.0002644326631355096,0.0002644326631355096,0.0002987610117518076,0.08446995056926059,0.00023324101955299854,0.09017638995540311,0.00029562084915633565,0.7135119056281816
525,4018.0,635.0,656,0.7529293560016036,4653.0,0.00029491945005938254,0.00029491945005938254,0.0002967279885734116,0.08446683260936007,0.00023167127193894968,0.09011035042230635,0.0002935460635883188,0.7130515373152456
526,3647.0,660.0,655,0.7230634826507446,4307.0,0.0002832211056211299,0.0002832211056211299,0.00029604435786176363,0.08446375412448898,0.00023103651591931324,0.09004448478446021,0.0002927300576750296,0.7125914660386756
527,3292.0,622.0,653,0.6357615030360643,3914.0,0.00024902526558404396,0.00024902526558404396,0.00029469042944462506,0.08446071505476314,0.00022993891026117037,0.08997879225466814,0.00029129078144889196,0.7121316916068194
528,3837.0,878.0,651,0.8301794856331575,4715.0,0.0003251780202245035,0.0003251780202245035,0.00029333903366384514,0.08445771534002453,0.00022884419946707208,0.08991327205078192,0.0002898552319925765,0.7116722138281485
529,3259.0,744.0,649,0.721059348915077,4003.0,0.00028243609436548255,0.00028243609436548255,0.0002919901602518699,0.08445475491984758,0.00022775237043384303,0.08984792339566015,0.0002884233962007539,0.7112130325112579
530,3823.0,681.0,648,0.7326773197090869,4504.0,0.00028698680756329296,0.00028698680756329296,0.000291311929832183,0.08445183373354709,0.00022712528172140709,0.08978274551712667,0.0002876162811230315,0.7107541474648661
531,3669.0,849.0,645,0.7164100933379768,4518.0,0.00028061499934899206,0.00028061499934899206,0.00028930107740332176,0.08444895172018456,0.0002255778492407071,0.08971773764792945,0.00028557179594679305,0.710295558497815
532,3415.0,687.0,643,0.7166000715766704,4102.0,0.00028068941307350973,0.00028068941307350973,0.00028795970997818135,0.08444610881857537,0.00022449458731429016,0.08965289902570013,0.0002841510225715472,0.70983726541907
533,3872.0,1013.0,642,0.8454896794645758,4885.0,0.0003311749625791523,0.0003311749625791523,0.0002872854866352265,0.08444330496729534,0.00022387340309112306,0.08958822889291368,0.000283350797651938,0.7093792680377196
534,3554.0,766.0,640,0.7626008832675942,4320.0,0.0002987077490276515,0.0002987077490276515,0.0002859490510828637,0.0844405401046874,0.00022279545818568638,0.08952372649684884,0.0002819369373479648,0.7089215661629754
535,3733.0,624.0,638,0.7541772516104474,4357.0,0.00029540824583252934,0.00029540824583252934,0.0002846150776937443,0.0844378141688682,0.0002217203190181089,0.08945939108954847,0.00028052671376834214,0.7084641596041723
536,4097.0,660.0,634,0.7720219269307524,4757.0,0.0003023979345596367,0.0003023979345596367,0.00028196109275645666,0.08443512709773418,0.0002197346669288419,0.08939522192778065,0.0002778945147310252,0.7080070481707682
537,3385.0,887.0,633,0.7347450942895499,4272.0,0.00028779674668607516,0.00028779674668607516,0.0002812921523398627,0.08443247882896834,0.00021912155034329136,0.08933121827300025,0.00027710376533614933,0.7075502316723439
538,3088.0,903.0,630,0.7224266524601911,3991.0,0.00028297166175487315,0.00028297166175487315,0.000279306560743717,0.08442986930004591,0.00021760014036660948,0.08926737939131045,0.0002750946712575601,0.7070937099186028
539,3620.0,611.0,629,0.7303801374484071,4231.0,0.0002860870103597364,0.0002860870103597364,0.000278640216829655,0.08442729844824101,0.00021699083746582975,0.08920370455342505,0.00027430841710271756,0.7066374827193715
540,3423.0,703.0,628,0.6905443799743216,4126.0,0.0002704835017525741,0.0002704835017525741,0.00027797514304967125,0.08442476621063216,0.00021638310471426694,0.08914019303463105,0.00027352400706326467,0.7061815498845992
541,3398.0,902.0,623,0.7640249069023528,4300.0,0.0002992655334517637,0.0002992655334517637,0.0002746889427878523,0.0844222725241084,0.00021396736158477858,0.08907684411475143,0.0002703170732421377,0.7057259112243576
542,3016.0,938.0,621,0.6950383450763541,3954.0,0.00027224377010432984,0.00027224377010432984,0.00027337198734892187,0.08441981732537511,0.00021291248100127773,0.08901365707810859,0.00026893313353863757,0.7052705665488409
543,3287.0,613.0,620,0.6743496612288857,3900.0,0.00026414009448840023,0.00026414009448840023,0.0002727107882796387,0.08441740055095967,0.000212311017269127,0.08895063121348788,0.00026815617225421076,0.7048155156683659
544,3126.0,684.0,619,0.6517165717753299,3810.0,0.00025527480288888753,0.00025527480288888753,0.00027205083826891226,0.08441502213721705,0.00021171109208813102,0.08888776581410165,0.00026738102925127135,0.7043607583933718
545,3402.0,645.0,616,0.7126553562383041,4047.0,0.00027914428368127855,0.00027914428368127855,0.00027008980426134735,0.0844126820203354,0.00021021461397679165,0.08882506017755372,0.00026540607319209587,0.7039062945344199
546,3227.0,690.0,615,0.6166840781726962,3917.0,0.00024155271373783635,0.00024155271373783635,0.00026943237340171434,0.08441038013634142,0.00020961837806191932,0.08876251360580391,0.0002646353238960672,0.703452123902194
547,3582.0,780.0,615,0.7412816324958889,4362.0,0.00029035708284210295,0.00029035708284210295,0.0002694251477717898,0.08440811642110574,0.00020947104431816277,0.08870012540513325,0.0002644645773161653,0.7029982463075
548,2942.0,1895.0,615,0.6794067160361066,4837.0,0.00026612092285002216,0.00026612092285002216,0.0002694180437688497,0.08440589081034823,0.00020932408294974458,0.08863789488610932,0.000264293940904453,0.7025446615612656
549,3416.0,628.0,615,0.6662239765059985,4044.0,0.00026095729592871076,0.00026095729592871076,0.0002694110611872508,0.084403703239643,0.0002091774923385679,0.08857582136355201,0.0002641234145898483,0.7020913694745409
550,3424.0,976.0,615,0.7918106769878579,4400.0,0.00031014910967013627,0.00031014910967013627,0.0002694041998209017,0.08440155364442371,0.00020903127087649803,0.08851390415649966,0.00026395299830131474,0.7016383698584975
551,3536.0,633.0,615,0.6971028825905224,4169.0,0.0002730524412810507,0.0002730524412810507,0.00026939745946327797,0.08439944195998843,0.00020888541696528277,0.08845214258817534,0.0002637826919678621,0.7011856625244292
552,3292.0,954.0,614,0.7038679638314057,4246.0,0.0002757022968395635,0.0002757022968395635,0.00026874728238266446,0.08439736812150458,0.00020829663322144532,0.08839053598595387,0.0002630207327505558,0.7007332472837514
553,3397.0,761.0,612,0.7055295939898717,4158.0,0.0002763531507990097,0.0002763531507990097,0.00026745582616184986,0.08439533206401383,0.00020726684420708854,0.08832908368132844,0.00026167005020658746,0.700281123948001
554,3092.0,732.0,611,0.6294612694095424,3824.0,0.0002465574889970789,0.0002465574889970789,0.0002668080741707385,0.08439333372243679,0.00020668132424397562,0.08826778500987849,0.0002609119972549325,0.6998292923288368
555,3425.0,602.0,610,0.6928190268399808,4027.0,0.000271374471931054,0.000271374471931054,0.00026616151991149027,0.08439137303157786,0.00020609727230533312,0.08820663931123703,0.00026015569803078826,0.6993777522380391
556,3192.0,738.0,610,0.6980484144656701,3930.0,0.000273422802375899,0.000273422802375899,0.00026615545463904973,0.08438944992612957,0.00020595475956713394,0.08814564592905888,0.000259987841770986,0.6989265034875094
557,3089.0,559.0,607,0.6254941909310344,3648.0,0.00024500360005132567,0.00024500360005132567,0.0002642347880967718,0.08438756434067717,0.00020449476060777747,0.08808480421098892,0.0002580637751959727,0.6984755458892707
558,3251.0,561.0,605,0.6799704090510175,3812.0,0.00026634171917391987,0.00026634171917391987,0.00026295462593957565,0.08438571620970345,0.0002034768915322094,0.08802411350863072,0.00025672889135311167,0.6980248792554674
559,3398.0,709.0,604,0.6896815676771257,4107.0,0.0002701455415891601,0.0002701455415891601,0.000262312844345611,0.08438390546759263,0.000202899252040772,0.08796357317751549,0.00025598030380479897,0.6975745033983648
560,3119.0,640.0,602,0.641094950961367,3759.0,0.0002511143560365715,0.0002511143560365715,0.00026103714289445683,0.08438213204863496,0.00020188614235722786,0.08790318257707135,0.00025465174062111944,0.6971244181303496
561,3414.0,714.0,601,0.6756343763976156,4128.0,0.00026464331233749144,0.00026464331233749144,0.0002603977188442581,0.08438039588703092,0.00020131166680320987,0.08784294107059265,0.0002539069724770465,0.6966746232639296
562,2965.0,542.0,600,0.6101200834498772,3507.0,0.00023898162297292488,0.00023898162297292488,0.0002597594600657733,0.08437869691689523,0.00020073861362334094,0.08778284802521022,0.00025316391776576257,0.6962251186117332
563,3223.0,543.0,596,0.6153942560875417,3766.0,0.00024104749552978524,0.00024104749552978524,0.0002572264162689139,0.08437703507226119,0.0001988633077954239,0.08772290281186096,0.0002506885656714054,0.6957759039865101
564,3499.0,648.0,595,0.6673703913695512,4147.0,0.00026140634209539807,0.00026140634209539807,0.00025659051127795076,0.08437541028708465,0.0001982939699330102,0.08766310480525871,0.0002499500400360291,0.6953269792011307
565,3487.0,605.0,594,0.6594230598031916,4092.0,0.00025829340376153217,0.00025829340376153217,0.0002559557575052863,0.08437382249524786,0.00019772603423689146,0.08760345338386454,0.0002492132105705843,0.6948783440685861
566,3440.0,674.0,590,0.6644422467693485,4114.0,0.00026025939943961945,0.00026025939943961945,0.0002534354439058881,0.08437227163056336,0.00019586279810257387,0.087543947929858,0.00024675504357220984,0.6944299984019878
567,3306.0,501.0,590,0.6142340352113923,3807.0,0.00024059304160258218,0.00024059304160258218,0.0002534308961769484,0.08437075762677806,0.00019572999125865774,0.0874845878291081,0.0002465958336105796,0.6939819420145685
568,3982.0,818.0,590,0.7832467653665832,4800.0,0.00030679465936803103,0.00030679465936803103,0.00025342645897071447,0.08436928041757685,0.00019559750824897464,0.08742537247114505,0.0002464367263735442,0.6935341747196808
569,3341.0,558.0,590,0.6129623510853389,3899.0,0.00024009492796135483,0.00024009492796135483,0.00025342213208781497,0.08436783993658618,0.00019546534771584342,0.08736630124913197,0.0002462777217948243,0.6930866963307981
570,3650.0,602.0,585,0.7118185689583841,4252.0,0.0002788165174141732,0.0002788165174141732,0.0002502936860407313,0.08436643611737782,0.0001931876495037754,0.08730737355983677,0.00024327119607717333,0.6926395066615139
571,3289.0,589.0,582,0.6218325987397197,3878.0,0.00024356936887572257,0.00024356936887572257,0.0002484181081521635,0.08436506889347276,0.0001917723345239331,0.08724858880360462,0.00024140924115719975,0.6921926055255422
572,2965.0,463.0,581,0.5532712359673256,3428.0,0.00021671415431544287,0.00021671415431544287,0.00024779135109085927,0.08436373819834404,0.00019121578083053636,0.08718994638433052,0.00024068633904472314,0.691745992736717
573,3396.0,734.0,578,0.659464541836688,4130.0,0.0002583096521099444,0.0002583096521099444,0.00024592202849768206,0.08436244396542096,0.00018980676934950762,0.08713144570943199,0.00023883317682447784,0.6912996681089926
574,3417.0,744.0,576,0.648149646693331,4161.0,0.00025387765244548805,0.00025387765244548805,0.00024467667082002105,0.08436118612809193,0.0001888273306920689,0.08707308618982235,0.00023754952864600166,0.6908536314564431
575,3460.0,643.0,574,0.6430639919356186,4103.0,0.00025188562159640367,0.00025188562159640367,0.00024343341996203917,0.08435996461970821,0.00018785026365543875,0.08701486723988389,0.0002362690627672243,0.6904078825932629
576,3269.0,710.0,573,0.6141926137607778,3979.0,0.00024057681698424514,0.00024057681698424514,0.0002428111337815565,0.08435877937358684,0.0001873002197296294,0.0869567882774415,0.00023555419368362284,0.689962421333766
577,3238.0,684.0,572,0.6393876362822117,3922.0,0.0002504456076311053,0.0002504456076311053,0.00024218994513868378,0.08435763032301433,0.00018675150226561078,0.08689884872373645,0.00023484095461979084,0.6895172474923863
578,3333.0,746.0,569,0.6375419676808424,4079.0,0.00024972266654165387,0.00024972266654165387,0.000240336049854269,0.0843565174012494,0.00018535774809622565,0.08684104800340063,0.00023300915767391898,0.6890723608836774
579,3228.0,528.0,565,0.5572554761055584,3756.0,0.0002182747654154165,0.0002182747654154165,0.00023786929337272215,0.08435544054152637,0.00018354490473933155,0.08678338554443063,0.0002306230936607455,0.6886277613223126
580,2947.0,629.0,563,0.5379122776030069,3576.0,0.00021069811108617582,0.00021069811108617582,0.00023663646321672743,0.08435439967705818,0.00018257982790206427,0.08672586077816244,0.00022935874381278316,0.6881834486230848
581,2894.0,583.0,561,0.5530321965658503,3477.0,0.00021662052352755594,0.00021662052352755594,0.000235405691515285,0.08435339474103941,0.0001816170637375641,0.08666847313924629,0.00022809751476598084,0.6877394226009063
582,3184.0,614.0,559,0.6079010539622843,3798.0,0.00023811243790140398,0.00023811243790140398,0.0002341769703878277,0.0843524256666493,0.0001806566027326041,0.08661122206562143,0.00022683939647979024,0.6872956830708089
583,3168.0,542.0,557,0.5697920252274361,3710.0,0.00022318528211023742,0.00022318528211023742,0.00023295029199214143,0.08435149238705454,0.00017969843542936392,0.0865541069984917,0.0002255843789615218,0.6868522298479437
584,3455.0,572.0,557,0.6007831981700648,4027.0,0.00023532440194675471,0.00023532440194675471,0.00023294781325808208,0.08435059483541231,0.00017958013777445229,0.08649712738230068,0.00022543882862220994,0.6864090627475811
585,3261.0,623.0,557,0.5819455436666461,3884.0,0.00022794576720197652,0.00022794576720197652,0.00023294543300792756,0.08434973294487304,0.00017946212018790306,0.08644028266470768,0.00022529337219410494,0.6859661815851107
586,3289.0,787.0,555,0.6459257926821195,4076.0,0.0002530065776271522,0.0002530065776271522,0.00023172481220851525,0.08434890664858313,0.00017850968008010422,0.08638357229656358,0.00022404617172421302,0.6855235861760411
587,3287.0,736.0,551,0.5699492800827483,4023.0,0.00022324687821494252,0.00022324687821494252,0.00022928976856544849,0.08434811587968773,0.00017672623205615743,0.08632699573188683,0.0002217024530287948,0.6850812763360002
588,3319.0,469.0,550,0.6035048109282681,3788.0,0.00023639044689708897,0.00023639044689708897,0.0002286804459494896,0.0843473605713335,0.0001761947642342339,0.08627055242784003,0.00022101074200465165,0.6846392518807346
589,3119.0,667.0,548,0.5552751581573628,3786.0,0.00021749908270950365,0.00021749908270950365,0.00022746584573132307,0.08434664065667109,0.00017524934566182077,0.08621424184470641,0.0002197730538737617,0.6841975126261098
590,3407.0,442.0,546,0.5716099561489122,3849.0,0.00022389735846020846,0.00022389735846020846,0.00022625323517248347,0.08434595606885788,0.0001743061580231867,0.08615806344586661,0.00021853839856499985,0.6837560583881103
591,3618.0,563.0,546,0.6350646607547402,4181.0,0.00024875231521924804,0.00024875231521924804,0.000226251493387557,0.0843453067410603,0.0001741927699903237,0.08610201669777574,0.0002183973943952509,0.6833148889828391
592,3082.0,592.0,543,0.5565518530921363,3674.0,0.00021799915906468322,0.00021799915906468322,0.0002244393231177432,0.08434469260645666,0.00017284039596922643,0.08604610106994068,0.0002166238677322333,0.682874004226518
593,3412.0,593.0,541,0.6604006763358071,4005.0,0.0002586763322897795,0.0002586763322897795,0.0002232326322578266,0.08434411359823953,0.00017190357874226253,0.08599031603489722,0.0002153979012354052,0.6824334039354873
594,3094.0,567.0,539,0.5604145858461694,3661.0,0.00021951217620296492,0.00021951217620296492,0.00022202790134725472,0.08434356964961766,0.00017096895723619842,0.085934661068188,0.0002141749295719247,0.6819930879262059
595,3531.0,653.0,539,0.6802357975957563,4184.0,0.00026644567081698245,0.00026644567081698245,0.00022202656156061415,0.08434306069381908,0.00017085848815406705,0.08587913564834025,0.00021403674077616325,0.6815530560152511
596,2998.0,668.0,536,0.5508938687907261,3666.0,0.00021578294899754255,0.00021578294899754255,0.0002202259255864483,0.0843425866640932,0.0001695174142524979,0.08582373925684378,0.0002122792281842113,0.6811133080193185
597,3271.0,607.0,535,0.6468201268011804,3878.0,0.00025335688476348626,0.00025335688476348626,0.00021962590300067381,0.08434214749371262,0.00016899865626394928,0.0857684713781291,0.0002116035489053717,0.6806738437552218
598,2982.0,748.0,533,0.6045513170040638,3730.0,0.00023680035918686402,0.00023680035918686402,0.00021842893247657466,0.08434174311597609,0.00016807220231955208,0.08571333149954621,0.00021039176597348547,0.6802346630398931
599,3142.0,483.0,531,0.5753199952938407,3625.0,0.00022535056611587963,0.00022535056611587963,0.00021723388574479497,0.08434137346421038,0.00016714790164278743,0.08565831911134276,0.00020918293154728704,0.6797957656903828
600,3369.0,624.0,530,0.6426115640667203,3993.0,0.0002517084073900197,0.0002517084073900197,0.00021663688925028268,0.0843410384717723,0.00016663327379284637,0.08560343370664325,0.00020851250003117518,0.679357151523859
601,2796.0,711.0,530,0.5228258152573646,3507.0,0.0002047888034693947,0.0002047888034693947,0.00021663611764890925,0.08434073807205114,0.0001665266815852336,0.08554867478142782,0.0002083779647177372,0.6789188203576079
602,3010.0,430.0,530,0.5159341544925992,3440.0,0.00020208936721214225,0.00020208936721214225,0.0002166354347307657,0.08434047219847061,0.00016642033460348963,0.08549404183451148,0.00020824351620845033,0.6784807720090336
603,2856.0,591.0,530,0.5726747649320116,3447.0,0.0002243144398480265,0.0002243144398480265,0.00021663484032493916,0.08434024078449096,0.0001663142318775,0.08543953436752359,0.0002081091544473073,0.6780430062956581
604,2903.0,568.0,527,0.5542147914420765,3471.0,0.00021708374126207464,0.00021708374126207464,0.00021485677556043047,0.0843400437636109,0.00016499395465536685,0.08538515188488721,0.0002063813356574732,0.6776055230351208
605,3186.0,429.0,526,0.5267758923062281,3615.0,0.00020633603302241602,0.00020633603302241602,0.00021426473762239741,0.08433988106936971,0.00016448497821593984,0.08533089389379915,0.00020571805578629705,0.6771683220451791
606,2858.0,518.0,521,0.5306542471573555,3376.0,0.0002078551692743265,0.0002078551692743265,0.00021131075971314814,0.08433975263534904,0.00016236333685893498,0.08527675990420955,0.00020294001576028558,0.6767314031437079
607,3064.0,624.0,520,0.5433511908885829,3688.0,0.00021282851190308768,0.00021282851190308768,0.00021072068349072839,0.08433965839517497,0.0001618577152283738,0.08522274942880215,0.00020228106888361036,0.6762947661486998
608,3013.0,737.0,520,0.5675792830299197,3750.0,0.0002223185597453661,0.0002223185597453661,0.00021072053330065208,0.08433959828252006,0.0001617553705032907,0.08516886198297474,0.00020215055418065125,0.6758584108782643
609,3225.0,619.0,518,0.5865743981547291,3844.0,0.00022975887119260836,0.00022975887119260836,0.0002095443314018051,0.08433957223110451,0.0001608503509357995,0.08511509708481928,0.00020096830672403727,0.6754223371506287
610,3206.0,579.0,518,0.5759817966690397,3785.0,0.00022560979109637278,0.00022560979109637278,0.0002095443511379161,0.08433958017469882,0.00016074897681674639,0.08506145425510275,0.0002008386390344159,0.6749865447841376
611,3404.0,464.0,517,0.5847629121485249,3868.0,0.0002290493192904524,0.0002290493192904524,0.0002089581469135044,0.08433962204712515,0.00016024770407131245,0.08500793301724784,0.000200185231119792,0.6745510335972524
612,3171.0,589.0,516,0.5891975112258536,3760.0,0.0002307863342051914,0.0002307863342051914,0.00020837290207074884,0.08433969778225885,0.0001597475709867811,0.08495453289731399,0.0001995332819067967,0.6741158034085523
613,2966.0,652.0,514,0.562299407844263,3618.0,0.00022025045352301725,0.00022025045352301725,0.00020720405357446068,0.08433980731403075,0.00015884976137828572,0.08490125342397847,0.0001983610339263488,0.6736808540367327
614,3106.0,544.0,512,0.5424010339465836,3650.0,0.00021245633918785098,0.00021245633918785098,0.00020603702661613506,0.08433995057642833,0.00015795398736369009,0.08484809412851774,0.00019719160282563573,0.6732461853006069
615,2952.0,738.0,510,0.5504859631420205,3690.0,0.00021562317396867233,0.00021562317396867233,0.00020487181446224542,0.08434012750349756,0.00015706024101958224,0.08479505454478882,0.00019602497998816654,0.6728117970191043
616,2902.0,564.0,508,0.49695935224028304,3466.0,0.00019465701223669526,0.00019465701223669526,0.0002037084104109532,0.08434033802934487,0.00015616851446622145,0.08474213420921094,0.00019486115683618022,0.6723776890112717
617,3073.0,500.0,507,0.550668183420782,3573.0,0.00021569454893097614,0.00021569454893097614,0.00020312790384076481,0.08434058208813779,0.00015567500404120417,0.0846893326607474,0.00019421777719967848,0.6719438610962722
618,2820.0,483.0,506,0.4889545560325974,3303.0,0.00019152156523015958,0.00019152156523015958,0.0002025483350840785,0.08434085961410773,0.00015518260472866744,0.08463664944088747,0.00019357582944630746,0.6715103130933862
619,2794.0,578.0,505,0.5030089102736446,3372.0,0.0001970266001855247,0.0001970266001855247,0.00020196970075761755,0.08434117054155058,0.00015469131223314346,0.08458408409362839,0.00019293530931839358,0.6710770448220098
620,2552.0,456.0,503,0.44906727938012514,3008.0,0.0001758978767646397,0.0001758978767646397,0.00020081346983102615,0.0843415148048286,0.00015380685154585682,0.0845316361654578,0.00019178160051820084,0.6706440561016566
621,2810.0,737.0,503,0.5264010117887271,3547.0,0.00020618919380678696,0.00020618919380678696,0.0002008143687219341,0.08434189233837196,0.00015371163441083133,0.08447930520533609,0.00019165786022573155,0.6702113467519558
622,2837.0,644.0,499,0.494642910544167,3481.0,0.0001937496711884712,0.0001937496711884712,0.0001985080301344346,0.08434230307667989,0.00015204466043576656,0.08442709076467883,0.00018948379289111542,0.6697789165926538
623,2876.0,472.0,496,0.5061044244307265,3348.0,0.0001982391008345971,0.0001982391008345971,0.00019678112299369488,0.08434274695432246,0.00015077376839039627,0.08437499239733967,0.00018782673078702466,0.6693467654436125
624,2800.0,564.0,495,0.5145677074571204,3364.0,0.0002015541353141874,0.0002015541353141874,0.00019620709430607562,0.08434322390594169,0.00015028915597322632,0.08432300965959304,0.00018719493777345506,0.6689148931248105
625,2871.0,536.0,494,0.5088797647735588,3407.0,0.00019932619066727724,0.00019932619066727724,0.00019563397894447997,0.0843437338662531,0.00014980562240796158,0.0842711421101174,0.00018656454616627834,0.6684832994563426
626,2503.0,544.0,492,0.4749691051208257,3047.0,0.00018604351943628112,0.00018604351943628112,0.0001944883090686723,0.08434427677004692,0.00014893270372871682,0.08421938930997809,0.0001854269316833343,0.6680519842584193
627,2810.0,645.0,492,0.5016978760695597,3455.0,0.00019651307327440647,0.00019651307327440647,0.0001944896367568047,0.0843448525521895,0.0001488413867576121,0.08416775082261077,0.0001853072915161015,0.6676209473513675
628,2805.0,471.0,491,0.5101457116389596,3276.0,0.00019982205704620432,0.00019982205704620432,0.00019391924178375849,0.08434546114762448,0.00014836106533057733,0.08411622621380503,0.00018468107986342028,0.6671901885556298
629,2812.0,631.0,490,0.5252428659845664,3443.0,0.0002057355526770726,0.0002057355526770726,0.00019334974713038964,0.08434610249137423,0.00014788180639190718,0.08406481505168766,0.00018405625321686703,0.6667597076917648
630,2484.0,517.0,489,0.43415170700387196,3001.0,0.0001700555060728053,0.0001700555060728053,0.0001927811495822093,0.08434677651854103,0.00014740360590588723,0.08401351690670658,0.0001834328075211713,0.6663295045804467
631,2524.0,529.0,487,0.4530710095825718,3053.0,0.0001774661220456607,0.0001774661220456607,0.0001916441272024075,0.08434748316430815,0.00014653912001933488,0.08396233135161467,0.00018230702348547213,0.6658995790424656
632,2446.0,578.0,486,0.43555696321823134,3024.0,0.00017060593937259354,0.00017060593937259354,0.00019107730929026644,0.08434822236394122,0.00014606326003284615,0.08391125796145378,0.00018168665260071578,0.6654699308987269
633,2354.0,621.0,484,0.44560455327009896,2975.0,0.00017454154064633722,0.00017454154064633722,0.00018994369998915194,0.0843489940527893,0.00014520234027187736,0.08386029631353883,0.00018056587507762407,0.6650405599702519
634,2426.0,532.0,483,0.4332642524405153,2958.0,0.00016970789363122417,0.00016970789363122417,0.00018937864816920402,0.08434979816628603,0.00014472880237960913,0.08380944598744207,0.00017994856132249793,0.6646114660781774
635,2507.0,552.0,481,0.4384786299666113,3059.0,0.00017175034467944037,0.00017175034467944037,0.00018824842814268726,0.08435063463995077,0.00014387142260534734,0.08375870656497755,0.00017883276029318165,0.6641826490437553
636,2765.0,588.0,479,0.4761906322906677,3353.0,0.0001865219867961879,0.0001865219867961879,0.00018711989098228174,0.08435150340938975,0.0001430159193733926,0.08370807763018566,0.0001777195974882056,0.663754108688353
637,2738.0,472.0,477,0.5003746036157899,3210.0,0.00019599475268930274,0.00019599475268930274,0.0001859930306067748,0.08435240441029712,0.00014216228563210587,0.08365755876931778,0.00017660906508891133,0.6633258448334534
638,2892.0,559.0,475,0.4729836291412075,3451.0,0.00018526581634986585,0.00018526581634986585,0.0001848678409629305,0.08435333757845592,0.00014131051436737233,0.08360714957082098,0.0001755011553104952,0.6628978573006539
639,2965.0,430.0,474,0.5047809081919666,3395.0,0.00019772068475987727,0.00019772068475987727,0.0001843071362330614,0.08435430284973908,0.0001408430486897264,0.08355684962532307,0.00017489188990054878,0.6624701459116678
640,2736.0,473.0,474,0.45400575474680543,3209.0,0.0001778322580285176,0.0001778322580285176,0.0001843093152732804,0.08435530016011084,0.00014075844679854334,0.08350665852561764,0.0001747790470962948,0.6620427104883229
641,2357.0,577.0,474,0.4183008257182922,2934.0,0.00016384677858139138,0.00016384677858139138,0.00018431156416013288,0.08435632943812202,0.00014067402769457724,0.08345657586664922,0.00017466627709986782,0.6616155508525621
642,2498.0,515.0,473,0.46330690985755013,3013.0,0.00018147548368881714,0.00018147548368881714,0.00018375345768226878,0.08435739058253577,0.00014020914263620455,0.0834066012454986,0.00017406038237557486,0.6611886668264434
643,2664.0,538.0,471,0.4376877807219623,3202.0,0.00017144057215901382,0.00017144057215901382,0.00018263657522363917,0.08435848348508611,0.00013936521235455307,0.0833567342613682,0.00017296355717158262,0.6607620582321392
644,2770.0,415.0,469,0.43348172885120234,3185.0,0.0001697930782809253,0.0001697930782809253,0.00018152132874221707,0.08435960803801468,0.00013852310617922764,0.08330697451556762,0.00017186930981362054,0.660335724891937
645,2291.0,483.0,467,0.38466714523858686,2774.0,0.0001506725989967046,0.0001506725989967046,0.00018040771228559162,0.08436076413406843,0.00013768281734080037,0.08325732161149953,0.00017077763274748992,0.659909666628239
646,2639.0,424.0,464,0.462601463376222,3063.0,0.00018119916309291891,0.00018119916309291891,0.0001787384539694293,0.08436195166649584,0.00013646606753050337,0.083207775154645,0.000169199055415855,0.6594838832635616
647,2502.0,538.0,463,0.43813373538409833,3040.0,0.00017161525083591786,0.00017161525083591786,0.000178184554079045,0.08436317052904464,0.00013600730003666188,0.08315833475254995,0.00016860134896002935,0.6590583746205358
648,2949.0,591.0,463,0.4934740823387124,3540.0,0.00019329184580443103,0.00019329184580443103,0.00017818719440393973,0.08436442061595872,0.00013592661197938074,0.0831090000148108,0.0001684925649047568,0.6586331405219075
649,2618.0,709.0,461,0.4930867043540987,3327.0,0.0001931401113803755,0.0001931401113803755,0.00017708005598398902,0.08436570182197496,0.00013509307897574663,0.0830597705530606,0.0001674104652697603,0.6582081807905364
650,2498.0,589.0,461,0.474750649044742,3087.0,0.0001859579510555198,0.0001859579510555198,0.00017708281027924467,0.0843670140423206,0.0001350131800107623,0.08301064598095566,0.00016730244959005524,0.6577834952493968
651,2633.0,412.0,460,0.4503645361845788,3045.0,0.00017640600712282757,0.00017640600712282757,0.00017653225770557376,0.0843683571727104,0.00013455810870779367,0.0829616259141615,0.00016670964307519058,0.6573590837215773
652,2589.0,415.0,457,0.4166394394385997,3004.0,0.000163196020148296,0.000163196020148296,0.00017487733232133878,0.08436973110934354,0.00013335448471853172,0.08291270997033946,0.00016515023367404537,0.6569349460302804
653,2289.0,503.0,457,0.39840675686747135,2792.0,0.00015605435051604832,0.00015605435051604832,0.00017488024378751817,0.08437113574890104,0.00013327597653875898,0.08286389776913353,0.00016504367632881007,0.6565110819988226
654,2344.0,447.0,456,0.39936929583479736,2791.0,0.00015643137322162058,0.00015643137322162058,0.00017433215489156577,0.0843725709885429,0.00013282402820990883,0.08281518893215661,0.00016445505438914755,0.6560874914506347
655,2258.0,590.0,455,0.3906023829971643,2848.0,0.000152997408146167,0.000152997408146167,0.00017378488426047334,0.08437403672590527,0.0001323730398811733,0.08276658308297775,0.00016386771565584014,0.6556641742092614
656,2375.0,584.0,454,0.4249428186344538,2959.0,0.00016644842093006416,0.00016644842093006416,0.00017323842896974176,0.0843755328590977,0.0001319230080507765,0.08271807984710881,0.00016328165650163976,0.655241130098361
657,2290.0,468.0,452,0.38590934768210433,2758.0,0.00015115916477951598,0.00015115916477951598,0.00017214400921331124,0.08437705928670043,0.0001311020427922309,0.0826696788519916,0.00016221744183917067,0.6548183589417059
658,2517.0,508.0,451,0.4396234202470424,3025.0,0.000172198754503346,0.000172198754503346,0.0001715991657633868,0.08437861590776151,0.00013065413079722368,0.08262137972698494,0.00016163424035812635,0.6543958605631819
659,2623.0,517.0,449,0.43753165359386903,3140.0,0.00017137941778059892,0.00017137941778059892,0.00017050786490850815,0.08438020262179437,0.0001298364158819492,0.08257318210335204,0.00016057466334756175,0.6539736347867885
660,2647.0,379.0,449,0.41392422732797696,3026.0,0.00016213248230629728,0.00016213248230629728,0.00017051113180342983,0.08438181932877492,0.00012976078992685394,0.08252508561424764,0.00016047105822719518,0.6535516814366389
661,2545.0,439.0,448,0.42389555396826695,2984.0,0.000166038211503434,0.000166038211503434,0.00016996869912476966,0.0843834659291388,0.000129315704801192,0.0824770898947056,0.00015989165219972536,0.6531300003369598
662,2757.0,489.0,448,0.4610399884224606,3246.0,0.00018058753953092854,0.00018058753953092854,0.00016997207578882455,0.0843851423237791,0.00012924060981208156,0.08242919458162645,0.00015978848776813687,0.652708591312091
663,2620.0,520.0,447,0.43301341907204094,3140.0,0.0001696096431931222,0.0001696096431931222,0.0001694312471028377,0.08438684841404329,0.0001287971781424158,0.08238139931376498,0.00015921128761364504,0.652287454186486
664,2683.0,579.0,447,0.4847984299333648,3262.0,0.0001898936270792655,0.0001898936270792655,0.00016943473200285472,0.08438858410173078,0.00012872260965452064,0.08233370373171797,0.00015910856216323432,0.6518665887847114
665,2674.0,608.0,446,0.4859217723692764,3282.0,0.0001903336358673233,0.0001903336358673233,0.00016889549679748904,0.08439034928909056,0.00012828082018844286,0.08228610747791222,0.0001585335553790553,0.6514459949314471
666,2465.0,528.0,446,0.42256502056971396,2993.0,0.00016551704683498392,0.00016551704683498392,0.0001688990884181677,0.08439214387881813,0.00012820677378630758,0.08223861019659219,0.00015843126721139068,0.6510256724514858
667,2393.0,526.0,445,0.43496269465779985,2919.0,0.00017037316672847624,0.00017037316672847624,0.00016836143628025306,0.08439396777405331,0.0001277666153820391,0.08219121153380839,0.00015785844140130253,0.6506056211697337
668,2255.0,710.0,445,0.41532693730218373,2965.0,0.000162681918253891,0.000162681918253891,0.00016836513312392428,0.08439582087837784,0.0001276930866988395,0.08214391113740523,0.0001577565888270464,0.6501858409112097
669,2004.0,507.0,445,0.36473847436917683,2511.0,0.00014286661745757025,0.00014286661745757025,0.0001683688880466868,0.08439770309581203,0.00012761971022652244,0.08209670865700937,0.00015765480196956025,0.6497663315010456
670,2416.0,512.0,444,0.4058574156429177,2928.0,0.00015897274408261563,0.00015897274408261563,0.00016783359731523578,0.08439961433081339,0.00012718187295369853,0.08204960374401825,0.00015708507325595355,0.649347092764486
671,2944.0,533.0,443,0.5090558453550073,3477.0,0.00019939516073443292,0.00019939516073443292,0.00016729908047930246,0.0844015544882732,0.0001267449434884176,0.08200259605158806,0.00015651657226351415,0.6489281245268884
672,2278.0,507.0,443,0.3722623040569214,2785.0,0.00014581367178101112,0.00014581367178101112,0.00016730298336263636,0.08440352347351464,0.0001266724371394537,0.08195568523462277,0.00015641558548284366,0.6485094266137231
673,2609.0,467.0,442,0.4479410691412586,3076.0,0.00017545674466950983,0.00017545674466950983,0.00016677001893645828,0.08440552119228995,0.0001262371059611496,0.08190887094976229,0.00015584922890265007,0.6480909988505726
674,2358.0,631.0,442,0.39594283977362804,2989.0,0.00015508924393796634,0.00015508924393796634,0.00016677402265373494,0.08440754755077812,0.00012616510451657443,0.08186215285537157,0.00015574867270167243,0.6476728410631323
675,2292.0,379.0,439,0.40081980539623946,2671.0,0.000156999532078433,0.000156999532078433,0.00016517163627658866,0.08440960245558259,0.00012500758114430074,0.08181553061152906,0.00015425698289112886,0.6472549530772097
676,2410.0,444.0,438,0.38882419488261427,2854.0,0.00015230089889644116,0.00015230089889644116,0.0001646409486519851,0.08441168581372874,0.0001245751417915531,0.08176900388001578,0.00015369456842265284,0.6468373347187252
677,2289.0,693.0,436,0.4197243198242669,2982.0,0.00016440435559117388,0.00016440435559117388,0.00016357697029880988,0.08441379753266127,0.00012378277891153368,0.08172257232430426,0.00015267132057636447,0.6464199858137111
678,2311.0,418.0,433,0.36784498958442546,2729.0,0.00014408342717760496,0.00014408342717760496,0.00016198111229691724,0.08441593752024219,0.00012263176684828433,0.08167623560954755,0.000151189218436497,0.646002906188312
679,2253.0,564.0,433,0.3877090238223745,2817.0,0.00015186409080390696,0.00015186409080390696,0.00016198527266886436,0.08441810568474835,0.000122562337062466,0.08162999340256837,0.0001510916689424007,0.6455860956687849
680,2802.0,476.0,432,0.47291154235538424,3278.0,0.00018523758024104357,0.00018523758024104357,0.00016145757293397305,0.08442030193486899,0.00012213384107724072,0.08158384537184844,0.00015053466032116753,0.6451695540814986
681,2480.0,751.0,431,0.4346121958082666,3231.0,0.0001702358777157331,0.0001702358777157331,0.0001609306202537457,0.08442252617970344,0.00012170622046904458,0.08153779118751767,0.00014997884569410672,0.6447532812529343
682,2491.0,367.0,428,0.3864832623418272,2858.0,0.00015138396488124844,0.00015138396488124844,0.00015934340931406004,0.08442477832875885,0.0001205631806269182,0.08149183052134354,0.00014850851110128705,0.6443372770096848
683,2236.0,478.0,426,0.3537720525452538,2714.0,0.00013857111341373043,0.00013857111341373043,0.00015828811621522497,0.08442705829194803,0.00011978008753481999,0.0814459630467208,0.00014749863980843074,0.6439215411784549
684,2173.0,439.0,426,0.359254226439928,2612.0,0.00014071845924008147,0.00014071845924008147,0.0001582924427846513,0.08442936597958685,0.00011971276821836527,0.08140018843866079,0.00014740347152962093,0.6435060735860614
685,1935.0,601.0,425,0.36151745908064664,2536.0,0.00014160495851180832,0.00014160495851180832,0.00015776842329289309,0.08443170130239208,0.00011928902027447467,0.0813545063737811,0.000146852990814118,0.6430908740594325
686,2220.0,484.0,423,0.37805140565211504,2704.0,0.00014808123997340974,0.00014808123997340974,0.00015671743694725695,0.0844340641714795,0.00011851009088529766,0.08130891653029561,0.00014584913595940856,0.6426759424256084
687,2196.0,553.0,422,0.3794707854249467,2749.0,0.00014863720541517694,0.00014863720541517694,0.0001561948678764362,0.08443645449836108,0.00011808825790099206,0.0812634185880039,0.00014530130021105713,0.6422612785117406
688,2200.0,438.0,422,0.36536595846961445,2638.0,0.00014311240049730295,0.00014311240049730295,0.00015619934025510796,0.08443887219494324,0.00011802227546990023,0.08121801222828127,0.00014520754968788026,0.6418468821450924
689,2380.0,501.0,422,0.37343815700240596,2881.0,0.00014627424872793026,0.00014627424872793026,0.00015620386310141528,0.08444131717352432,0.00011795642566164536,0.08117269713406892,0.00014511385965391155,0.6414327531530384
690,2448.0,528.0,422,0.4035751295597581,2976.0,0.00015807878165286255,0.00015807878165286255,0.00015620843625384467,0.08444378934679267,0.00011789070801775284,0.08112747298986372,0.00014502023007012248,0.6410188913630644
691,2316.0,370.0,419,0.34126638675869275,2686.0,0.0001336726935991746,0.0001336726935991746,0.0001546403226919469,0.08444628862782406,0.00011676478979286474,0.08108233948170844,0.000143575231094616,0.6406052966027681
692,2817.0,490.0,419,0.4408065710001241,3307.0,0.00017266218997262988,0.00017266218997262988,0.0001546449489248156,0.0844488149300801,0.00011669992415126578,0.08103729629718204,0.0001434825942564679,0.6401919686998577
693,2193.0,424.0,416,0.3519734402146944,2617.0,0.0001378666040793946,0.0001378666040793946,0.00015308099199568212,0.08445136816740563,0.00011557794021877894,0.08099234312538972,0.00014204342708581502,0.639778907482153
694,2405.0,405.0,415,0.38873478771546904,2810.0,0.00015226587846277676,0.00015226587846277676,0.00015256347240970002,0.0844539482540267,0.00011516201486890447,0.08094747965695351,0.0001415037182893846,0.639366112777585
695,2313.0,469.0,415,0.3761645831929708,2782.0,0.00014734217908067795,0.00014734217908067795,0.00015256818160537273,0.08445655510454851,0.00011509831588189759,0.08090270558400264,0.0001414124180215836,0.6389535844141953
696,2350.0,574.0,411,0.3844300830586091,2924.0,0.00015057974267865612,0.00015057974267865612,0.00015048957886063276,0.08445918863395328,0.00011363120389492567,0.08085802060016387,0.0001395353318043694,0.6385413222201367
697,2259.0,437.0,409,0.36216941122510204,2696.0,0.00014186032558758405,0.00014186032558758405,0.00014945398912990425,0.08446184875759825,0.0001128677769908333,0.08081342440055231,0.0001385539712182023,0.638129326023673
698,2412.0,522.0,407,0.4047254296130493,2934.0,0.00015852934963300012,0.00015852934963300012,0.0001484197602005312,0.08446453539121332,0.00011210587223735116,0.08076891668176191,0.00013757483125414086,0.6377175956531785
699,2222.0,587.0,407,0.3690105153269758,2809.0,0.00014453995899999054,0.00014453995899999054,0.00014842452754656766,0.08446724845089941,0.00011204421867716878,0.08072449714185626,0.00013748606596169466,0.6373061309371385
700,2042.0,364.0,406,0.32847535837349773,2406.0,0.00012866249838366537,0.00012866249838366537,0.00014791119063105917,0.08446998785312604,0.00011163382299013068,0.08068016548035935,0.0001369540669903591,0.6368949317041489
701,2572.0,454.0,404,0.407231044751123,3026.0,0.00015951078917004425,0.00015951078917004425,0.00014688106750566124,0.08447275351472935,0.00011087587923865912,0.08063592139824631,0.00013598069393975723,0.636483997782916
702,2366.0,545.0,404,0.4021339546703143,2911.0,0.0001575142791501427,0.0001575142791501427,0.00014688592194872467,0.08447554535291049,0.00011081516282376581,0.08059176459793466,0.0001358929572080123,0.6360733290022569
703,2553.0,554.0,404,0.4200854151021463,3107.0,0.00016454579518297935,0.00016454579518297935,0.0001468908217642325,0.08447836328523281,0.00011075456601574837,0.08054769478327496,0.00013580527708528938,0.635662925191099
704,2186.0,660.0,402,0.37619090553136886,2846.0,0.00014735248943649386,0.00014735248943649386,0.0001458647836325459,0.08448120722962084,0.00011000035565634687,0.08050371165954213,0.00013483733879116538,0.63525278617848
705,2731.0,572.0,402,0.4766105585165811,3303.0,0.0001866864702375954,0.0001866864702375954,0.00014586973874234174,0.08448407710435744,0.00010994037512395484,0.08045981493342647,0.000134750339768878,0.6348429117935482
706,2009.0,466.0,402,0.32359708418602506,2475.0,0.00012675169768351942,0.00012675169768351942,0.00014587473848285713,0.08448697282808224,0.00010988051224650036,0.08041600431302481,0.0001346633968796317,0.6344333018655619
707,2213.0,639.0,402,0.3759119712160487,2852.0,0.00014724323196868338,0.00014724323196868338,0.0001458797827142288,0.0844898943197899,0.00010982076662703676,0.08037227950783196,0.00013457651008720863,0.6340239562238895
708,2564.0,361.0,399,0.36113628664278014,2925.0,0.00014145565477586373,0.00014145565477586373,0.00014434628340984578,0.08449284149882763,0.00010872646376034396,0.08032864022873198,0.0001331784997969062,0.6336148746980096
709,2383.0,653.0,399,0.3952812320169705,3036.0,0.0001548300947970899,0.0001548300947970899,0.00014435136207227903,0.08449581428489363,0.00010866751247199984,0.08028508618798941,0.00013309257108178984,0.633206057117511
710,2406.0,389.0,397,0.34740973575732703,2795.0,0.0001360790190980521,0.0001360790190980521,0.00014333336586220391,0.08449881259803517,0.0001079208516373602,0.08024161709924105,0.00013213564895875473,0.6327975033120922
711,2353.0,554.0,396,0.38804984264436265,2907.0,0.00015199758818815616,0.00015199758818815616,0.00014282758470390898,0.08450183635864641,0.00010751907702777019,0.08019823267748728,0.00013161563309476711,0.6323892131115616
712,2402.0,548.0,396,0.39077552115112557,2950.0,0.00015306522567611655,0.00015306522567611655,0.000142832738434569,0.08450488548746682,0.00010746102612054954,0.08015493263908369,0.00013153071276409586,0.6319811863458376
713,2046.0,451.0,395,0.33197490474398367,2497.0,0.0001300332568523242,0.0001300332568523242,0.0001423283170613104,0.08450795990557923,0.00010706063399186574,0.0801117167017328,0.0001310126094873517,0.631573422844948
714,2088.0,413.0,392,0.33296696423740524,2501.0,0.00013042184263118106,0.00013042184263118106,0.00014080661444436306,0.08451105953440771,0.00010597708073980544,0.08006858458447572,0.00012963063865731932,0.6311659224390306
715,2391.0,609.0,392,0.37001366678991376,3000.0,0.00014493288945942567,0.00014493288945942567,0.00014081182071042103,0.08451418429571608,0.00010592010255638851,0.08002553600768401,0.00012954699907407938,0.6307586849583328
716,2426.0,468.0,392,0.3583194733184078,2894.0,0.0001403523201403869,0.0001403523201403869,0.00014081706872072868,0.08451733411160575,0.00010586323457699991,0.07998257069305147,0.0001294634134563213,0.6303517102332111
717,2271.0,358.0,392,0.3591776650893453,2629.0,0.00014068847046194488,0.00014068847046194488,0.00014082235834605655,0.08452050890451418,0.00010580647643501897,0.07993968836358613,0.00012937988176922586,0.6299449980941322
718,2247.0,683.0,391,0.36764024217929614,2930.0,0.00014400322842902317,0.00014400322842902317,0.0001403212712695749,0.0845237085972128,0.00010540977702753759,0.07989688874360205,0.00012886693411982473,0.6295385483716713
719,2040.0,514.0,391,0.33723525613164756,2554.0,0.00013209371568023798,0.00013209371568023798,0.00014032662442000683,0.08452693311280543,0.00010535341927687475,0.07985417155871159,0.0001287837872899176,0.6291323608965137
720,2021.0,486.0,390,0.32260472394812756,2507.0,0.0001263629941042411,0.0001263629941042411,0.00013982686790666818,0.08453018237472619,0.00010495807107523043,0.07981153653581734,0.00012827271646894493,0.6287264354994534
721,2287.0,557.0,390,0.37802387531240667,2844.0,0.00014807045644825957,0.00014807045644825957,0.0001398322835303673,0.08453345630673806,0.00010490211055972565,0.07976898340310426,0.00012818995303695352,0.6283207720113938
722,2278.0,562.0,390,0.37303475200907243,2840.0,0.00014611623658796413,0.00014611623658796413,0.00013983773983689931,0.08453675483293083,0.00010484625738008279,0.07972651189003203,0.00012810724300513842,0.6279153702633475
723,2492.0,395.0,390,0.3823596332894011,2887.0,0.0001497687556950259,0.0001497687556950259,0.00013984323670123412,0.08454007787771949,0.00010479051118218726,0.07968412172732713,0.00012802458633904502,0.6275102300864359
724,2442.0,600.0,386,0.39311347879727243,3042.0,0.0001539809944368478,0.0001539809944368478,0.00013783822666863936,0.08454342536584246,0.00010338602782082379,0.07964181264697533,0.00012624190937126525,0.6271053513118896
725,2275.0,479.0,386,0.3603818638001669,2754.0,0.000141160150333007,0.000141160150333007,0.00013784372408870391,0.0845467972223598,0.00010333120972452059,0.07959958438221397,0.00012616045624570333,0.6267007337710478
726,2149.0,515.0,385,0.36543443084850735,2664.0,0.00014313922085722967,0.00014313922085722967,0.0001373478708719961,0.08455019337265152,0.00010294022134518967,0.07955743666752453,0.00012565550441657894,0.6262963772953588
727,2102.0,430.0,384,0.32139971026663255,2532.0,0.00012589099501239035,0.00012589099501239035,0.0001368526575857918,0.08455361374241585,0.00010254998110569179,0.07951536923862486,0.00012515160887846595,0.6258922817163797
728,2164.0,569.0,383,0.35660415581823823,2733.0,0.0001396804370615896,0.0001396804370615896,0.0001363580821471606,0.08455705825766759,0.00010216048654726005,0.07947338183246198,0.0001246487669036479,0.6254884468657758
729,2240.0,536.0,383,0.35818949188229754,2776.0,0.000140301406926086,0.000140301406926086,0.0001363636756468658,0.08456052684473621,0.00010210661561172388,0.07943147418720467,0.00012456834169689753,0.6250848725753215
730,2466.0,297.0,383,0.3609269584899151,2763.0,0.00014137366176651588,0.00014137366176651588,0.000136369307846876,0.08456401943026458,0.00010205284687126211,0.079389646042236,0.0001244879683816664,0.6246815586768997
731,2254.0,527.0,381,0.3587992677432778,2781.0,0.00014054025371847936,0.00014054025371847936,0.0001353783715044698,0.08456753594120676,0.00010133126569555883,0.07934789713814605,0.00012356780853952593,0.6242785050025015
732,2378.0,554.0,379,0.36863304689426907,2932.0,0.0001443921061082135,0.0001443921061082135,0.0001343886564775114,0.0845710763048268,0.0001006110562411005,0.0793062272167248,0.00012264968308132911,0.6238757113842265
733,2261.0,320.0,379,0.3149263714214728,2581.0,0.00012335541379611154,0.00012335541379611154,0.00013439432012195233,0.08457464044869677,0.00010055829198432528,0.07926463602095492,0.0001225705477126872,0.6234731776542829
734,2186.0,544.0,379,0.3413649695688755,2730.0,0.00013371130809591676,0.00013371130809591676,0.00013440002144007225,0.08457822830069556,0.00010050562727750594,0.07922312329500453,0.00012249146340334208,0.6230709036449867
735,2193.0,458.0,379,0.34714527212660495,2651.0,0.00013597542974015078,0.00013597542974015078,0.00013440576031774982,0.08458183978900638,0.00010045306179757897,0.0791816887842202,0.00012241243012034954,0.6226688891887626
736,2170.0,363.0,377,0.3238711484660487,2533.0,0.00012685904757777074,0.00012685904757777074,0.00013342101917014057,0.0845854748421164,9.973725295160051e-05,0.07914033223512003,0.00012150077293691364,0.622267134118143
737,2501.0,514.0,376,0.3905795895652259,3015.0,0.0001529884800490505,0.0001529884800490505,0.00013293213526634716,0.08458913338881391,9.935401327668089e-05,0.07909905339538645,0.00012100675181590132,0.6218656382657687
738,1999.0,425.0,376,0.3049397448018785,2424.0,0.00011944369165761008,0.00011944369165761008,0.00013293792149480466,0.08459281535818744,9.930226142338396e-05,0.07905785201385952,0.00012092867649053123,0.621464401464388
739,2363.0,454.0,374,0.35707452611563184,2817.0,0.0001398646792462326,0.0001398646792462326,0.00013195684127046043,0.08459652067962403,9.858997761157675e-05,0.07901672784052996,0.00012002222728495953,0.6210634235468576
740,2791.0,521.0,373,0.4380951055396266,3312.0,0.000171600119678663,0.000171600119678663,0.00013146980484852498,0.08460024928280753,9.82088978777398e-05,0.07897568062653224,0.00011953127959464354,0.6206627043461418
741,2072.0,498.0,372,0.31092393937285545,2570.0,0.00012178767699680981,0.00012178767699680981,0.00013098338030036972,0.08460400109771722,9.782853352403361e-05,0.07893471012413802,0.00011904135126410241,0.6202622436953128
742,2658.0,556.0,371,0.3852248143936501,3214.0,0.00015089103579853116,0.00015089103579853116,0.00013049756566822234,0.08460777605462597,9.7448882243774e-05,0.07889381608674927,0.00011855243970342985,0.6198620414275503
743,1955.0,529.0,369,0.32048551211254206,2484.0,0.00012553290721211988,0.00012553290721211988,0.00012952129432288947,0.084611574084099,9.674141901358011e-05,0.07885299826889165,0.00011765313672829352,0.6194620973761419
744,2097.0,412.0,369,0.3166872731475766,2509.0,0.0001240451520358702,0.0001240451520358702,0.00012952714346505854,0.08461539511699212,9.669143456452956e-05,0.07881225642620789,0.00011757722520440725,0.6190624113744826
745,2129.0,443.0,368,0.34447732673244463,2572.0,0.00013493040608399711,0.00013493040608399711,0.00012904314689235458,0.08461923908445042,9.63139089115338e-05,0.07877159031545117,0.00011709134878684521,0.6186629832560748
746,1675.0,493.0,367,0.26657757960152373,2168.0,0.00010441738331434537,0.00010441738331434537,0.0001285597524901483,0.08462310591790648,9.593708720972256e-05,0.07873099969447864,0.00011660647887372046,0.6182638128545288
747,1990.0,448.0,367,0.31204422086820105,2438.0,0.0001222264868265574,0.0001222264868265574,0.00012856566163299289,0.08462699554907903,9.588771749748201e-05,0.07869048432224485,0.00011653124266878392,0.6178649000035615
748,2162.0,437.0,367,0.32743557780964005,2599.0,0.00012825522045030945,0.00012825522045030945,0.00012857160530691634,0.08463090790997133,9.583843918665041e-05,0.07865004395879556,0.00011645605500734674,0.6174662445369977
749,2132.0,379.0,366,0.3173412789738411,2511.0,0.0001243013235306859,0.0001243013235306859,0.00012809005137840468,0.08463484293286994,9.546338076721977e-05,0.07860967836526106,0.00011597366269377065,0.6170678462887692
750,1945.0,473.0,365,0.3135506886867236,2418.0,0.0001228165643112901,0.0001228165643112901,0.00012760909227073306,0.08463880055034298,9.508901796032924e-05,0.0785693873038499,0.00011549226710792876,0.6166697050929151
751,2261.0,474.0,365,0.34518931460648966,2735.0,0.00013520928891754393,0.00013520928891754393,0.00012761509309628757,0.08464278069523867,9.504034540583451e-05,0.0785291705378427,0.00011541774980871311,0.6162718207835812
752,2212.0,470.0,364,0.34826126584542977,2682.0,0.00013641256006479818,0.00013641256006479818,0.00012713534098992275,0.08464678330068395,9.466720105336269e-05,0.07848902783158583,0.00011493807828567244,0.6158741931950207
753,2296.0,451.0,364,0.3510940518295032,2747.0,0.00013752215112789002,0.00013752215112789002,0.00012714138634275417,0.08465080830008312,9.461887316693156e-05,0.07844895895048522,0.00011486391855718705,0.6154768221615936
754,2070.0,440.0,362,0.30951052911639865,2510.0,0.00012123404979099046,0.00012123404979099046,0.0001261782032268783,0.0846548556271162,9.39232459167798e-05,0.07840896366100011,0.00011398211804188858,0.6150797075177667
755,1907.0,292.0,361,0.28731745496640293,2199.0,0.00011254111044512453,0.00011254111044512453,0.0001257002135599086,0.08465892521573758,9.35521627760298e-05,0.0783690417306371,0.00011350540703346288,0.6146828490981139
756,2273.0,323.0,360,0.3139177666232224,2596.0,0.0001229603472868086,0.0001229603472868086,0.00012522280766756675,0.08466301700017463,9.318176240338444e-05,0.07832919292794395,0.00011302967801783348,0.6142862467373154
757,2192.0,349.0,359,0.3305336146584529,2541.0,0.0001294687092277528,0.0001294687092277528,0.00012474598371532748,0.08466713091492613,9.281204264099602e-05,0.0782894170225035,0.00011255492854212744,0.6138899002701583
758,2118.0,537.0,359,0.34563455025065165,2655.0,0.00013538368595795208,0.00013538368595795208,0.00012475207754262,0.08467126689476118,9.276497448390653e-05,0.07824971378492782,0.00011248230645669783,0.6134938095315363
759,1930.0,412.0,357,0.28857522771719807,2342.0,0.00011303377505569843,0.00011303377505569843,0.00012379466758578886,0.08467542487471746,9.207490067364114e-05,0.07821008298685217,0.00011160876859053984,0.6130979743564497
760,1821.0,314.0,355,0.25949580220095847,2135.0,0.0001016434791229763,0.0001016434791229763,0.0001228383785277557,0.08467960479009995,9.138609023909645e-05,0.07817052440092918,0.0001107371286995778,0.6127023945800051
761,1961.0,401.0,354,0.3061094161622111,2362.0,0.00011990184730208033,0.00011990184730208033,0.00012236384030102032,0.08468380657647956,9.101923360662283e-05,0.07813103780082287,0.00011026653073154032,0.6123070700374156
762,1871.0,459.0,351,0.28505577417907507,2330.0,0.00011165521902823152,0.00011165521902823152,0.00012092973814678654,0.084688030169692,9.001250584027161e-05,0.07809162296120287,0.00010899992970384497,0.6119120005640005
763,2036.0,490.0,351,0.32625153118361055,2526.0,0.00012779143407113614,0.00012779143407113614,0.00012093580024773744,0.08469227550583586,8.99671566824676e-05,0.07805227965773875,0.00010892960135563932,0.6115171859951856
764,2153.0,357.0,351,0.2821627405097242,2510.0,0.00011052202918516418,0.00011052202918516418,0.00012094189330549656,0.08469654252127173,8.992188972356444e-05,0.07801300766709404,0.0001088593183843121,0.6111226261665025
765,2181.0,403.0,351,0.3062822126579096,2584.0,0.00011996953100584004,0.00011996953100584004,0.00012094801722956228,0.08470083115262067,8.987670470727228e-05,0.07797380676692085,0.00010878908076058552,0.6107283209135893
766,2160.0,502.0,351,0.34521225187411275,2662.0,0.00013521827335452908,0.00013521827335452908,0.00012095417192980331,0.08470514133676302,8.983160137843387e-05,0.0779346767358539,0.00010871888845520063,0.61033427007219
767,1930.0,486.0,349,0.2994146286926643,2416.0,0.00011727952553570869,0.00011727952553570869,0.00012000582753949654,0.08470947301083678,8.915024527828753e-05,0.0778956173535051,0.00010785835415666551,0.6099404734781545
768,2311.0,489.0,346,0.3629915244916553,2800.0,0.00014218234410170595,0.00014218234410170595,0.00011858186877488529,0.08471382611223643,8.815237382020249e-05,0.07785662840045787,0.0001066051405912298,0.6095469309674387
769,2194.0,615.0,346,0.3593723658680685,2809.0,0.00014076473398670915,0.00014076473398670915,0.00011858799212477374,0.08471820057861172,8.810830847109641e-05,0.07781770965826171,0.00010653635739597101,0.6091536423761044
770,1820.0,542.0,345,0.307323358231546,2362.0,0.00012037734360812613,0.00012037734360812613,0.0001181185450523082,0.08472259634786636,8.774740405775691e-05,0.07777886090942655,0.00010607437888562544,0.6087606075403189
771,2013.0,353.0,345,0.29109360287145974,2366.0,0.0001140202126406031,0.0001140202126406031,0.00011812470315948887,0.08472701335815634,8.770365497110215e-05,0.07774008193741735,0.00010600593814557877,0.6083678262963557
772,1722.0,280.0,343,0.24596608330455483,2002.0,9.634394175658238e-05,9.634394175658238e-05,0.00011718189550555227,0.0847314515478894,8.702780193650907e-05,0.07770137252664874,0.00010515365019657091,0.6079752984805934
773,1767.0,325.0,342,0.24888113420733599,2092.0,9.748575566288131e-05,9.748575566288131e-05,0.0001167141141595993,0.0847359108557227,8.666884466209591e-05,0.07766273246247954,0.00010469450227988988,0.6075830239295166
774,2025.0,453.0,341,0.2917498283103672,2478.0,0.00011427725354891,0.00011427725354891,0.00011624688462590024,0.08474039122056273,8.631053246463111e-05,0.0776241615312075,0.00010423629335019325,0.6071910024797151
775,2109.0,586.0,339,0.3149586211865192,2695.0,0.00012336804590149596,0.00012336804590149596,0.00011530735081931162,0.08474489258156287,8.563800473985888e-05,0.07758565952006381,0.00010338900364329034,0.6067992339678843
776,2174.0,446.0,339,0.3040467422301125,2620.0,0.00011909390608308364,0.00011909390608308364,0.00011531350404011463,0.08474941487812312,8.559558257843773e-05,0.0775472262172081,0.00010332229554660977,0.606407718230825
777,1988.0,518.0,339,0.29233070553258467,2506.0,0.00011450478085882674,0.00011450478085882674,0.00011531968566457118,0.08475395804988822,8.555323602349055e-05,0.07750886141172296,0.00010325563049096841,0.606016455105443
778,1927.0,382.0,338,0.28383119495503745,2309.0,0.00011117555619077064,0.00011117555619077064,0.00011485467184616888,0.08475852203674673,8.51973292664497e-05,0.07747056489360875,0.00010280090400915436,0.6056254444287498
779,1920.0,401.0,337,0.28335933526146506,2321.0,0.00011099073061553665,0.00011099073061553665,0.00011439020153726209,0.08476310677882952,8.484205799193161e-05,0.07743233645377864,0.00010234710525142898,0.6052346860378617
780,2012.0,488.0,336,0.30979354583840996,2500.0,0.00012134490632135134,0.00012134490632135134,0.00011392627307512503,0.08476771221650878,8.448742025082e-05,0.07739417588405326,0.00010189423195660957,0.6048441797700002
781,1449.0,338.0,335,0.21665380308348747,1787.0,8.486243755718272e-05,8.486243755718272e-05,0.00011346288480402264,0.0847723382903968,8.413341410246773e-05,0.07735608297715577,0.00010144228187136924,0.6044539254624919
782,2165.0,324.0,333,0.31556883711719996,2489.0,0.00012360706506745004,0.00012360706506745004,0.00011253096607206575,0.08477698494134447,8.34680180679516e-05,0.07731805752670655,0.00010060567567236141,0.6040639229527682
783,2067.0,541.0,332,0.33388220074776587,2608.0,0.00013078033715149465,0.00013078033715149465,0.00011206862742026763,0.08478165211044042,8.31154224983686e-05,0.07728009932721851,0.00010015581405750033,0.6036741720783656
784,1910.0,440.0,332,0.3006100860665777,2350.0,0.00011774778145968574,0.00011774778145968574,0.00011207482376212371,0.08478633973900955,8.307467023189261e-05,0.07724220817409183,0.00010009119206200919,0.6032846726769252
785,2208.0,425.0,331,0.3110060729168096,2633.0,0.00012181984838104567,0.00012181984838104567,0.00011161357977406311,0.08479104776861214,8.272317145856424e-05,0.07720438386360909,9.964291292564927e-05,0.602895424586193
786,1960.0,659.0,330,0.32997378178266806,2619.0,0.00012924942490507953,0.00012924942490507953,0.00011115286780164057,0.08479577614104226,8.237229469971247e-05,0.07716662619293041,9.919554584843962e-05,0.6025064276440198
787,1883.0,271.0,330,0.2512212082428416,2154.0,9.840235340495166e-05,9.840235340495166e-05,0.00011115909248522072,0.08480052479832705,8.233206081244251e-05,0.07712893496008849,9.913154343203591e-05,0.6021176816883607
788,2026.0,543.0,330,0.3147855787777808,2569.0,0.0001233002658745714,0.0001233002658745714,0.0001111653436831126,0.08480529368272506,8.229189763024677e-05,0.07709130996398372,9.906758231092698e-05,0.6017291865572756
789,1736.0,383.0,330,0.258930607210356,2119.0,0.00010142209448114218,0.00010142209448114218,0.00011117162131992942,0.08481008273672556,8.225180493938061e-05,0.07705375100437944,9.900366245846851e-05,0.6013409420889289
790,1847.0,347.0,329,0.25750483563720666,2194.0,0.00010086362539647735,0.00010086362539647735,0.00011071310058897512,0.084814891903047,8.190294565356806e-05,0.07701625788189707,9.855918300311378e-05,0.6009529481215891
791,2034.0,430.0,328,0.29788202739666353,2464.0,0.00011667921167123523,0.00011667921167123523,0.00011025510419827001,0.0848197211246361,8.155469979999285e-05,0.0769788303980115,9.811560512418324e-05,0.6005652044936295
792,1854.0,302.0,326,0.2655848155792695,2156.0,0.00010402852157433196,0.00010402852157433196,0.00010933385354909657,0.0848245703446666,8.08990142144724e-05,0.0769414683550461,9.729355380269659e-05,0.6001777110435274
793,2015.0,356.0,325,0.26442778207989215,2371.0,0.00010357531613000084,0.00010357531613000084,0.0001088768744767539,0.08482943950653828,8.055213900004414e-05,0.07690417155616834,9.685201735193959e-05,0.5997904676098643
794,2231.0,457.0,325,0.3110770834115696,2688.0,0.0001218476629109164,0.0001218476629109164,0.00010888314947039218,0.08483432855387546,8.051314115241583e-05,0.07686693980538482,9.678952701438382e-05,0.5994034740313261
795,1949.0,530.0,324,0.28664380421751817,2479.0,0.00011227724411183635,0.00011227724411183635,0.00010842723462058912,0.08483923743052632,8.01673308111084e-05,0.0768297729075369,9.634953429094915e-05,0.5990167301467026
796,1646.0,368.0,323,0.23860691962743152,2014.0,9.34613864580617e-05,9.34613864580617e-05,0.00010797183626496499,0.08484416608056149,7.98221247157924e-05,0.07679267066829601,9.591043236911995e-05,0.5986302357948876
797,1687.0,256.0,322,0.23880159833314532,1943.0,9.353764133691552e-05,9.353764133691552e-05,0.00010751695285375405,0.08484911444827307,7.947752105274015e-05,0.07675563289415895,9.547221911596577e-05,0.5982439908148789
798,1882.0,287.0,322,0.2559179148177832,2169.0,0.0001002420347895743,0.0001002420347895743,0.00010752324811611543,0.08485408247817353,7.943923640638679e-05,0.07671865939244352,9.541061904440426e-05,0.597857995045778
799,2289.0,360.0,321,0.2916652014361828,2649.0,0.00011424410553708688,0.00011424410553708688,0.00010706941704737931,0.08485907011499443,7.909568511607451e-05,0.07668174997128405,9.497393433442838e-05,0.5974722483267906
800,1759.0,431.0,321,0.2719349002443565,2190.0,0.00010651582461588582,0.00010651582461588582,0.000107075734778336,0.0848640773036857,7.905767969012902e-05,0.0766449044396267,9.491265576349277e-05,0.5970867504972258
801,2106.0,483.0,321,0.3154381000166,2589.0,0.000123555855862358,0.000123555855862358,0.0001070820771093314,0.0848691039894142,7.90197399686867e-05,0.07660812260722522,9.4851416730387e-05,0.5967015013964966
802,2165.0,376.0,321,0.2947787979461762,2541.0,0.00011546368897225859,0.00011546368897225859,0.00010708844397145335,0.08487415011756283,7.898186575634077e-05,0.07657140428463646,9.479021720960072e-05,0.5963165008641195
803,1824.0,440.0,320,0.2709812975336376,2264.0,0.00010614230220667356,0.00010614230220667356,0.0001066367277478322,0.08487921563372924,7.864025578020582e-05,0.07653474928321599,9.435632646272213e-05,0.5959317487397144
804,1994.0,430.0,320,0.28680456390662384,2424.0,0.00011234021304607279,0.00011234021304607279,0.0001066431160227546,0.08488430048372528,7.860265725281808e-05,0.07649815741511372,9.429544638141468e-05,0.5955472448630051
805,2083.0,259.0,320,0.2565316269995809,2342.0,0.00010048242342325926,0.00010048242342325926,0.00010664952851963196,0.08488940461357529,7.856512340336926e-05,0.07646162849326957,9.423460558082573e-05,0.5951629890738184
806,1875.0,425.0,319,0.2602543866524354,2300.0,0.00010194061365156106,0.00010194061365156106,0.0001061993770813476,0.08489452796951542,7.822499186401003e-05,0.07642516233140928,9.380285261961215e-05,0.5947789812120847
807,1701.0,280.0,318,0.23289513564682301,1981.0,9.122410326941756e-05,9.122410326941756e-05,0.00010574972605736963,0.08489967049799273,7.78854465287994e-05,0.07638875874403993,9.337196832160511e-05,0.5943952211178374
808,2066.0,374.0,315,0.285738650626828,2440.0,0.00011192269903126833,0.00011192269903126833,0.00010438941124095105,0.08490483214566365,7.694267039293196e-05,0.07635241754644594,9.220240516821099e-05,0.5940117086312136
809,1896.0,542.0,315,0.27427604347586787,2438.0,0.00010743284115780175,0.00010743284115780175,0.00010439578086258985,0.08491001285939356,7.690611094144399e-05,0.07631613855468464,9.214291482841272e-05,0.5936284435924528
810,1568.0,298.0,315,0.22820620308463574,1866.0,8.938746693483577e-05,8.938746693483577e-05,0.00010440217386063221,0.08491521258625515,7.686961399208963e-05,0.07627992158558225,9.208346287265143e-05,0.5932454258418984
811,2116.0,371.0,314,0.30803018973842405,2487.0,0.0001206542067130529,0.0001206542067130529,0.00010395450962577721,0.08492043127352783,7.653239652038637e-05,0.07624376645672959,9.165603341279067e-05,0.5928626552199964
812,1893.0,355.0,311,0.2699152246655018,2248.0,0.00010572472568174766,0.00010572472568174766,0.00010260017299589606,0.08492566886869664,7.559493711252875e-05,0.07620767298647807,9.049459601708117e-05,0.5924801315672956
813,2229.0,494.0,309,0.28215764556173306,2723.0,0.00011052003351419235,0.00011052003351419235,0.0001017003511473024,0.08493092531945108,7.495911959611215e-05,0.07617164099393556,8.970250359473521e-05,0.592097854724448
814,1707.0,352.0,309,0.247886785020034,2059.0,9.709627301998982e-05,9.709627301998982e-05,0.0001017066679889698,0.08493620057368428,7.492372149268043e-05,0.07613567029896215,8.964462622798029e-05,0.5917158245322082
815,1636.0,342.0,308,0.23204853938162137,1978.0,9.0892494861583e-05,9.0892494861583e-05,0.00010126091071007425,0.08494149457949197,7.458908746279115e-05,0.0760997607221663,8.922109223269198e-05,0.5913340408314336
816,1589.0,334.0,308,0.24392515838441003,1923.0,9.554451953952606e-05,9.554451953952606e-05,0.00010126724412130143,0.08494680728517129,7.455395046478961e-05,0.07606391208490089,8.9163525479586e-05,0.5909525034630845
817,1894.0,251.0,308,0.2674634264440603,2145.0,0.00010476436601804163,0.00010476436601804163,0.00010127359976372324,0.08495213863922031,7.4518873022219e-05,0.07602812420925889,8.910599586939074e-05,0.5905712122682233
818,1764.0,363.0,307,0.2507886051620528,2127.0,9.823290448964074e-05,9.823290448964074e-05,0.0001008293562967175,0.08495748859033632,7.418566436852595e-05,0.07599239691806971,8.868453556465161e-05,0.5901901670880155
819,1666.0,290.0,306,0.2255857331264639,1956.0,8.83610392191398e-05,8.83610392191398e-05,0.00010038559583696043,0.08496285708741551,7.385302156158017e-05,0.07595673003489499,8.826391970010658e-05,0.5898093677637288
820,1608.0,296.0,306,0.21091015729644771,1904.0,8.26126742250089e-05,8.26126742250089e-05,0.00010039196069372129,0.08496824407955164,7.38184010776122e-05,0.07592112338402507,8.820697052871233e-05,0.5894288141367334
821,2299.0,310.0,303,0.31751859052528525,2609.0,0.000124370775763919,0.000124370775763919,9.905087717729252e-05,0.08497364951603524,7.289255926738156e-05,0.07588557679047464,8.70632943744403e-05,0.5890485060485017
822,1728.0,323.0,303,0.22196488231935124,2051.0,8.694276628255043e-05,8.694276628255043e-05,9.905719955080075e-05,0.08497907334635263,7.285847219501026e-05,0.07585009007997918,8.700711986405912e-05,0.5886684433406086
823,1839.0,384.0,303,0.26928428620521383,2223.0,0.00010547758958292748,0.00010547758958292748,9.906354330671689e-05,0.08498451552018485,7.28244424771322e-05,0.07581466307899104,8.69509815982933e-05,0.5882886258547311
824,1933.0,393.0,303,0.26820932720143714,2326.0,0.00010505653239382575,0.00010505653239382575,9.906990838661171e-05,0.08498997598740672,7.279046994772953e-05,0.07577929561467557,8.689487955375727e-05,0.5879090534326483
825,1895.0,410.0,303,0.2671279201254413,2305.0,0.0001046329495203452,0.0001046329495203452,9.90762947322813e-05,0.08499545469808634,7.275655444146578e-05,0.07574398751490745,8.683881370708058e-05,0.5875297259162415
826,1628.0,344.0,302,0.21635863696944713,1972.0,8.474682215802865e-05,8.474682215802865e-05,9.863596295114765e-05,0.08500095160248344,7.242741365887678e-05,0.07570873860826674,8.642335652577075e-05,0.5871506431474941
827,1621.0,518.0,300,0.2331403845906359,2139.0,9.132016631047235e-05,9.132016631047235e-05,9.774984396951849e-05,0.08500646665104895,7.180390384065789e-05,0.07567354872403534,8.564986231479862e-05,0.5867718049684911
828,1650.0,418.0,299,0.23008514810245598,2068.0,9.012344226496513e-05,9.012344226496513e-05,9.73104260707338e-05,0.08501199979442392,7.147600541768567e-05,0.07563841769219308,8.523629329356308e-05,0.5863932112214199
829,1720.0,422.0,298,0.241279839029316,2142.0,9.45083584133631e-05,9.45083584133631e-05,9.687147749409496e-05,0.08501755098343863,7.114865709549751e-05,0.07560334534341427,8.482354955000796e-05,0.5860148617485692
830,1678.0,369.0,298,0.25552318495918247,2047.0,0.00010008742066556304,0.00010008742066556304,9.687782318670018e-05,0.08502312016911169,7.111570634070634e-05,0.07556833150906377,8.476882015573217e-05,0.5856367563923297
831,1663.0,318.0,298,0.2192535940924804,1981.0,8.588076541029393e-05,8.588076541029393e-05,9.688418932962556e-05,0.08502870730264911,7.108281049451342e-05,0.07553337602119349,8.471412607366174e-05,0.585258894995194
832,1878.0,380.0,297,0.2623335268236361,2258.0,0.00010275500463127148,0.00010275500463127148,9.644669920974157e-05,0.08503431233544351,7.0756831691621e-05,0.07549847871253879,8.430338629589613e-05,0.5848812773997559
833,1739.0,239.0,296,0.22302673773181955,1978.0,8.735869084677616e-05,8.735869084677616e-05,9.600967319951185e-05,0.08503993521907278,7.043139713735076e-05,0.0754636394165147,8.389346448365877e-05,0.5845039034487113
834,1677.0,351.0,295,0.22952904809775418,2028.0,8.990562009312737e-05,8.990562009312737e-05,9.557310996196785e-05,0.08504557590529986,7.010650527063807e-05,0.07542885796721267,8.348435874986356e-05,0.5841267729848568
835,2209.0,361.0,293,0.2868402270033379,2570.0,0.00011235418213996784,0.00011235418213996784,9.469454748686925e-05,0.08505123434607134,6.949007741907204e-05,0.0753941341993967,8.272164100599694e-05,0.5837498858510913
836,1571.0,352.0,291,0.2167159404463741,1923.0,8.488677651640192e-05,8.488677651640192e-05,9.381688534235985e-05,0.085056910493517,6.887467527790294e-05,0.07535946794849986,8.196051315257444e-05,0.5833732418904145
837,1620.0,290.0,290,0.21917570945365505,1910.0,8.58502583053878e-05,8.58502583053878e-05,9.338164324554505e-05,0.08506260429994832,6.855167022080652e-05,0.07532485905062108,8.155430125279005e-05,0.5829968409459275
838,1832.0,408.0,290,0.24457688665958846,2240.0,9.579979892659164e-05,9.579979892659164e-05,9.338791323450296e-05,0.08506831571785825,6.85202253919801e-05,0.07529030734252132,8.150168122531152e-05,0.582620682860833
839,1685.0,246.0,290,0.220080905688125,1931.0,8.620482008935565e-05,8.620482008935565e-05,9.339420250536944e-05,0.08507404469992001,6.848883246248363e-05,0.07525581266162017,8.144909514904398e-05,0.5822447674784342
840,1751.0,373.0,288,0.24121567760231902,2124.0,9.448322663623933e-05,9.448322663623933e-05,9.25202648329054e-05,0.08507979119898632,6.787683848783166e-05,0.07522137484599258,8.069315265789415e-05,0.5818690946421361
841,1398.0,298.0,286,0.202718713884322,1696.0,7.940411824689463e-05,7.940411824689463e-05,9.16472151010994e-05,0.08508555516808844,6.726585677778289e-05,0.07518699373436528,7.993878233450263e-05,0.5814936641954441
842,1569.0,220.0,286,0.2162428355854633,1789.0,8.470146321404752e-05,8.470146321404752e-05,9.16534423450419e-05,0.0850913365604355,6.723514838824229e-05,0.07515266916611353,7.988720466344879e-05,0.5811184759819652
843,1783.0,323.0,286,0.2288244260582034,2106.0,8.962962242781176e-05,8.962962242781176e-05,9.165968830567287e-05,0.08509713532941346,6.720449044196635e-05,0.07511840098125755,7.983566027106235e-05,0.5807435298454067
844,1784.0,260.0,284,0.23675850329963344,2044.0,9.273736909503855e-05,9.273736909503855e-05,9.0789407209173e-05,0.08510295142858436,6.659600110921745e-05,0.07508418902045931,7.908508066971401e-05,0.5803688256295773
845,1642.0,392.0,282,0.23748815332155815,2034.0,9.30231701220361e-05,9.30231701220361e-05,8.99200043111261e-05,0.0851087848116857,6.598851346912718e-05,0.07505003312501923,7.833605926553869e-05,0.5799943631783858
846,1469.0,393.0,282,0.20200818123726277,1862.0,7.912580542000109e-05,7.912580542000109e-05,8.9926185669039e-05,0.0851146354326291,6.595853070385172e-05,0.07501593313687273,7.828551569484048e-05,0.5796201423358426
847,1530.0,643.0,282,0.21576510787099235,2173.0,8.45143391582422e-05,8.45143391582422e-05,8.993238519074296e-05,0.08512050324549987,6.592859695721474e-05,0.07498188889858703,7.823500473559303e-05,0.579246162946058
848,1462.0,270.0,281,0.1991318593671211,1732.0,7.799916152256996e-05,7.799916152256996e-05,8.95021628193049e-05,0.08512638820455608,6.561114365701457e-05,0.07494790025335793,7.783713216379374e-05,0.5788724248532432
849,1537.0,451.0,281,0.21441927822549187,1988.0,8.398718301037676e-05,8.398718301037676e-05,8.950836826413658e-05,0.08513229026422797,6.558143773329465e-05,0.07491396704500641,7.77869105081558e-05,0.5784989279017099
850,1391.0,280.0,281,0.18799205852590922,1671.0,7.363574560356804e-05,7.363574560356804e-05,8.95145916408788e-05,0.08513820937911652,6.555178020413492e-05,0.07488008911797556,7.773672125626432e-05,0.5781256719358702
851,1503.0,306.0,281,0.2211470123349686,1809.0,8.662240984526776e-05,8.662240984526776e-05,8.952083290197831e-05,0.08514414550399338,6.552217093389908e-05,0.07484626631732735,7.768656438721193e-05,0.5777526568002366
852,1387.0,266.0,281,0.18884238071845308,1653.0,7.39688134424023e-05,7.39688134424023e-05,8.952709200005989e-05,0.08515009859379946,6.549260978748956e-05,0.07481249848873932,7.763643988010473e-05,0.5773798823394218
853,1988.0,328.0,281,0.26252174655425053,2316.0,0.00010282872955513143,0.00010282872955513143,8.953336888792589e-05,0.08515606860364466,6.54630966303451e-05,0.07477878547850149,7.758634771406232e-05,0.5770073483981392
854,1708.0,284.0,280,0.23594835963830021,1992.0,9.242003902792801e-05,9.242003902792801e-05,8.910594075454548e-05,0.0851620554888065,6.514809726589284e-05,0.07474512713351339,7.719206514999845e-05,0.5766350548212018
855,1578.0,340.0,280,0.2118299878312974,1918.0,8.29729682065403e-05,8.29729682065403e-05,8.911222250470188e-05,0.08516805920472999,6.511880805581632e-05,0.07471152330128057,7.714225970102857e-05,0.576263001453523
856,1728.0,391.0,277,0.24626714044120557,2119.0,9.646186464598729e-05,9.646186464598729e-05,8.782004550375633e-05,0.08517407970702612,6.423497929053791e-05,0.07467797382991175,7.606295930216654e-05,0.5758911881401166
857,1556.0,277.0,276,0.2226938837062736,1833.0,8.722831324178363e-05,8.722831324178363e-05,8.739389195955999e-05,0.0851801169514718,6.392164039881984e-05,0.07464447856811576,7.567122830440637e-05,0.5755196147260958
858,1881.0,339.0,276,0.27037488789264386,2220.0,0.00010590477394933171,0.00010590477394933171,8.740010324006679e-05,0.08518617089400858,6.389300309585522e-05,0.07461103736519833,7.562240412160367e-05,0.575148281056674
859,1474.0,297.0,276,0.18550909007974237,1771.0,7.266317668615055e-05,7.266317668615055e-05,8.740633160760178e-05,0.08519224149074196,6.38644119575581e-05,0.07457765007105911,7.557361144087752e-05,0.5747771869771646
860,1674.0,337.0,275,0.23623034172264237,2011.0,9.253049029480704e-05,9.253049029480704e-05,8.698153377380411e-05,0.08519832869794094,6.355233861851045e-05,0.07454431653618857,7.518375359820523e-05,0.5744063323329807
861,1429.0,227.0,275,0.19068282640048517,1656.0,7.468970873501182e-05,7.468970873501182e-05,8.698776530018227e-05,0.08520443247203668,6.352396600567036e-05,0.07451103661166515,7.513524394120977e-05,0.5740357169696348
862,1380.0,412.0,274,0.19823935211586252,1792.0,7.764956996312672e-05,7.764956996312672e-05,8.656385537952062e-05,0.08521055276962229,6.321277310241423e-05,0.07447781014915214,7.474670103750289e-05,0.57366534073274
863,1608.0,380.0,273,0.22083631870301348,1988.0,8.650071237877536e-05,8.650071237877536e-05,8.614037223803106e-05,0.08521668954745193,6.290208166951447e-05,0.07444463700089474,7.435892303441264e-05,0.5732952034680079
864,1469.0,352.0,273,0.20732572623598983,1821.0,8.120866675910295e-05,8.120866675910295e-05,8.614659214908757e-05,0.0852228427624398,6.287409690331963e-05,0.07441151701971709,7.431094557015581e-05,0.5729253050212503
865,1675.0,366.0,272,0.2308428443043618,2041.0,9.042022886970694e-05,9.042022886970694e-05,8.572399007416255e-05,0.08522901237165974,6.256427884465645e-05,0.07437845005901932,7.392447347456582e-05,0.5725556452383785
866,1467.0,500.0,272,0.1940430822581562,1967.0,7.60059076608524e-05,7.60059076608524e-05,8.573021196055496e-05,0.0852351983323442,6.253650867068847e-05,0.07434543597277474,7.38767763235166e-05,0.572186223965403
867,1434.0,265.0,271,0.1890335315349393,1699.0,7.404368646100247e-05,7.404368646100247e-05,8.530848648467552e-05,0.08524140060188365,6.22275594570976e-05,0.07431247461552686,7.349160425697266e-05,0.5718170410484336
868,1578.0,376.0,271,0.21842442185243643,1954.0,8.555598192418191e-05,8.555598192418191e-05,8.531470991467136e-05,0.08524761913782601,6.22000024063083e-05,0.07427956584238639,7.34441863994711e-05,0.5714480963336797
869,1867.0,383.0,271,0.24846843759623768,2250.0,9.732410403299556e-05,9.732410403299556e-05,8.532094958154296e-05,0.08525385389787558,6.217248926738863e-05,0.07424670950902865,7.339679913666445e-05,0.5710793896674496
870,2016.0,279.0,270,0.24562495898601563,2295.0,9.621032471054274e-05,9.621032471054274e-05,8.490054636495473e-05,0.08526010483989233,6.186477289960149e-05,0.07421390547169052,7.301345757370796e-05,0.570710920896151
871,1688.0,318.0,270,0.20849720089229803,2006.0,8.16675287474728e-05,8.16675287474728e-05,8.490678701744814e-05,0.08526637192189165,6.183747090161113e-05,0.0741811535871676,7.296634822343687e-05,0.5703426898662907
872,1762.0,494.0,269,0.2421531625062385,2256.0,9.48504357642924e-05,9.48504357642924e-05,8.448724945385957e-05,0.08527265510204321,6.153061240102978e-05,0.0741484537128116,7.258429229912635e-05,0.5699746964244742
873,1699.0,333.0,268,0.20627152093011542,2032.0,8.079573871136522e-05,8.079573871136522e-05,8.406812736307439e-05,0.08527895433867017,6.122424271003959e-05,0.0741158057065273,7.220298505649774e-05,0.5696069404174064
874,1593.0,311.0,267,0.2013642550255556,1904.0,7.887358207033123e-05,7.887358207033123e-05,8.364941959743241e-05,0.08528526959024872,6.091836049084389e-05,0.07408320942676991,7.182242483186274e-05,0.5692394216918909
875,1237.0,354.0,266,0.17007664289845084,1591.0,6.66183481780066e-05,6.66183481780066e-05,8.323112501360963e-05,0.0852916008154075,6.061296441083372e-05,0.07405066473254235,7.144260996666118e-05,0.5688721400948302
876,1424.0,316.0,266,0.1913150158422409,1740.0,7.493733483832389e-05,7.493733483832389e-05,8.323731883639968e-05,0.08529794797292634,6.058636759146095e-05,0.07401817148339229,7.139651415023169e-05,0.5685050954732256
877,1482.0,238.0,266,0.20620803053781112,1720.0,8.077086977587588e-05,8.077086977587588e-05,8.32435281665787e-05,0.08530431102173618,6.055981276709673e-05,0.07398572953940984,7.135044807549684e-05,0.5681382876741767
878,1362.0,454.0,266,0.20758910633425112,1816.0,8.131183170162598e-05,8.131183170162598e-05,8.324975296421618e-05,0.08531068992091802,6.053329982366142e-05,0.07395333876122427,7.130441172326692e-05,0.5677717165448827
879,1619.0,315.0,266,0.22928688110754641,1934.0,8.98107642411071e-05,8.98107642411071e-05,8.325599318952752e-05,0.08531708462970232,6.050682864751502e-05,0.07392099901000196,7.125840507436451e-05,0.5674053819326405
880,1819.0,348.0,266,0.23964376605011184,2167.0,9.38675150999263e-05,9.38675150999263e-05,8.326224880287333e-05,0.08532349510746841,6.048039912545446e-05,0.07388871014744308,7.121242810962458e-05,0.5670392836848458
881,1595.0,295.0,266,0.21739966450851603,1890.0,8.515458852664161e-05,8.515458852664161e-05,8.326851976475869e-05,0.08532992131374362,6.045401114471186e-05,0.07385647203577947,7.116648080989445e-05,0.5666734216489928
882,1306.0,199.0,266,0.16293535507065576,1505.0,6.382113398772258e-05,6.382113398772258e-05,8.327480603583241e-05,0.08533636320820258,6.042766459295215e-05,0.07382428453777173,7.112056315603386e-05,0.5663077956726742
883,1866.0,351.0,265,0.21544395928947885,2217.0,8.438854652936891e-05,8.438854652936891e-05,8.286000026875704e-05,0.08534282075066693,6.012526619771769e-05,0.07379214751670653,7.074515779740595e-05,0.565942405603581
884,1631.0,367.0,264,0.22808871337833536,1998.0,8.934144668168247e-05,8.934144668168247e-05,8.244559812670851e-05,0.08534929390110423,5.982334349957574e-05,0.07376006083639422,7.03704840624944e-05,0.5655772512895023
885,1517.0,239.0,263,0.20091124982320274,1756.0,7.869614172471709e-05,7.869614172471709e-05,8.203159850720319e-05,0.0853557826196275,5.952189521282556e-05,0.07372802436116606,6.999654034221632e-05,0.5652123325783255
886,1352.0,334.0,262,0.19413359022656143,1686.0,7.604135927401544e-05,7.604135927401544e-05,8.161800031187367e-05,0.0853622868664943,5.9220920056690156e-05,0.07369603795587179,6.96233250323835e-05,0.5648476493180362
887,1689.0,255.0,262,0.2278721865741001,1944.0,8.925663398907172e-05,8.925663398907172e-05,8.162423406922444e-05,0.08536880660210654,5.919525643638e-05,0.07366410148587686,6.957840304519125e-05,0.5644832013567181
888,1453.0,277.0,262,0.18266321291874377,1730.0,7.154845786084754e-05,7.154845786084754e-05,8.163048259820615e-05,0.08537534178700928,5.916963283547485e-05,0.07363221481706009,6.953351004232187e-05,0.5641189885425527
889,1853.0,329.0,262,0.24665533295100522,2182.0,9.661391811633577e-05,9.661391811633577e-05,8.163674586123137e-05,0.08538189238189076,5.914404914660755e-05,0.07360037781581102,6.948864600507429e-05,0.5637550107238198
890,1553.0,382.0,261,0.2256602235480652,1935.0,8.839021682258723e-05,8.839021682258723e-05,8.122483913627707e-05,0.08538845834758076,5.884459825638997e-05,0.07356859034902745,6.911769568685499e-05,0.5633912677488969
891,1710.0,331.0,261,0.22265408960917574,2041.0,8.721272605138102e-05,8.721272605138102e-05,8.123109952367238e-05,0.08539503964505119,5.881921223675205e-05,0.07353685228411286,6.907309993910867e-05,0.5630277594662592
892,1611.0,340.0,260,0.20868805996017445,1951.0,8.17422874892967e-05,8.17422874892967e-05,8.08200164342856e-05,0.08540163623541418,5.852057689817863e-05,0.07350516348897396,6.870337968263373e-05,0.5626644857244799
893,1451.0,330.0,260,0.18492230925532938,1781.0,7.243333695860924e-05,7.243333695860924e-05,8.082627356711545e-05,0.08540824807992235,5.8495387225916e-05,0.07347352383201843,6.865905125763058e-05,0.5623014463722299
894,1619.0,288.0,258,0.20176246786237287,1907.0,7.902956046313077e-05,7.902956046313077e-05,7.999947502023006e-05,0.08541487513996798,5.79248901084665e-05,0.07344193318215195,6.796635990625437e-05,0.5619386412582774
895,1564.0,376.0,258,0.22094735955248485,1940.0,8.654420664022125e-05,8.654420664022125e-05,8.000569613196515e-05,0.08542151737708203,5.79000125803644e-05,0.0734103914087763,6.792250701718605e-05,0.5615760702314887
896,1504.0,244.0,256,0.1870523859826629,1748.0,7.326767958584524e-05,7.326767958584524e-05,7.91805000098923e-05,0.08542817475293392,5.733105250576149e-05,0.07337889838178667,6.723219713840006e-05,0.5612137331408271
897,1468.0,336.0,256,0.19374435291121722,1804.0,7.588889655746855e-05,7.588889655746855e-05,7.918668450369573e-05,0.08543484722933066,5.7306484936978875e-05,0.07334745397156926,6.718881794188289e-05,0.5608516298353537
898,1961.0,441.0,256,0.25383797241480677,2402.0,9.942732957885106e-05,9.942732957885106e-05,7.919288295841318e-05,0.0854415347682163,5.728195525167365e-05,0.07331605804899888,6.71454667342575e-05,0.560489760164227
899,1734.0,321.0,254,0.21801302754349566,2055.0,8.53948404008992e-05,8.53948404008992e-05,7.837010833994511e-05,0.0854482373316715,5.6715170278377046e-05,0.07328471048543668,6.645850121845481e-05,0.5601281239767025
900,1625.0,372.0,254,0.25607842658697155,1997.0,0.00010030490661455995,0.00010030490661455995,7.837626944000519e-05,0.08545495488191239,5.6690947668061247e-05,0.0732534111527276,6.641562122185647e-05,0.5597667211221332
901,1397.0,296.0,253,0.18331570741455008,1693.0,7.18040373735018e-05,7.18040373735018e-05,7.796876106281133e-05,0.08546168738129066,5.6396221657135314e-05,0.07322215992319817,6.605189001007644e-05,0.5594055514499695
902,1390.0,521.0,252,0.20595761818333785,1911.0,8.067278424729254e-05,8.067278424729254e-05,7.756163751747269e-05,0.0854684347922924,5.6101950005173836e-05,0.07319095666965403,6.56888629993031e-05,0.5590446148097583
903,1704.0,246.0,252,0.20174097383863748,1950.0,7.902114133906678e-05,7.902114133906678e-05,7.756777421481908e-05,0.08547519707753776,5.6078068927338176e-05,0.07315980126537783,6.564647958453577e-05,0.5586839110511443
904,1430.0,304.0,252,0.19286692307678469,1734.0,7.554521076254786e-05,7.554521076254786e-05,7.757392437657246e-05,0.08548197419978021,5.605422442990646e-05,0.07312869358412658,6.560412351616727e-05,0.5583234400238688
905,1528.0,252.0,251,0.2155747657274178,1780.0,8.443978289362232e-05,8.443978289362232e-05,7.716801472782174e-05,0.08548876612190612,5.576107952618088e-05,0.07309763350012968,6.524278755284939e-05,0.5579632015777701
906,1602.0,220.0,249,0.1869783510959297,1822.0,7.323868041360349e-05,7.323868041360349e-05,7.6350812985023e-05,0.08549557280693401,5.519934691877948e-05,0.07306662088808638,6.456360801868734e-05,0.5576031955627835
907,1331.0,160.0,249,0.15931811589112205,1491.0,6.240427571136782e-05,6.240427571136782e-05,7.635690476573813e-05,0.0855023942180139,5.517595371432965e-05,0.0730356556231638,6.452195063488453e-05,0.5572434218289409
908,1312.0,280.0,249,0.18390971470650247,1592.0,7.203670767978946e-05,7.203670767978946e-05,7.636300966458904e-05,0.08550923031842698,5.5152596185063546e-05,0.07300473758099421,6.448032012903479e-05,0.5568838802263714
909,1560.0,328.0,247,0.20648628599504132,1888.0,8.087986133765818e-05,8.087986133765818e-05,7.554817290543909e-05,0.08551608107158476,5.459298662845132e-05,0.07297386663767336,6.380441144604896e-05,0.5565245706053
910,1555.0,249.0,246,0.182055345770181,1804.0,7.131035870355699e-05,7.131035870355699e-05,7.514415745298323e-05,0.08552294644102873,5.430207951476773e-05,0.07294304266975771,6.344655244157568e-05,0.5561654928160494
911,1876.0,458.0,245,0.24015703907209796,2334.0,9.406856211206343e-05,9.406856211206343e-05,7.474051781612125e-05,0.08552982639042954,5.401161643481215e-05,0.0729122655542626,6.308938434426742e-05,0.555806646709038
912,1516.0,292.0,243,0.19106581199675823,1808.0,7.483972267793115e-05,7.483972267793115e-05,7.39279633995373e-05,0.08553672088358666,5.3454340328535495e-05,0.07288153516865985,6.241713318807442e-05,0.5554480321347812
913,1524.0,347.0,243,0.2034426459938422,1871.0,7.968767959022413e-05,7.968767959022413e-05,7.393393473390693e-05,0.08554362988442736,5.3431835573436014e-05,0.07285085139087559,6.237686074121344e-05,0.5550896489438906
914,1529.0,265.0,243,0.19685990695371902,1794.0,7.710924675037957e-05,7.710924675037957e-05,7.393991857595946e-05,0.0855505533570069,5.340936491324108e-05,0.07282021409928814,6.233661427872392e-05,0.5547314969870741
915,1716.0,283.0,242,0.21113874606807748,1999.0,8.270221154252937e-05,8.270221154252937e-05,7.35378053378149e-05,0.08555749126550725,5.312055441860309e-05,0.07278962317272576,6.198199202170086e-05,0.5543735761151364
916,1741.0,280.0,242,0.22045978787463216,2021.0,8.635322674290332e-05,8.635322674290332e-05,7.354378093993269e-05,0.08556444357423676,5.309826346028338e-05,0.07275907849046465,6.194200033428212e-05,0.554015886178978
917,1687.0,417.0,240,0.22676409499255124,2104.0,8.882259890033343e-05,8.882259890033343e-05,7.273511463915323e-05,0.08557141024762985,5.254442810751366e-05,0.07272857993222652,6.12750482888539e-05,0.5536584270295957
918,1653.0,210.0,239,0.1913541603751815,1863.0,7.495266759701586e-05,7.495266759701586e-05,7.233411126528284e-05,0.08557839125024616,5.225692938074393e-05,0.0726981273781768,6.0922472462672044e-05,0.5533011985180826
919,1354.0,216.0,239,0.1602605642905395,1570.0,6.277342902097122e-05,6.277342902097122e-05,7.234002395597135e-05,0.08558538654676992,5.223507243304475e-05,0.07266772070892234,6.088316439276279e-05,0.5529442004956279
920,1652.0,262.0,239,0.19084740733796593,1914.0,7.475417443711944e-05,7.475417443711944e-05,7.234594869866906e-05,0.0855923961020098,5.221324838278632e-05,0.07263735980550923,6.084388168499489e-05,0.5525874328135163
921,1385.0,303.0,239,0.1739075488618956,1688.0,6.811889888832574e-05,6.811889888832574e-05,7.235188546373528e-05,0.08559941988089793,5.219145714477648e-05,0.0726070445494209,6.080462432300436e-05,0.5522308953231292
922,1379.0,272.0,238,0.17070204838644276,1651.0,6.68633170334676e-05,6.68633170334676e-05,7.195244842785907e-05,0.08560645784848966,5.190536047928667e-05,0.07257677482257589,6.045415314885574e-05,0.5518745878759435
923,1423.0,222.0,234,0.17338001249215798,1645.0,6.791226497930199e-05,6.791226497930199e-05,7.033837561796012e-05,0.08561350996996281,5.082754518687174e-05,0.07254655050732595,5.917198175451808e-05,0.5515185103235317
924,1803.0,324.0,234,0.21243234879059142,2127.0,8.320891061127748e-05,8.320891061127748e-05,7.0344181102276e-05,0.08562057621061725,5.0806401169184414e-05,0.07251637148645367,5.91338031268056e-05,0.5511626625175626
925,1379.0,310.0,233,0.1949099359041619,1689.0,7.634545080460709e-05,7.634545080460709e-05,6.994576715894947e-05,0.08562765653587437,5.052181360314131e-05,0.07248623764317086,5.8785750304700125e-05,0.5508070443098004
926,1494.0,339.0,232,0.1834490790405907,1833.0,7.185627851178641e-05,7.185627851178641e-05,6.954771454824675e-05,0.08563475091127642,5.0237653377661464e-05,0.07245614886111615,5.843836683390365e-05,0.5504516555521048
927,1423.0,411.0,231,0.19282047039457148,1834.0,7.55270154306978e-05,7.55270154306978e-05,6.915002232315502e-05,0.08564185930248616,4.995391939013598e-05,0.07242610502435322,5.809165129355349e-05,0.5500964960964315
928,1288.0,307.0,231,0.1784990254542471,1595.0,6.991736210507133e-05,6.991736210507133e-05,6.91557731585774e-05,0.08564898167528617,4.993322839790063e-05,0.07239610601736857,5.805416971084866e-05,0.5497415657948314
929,1466.0,298.0,229,0.20867113646238636,1764.0,8.173565862216465e-05,8.173565862216465e-05,6.835612966902012e-05,0.08565611799557839,4.938790162352957e-05,0.07236615172506974,5.7400461074268276e-05,0.5493868644994507
930,1212.0,253.0,229,0.15189802907478026,1465.0,5.9497857060235116e-05,5.9497857060235116e-05,6.836183576825266e-05,0.08566326822938367,4.9367489083895735e-05,0.07233624203278323,5.736342545759803e-05,0.5490323920625317
931,1204.0,193.0,229,0.15236846887295544,1397.0,5.9682126468059314e-05,5.9682126468059314e-05,6.836755294386035e-05,0.08567043234284101,4.9347106904562616e-05,0.07230637682625246,5.732641373684911e-05,0.5486781483364113
932,1268.0,219.0,228,0.16911101011089794,1487.0,6.6240113635291e-05,6.6240113635291e-05,6.797171598312361e-05,0.08567761030220739,4.906527164654752e-05,0.07227655599163592,5.698261988945872e-05,0.5483241331735219
933,1413.0,355.0,227,0.19695167103265127,1768.0,7.71451903770667e-05,7.71451903770667e-05,6.757623392618907e-05,0.08568480207385695,4.8783856415492075e-05,0.0722467794155051,5.663948578929013e-05,0.5479703464263912
934,1540.0,246.0,227,0.19958722759383934,1786.0,7.817752745547957e-05,7.817752745547957e-05,6.758191666045723e-05,0.08569200762428075,4.8763779913258365e-05,0.07221704698484278,5.6602941164999076e-05,0.5476167879476421
935,1480.0,251.0,227,0.18566264673047922,1731.0,7.27233242187541e-05,7.27233242187541e-05,6.758761023516709e-05,0.08569922692008584,4.874373314373732e-05,0.07218735858704076,5.656642011983388e-05,0.5472634575899924
936,1716.0,330.0,227,0.20460096399024275,2046.0,8.014138816695759e-05,8.014138816695759e-05,6.759331462407446e-05,0.08570645992799532,4.8723716031166604e-05,0.07215771410989825,5.6529922638580974e-05,0.5469103552062552
937,1260.0,237.0,226,0.15867778176038597,1497.0,6.215345936560359e-05,6.215345936560359e-05,6.719934455726082e-05,0.0857137066148474,4.844364956314973e-05,0.07212811344161982,5.61888226933755e-05,0.5465574806493382
938,1075.0,270.0,225,0.1417157004421478,1345.0,5.550947921744919e-05,5.550947921744919e-05,6.680572499836105e-05,0.08572096694759501,4.816399825623164e-05,0.07209855647081344,5.584837595391459e-05,0.5462048337722443
939,1231.0,271.0,224,0.16712618051586173,1502.0,6.546266373515931e-05,6.546266373515931e-05,6.641245503919529e-05,0.08572824089330534,4.7884761052937106e-05,0.07206904308648876,5.550858104729131e-05,0.5458524144280712
940,1498.0,318.0,224,0.18265858938712465,1816.0,7.154664684180363e-05,7.154664684180363e-05,6.641810058234524e-05,0.08573552841915943,4.786518039162735e-05,0.07203957317805516,5.547276609927342e-05,0.5455002224700112
941,1607.0,214.0,224,0.1906374423549842,1821.0,7.467193198393427e-05,7.467193198393427e-05,6.64237566205036e-05,0.08574282949245143,4.7845628543744437e-05,0.07201014663531986,5.5436974259583615e-05,0.5451482577513516
942,1378.0,284.0,224,0.17522314583401719,1662.0,6.863421301763305e-05,6.863421301763305e-05,6.642942312842116e-05,0.08575014408058845,4.78261054363362e-05,0.07198076334848606,5.5401205513312043e-05,0.5447965201254741
943,1215.0,277.0,224,0.15808649074247083,1492.0,6.192185301311039e-05,6.192185301311039e-05,6.643510008093549e-05,0.0857574721510897,4.7806610996712415e-05,0.07195142320815122,5.53654598455585e-05,0.5444450094458552
944,1277.0,275.0,223,0.16363851548031258,1552.0,6.409655913839114e-05,6.409655913839114e-05,6.604370091842751e-05,0.08576481367158628,4.752900728300184e-05,0.07192212610530503,5.502812321586926e-05,0.5440937255660657
945,1547.0,218.0,221,0.17284647708956477,1765.0,6.770328127284166e-05,6.770328127284166e-05,6.525592781302194e-05,0.08577216860982043,4.6993949090891614e-05,0.07189287193132775,5.4390243267861936e-05,0.5437426683397713
946,1272.0,270.0,221,0.17932150648452583,1542.0,7.023952467078959e-05,7.023952467078959e-05,6.526153367347093e-05,0.08577953693364553,4.6974854613027116e-05,0.07186366057798835,5.435514988772926e-05,0.5433918376207316
947,1206.0,191.0,221,0.14534382524006473,1397.0,5.693060134745974e-05,5.693060134745974e-05,6.526714969337605e-05,0.08578691861102507,4.695578805507738e-05,0.07183449193744272,5.432007915035849e-05,0.5430412332628008
948,1383.0,394.0,221,0.19689328972202272,1777.0,7.712232264865755e-05,7.712232264865755e-05,6.52727758484474e-05,0.08579431361003248,4.693674934680002e-05,0.07180536590223179,5.428503104114021e-05,0.5426908551199278
949,1359.0,232.0,218,0.15940194402833596,1591.0,6.24371108610795e-05,6.24371108610795e-05,6.409265129005696e-05,0.08580172189885059,4.614743136631567e-05,0.07177628236527991,5.33515335398332e-05,0.5423407030461549
950,1251.0,373.0,217,0.17656423418363512,1624.0,6.915951201865849e-05,6.915951201865849e-05,6.370330575848736e-05,0.0858091434457712,4.5872262833745745e-05,0.07174724121989301,5.3018041585494576e-05,0.5419907768956191
951,1223.0,284.0,217,0.16942914348113,1507.0,6.636472521783392e-05,6.636472521783392e-05,6.370882521277408e-05,0.08581657821919454,4.5853722144076955e-05,0.07171824235975674,5.2983833569948713e-05,0.5416410765225516
952,1165.0,285.0,216,0.14689861500536752,1450.0,5.753960634757835e-05,5.753960634757835e-05,6.332019144015206e-05,0.08582402618762876,4.557925377788476e-05,0.07168928567893484,5.265141992381994e-05,0.5412916017812773
953,1034.0,289.0,216,0.1339971901525144,1323.0,5.248616927243024e-05,5.248616927243024e-05,6.332569619600481e-05,0.08583148731968976,4.556087019098007e-05,0.07166037107186742,5.261744845793014e-05,0.5409423525262154
954,1220.0,285.0,216,0.16567140163743385,1505.0,6.489283260377354e-05,6.489283260377354e-05,6.333121064078638e-05,0.0858389615841002,4.554251328722677e-05,0.07163149843336912,5.258349891092679e-05,0.5405933286118787
955,1172.0,330.0,215,0.16587488528307365,1502.0,6.497253634276289e-05,6.497253634276289e-05,6.294365551606866e-05,0.08584644894968958,4.526903758529373e-05,0.07160266765862744,5.225259834281723e-05,0.5402445298928744
956,849.0,316.0,215,0.12662336456829273,1165.0,4.959787096290354e-05,4.959787096290354e-05,6.294915492631738e-05,0.08585394938539354,4.5250836433521134e-05,0.07157387864320112,5.221888420244219e-05,0.5398959562239029
957,1040.0,156.0,215,0.1291270165771453,1196.0,5.057854154999815e-05,5.057854154999815e-05,6.295466389703296e-05,0.0858614628602533,4.52326616172587e-05,0.07154513128301826,5.2185191814923424e-05,0.5395476074597586
958,1141.0,267.0,214,0.14936605779266537,1408.0,5.850609392583838e-05,5.850609392583838e-05,6.256818022329514e-05,0.0858689893434154,4.4960171790888924e-05,0.07151642547437477,5.1855794903493835e-05,0.5391994834553298
959,1022.0,237.0,213,0.13538590286791335,1259.0,5.303012254912392e-05,5.303012254912392e-05,6.218202917852965e-05,0.08587652880413134,4.468807703214595e-05,0.07148776111393265,5.152702428840696e-05,0.5388515840655982
960,1080.0,216.0,213,0.13562126826696846,1296.0,5.3122314244797675e-05,5.3122314244797675e-05,6.218749777440631e-05,0.08588408121175657,4.467018435389079e-05,0.07145913809871826,5.149377829901961e-05,0.5385039091456391
961,1230.0,282.0,213,0.1513106838526305,1512.0,5.9267796260333135e-05,5.9267796260333135e-05,6.219297572285054e-05,0.08589164653575088,4.465231745701715e-05,0.0714305563261208,5.146055376043066e-05,0.5381564585506212
962,1139.0,254.0,213,0.13677004044441868,1393.0,5.35722837620128e-05,5.35722837620128e-05,6.21984630018233e-05,0.08589922474567721,4.4634476277607136e-05,0.0714020156938905,5.142735065879975e-05,0.537809232135807
963,1063.0,467.0,211,0.15304712637943543,1530.0,5.994795392849018e-05,5.994795392849018e-05,6.142351581577296e-05,0.08590681581120163,4.411063625639087e-05,0.07137351610013698,5.080683635284755e-05,0.5374622297565519
964,1111.0,291.0,211,0.1490864764696745,1402.0,5.8396583027682917e-05,5.8396583027682917e-05,6.142895261037437e-05,0.08591441970209299,4.409304808745308e-05,0.07134505744332784,5.0774055039245255e-05,0.5371154512683052
965,1047.0,339.0,211,0.13776645509835259,1386.0,5.396257544001276e-05,5.396257544001276e-05,6.14343985535919e-05,0.08592203638822196,4.407548515605166e-05,0.0713166396222867,5.0741294876625736e-05,0.5367688965266088
966,999.0,199.0,210,0.11506474379370843,1198.0,4.507040493290577e-05,4.507040493290577e-05,6.105069114011407e-05,0.08592966583956113,4.380572593298678e-05,0.07128826253619185,5.041611493530111e-05,0.5364225653870983
967,1202.0,360.0,209,0.16418864131714983,1562.0,6.431204125231094e-05,6.431204125231094e-05,6.066730990766707e-05,0.08593730802618442,4.353635457641801e-05,0.07125992608457447,5.009155152519804e-05,0.5360764577055024
968,1875.0,361.0,209,0.23280874933071738,2236.0,9.119026609115448e-05,9.119026609115448e-05,6.067271386691261e-05,0.08594496291826637,4.3519067144975636e-05,0.07123163016731725,5.005923172382389e-05,0.5357305733376427
969,1283.0,313.0,209,0.15802203522718192,1596.0,6.189660604276612e-05,6.189660604276612e-05,6.067812677457287e-05,0.08595263048608213,4.350180441710578e-05,0.0712033746846524,5.0026932775658076e-05,0.5353849121394338
970,1567.0,314.0,208,0.1992760984503866,1881.0,7.805565940085648e-05,7.805565940085648e-05,6.029578855356801e-05,0.08596031070000688,4.32333915910937e-05,0.07117515953716061,4.970383543396616e-05,0.5350394739668837
971,1091.0,235.0,207,0.12716617511053624,1326.0,4.9810487704871225e-05,4.9810487704871225e-05,5.991377335404805e-05,0.08596800353051523,4.296536310265751e-05,0.07114698462576902,4.938134982290107e-05,0.5346942586760927
972,1090.0,263.0,207,0.146310143880144,1353.0,5.730910453589659e-05,5.730910453589659e-05,5.9919143499086617e-05,0.08597570894818116,4.294837263162203e-05,0.07111884985174981,4.9349488254048254e-05,0.5343492661232542
973,1144.0,263.0,205,0.14689410357046492,1407.0,5.753783923637482e-05,5.753783923637482e-05,5.915109091733384e-05,0.08598342692367722,4.243061559241503e-05,0.07109075511671871,4.873842321723033e-05,0.5340044961646546
974,1307.0,359.0,205,0.16673330780703374,1666.0,6.530877704936691e-05,6.530877704936691e-05,5.915640900905271e-05,0.08599115742777429,4.2413871049732894e-05,0.07106270032263343,4.8706976474022975e-05,0.5336599486566728
975,1095.0,215.0,205,0.12973728866165032,1310.0,5.081758271118305e-05,5.081758271118305e-05,5.9161735699606336e-05,0.08599890043134126,4.239715028754602e-05,0.07103468537179203,4.867555002071409e-05,0.5333156234557803
976,1111.0,254.0,205,0.1347685801075955,1365.0,5.2788319666116525e-05,5.2788319666116525e-05,5.9167070969021497e-05,0.08600665590534456,4.23804532477432e-05,0.07100671016683156,4.864414384421232e-05,0.5329715204185415
977,1112.0,327.0,205,0.13831679498327762,1439.0,5.4178141395721746e-05,5.4178141395721746e-05,5.917241479739155e-05,0.08601442382084745,4.2363779872414484e-05,0.0709787746107263,4.861275793143479e-05,0.532627639401613
978,1250.0,301.0,205,0.16324614317807437,1551.0,6.394286845988028e-05,6.394286845988028e-05,5.9177767164876634e-05,0.08602220414901021,4.2347130103850436e-05,0.07095087860678644,4.8581392269307045e-05,0.5322839802617441
979,957.0,400.0,205,0.13722029090956836,1357.0,5.374864508796254e-05,5.374864508796254e-05,5.9183128051702894e-05,0.08602999686108911,4.233050388454118e-05,0.07092302205865654,4.855004684476306e-05,0.5319405428557764
980,1497.0,324.0,205,0.17828746937156587,1821.0,6.983449642442846e-05,6.983449642442846e-05,5.918849743816262e-05,0.08603780192843656,4.2313901157175526e-05,0.07089520487031406,4.8518721644745255e-05,0.5315973270406441
981,1347.0,253.0,204,0.15836514645985264,1600.0,6.20310013552106e-05,6.20310013552106e-05,5.880991344761076e-05,0.08604561932250021,4.2048981378506245e-05,0.07086742694606764,4.820098659017304e-05,0.5312543326733735
982,1234.0,204.0,204,0.14739092036219262,1438.0,5.7732440408222724e-05,5.7732440408222724e-05,5.8815264835995675e-05,0.08605344901482284,4.203252266871197e-05,0.07083968819055599,4.8169886608934706e-05,0.5309115596110832
983,1470.0,341.0,204,0.17623451066866513,1811.0,6.903036062227385e-05,6.903036062227385e-05,5.882062461053163e-05,0.08606129097704211,4.2016087143184865e-05,0.07081198850874615,4.8138806693858935e-05,0.5305690077109839
984,1289.0,326.0,203,0.1555532216044035,1615.0,6.092958151367156e-05,6.092958151367156e-05,5.844305215571608e-05,0.08606914518088957,4.1752096183676105e-05,0.07078432780593209,4.782249620490937e-05,0.5302266768303787
985,1199.0,361.0,203,0.1608572313111751,1560.0,6.300714113246185e-05,6.300714113246185e-05,5.844839364523203e-05,0.08607701159819107,4.173580346965382e-05,0.07075670598773336,4.779164043120106e-05,0.5298845668266624
986,1168.0,180.0,203,0.14365689289691133,1348.0,5.6269836622370285e-05,5.6269836622370285e-05,5.8453743408914e-05,0.0860848902008657,4.1719533636220964e-05,0.07072912296009343,4.776080456608906e-05,0.5295426775573221
987,1336.0,204.0,203,0.15808724638927207,1540.0,6.1922148996973e-05,6.1922148996973e-05,5.845910142775761e-05,0.08609278096092565,4.170328662808867e-05,0.07070157862927845,4.7729988596728056e-05,0.5292010088799368
988,1095.0,184.0,201,0.14482314201787344,1279.0,5.6726651789217954e-05,5.6726651789217954e-05,5.770129072674204e-05,0.08610068385047591,4.119392259398667e-05,0.07067407290187575,4.713181337953882e-05,0.5288595606521772
989,1593.0,186.0,201,0.1755461687069511,1779.0,6.876073979904078e-05,6.876073979904078e-05,5.770659504245823e-05,0.0861085988417139,4.117791272830401e-05,0.07064660568479235,4.710140324448712e-05,0.5285183327318062
990,1578.0,304.0,200,0.1904664948403575,1882.0,7.46049725187456e-05,7.46049725187456e-05,5.733099096970547e-05,0.08611652590692871,4.091585661670979e-05,0.0706191768852537,4.678809880230915e-05,0.5281773249766779
991,1455.0,287.0,199,0.17811738068313424,1742.0,6.976787335806276e-05,6.976787335806276e-05,5.6955694844110336e-05,0.08612446501850128,4.0654168151536404e-05,0.07059178641080205,4.647538311256676e-05,0.5278365372447389
992,1155.0,166.0,199,0.12705457134449,1321.0,4.976677295122992e-05,4.976677295122992e-05,5.696095307307883e-05,0.08613241614890353,4.0638415856799645e-05,0.07056443416929528,4.6445396515920196e-05,0.5274959693940267
993,1071.0,169.0,197,0.12275961762996333,1240.0,4.808445657264525e-05,4.808445657264525e-05,5.620639220629252e-05,0.08614037927069836,4.0132044419056454e-05,0.07053712006890528,4.585191619912488e-05,0.5271556212826709
994,1331.0,176.0,195,0.16139923152515018,1507.0,6.321944047205256e-05,6.321944047205256e-05,5.545243488315639e-05,0.08614835435653895,3.962638132610766e-05,0.07050984401811682,4.5259587187376936e-05,0.5268154927688923
995,1507.0,201.0,195,0.14578315904179806,1708.0,5.710268665953704e-05,5.710268665953704e-05,5.545757601272972e-05,0.08615634137916851,3.961107357652027e-05,0.07048260592572596,4.523038504003605e-05,0.5264755837110034
996,1261.0,182.0,195,0.16107915455185645,1443.0,6.309406758787954e-05,6.309406758787954e-05,5.5462724808352516e-05,0.0861643403114202,3.95957871083888e-05,0.07045540570083872,4.520120173434755e-05,0.5261358939674081
997,1110.0,498.0,195,0.15073372134295895,1608.0,5.904180232783351e-05,5.904180232783351e-05,5.5467881252595206e-05,0.08617235112621625,3.958052187080451e-05,0.07042824325286978,4.517203725815454e-05,0.5257964233966016
998,1434.0,253.0,195,0.16138607840038874,1687.0,6.321428844511897e-05,6.321428844511897e-05,5.547304532808548e-05,0.08618037379656783,3.956527781303136e-05,0.07040111849154115,4.514289159930795e-05,0.5254571718571703
999,1236.0,137.0,194,0.14511315709500233,1373.0,5.684024954759198e-05,5.684024954759198e-05,5.510029153054189e-05,0.08618840829557481,3.930621695031756e-05,0.07037403132688065,4.483430141928339e-05,0.5251181392077922
1000,1093.0,243.0,194,0.1438013597187385,1336.0,5.6326423704950454e-05,5.6326423704950454e-05,5.510543553460656e-05,0.0861964545964252,3.929110882460185e-05,0.07034698166922085,4.4805373672537685e-05,0.5247793253072359
1001,1120.0,234.0,193,0.14811183388839502,1354.0,5.801481938440855e-05,5.801481938440855e-05,5.473331900730258e-05,0.08620451267239496,3.903267390048308e-05,0.07031996942919735,4.449775934261615e-05,0.5244407300143618
1002,1598.0,343.0,191,0.1915776943197774,1941.0,7.504022495878473e-05,7.504022495878473e-05,5.398456209223846e-05,0.08621258249684739,3.853149423850095e-05,0.07029299451774784,4.391239397064762e-05,0.5241023531881208
1003,1228.0,272.0,190,0.1627602973777594,1500.0,6.375256458196608e-05,6.375256458196608e-05,5.361300936290374e-05,0.08622066404323295,3.8273868778944026e-05,0.07026605684611051,4.360611075250902e-05,0.5237641946875551
1004,1306.0,258.0,190,0.1522116799483104,1564.0,5.962071286655323e-05,5.962071286655323e-05,5.361804183459972e-05,0.08622875728508902,3.825921608559842e-05,0.07023915632582296,4.357797545233746e-05,0.5234262543717978
1005,1225.0,335.0,188,0.13673722256749068,1560.0,5.3559429129451896e-05,5.3559429129451896e-05,5.287115960087817e-05,0.08623686219603927,3.775983736607298e-05,0.07021229286872062,4.299546137950025e-05,0.5230885321000728
1006,912.0,177.0,188,0.11017037672239842,1089.0,4.315330071382625e-05,4.315330071382625e-05,5.287613579780852e-05,0.08624497874979338,3.774541021168285e-05,0.07018546638693571,4.2967720079231746e-05,0.522751027731695
1007,1337.0,160.0,186,0.14885688509776987,1497.0,5.83066529956012e-05,5.83066529956012e-05,5.21304965189142e-05,0.08625310692014677,3.724722543453012e-05,0.07015867679289578,4.238709723906869e-05,0.52241374112607
1008,1425.0,259.0,186,0.16317073963539364,1684.0,6.391333319051847e-05,6.391333319051847e-05,5.213541610719286e-05,0.08626124668098041,3.723302238255169e-05,0.07013192399932251,4.235974846423777e-05,0.5220766721426939
1009,975.0,213.0,184,0.1120703330395504,1188.0,4.389750608678042e-05,4.389750608678042e-05,5.139101434816382e-05,0.08626939800625996,3.6736026254577236e-05,0.07010520791923044,4.178100923393594e-05,0.5217398206411539
1010,1503.0,154.0,184,0.15608442200467296,1657.0,6.113765060895925e-05,6.113765060895925e-05,5.139587699771433e-05,0.08627756087003602,3.6722045879564394e-05,0.07007852846592562,4.1754051515946836e-05,0.5214031864811273
1011,1355.0,271.0,184,0.16917674888957054,1626.0,6.62658632548259e-05,6.62658632548259e-05,5.140074650538386e-05,0.08628573524644337,3.670808465218023e-05,0.07005188555300434,4.1727111191471505e-05,0.5210667695223823
1012,1021.0,405.0,184,0.14195179979982406,1426.0,5.5601958401811226e-05,5.5601958401811226e-05,5.140562285581434e-05,0.08629392110970062,3.669414252729962e-05,0.07002527909435206,4.1700188249287385e-05,0.5207305696247775
1013,1354.0,369.0,184,0.17850307483415787,1723.0,6.99189482311625e-05,6.99189482311625e-05,5.141050603369777e-05,0.08630211843411043,3.668021945994819e-05,0.06999870900414194,4.167328267817917e-05,0.5203945866482618
1014,867.0,273.0,184,0.11012427109069156,1140.0,4.313524132028655e-05,4.313524132028655e-05,5.1415396023775515e-05,0.08631032719405833,3.6666315405301693e-05,0.06997217519683362,4.1646394466938776e-05,0.5200588204528744
1015,1038.0,144.0,184,0.1372717191234527,1182.0,5.376878931588433e-05,5.376878931588433e-05,5.142029281083841e-05,0.08631854736401291,3.665243031868547e-05,0.06994567758717216,4.1619523604365394e-05,0.5197232708987454
1016,864.0,292.0,183,0.11349878794864811,1156.0,4.4457026223520606e-05,4.4457026223520606e-05,5.1052777296005696e-05,0.08632677891852553,3.639883140235382e-05,0.06991921609018659,4.131955191935574e-05,0.5193879378460942
1017,1207.0,134.0,183,0.11859183243411031,1341.0,4.6451951599729855e-05,4.6451951599729855e-05,5.1057652071166725e-05,0.08633502183222959,3.638507472365285e-05,0.06989279062118885,4.1292891940372435e-05,0.5190528211552311
1018,1073.0,252.0,183,0.12131486995354701,1325.0,4.7518554623402666e-05,4.7518554623402666e-05,5.106253354908485e-05,0.08634327607984064,3.637133675660841e-05,0.06986640109577245,4.126624916279733e-05,0.5187179206865563
1019,925.0,226.0,183,0.10955347167739511,1151.0,4.291166144825504e-05,4.291166144825504e-05,5.106742171485537e-05,0.08635154163615587,3.6357617457425824e-05,0.06984004742981131,4.123962357553184e-05,0.5183832363005602
1020,999.0,201.0,183,0.114087546765797,1200.0,4.468764072299138e-05,4.468764072299138e-05,5.1072316553621465e-05,0.08635981847605338,3.634391678245575e-05,0.06981372953945861,4.121301516748451e-05,0.5180487678578228
1021,889.0,361.0,183,0.12332440765721638,1250.0,4.8305682591937474e-05,4.8305682591937474e-05,5.1077218050574415e-05,0.08636810657449265,3.633023468819361e-05,0.06978744734114552,4.118642392757106e-05,0.5177145152190147
1022,1038.0,315.0,182,0.132032754487478,1353.0,5.1716707593998434e-05,5.1716707593998434e-05,5.0711607224118626e-05,0.08637640590651356,3.607825449414482e-05,0.06976120075157995,4.088891894599714e-05,0.5173804782448957
1023,942.0,177.0,182,0.12280914779681142,1119.0,4.810385734305187e-05,4.810385734305187e-05,5.0716486344435475e-05,0.08638471644723636,3.606469897300425e-05,0.06973498968774555,4.0862536817704034e-05,0.5170466567963161
1024,1187.0,236.0,181,0.13941431374014257,1423.0,5.460803515085882e-05,5.460803515085882e-05,5.035148153680292e-05,0.08639303817186125,3.581331347700316e-05,0.0697088140669003,4.056596399470866e-05,0.5167130507342156
1025,1013.0,249.0,181,0.11748035628609677,1262.0,4.6016590789697126e-05,4.6016590789697126e-05,5.035633809763265e-05,0.08640137105566806,3.579988376442074e-05,0.06968267380657557,4.053979024167166e-05,0.5163796599196234
1026,1136.0,211.0,181,0.12317195163708627,1347.0,4.824596617198836e-05,4.824596617198836e-05,5.036120114788158e-05,0.08640971507401597,3.5786472176284873e-05,0.0696565688245748,4.051363337632278e-05,0.5160464842136591
1027,1146.0,272.0,181,0.1252858647981581,1418.0,4.907397759426482e-05,4.907397759426482e-05,5.036607067323465e-05,0.08641807020234321,3.577307867050574e-05,0.06963049903897228,4.048749338776584e-05,0.5157135234775312
1028,955.0,264.0,180,0.12363531547234272,1219.0,4.842746395313072e-05,4.842746395313072e-05,5.000230584790928e-05,0.08642643641616657,3.552278607047637e-05,0.06960446436811217,4.0192600157860106e-05,0.515380777572538
1029,869.0,126.0,180,0.08946333557520295,995.0,3.504243461621737e-05,3.504243461621737e-05,5.0007152548523514e-05,0.08643481369108141,3.5509517100312156e-05,0.06957846473060726,4.0166667304629165e-05,0.5150482463600674
1030,888.0,183.0,180,0.09880929404198827,1071.0,3.870320957383011e-05,3.870320957383011e-05,5.001200563449514e-05,0.08644320200276097,3.5496265968095475e-05,0.06955250004533783,4.0140751183654266e-05,0.5147159297015967
1031,793.0,359.0,180,0.10856619725156409,1152.0,4.252494996144305e-05,4.252494996144305e-05,5.001686509179491e-05,0.0864516013269564,3.548303263256265e-05,0.06952657023145054,4.011485178413951e-05,0.5143838274586925
1032,1120.0,199.0,180,0.13594168581197758,1319.0,5.324782052956427e-05,5.324782052956427e-05,5.002173090643828e-05,0.08646001163949613,3.546981705258532e-05,0.06950067520835716,4.008896909529596e-05,0.5140519394930106
1033,1074.0,227.0,180,0.13490894290791772,1301.0,5.2843299219709254e-05,5.2843299219709254e-05,5.00266030644854e-05,0.08646843291628584,3.545661918716995e-05,0.06947481489573368,4.006310310634165e-05,0.5137202656662964
1034,1221.0,198.0,178,0.12959744409193588,1419.0,5.0762806146469206e-05,5.0762806146469206e-05,4.929791308392501e-05,0.08647686513330793,3.497237108485851e-05,0.06944898921351905,3.950398315886599e-05,0.5133888058403842
1035,796.0,221.0,178,0.10069538163357043,1017.0,3.944198262184506e-05,3.944198262184506e-05,4.9302726265480525e-05,0.0864853082666213,3.4959383465666306e-05,0.06942319808191404,3.947849461139027e-05,0.5130575598771975
1036,864.0,213.0,178,0.10396542645615417,1077.0,4.0722846242128544e-05,4.0722846242128544e-05,4.930754565648745e-05,0.08649376229236112,3.494641320504338e-05,0.06939744142138016,3.945302250949801e-05,0.512726527638749
1037,881.0,156.0,178,0.10478205741095585,1037.0,4.104271735642611e-05,4.104271735642611e-05,4.931237124338448e-05,0.08650222718673856,3.4933460263067404e-05,0.06937171915263862,3.942756684257829e-05,0.5123957089871404
1038,946.0,276.0,177,0.12418493730926755,1222.0,4.864274865227871e-05,4.864274865227871e-05,4.895164469464302e-05,0.08651070292604017,3.4685903836214115e-05,0.06934603119666918,3.913690123942004e-05,0.5120651037845624
1039,1109.0,215.0,177,0.12159583796871518,1324.0,4.762860868339803e-05,4.762860868339803e-05,4.895644677212612e-05,0.08651918948662786,3.467307220738698e-05,0.06932037747470904,3.9111649538565416e-05,0.5117347118932944
1040,965.0,192.0,177,0.11238749030889511,1157.0,4.402173533446734e-05,4.402173533446734e-05,4.896125495944632e-05,0.0865276868449386,3.466025766265923e-05,0.06929475790825179,3.908641413047736e-05,0.511404533175705
1041,1160.0,262.0,176,0.16042688250808027,1422.0,6.283857520880543e-05,6.283857520880543e-05,4.860142424380847e-05,0.08653619497748402,3.4413519664422975e-05,0.0692691724190463,3.8797017991382176e-05,0.5110745674942513
1042,1175.0,245.0,176,0.1377302260399658,1420.0,5.394838466116952e-05,5.394838466116952e-05,4.860620871422186e-05,0.08654471386085007,3.440082546480771e-05,0.06924362092909567,3.8771985588168226e-05,0.5107448147114794
1043,948.0,177.0,176,0.10232214032047161,1125.0,4.007917756383534e-05,4.007917756383534e-05,4.8610999209522846e-05,0.08655324347169698,3.438814811769045e-05,0.06921810336065616,3.8746969336226796e-05,0.5104152746900238
1044,989.0,242.0,175,0.11390736893157508,1231.0,4.46170657781336e-05,4.46170657781336e-05,4.825205884160438e-05,0.08656178378675868,3.414222342232633e-05,0.06919261963623613,3.8458835298411775e-05,0.5100859472926078
1045,886.0,186.0,174,0.10262886221696531,1072.0,4.019931931726021e-05,4.019931931726021e-05,4.789339010245686e-05,0.08657033478284257,3.389662587838259e-05,0.06916716967859494,3.817123348245012e-05,0.5097568323820434
1046,999.0,205.0,174,0.12380651113448217,1204.0,4.849452061671844e-05,4.849452061671844e-05,4.789812667457869e-05,0.08657889643682933,3.3884170175385925e-05,0.06914175341074198,3.8146604844550195e-05,0.5094279298212309
1047,899.0,275.0,172,0.10871878083084778,1174.0,4.258471634580798e-05,4.258471634580798e-05,4.7177201330608264e-05,0.08658746872567258,3.3406547502780334e-05,0.06911637075593553,3.759779800326529e-05,0.5090992394731592
1048,1272.0,216.0,170,0.1345521363936865,1488.0,5.270353951965785e-05,5.270353951965785e-05,4.645680963660319e-05,0.0865960516263985,3.2929558450552934e-05,0.06909102163768177,3.7050033773129536e-05,0.5087707612009054
1049,1022.0,242.0,170,0.1122186878193481,1264.0,4.395561606711637e-05,4.395561606711637e-05,4.646141984813073e-05,0.08660464511610583,3.291749272307701e-05,0.06906570597973374,3.702612854967382e-05,0.5084424948676352
1050,810.0,104.0,168,0.09156663397291813,914.0,3.5866288277680425e-05,3.5866288277680425e-05,4.574216366909946e-05,0.08661324917196515,3.244159662366829e-05,0.06904042370609031,3.648010610823933e-05,0.5081144403366022
1051,1193.0,282.0,168,0.14221934196393204,1475.0,5.570675360906073e-05,5.570675360906073e-05,4.574671320872277e-05,0.08662186377121896,3.242973231726902e-05,0.06901517474099508,3.645656861044525e-05,0.5077865974711491
1052,1201.0,177.0,168,0.1410027921410971,1378.0,5.5230235856285584e-05,5.5230235856285584e-05,4.575126830453957e-05,0.0866304888911813,3.241788362683329e-05,0.06898995900893558,3.643304629938886e-05,0.5074589661347055
1053,882.0,200.0,168,0.11256456432035714,1082.0,4.40910945242292e-05,4.40910945242292e-05,4.575582894460645e-05,0.08663912450923718,3.2406050516992344e-05,0.06896477643464194,3.640953916527145e-05,0.5071315461907902
1054,679.0,256.0,167,0.08619760037551585,935.0,3.3763259058173075e-05,3.3763259058173075e-05,4.539964838244307e-05,0.08664777060284286,3.216319530053084e-05,0.06893962694308613,3.6126345697534685e-05,0.5068043375030096
1055,720.0,298.0,166,0.09594355600734071,1018.0,3.758071132289099e-05,3.758071132289099e-05,4.504373323023456e-05,0.08665642714952518,3.192066008530851e-05,0.06891451045948085,3.58436744752094e-05,0.506477339935058
1056,949.0,204.0,165,0.10591666638926162,1153.0,4.1487139204567806e-05,4.1487139204567806e-05,4.468808286813597e-05,0.08666509412688114,3.16784441466686e-05,0.06888942690927856,3.556152449307782e-05,0.5061505533507179
1057,739.0,164.0,165,0.08729452176107286,903.0,3.4192918825332104e-05,3.4192918825332104e-05,4.46925572846818e-05,0.08667377151257817,3.166692471684157e-05,0.06886437621817039,3.553857967757134e-05,0.5058239776138596
1058,989.0,252.0,165,0.1140557191657345,1241.0,4.467517397796103e-05,4.467517397796103e-05,4.46970370567162e-05,0.08668245928435334,3.165542036303668e-05,0.06883935831208539,3.551564966639529e-05,0.5054976125884412
1059,910.0,103.0,165,0.09710762263716766,1013.0,3.8036671616595244e-05,3.8036671616595244e-05,4.470152217279538e-05,0.08669115742001333,3.16439310513016e-05,0.06881437311718923,3.549273444999768e-05,0.5051714581385086
1060,666.0,79.0,165,0.07401673933509845,745.0,2.8992063977711888e-05,2.8992063977711888e-05,4.4706012621511294e-05,0.08669986589743414,3.163245674779248e-05,0.06878942055988349,3.54698340188327e-05,0.5048455141281954
1061,822.0,138.0,165,0.09788738236722339,960.0,3.834210041802718e-05,3.834210041802718e-05,4.4710508391491405e-05,0.08670858469456064,3.1620997418773414e-05,0.0687645005668045,3.544694836336071e-05,0.504519780421723
1062,1003.0,107.0,165,0.1059287990379052,1110.0,4.1491891515043165e-05,4.1491891515043165e-05,4.471500947139878e-05,0.08671731378940671,3.1609553030616054e-05,0.06873961306482246,3.5424077474048205e-05,0.5041942568834
1063,919.0,340.0,163,0.12363459608065988,1259.0,4.842718217025456e-05,4.842718217025456e-05,4.400330946840239e-05,0.08672605316005436,3.113998397876849e-05,0.0687147579810405,3.488788199002413e-05,0.5038689433776232
1064,858.0,197.0,162,0.10164034182413212,1055.0,3.9812119790102673e-05,3.9812119790102673e-05,4.364993668381052e-05,0.08673480278465409,3.089988167288161e-05,0.06868993524279364,3.4609035721188174e-05,0.5035438397688763
1065,1333.0,244.0,162,0.13866120600641707,1577.0,5.4313045830950675e-05,5.4313045830950675e-05,4.3654345147092844e-05,0.08674356264142423,3.088872978524464e-05,0.06866514477764792,3.458670546536255e-05,0.5032189459217308
1066,868.0,158.0,162,0.09435917086517123,1026.0,3.696011393073687e-05,3.696011393073687e-05,4.365875874886353e-05,0.08675233270865075,3.087759238304731e-05,0.06864038651339932,3.456438961734445e-05,0.5028942617008453
1067,993.0,271.0,161,0.1280818124332499,1264.0,5.016913922179785e-05,5.016913922179785e-05,4.3306235039221886e-05,0.08676111296468716,3.063826354747263e-05,0.06861566037807296,3.428674890446249e-05,0.5025697869709659
1068,775.0,170.0,160,0.0931046983839233,945.0,3.6468742022688327e-05,3.6468742022688327e-05,4.2953969126413295e-05,0.08676990338795391,3.0399246220348673e-05,0.06859096629992209,3.4009618313141185e-05,0.502245521596926
1069,700.0,243.0,159,0.09199307801096814,943.0,3.6033324720316546e-05,3.6033324720316546e-05,4.260196041479739e-05,0.08677870395693864,3.0160539704842025e-05,0.06856630420742721,3.3732996870141733e-05,0.5019214654436461
1070,966.0,234.0,159,0.12421605152552691,1200.0,4.865493596769561e-05,4.865493596769561e-05,4.260628581709351e-05,0.08678751465019537,3.0149705527995515e-05,0.06854167402929497,3.371123184739035e-05,0.501597618376134
1071,785.0,179.0,159,0.07858364264708931,964.0,3.078090193775531e-05,3.078090193775531e-05,4.261061617916667e-05,0.08679633544634452,3.0138885358188847e-05,0.06851707569445745,3.368948086774984e-05,0.5012739802594844
1072,1026.0,177.0,159,0.11419856655591512,1203.0,4.473112673557192e-05,4.473112673557192e-05,4.261495149055356e-05,0.08680516632407269,3.0128079164259807e-05,0.06849250913207117,3.3667743922159403e-05,0.5009505509588794
1073,910.0,227.0,159,0.10938516250052296,1137.0,4.284573540952721e-05,4.284573540952721e-05,4.261929174082317e-05,0.08681400726213231,3.0117286915144475e-05,0.06846797427151609,3.3646021001564036e-05,0.5006273303395874
1074,1045.0,128.0,159,0.10873622522170967,1173.0,4.259154924469631e-05,4.259154924469631e-05,4.2623636919576753e-05,0.08682285823934148,3.0106508579876854e-05,0.0684434710423948,3.362431209691463e-05,0.5003043182669645
1075,1079.0,185.0,159,0.11098544456506428,1264.0,4.347255956328409e-05,4.347255956328409e-05,4.262798701644755e-05,0.08683171923458347,3.0095744127588465e-05,0.0684189993745316,3.360261719916788e-05,0.49998151460645324
1076,835.0,130.0,158,0.0915653710951105,965.0,3.5865793613439284e-05,3.5865793613439284e-05,4.227798007462208e-05,0.08684059022680678,2.9858707815197578e-05,0.06839455919797148,3.3328552852869025e-05,0.4996589192235831
1077,1078.0,162.0,158,0.13490550838076382,1240.0,5.28419539290105e-05,5.28419539290105e-05,4.228230373705213e-05,0.08684947119502484,2.9848051793841683e-05,0.06837015044297942,3.3307048783310485e-05,0.4993365319839702
1078,810.0,213.0,158,0.09861405683141757,1023.0,3.862673593083336e-05,3.862673593083336e-05,4.2286632246067764e-05,0.08685836211831531,2.9837409459711358e-05,0.06834577304003935,3.3285558588492014e-05,0.4990143527533176
1079,844.0,392.0,158,0.11584253193563485,1236.0,4.537506147106731e-05,4.537506147106731e-05,4.229096559151461e-05,0.08686726297582073,2.982678078255348e-05,0.06832142691985324,3.326408225946142e-05,0.4986923813974148
1080,814.0,218.0,157,0.10093071930490291,1032.0,3.953416345667956e-05,3.953416345667956e-05,4.194207505515175e-05,0.08687617374674723,2.9590723108073182e-05,0.06829711201334034,3.29915335850868e-05,0.498370617782138
1081,1100.0,193.0,157,0.12373876018524826,1293.0,4.846798283793508e-05,4.846798283793508e-05,4.194638177271152e-05,0.08688509441036507,2.958020181299311e-05,0.06827282825163622,3.2970246965287004e-05,0.4980490617734499
1082,920.0,185.0,157,0.0947672733337226,1105.0,3.711996605316201e-05,3.711996605316201e-05,4.195069325628715e-05,0.08689402494600809,2.9569693982113984e-05,0.0682485755660919,3.29489740799255e-05,0.49772771323739967
1083,871.0,113.0,156,0.08071579647214207,984.0,3.1616058155950674e-05,3.1616058155950674e-05,4.1602625286902394e-05,0.08690296533307329,2.933438517090841e-05,0.06822435388827294,3.2677595105342845e-05,0.49740657204012306
1084,1262.0,142.0,156,0.12126682180914121,1404.0,4.749973435532362e-05,4.749973435532362e-05,4.160690998031979e-05,0.086911915551021,2.932398389343436e-05,0.06820016314995866,3.26565110432399e-05,0.49708563804784184
1085,2141.0,262.0,156,0.1684662567884264,2403.0,6.598756630960689e-05,6.598756630960689e-05,4.1611199370224e-05,0.08692087557937438,2.9313595889759583e-05,0.06817600328314123,3.2635440584882076e-05,0.49676491112686455
1086,856.0,176.0,156,0.09584494582859114,1032.0,3.754208610598948e-05,3.754208610598948e-05,4.1615493446842164e-05,0.08692984539771907,2.9303221130733964e-05,0.06815187422002483,3.261438372149202e-05,0.4964443911435856
1087,1065.0,286.0,156,0.12490549922716113,1351.0,4.8924989904880974e-05,4.8924989904880974e-05,4.161979220043141e-05,0.08693882498570336,2.929285958729809e-05,0.06812777589302466,3.259334044429809e-05,0.4961240779644858
1088,1154.0,210.0,156,0.10996550404390569,1364.0,4.307305289616361e-05,4.307305289616361e-05,4.162409562127848e-05,0.08694781432303743,2.9282511230483065e-05,0.06810370823476637,3.257231074453424e-05,0.4958039714561321
1089,1025.0,232.0,154,0.11418249053232722,1257.0,4.4724829820731383e-05,4.4724829820731383e-05,4.09269856883257e-05,0.08695681338949349,2.882503917085156e-05,0.06807967117808489,3.205488727208497e-05,0.4954840714851774
1090,920.0,105.0,152,0.09558342051458613,1025.0,3.7439647675121866e-05,3.7439647675121866e-05,4.023036259357947e-05,0.08696582216490545,2.836815055936732e-05,0.06805566465602385,3.1538432091522605e-05,0.495164377918361
1091,974.0,369.0,151,0.11981938813102969,1343.0,4.69327803098432e-05,4.69327803098432e-05,3.9884379881785764e-05,0.08697484062916867,2.8135000279471095e-05,0.06803168860183459,3.127051320026867e-05,0.4948448906225077
1092,1004.0,172.0,150,0.10071280187756555,1176.0,3.9448806062501196e-05,3.9448806062501196e-05,3.95386417213379e-05,0.08698386876223956,2.7902146782973456e-05,0.06800774294897538,3.10030831856129e-05,0.49452560946452856
1093,988.0,247.0,149,0.10641281453163036,1235.0,4.168147846910707e-05,4.168147846910707e-05,3.919314755806942e-05,0.08699290654413565,2.766958942057961e-05,0.06798382763111062,3.073614112965262e-05,0.49420653431142036
1094,771.0,319.0,149,0.10023186609899046,1090.0,3.926042542067781e-05,3.926042542067781e-05,3.9197223712328086e-05,0.08700195395493517,2.7659868145356246e-05,0.06795994258210991,3.0716309722038525e-05,0.49388766503026577
1095,764.0,179.0,149,0.08686671498746965,943.0,3.402534860457095e-05,3.402534860457095e-05,3.920130419577431e-05,0.08701101097477687,2.765015916280492e-05,0.06793608773604733,3.0696491109938556e-05,0.4935690014882332
1096,606.0,97.0,148,0.0644310431542983,703.0,2.5237384705953114e-05,2.5237384705953114e-05,3.885661149129488e-05,0.0870200775838597,2.7418330339282513e-05,0.06791226302720055,3.043068950018195e-05,0.4932505435525768
1097,958.0,138.0,148,0.10153799976009455,1096.0,3.977203280849767e-05,3.977203280849767e-05,3.886066422894827e-05,0.0870291537624427,2.740872369104826e-05,0.0678884683900501,3.0411055174424844e-05,0.49293229109063624
1098,860.0,132.0,148,0.088376195906666,992.0,3.4616606308917354e-05,3.4616606308917354e-05,3.8864721230831506e-05,0.08703823949084484,2.7399129157339e-05,0.0678647037592785,3.0391433517021764e-05,0.4926142439698369
1099,1063.0,259.0,147,0.11786588819098642,1322.0,4.6167602111628053e-05,4.6167602111628053e-05,3.8520825323354727e-05,0.08704733474944445,2.7168024544001266e-05,0.0678409690697694,3.012676600039284e-05,0.49229640205768976
1100,878.0,116.0,147,0.09796336774472152,994.0,3.837186358978516e-05,3.837186358978516e-05,3.8524854432647084e-05,0.08705643951867953,2.7158531564248188e-05,0.06781726425660695,3.0107327770521104e-05,0.49197876522179107
1101,1034.0,141.0,147,0.10415284073937471,1175.0,4.079625567543075e-05,4.079625567543075e-05,3.852888774202491e-05,0.08706555377904682,2.7149050523049568e-05,0.0677935892550748,3.0087902082479473e-05,0.49166133332982276
1102,774.0,132.0,147,0.07829389130405943,906.0,3.0667407482984505e-05,3.0667407482984505e-05,3.853292524288367e-05,0.08707467751110223,2.7139581394568338e-05,0.06776994400065549,3.006848892817576e-05,0.4913441062495519
1103,774.0,343.0,146,0.1070690910095807,1117.0,4.193853936920513e-05,4.193853936920513e-05,3.819009669620232e-05,0.08708381069546055,2.6909410051252277e-05,0.0677463284290294,2.9805271200811398e-05,0.49102708384883104
1104,604.0,264.0,146,0.08901641299774503,868.0,3.486737681071094e-05,3.486737681071094e-05,3.819410613765022e-05,0.08709295331279458,2.6900041512849778e-05,0.0677227424760744,2.9786040404084557e-05,0.49071026599559797
1105,949.0,137.0,145,0.08870252163813185,1086.0,3.47444268069455e-05,3.47444268069455e-05,3.7851790029568465e-05,0.08710210534383574,2.6670372440700463e-05,0.0676991860778646,2.9523622113054412e-05,0.4903936525578756
1106,879.0,143.0,143,0.08953097835105173,1022.0,3.506893002391372e-05,3.506893002391372e-05,3.716365104100809e-05,0.08711126676937332,2.6220880106161516e-05,0.06767565917066977,2.9018788686444717e-05,0.49007724340377207
1107,834.0,128.0,143,0.10031113015388587,962.0,3.929147283740144e-05,3.929147283740144e-05,3.716756351360031e-05,0.08712043757025434,2.6211776026408796e-05,0.06765216169095463,2.900006533973439e-05,0.48976103840148066
1108,909.0,146.0,143,0.08934606477998266,1055.0,3.49965001096681e-05,3.49965001096681e-05,3.71714799777812e-05,0.08712961772738363,2.620268332376812e-05,0.06762869357537807,2.898135407360109e-05,0.4894450374192796
1109,654.0,285.0,143,0.08483644098463376,939.0,3.3230098309688114e-05,3.3230098309688114e-05,3.717540042542876e-05,0.08713880722172326,2.6193601973772887e-05,0.06760525476079218,2.8962654880250253e-05,0.48912924032553207
1110,1091.0,147.0,143,0.1026816366791634,1238.0,4.021999086532056e-05,4.021999086532056e-05,3.7179324848445294e-05,0.08714800603429236,2.6184531952031156e-05,0.06758184518424179,2.894396775189235e-05,0.4888136469886864
1111,808.0,126.0,143,0.08834940078080523,934.0,3.4606110764122694e-05,3.4606110764122694e-05,3.71832532387576e-05,0.08715721414616737,2.6175473234225274e-05,0.06755846478296341,2.892529268074286e-05,0.4884982572772755
1112,812.0,166.0,143,0.09287105026620385,978.0,3.637722297931996e-05,3.637722297931996e-05,3.718718558831642e-05,0.08716643153848092,2.6166425796111636e-05,0.06753511349438472,2.8906629659022307e-05,0.4881830710599175
1113,864.0,291.0,143,0.09810198110244825,1155.0,3.842615789363425e-05,3.842615789363425e-05,3.71911218890968e-05,0.08717565819242258,2.6157389613520364e-05,0.06751179125612365,2.888797867895621e-05,0.48786808820531474
1114,816.0,203.0,143,0.09047050100702629,1019.0,3.543693733138515e-05,3.543693733138515e-05,3.719506213309775e-05,0.08718489408923812,2.6148364662355045e-05,0.06748849800598776,2.8869339732775136e-05,0.4875533085822549
1115,665.0,194.0,143,0.08118827257270335,859.0,3.180112517536363e-05,3.180112517536363e-05,3.719900631234221e-05,0.08719413921022935,2.6139350918592397e-05,0.06746523368197335,2.8850712812714632e-05,0.48723873205960977
1116,783.0,218.0,143,0.09684572960475564,1001.0,3.793408915188235e-05,3.793408915188235e-05,3.720295441887691e-05,0.08720339353675392,2.6130348358282046e-05,0.0674419982222649,2.883209791101527e-05,0.48692435850633614
1117,768.0,217.0,142,0.08465135597887638,985.0,3.31576012451533e-05,3.31576012451533e-05,3.686377993747001e-05,0.08721265705022523,2.590342529441613e-05,0.06741879156523409,2.8573949895641822e-05,0.48661018779147525
1118,972.0,228.0,142,0.10652869881050397,1200.0,4.172686988268859e-05,4.172686988268859e-05,3.68676993926967e-05,0.08722192973211214,2.5894519952206168e-05,0.0673956136494393,2.8555513565422783e-05,0.4862962197841526
1119,1047.0,100.0,142,0.10078094815953746,1147.0,3.947549869155404e-05,3.947549869155404e-05,3.6871622715496945e-05,0.0872312115639388,2.588562562932346e-05,0.06737246441362482,2.8537089130593542e-05,0.4859824543535785
1120,766.0,187.0,140,0.07465044284771115,953.0,2.9240283136588778e-05,2.9240283136588778e-05,3.6190877289925605e-05,0.08724050252728431,2.544205326365172e-05,0.06734934379671995,2.8041388189544408e-05,0.4856688913690474
1121,865.0,98.0,139,0.08294877141724458,963.0,3.249070560800806e-05,3.249070560800806e-05,3.585266150574989e-05,0.08724980260378264,2.5216180444457723e-05,0.06732625173783852,2.7784950469434908e-05,0.48535553069993814
1122,635.0,144.0,138,0.06502882375350322,779.0,2.5471533001763894e-05,2.5471533001763894e-05,3.5514675008140345e-05,0.08725911177512245,2.4990587441771825e-05,0.06730318817627805,2.7528976840354646e-05,0.4850423722157139
1123,779.0,302.0,138,0.10406642729545346,1081.0,4.076240787130962e-05,4.076240787130962e-05,3.551846755816688e-05,0.08726843002304678,2.4982034187236296e-05,0.06728015305151895,2.7511214742028214e-05,0.484729415785922
1124,606.0,223.0,137,0.0770334111230836,829.0,3.017368238271978e-05,3.017368238271978e-05,3.51809746179303e-05,0.087277757329353,2.4756924909743732e-05,0.06725714630322403,2.7256013334081118e-05,0.48441666128019395
1125,877.0,157.0,137,0.08175141608192396,1034.0,3.202170626005639e-05,3.202170626005639e-05,3.5184738025477395e-05,0.08728709367589241,2.474846669605939e-05,0.06723416787123761,2.7238427355799612e-05,0.4841041085682454
1126,916.0,162.0,137,0.09540078812298901,1078.0,3.736811128985077e-05,3.736811128985077e-05,3.5188505069777216e-05,0.08729643904457021,2.4740018883350518e-05,0.06721121769558476,2.72208527242484e-05,0.4837917575198761
1127,583.0,271.0,137,0.07146882316349898,854.0,2.799405529318409e-05,2.799405529318409e-05,3.5192275743557454e-05,0.0873057934173451,2.473158144960709e-05,0.06718829571647086,2.72032894321064e-05,0.4834796080049697
1128,749.0,226.0,135,0.08204052111117238,975.0,3.21349475562759e-05,3.21349475562759e-05,3.4515551279153e-05,0.08731515677622942,2.429156608628072e-05,0.06716540187428065,2.6713205110379154e-05,0.4831676598934939
1129,836.0,133.0,135,0.08524360260827314,969.0,3.338958190688333e-05,3.338958190688333e-05,3.45192561460645e-05,0.0873245291032885,2.4283296274459496e-05,0.06714253610957761,2.6695969359899344e-05,0.48285591305550024
1130,623.0,177.0,135,0.07249931803417421,800.0,2.839769605725586e-05,2.839769605725586e-05,3.452296455101365e-05,0.08733391038064102,2.4275036595930642e-05,0.06711969836310329,2.6678744730177735e-05,0.4825443673611242
1131,750.0,146.0,134,0.07680287373552507,896.0,3.0083381800048987e-05,3.0083381800048987e-05,3.4187202190855445e-05,0.0873433005904581,2.4051568595744775e-05,0.06709688857577657,2.6426147731771824e-05,0.4822330226805849
1132,758.0,185.0,133,0.08269504745710841,943.0,3.2391322936587704e-05,3.2391322936587704e-05,3.385166428385959e-05,0.08735269971496387,2.382837498276538e-05,0.06707410668869314,2.6174006859289087e-05,0.48192187888418525
1133,712.0,185.0,133,0.07650736149497092,897.0,2.9967630824508782e-05,2.9967630824508782e-05,3.385531016069502e-05,0.08736210773643463,2.3820291506787085e-05,0.06705135264312453,2.6157119007403874e-05,0.4816109358423119
1134,718.0,298.0,132,0.09045126121390533,1016.0,3.542940118053479e-05,3.542940118053479e-05,3.35202562196126e-05,0.08737152463719913,2.3597572116500735e-05,0.06702862638051767,2.590573638880646e-05,0.4813001934254351
1135,970.0,95.0,132,0.08024632264809695,1065.0,3.14321671163717e-05,3.14321671163717e-05,3.352387243179767e-05,0.08738095039963814,2.3589581047357964e-05,0.06700592784249404,2.5889021628950874e-05,0.4809896515041088
1136,695.0,94.0,132,0.06971016062354597,789.0,2.7305194133782208e-05,2.7305194133782208e-05,3.352749203704168e-05,0.08739038500618418,2.358159971822338e-05,0.06698325697084924,2.5872317653702704e-05,0.48067930994897
1137,826.0,299.0,131,0.09220884192426315,1125.0,3.61178385915641e-05,3.61178385915641e-05,3.319317879213933e-05,0.08739982843932152,2.3359551937448888e-05,0.06696061370755199,2.562199177177644e-05,0.4803691686307399
1138,954.0,174.0,131,0.09750666891742304,1128.0,3.81929764658923e-05,3.81929764658923e-05,3.3196768615747416e-05,0.08740928068158609,2.3351662330578594e-05,0.06693799799474376,2.5605460088096056e-05,0.48005922742022245
1139,1066.0,287.0,131,0.12440921696355718,1353.0,4.8730598105584485e-05,4.8730598105584485e-05,3.320036177832017e-05,0.08741874171556478,2.3343782314712743e-05,0.06691540977473785,2.558893907089967e-05,0.4797494861883053
1140,552.0,168.0,131,0.06169889704566444,720.0,2.4167213883926535e-05,2.4167213883926535e-05,3.3203958273263855e-05,0.08742821152389586,2.3335911869786846e-05,0.066892848990019,2.557242871330512e-05,0.4794399448059594
1141,903.0,78.0,130,0.0781995075353646,981.0,3.06304377341812e-05,3.06304377341812e-05,3.287063836372889e-05,0.0874376900892684,2.311472960740203e-05,0.06687031558324252,2.532345283201261e-05,0.47913060314423883
1142,601.0,170.0,130,0.06491609244416906,771.0,2.5427376593877423e-05,2.5427376593877423e-05,3.2874204946702876e-05,0.0874471773944222,2.310695004051832e-05,0.0668478094972337,2.530711377002075e-05,0.47882146107428086
1143,824.0,290.0,130,0.0850713083301633,1114.0,3.332209491976627e-05,3.332209491976627e-05,3.287777480877191e-05,0.0874566734221476,2.3099179897763804e-05,0.06682533067498718,2.5290785250230566e-05,0.4785125184673061
1144,710.0,204.0,130,0.0776609819070878,914.0,3.041949937606259e-05,3.041949937606259e-05,3.288134794348534e-05,0.08746617815528551,2.3091419159492014e-05,0.06680287905966621,2.5274467265840067e-05,0.47820377519461804
1145,609.0,250.0,130,0.07690770609029197,859.0,3.012444421868076e-05,3.012444421868076e-05,3.2884924344411247e-05,0.08747569157672669,2.3083667806114592e-05,0.06678045459460219,2.5258159810051664e-05,0.47789523112760324
1146,541.0,139.0,129,0.057419258176815896,680.0,2.2490896269806463e-05,2.2490896269806463e-05,3.255284506332314e-05,0.08748521366941212,2.2863540508787262e-05,0.06675805722329384,2.5010820465266927e-05,0.4775868861377314
1147,888.0,256.0,129,0.09288714824863312,1144.0,3.638352849535179e-05,3.638352849535179e-05,3.2556391410355067e-05,0.0874947444163324,2.2855879036055758e-05,0.06673568688940666,2.4994683118248723e-05,0.47727874009655497
1148,715.0,101.0,129,0.06637754307343395,816.0,2.599982102367174e-05,2.599982102367174e-05,3.255994097127737e-05,0.08750428380052803,2.284822680396114e-05,0.06671334353677227,2.4978556183282746e-05,0.47697079287570937
1149,670.0,132.0,129,0.05999269050130732,802.0,2.349889953047682e-05,2.349889953047682e-05,3.25634937397978e-05,0.08751383180508872,2.2840583793323313e-05,0.06669102710938772,2.4962439653650975e-05,0.4766630443469127
1150,612.0,82.0,129,0.06370587596447792,694.0,2.4953339586556178e-05,2.4953339586556178e-05,3.2567049709642505e-05,0.08752338841315357,2.283294998501868e-05,0.06666873755141499,2.494633352263975e-05,0.47635549438196617
1151,1127.0,284.0,129,0.09852428156478993,1411.0,3.859157131405794e-05,3.859157131405794e-05,3.257060887455584e-05,0.08753295360791065,2.2825325359979853e-05,0.06664647480718024,2.4930237783539722e-05,0.47604814285275326
1152,822.0,126.0,129,0.07000844939573675,948.0,2.7422032665780162e-05,2.7422032665780162e-05,3.25741712283004e-05,0.08754252737259706,2.281770989919549e-05,0.06662423882117322,2.4914152429645873e-05,0.4757409896312404
1153,907.0,107.0,129,0.08489109873787866,1014.0,3.3251507535400965e-05,3.3251507535400965e-05,3.257773676465693e-05,0.08755210969049862,2.2810103583710067e-05,0.0666020295380467,2.4898077454257527e-05,0.4754340345894767
1154,523.0,150.0,129,0.059589604242542206,673.0,2.3341012237580184e-05,2.3341012237580184e-05,3.258130547742417e-05,0.08756170054494956,2.2802506394623635e-05,0.0665798469026157,2.4882012850678312e-05,0.4751272775995935
1155,816.0,140.0,129,0.09164909254377462,956.0,3.5898586973668083e-05,3.5898586973668083e-05,3.258487736041893e-05,0.08757129991933268,2.2794918313091685e-05,0.06655769085985713,2.4865958612216187e-05,0.4748207185338049
1156,697.0,141.0,129,0.07433188518362911,838.0,2.911550535982339e-05,2.911550535982339e-05,3.2588452407475896e-05,0.08758090779707882,2.278733932032485e-05,0.0665355613549089,2.484991473218343e-05,0.47451435726440744
1157,695.0,125.0,129,0.07186242565025804,820.0,2.8148227830104987e-05,2.8148227830104987e-05,3.2592030612447685e-05,0.08759052416166695,2.2779769397588768e-05,0.06651345833306953,2.4833881203896634e-05,0.47420819366378
1158,708.0,243.0,129,0.08966775258526928,951.0,3.512250395036008e-05,3.512250395036008e-05,3.259561196920466e-05,0.08760014899662381,2.277220852620383e-05,0.06649138173979738,2.4817858020676688e-05,0.4739022276043836
1159,1065.0,267.0,129,0.11817805829568011,1332.0,4.628987790665104e-05,4.628987790665104e-05,3.2599196471634945e-05,0.0876097822855238,2.276465668754497e-05,0.06646933152071012,2.4801845175848817e-05,0.473596458958762
1160,879.0,208.0,129,0.09432893012825978,1087.0,3.694826875372494e-05,3.694826875372494e-05,3.26027841136444e-05,0.08761942401198906,2.2757113863041495e-05,0.06644730762158414,2.4785842662742533e-05,0.4732908875995408
1161,1026.0,162.0,128,0.11261516195030608,1188.0,4.411091341570939e-05,4.411091341570939e-05,3.227443404429732e-05,0.08762907415968868,2.253995430255871e-05,0.06642530998835397,2.4543031871962028e-05,0.47298551339942796
1162,789.0,209.0,128,0.09369327259733637,998.0,3.6699284213606096e-05,3.6699284213606096e-05,3.227799136044463e-05,0.08763873271233918,2.253249878852567e-05,0.06640333856711152,2.452719634898322e-05,0.4726803362312136
1163,732.0,80.0,128,0.06483565352122143,812.0,2.5395868985985678e-05,2.5395868985985678e-05,3.228155176621727e-05,0.08764839965370401,2.2525052150709548e-05,0.06638139330410578,2.451137104331535e-05,0.47237535596776975
1164,431.0,72.0,127,0.047460120804890434,503.0,1.858994156086582e-05,1.858994156086582e-05,3.195390669104105e-05,0.08765807496759341,2.2308531980486037e-05,0.0663594741457419,2.4269568435548453e-05,0.4720705724820507
1165,985.0,216.0,127,0.09755900189220452,1201.0,3.821347508507815e-05,3.821347508507815e-05,3.19574366692704e-05,0.08766775863786429,2.230117202039683e-05,0.06633758103858091,2.42539093551768e-05,0.47176598564709243
1166,756.0,202.0,127,0.09075848938848402,958.0,3.5549741241082655e-05,3.5549741241082655e-05,3.196096968777511e-05,0.08767745064842006,2.2293820800211197e-05,0.0663157139293388,2.4238260378272746e-05,0.4714615953360132
1167,623.0,131.0,127,0.06463704825073714,754.0,2.5318076087245256e-05,2.5318076087245256e-05,3.196450574070431e-05,0.08768715098321023,2.2286478302068287e-05,0.06629387276488631,2.4222621498317372e-05,0.47115740142201273
1168,694.0,231.0,127,0.07851087717446334,925.0,3.075239998999739e-05,3.075239998999739e-05,3.1968044822224114e-05,0.0876968596262309,2.2279144508158994e-05,0.06627205749224803,2.4206992708795986e-05,0.47085340377837287
1169,886.0,176.0,126,0.09107457378092654,1062.0,3.567355024713143e-05,3.567355024713143e-05,3.164159059529399e-05,0.08770657656152377,2.2063636353015606e-05,0.06625026805860207,2.3966761712791258e-05,0.47054960227845705
1170,702.0,129.0,125,0.07784540265037053,831.0,3.0491736251613997e-05,3.0491736251613997e-05,3.1315344015338386e-05,0.08771630177317655,2.1848384198010687e-05,0.06622850441127923,2.3726959284186594e-05,0.4702459967957105
1171,593.0,125.0,125,0.06626590290974255,718.0,2.5956092013216823e-05,2.5956092013216823e-05,3.1318818934168173e-05,0.08772603524532241,2.18412129914374e-05,0.06620676649776266,2.371165030317226e-05,0.4699425872036601
1172,610.0,149.0,124,0.06262550382021341,759.0,2.4530162091740465e-05,2.4530162091740465e-05,3.0993022911481034e-05,0.08773577696214019,2.1626403114603007e-05,0.0661850542656872,2.3472558142356275e-05,0.4696393733759143
1173,654.0,200.0,124,0.08426684323718966,854.0,3.3006989125417025e-05,3.3006989125417025e-05,3.0996467119777333e-05,0.08774552690785405,2.161931687405232e-05,0.06616336766283874,2.3457413304677957e-05,0.4693363551861631
1174,611.0,160.0,124,0.0718962970020257,771.0,2.816149510459291e-05,2.816149510459291e-05,3.0999914229407916e-05,0.08775528506673312,2.1612238991008545e-05,0.0661417066371538,2.3442278238670317e-05,0.469033532508178
1175,910.0,196.0,124,0.09596595472368045,1106.0,3.7589484811469035e-05,3.7589484811469035e-05,3.100336423483177e-05,0.08776505142309178,2.1605169448508617e-05,0.0661200711367189,2.3427152938028542e-05,0.46873090521581195
1176,759.0,111.0,124,0.06536822760767183,870.0,2.5604476148715953e-05,2.5604476148715953e-05,3.100681713052365e-05,0.08777482596128904,2.159810822963826e-05,0.0660984611097699,2.341203739645187e-05,0.4684284731829993
1177,637.0,76.0,124,0.06597205339134912,713.0,2.5840992319369026e-05,2.5840992319369026e-05,3.101027291097417e-05,0.08778460866572876,2.1591055317531877e-05,0.06607687650469163,2.339693160764361e-05,0.4681262362837557
1178,626.0,217.0,124,0.06972110665423005,843.0,2.7309481650697237e-05,2.7309481650697237e-05,3.10137315706896e-05,0.0877943995208592,2.158401069537231e-05,0.06605531727001718,2.338183556531113e-05,0.46782419439217815
1179,951.0,233.0,123,0.098282626622815,1184.0,3.849691602930474e-05,3.849691602930474e-05,3.0689590835948055e-05,0.08780419851117295,2.1370566994877224e-05,0.06603378335442742,2.314485075946273e-05,0.46752234738244486
1180,570.0,265.0,123,0.0743049963958448,835.0,2.9104973128023815e-05,2.9104973128023815e-05,3.069301864691075e-05,0.08781400562120698,2.1363606133742243e-05,0.06601227470675056,2.312991736337888e-05,0.4672206951288152
1181,767.0,196.0,123,0.07898992809921343,963.0,3.094004234203425e-05,3.094004234203425e-05,3.069644929051343e-05,0.08782382083554206,2.1356653433569088e-05,0.06599079127596126,2.3114993602540504e-05,0.4669192375056297
1182,731.0,129.0,123,0.08225330922957103,860.0,3.221829582043519e-05,3.221829582043519e-05,3.069988276138212e-05,0.08783364413880304,2.134970887789175e-05,0.06596933301118055,2.3100079470730807e-05,0.46661797438730995
1183,548.0,226.0,123,0.06281806685497134,774.0,2.4605588270650738e-05,2.4605588270650738e-05,3.07033190541581e-05,0.08784347551565838,2.134277245029129e-05,0.06594789986167486,2.3085174961736993e-05,0.4663169056483585
1184,617.0,112.0,123,0.059241342087088304,729.0,2.3204599329059264e-05,2.3204599329059264e-05,3.0706758163497864e-05,0.08785331495082012,2.1335844134395736e-05,0.06592649177685579,2.3070280069350284e-05,0.46601603116335905
1185,635.0,145.0,123,0.06364108356141615,780.0,2.4927960658604054e-05,2.4927960658604054e-05,3.071020008407317e-05,0.0878631624290439,2.1328923913879884e-05,0.06590510870627941,2.3055394787365907e-05,0.465715350806976
1186,788.0,156.0,122,0.07217616242516031,944.0,2.827111728365073e-05,2.827111728365073e-05,3.0387694714558892e-05,0.08787301793512842,2.111682950981981e-05,0.06588375059964574,2.2820491715301124e-05,0.46541486445395486
1187,544.0,242.0,122,0.06451726596787198,786.0,2.527115784092126e-05,2.527115784092126e-05,3.0391105654626213e-05,0.08788288145391544,2.1109991869397722e-05,0.06586241740679832,2.2805767600414643e-05,0.4651145719791217
1188,706.0,234.0,122,0.07994567769268217,940.0,3.1314405676726273e-05,3.1314405676726273e-05,3.0394519360368955e-05,0.08789275297028991,2.110316219822514e-05,0.06584110907772352,2.2791052985742346e-05,0.4648144732573835
1189,461.0,116.0,122,0.04631888881114461,577.0,1.8142925503777755e-05,1.8142925503777755e-05,3.0397935826574877e-05,0.08790263246917944,2.1096340480317554e-05,0.0658198255625502,2.2776347865154566e-05,0.46451456816372805
1190,623.0,167.0,122,0.06600458608297294,790.0,2.5853735245974514e-05,2.5853735245974514e-05,3.040135504804648e-05,0.08791251993555425,2.1089526699735872e-05,0.065798566811549,2.276165223252557e-05,0.4642148565732235
1191,810.0,153.0,121,0.08069917418146565,963.0,3.1609547270452665e-05,3.1609547270452665e-05,3.007999533220394e-05,0.08792241535442714,2.0878404784348312e-05,0.06577733277513192,2.2528261070129374e-05,0.46391533836101895
1192,725.0,222.0,121,0.08520240929358197,947.0,3.337344664848491e-05,3.337344664848491e-05,3.0083383466093012e-05,0.08793231871085329,2.0871672710849357e-05,0.06575612340385183,2.2513725506727516e-05,0.46361601340234376
1193,686.0,133.0,121,0.06825200736300434,819.0,2.6734041270271968e-05,2.6734041270271968e-05,3.0086774310477383e-05,0.08794222998993004,2.0864948450669133e-05,0.0657349386484019,2.2499199321883677e-05,0.46331688157250805
1194,1239.0,129.0,121,0.10245200177897082,1368.0,4.013004378338066e-05,4.013004378338066e-05,3.009016786027292e-05,0.08795214917679672,2.0858231988201482e-05,0.06571377845961499,2.2484682509546665e-05,0.4630179427469021
1195,1061.0,224.0,121,0.10123092799129105,1285.0,3.965175401147319e-05,3.965175401147319e-05,3.0093564110409844e-05,0.08796207625663462,2.08515233078845e-05,0.06569264278846337,2.247017506366921e-05,0.462719196800997
1196,561.0,262.0,121,0.06831790806308291,823.0,2.6759854313781006e-05,2.6759854313781006e-05,3.00969630558327e-05,0.08797201121466686,2.0844822394200288e-05,0.065671531586058,2.245567697820793e-05,0.46242064361034374
1197,704.0,123.0,120,0.07083130405620433,827.0,2.774434158096527e-05,2.774434158096527e-05,2.9776972402801266e-05,0.08798195403615802,2.063484302744375e-05,0.06565044480364814,2.2224054792517128e-05,0.46212228305057385
1198,806.0,185.0,120,0.0923313928413725,991.0,3.616584130096847e-05,3.616584130096847e-05,2.978034014834471e-05,0.08799190470641424,2.0628222820274855e-05,0.06562938239262071,2.2209715507453034e-05,0.46182411499739917
1199,682.0,220.0,119,0.08231333429802906,902.0,3.224180740228322e-05,3.224180740228322e-05,2.9460778346169634e-05,0.08800186321078293,2.0418665037000204e-05,0.06560834430450005,2.1978772202731383e-05,0.4615261393266115
1200,648.0,163.0,119,0.07039340157007108,811.0,2.7572816909546057e-05,2.7572816909546057e-05,2.9464114817100385e-05,0.08801182953465275,2.04121251063765e-05,0.0655873304909471,2.196459117758021e-05,0.46122835591408307
1201,764.0,96.0,119,0.08174671492946753,860.0,3.201986483723758e-05,3.201986483723758e-05,2.9467453900922766e-05,0.0880218036634532,2.0405592715495427e-05,0.0655663409037591,2.1950419302233784e-05,0.4609307646357659
1202,878.0,209.0,119,0.08516272365113017,1087.0,3.33579019393381e-05,3.33579019393381e-05,2.9470795592772717e-05,0.08803178558265495,2.0399067849397544e-05,0.065545375494869,2.193625657078853e-05,0.4606333653676923
1203,798.0,94.0,119,0.06828979520861263,892.0,2.6748842619903104e-05,2.6748842619903104e-05,2.9474139887799738e-05,0.08804177527776913,2.039255049316552e-05,0.06552443421634511,2.1922102977344653e-05,0.46033615798597427
1204,828.0,128.0,119,0.06796339252903966,956.0,2.662099198160582e-05,2.662099198160582e-05,2.947748678116697e-05,0.08805177273434761,2.038604063192392e-05,0.06550351702039035,2.1907958516006193e-05,0.4600391423668041
1205,694.0,199.0,118,0.0692497709584805,893.0,2.7124861323337448e-05,2.7124861323337448e-05,2.9159275313957287e-05,0.08806177793798266,2.0177609156813774e-05,0.06548262385934206,2.1678759578736746e-05,0.45974231838645374
1206,771.0,351.0,118,0.08430667513251315,1122.0,3.3022591121235074e-05,3.3022591121235074e-05,2.9162590826928055e-05,0.08807179087430698,2.017117859546883e-05,0.06546175468567125,2.1664772126116707e-05,0.459445685921275
1207,647.0,377.0,118,0.0852069208269442,1024.0,3.337521379825468e-05,3.337521379825468e-05,2.9165908895625557e-05,0.08808181152899323,2.0164755410914393e-05,0.06544090945198233,2.1650793698405594e-05,0.45914924484769953
1208,599.0,171.0,116,0.06418651253980899,770.0,2.5141603031652562e-05,2.5141603031652562e-05,2.852746879316159e-05,0.08809183988775422,1.9755489922844128e-05,0.06542008811101245,2.120823462704973e-05,0.45885299504223864
1209,760.0,145.0,116,0.07809434551041575,905.0,3.058924618504338e-05,3.058924618504338e-05,2.853071884519e-05,0.08810187593634267,1.9749209516897118e-05,0.06539929061563111,2.1194550764007515e-05,0.45855693638148337
1210,866.0,91.0,116,0.08011464841400472,957.0,3.138059083979816e-05,3.138059083979816e-05,2.8533971382874365e-05,0.08811191966055099,1.9742936297623446e-05,0.06537851691883968,2.1180875729993788e-05,0.4582610687421043
1211,953.0,181.0,116,0.09517540001069111,1134.0,3.7279827657928365e-05,3.7279827657928365e-05,2.8537226401626577e-05,0.08812197104621126,1.973667025087017e-05,0.06535776697377085,2.116720951931194e-05,0.4579653920008518
1212,795.0,161.0,116,0.07796414644960697,956.0,3.0538247728008996e-05,3.0538247728008996e-05,2.854048389687129e-05,0.08813203007919498,1.9730411362523918e-05,0.06533704073368832,2.1153552126269016e-05,0.45766990603455543
1213,523.0,168.0,116,0.056348441237214074,691.0,2.2071461510855495e-05,2.2071461510855495e-05,2.8543743864045902e-05,0.08814209674541298,1.972415961851065e-05,0.06531633815198608,2.1139903545175754e-05,0.4573746107201245
1214,435.0,160.0,115,0.053116221983280684,595.0,2.080541401616948e-05,2.080541401616948e-05,2.8227477189093977e-05,0.08815217103081538,1.9517491183770482e-05,0.06529565918218823,2.0913494502923664e-05,0.45707950593454755
1215,578.0,88.0,115,0.055913392204056535,666.0,2.1901054525678236e-05,2.1901054525678236e-05,2.8230705542212513e-05,0.08816225292139124,1.95113170877402e-05,0.06527500377794822,2.0900000810518587e-05,0.45678459155489265
1216,527.0,68.0,114,0.056493060590637204,595.0,2.2128108339458365e-05,2.2128108339458365e-05,2.7914854716955768e-05,0.08817234240316865,1.9305057666342268e-05,0.06525437189304853,2.0674251561601037e-05,0.4564898674583071
1217,693.0,139.0,114,0.07097141383964717,832.0,2.7799222028847306e-05,2.7799222028847306e-05,2.7918051387574306e-05,0.08818243946221431,1.929896080932352e-05,0.06523376348140034,2.0660912232239392e-05,0.4561953335220175
1218,813.0,140.0,114,0.07032537170923334,953.0,2.754616988219089e-05,2.754616988219089e-05,2.7921250452713367e-05,0.08819254408463385,1.929287088310777e-05,0.06521317849704275,2.0647581509608076e-05,0.4559009896233297
1219,913.0,135.0,114,0.0834853586318968,1048.0,3.2700884697178535e-05,3.2700884697178535e-05,2.79244519079862e-05,0.08820265625657123,1.9286787874135573e-05,0.06519261689414257,2.0634259388153886e-05,0.4556068356396285
1220,712.0,128.0,114,0.06856215655868392,840.0,2.685552548322911e-05,2.685552548322911e-05,2.79276557490182e-05,0.08821277596420873,1.9280711768885122e-05,0.06517207862699377,2.062094586232723e-05,0.4553128714483781
1221,613.0,93.0,113,0.06198187828517461,706.0,2.4278056515932085e-05,2.4278056515932085e-05,2.761289280052902e-05,0.08822290319376716,1.9075374089989935e-05,0.06515156365001708,2.039663156448108e-05,0.45501909692712156
1222,759.0,214.0,113,0.08658480774437652,973.0,3.3914926652713087e-05,3.3914926652713087e-05,2.761606487282083e-05,0.08823303793150529,1.906937442648734e-05,0.06513107191775935,2.038347135960034e-05,0.45472551195348115
1223,1134.0,355.0,113,0.12517722716852112,1489.0,4.903142466452061e-05,4.903142466452061e-05,2.7619239290809336e-05,0.08824318016371976,1.906338155540926e-05,0.06511060338489348,2.0370319645876184e-05,0.45443211640515785
1224,780.0,174.0,113,0.07967535718186954,954.0,3.120852220206406e-05,3.120852220206406e-05,2.7622416050217408e-05,0.08825332987674522,1.9057395463521258e-05,0.06509015800621748,2.035717641783e-05,0.4541389101599317
1225,538.0,162.0,113,0.048823996112489734,700.0,1.9124166123184384e-05,1.9124166123184384e-05,2.7625595146779756e-05,0.08826348705695411,1.9051416137625492e-05,0.06506973573665441,2.0344041669986703e-05,0.45384589309566165
1226,610.0,89.0,113,0.06119559512444234,699.0,2.3970072512511687e-05,2.3970072512511687e-05,2.762877657624277e-05,0.08827365169075618,1.9045443564560548e-05,0.06504933653125171,2.033091539687474e-05,0.45355306509028526
1227,536.0,122.0,113,0.047781197507222296,658.0,1.871570603494802e-05,1.871570603494802e-05,2.763196033436467e-05,0.088283823764599,1.9039477731201348e-05,0.06502896034518094,2.0317797593026095e-05,0.4532604260218191
1228,879.0,165.0,113,0.08891535662264355,1044.0,3.4827793428375854e-05,3.4827793428375854e-05,2.7635146416915324e-05,0.08829400326496734,1.9033518624458973e-05,0.06500860713373714,2.0304688252976272e-05,0.4529679757683582
1229,658.0,110.0,113,0.0634395942191266,768.0,2.4849038080347275e-05,2.4849038080347275e-05,2.7638334819676194e-05,0.088304190178383,1.9027566231280565e-05,0.06498827685233854,2.0291587371264307e-05,0.45267571420807645
1230,936.0,249.0,113,0.09953291047513596,1185.0,3.8986647267973346e-05,3.8986647267973346e-05,2.7641525538440408e-05,0.08831438449140508,1.9021620538649182e-05,0.06496796945652604,2.0278494942432756e-05,0.4523836412192262
1231,649.0,160.0,113,0.07076755536625967,809.0,2.7719371471312054e-05,2.7719371471312054e-05,2.764471856901269e-05,0.08832458619062972,1.901568153358368e-05,0.06494768490196279,2.0265410961027693e-05,0.4520917566801384
1232,652.0,96.0,113,0.0657452077839415,748.0,2.5752137792378182e-05,2.5752137792378182e-05,2.7647913907209186e-05,0.08833479526268954,1.9009749203138585e-05,0.06492742314443378,2.025233542159872e-05,0.4518000604692225
1233,888.0,156.0,113,0.07454885929557718,1044.0,2.9200493261095646e-05,2.9200493261095646e-05,2.7651111548857618e-05,0.08834501169425417,1.9003823534403968e-05,0.0649071841398454,2.023926831869895e-05,0.45150855246496646
1234,783.0,230.0,113,0.0746607382463989,1013.0,2.9244315803524837e-05,2.9244315803524837e-05,2.7654311489797114e-05,0.08835523547202966,1.899790451450529e-05,0.06488696784422492,2.022620964688501e-05,0.4512172325459366
1235,948.0,105.0,113,0.08565027765425894,1053.0,3.3548874913536596e-05,3.3548874913536596e-05,2.765751372587822e-05,0.08836546658275854,1.8991992130603334e-05,0.06486677421372025,2.0213159400717036e-05,0.4509261005907775
1236,612.0,99.0,113,0.05754279568230547,711.0,2.2539285421976292e-05,2.2539285421976292e-05,2.7660718252962876e-05,0.08837570501321976,1.898608636989403e-05,0.06484660320459934,2.0200117574758685e-05,0.4506351564782122
1237,677.0,300.0,113,0.0919646343248384,977.0,3.602218344098644e-05,3.602218344098644e-05,2.76639250669243e-05,0.0883859507502283,1.8980187219608348e-05,0.06482645477324982,2.018708416357711e-05,0.4503444000870418
1238,601.0,155.0,113,0.060364952216863436,756.0,2.3644712971744393e-05,2.3644712971744393e-05,2.7667134163647034e-05,0.0883962037806353,1.8974294667012153e-05,0.0648063288761785,2.017405916174298e-05,0.4500538312961459
1239,647.0,102.0,112,0.0617296664533422,749.0,2.4179266139186135e-05,2.4179266139186135e-05,2.735630798672487e-05,0.08840646409132791,1.87720509414824e-05,0.06478622547001121,1.995446264198204e-05,0.44976344998448187
1240,897.0,176.0,111,0.08706554528988529,1073.0,3.410322964742863e-05,3.410322964742863e-05,2.7045662742680752e-05,0.08841673166922892,1.857003386788333e-05,0.06476614451149196,1.973524991975233e-05,0.4494732560310855
1241,556.0,89.0,110,0.051232503766496705,645.0,2.0067569042889428e-05,2.0067569042889428e-05,2.6735198064157784e-05,0.08842700650129716,1.8368243009575042e-05,0.06474608595748292,1.9516420336346985e-05,0.4491832493150704
1242,715.0,99.0,110,0.06448225401281306,814.0,2.525744379663653e-05,2.525744379663653e-05,2.6738306766749658e-05,0.0884372885745267,1.8362558810325986e-05,0.06472604976496374,1.950382805661917e-05,0.44889342971562834
1243,413.0,51.0,110,0.04450371903730225,464.0,1.7431930684411377e-05,1.7431930684411377e-05,2.6741417654727267e-05,0.08844757787594727,1.8356880942783604e-05,0.06470603589103129,1.949124390161434e-05,0.448603797112029
1244,510.0,115.0,110,0.061365657586052245,625.0,2.4036685305935075e-05,2.4036685305935075e-05,2.6744530724179797e-05,0.0884578743926238,1.8351209394809524e-05,0.0646860442928991,1.947866786609029e-05,0.44831435138361986
1245,473.0,71.0,110,0.04860615911657512,544.0,1.9038840233676113e-05,1.9038840233676113e-05,2.6747645971207145e-05,0.08846817811165665,1.8345544154298408e-05,0.06466607492789717,1.9466099944808224e-05,0.44802509240982635
1246,704.0,200.0,110,0.08550012018348085,904.0,3.3490058826275305e-05,3.3490058826275305e-05,2.6750763391919766e-05,0.08847848902018109,1.8339885209177767e-05,0.06464612775347124,1.9453540132532706e-05,0.44773602007015156
1247,889.0,141.0,110,0.07281813689832091,1030.0,2.8522576145053235e-05,2.8522576145053235e-05,2.6753882982438698e-05,0.0884888071053674,1.8334232547407916e-05,0.06462620272718274,1.9440988424031696e-05,0.44744713424417665
1248,636.0,223.0,110,0.0674566938970257,859.0,2.6422520132011634e-05,2.6422520132011634e-05,2.6757004738895547e-05,0.08849913235442083,1.8328586156981803e-05,0.0646062998067081,1.9428444814076514e-05,0.44715843481156003
1249,660.0,117.0,110,0.06397232957038138,777.0,2.5057708409863445e-05,2.5057708409863445e-05,2.6760128657432416e-05,0.08850946475458134,1.8322946025924944e-05,0.06458641894983852,1.941590929744186e-05,0.44686992165203815
1250,491.0,136.0,110,0.05500555296462948,627.0,2.1545457487124746e-05,2.1545457487124746e-05,2.676325473420186e-05,0.08851980429312344,1.831731214229526e-05,0.06456656011447949,1.9403381868905804e-05,0.44658159464542474
1251,556.0,51.0,110,0.04973066572379788,607.0,1.94793050230309e-05,1.94793050230309e-05,2.6766382965366847e-05,0.08853015095735611,1.8311684494182988e-05,0.06454672325865034,1.9390862523249786e-05,0.4462934536716113
1252,721.0,119.0,110,0.06525098471656597,840.0,2.5558552572097913e-05,2.5558552572097913e-05,2.6769513347100824e-05,0.08854050473462298,1.8306063069710584e-05,0.06452690834048402,1.9378351255258623e-05,0.44600549861056676
1253,711.0,183.0,110,0.07080366975220172,894.0,2.7733517333412346e-05,2.7733517333412346e-05,2.6772645875587504e-05,0.08855086561230163,1.8300447857032578e-05,0.06450711531822652,1.9365848059720473e-05,0.4457177293423374
1254,662.0,139.0,109,0.06523219752130108,801.0,2.5551193702037242e-05,2.5551193702037242e-05,2.6464934526157132e-05,0.08856123357780409,1.8100842561962748e-05,0.06448734415023652,1.9150361955154198e-05,0.4454301457470471
1255,538.0,105.0,109,0.05363316194956371,643.0,2.1007897355880813e-05,2.1007897355880813e-05,2.646803492080663e-05,0.0885716086185761,1.809529914914559e-05,0.06446759479498505,1.9138005861645644e-05,0.44514274770489687
1256,580.0,193.0,108,0.06741690429834293,773.0,2.640693470362042e-05,2.640693470362042e-05,2.616071127947195e-05,0.08858199072209771,1.789607614780456e-05,0.06444786721105508,1.8923138463010485e-05,0.4448555350961652
1257,859.0,148.0,108,0.07453263334678965,1007.0,2.9194137621147533e-05,2.9194137621147533e-05,2.6163779483859634e-05,0.08859237987588256,1.7890604167466595e-05,0.06442816135714106,1.891092897742103e-05,0.44456850780120766
1258,726.0,61.0,108,0.06583369492827726,787.0,2.578679785674785e-05,2.578679785674785e-05,2.616684976670736e-05,0.08860277606747789,1.7885138209745368e-05,0.0644084771920487,1.889872736957018e-05,0.44428166570045713
1259,833.0,103.0,108,0.07486584067874483,936.0,2.9324653614862838e-05,2.9324653614862838e-05,2.616992212434751e-05,0.0886131792844649,1.7879678263232636e-05,0.0643888146746943,1.8886533634375104e-05,0.44399500867442354
1260,652.0,82.0,108,0.06282301414351665,734.0,2.460752610400182e-05,2.460752610400182e-05,2.6172996553122243e-05,0.08862358951445787,1.7874224316550854e-05,0.0643691737641047,1.8874347766756242e-05,0.443708536603694
1261,598.0,125.0,108,0.05876102604792366,723.0,2.3016461436711186e-05,2.3016461436711186e-05,2.6176073049383604e-05,0.08863400674510459,1.786877635835298e-05,0.06434955441941662,1.8862169761637324e-05,0.44342224936893276
1262,1144.0,160.0,107,0.10703036242041163,1304.0,4.192336953404294e-05,4.192336953404294e-05,2.586997723665408e-05,0.08864443096408617,1.767057449400957e-05,0.06432995659987646,1.864888597062365e-05,0.4431361468508808
1263,649.0,122.0,107,0.06429495671499806,771.0,2.518408018605486e-05,2.518408018605486e-05,2.5873021475023702e-05,0.08865486215911683,1.766519713787769e-05,0.06431038026483975,1.863685343675181e-05,0.4428502289303563
1264,629.0,130.0,107,0.06154449057501899,759.0,2.4106733480226787e-05,2.4106733480226787e-05,2.5876067745706527e-05,0.08866530031794362,1.7659825672115607e-05,0.06429082537377101,1.8624828666446737e-05,0.44256449548825416
1265,733.0,95.0,106,0.06538807104360846,828.0,2.5612248744069116e-05,2.5612248744069116e-05,2.5570563182439368e-05,0.08867574542834683,1.7462159802478928e-05,0.06427129188624311,1.8412395552322615e-05,0.44227894640554627
1266,1000.0,255.0,106,0.1029685790500513,1255.0,4.033238505681602e-05,4.033238505681602e-05,2.557357713849143e-05,0.08868619747813933,1.7456858464623132e-05,0.06425177976193709,1.8400515605526113e-05,0.4419935815632812
1267,368.0,60.0,106,0.035551772040838085,428.0,1.3925488460962822e-05,1.3925488460962822e-05,2.5576593092082902e-05,0.08869665645516665,1.7451562920113117e-05,0.06423228896064163,1.8388643323844968e-05,0.4417084008425844
1268,802.0,79.0,106,0.06794536695433462,881.0,2.6613931435305374e-05,2.6613931435305374e-05,2.5579611039718366e-05,0.08870712234730713,1.7446273158052877e-05,0.06421281944225284,1.8376778702333533e-05,0.4414234041246578
1269,677.0,129.0,106,0.06883645053349823,806.0,2.696296534802124e-05,2.696296534802124e-05,2.5582630977911715e-05,0.08871759514247132,1.7440989167575465e-05,0.06419337116677377,1.8364921736049356e-05,0.4411385912907802
1270,579.0,83.0,105,0.0543369420031709,662.0,2.1283565218633334e-05,2.1283565218633334e-05,2.52781294782844e-05,0.08872807482860227,1.7244171808615935e-05,0.06417394409431405,1.8153811155867244e-05,0.44085396222230705
1271,550.0,128.0,105,0.061606230755187376,678.0,2.4130916864546563e-05,2.4130916864546563e-05,2.5281117041693324e-05,0.08873856139367545,1.7238957249381798e-05,0.06415453818508966,1.8142098051503796e-05,0.44056951680067
1272,609.0,237.0,105,0.06958911825875452,846.0,2.725778231835273e-05,2.725778231835273e-05,2.5284106561457528e-05,0.08874905482569809,1.7233748366255815e-05,0.06413515339942233,1.813039250460653e-05,0.44028525490737763
1273,780.0,139.0,105,0.08409544762009126,919.0,3.293985414026293e-05,3.293985414026293e-05,2.5287098034169565e-05,0.0887595551127098,1.7228545148604405e-05,0.06411578969773934,1.811869451029925e-05,0.4400011764240146
1274,864.0,160.0,105,0.09202999215628141,1024.0,3.6047783844998595e-05,3.6047783844998595e-05,2.529009145643102e-05,0.08877006224278192,1.722334758582225e-05,0.06409644704057317,1.8107004063708925e-05,0.43971728123224224
1275,533.0,148.0,105,0.053487611395982175,681.0,2.095088577985984e-05,2.095088577985984e-05,2.529308682485261e-05,0.08878057620401779,1.7218155667332177e-05,0.064077125388561,1.8095321159965645e-05,0.43943356921379806
1276,577.0,115.0,104,0.05946868172450557,692.0,2.3293647365650437e-05,2.3293647365650437e-05,2.4989785572231554e-05,0.08879109698455236,1.7022335729606487e-05,0.06405782470244449,1.7885757721632064e-05,0.4391500402504961
1277,838.0,158.0,104,0.08534550081330115,996.0,3.342949503067025e-05,3.342949503067025e-05,2.499274850630538e-05,0.08880162457255215,1.701721244391275e-05,0.06403854494306933,1.7874217569263284e-05,0.43886669422422636
1278,628.0,92.0,103,0.06806069397848905,720.0,2.6659104574417956e-05,2.6659104574417956e-05,2.468982056523361e-05,0.0888121589562153,1.6821760983601898e-05,0.06401928607138498,1.766525149394907e-05,0.4385835310169552
1279,571.0,58.0,103,0.05758879555208128,629.0,2.255730338898601e-05,2.255730338898601e-05,2.4692751014606376e-05,0.08882270012377137,1.6816705984654447e-05,0.06400004804844416,1.7653853615422154e-05,0.43830055051072525
1280,701.0,152.0,103,0.06753248635955975,853.0,2.645220773974138e-05,2.645220773974138e-05,2.469568334664095e-05,0.08883324806348114,1.6811656453733496e-05,0.06398083083540268,1.7642463090973095e-05,0.43801775258765496
1281,776.0,125.0,103,0.07790481840300492,901.0,3.0515009166864443e-05,3.0515009166864443e-05,2.4698617557096616e-05,0.08884380276009025,1.6806612380659272e-05,0.06396163439351894,1.7631079915856943e-05,0.43773513712993917
1282,541.0,154.0,103,0.05407491560148703,695.0,2.118093051370428e-05,2.118093051370428e-05,2.4701553637806193e-05,0.08885436418422042,1.680157375527888e-05,0.06394245868415367,1.761970408533179e-05,0.4374527040198484
1283,978.0,82.0,102,0.08776810957862649,1060.0,3.437842129989287e-05,3.437842129989287e-05,2.4399607795430045e-05,0.08886493230305977,1.660695255293953e-05,0.06392330366876953,1.7412032431412755e-05,0.4371704531397295
1284,657.0,218.0,99,0.07163052395326429,875.0,2.8057392852825807e-05,2.8057392852825807e-05,2.348846258054102e-05,0.08887550708391623,1.6033662825481005e-05,0.06390416930893071,1.681256321767378e-05,0.43688838437200483
1285,590.0,159.0,99,0.07724114603883786,749.0,3.0255051327394382e-05,3.0255051327394382e-05,2.3491259088466047e-05,0.08888608849421707,1.6028867155527966e-05,0.0638850555663028,1.6801715506088877e-05,0.43660649759917297
1286,660.0,95.0,98,0.06291409648883957,755.0,2.4643202698331204e-05,2.4643202698331204e-05,2.3189775260673215e-05,0.08889667650150818,1.5834933265254412e-05,0.06386596240265222,1.6595245294725964e-05,0.436324792703808
1287,706.0,99.0,97,0.06926385355485928,805.0,2.7130377420626432e-05,2.7130377420626432e-05,2.288845686082908e-05,0.08890727107345407,1.564120876123833e-05,0.06384688977984587,1.6389132117801005e-05,0.43604326956856
1288,492.0,173.0,97,0.05206664064517135,665.0,2.039429715831232e-05,2.039429715831232e-05,2.2891186029291972e-05,0.08891787217783655,1.5636541373567433e-05,0.06382783765985102,1.637855761015223e-05,0.43576192807615477
1289,609.0,218.0,97,0.06608575630265835,827.0,2.5885529299905348e-05,2.5885529299905348e-05,2.289391687121373e-05,0.08892847978255507,1.5631878999381738e-05,0.0638088060047347,1.636798992533039e-05,0.4354807681093935
1290,748.0,203.0,97,0.07742099801125463,951.0,3.032549863347224e-05,3.032549863347224e-05,2.2896649378360372e-05,0.08893909385562578,1.5627221629412828e-05,0.06378979477666351,1.635742905893329e-05,0.43519978955115335
1291,590.0,174.0,97,0.06480974526592706,764.0,2.5385720824883298e-05,2.5385720824883298e-05,2.289938354252781e-05,0.08894971436518095,1.5622569254416585e-05,0.06377080393790328,1.634687500656159e-05,0.43491899228438685
1292,495.0,66.0,97,0.04638527515757238,561.0,1.8168928773040494e-05,1.8168928773040494e-05,2.2902119355541833e-05,0.08896034127946892,1.561792186517311e-05,0.06375183345081871,1.633632776381878e-05,0.43463837619212203
1293,389.0,118.0,96,0.04214205233012037,507.0,1.650687517826885e-05,1.650687517826885e-05,2.260196806266761e-05,0.08897097456685303,1.5425165482422516e-05,0.06373288327787296,1.6131716856951256e-05,0.4343579411574625
1294,542.0,98.0,96,0.05051957788304765,640.0,1.9788318794769938e-05,1.9788318794769938e-05,2.2604670927900814e-05,0.08898161419581163,1.5420583910600662e-05,0.0637139533816275,1.6121308437392154e-05,0.43407768706358735
1295,581.0,98.0,96,0.0568739894007602,679.0,2.2277316647379633e-05,2.2277316647379633e-05,2.2607375396153408e-05,0.08899226013493743,1.5416007237277874e-05,0.06369504372474151,1.6110906733497513e-05,0.4337976137937507
1296,660.0,77.0,95,0.05737341085442644,737.0,2.247293805500448e-05,2.247293805500448e-05,2.2307785343275727e-05,0.08900291235293678,1.5223759241721739e-05,0.06367615426997184,1.5907103973661985e-05,0.4335177212312824
1297,529.0,154.0,95,0.055377743412007636,683.0,2.169124301292896e-05,2.169124301292896e-05,2.2310456792540474e-05,0.08901357081862966,1.5219247952868611e-05,0.06365728498017245,1.589684047761898e-05,0.4332380092595875
1298,874.0,186.0,95,0.08964362478317439,1060.0,3.5113053185732234e-05,3.5113053185732234e-05,2.2313129799947085e-05,0.08902423550094879,1.5214741476219203e-05,0.06363843581829426,1.588658360373367e-05,0.43295847776214597
1299,531.0,93.0,93,0.051764280963038825,624.0,2.0275864066995232e-05,2.0275864066995232e-05,2.1712392031044652e-05,0.08903490636893938,1.4835758834736278e-05,0.06361960674738464,1.5490836738962618e-05,0.43267912662251334
1300,471.0,130.0,92,0.04450609903806634,601.0,1.743286292129508e-05,1.743286292129508e-05,2.1413485666687395e-05,0.0890455833917584,1.4644276980209582e-05,0.06360079773058723,1.528831262526844e-05,0.43239995572432
1301,612.0,93.0,91,0.054045551041464385,705.0,2.116942853171343e-05,2.116942853171343e-05,2.1114740387390907e-05,0.08905626653867467,1.4452999635739724e-05,0.06358200873114157,1.5086137931535298e-05,0.43212096495127167
1302,514.0,118.0,91,0.05347295810506553,632.0,2.0945146143778113e-05,2.0945146143778113e-05,2.1117274746225043e-05,0.08906695577906772,1.444873319894891e-05,0.06356323971238276,1.5076404134785059e-05,0.4318421541871489
1303,446.0,90.0,90,0.03908875811077592,536.0,1.531091191178062e-05,1.531091191178062e-05,2.081888685303212e-05,0.08907765108242773,1.4257808647189402e-05,0.06354449063774116,1.4874802597927138e-05,0.43156352331580733
1304,451.0,91.0,90,0.0449501320026998,542.0,1.7606788876889855e-05,1.7606788876889855e-05,2.0821387928207934e-05,0.0890883524183548,1.425360628634719e-05,0.06352576147074207,1.4865205157823827e-05,0.4312850722211774
1305,687.0,122.0,90,0.059069902670005045,809.0,2.3137447187624383e-05,2.3137447187624383e-05,2.082389040621293e-05,0.08909905975655902,1.4249408384123719e-05,0.06350705217500537,1.4855613910129188e-05,0.4310068007872647
1306,474.0,119.0,90,0.05093943837398694,593.0,1.9952776488048157e-05,1.9952776488048157e-05,2.082639427999329e-05,0.08910977306685923,1.4245214932377351e-05,0.06348836271424525,1.4846028850847783e-05,0.43072870889814946
1307,486.0,139.0,90,0.04971368999034458,625.0,1.947265569539545e-05,1.947265569539545e-05,2.082889954252068e-05,0.08912049231918333,1.4241025922987538e-05,0.06346969305226989,1.4836449975986757e-05,0.43045079643798667
1308,568.0,120.0,90,0.052313787752853357,688.0,2.0491103702645264e-05,2.0491103702645264e-05,2.0831406186792003e-05,0.08913121748356723,1.4236841347854747e-05,0.06345104315298113,1.4826877281555834e-05,0.4301730632910063
1309,624.0,84.0,90,0.05481365217236111,708.0,2.1470290705977715e-05,2.1470290705977715e-05,2.083391420582937e-05,0.08914194853015468,1.4232661198900389e-05,0.06343241298037414,1.4817310763567309e-05,0.42989550934151266
1310,510.0,130.0,90,0.0454373696087225,640.0,1.7797637919593616e-05,1.7797637919593616e-05,2.0836423592680024e-05,0.08915268542919695,1.4228485468066751e-05,0.06341380249853715,1.480775041803605e-05,0.42961813447388514
1311,576.0,102.0,90,0.04714984710353855,678.0,1.8468408579529395e-05,1.8468408579529395e-05,2.083893434041617e-05,0.08916342815105212,1.4224314147316924e-05,0.06339521167165109,1.47981962409795e-05,0.4293409385725773
1312,431.0,66.0,90,0.035060672126428695,497.0,1.373312656734379e-05,1.373312656734379e-05,2.0841446442134847e-05,0.08917417666618453,1.4220147228634745e-05,0.06337664046398937,1.4788648228417668e-05,0.42906392152211764
1313,614.0,83.0,89,0.050440820583332685,697.0,1.9757469872045705e-05,1.9757469872045705e-05,2.0544972029033417e-05,0.08918493094516491,1.4030751175269783e-05,0.0633580888399174,1.4589393390554375e-05,0.4287870832071088
1314,636.0,675.0,89,0.0677453847794181,1311.0,2.6535599208546065e-05,2.6535599208546065e-05,2.054745074571948e-05,0.08919569095866928,1.4026647217081838e-05,0.06333955676389247,1.4579980100644297e-05,0.4285104235122281
1315,671.0,100.0,89,0.05568317119507937,771.0,2.181087786724613e-05,2.181087786724613e-05,2.054993077670086e-05,0.08920645667747891,1.4022547579989765e-05,0.0633210442004633,1.4570572884326492e-05,0.42823394232222733
1316,508.0,116.0,89,0.05127136734547929,624.0,2.0082791753027532e-05,2.0082791753027532e-05,2.055241211527074e-05,0.08921722807247977,1.4018452256163033e-05,0.06330255111426991,1.4561171737682186e-05,0.42795763952193244
1317,401.0,71.0,89,0.038771770163779716,472.0,1.5186748986987747e-05,1.5186748986987747e-05,2.0554894754746328e-05,0.08922800511466211,1.4014361237791226e-05,0.06328407747004311,1.4551776656795139e-05,0.4276815149962438
1318,772.0,188.0,89,0.07908202636940216,960.0,3.097611687011444e-05,3.097611687011444e-05,2.055737868846875e-05,0.08923878777512002,1.4010274517083981e-05,0.06326562323260429,1.4542387637751634e-05,0.427405568630136
1319,424.0,98.0,88,0.04636894043914085,522.0,1.8162530528453135e-05,1.8162530528453135e-05,2.0262023816990145e-05,0.08924957602505094,1.382180558337874e-05,0.06324718836686516,1.434457164900951e-05,0.42712980030865794
1320,617.0,81.0,88,0.06000220716216033,698.0,2.3502627168883795e-05,2.3502627168883795e-05,2.0264474298654145e-05,0.08926036983575537,1.381778112207624e-05,0.06322877283782743,1.433531632166633e-05,0.42685420991693257
1321,466.0,105.0,87,0.04959337015720452,571.0,1.9425526892755393e-05,1.9425526892755393e-05,1.9969466279332807e-05,0.08927116917863626,1.3629655000790622e-05,0.0632103766105824,1.4138057851959826e-05,0.426578797340157
1322,511.0,88.0,87,0.04669343515807922,599.0,1.8289633826117988e-05,1.8289633826117988e-05,1.9971883263685867e-05,0.0892819740251988,1.3625692492704219e-05,0.06319199965031089,1.4128935770337702e-05,0.4263035624636025
1323,565.0,108.0,87,0.054913761372512984,673.0,2.150950308363219e-05,2.150950308363219e-05,1.9974301472830643e-05,0.08929278434704982,1.3621734131545189e-05,0.06317364192228267,1.4119819574416002e-05,0.4260285051726142
1324,567.0,83.0,86,0.04937376258878631,650.0,1.933950747700208e-05,1.933950747700208e-05,1.967982955352504e-05,0.08930360011589747,1.3434093372431647e-05,0.06315530339185639,1.392333347022374e-05,0.42575362535261135
1325,474.0,176.0,86,0.05343723706928041,650.0,2.093115435537815e-05,2.093115435537815e-05,1.968221421806609e-05,0.08931442130355081,1.3430196564425805e-05,0.06313698402447922,1.3914349931911946e-05,0.42547892288908706
1326,588.0,55.0,85,0.0490913971617967,643.0,1.92289060563246e-05,1.92289060563246e-05,1.9388086275841707e-05,0.08932524788191923,1.3242895789771265e-05,0.06311868378568643,1.3718416926951444e-05,0.42520439766760837
1327,371.0,94.0,85,0.03434944490091358,465.0,1.3454541676816913e-05,1.3454541676816913e-05,1.939043735365484e-05,0.08933607982301232,1.3239060233036903e-05,0.06310040264110132,1.3709565603789214e-05,0.4249300495738161
1328,395.0,109.0,84,0.04116983034817322,504.0,1.612605967417674e-05,1.612605967417674e-05,1.9096652243004295e-05,0.08934691709893913,1.3052098299045996e-05,0.06308214055643474,1.3514183912076303e-05,0.42465587849342484
1329,531.0,141.0,84,0.05624552634010043,672.0,2.2031150152800796e-05,2.2031150152800796e-05,1.9098969693265578e-05,0.08935775968190818,1.3048323693482706e-05,0.06306389749748491,1.3505464363041123e-05,0.42438188431222296
1330,553.0,71.0,83,0.04796820795182589,624.0,1.878895728626161e-05,1.878895728626161e-05,1.8805526275405915e-05,0.08936860754422651,1.2861699461951869e-05,0.06304567343013712,1.3310632206111968e-05,0.42410806691607256
1331,619.0,72.0,83,0.04235979071412233,691.0,1.6592162441881055e-05,1.6592162441881055e-05,1.8807810058576357e-05,0.08937946065829981,1.285798550922771e-05,0.06302746832036334,1.3302043991613369e-05,0.42383442619090933
1332,543.0,170.0,83,0.05650106703294541,713.0,2.2131244431235962e-05,2.2131244431235962e-05,1.881009494106939e-05,0.08939031899663155,1.2854275417039282e-05,0.06300928213422212,1.3293461318356321e-05,0.4235609620227425
1333,621.0,51.0,83,0.04792608859728754,672.0,1.8772459301718582e-05,1.8772459301718582e-05,1.8812380917119613e-05,0.08940118253182305,1.2850569178479888e-05,0.06299111483785814,1.3284884182765537e-05,0.42328767429765507
1334,480.0,286.0,83,0.05890273132495378,766.0,2.307196683311938e-05,2.307196683311938e-05,1.8814667980982024e-05,0.08941205123657267,1.2846866786660365e-05,0.06297296639750198,1.3276312581268033e-05,0.4230145629018032
1335,461.0,91.0,82,0.04595356981015501,552.0,1.7999831496339604e-05,1.7999831496339604e-05,1.8522127734750918e-05,0.08942292508367575,1.2661003086985369e-05,0.06295483677946986,1.3082667077659762e-05,0.4227416277214168
1336,414.0,106.0,82,0.036575822938522094,520.0,1.4326605146307127e-05,1.4326605146307127e-05,1.8524381089022702e-05,0.08943380404602382,1.2657360773265133e-05,0.06293672595016339,1.3074225949594852e-05,0.4224688686427991
1337,476.0,78.0,82,0.042721948473066346,554.0,1.6734018203316234e-05,1.6734018203316234e-05,1.8526635497217653e-05,0.08944468809660441,1.2653722231452064e-05,0.06291863387606916,1.3065790267869178e-05,0.4221962855523266
1338,496.0,109.0,82,0.047671608091042615,605.0,1.867278029418042e-05,1.867278029418042e-05,1.852889095376055e-05,0.0894555772085009,1.2650087454823266e-05,0.06290056052375863,1.3057360028968681e-05,0.4219238783364492
1339,436.0,115.0,81,0.04071686458802924,551.0,1.5948634777919797e-05,1.5948634777919797e-05,1.8237061081580215e-05,0.08946647135489186,1.2464838297757843e-05,0.06288250585988771,1.2864680907990914e-05,0.42165164688169
1340,453.0,107.0,80,0.043767894360339815,560.0,1.7143711069463305e-05,1.7143711069463305e-05,1.794538125517105e-05,0.08947737050905058,1.2279781224103737e-05,0.06286446985119652,1.2672331566801116e-05,0.42137959107464534
1341,908.0,136.0,80,0.08583669700839015,1044.0,3.362189463705059e-05,3.362189463705059e-05,1.7947568164151495e-05,0.0894882746443448,1.2276261754882515e-05,0.06284645246450926,1.266415519320685e-05,0.42110771080198484
1342,369.0,72.0,80,0.03592401988141781,441.0,1.4071296467457034e-05,1.4071296467457034e-05,1.794975606681492e-05,0.08949918373423647,1.2272745916770705e-05,0.06282845366673363,1.2655984095128363e-05,0.4208360059504512
1343,891.0,69.0,80,0.07232258620860335,960.0,2.832847090035384e-05,2.832847090035384e-05,1.7951944957857688e-05,0.08951009775228116,1.2269233703320473e-05,0.06281047342486094,1.2647818269161812e-05,0.4205644764068599
1344,353.0,59.0,80,0.032296459878472177,412.0,1.265039556540234e-05,1.265039556540234e-05,1.7954134831994898e-05,0.08952101667212783,1.2265725108100195e-05,0.06279251170596548,1.2639657711905565e-05,0.42029312205809993
1345,582.0,59.0,80,0.04766213680106629,641.0,1.866907042736635e-05,1.866907042736635e-05,1.795632568396026e-05,0.08953194046751829,1.2262220124694455e-05,0.06277456847720447,1.2631502419960161e-05,0.4200219427911329
1346,386.0,86.0,80,0.03950202901289858,472.0,1.547278848918863e-05,1.547278848918863e-05,1.795851750850605e-05,0.08954286911228687,1.2258718746703956e-05,0.06275664370581772,1.2623352389928352e-05,0.41975093849299355
1347,513.0,97.0,80,0.04953481234807894,610.0,1.940259003058321e-05,1.940259003058321e-05,1.796071030040304e-05,0.08955380258036015,1.2255220967745488e-05,0.06273873735912736,1.261520761841507e-05,0.41948010905078936
1348,365.0,42.0,79,0.028396189320157347,407.0,1.1122675017687955e-05,1.1122675017687955e-05,1.767047165477382e-05,0.08956474084575645,1.2071327492816177e-05,0.06272084940453757,1.2424651267495533e-05,0.41920945435170076
1349,427.0,152.0,79,0.04217338080117546,579.0,1.6519146416441622e-05,1.6519146416441622e-05,1.767263063631368e-05,0.08957568388258572,1.2067888289815962e-05,0.06270297980953432,1.2416634700851422e-05,0.41893897428298094
1350,395.0,66.0,79,0.035460841348409954,461.0,1.3889871268472368e-05,1.3889871268472368e-05,1.7674790554132547e-05,0.0895866316650487,1.2064452614081095e-05,0.06268512854168515,1.2408623306613311e-05,0.41866866873195585
1351,543.0,118.0,79,0.04972756221211477,661.0,1.947808938978252e-05,1.947808938978252e-05,1.7676951403158358e-05,0.08959758416743713,1.2061020459385229e-05,0.06266729556863884,1.240061708144389e-05,0.41839853758602413
1352,557.0,179.0,79,0.06159203568649257,736.0,2.4125356712296345e-05,2.4125356712296345e-05,1.7679113178336807e-05,0.08960854136413268,1.2057591819517588e-05,0.06264948085812513,1.2392616022007992e-05,0.41812858073265696
1353,491.0,117.0,79,0.05551856195428475,608.0,2.174640107884244e-05,2.174640107884244e-05,1.768127587463141e-05,0.08961950322960738,1.2054166688282958e-05,0.06263168437795459,1.238462012497262e-05,0.41785879805939835
1354,429.0,48.0,79,0.0329158309028229,477.0,1.2893000745328202e-05,1.2893000745328202e-05,1.7683439487023322e-05,0.08963046973842266,1.2050745059501579e-05,0.0626139060960181,1.2376629387006913e-05,0.4175891894538647
1355,583.0,168.0,79,0.054297050849029964,751.0,2.1267940011370922e-05,2.1267940011370922e-05,1.768560401051132e-05,0.08964144086522927,1.2047326927009165e-05,0.0625961459802869,1.2368643804782166e-05,0.417319754803745
1356,585.0,184.0,79,0.0562105570126193,769.0,2.2017452805569644e-05,2.2017452805569644e-05,1.76877694401117e-05,0.08965241658476676,1.2043912284656802e-05,0.06257840399881218,1.2360663374971817e-05,0.4170504939968006
1357,563.0,82.0,79,0.05202428864896427,645.0,2.0377708048948013e-05,2.0377708048948013e-05,1.768993577085824e-05,0.08966339687186327,1.2040501126310907e-05,0.06256068011972471,1.2352688094251455e-05,0.41678140692086546
1358,532.0,78.0,79,0.04694555028969304,610.0,1.8388386325770874e-05,1.8388386325770874e-05,1.7692102997802103e-05,0.08967438170143506,1.2037093445853203e-05,0.06254297431123483,1.234471795929881e-05,0.4165124934638456
1359,466.0,86.0,79,0.04348626711640754,552.0,1.703339879216903e-05,1.703339879216903e-05,1.76942711160118e-05,0.08968537104848635,1.2033689237180644e-05,0.062525286541632,1.2336752966793759e-05,0.4162437535137198
1360,598.0,91.0,79,0.05049824864058854,689.0,1.9779964214879962e-05,1.9779964214879962e-05,1.7696440120573048e-05,0.08969636488810857,1.2030288494205369e-05,0.0625076167792846,1.2328793113418319e-05,0.4159751869585387
1361,370.0,79.0,79,0.039751901067245035,449.0,1.5570662384349798e-05,1.5570662384349798e-05,1.7698610006588792e-05,0.08970736319548044,1.2026891210854663e-05,0.062489964992639674,1.2320838395856648e-05,0.4157067936864254
1362,401.0,79.0,79,0.039502123542463616,480.0,1.5472825516045286e-05,1.5472825516045286e-05,1.7700780769179083e-05,0.08971836594586738,1.2023497381070905e-05,0.06247233115022272,1.2312888810795047e-05,0.4154385735855752
1363,525.0,126.0,78,0.04343548463934276,651.0,1.7013507496804842e-05,1.7013507496804842e-05,1.7413229769522264e-05,0.08972937311462126,1.1841703207993194e-05,0.06245471522063741,1.2125532701744459e-05,0.4151705265442553
1364,501.0,125.0,77,0.044474939364934234,626.0,1.7420657800600952e-05,1.7420657800600952e-05,1.712582269205491e-05,0.08974038467718001,1.1660094211912438e-05,0.06243711717256528,1.1938495323341213e-05,0.4149026524508053
1365,506.0,44.0,77,0.04467271228515978,550.0,1.749812467103791e-05,1.749812467103791e-05,1.7127924943978245e-05,0.08975140060906722,1.165681112050958e-05,0.06241953697476559,1.1930792431619788e-05,0.41463495119363664
1366,391.0,140.0,77,0.037759046685096144,531.0,1.479006920685317e-05,1.479006920685317e-05,1.7130028025078193e-05,0.0897624208858919,1.1653531356814666e-05,0.062401974596074994,1.1923094509916719e-05,0.41436742266123294
1367,362.0,142.0,77,0.03481549335976815,504.0,1.363709101440194e-05,1.363709101440194e-05,1.713213193071627e-05,0.08977344548334808,1.1650254915022371e-05,0.06238443000540731,1.1915401555025273e-05,0.4141000667421495
1368,783.0,119.0,77,0.062026586241626366,902.0,2.4295568445603746e-05,2.4295568445603746e-05,1.713423665627019e-05,0.08978447437721465,1.1646981789341723e-05,0.062366903171753224,1.1907713563740793e-05,0.4138328833250137
1369,436.0,195.0,77,0.05560430628642656,631.0,2.177998679452666e-05,2.177998679452666e-05,1.713634219713369e-05,0.08979550754335457,1.1643711973996091e-05,0.06234939406418021,1.1900030532860687e-05,0.41356587229852493
1370,588.0,71.0,77,0.0462550908203082,659.0,1.8117936083160282e-05,1.8117936083160282e-05,1.7138448548716593e-05,0.08980654495771496,1.1640445463223096e-05,0.06233190265183205,1.189235245918443e-05,0.41329903355145403
1371,559.0,80.0,77,0.04420636942514513,639.0,1.731546001768317e-05,1.731546001768317e-05,1.71405557064447e-05,0.08981758659632678,1.1637182251274606e-05,0.062314428903928826,1.188467933951356e-05,0.41303236697264395
1372,438.0,115.0,77,0.044636828111715196,553.0,1.748406898226212e-05,1.748406898226212e-05,1.7142663665759673e-05,0.08982863243530405,1.1633922332416653e-05,0.06229697278976647,1.1877011170651682e-05,0.41276587245100904
1373,531.0,64.0,76,0.043155909564027366,595.0,1.6903999045839156e-05,1.6903999045839156e-05,1.685682463337757e-05,0.08983968245084405,1.1453567917976818e-05,0.062279534278716624,1.1691900949987682e-05,0.41249954987553566
1374,412.0,73.0,76,0.03776901090834008,485.0,1.4793972153678058e-05,1.4793972153678058e-05,1.6858898752216923e-05,0.0898507366192266,1.1450364106251142e-05,0.06226211334022647,1.1684357164561114e-05,0.41223339913528156
1375,539.0,92.0,76,0.04523503892847439,631.0,1.7718385792586915e-05,1.7718385792586915e-05,1.686097364582842e-05,0.0898617949168141,1.144716352061618e-05,0.06224470994381829,1.1676818246495192e-05,0.41196742011937615
1376,432.0,188.0,76,0.042580769499104616,620.0,1.6678718957737805e-05,1.6678718957737805e-05,1.6863049309792222e-05,0.08987285732005068,1.1443966155480705e-05,0.06222732405908941,1.1669284192649424e-05,0.4117016127170204
1377,413.0,148.0,75,0.047267196065902885,561.0,1.851437370383975e-05,1.851437370383975e-05,1.6577880957473373e-05,0.08988392380546231,1.1264191292050606e-05,0.0622099556557119,1.1485085354395295e-05,0.4114359768174866
1378,466.0,63.0,75,0.043396688404144096,529.0,1.6998311164960476e-05,1.6998311164960476e-05,1.6579922770469707e-05,0.0898949943496566,1.1261049601246988e-05,0.06219260470343226,1.1477675009414614e-05,0.41117051231011886
1379,338.0,65.0,75,0.03158631911953146,403.0,1.2372236239534455e-05,1.2372236239534455e-05,1.658196532775438e-05,0.08990606892932182,1.1257911064802814e-05,0.06217527117207137,1.147026944569685e-05,0.41090521908433225
1380,745.0,105.0,74,0.07065563049786422,850.0,2.767553094315089e-05,2.767553094315089e-05,1.6297288532911488e-05,0.08991714752122715,1.107858079105167e-05,0.06215795503152399,1.1286778879222539e-05,0.4106400970296135
1381,387.0,118.0,74,0.04144574962638321,505.0,1.623413616387905e-05,1.623413616387905e-05,1.62992972267496e-05,0.08992823010222224,1.1075497582649495e-05,0.0621406562517588,1.1279496484478843e-05,0.41037514603552044
1382,486.0,75.0,73,0.04302552405904577,561.0,1.685292755935988e-05,1.685292755935988e-05,1.6014935127938757e-05,0.08993931664923685,1.089647886048127e-05,0.062123374802817974,1.1096514093264082e-05,0.4101103659916824
1383,553.0,146.0,73,0.053045552367966056,699.0,2.077773300742893e-05,2.077773300742893e-05,1.601690994257159e-05,0.08995040713928049,1.0893450718105981e-05,0.06210611065481704,1.1089354460141928e-05,0.40984575678779955
1384,471.0,42.0,73,0.03790557960178775,513.0,1.4847465570618e-05,1.4847465570618e-05,1.601888545523547e-05,0.08996150154944213,1.089042560509745e-05,0.0620888637779446,1.1082199446519738e-05,0.4095813183136437
1385,536.0,135.0,73,0.04935888755903948,671.0,1.9333680986697797e-05,1.9333680986697797e-05,1.602086166186487e-05,0.0899725998568899,1.0887403516239507e-05,0.06207163414246205,1.1075049049416941e-05,0.40931705045905736
1386,462.0,60.0,73,0.03855270139767871,522.0,1.5100940617970509e-05,1.5100940617970509e-05,1.60228385584083e-05,0.08998370203887077,1.0884384446328746e-05,0.062054421718703554,1.1067903265854892e-05,0.40905295311395434
1387,383.0,64.0,73,0.03266044415532799,447.0,1.279296676667763e-05,1.279296676667763e-05,1.6024816140828257e-05,0.08999480807271028,1.088136839017445e-05,0.06203722647707561,1.106076209285687e-05,0.4087890261683195
1388,475.0,89.0,73,0.041242976146389214,564.0,1.6154710593963657e-05,1.6154710593963657e-05,1.6026794405101168e-05,0.09000591793581218,1.0878355342598545e-05,0.062020048388056824,1.1053625527448065e-05,0.4085252695122085
1389,484.0,65.0,73,0.04257926367718782,549.0,1.6678129133250224e-05,1.6678129133250224e-05,1.602877334721734e-05,0.09001703160565817,1.0875345298435595e-05,0.06200288742219783,1.1046493566655602e-05,0.40826168303574817
1390,546.0,140.0,73,0.04926612297536206,686.0,1.929734546626011e-05,1.929734546626011e-05,1.6030752963180898e-05,0.09002814905980758,1.0872338252532746e-05,0.061985743550121,1.1039366207508507e-05,0.407998266629136
1391,414.0,85.0,72,0.04098400449652993,499.0,1.60532724232393e-05,1.60532724232393e-05,1.5747918474372513e-05,0.09003927027589688,1.0694539715130035e-05,0.0619686167425201,1.0858257029783635e-05,0.4077350201826405
1392,282.0,140.0,72,0.03284757658754512,422.0,1.2866265800056842e-05,1.2866265800056842e-05,1.5749864235322512e-05,0.09005039523163971,1.0691586911765392e-05,0.061951506970160206,1.0851251123602117e-05,0.4074719435866009
1393,442.0,142.0,72,0.050839712836236596,584.0,1.9913714389438543e-05,1.9913714389438543e-05,1.575181064645551e-05,0.09006152390482641,1.06886370433084e-05,0.06193441420387748,1.0844249737733694e-05,0.40720903673142717
1394,434.0,54.0,72,0.04098928326078279,488.0,1.6055340094313668e-05,1.6055340094313668e-05,1.575375770390039e-05,0.09007265627332371,1.0685690104738178e-05,0.061917338414578804,1.083725286926179e-05,0.40694629950760003
1395,209.0,120.0,72,0.02524121607763795,329.0,9.886884480077535e-06,9.886884480077535e-06,1.575570540379931e-05,0.0900837923150743,1.0682746091046038e-05,0.06190027957324177,1.0830260515271718e-05,0.4066837318056709
1396,455.0,85.0,72,0.04152442911655174,540.0,1.6264954608911767e-05,1.6264954608911767e-05,1.5757653742307743e-05,0.09009493200809691,1.0679804997235428e-05,0.06188323765091429,1.0823272672850668e-05,0.40642133351626175
1397,512.0,99.0,72,0.03668214796655728,611.0,1.436825223915287e-05,1.436825223915287e-05,1.5759602715594304e-05,0.09010607533048551,1.06768668183219e-05,0.06186621261871436,1.0816289339087709e-05,0.40615910453006515
1398,393.0,91.0,72,0.034174398280757017,484.0,1.338597660820878e-05,1.338597660820878e-05,1.576155231984083e-05,0.09011722226040958,1.0673931549333082e-05,0.06184920444783003,1.0809310511073789e-05,0.4058970447378442
1399,530.0,73.0,72,0.043826950269847384,603.0,1.716684303558456e-05,1.716684303558456e-05,1.576350255124221e-05,0.0901283727761133,1.0670999185308629e-05,0.06183221310951897,1.0802336185901731e-05,0.40563515403043243
1400,390.0,179.0,71,0.03977553518379041,569.0,1.557991977430098e-05,1.557991977430098e-05,1.5482176233205694e-05,0.09013952685591552,1.0494404584082809e-05,0.061815238575108414,1.0623074660206778e-05,0.40537343229873396
1401,303.0,93.0,70,0.031393896414924724,396.0,1.2296865027389237e-05,1.2296865027389237e-05,1.5200985150915897e-05,0.09015068447820941,1.031798510313605e-05,0.06179828081599481,1.0444115663947323e-05,0.405111879433723
1402,385.0,107.0,70,0.04034822377070726,492.0,1.5804239628165787e-05,1.5804239628165787e-05,1.5202867115249657e-05,0.09016184562146214,1.0315156592200751e-05,0.0617813398036437,1.0437376967829722e-05,0.4048504953264445
1403,380.0,147.0,70,0.03660432429490466,527.0,1.4337769014847104e-05,1.4337769014847104e-05,1.5204749669660446e-05,0.09017301026421491,1.0312330872591296e-05,0.06176441550958949,1.0430642619617372e-05,0.40458927986801335
1404,467.0,80.0,69,0.039224382337097796,547.0,1.536403538468382e-05,1.536403538468382e-05,1.492403297762375e-05,0.0901841783850821,1.0136340067888004e-05,0.061747507905435185,1.0252366679658138e-05,0.4043282329496149
1405,275.0,110.0,69,0.025334309378464072,385.0,9.923348757721924e-06,9.923348757721924e-06,1.492588169428926e-05,0.0901953499627512,1.0133567286541905e-05,0.0617306169628522,1.0245751702788537e-05,0.4040673544625047
1406,369.0,94.0,69,0.02738347614768524,463.0,1.0725999274455637e-05,1.0725999274455637e-05,1.4927730979485215e-05,0.09020652497598301,1.0130797235684886e-05,0.06171374265358015,1.0239140993998721e-05,0.40380664429800833
1407,473.0,72.0,69,0.037895812657655396,545.0,1.4843639897240657e-05,1.4843639897240657e-05,1.4929580829708825e-05,0.09021770340361057,1.0128029910688957e-05,0.06169688494942671,1.0232534550534865e-05,0.4035461023475217
1408,605.0,102.0,69,0.04447731082650347,707.0,1.7421586692715814e-05,1.7421586692715814e-05,1.4931431241469266e-05,0.09022888522453926,1.012526530693723e-05,0.06168004382226723,1.0225932369644916e-05,0.40328572850251054
1409,361.0,95.0,69,0.03360495101322179,456.0,1.3162926366322676e-05,1.3162926366322676e-05,1.4933282211287678e-05,0.0902400704177467,1.0122503419823927e-05,0.061663219244044665,1.0219334448578603e-05,0.4030255226545109
1410,373.0,120.0,69,0.03652313802901122,493.0,1.430596867568007e-05,1.430596867568007e-05,1.4935133735697067e-05,0.09025125896228228,1.011974424475432e-05,0.06164641118676936,1.021274078458742e-05,0.40276548469512846
1411,409.0,112.0,69,0.04263662677115609,521.0,1.6700598030221734e-05,1.6700598030221734e-05,1.493698581124223e-05,0.09026245083726661,1.0116987777144704e-05,0.06162961962251877,1.0206151374924641e-05,0.40250561451603917
1412,533.0,142.0,68,0.05144406113420862,675.0,2.0150435226873725e-05,2.0150435226873725e-05,1.4657582310765976e-05,0.09027364602189177,9.942052185080029e-06,0.061612844523437335,1.0029498269944932e-05,0.4022459120089887
1413,472.0,152.0,68,0.04233820972092254,624.0,1.6583709252221912e-05,1.6583709252221912e-05,1.4659400588355735e-05,0.09028484449542085,9.939347952050794e-06,0.061596085861736136,1.0023027091031575e-05,0.4019863770657925
1414,290.0,100.0,68,0.02907959832085484,390.0,1.1390363619606284e-05,1.1390363619606284e-05,1.4661219396603789e-05,0.09029604623718736,9.936646366938191e-06,0.0615793436096929,1.0016560087417465e-05,0.4017270095783361
1415,513.0,59.0,68,0.043744257575240815,572.0,1.7134452634250223e-05,1.7134452634250223e-05,1.4663038732165988e-05,0.09030725122659522,9.933947425279542e-06,0.061562617739651534,1.001009725640863e-05,0.40146780943857446
1416,377.0,38.0,67,0.030340506343885326,415.0,1.1884256303911212e-05,1.1884256303911212e-05,1.438426890371584e-05,0.09031845944311874,9.759558122197881e-06,0.061545908224022186,9.834302951543625e-06,0.40120877653853254
1417,501.0,56.0,67,0.03802680279683639,557.0,1.4894948216543826e-05,1.4894948216543826e-05,1.4386054453722472e-05,0.09032967086630174,9.756911022651094e-06,0.0615292150352808,9.827957715503424e-06,0.4009499107703046
1418,493.0,66.0,67,0.03813047915668992,559.0,1.4935557836541293e-05,1.4935557836541293e-05,1.4387840511180287e-05,0.09034088547575785,9.754266507764062e-06,0.061512538145969166,9.821616573502285e-06,0.40069121202605507
1419,282.0,136.0,67,0.026242304654667162,418.0,1.0279006915263283e-05,1.0279006915263283e-05,1.4389627072853547e-05,0.09035210325116994,9.751624573192993e-06,0.061495877528694384,9.815279522898668e-06,0.4004326801980173
1420,366.0,37.0,67,0.028165761079546246,403.0,1.103241718744467e-05,1.103241718744467e-05,1.4391414135517519e-05,0.09036332417228998,9.74898521460448e-06,0.06147923315612905,9.80894656105275e-06,0.4001743151784948
1421,322.0,78.0,67,0.029319143549145957,400.0,1.1484192537855839e-05,1.1484192537855839e-05,1.439320169595838e-05,0.09037454821893849,9.746348427675414e-06,0.06146260500101069,9.8026176853264e-06,0.39991611685986006
1422,405.0,53.0,66,0.030168727195895292,458.0,1.1816971091224164e-05,1.1816971091224164e-05,1.4115393034701867e-05,0.09038577537100485,9.572749270599396e-06,0.06144599303614188,9.628047445533635e-06,0.39965808513455536
1423,390.0,45.0,66,0.02492827907600224,435.0,9.764308294556303e-06,9.764308294556303e-06,1.4117146841810449e-05,0.09039700560844639,9.570163789573406e-06,0.06142939723438972,9.621835288561334e-06,0.3994002198950922
1424,459.0,87.0,66,0.043259929453568484,546.0,1.69447432250562e-05,1.69447432250562e-05,1.4118901127637446e-05,0.09040823891128859,9.567580822402884e-06,0.061412817568685954,9.61562713976353e-06,0.39914252103405146
1425,416.0,93.0,66,0.033724199633102185,509.0,1.3209635578966778e-05,1.3209635578966778e-05,1.4120655889074058e-05,0.09041947525962472,9.56500036488084e-06,0.061396254012026585,9.609422996554095e-06,0.39888498844408343
1426,349.0,58.0,66,0.02922676572735459,407.0,1.1448008510518837e-05,1.1448008510518837e-05,1.4122411123021983e-05,0.09043071463361528,9.562422412810274e-06,0.06137970653747169,9.603222856348563e-06,0.3986276220179075
1427,388.0,59.0,66,0.028964978623416664,447.0,1.1345467537570178e-05,1.1345467537570178e-05,1.412416682639344e-05,0.09044195701348813,9.559846962004131e-06,0.061363175118145256,9.597026716564135e-06,0.39837042164831243
1428,370.0,95.0,66,0.030605076898775625,465.0,1.1987887543586222e-05,1.1987887543586222e-05,1.412592299611111e-05,0.09045320237953812,9.557274008285293e-06,0.06134665972723498,9.590834574619682e-06,0.398113387228156
1429,319.0,112.0,66,0.036278786297450696,431.0,1.421025706911504e-05,1.421025706911504e-05,1.4127679629108073e-05,0.09046445071212669,9.554703547486534e-06,0.06133016033799208,9.584646427935741e-06,0.3978565186503653
1430,318.0,119.0,66,0.032626529768353285,437.0,1.2779682635469363e-05,1.2779682635469363e-05,1.4129436722327794e-05,0.0904757019916818,9.552135575450491e-06,0.06131367692373112,9.578462273934508e-06,0.3975998158079363
1431,292.0,70.0,66,0.029956004800748302,362.0,1.1733648570602547e-05,1.1733648570602547e-05,1.4131194272724065e-05,0.0904869561986975,9.549570088029634e-06,0.0612972094578297,9.57228211003985e-06,0.3973432785939342
1432,265.0,95.0,66,0.027429475698204933,360.0,1.0744017116413996e-05,1.0744017116413996e-05,1.4132952277260992e-05,0.09049821331373392,9.547007081086236e-06,0.061280757913728445,9.56610593367729e-06,0.3970869069014932
1433,356.0,101.0,66,0.034488410393801655,457.0,1.3508973910615611e-05,1.3508973910615611e-05,1.4134710732912933e-05,0.09050947331741681,9.544446550492352e-06,0.061264322264930685,9.559933742274013e-06,0.3968307006238162
1434,405.0,39.0,66,0.033765931133753826,444.0,1.3225981642676782e-05,1.3225981642676782e-05,1.4136469636664432e-05,0.09052073619043716,9.54188849212977e-06,0.061247902485002254,9.553765533258866e-06,0.39657465965417527
1435,356.0,83.0,66,0.03328699981047302,439.0,1.3038386138062288e-05,1.3038386138062288e-05,1.4138228985510254e-05,0.0905320019135514,9.539332901889999e-06,0.061231498547571386,9.547601304062354e-06,0.3963187838859112
1436,338.0,91.0,66,0.03043625677907829,429.0,1.1921761370575124e-05,1.1921761370575124e-05,1.4139988776455285e-05,0.09054327046758079,9.536779775674236e-06,0.06121511042632852,9.54144105211664e-06,0.3960630732124337
1437,339.0,70.0,66,0.028443992760346135,409.0,1.1141399436093277e-05,1.1141399436093277e-05,1.4141749006514523e-05,0.0905545418334113,9.53422910939332e-06,0.06119873809502595,9.535284774855541e-06,0.39580752752722115
1438,460.0,34.0,66,0.031162575862498664,494.0,1.2206257682138137e-05,1.2206257682138137e-05,1.4143509672713008e-05,0.09056581599199325,9.531680898967728e-06,0.061182381527477854,9.529132469714536e-06,0.3955521467238208
1439,345.0,73.0,66,0.02868366671693363,418.0,1.1235278776707258e-05,1.1235278776707258e-05,1.4145270772085832e-05,0.09057709292434125,9.529135140327532e-06,0.061166040697559994,9.522984134130753e-06,0.3952969306958483
1440,613.0,79.0,66,0.046359801046618944,692.0,1.815895066455893e-05,1.815895066455893e-05,1.4147032301678038e-05,0.09058837261153375,9.526591829412365e-06,0.0611497155792095,9.516839765542977e-06,0.39504187933698837
1441,488.0,96.0,66,0.04000557171604029,584.0,1.5670024173928827e-05,1.5670024173928827e-05,1.4148794258544669e-05,0.09059965503471312,9.524050962171404e-06,0.06113340614642478,9.510699361391644e-06,0.394786992540994
1442,370.0,140.0,66,0.03457849626606659,510.0,1.3544260190390361e-05,1.3544260190390361e-05,1.4150556639750623e-05,0.0906109401750849,9.521512534563326e-06,0.0611171123732652,9.504562919118839e-06,0.3945322702016867
1443,458.0,73.0,66,0.035503342346849584,531.0,1.3906518741421694e-05,1.3906518741421694e-05,1.4152319442370706e-05,0.09062222801391805,9.518976542556301e-06,0.06110083423385107,9.498430436168306e-06,0.3942777122129568
1444,303.0,76.0,66,0.02465166892171327,379.0,9.655961191427054e-06,9.655961191427054e-06,1.415408266348956e-05,0.09063351853254452,9.516442982127944e-06,0.06108457170236331,9.492301909985425e-06,0.3940233184687628
1445,574.0,73.0,66,0.0437606742121248,647.0,1.714088296597133e-05,1.714088296597133e-05,1.4155846300201612e-05,0.0906448117123589,9.513911849265286e-06,0.06106832475304332,9.486177338017237e-06,0.3937690888631318
1446,622.0,77.0,66,0.045343544296788496,699.0,1.7760886916094203e-05,1.7760886916094203e-05,1.415761034961106e-05,0.09065610753481838,9.511383139964765e-06,0.06105209336019284,9.480056717712423e-06,0.3935150232901591
1447,521.0,154.0,66,0.04646755027720099,675.0,1.8201155611907946e-05,1.8201155611907946e-05,1.4159374808831806e-05,0.09066740598144225,9.508856850232173e-06,0.06103587749817368,9.473940046521311e-06,0.39326112164400845
1448,430.0,57.0,66,0.029762789210018698,487.0,1.1657966788099764e-05,1.1657966788099764e-05,1.4161139674987465e-05,0.09067870703381203,9.506332976082649e-06,0.061019677141407616,9.467827321895876e-06,0.3930073838189119
1449,459.0,133.0,66,0.04797001681248129,592.0,1.878966580982424e-05,1.878966580982424e-05,1.4162904945211315e-05,0.09069001067357112,9.503811513540632e-06,0.06100349226437615,9.461718541289738e-06,0.39275380970916973
1450,340.0,93.0,66,0.0316747903816023,433.0,1.2406890082883784e-05,1.2406890082883784e-05,1.4164670616646186e-05,0.09070131688242403,9.501292458639848e-06,0.060987322841620395,9.455613702158155e-06,0.3925003992091504
1451,283.0,64.0,66,0.021328723188621383,347.0,8.354376493780408e-06,8.354376493780408e-06,1.4166436686444556e-05,0.0907126256421371,9.49877580742327e-06,0.06097116884774079,9.449512801958032e-06,0.3922471522132905
1452,469.0,57.0,66,0.03292079672850849,526.0,1.2894945839603796e-05,1.2894945839603796e-05,1.4168203151768412e-05,0.09072393693453754,9.496261555943108e-06,0.06095503025739708,9.443415838147913e-06,0.39199406861609476
1453,363.0,84.0,66,0.023466758232084845,447.0,9.191836361960378e-06,9.191836361960378e-06,1.416997000978925e-05,0.09073525074151347,9.493749700260751e-06,0.06093890704530796,9.43732280818798e-06,0.3917411483121359
1454,381.0,74.0,66,0.028626615407048646,455.0,1.1212932004327711e-05,1.1212932004327711e-05,1.4171737257688046e-05,0.09074656704501367,9.491240236446768e-06,0.060922799186251,9.431233709540056e-06,0.3914883911960549
1455,291.0,93.0,66,0.027240098082586404,384.0,1.0669838653578694e-05,1.0669838653578694e-05,1.4173504892655187e-05,0.09075788582704725,9.488733160580868e-06,0.06090670665506247,9.425148539667603e-06,0.3912357971625604
1456,299.0,85.0,66,0.026006656244717777,384.0,1.0186704365341864e-05,1.0186704365341864e-05,1.4175272911890497e-05,0.09076920706968367,9.486228468751886e-06,0.060890629426637186,9.419067296035715e-06,0.39098336610642925
1457,363.0,121.0,66,0.04081070675804749,484.0,1.5985392384664115e-05,1.5985392384664115e-05,1.4177041312603137e-05,0.09078053075505224,9.483726157057715e-06,0.06087456747592815,9.412989976111123e-06,0.39073109792250593
1458,323.0,46.0,66,0.025722259351524578,369.0,1.007530722738918e-05,1.007530722738918e-05,1.4178810092011586e-05,0.0907918568653419,9.481226221605333e-06,0.060858520777946665,9.406916577362199e-06,0.39047899250570306
1459,220.0,34.0,66,0.019884410222602046,254.0,7.788644818880551e-06,7.788644818880551e-06,1.4180579247343657e-05,0.09080318538280137,9.478728658510741e-06,0.06084248930776193,9.400847097258937e-06,0.3902270497510008
1460,266.0,60.0,66,0.02502776566408346,326.0,9.803276797525836e-06,9.803276797525836e-06,1.418234877583639e-05,0.09081451628973847,9.47623346389894e-06,0.060826473040500914,9.394781533272973e-06,0.3899752695534473
1461,450.0,68.0,66,0.030584296244526736,518.0,1.1979747843527903e-05,1.1979747843527903e-05,1.4184118674736039e-05,0.09082584956852,9.47374063390392e-06,0.06081047195134832,9.388719882877571e-06,0.3897236518081582
1462,528.0,106.0,66,0.04529075884160103,634.0,1.7740211062123395e-05,1.7740211062123395e-05,1.4185888941298102e-05,0.09083718520157194,9.471250164668613e-06,0.06079448601554621,9.382662143547626e-06,0.389472196410317
1463,415.0,100.0,66,0.03676916731737227,515.0,1.4402337374607235e-05,1.4402337374607235e-05,1.4187659572787166e-05,0.09084852317137852,9.468762052344877e-06,0.06077851520839398,9.376608312759658e-06,0.3892209032551747
1464,476.0,103.0,66,0.04372798421910732,579.0,1.7128078425032245e-05,1.7128078425032245e-05,1.4189430566476982e-05,0.0908598634604826,9.466276293093475e-06,0.06076255950524815,9.37055838799182e-06,0.38896977223804996
1465,466.0,53.0,66,0.03360292667230504,519.0,1.3162133439994142e-05,1.3162133439994142e-05,1.419120191965037e-05,0.09087120605148512,9.463792883084027e-06,0.0607466188815221,9.364512366723891e-06,0.388718803254329
1466,337.0,110.0,66,0.03068710714001884,447.0,1.2020018464558887e-05,1.2020018464558887e-05,1.419297362959921e-05,0.09088255092704506,9.461311818495003e-06,0.06073069331268604,9.358470246437277e-06,0.3884679961994654
1467,418.0,45.0,66,0.030246348624288225,463.0,1.1847375097645212e-05,1.1847375097645212e-05,1.4194745693624402e-05,0.09089389806987916,9.458833095513699e-06,0.06071478277426678,9.352432024615007e-06,0.3882173509689804
1468,461.0,99.0,66,0.04370273866986026,560.0,1.7118189843266847e-05,1.7118189843266847e-05,1.4196518109035832e-05,0.09090524746276164,9.456356710336193e-06,0.06069888724184756,9.346397698741733e-06,0.3879668674584625
1469,1299.0,112.0,66,0.09010832510144928,1411.0,3.5295074461985616e-05,3.5295074461985616e-05,1.4198290873152304e-05,0.09091659908852391,9.453882659167333e-06,0.0606830066910679,9.340367266303736e-06,0.3877165455635676
1470,503.0,74.0,65,0.03934227245295449,577.0,1.541021247667626e-05,1.541021247667626e-05,1.392813451311169e-05,0.0909279529300549,9.28605569421678e-06,0.060667141097623334,9.174474216791873e-06,0.38746638518001897
1471,411.0,92.0,63,0.029377740050297314,503.0,1.1507144555541447e-05,1.1507144555541447e-05,1.338632449360824e-05,0.0909393089703,8.953144934780242e-06,0.060651290437265394,8.849158350494012e-06,0.38721638620360704
1472,480.0,52.0,62,0.035754380148103795,532.0,1.400484925503478e-05,1.400484925503478e-05,1.3116376192218586e-05,0.09095066719226148,8.785677835178924e-06,0.06063545468580143,8.6839186449819e-06,0.38696654853018975
1473,519.0,181.0,62,0.04337889714915217,700.0,1.6991342400764656e-05,1.6991342400764656e-05,1.3118014521114087e-05,0.09096202757899807,8.78338549584242e-06,0.060619633819094194,8.678315653714718e-06,0.38671687205569183
1474,367.0,98.0,62,0.030115610769614415,465.0,1.1796165597185434e-05,1.1796165597185434e-05,1.3119653159765805e-05,0.09097339011362476,8.781095309719824e-06,0.06060382781306211,8.67271627757942e-06,0.38646735667610554
1475,467.0,78.0,62,0.037649338417788294,545.0,1.4747096912568858e-05,1.4747096912568858e-05,1.3121292105746768e-05,0.09098475477931262,8.778807273329852e-06,0.06058803664367867,8.667120514243464e-06,0.38621800228749
1476,238.0,47.0,62,0.020262441223195274,285.0,7.936718066273119e-06,7.936718066273119e-06,1.3122931356638031e-05,0.09099612155928835,8.776521383199212e-06,0.060572260286972525,8.66152836137582e-06,0.3859688087859715
1477,362.0,89.0,62,0.025138140571244066,451.0,9.84651021200316e-06,9.84651021200316e-06,1.3124570910028735e-05,0.09100749043683475,8.774237635862591e-06,0.06055649871902736,8.655939816646968e-06,0.38571977606774344
1478,411.0,57.0,62,0.03543717555312625,468.0,1.3880601470084703e-05,1.3880601470084703e-05,1.3126210763515941e-05,0.09101886139528953,8.77195602786259e-06,0.06054075191598151,8.650354877728874e-06,0.3854709040290659
1479,433.0,71.0,62,0.032275505036121976,504.0,1.2642187636553849e-05,1.2642187636553849e-05,1.3127850914704718e-05,0.09103023441804592,8.769676555749727e-06,0.06052501985402796,8.644773542295023e-06,0.3852221925662662
1480,559.0,103.0,62,0.049121337993105176,662.0,1.9240633761498307e-05,1.9240633761498307e-05,1.3129491361208067e-05,0.09104160948855215,8.767399216082419e-06,0.060509302509414165,8.63919580802039e-06,0.38497364157573843
1481,370.0,54.0,62,0.029806096977275088,424.0,1.1674930269202933e-05,1.1674930269202933e-05,1.313113210064689e-05,0.09105298659031126,8.76512400542694e-06,0.060493599858441854,8.633621672581459e-06,0.38472525095394355
1482,289.0,68.0,61,0.025197950051583325,357.0,9.869937348837964e-06,9.869937348837964e-06,1.286268728998961e-05,0.09106436570688083,8.598841096858397e-06,0.0604779118774669,8.470188442725983e-06,0.3844770205974093
1483,347.0,51.0,61,0.03293463624322607,398.0,1.290036672276775e-05,1.290036672276775e-05,1.2864294853189742e-05,0.09107574682187285,8.59661263841427e-06,0.06046223854289909,8.464723353309999e-06,0.38422895040273014
1484,381.0,199.0,60,0.033125146949899,580.0,1.2974989012886409e-05,1.2974989012886409e-05,1.2596121407185448e-05,0.0910871299189536,8.430598548482763e-06,0.060446579831202066,8.301729681336814e-06,0.38398104026656726
1485,343.0,63.0,59,0.028532187643025453,406.0,1.117594502272834e-05,1.117594502272834e-05,1.2328066506054273e-05,0.09109851498184332,8.264739755237158e-06,0.0604309357188931,8.1390061071317e-06,0.3837332900856487
1486,328.0,111.0,58,0.03136577624603726,439.0,1.2285850468483063e-05,1.2285850468483063e-05,1.206012996749396e-05,0.0911099019943162,8.099036008894481e-06,0.06041530618254306,7.976552217577602e-06,0.38348569975676894
1487,238.0,107.0,58,0.023627904837615673,345.0,9.254956849829875e-06,9.254956849829875e-06,1.2061637511290437e-05,0.09112129094019981,8.096942726185192e-06,0.060399691198775925,7.971405629470963e-06,0.3832382691767891
1488,248.0,25.0,57,0.019760178124070073,273.0,7.739983597363915e-06,7.739983597363915e-06,1.1793970820942893e-05,0.09113268180337523,7.93150610810391e-06,0.06038409074426907,7.809388549636766e-06,0.3829909982426369
1489,325.0,59.0,57,0.026547562453260447,384.0,1.0398575187332724e-05,1.0398575187332724e-05,1.1795445219899059e-05,0.09114407456777693,7.929458879366435e-06,0.06036850479575274,7.804349817972587e-06,0.3827438868513064
1490,401.0,48.0,57,0.027587995983724994,449.0,1.080610888512534e-05,1.080610888512534e-05,1.1796919862830851e-05,0.09115546921739213,7.927413552954674e-06,0.06035293333001014,7.799314337371742e-06,0.38249693489985837
1491,212.0,65.0,57,0.02175431268578693,277.0,8.521078216132757e-06,8.521078216132757e-06,1.1798394747672822e-05,0.09116686573626102,7.925370125825992e-06,0.06033737632387715,7.7942821057366e-06,0.38225014228541976
1492,373.0,72.0,57,0.03454155660233504,445.0,1.3529791070244824e-05,1.3529791070244824e-05,1.179986987236634e-05,0.09117826410847642,7.92332859494466e-06,0.060321833754242174,7.789253120970877e-06,0.3820035089051841
1493,278.0,69.0,57,0.0218275083399435,347.0,8.54974866429436e-06,8.54974866429436e-06,1.1801345234859552e-05,0.09118966431818355,7.92128895728184e-06,0.06030630559804604,7.78422738097965e-06,0.38175703465641103
1494,409.0,39.0,55,0.03540401209524108,448.0,1.3867611474830034e-05,1.3867611474830034e-05,1.1266280849706633e-05,0.09120106634957997,7.5938790068369004e-06,0.06029079183228183,7.46741792313034e-06,0.3815107194364267
1495,404.0,22.0,55,0.02719780319064134,426.0,1.0653271911727903e-05,1.0653271911727903e-05,1.1267689592381743e-05,0.09121247018691513,7.591926792382685e-06,0.06027529243399472,7.4625998359139365e-06,0.38126456314262347
1496,470.0,52.0,55,0.03801304206083247,522.0,1.4889558190690351e-05,1.4889558190690351e-05,1.126909855620942e-05,0.09122387581449055,7.589976384687966e-06,0.06025980738028179,7.457784857397844e-06,0.38101856567245973
1497,182.0,206.0,55,0.027067229556187313,388.0,1.0602126735678541e-05,1.0602126735678541e-05,1.1270507739256749e-05,0.09123528321665926,7.588027780874552e-06,0.060244336648291937,7.452972985576283e-06,0.38077272692346015
1498,311.0,70.0,55,0.028346267568735265,381.0,1.1103120865152866e-05,1.1103120865152866e-05,1.1271917139597197e-05,0.09124669237782586,7.586080978070755e-06,0.060228880215225704,7.448164218444772e-06,0.3805270467932156
1499,271.0,78.0,55,0.023676303791483756,349.0,9.273914528587449e-06,9.273914528587449e-06,1.1273326755310564e-05,0.09125810328244621,7.584135973411367e-06,0.06021343805833509,7.443358554000117e-06,0.38028152517938285
1500,597.0,69.0,55,0.03929818081326392,666.0,1.539294195584172e-05,1.539294195584172e-05,1.1274736584482958e-05,0.09126951591502731,7.582192764037652e-06,0.06019801015492344,7.4385559902404185e-06,0.3800361619796848
1501,339.0,123.0,55,0.03300955748306494,462.0,1.2929713076014468e-05,1.2929713076014468e-05,1.1276146625206783e-05,0.09128093026012706,7.580251347097316e-06,0.060182596482345294,7.433756525165071e-06,0.3797909570919104
1502,154.0,103.0,55,0.01818070334504357,257.0,7.121309575026858e-06,7.121309575026858e-06,1.1277556875580722e-05,0.0912923463023542,7.578311719744491e-06,0.06016719701800617,7.4289601567747576e-06,0.37954591041391444
1503,335.0,62.0,55,0.02497536085688511,397.0,9.782750041866474e-06,9.782750041866474e-06,1.127896733370966e-05,0.0913037640263677,7.576373879139726e-06,0.06015181173936257,7.424166883071451e-06,0.37930102184361764
1504,316.0,34.0,54,0.02425501650026779,350.0,9.500594007155421e-06,9.500594007155421e-06,1.101360049779714e-05,0.09131518341687726,7.4128386233963145e-06,0.06013644062392164,7.265098395736673e-06,0.3790562912790067
1505,256.0,31.0,54,0.020999827654825262,287.0,8.22554941434597e-06,8.22554941434597e-06,1.101497799917825e-05,0.09132660445864269,7.4109456151991455e-06,0.06012108364924121,7.260410848037221e-06,0.3788117186181339
1506,825.0,96.0,54,0.06911231349852805,921.0,2.707101978007366e-05,2.707101978007366e-05,1.1016355697886599e-05,0.09133802713647374,7.409054347330923e-06,0.06010574079292942,7.255726324812077e-06,0.37856730375911757
1507,307.0,78.0,54,0.022625299526260724,385.0,8.862240315809135e-06,8.862240315809135e-06,1.1017733592096076e-05,0.09134945143522985,7.407164817037685e-06,0.06009041203264482,7.2510448241098005e-06,0.3783230466001415
1508,202.0,29.0,53,0.015170218450139022,231.0,5.942114551562484e-06,5.942114551562484e-06,1.0752925999372353e-05,0.09136087733982018,7.2441085313888935e-06,0.06007509734609608,7.0927276450182376e-06,0.37807894703945544
1509,327.0,52.0,53,0.029473363321387048,379.0,1.1544599812529201e-05,1.1544599812529201e-05,1.0754270984400903e-05,0.0913723048352037,7.242263516302305e-06,0.06005979671104188,7.088151313447181e-06,0.37783500497537464
1510,358.0,73.0,53,0.029568966365320457,431.0,1.1582047146619842e-05,1.1582047146619842e-05,1.0755616154896904e-05,0.091383733906388,7.240420192928227e-06,0.0600445101052907,7.083577934592158e-06,0.37759122030627995
1511,500.0,75.0,53,0.03805707806566806,575.0,1.4906806919572292e-05,1.4906806919572292e-05,1.075696150910164e-05,0.09139516453843036,7.238578558596709e-06,0.06002923750670077,7.079007506548036e-06,0.37734759293061787
1512,418.0,49.0,53,0.029684878696843282,467.0,1.1627449548313076e-05,1.1627449548313076e-05,1.075830704526211e-05,0.09140659671643661,7.236738610643792e-06,0.06001397889317996,7.074440027410905e-06,0.37710412274690036
1513,517.0,77.0,53,0.042677953450377615,594.0,1.671678552697909e-05,1.671678552697909e-05,1.0759652761631057e-05,0.09141803042556144,7.234900346411455e-06,0.05999873424268543,7.069875495278091e-06,0.3768608096537049
1514,247.0,63.0,53,0.019706932369042914,310.0,7.719127445766907e-06,7.719127445766907e-06,1.0760998656466955e-05,0.09142946565100817,7.233063763247636e-06,0.05998350353322373,7.065313908248139e-06,0.3766176535496743
1515,199.0,49.0,53,0.016526268980250995,248.0,6.473274179495102e-06,6.473274179495102e-06,1.0762344728033965e-05,0.09144090237802846,7.23122885850619e-06,0.05996828674285048,7.06075526442083e-06,0.37637465433351697
1516,274.0,50.0,53,0.02249241008578515,324.0,8.810188047702762e-06,8.810188047702762e-06,1.0763690974601914e-05,0.09145234059192212,7.229395629546883e-06,0.059953083849670345,7.0561995618971645e-06,0.37613181190400646
1517,305.0,117.0,53,0.028326207216681623,422.0,1.1095263304614816e-05,1.1095263304614816e-05,1.0765037394446297e-05,0.09146378027803712,7.227564073735381e-06,0.059937894831836876,7.051646798779372e-06,0.3758891261599819
1518,280.0,49.0,53,0.022934026290666647,329.0,8.983167368063709e-06,8.983167368063709e-06,1.076638398584824e-05,0.09147522142176924,7.225734188443205e-06,0.05992271966755223,7.047096973170902e-06,0.3756465970003473
1519,323.0,53.0,53,0.025145962454958447,376.0,9.849574012909694e-06,9.849574012909694e-06,1.076773074709446e-05,0.09148666400856181,7.223905971047748e-06,0.05990755833506722,7.042550083176434e-06,0.3754042243240723
1520,356.0,42.0,53,0.026810729170960293,398.0,1.0501656549533996e-05,1.0501656549533996e-05,1.076907767647731e-05,0.09149810802390602,7.222079418932238e-06,0.059892410812681054,7.0380061269018646e-06,0.37516200803019145
1521,236.0,67.0,52,0.02394413564101869,303.0,9.378823204472656e-06,9.378823204472656e-06,1.0506142452912378e-05,0.09150955345333997,7.0604701366405895e-06,0.05987727707874134,6.88188007972903e-06,0.37491994801780454
1522,340.0,37.0,52,0.02301442648038935,377.0,9.014659804304485e-06,9.014659804304485e-06,1.0507456654683888e-05,0.09152100028244944,7.058687255364611e-06,0.059862157111643645,6.877439790089653e-06,0.37467804418607653
1523,322.0,43.0,52,0.028182607416585355,365.0,1.1039015831016591e-05,1.1039015831016591e-05,1.0508771015501534e-05,0.09153244849686672,7.056905994873422e-06,0.05984705088983175,6.873002365390068e-06,0.37443629643423737
1524,329.0,118.0,52,0.03703772091600964,447.0,1.4507528756760532e-05,1.4507528756760532e-05,1.0510085533721196e-05,0.09154389808227133,7.055126352630832e-06,0.059831958391797155,6.868567803781773e-06,0.374194704661582
1525,273.0,60.0,52,0.020501134876594728,333.0,8.030213426006553e-06,8.030213426006553e-06,1.051140020770407e-05,0.09155534902438911,7.0533483261063e-06,0.05981687959607925,6.864136103417461e-06,0.3739532687674703
1526,315.0,78.0,52,0.027908601641538796,393.0,1.0931688852933333e-05,1.0931688852933333e-05,1.0512715035816739e-05,0.09156680130899285,7.051571912774881e-06,0.059801814481264905,6.8597072624510154e-06,0.3737119886513274
1527,414.0,61.0,52,0.030552246633584815,475.0,1.196719413771438e-05,1.196719413771438e-05,1.051403001643104e-05,0.0915782549219011,7.049797110117235e-06,0.05978676302598851,6.855281279037509e-06,0.37347086421264275
1528,287.0,100.0,52,0.021635907026725115,387.0,8.47469918790643e-06,8.47469918790643e-06,1.0515345147924184e-05,0.09158970984897918,7.048023915619599e-06,0.05977172520893176,6.8508581513332095e-06,0.37322989535097123
1529,382.0,117.0,52,0.03486508876032205,499.0,1.3656517336593048e-05,1.3656517336593048e-05,1.0516660428678607e-05,0.09160116607613795,7.046252326773784e-06,0.05975670100882361,6.846437877495568e-06,0.3729890819659321
1530,273.0,130.0,52,0.030606938668586905,403.0,1.1988616791455896e-05,1.1988616791455896e-05,1.0517975857082034e-05,0.09161262358933435,7.044482341077139e-06,0.05974169040444,6.842020455683231e-06,0.3727484239572097
1531,257.0,92.0,52,0.0272288453772317,349.0,1.066543101340842e-05,1.066543101340842e-05,1.0519291431527433e-05,0.09162408237457095,7.042713956032553e-06,0.05972669337460383,6.837605884056031e-06,0.37250792122455295
1532,276.0,86.0,52,0.025401819517789564,362.0,9.94979221221683e-06,9.94979221221683e-06,1.0520607150412973e-05,0.09163554241789566,7.040947169148434e-06,0.05971170989818483,6.8331941607749835e-06,0.37226757366777535
1533,239.0,105.0,52,0.022344100774092716,344.0,8.752095877043758e-06,8.752095877043758e-06,1.0521923012142073e-05,0.09164700370540207,7.039181977938679e-06,0.059696739954099236,6.8287852840022964e-06,0.37202738118675527
1534,238.0,20.0,52,0.018087268422663026,258.0,7.084711485571103e-06,7.084711485571103e-06,1.0523239015123302e-05,0.0916584662232287,7.037418379922686e-06,0.05968178352130999,6.82437925190136e-06,0.3717873436814355
1535,368.0,82.0,52,0.028842342508857997,450.0,1.1297431456661965e-05,1.1297431456661965e-05,1.0524555157770396e-05,0.091669929957559,7.035656372625318e-06,0.059666840578826354,6.819976062636749e-06,0.37154746105182346
1536,226.0,62.0,52,0.021697192585098807,288.0,8.498704498667766e-06,8.498704498667766e-06,1.0525871438502275e-05,0.09168139489462161,7.033895953576887e-06,0.059651911105703795,6.815575714374227e-06,0.3713077331979911
1537,273.0,39.0,52,0.021279712091786706,312.0,8.335179041044539e-06,8.335179041044539e-06,1.0527187855742963e-05,0.09169286102068963,7.032137120313148e-06,0.059636995081043954,6.811178205280736e-06,0.3710681600200748
1538,343.0,98.0,52,0.030279838736280998,441.0,1.1860493042021542e-05,1.1860493042021542e-05,1.0528504407921608e-05,0.09170432832208078,7.030379870375289e-06,0.059622092483994533,6.806783533524403e-06,0.37082874141827543
1539,284.0,66.0,52,0.024616353722925286,350.0,9.64212836777332e-06,9.64212836777332e-06,1.052982109347244e-05,0.09171579678515702,7.028624201309885e-06,0.059607203293748946,6.802391697274536e-06,0.3705894772928582
1540,289.0,66.0,52,0.028156584915291966,355.0,1.102882292020837e-05,1.102882292020837e-05,1.0531137910834797e-05,0.09172726639632488,7.026870110668923e-06,0.059592327489546466,6.798002694701626e-06,0.3703503675441527
1541,322.0,81.0,52,0.02632549828098912,403.0,1.031159352956879e-05,1.031159352956879e-05,1.0532454858453037e-05,0.09173873714203451,7.0251175960097576e-06,0.05957746505067192,6.7936165239773426e-06,0.37011141207255277
1542,503.0,78.0,52,0.04050216023191506,581.0,1.5864535931028227e-05,1.5864535931028227e-05,1.0533771934776583e-05,0.09175020900878027,7.023366654895109e-06,0.05956261595645561,6.789233183274536e-06,0.3698726107785167
1543,274.0,58.0,51,0.024666710393693107,332.0,9.661852876495538e-06,9.661852876495538e-06,1.0273959878464486e-05,0.09176168198310025,6.864121874503378e-06,0.059547780186273186,6.636658047117772e-06,0.36963396356256667
1544,252.0,32.0,51,0.015473718941277198,284.0,6.060994493253897e-06,6.060994493253897e-06,1.0275244555430024e-05,0.091773156051576,6.862413276503899e-06,0.05953295771954549,6.632375978318941e-06,0.3693954703252894
1545,355.0,56.0,51,0.02716514133519237,411.0,1.064047839216309e-05,1.064047839216309e-05,1.0276529353403577e-05,0.0917846312008326,6.86070620963768e-06,0.05951814853573853,6.6280966723735025e-06,0.36915713096733554
1546,392.0,41.0,51,0.030697323693658553,433.0,1.2024020248201548e-05,1.2024020248201548e-05,1.0277814270892472e-05,0.09179610741753827,6.859000671542918e-06,0.05950335261436315,6.623820127498822e-06,0.3689189453894199
1547,336.0,116.0,51,0.029947222268006096,452.0,1.1730208487272266e-05,1.1730208487272266e-05,1.0279099306408909e-05,0.09180758468840473,6.857296659862993e-06,0.05948856993497514,6.619546341913418e-06,0.3686809134923214
1548,340.0,33.0,51,0.026079855485224988,373.0,1.0215376218262823e-05,1.0215376218262823e-05,1.0280384458469861e-05,0.09181906300018636,6.855594172246425e-06,0.05947380047717489,6.615275313836955e-06,0.36844303517688287
1549,301.0,35.0,51,0.023472791666047675,336.0,9.194199634174569e-06,9.194199634174569e-06,1.0281669725597087e-05,0.09183054233968029,6.853893206346889e-06,0.05945904422060751,6.6110070414902495e-06,0.3682053103440112
1550,362.0,26.0,51,0.025362173797801542,388.0,9.934263140541144e-06,9.934263140541144e-06,1.0282955106317163e-05,0.09184202269372664,6.85219375982316e-06,0.059444301144962367,6.606741523095262e-06,0.3679677388946772
1551,298.0,31.0,51,0.021173192358114927,329.0,8.29345568277122e-06,8.29345568277122e-06,1.0284240599161396e-05,0.09185350404920783,6.850495830339147e-06,0.05942957122997333,6.602478756875106e-06,0.36773032072991557
1552,420.0,63.0,51,0.03601720508880072,483.0,1.4107796744536123e-05,1.4107796744536123e-05,1.028552620266585e-05,0.09186498639304871,6.848799415563842e-06,0.05941485445541841,6.5982187410540355e-06,0.3674930557508249
1553,407.0,52.0,51,0.03343581794285153,459.0,1.3096677611771066e-05,1.3096677611771066e-05,1.0286811915371306e-05,0.09187646971221633,6.847104513171319e-06,0.059400150801119656,6.593961473857453e-06,0.36725594385856747
1554,218.0,107.0,49,0.023034868248252884,325.0,9.02266676390634e-06,9.02266676390634e-06,9.768930132455513e-06,0.09188795399371998,6.5326604877930275e-06,0.05938546024694308,6.296630298837936e-06,0.3670189849543694
1555,281.0,49.0,49,0.020201097516724352,330.0,7.91268997913214e-06,7.91268997913214e-06,9.770151167566737e-06,0.09189943922461052,6.53104590141101e-06,0.05937078277279856,6.292567620913444e-06,0.3667821789395207
1556,380.0,73.0,49,0.029487380717395352,453.0,1.1550090371091012e-05,1.1550090371091012e-05,9.77137230223842e-06,0.09191092539198098,6.529432751684563e-06,0.05935611835863969,6.2885075642881444e-06,0.3665455257153748
1557,282.0,48.0,49,0.02200814952282374,330.0,8.620505100988538e-06,8.620505100988538e-06,9.772593535102772e-06,0.09192241248296575,6.527821036413278e-06,0.05934146698446355,6.284450127270738e-06,0.366309025183349
1558,400.0,47.0,49,0.027341100484885694,447.0,1.0709400894980687e-05,1.0709400894980687e-05,9.773814864796424e-06,0.09193390048474073,6.526210753401534e-06,0.05932682863031076,6.280395308171013e-06,0.36607267724492404
1559,259.0,46.0,48,0.019182953905033336,305.0,7.513887154341298e-06,7.513887154341298e-06,9.516148295507334e-06,0.09194538938452332,6.368730472181503e-06,0.059312203276265255,6.130549276335765e-06,0.3658364818016443
1560,293.0,81.0,48,0.02750193839207373,374.0,1.0772400466930565e-05,1.0772400466930565e-05,9.517337463328991e-06,0.09195687916957192,6.367161448182718e-06,0.05929759090245421,6.126593756315068e-06,0.3656004387551177
1561,267.0,25.0,48,0.020985744297281,292.0,8.220033018911477e-06,8.220033018911477e-06,9.518526721459295e-06,0.09196836982718609,6.365593815825442e-06,0.05928299148904783,6.122640788453719e-06,0.36536454800701573
1562,339.0,72.0,48,0.029334247992913867,411.0,1.1490108888724585e-05,1.1490108888724585e-05,9.519716068588002e-06,0.09197986134470626,6.364027572985048e-06,0.05926840501625938,6.118690371105024e-06,0.365128809459073
1563,310.0,71.0,48,0.025030805039399875,381.0,9.804467308813112e-06,9.804467308813112e-06,9.520905503409085e-06,0.09199135370951353,6.362462717541498e-06,0.059253831464344875,6.114742502623358e-06,0.3648932230130879
1564,213.0,85.0,48,0.023167325799458575,298.0,9.07454986269431e-06,9.07454986269431e-06,9.522095024620738e-06,0.0920028469090298,6.360899247379349e-06,0.05923927081360313,6.110797181364152e-06,0.36465778857092196
1565,371.0,51.0,48,0.03114968305588946,422.0,1.2201207620794931e-05,1.2201207620794931e-05,9.523284630925322e-06,0.09201434093071721,6.359337160387736e-06,0.05922472304437558,6.106854405683903e-06,0.3644225060345001
1566,176.0,49.0,47,0.016720545073149344,225.0,6.549371356501898e-06,6.549371356501898e-06,9.266553556374979e-06,0.09202583576207843,6.202605043297281e-06,0.0592101881370461,5.958153990635976e-06,0.36418737530581063
1567,190.0,47.0,47,0.016042567664412342,237.0,6.283810287666409e-06,6.283810287666409e-06,9.267711110196665e-06,0.0920373313906562,6.201083774129353e-06,0.05919566607204094,5.954309702574003e-06,0.3639523962869048
1568,161.0,30.0,46,0.014116181550968773,191.0,5.529252468064541e-06,5.529252468064541e-06,9.01122286484238e-06,0.0920488278040333,6.044591289559167e-06,0.05918115682982867,5.806001201565106e-06,0.3637175688798973
1569,266.0,36.0,46,0.022523352533391945,302.0,8.822308082017996e-06,8.822308082017996e-06,9.012348394694597e-06,0.09206032498983248,6.043110665437383e-06,0.059166660390919945,5.802255084707091e-06,0.363482892986966
1570,250.0,64.0,46,0.02023728713308959,314.0,7.926865308691576e-06,7.926865308691576e-06,9.013473998956149e-06,0.09207182293571631,6.041631347021506e-06,0.05915217673586745,5.7985113848984405e-06,0.3632483685103518
1571,190.0,69.0,46,0.01811399562428683,259.0,7.095180424710863e-06,7.095180424710863e-06,9.014599676423099e-06,0.09208332162938666,6.0401533323295194e-06,0.059137705845265745,5.794770100579637e-06,0.3630139953523585
1572,183.0,63.0,46,0.01798303917057269,246.0,7.043885299871794e-06,7.043885299871794e-06,9.015725425895404e-06,0.09209482105858523,6.038676619383684e-06,0.05912324769975125,5.791031230192173e-06,0.3627797734153533
1573,193.0,58.0,46,0.016473139974840015,251.0,6.452463758260876e-06,6.452463758260876e-06,9.016851246176885e-06,0.09210632121109312,6.037201206210506e-06,0.05910880228000195,5.787294772178545e-06,0.36254570260176605
1574,327.0,106.0,46,0.03616817264617399,433.0,1.4166930139511942e-05,1.4166930139511942e-05,9.01797713607515e-06,0.09211782207473018,6.035727090840744e-06,0.05909436956673747,5.783560724982254e-06,0.3623117828140899
1575,221.0,77.0,46,0.021075266627260454,298.0,8.25509856140245e-06,8.25509856140245e-06,9.01910309440169e-06,0.09212932363735589,6.034254271309385e-06,0.05907994954071885,5.779829087047806e-06,0.36207801395488065
1576,184.0,29.0,46,0.01643760651914816,213.0,6.438545444241347e-06,6.438545444241347e-06,9.020229119971761e-06,0.0921408258868682,6.032782745655635e-06,0.059065542182748405,5.776099856820708e-06,0.36184439592675693
1577,231.0,76.0,46,0.02195751533344211,307.0,8.600671889323193e-06,8.600671889323193e-06,9.021355211604446e-06,0.09215232881120414,6.031312511922913e-06,0.05905114747366973,5.772373032747473e-06,0.3616109286324004
1578,317.0,90.0,46,0.02408972696510223,407.0,9.435850750137967e-06,9.435850750137967e-06,9.022481368122606e-06,0.09216383239833935,6.029843568158831e-06,0.05903676539436744,5.768648613275617e-06,0.36137761197455553
1579,218.0,25.0,46,0.014865777765816999,243.0,5.822866339920485e-06,5.822866339920485e-06,9.023607588352865e-06,0.0921753366362879,6.028375912415185e-06,0.05902239592576714,5.764926596853654e-06,0.36114444585602934
1580,315.0,122.0,46,0.032923593772536626,437.0,1.2896041430684146e-05,1.2896041430684146e-05,9.024733871125626e-06,0.09218684151310244,6.026909542747951e-06,0.05900803904883537,5.761206981931101e-06,0.36091143017969163
1581,230.0,60.0,46,0.02064807073681147,290.0,8.08776762115608e-06,8.08776762115608e-06,9.025860215275016e-06,0.09219834701687372,6.025444457217262e-06,0.058993694744579335,5.757489766958477e-06,0.36067856484847494
1582,360.0,27.0,46,0.026021182741538654,387.0,1.019239433667789e-05,1.019239433667789e-05,9.026986619638899e-06,0.09220985313573062,6.023980653887407e-06,0.058979362994046956,5.753774950387298e-06,0.3604458497653744
1583,193.0,42.0,46,0.016849472667909926,235.0,6.5998717853152866e-06,6.5998717853152866e-06,9.028113083058875e-06,0.09222135985784015,6.022518130826804e-06,0.058965043778326565,5.750062530670081e-06,0.3602132848334478
1584,197.0,48.0,46,0.01718286705481207,245.0,6.730461047713306e-06,6.730461047713306e-06,9.02923960438022e-06,0.09223286717140697,6.021056886108012e-06,0.058950737078547054,5.746352506260341e-06,0.3599808699558153
1585,223.0,78.0,46,0.020654023062822786,301.0,8.090099123706536e-06,8.090099123706536e-06,9.03036618245195e-06,0.09224437506467381,6.019596917807695e-06,0.05893644287587749,5.742644875612589e-06,0.3597486050356597
1586,286.0,37.0,46,0.024145222139962057,323.0,9.457587990584432e-06,9.457587990584432e-06,9.031492816126702e-06,0.09225588352592051,6.018138224006625e-06,0.05892216115152717,5.7389396371823365e-06,0.35951648997622626
1587,289.0,43.0,46,0.023085229631977133,332.0,9.042393118674944e-06,9.042393118674944e-06,9.032619504260839e-06,0.09226739254346493,6.016680802789673e-06,0.058907891886745514,5.735236789426089e-06,0.35928452468082267
1588,285.0,97.0,46,0.02614088168504315,382.0,1.0239279939304015e-05,1.0239279939304015e-05,9.033746245714346e-06,0.09227890210566189,6.015224652245786e-06,0.05889363506282188,5.7315363308013495e-06,0.359052709052819
1589,250.0,23.0,46,0.017992512653325916,273.0,7.047596025587903e-06,7.047596025587903e-06,9.034873039350857e-06,0.09229041220090352,6.013769770467979e-06,0.05887939066108541,5.7278382597666135e-06,0.35882104299564754
1590,211.0,27.0,45,0.015898020149424406,238.0,6.227191597894401e-06,6.227191597894401e-06,8.781335655022354e-06,0.09230192281761904,5.859497832218947e-06,0.05886515866290516,5.582851431907748e-06,0.3585895264128031
1591,267.0,86.0,45,0.022639940353749798,353.0,8.867975070015588e-06,8.867975070015588e-06,8.782430790029784e-06,0.09231343394427467,5.858082397440484e-06,0.05885093904968965,5.579249294543528e-06,0.3583581592078427
1592,483.0,62.0,45,0.03752706129356896,545.0,1.469920144675635e-05,1.469920144675635e-05,8.78352597245763e-06,0.09232494556937336,5.856668193627351e-06,0.058836731802887045,5.5756494813309975e-06,0.35812694128438544
1593,209.0,81.0,45,0.020770451108599864,290.0,8.135703528632928e-06,8.135703528632928e-06,8.7846212012156e-06,0.09233645768145485,5.855255218936803e-06,0.058822536903984875,5.57205199077058e-06,0.3578958725461128
1594,358.0,48.0,45,0.029053465913499513,406.0,1.1380127659028403e-05,1.1380127659028403e-05,8.785716475216871e-06,0.09234797026909539,5.853843471530001e-06,0.058808354334509996,5.568456821363667e-06,0.3576649528967683
1595,275.0,29.0,45,0.0202346198382369,304.0,7.925820539849941e-06,7.925820539849941e-06,8.786811793378095e-06,0.09235948332090775,5.852432949572013e-06,0.058794184076028475,5.5648639716126154e-06,0.3574341822401575
1596,272.0,71.0,45,0.026194941661715886,343.0,1.0260455018298427e-05,1.0260455018298427e-05,8.787907154619358e-06,0.0923709968255408,5.851023651231797e-06,0.058780026110145454,5.56127344002075e-06,0.3572035604801482
1597,290.0,39.0,45,0.02335674567233134,329.0,9.148744877528923e-06,9.148744877528923e-06,8.789002557864224e-06,0.09238251077167996,5.849615574682195e-06,0.05876588041850511,5.557685225092362e-06,0.35697308752067014
1598,228.0,88.0,45,0.02228407460684134,316.0,8.728583864802718e-06,8.728583864802718e-06,8.79009800203966e-06,0.09239402514804643,5.848208718099915e-06,0.05875174698279045,5.554099325332704e-06,0.35674276326571497
1599,358.0,79.0,45,0.032346952155347455,437.0,1.2670173190500373e-05,1.2670173190500373e-05,8.79119348607607e-06,0.09240553994339748,5.846803079665528e-06,0.05873762578472328,5.550515739247997e-06,0.3565125876193364
1600,246.0,24.0,45,0.019610932754182835,270.0,7.681524776413174e-06,7.681524776413174e-06,8.792289008907252e-06,0.09241705514652616,5.8453986575634485e-06,0.05872351680606405,5.546934465345422e-06,0.35628256048565
1601,221.0,65.0,44,0.019047250688167056,286.0,7.46073274115435e-06,7.46073274115435e-06,8.54018287525167e-06,0.09242857074626126,5.692231958835773e-06,0.05870942002861183,5.4036166064069414e-06,0.3560526817688332
1602,468.0,35.0,44,0.03357555377957327,503.0,1.3151411586201829e-05,1.3151411586201829e-05,8.541246925240238e-06,0.09244008673146703,5.690866372557184e-06,0.058695335434204084,5.400130113972518e-06,0.35582295137312536
1603,329.0,53.0,44,0.02409788562679738,382.0,9.439046465647231e-06,9.439046465647231e-06,8.542311009819766e-06,0.09245160309104335,5.689501965740906e-06,0.05868126300471667,5.396645871073984e-06,0.3555933692028274
1604,333.0,119.0,44,0.03260929699149395,452.0,1.277293262494867e-05,1.277293262494867e-05,8.543375127967876e-06,0.09246311981392526,5.688138736633399e-06,0.05866720272206363,5.393163876259907e-06,0.35536393516230214
1605,500.0,90.0,44,0.04475898719889045,590.0,1.7531918213431435e-05,1.7531918213431435e-05,8.544439278665456e-06,0.09247463688908308,5.686776683484828e-06,0.05865315456819727,5.389684128079791e-06,0.35513464915597415
1606,201.0,48.0,44,0.016712117555480816,249.0,6.546070331171491e-06,6.546070331171491e-06,8.54550346089663e-06,0.09248615430552226,5.685415804549038e-06,0.05863911852510782,5.386206625084074e-06,0.35490551108832963
1607,188.0,20.0,44,0.015759597186702435,208.0,6.172971871015447e-06,6.172971871015447e-06,8.546567673648752e-06,0.09249767205228313,5.68405609808356e-06,0.058625094574823525,5.3827313658241295e-06,0.3546765208639162
1608,491.0,49.0,44,0.04179838785311019,540.0,1.6372263162205323e-05,1.6372263162205323e-05,8.54763191591241e-06,0.09250919011844103,5.682697562349579e-06,0.058611082699410344,5.379258348852267e-06,0.35444767838734337
1609,213.0,132.0,44,0.02633529869125884,345.0,1.0315432311499741e-05,1.0315432311499741e-05,8.548696186681377e-06,0.09252070849310577,5.681340195611955e-06,0.05859708288097211,5.37578757272173e-06,0.3542189835632821
1610,266.0,117.0,44,0.028388319188073954,383.0,1.1119592318086155e-05,1.1119592318086155e-05,8.549760484952635e-06,0.09253222716542193,5.6799839961391885e-06,0.05858309510165021,5.372319035986695e-06,0.35399043629646476
1611,227.0,99.0,44,0.02456519106647801,326.0,9.622088157649045e-06,9.622088157649045e-06,8.55082480972636e-06,0.09254374612456862,5.678628962203414e-06,0.05856911934362353,5.368852737202272e-06,0.35376203649168536
1612,275.0,55.0,44,0.01967258932056057,330.0,7.705675409541939e-06,7.705675409541939e-06,8.551889160005894e-06,0.0925552653597592,5.6772750920803975e-06,0.0585551555891084,5.365388674924501e-06,0.35353378405379915
1613,227.0,30.0,44,0.015935980507169725,257.0,6.242060519847131e-06,6.242060519847131e-06,8.552953534797744e-06,0.09256678486024135,5.675922384049524e-06,0.058541203820358476,5.361926847710354e-06,0.35330567888772285
1614,211.0,55.0,44,0.020048091266581605,266.0,7.852758036263848e-06,7.852758036263848e-06,8.554017933111591e-06,0.09257830461529702,5.674570836393793e-06,0.058527264019664675,5.358467254117737e-06,0.35307772089843453
1615,173.0,34.0,44,0.014534458003452004,207.0,5.6930896997461824e-06,5.6930896997461824e-06,8.555082353960211e-06,0.09258982461424174,5.673220447399791e-06,0.05851333616935497,5.355009892705486e-06,0.3528499099909737
1616,219.0,79.0,44,0.023037172138744247,298.0,9.023569188697316e-06,9.023569188697316e-06,8.556146796359574e-06,0.09260134484642552,5.671871215357699e-06,0.05849942025179431,5.3515547620333635e-06,0.35262224607044085
1617,192.0,17.0,44,0.013413470237340295,209.0,5.254003226533606e-06,5.254003226533606e-06,8.557211259328734e-06,0.0926128653012318,5.670523138561279e-06,0.058485516249384674,5.348101860662065e-06,0.352394729041998
1618,235.0,176.0,44,0.029725246640072308,411.0,1.1643261511975052e-05,1.1643261511975052e-05,8.558275741889862e-06,0.09262438596807776,5.669176215307858e-06,0.05847162414456477,5.344651187153211e-06,0.3521673588108681
1619,119.0,57.0,44,0.01315222872832267,176.0,5.151675960956784e-06,5.151675960956784e-06,8.559340243068234e-06,0.09263590683641418,5.667830443898329e-06,0.05845774391981006,5.341202740069353e-06,0.3519401352823354
1620,339.0,91.0,44,0.0285602666969385,430.0,1.1186943477061692e-05,1.1186943477061692e-05,8.560404761892212e-06,0.09264742789572519,5.66648582263713e-06,0.05844387555763263,5.337756517973971e-06,0.3517130583617454
1621,266.0,43.0,44,0.023158542092782113,309.0,9.071109319538626e-06,9.071109319538626e-06,8.56146929739325e-06,0.09265894913552848,5.665142349832239e-06,0.05843001904058101,5.334312519431466e-06,0.3514861279545043
1622,213.0,97.0,44,0.021900209159321365,310.0,8.578225287630773e-06,8.578225287630773e-06,8.562533848605847e-06,0.09267047054537458,5.663800023795172e-06,0.05841617435124027,5.330870743007172e-06,0.35125934396607966
1623,332.0,56.0,44,0.02939142352763722,388.0,1.1512504319481872e-05,1.1512504319481872e-05,8.563598414567584e-06,0.09268199211484748,5.66245884284096e-06,0.05840234147223171,5.327431187267345e-06,0.3510327063019999
1624,312.0,111.0,44,0.027336106212504513,423.0,1.070744465824697e-05,1.070744465824697e-05,8.564662994319084e-06,0.09269351383356404,5.661118805288145e-06,0.05838852038621286,5.323993850779168e-06,0.35080621486785446
1625,385.0,25.0,44,0.027741141888684675,410.0,1.0866095530232932e-05,1.0866095530232932e-05,8.565727586904e-06,0.0927050356911739,5.659779909458778e-06,0.05837471107587742,5.3205587321107455e-06,0.3505798695692935
1626,242.0,23.0,44,0.01959366238844776,265.0,7.674760042478559e-06,7.674760042478559e-06,8.566792191369024e-06,0.09271655767735963,5.6584421536783944e-06,0.058360913523955046,5.3171258298311094e-06,0.35035367031202835
1627,213.0,14.0,44,0.017334945562256045,227.0,6.790029597436759e-06,6.790029597436759e-06,8.567856806763857e-06,0.09272807978183634,5.657105536276023e-06,0.05834712771321141,5.313695142510211e-06,0.3501276170018309
1628,233.0,34.0,44,0.019487482276216064,267.0,7.633169712579735e-06,7.633169712579735e-06,8.568921432141203e-06,0.09273960199435166,5.65577005558416e-06,0.05833335362644796,5.31026666871893e-06,0.34990170954453415
1629,131.0,139.0,44,0.01717358537411183,270.0,6.726825450102557e-06,6.726825450102557e-06,8.569986066556777e-06,0.09275112430468578,5.654435709938766e-06,0.05831959124650187,5.306840407029063e-06,0.3496759478460316
1630,197.0,62.0,44,0.0207466712781535,259.0,8.12638906312319e-06,8.12638906312319e-06,8.571050709069273e-06,0.09276264670265115,5.653102497679265e-06,0.05830584055624603,5.303416356013329e-06,0.3494503318122775
1631,353.0,125.0,44,0.03185199659617726,478.0,1.2476301056081967e-05,1.2476301056081967e-05,8.572115358740364e-06,0.09277416917809246,5.651770417148519e-06,0.058292101538588804,5.299994514245369e-06,0.3492248613492868
1632,213.0,46.0,44,0.018341965053234578,259.0,7.184475148152988e-06,7.184475148152988e-06,8.57318001463468e-06,0.0927856917208864,5.650439466692829e-06,0.058278374176473996,5.296574880299744e-06,0.3489995363631352
1633,315.0,42.0,44,0.026990262235611323,357.0,1.0571978940701655e-05,1.0571978940701655e-05,8.57424467581982e-06,0.09279721432094182,5.649109644661924e-06,0.05826465845288081,5.293157452751937e-06,0.34877435675995894
1634,190.0,56.0,44,0.01781768595993236,246.0,6.97911710142278e-06,6.97911710142278e-06,8.575309341366325e-06,0.09280873696819933,5.647780949408954e-06,0.0582509543508237,5.289742230178344e-06,0.3485493224459546
1635,185.0,60.0,44,0.015298343516252644,245.0,5.992300633079766e-06,5.992300633079766e-06,8.576374010347672e-06,0.09282025965263141,5.6464533792904785e-06,0.0582372618533523,5.286329211156288e-06,0.3483244333273797
1636,288.0,44.0,44,0.02427265762363859,332.0,9.507503965389186e-06,9.507503965389186e-06,8.57743868184026e-06,0.09283178236424211,5.645126932666453e-06,0.058223580943551255,5.282918394264e-06,0.3480996893105519
1637,241.0,29.0,44,0.01708068518946955,270.0,6.690436815303388e-06,6.690436815303388e-06,8.578503354923423e-06,0.09284330509306726,5.643801607900226e-06,0.058209911604540227,5.279509778080637e-06,0.3478750903018495
1638,155.0,30.0,44,0.013776798803316222,185.0,5.396317588451321e-06,5.396317588451321e-06,8.579568028679378e-06,0.09285482782917391,5.642477403358531e-06,0.05819625381947378,5.276103361186271e-06,0.3476506362077112
1639,388.0,54.0,44,0.029158276847630688,442.0,1.14211816872819e-05,1.14211816872819e-05,8.580632702193247e-06,0.09286635056266052,5.64115431741147e-06,0.0581826075715412,5.272699142161885e-06,0.3474263269346358
1640,409.0,23.0,44,0.030895902664038095,432.0,1.2101802845294983e-05,1.2101802845294983e-05,8.58169737455305e-06,0.09287787328365689,5.639832348432516e-06,0.0581689728439666,5.269297119589382e-06,0.3472021623891828
1641,366.0,49.0,44,0.028019990141075854,415.0,1.0975319287534607e-05,1.0975319287534607e-05,8.58276204484968e-06,0.09288939598232399,5.6385114947984834e-06,0.058155349620008484,5.265897292051581e-06,0.34697814247797176
1642,231.0,152.0,44,0.02812436217391632,383.0,1.1016201399888883e-05,1.1016201399888883e-05,8.583826712176873e-06,0.09290091864885353,5.637191754889553e-06,0.05814173788296012,5.262499658132213e-06,0.34675426710768265
1643,187.0,48.0,44,0.018538352285221757,235.0,7.261399249988937e-06,7.261399249988937e-06,8.58489137563127e-06,0.09291244127346861,5.635873127089223e-06,0.058128137616149,5.2591042164159205e-06,0.34653053618505536
1644,351.0,37.0,43,0.030769263825509593,388.0,1.2052198913243084e-05,1.2052198913243084e-05,8.33829918843015e-06,0.09292396384642286,5.486779611608434e-06,0.05811454880293704,5.1218232523297956e-06,0.3463069496168903
1645,215.0,28.0,43,0.015363965932041661,243.0,6.018004673733514e-06,6.018004673733514e-06,8.339333132151026e-06,0.09293548635800067,5.485497728284216e-06,0.05810097142672033,5.118518577087193e-06,0.3460835073100478
1646,145.0,77.0,42,0.015009612102890943,222.0,5.879205680725007e-06,5.879205680725007e-06,8.092961677609885e-06,0.0929470087985172,5.336621300591107e-06,0.05808740547092916,4.981592357565761e-06,0.34586020917144833
1647,273.0,59.0,42,0.021199589786785683,332.0,8.303795451149895e-06,8.303795451149895e-06,8.093964937612634e-06,0.09295853115831788,5.335376013255412e-06,0.05807385091902788,4.978378161346614e-06,0.3456370551080726
1648,277.0,29.0,42,0.019620236894479327,306.0,7.685169171358922e-06,7.685169171358922e-06,8.094968189749426e-06,0.09297005342777871,5.334131772104816e-06,0.058060307754514734,4.975166038973857e-06,0.3454140450269609
1649,235.0,49.0,42,0.018515587010283757,284.0,7.2524821818581105e-06,7.2524821818581105e-06,8.095971433184947e-06,0.09298157559730615,5.332888575626383e-06,0.0580467759609219,4.971955989109416e-06,0.34519117883521394
1650,340.0,57.0,42,0.028974015669810834,397.0,1.1349007312891043e-05,1.1349007312891043e-05,8.096974667086489e-06,0.09299309765733661,5.33164642231028e-06,0.05803325552181531,4.968748010416077e-06,0.34496845643999213
1651,234.0,65.0,42,0.01956283786070183,299.0,7.662686196906317e-06,7.662686196906317e-06,8.097977890623976e-06,0.09300461959833674,5.330405310649769e-06,0.058019746420794625,4.965542101557493e-06,0.344745877748516
1652,227.0,44.0,42,0.019034400351371713,271.0,7.455699315069218e-06,7.455699315069218e-06,8.098981102969946e-06,0.0930161414108032,5.329165239141199e-06,0.05800624864149309,4.962338261198172e-06,0.34452344266806556
1653,219.0,47.0,42,0.0169810170939724,266.0,6.651397216597102e-06,6.651397216597102e-06,8.099984303299539e-06,0.09302766308526252,5.327926206283993e-06,0.05799276216757741,4.959136488003492e-06,0.34430115110598103
1654,225.0,88.0,41,0.022187204440412795,313.0,8.690640203843633e-06,8.690640203843633e-06,7.854582373447518e-06,0.09303918461227118,5.179809711921948e-06,0.057979286982747784,4.823362273213412e-06,0.3440790029696622
1655,268.0,104.0,41,0.022737276215211436,372.0,8.906101141876786e-06,8.906101141876786e-06,7.855555034066025e-06,0.0930507059824151,5.178606859906695e-06,0.05796582307073773,4.820250169357985e-06,0.34385699816656873
1656,258.0,60.0,41,0.022413118334048573,318.0,8.779129782236026e-06,8.779129782236026e-06,7.85652768064942e-06,0.09306222718631016,5.1774050135432616e-06,0.05795237041531406,4.817140073477465e-06,0.3436351366042199
1657,170.0,104.0,41,0.01843123857640584,274.0,7.219443234001503e-06,7.219443234001503e-06,7.857500312407944e-06,0.09307374821460149,5.1762041713843426e-06,0.05793892900027661,4.814031984276276e-06,0.34341341819019466
1658,135.0,47.0,41,0.01262942637363814,182.0,4.946896346900956e-06,4.946896346900956e-06,7.858472928554327e-06,0.09308526905796372,5.175004331985599e-06,0.05792549880945844,4.810925900459678e-06,0.3431918428321316
1659,231.0,42.0,41,0.018506452817209626,273.0,7.24890435456703e-06,7.24890435456703e-06,7.859445528303773e-06,0.09309678970710077,5.173805493905638e-06,0.05791207982672555,4.807821820733769e-06,0.34297041043772897
1660,262.0,46.0,41,0.023019232201875413,308.0,9.016542186398517e-06,9.016542186398517e-06,7.860418110873961e-06,0.09310831015274589,5.172607655705998e-06,0.05789867203597679,4.804719743805482e-06,0.3427491209147446
1661,271.0,41.0,41,0.02064042843736684,312.0,8.084774162697548e-06,8.084774162697548e-06,7.861390675485026e-06,0.09311983038566139,5.171410815951152e-06,0.05788527542114384,4.80161966838258e-06,0.34252797417099556
1662,175.0,31.0,41,0.015559330297393726,206.0,6.0945281227550824e-06,6.0945281227550824e-06,7.862363221359538e-06,0.09313135039663849,5.1702149732085e-06,0.05787188996619115,4.798521593173663e-06,0.34230697011435873
1663,221.0,49.0,41,0.01913070382531614,270.0,7.493421004824184e-06,7.493421004824184e-06,7.863335747722528e-06,0.0931428701764975,5.1690201260483575e-06,0.05785851565511579,4.795425516888164e-06,0.3420861086527703
1664,224.0,165.0,41,0.028187913231420475,389.0,1.1041094097697013e-05,1.1041094097697013e-05,7.864308253801458e-06,0.09315438971608753,5.167826273043944e-06,0.05784515247194734,4.792331438236348e-06,0.3418653896942258
1665,173.0,13.0,41,0.012200340096973915,186.0,4.778824949852689e-06,4.778824949852689e-06,7.865280738826204e-06,0.09316590900628632,5.166633412771382e-06,0.057831800400747896,4.789239355929315e-06,0.34164481314678036
1666,313.0,38.0,41,0.0252424717595556,351.0,9.887376325717039e-06,9.887376325717039e-06,7.866253202029078e-06,0.09317742803800043,5.165441543809691e-06,0.05781845942561194,4.786149268678991e-06,0.34142437891854804
1667,309.0,73.0,41,0.022434786045659315,382.0,8.787616939153668e-06,8.787616939153668e-06,7.867225642644788e-06,0.09318894680216483,5.164250664740766e-06,0.05780512953066618,4.783061175198138e-06,0.3412040869177025
1668,161.0,24.0,41,0.012344149694090716,185.0,4.835154600113872e-06,4.835154600113872e-06,7.868198059910454e-06,0.093200465289743,5.1630607741493895e-06,0.05779181070006962,4.779975074200345e-06,0.3409839370524765
1669,310.0,56.0,41,0.02250989042424576,366.0,8.81703502712329e-06,8.81703502712329e-06,7.86917045306557e-06,0.09321198349172667,5.161871870623212e-06,0.057778502918013376,4.7768909644000365e-06,0.34076392923116217
1670,261.0,30.0,40,0.022092342952581785,291.0,8.653483334344609e-06,8.653483334344609e-06,7.625712077540156e-06,0.09322350139913604,5.015219014287312e-06,0.05776520616872054,4.643299708050845e-06,0.34054406336211057
1671,164.0,18.0,40,0.014131478857073288,182.0,5.5352443623475475e-06,5.5352443623475475e-06,7.626654221202631e-06,0.09323501900301931,5.014065536934073e-06,0.05775192043644623,4.640303783194945e-06,0.3403243393537321
1672,248.0,59.0,40,0.02130116128254784,307.0,8.343580604209885e-06,8.343580604209885e-06,7.627596339306615e-06,0.0932465362944528,5.01291301472252e-06,0.05773864570547741,4.637309791353563e-06,0.3401047571144961
1673,380.0,84.0,40,0.02797276822581104,464.0,1.0956822650141418e-05,1.0956822650141418e-05,7.6285384311244385e-06,0.09325805326454084,5.0117614462912e-06,0.05772538196013287,4.634317731279488e-06,0.3398853165529312
1674,272.0,83.0,40,0.022628841832143223,355.0,8.863627823009488e-06,8.863627823009488e-06,7.62948049593072e-06,0.0932695699044157,5.010610830281406e-06,0.05771212918476305,4.631327601726317e-06,0.3396660175776248
1675,251.0,27.0,40,0.018763899930453312,278.0,7.349745370330322e-06,7.349745370330322e-06,7.63042253300233e-06,0.09328108620523723,5.009461165337181e-06,0.05769888736375006,4.628339401448448e-06,0.33944686009722336
1676,166.0,38.0,40,0.0159131986978794,204.0,6.2331369752759105e-06,6.2331369752759105e-06,7.63136454161843e-06,0.09329260215819322,5.008312450105304e-06,0.057685656481507544,4.625353129201086e-06,0.3392278440204323
1677,127.0,51.0,40,0.011167438080883817,178.0,4.374241316444895e-06,4.374241316444895e-06,7.632306521060428e-06,0.09330411775449902,5.00716468323529e-06,0.0576724365224806,4.622368783740236e-06,0.339008969256016
1678,231.0,32.0,40,0.01909282245388763,263.0,7.478583021499268e-06,7.478583021499268e-06,7.633248470611986e-06,0.09331563298539743,5.00601786337937e-06,0.057659227471145685,4.6193863638227095e-06,0.33879023571279765
1679,360.0,67.0,40,0.026591843240642697,427.0,1.0415919796569799e-05,1.0415919796569799e-05,7.634190389559017e-06,0.0933271478421588,5.004871989192501e-06,0.05764602931201059,4.6164058682061145e-06,0.33857164329965916
1680,200.0,90.0,40,0.0200532981811335,290.0,7.854797564094595e-06,7.854797564094595e-06,7.635132277189653e-06,0.09333866231608065,5.003727059332344e-06,0.057632842029614294,4.613427295648866e-06,0.3383531919255414
1681,232.0,103.0,40,0.02196725257048321,335.0,8.604485926550414e-06,8.604485926550414e-06,7.636074132794271e-06,0.09335017639848793,5.002583072459265e-06,0.05761966560852691,4.610450644910178e-06,0.338134881499444
1682,184.0,17.0,40,0.013269391001694728,201.0,5.1975679599274294e-06,5.1975679599274294e-06,7.63701595566547e-06,0.09336169008073268,5.001440027236327e-06,0.05760650003334962,4.607475914750065e-06,0.3379167119304251
1683,291.0,51.0,40,0.023126829737904163,342.0,9.058687715591133e-06,9.058687715591133e-06,7.63795774509805e-06,0.093373203354194,5.000297922329279e-06,0.05759334528871454,4.604503103929341e-06,0.3376986831276019
1684,201.0,28.0,40,0.014620371963993397,229.0,5.726741858203446e-06,5.726741858203446e-06,7.638899500389035e-06,0.09338471621027798,4.999156756406555e-06,0.057580201359284724,4.601532211209621e-06,0.33748079500014966
1685,226.0,18.0,40,0.016443056843786517,244.0,6.440680314839999e-06,6.440680314839999e-06,7.639841220837634e-06,0.09339622864041762,4.998016528139259e-06,0.057567068229753965,4.598563235353317e-06,0.3372630474573028
1686,142.0,24.0,40,0.009881160512115492,166.0,3.870411481439676e-06,3.870411481439676e-06,7.640782905745257e-06,0.09340774063607267,4.996877236201171e-06,0.057553945884846885,4.595596175123642e-06,0.337045440408354
1687,105.0,47.0,40,0.010568440348611083,152.0,4.139616274426589e-06,4.139616274426589e-06,7.6417245544155e-06,0.09341925218872968,4.995738879268727e-06,0.057540834309318695,4.592631029284605e-06,0.3368279737626546
1688,220.0,39.0,40,0.01857433089104046,259.0,7.27549192755208e-06,7.27549192755208e-06,7.642666166154138e-06,0.09343076328990187,4.9946014560210104e-06,0.05752773348795511,4.589667796601014e-06,0.33661064742961433
1689,744.0,243.0,40,0.0643590352258955,987.0,2.520917948527047e-05,2.520917948527047e-05,7.643607740269111e-06,0.09344227393112883,4.993464965139769e-06,0.05751464340557251,4.586706475838472e-06,0.33639346131870135
1690,143.0,19.0,40,0.011891409008855556,162.0,4.657817864808286e-06,4.657817864808286e-06,7.644549276070533e-06,0.09345378410397676,4.992329405309372e-06,0.057501564047017506,4.583747065763378e-06,0.33617641533944237
1691,254.0,45.0,40,0.01938231694053201,299.0,7.591976866640035e-06,7.591976866640035e-06,7.645490772870662e-06,0.09346529380003814,4.991194775216838e-06,0.05748849539716716,4.580789565142933e-06,0.33595950940142244
1692,253.0,46.0,40,0.0214060325576253,299.0,8.384658267773325e-06,8.384658267773325e-06,7.64643222998392e-06,0.09347680301093185,4.990061073551799e-06,0.05747543744092872,4.577833972745126e-06,0.33574274341428484
1693,318.0,35.0,40,0.026531416417186655,353.0,1.039225084887844e-05,1.039225084887844e-05,7.647373646726859e-06,0.09348831172830277,4.9889282990065154e-06,0.05746239016323963,4.574880287338744e-06,0.3355261172877312
1694,439.0,99.0,40,0.037352561718731095,538.0,1.4630850653635368e-05,1.4630850653635368e-05,7.648315022418177e-06,0.09349981994382212,4.9877964502758595e-06,0.05744935354906747,4.571928507693367e-06,0.33530963093152144
1695,194.0,41.0,40,0.015316059555052742,235.0,5.9992399353908115e-06,5.9992399353908115e-06,7.649256356378699e-06,0.09351132764918699,4.986665526057305e-06,0.05743632758340976,4.568978632579374e-06,0.3350932842554737
1696,532.0,40.0,40,0.041890597507873155,572.0,1.6408381319182592e-05,1.6408381319182592e-05,7.650197647931363e-06,0.09352283483612042,4.98553552505093e-06,0.05742331225129404,4.566030660767931e-06,0.33487707716946435
1697,196.0,13.0,40,0.014452009107478002,209.0,5.6607947933717206e-06,5.6607947933717206e-06,7.651138896401234e-06,0.09353434149637138,4.984406445959408e-06,0.05741030753777767,4.563084591031e-06,0.33466100958342776
1698,122.0,31.0,40,0.010438716419783878,153.0,4.088803924709706e-06,4.088803924709706e-06,7.652080101115488e-06,0.09354584762171468,4.983278287487992e-06,0.057397313427947835,4.5601404221413334e-06,0.33444508140735657
1699,127.0,76.0,40,0.014094807589483725,203.0,5.520880371909019e-06,5.520880371909019e-06,7.65302126140337e-06,0.09355735320395044,4.9821510483445135e-06,0.057384329906921334,4.557198152872476e-06,0.33422929255130135
1700,218.0,109.0,40,0.02244735581090906,327.0,8.792540466474368e-06,8.792540466474368e-06,7.653962376596265e-06,0.09356885823490486,4.981024727239389e-06,0.05737135695984478,4.5542577819987685e-06,0.3340136429253709
1701,319.0,23.0,40,0.02622845769065935,342.0,1.0273583114241813e-05,1.0273583114241813e-05,7.654903446027626e-06,0.09358036270642948,4.979899322885584e-06,0.05735839457189412,4.551319308295338e-06,0.33379813243973194
1702,252.0,64.0,40,0.020463547967765033,316.0,8.015490782516661e-06,8.015490782516661e-06,7.655844469032969e-06,0.0935918666104011,4.978774833998636e-06,0.057345442728274944,4.548382730538097e-06,0.33358276100460893
1703,283.0,28.0,40,0.019958846072563673,311.0,7.817801046832617e-06,7.817801046832617e-06,7.656785444949912e-06,0.09360336993872216,4.9776512592966344e-06,0.05733250141422222,4.54544804750376e-06,0.3333675285302846
1704,152.0,47.0,40,0.014657883052051865,199.0,5.741434802997205e-06,5.741434802997205e-06,7.657726373118119e-06,0.0936148726833201,4.97652859750021e-06,0.0573195706150002,4.5425152579698204e-06,0.33315243492709934
1705,237.0,31.0,40,0.018829925227451312,268.0,7.375607217959778e-06,7.375607217959778e-06,7.658667252879333e-06,0.0936263748361478,4.975406847332536e-06,0.05730665031590241,4.539584360714565e-06,0.33293748010545154
1706,230.0,37.0,40,0.01939027940605751,267.0,7.595095732885825e-06,7.595095732885825e-06,7.659608083577343e-06,0.09363787638918315,4.97428600751932e-06,0.05729374050225159,4.5366553545170685e-06,0.33272266397579725
1707,172.0,42.0,40,0.01674294308872337,214.0,6.55814457059278e-06,6.55814457059278e-06,7.660548864557968e-06,0.0936493773344289,4.973166076788795e-06,0.05728084115939953,4.533728238157191e-06,0.33250798644865037
1708,136.0,37.0,40,0.011846976879040868,173.0,4.640413975339157e-06,4.640413975339157e-06,7.661489595169094e-06,0.093660877663913,4.9720470538717124e-06,0.05726795227272705,4.530803010415584e-06,0.33229344743458256
1709,210.0,19.0,40,0.01866694138333995,229.0,7.311767091006639e-06,7.311767091006639e-06,7.662430274760629e-06,0.09367237736968813,4.970928937501345e-06,0.05725507382764401,4.527879670073681e-06,0.3320790468442231
1710,152.0,47.0,40,0.014567072427708196,199.0,5.705864640700429e-06,5.705864640700429e-06,7.663370902684506e-06,0.09368387644383176,4.969811726413462e-06,0.05724220580958903,4.524958215913708e-06,0.3318647845882592
1711,348.0,135.0,40,0.032367743811919335,483.0,1.2678317200125083e-05,1.2678317200125083e-05,7.664311478294686e-06,0.09369537487844613,4.9686954193463424e-06,0.057229348204029626,4.522038646718667e-06,0.3316506605774352
1712,502.0,31.0,40,0.0298958432236609,533.0,1.1710083518864435e-05,1.1710083518864435e-05,7.665252000947128e-06,0.09370687266565791,4.967580015040756e-06,0.057216500996462,4.5191209612723564e-06,0.33143667472255345
1713,204.0,165.0,39,0.02640991907417115,369.0,1.0344660820278554e-05,1.0344660820278554e-05,7.426901812424329e-06,0.0937183697976186,4.8246682006410045e-06,0.05720366417241103,4.391037478262438e-06,0.3312228269344737
1714,340.0,24.0,39,0.03015338611515553,364.0,1.181096205058971e-05,1.181096205058971e-05,7.427812873359186e-06,0.09372986626650395,4.8235863925021665e-06,0.05719083771743017,4.38820431668523e-06,0.3310091171241133
1715,300.0,53.0,39,0.026563968905118782,353.0,1.0405001529619579e-05,1.0405001529619579e-05,7.428723881129182e-06,0.09374136206451412,4.8225054576948124e-06,0.05717802161710146,4.3853729831052925e-06,0.3307955452024469
1716,331.0,40.0,39,0.026203786208708148,371.0,1.0263919392365118e-05,1.0263919392365118e-05,7.429634835118133e-06,0.09375285718387363,4.821425395005289e-06,0.05716521585703522,4.3825434763431726e-06,0.3305821110805067
1717,261.0,92.0,38,0.022016204551028283,353.0,8.62366022366952e-06,8.62366022366952e-06,7.191721379201888e-06,0.09376435161683129,4.6788806934363104e-06,0.057152420422870304,4.255030063343103e-06,0.3303688146693824
1718,274.0,91.0,38,0.023838034872673875,365.0,9.337263953260428e-06,9.337263953260428e-06,7.192602948431922e-06,0.09377584535565975,4.677834017497872e-06,0.05713963530027377,4.252284655738406e-06,0.3301556558802209
1719,166.0,16.0,38,0.013738589734979746,182.0,5.381351247543967e-06,5.381351247543967e-06,7.193484463831475e-06,0.0937873383926562,4.6767881845625436e-06,0.0571268604749409,4.249541019510834e-06,0.32994263462422657
1720,188.0,24.0,38,0.011897019105924011,212.0,4.660015317635727e-06,4.660015317635727e-06,7.194365924811546e-06,0.09379883072014136,4.675743193461551e-06,0.05711409593259516,4.246799153517466e-06,0.32972975081266087
1721,150.0,61.0,38,0.014355941595898002,211.0,5.623165529141403e-06,5.623165529141403e-06,7.195247330784991e-06,0.09381032233046017,4.674699043028421e-06,0.05710134165898807,4.2440590566161244e-06,0.3295170043568428
1722,199.0,25.0,38,0.013065225053360928,224.0,5.117596965672122e-06,5.117596965672122e-06,7.196128681166489e-06,0.09382181321598133,4.6736557320989705e-06,0.0570885976398992,4.241320727665362e-06,0.32930439516814825
1723,282.0,9.0,38,0.022874550348720296,291.0,8.959870876897884e-06,8.959870876897884e-06,7.197009975372542e-06,0.09383330336909727,4.672613259511304e-06,0.05707586386113599,4.238584165524473e-06,0.3290919231580106
1724,141.0,17.0,38,0.011304062456057959,158.0,4.4277565436968114e-06,4.4277565436968114e-06,7.197891212821451e-06,0.09384479278222392,4.671571624105809e-06,0.05706314030853383,4.235849369053485e-06,0.3288795882379202
1725,359.0,76.0,38,0.03746288980408665,435.0,1.4674065728196886e-05,1.4674065728196886e-05,7.198772392933369e-06,0.09385628144780134,4.670530824725141e-06,0.05705042696795577,4.233116337113162e-06,0.32866739031942455
1726,357.0,95.0,38,0.028864013324997596,452.0,1.1305919829611279e-05,1.1305919829611279e-05,7.199653515130207e-06,0.09386776935829251,4.669490860214237e-06,0.05703772382529273,4.230385068565004e-06,0.32845532931412813
1727,230.0,51.0,38,0.021375853700127644,281.0,8.372837328682978e-06,8.372837328682978e-06,7.2005345788357045e-06,0.09387925650618426,4.668451729420291e-06,0.05702503086646322,4.227655562271244e-06,0.3282434051336927
1728,270.0,80.0,38,0.02431170226846591,350.0,9.522797598302354e-06,9.522797598302354e-06,7.201415583475391e-06,0.09389074288398673,4.667413431192753e-06,0.0570123480774133,4.2249278170948495e-06,0.3280316176898368
1729,138.0,38.0,38,0.012833458640552636,176.0,5.026814978673183e-06,5.026814978673183e-06,7.202296528476563e-06,0.09390222848423313,4.666375964383329e-06,0.056999675444116604,4.222201831899522e-06,0.32781996689433596
1730,190.0,46.0,38,0.0143358158357557,236.0,5.615282348513788e-06,5.615282348513788e-06,7.203177413268327e-06,0.09391371329948024,4.665339327845976e-06,0.0569870129525742,4.2194776055496956e-06,0.3276084526590226
1731,389.0,45.0,38,0.02726218354639069,434.0,1.0678489442377864e-05,1.0678489442377864e-05,7.204058237281538e-06,0.09392519732230767,4.6643035204368806e-06,0.05697436058881447,4.216755136910538e-06,0.32739707489578623
1732,151.0,16.0,38,0.011272939836572803,167.0,4.4155659367696055e-06,4.4155659367696055e-06,7.204938999948854e-06,0.09393668054531851,4.663268541014474e-06,0.05696171833889316,4.2140344248479504e-06,0.3271858335165731
1733,294.0,71.0,38,0.02541031363804636,365.0,9.95311932551757e-06,9.95311932551757e-06,7.205819700704665e-06,0.09394816296113843,4.662234388439414e-06,0.056949086188893244,4.21131546822856e-06,0.32697472843338604
1734,161.0,51.0,37,0.014577449022656463,212.0,5.7099291118905065e-06,5.7099291118905065e-06,6.969836114388372e-06,0.09395964456241628,4.521128570166699e-06,0.05693646412492486,4.085933514601878e-06,0.32676375955828496
1735,272.0,16.0,37,0.017772806193279086,288.0,6.961537874374887e-06,6.961537874374887e-06,6.970687747568849e-06,0.0939711253418237,4.520127095324023e-06,0.05692385213312522,4.083297210562593e-06,0.32655292680338643
1736,158.0,20.0,37,0.013246174508218014,178.0,5.188474151280068e-06,5.188474151280068e-06,6.9715393192418526e-06,0.09398260529205518,4.519126419178937e-06,0.05691125019965859,4.0806626075052155e-06,0.3263422300808637
1737,197.0,35.0,36,0.016423704362042994,232.0,6.433100024301995e-06,6.433100024301995e-06,6.735868921385327e-06,0.09399408440582785,4.378297035366495e-06,0.056898658310716214,3.955717072409382e-06,0.3261316693029468
1738,271.0,45.0,34,0.018463446360628407,316.0,7.232058895663301e-06,7.232058895663301e-06,6.263875408927944e-06,0.09400556267588142,4.097831479540948e-06,0.05688607645251616,3.708773672456363e-06,0.32592124438192205
1739,62.0,40.0,34,0.007402658595603422,102.0,2.8995920860177915e-06,2.8995920860177915e-06,6.264640184130516e-06,0.09401704009497822,4.096925857464509e-06,0.056873504611303416,3.7063807174612434e-06,0.32571095523013277
1740,182.0,42.0,34,0.017751666544685803,224.0,6.953257557652097e-06,6.953257557652097e-06,6.265404902150508e-06,0.0940285166559033,4.0960209559803866e-06,0.05686094277334966,3.703989306435671e-06,0.3255008017599786
1741,275.0,21.0,33,0.019906102066899002,296.0,7.797141428475912e-06,7.797141428475912e-06,6.030102426582423e-06,0.09403999235146375,3.955609943055171e-06,0.05684839092495328,3.579754217017903e-06,0.32529078388391586
1742,352.0,162.0,33,0.0326105145886048,514.0,1.2773409552920014e-05,1.2773409552920014e-05,6.030838223730423e-06,0.09405146717448917,3.954737257745813e-06,0.05683584905243929,3.577444507261675e-06,0.32508090151445707
1743,220.0,27.0,33,0.013297435588170486,247.0,5.208552913501953e-06,5.208552913501953e-06,6.031573964470737e-06,0.09406294111783162,3.953865265626025e-06,0.05682331714215926,3.5751362877639495e-06,0.32487115456417154
1744,206.0,24.0,33,0.016117591792384246,230.0,6.313196941787797e-06,6.313196941787797e-06,6.032309648346425e-06,0.09407441417436509,3.952993965747968e-06,0.05681079518049122,3.5728295575631895e-06,0.3246615429456848
1745,207.0,78.0,33,0.01992446714074581,285.0,7.804334955247085e-06,7.804334955247085e-06,6.033045274901976e-06,0.09408588633698584,3.952123357165646e-06,0.056798283153839724,3.5705243156984788e-06,0.32445206657167874
1746,130.0,8.0,33,0.009649004088771437,138.0,3.7794767288568105e-06,3.7794767288568105e-06,6.03378084368329e-06,0.09409735759861215,3.9512534389348885e-06,0.05678578104863551,3.568220561209523e-06,0.32424272535489185
1747,123.0,40.0,33,0.010013607228298901,163.0,3.922290336192284e-06,3.922290336192284e-06,6.034516354237687e-06,0.09410882795218442,3.950384210113362e-06,0.056773288851335806,3.5659182931366427e-06,0.32403351920811846
1748,168.0,69.0,33,0.01775871701741502,237.0,6.956019199927544e-06,6.956019199927544e-06,6.035251806113878e-06,0.09412029739066477,3.9495156697605535e-06,0.056760806548423894,3.563617510520782e-06,0.3238244480442095
1749,200.0,69.0,33,0.012352419030087164,269.0,4.838393666309113e-06,4.838393666309113e-06,6.035987198861994e-06,0.09413176590703744,3.94864781693777e-06,0.0567483341264093,3.561318212403502e-06,0.3236155117760721
1750,143.0,77.0,33,0.015667929557688184,220.0,6.137066023379626e-06,6.137066023379626e-06,6.036722532033546e-06,0.09414323349430821,3.9477806507081395e-06,0.05673587157182767,3.559020397826983e-06,0.3234067103166696
1751,133.0,22.0,33,0.009476162252285722,155.0,3.7117752652901377e-06,3.7117752652901377e-06,6.037457805181442e-06,0.09415470014550463,3.946914170136593e-06,0.056723418871240584,3.5567240658340222e-06,0.32319804357902127
1752,556.0,100.0,33,0.037359903788177364,656.0,1.463372651319129e-05,1.463372651319129e-05,6.03819301785999e-06,0.09416616585367613,3.946048374289872e-06,0.05671097601123565,3.554429215468035e-06,0.32298951147620275
1753,123.0,5.0,33,0.008385096263230014,128.0,3.2844090337759553e-06,3.2844090337759553e-06,6.0389281696248595e-06,0.09417763061189328,3.945183262236524e-06,0.05669854297842639,3.5521358457730545e-06,0.3227811139213457
1754,89.0,28.0,33,0.007319121538960286,117.0,2.8668709514141345e-06,2.8668709514141345e-06,6.039663260033122e-06,0.09418909441324862,3.944318833046888e-06,0.05668611975945212,3.5498439557937298e-06,0.3225728508276377
1755,107.0,81.0,33,0.011897312771316622,188.0,4.6601303452082345e-06,4.6601303452082345e-06,6.04039828864321e-06,0.09420055725085584,3.9434550857930965e-06,0.05667370634097791,3.547553544575328e-06,0.3223647221083227
1756,98.0,39.0,33,0.00811424957179388,137.0,3.1783194562451546e-06,3.1783194562451546e-06,6.0411332550149346e-06,0.09421201911785014,3.942592019549075e-06,0.05666130270969459,3.5452646111637283e-06,0.32215672767670006
1757,132.0,68.0,33,0.013035619896406711,200.0,5.106000742815006e-06,5.106000742815006e-06,6.041868158709462e-06,0.0942234800073879,3.941729633390528e-06,0.05664890885231859,3.5429771546054292e-06,0.32194886744612555
1758,184.0,30.0,33,0.011808292056465773,214.0,4.625261283378681e-06,4.625261283378681e-06,6.0426029992893345e-06,0.0942349399126469,3.940867926394943e-06,0.056636524755591916,3.5406911739475443e-06,0.3217411413300107
1759,92.0,52.0,33,0.011139293948434173,144.0,4.3632173711062175e-06,4.3632173711062175e-06,6.043337776318442e-06,0.09424639882682599,3.94000689764158e-06,0.05662415040628209,3.5384066682378015e-06,0.321533549241823
1760,370.0,61.0,33,0.03342234764535145,431.0,1.3091401349530533e-05,1.3091401349530533e-05,6.044072489362026e-06,0.09425785674314506,3.939146546211475e-06,0.05661178579118213,3.536123636524541e-06,0.3213260910950854
1761,140.0,13.0,33,0.009761805044457086,153.0,3.823660416943629e-06,3.823660416943629e-06,6.044807137986691e-06,0.09426931365484525,3.938286871187423e-06,0.05659943089711035,3.533842077856719e-06,0.3211187668033772
1762,208.0,27.0,32,0.01650583126767744,235.0,6.465268808334289e-06,6.465268808334289e-06,5.811831670868287e-06,0.09428076955518856,3.79959095918372e-06,0.05658708571091048,3.412132263841195e-06,0.32091157628033296
1763,334.0,58.0,32,0.0235359525254195,392.0,9.21893949291794e-06,9.21893949291794e-06,5.812537794162275e-06,0.09429222443745773,3.798762681472715e-06,0.05657475021945139,3.4099307062197622e-06,0.32070451943964334
1764,163.0,23.0,32,0.011107341261639387,186.0,4.350701630097684e-06,4.350701630097684e-06,5.813243854285452e-06,0.09430367829495657,3.797935053843834e-06,0.05656242440962729,3.407730569075493e-06,0.3204975961950545
1765,148.0,28.0,32,0.00996224565042303,176.0,3.902172209331386e-06,3.902172209331386e-06,5.81394985082632e-06,0.09431513112100967,3.797108075418756e-06,0.05655010826835744,3.405531851491875e-06,0.3202908064603682
1766,217.0,63.0,32,0.020685362266841412,280.0,8.102374565938665e-06,8.102374565938665e-06,5.814655783374644e-06,0.0943265829089621,3.796281745320848e-06,0.056537801782586175,3.4033345525529864e-06,0.32008415014944197
1767,129.0,39.0,32,0.01070007888871082,168.0,4.191178569804473e-06,4.191178569804473e-06,5.815361651521477e-06,0.09433803365217985,3.7954560626751564e-06,0.056525504939282864,3.4011386713434966e-06,0.3198776271761888
1768,170.0,31.0,32,0.01426226219500044,201.0,5.586471678417721e-06,5.586471678417721e-06,5.816067454859123e-06,0.09434948334404919,3.7946310266083994e-06,0.056513217725441774,3.398944206948668e-06,0.3196712374545774
1769,140.0,28.0,32,0.011666253061396275,168.0,4.569625170934695e-06,4.569625170934695e-06,5.816773192981169e-06,0.0943609319779772,3.7938066362489734e-06,0.056500940128082155,3.3967511584543488e-06,0.3194649808986316
1770,216.0,97.0,32,0.02473958446147707,313.0,9.690397360547227e-06,9.690397360547227e-06,5.8174788654824485e-06,0.09437237954739117,3.79298289072693e-06,0.056488672134247936,3.394559524946981e-06,0.31925885742243126
1771,175.0,33.0,32,0.015118688435056992,208.0,5.921930448514294e-06,5.921930448514294e-06,5.818184471959061e-06,0.09438382604573894,3.792159789173995e-06,0.05647641373100794,3.392369305513592e-06,0.3190528669401112
1772,110.0,37.0,32,0.009876456982300122,147.0,3.868569127418771e-06,3.868569127418771e-06,5.8188900120083484e-06,0.09439527146648852,3.791337330723548e-06,0.056464164905455645,3.3901804992418028e-06,0.3188470093658619
1773,104.0,17.0,32,0.007403537506249132,121.0,2.8999363518406313e-06,2.8999363518406313e-06,5.819595485228914e-06,0.09440671580312836,3.7905155145106233e-06,0.056451925644709175,3.3879931052198206e-06,0.31864128461392915
1774,122.0,35.0,32,0.010060467071667611,157.0,3.940645151456174e-06,3.940645151456174e-06,5.820300891220598e-06,0.09441815904916698,3.789694339671903e-06,0.05643969593591118,3.3858071225364404e-06,0.318435692598614
1775,122.0,29.0,32,0.01189782270691895,151.0,4.660330084966295e-06,4.660330084966295e-06,5.821006229584482e-06,0.09442960119813305,3.7888738053457173e-06,0.05642747576622886,3.3836225502810455e-06,0.31823023323427274
1776,114.0,54.0,32,0.010992583681554122,168.0,4.305751539974196e-06,4.305751539974196e-06,5.821711499922876e-06,0.09444104224357515,3.788053910672045e-06,0.05641526512285398,3.381439387543609e-06,0.3180249064353172
1777,158.0,68.0,32,0.01229173729189592,226.0,4.81462486952445e-06,4.81462486952445e-06,5.822416701839339e-06,0.09445248217906213,3.7872346547924917e-06,0.05640306399300252,3.379257633414688e-06,0.3178197121162143
1778,144.0,58.0,32,0.016121515806558115,202.0,6.314733962615791e-06,6.314733962615791e-06,5.823121834938656e-06,0.09446392099818274,3.7864160368503038e-06,0.056390872363914886,3.3770772869854278e-06,0.3176146501914859
1779,124.0,31.0,32,0.009971304054276004,155.0,3.905720350284373e-06,3.905720350284373e-06,5.823826898826823e-06,0.09447535869454533,3.7855980559903603e-06,0.056378690222855826,3.3748983473475593e-06,0.31740972057570926
1780,196.0,67.0,32,0.017195729981826398,263.0,6.735499405337406e-06,6.735499405337406e-06,5.824531893111076e-06,0.09448679526177844,3.7847807113591574e-06,0.05636651755711415,3.3727208135934016e-06,0.3172049231835168
1781,145.0,43.0,32,0.013334850620106437,188.0,5.2232082334925335e-06,5.2232082334925335e-06,5.8252368173998535e-06,0.09449823069353006,3.7839640021048235e-06,0.05635435435400299,3.3705446848158567e-06,0.31700025792959585
1782,180.0,23.0,32,0.02090508781627504,203.0,8.18844019438897e-06,8.18844019438897e-06,5.825941671302812e-06,0.09450966498346795,3.7831479273770975e-06,0.056342200600859454,3.3683699601084152e-06,0.316795724728689
1783,163.0,13.0,32,0.012089301421677719,176.0,4.735331540022608e-06,4.735331540022608e-06,5.826646454430832e-06,0.09452109812527973,3.7823324863273372e-06,0.05633005628504476,3.3661966385651467e-06,0.3165913234955935
1784,249.0,22.0,32,0.029311863910134562,271.0,1.1481341132054275e-05,1.1481341132054275e-05,5.8273511663959765e-06,0.09453253011267221,3.7815176781085067e-06,0.05631792139394405,3.3640247192807134e-06,0.31638705414516194
1785,87.0,8.0,32,0.007079268629355224,95.0,2.7729215156111334e-06,2.7729215156111334e-06,5.828055806811525e-06,0.09454396093937191,3.78070350187518e-06,0.056305795914966456,3.3618542013503546e-06,0.3161829165923017
1786,192.0,35.0,32,0.016734248750178007,227.0,6.5547390325804965e-06,6.5547390325804965e-06,5.828760375291958e-06,0.09455539059912488,3.7798899567835313e-06,0.056293679835544924,3.3596850838698977e-06,0.31597891075197504
1787,134.0,7.0,32,0.00943565611014301,141.0,3.6959091696604034e-06,3.6959091696604034e-06,5.829464871452937e-06,0.0945668190856963,3.779077041991332e-06,0.05628157314313619,3.3575173659357506e-06,0.315775036539199
1788,134.0,11.0,32,0.008916882069076261,145.0,3.4927074301121274e-06,3.4927074301121274e-06,5.830169294911328e-06,0.09457824639287085,3.7782647566579523e-06,0.0562694758252208,3.3553510466449065e-06,0.3155712938690457
1789,115.0,54.0,32,0.009785094301571888,169.0,3.832782726820168e-06,3.832782726820168e-06,5.830873645285185e-06,0.09458967251445255,3.7774530999443465e-06,0.056257387869302906,3.3531861250949404e-06,0.3153676826566419
1790,162.0,50.0,32,0.01255886852720289,212.0,4.919259117588284e-06,4.919259117588284e-06,5.831577922193737e-06,0.09460109744426445,3.7766420710130615e-06,0.05624530926291036,3.3510226003840083e-06,0.315164202817169
1791,150.0,42.0,32,0.012604738468845142,192.0,4.9372261922621e-06,4.9372261922621e-06,5.832282125257387e-06,0.09461252117614864,3.775831669028225e-06,0.05623323999359457,3.3488604716108515e-06,0.3149608542658635
1792,94.0,18.0,32,0.0061744840156479405,112.0,2.4185209618675836e-06,2.4185209618675836e-06,5.832986254097741e-06,0.09462394370396673,3.775021893155538e-06,0.05622118004893037,3.3466997378747884e-06,0.31475763691801617
1793,113.0,32.0,32,0.008962819640734431,145.0,3.5107009951956252e-06,3.5107009951956252e-06,5.8336903083375415e-06,0.09463536502159878,3.7742127425622876e-06,0.05620912941651621,3.344540398275721e-06,0.31455455068897265
1794,261.0,65.0,32,0.021588388614994455,326.0,8.456086414020547e-06,8.456086414020547e-06,5.834394287600732e-06,0.09464678512294432,3.773404216417324e-06,0.05619708808397381,3.342382451914132e-06,0.3143515954941332
1795,141.0,40.0,32,0.01251540303819382,181.0,4.902233857498558e-06,4.902233857498558e-06,5.835098191512405e-06,0.0946582040019215,3.772596313891064e-06,0.05618505603894828,3.340225897891086e-06,0.31414877124895274
1796,221.0,23.0,32,0.015815323146646416,244.0,6.19479950906636e-06,6.19479950906636e-06,5.8358020196988216e-06,0.09466962165246748,3.771789034155493e-06,0.05617303326910801,3.3380707353082223e-06,0.3139460778689404
1797,151.0,73.0,32,0.0162681621930506,224.0,6.372174772052722e-06,6.372174772052722e-06,5.83650577178739e-06,0.09468103806853796,3.7709823763841515e-06,0.0561610197621446,3.3359169632677657e-06,0.3137435152696602
1798,167.0,111.0,32,0.015181109315768514,278.0,5.946380460543875e-06,5.946380460543875e-06,5.837209447406687e-06,0.09469245324410766,3.7701763397521404e-06,0.05614901550577287,3.3337645808725168e-06,0.3135410833667305
1799,132.0,20.0,32,0.010084160724335513,152.0,3.9499258614710195e-06,3.9499258614710195e-06,5.837913046186421e-06,0.09470386717316964,3.769370923436108e-06,0.05613702048773069,3.331613587225858e-06,0.3133387820758241
1800,115.0,99.0,32,0.016158201046611097,214.0,6.329103426012964e-06,6.329103426012964e-06,5.838616567757476e-06,0.094715279849736,3.7685661266142543e-06,0.05612503469577906,3.3294639814317464e-06,0.31313661131266823
1801,260.0,53.0,32,0.02016479024769741,313.0,7.898468565490564e-06,7.898468565490564e-06,5.83932001175185e-06,0.09472669126783695,3.7677619484663223e-06,0.05611305811770191,3.32731576259472e-06,0.31293457099304445
1802,234.0,33.0,32,0.014167321567658332,267.0,5.549283810285285e-06,5.549283810285285e-06,5.840023377802709e-06,0.0947381014215216,3.766958388173595e-06,0.05610109074130616,3.3251689298198942e-06,0.31273266103278863
1803,139.0,25.0,32,0.008775891227816109,164.0,3.4374818753686284e-06,3.4374818753686284e-06,5.840726665544328e-06,0.09474951030485712,3.7661554449188925e-06,0.05608913255442159,3.3230234822129606e-06,0.31253088134779106
1804,180.0,33.0,32,0.012661254241033367,213.0,4.959363196644484e-06,4.959363196644484e-06,5.841429874612139e-06,0.09476091791192938,3.7653531178865734e-06,0.0560771835449009,3.32087941888019e-06,0.3123292318539963
1805,149.0,63.0,32,0.01386130310787578,212.0,5.429417590237282e-06,5.429417590237282e-06,5.842133004642684e-06,0.0947723242368423,3.764551406262516e-06,0.05606524370061942,3.318736738928427e-06,0.312127712467403
1806,177.0,12.0,32,0.01305560619938899,189.0,5.1138292986247514e-06,5.1138292986247514e-06,5.8428360552736495e-06,0.09478372927371836,3.763750309234132e-06,0.056053313009475324,3.316595441465094e-06,0.31192632310406404
1807,107.0,12.0,32,0.008236579277600404,119.0,3.226235518057346e-06,3.226235518057346e-06,5.843539026143836e-06,0.0947951330166981,3.7629498259903545e-06,0.05604139145938944,3.31445552559819e-06,0.3117250636800866
1808,91.0,37.0,32,0.007369817259332962,128.0,2.8867282645252496e-06,2.8867282645252496e-06,5.844241916893156e-06,0.0948065354599401,3.7621499557216314e-06,0.05602947903830515,3.3123169904362885e-06,0.31152393411163193
1809,63.0,36.0,32,0.007259219588249574,99.0,2.8434075943006556e-06,2.8434075943006556e-06,5.844944727162647e-06,0.09481793659762118,3.7613506976199293e-06,0.056017575734188474,3.3101798350885394e-06,0.31132293431491537
1810,89.0,35.0,32,0.007996552149044782,124.0,3.132217841380643e-06,3.132217841380643e-06,5.845647456594457e-06,0.09482933642393622,3.7605520508787225e-06,0.05600568153502786,3.3080440586646645e-06,0.31112206420620614
1811,295.0,22.0,32,0.021120487042426278,317.0,8.27281121912506e-06,8.27281121912506e-06,5.846350104831843e-06,0.09484073493309804,3.759754014692997e-06,0.05599379642883427,3.3059096602749637e-06,0.3109213237018278
1812,91.0,6.0,32,0.005799950095363867,97.0,2.271817506997206e-06,2.271817506997206e-06,5.8470526715191645e-06,0.09485213211933737,3.7589565882592374e-06,0.05598192040364103,3.3037766390303078e-06,0.3107207127181576
1813,144.0,45.0,32,0.011197479852009303,189.0,4.386008559345595e-06,4.386008559345595e-06,5.847755156301881e-06,0.09486352797690278,3.75815977077543e-06,0.05597005344750377,3.3016449940421444e-06,0.3105202311716271
1814,123.0,33.0,32,0.010288418233645067,156.0,4.029932719798303e-06,4.029932719798303e-06,5.848457558826562e-06,0.09487492250006083,3.7573635614410624e-06,0.05595819554850051,3.2995147244224907e-06,0.31031987897872126
1815,153.0,23.0,32,0.01086639554751337,176.0,4.256324147087102e-06,4.256324147087102e-06,5.849159878740859e-06,0.09488631568309566,3.7565679594571086e-06,0.05594634669473141,3.2973858292839396e-06,0.31011965605597946
1816,192.0,9.0,32,0.0145019937463197,201.0,5.680373578660282e-06,5.680373578660282e-06,5.849862115693524e-06,0.09489770752030925,3.755772964026035e-06,0.05593450687431885,3.2952583077396568e-06,0.3099195623199947
1817,175.0,32.0,32,0.015897551187887306,207.0,6.227007907515592e-06,6.227007907515592e-06,5.850564269334393e-06,0.09490909800602117,3.7549785743517944e-06,0.05592267607540733,3.293132158903378e-06,0.30971959768741364
1818,161.0,6.0,32,0.007525830854991978,167.0,2.9478381727348133e-06,2.9478381727348133e-06,5.851266339314381e-06,0.09492048713456848,3.7541847896398192e-06,0.055910854286163415,3.291007381889412e-06,0.30951976207493703
1819,145.0,9.0,32,0.008869799991366157,154.0,3.474265566535902e-06,3.474265566535902e-06,5.851968325285501e-06,0.09493187490030608,3.753391609097024e-06,0.05589904149477573,3.28888397581264e-06,0.30932005539931917
1820,200.0,59.0,32,0.018185940951096817,259.0,7.123361124597264e-06,7.123361124597264e-06,5.852670226900834e-06,0.09494326129760615,3.7525990319317933e-06,0.055887237689454784,3.286761939788512e-06,0.30912047757736805
1821,312.0,108.0,32,0.029908440067156167,420.0,1.1715017652626779e-05,1.1715017652626779e-05,5.853372043814538e-06,0.09495464632085837,3.751807057353986e-06,0.05587544285843306,3.2846412729330513e-06,0.30892102852594544
1822,112.0,87.0,32,0.012689470102319165,199.0,4.970415237884514e-06,4.970415237884514e-06,5.854073775681833e-06,0.09496602996446966,3.7510156845749303e-06,0.05586365698996491,3.282521974362849e-06,0.3087217081619668
1823,108.0,12.0,31,0.0063921842481754875,120.0,2.5037932816981933e-06,2.5037932816981933e-06,5.627635621214226e-06,0.09497741222286459,3.617019774072921e-06,0.05585188007232649,3.1676421894757666e-06,0.30852251640240097
1824,142.0,49.0,31,0.01336269520560048,191.0,5.234114847473749e-06,5.234114847473749e-06,5.6283099644556395e-06,0.09498879309048472,3.616257668823833e-06,0.05584011209381566,3.1655983804247174e-06,0.3083234531642705
1825,273.0,22.0,31,0.016606452343399174,295.0,6.504681685624432e-06,6.504681685624432e-06,5.6289842249620416e-06,0.09500017256178893,3.615496141724542e-06,0.05582835304275205,3.1635558900691483e-06,0.3081245183646516
1826,493.0,75.0,31,0.0360162998950186,568.0,1.4107442183712732e-05,1.4107442183712732e-05,5.629658402406124e-06,0.09501155063125323,3.6147351920200163e-06,0.055816602907476906,3.161514717558217e-06,0.3079257119206738
1827,179.0,54.0,31,0.015268356762942064,233.0,5.980554940439508e-06,5.980554940439508e-06,5.630332496461602e-06,0.09502292729337095,3.6139748189566237e-06,0.055804861676353075,3.159474862041634e-06,0.30772703374952026
1828,188.0,22.0,31,0.014694034798489413,210.0,5.755595299055783e-06,5.755595299055783e-06,5.63100650680319e-06,0.09503430254265222,3.6132150217821275e-06,0.05579312933776498,3.15743632266965e-06,0.3075284837684273
1829,338.0,58.0,31,0.024595375805040107,396.0,9.633911400329066e-06,9.633911400329066e-06,5.631680433106613e-06,0.09504567637362428,3.6124557997456812e-06,0.055781405880118484,3.155399098593073e-06,0.3073300618946849
1830,124.0,76.0,31,0.014001135335797303,200.0,5.484189320719664e-06,5.484189320719664e-06,5.632354275048612e-06,0.09505704878083149,3.61169715209783e-06,0.055769691291840964,3.1533631889632535e-06,0.30713176804563636
1831,417.0,35.0,31,0.0289898275819339,452.0,1.1355200776315668e-05,1.1355200776315668e-05,5.6330280323069175e-06,0.09506841975883494,3.610939078090503e-06,0.055757985561381125,3.151328592932094e-06,0.3069336021386783
1832,63.0,44.0,31,0.0069880802511734135,107.0,2.7372033886304007e-06,2.7372033886304007e-06,5.633701704560259e-06,0.09507978930221254,3.6101815769770117e-06,0.05574628867720908,3.149295309652036e-06,0.3067355640912605
1833,109.0,42.0,31,0.008958247140312417,151.0,3.5089099648697285e-06,3.5089099648697285e-06,5.634375291488368e-06,0.09509115740555914,3.609424648012047e-06,0.05573460062781617,3.147263338276078e-06,0.30653765382088616
1834,129.0,11.0,31,0.009815020626458643,140.0,3.8445047498858766e-06,3.8445047498858766e-06,5.635048792771969e-06,0.09510252406348632,3.6086682904516738e-06,0.05572292140171501,3.145232677957758e-06,0.3063398712451117
1835,239.0,22.0,31,0.02435362649368232,261.0,9.539219151461936e-06,9.539219151461936e-06,5.6357222080927715e-06,0.09511388927062232,3.6079125035533327e-06,0.055711250987439426,3.1432033278511636e-06,0.30614221628154664
1836,215.0,66.0,31,0.017296548405873868,281.0,6.774989583186004e-06,6.774989583186004e-06,5.636395537133477e-06,0.09512525302161211,3.6071572865758276e-06,0.05569958937354433,3.141175287110928e-06,0.30594468884785386
1837,247.0,70.0,31,0.020671257220098247,317.0,8.096849674930766e-06,8.096849674930766e-06,5.637068779577766e-06,0.09513661531111717,3.6064026387793334e-06,0.05568793654860575,3.139148554892227e-06,0.30574728886174907
1838,153.0,59.0,31,0.015027119830105887,212.0,5.886063388212255e-06,5.886063388212255e-06,5.637741935110306e-06,0.09514797613381562,3.6056485594253845e-06,0.05567629250122076,3.1371231303507837e-06,0.3055500162410012
1839,109.0,27.0,31,0.008436913208064617,136.0,3.304705526073097e-06,3.304705526073097e-06,5.638415003416731e-06,0.09515933548440195,3.6048950477768774e-06,0.05566465722000743,3.135099012642866e-06,0.3053528709034324
1840,259.0,72.0,31,0.020394687733139114,331.0,7.98851850103373e-06,7.98851850103373e-06,5.639087984183662e-06,0.09517069335758725,3.604142103098059e-06,0.0556530306936047,3.133076200925286e-06,0.30515585276691765
1841,280.0,15.0,31,0.020154693949858023,295.0,7.894513885569144e-06,7.894513885569144e-06,5.639760877098689e-06,0.095182049748099,3.603389724654535e-06,0.055641412910672476,3.1310546943553995e-06,0.3049589617493849
1842,226.0,50.0,31,0.01756607111899524,276.0,6.8805605636487425e-06,6.8805605636487425e-06,5.640433681850358e-06,0.09519340465068081,3.602637911713257e-06,0.05562980385989148,3.129034492091105e-06,0.3047621977688152
1843,133.0,79.0,31,0.014989620191858352,212.0,5.871374928264141e-06,5.871374928264141e-06,5.641106398128206e-06,0.09520475806009299,3.601886663542525e-06,0.055618203529963224,3.1270155932908466e-06,0.30456556074324237
1844,231.0,45.0,31,0.01795434407677798,276.0,7.0326455451539285e-06,7.0326455451539285e-06,5.641779025622708e-06,0.09521610997111168,3.60113597941198e-06,0.055606611909609936,3.124997997113611e-06,0.3043690505907533
1845,170.0,32.0,31,0.01395836607850342,202.0,5.467436771838394e-06,5.467436771838394e-06,5.64245156402531e-06,0.09522746037852949,3.600385858592606e-06,0.055595028987574575,3.122981702718926e-06,0.3041726672294876
1846,280.0,31.0,31,0.0198884480189209,311.0,7.790226407724598e-06,7.790226407724598e-06,5.643124013028414e-06,0.09523880927715503,3.5996363003567213e-06,0.05558345475262072,3.120966709266861e-06,0.3039764105776376
1847,259.0,38.0,31,0.021381271164640354,297.0,8.374959328100412e-06,8.374959328100412e-06,5.6437963723253835e-06,0.09525015666181323,3.5988873039779747e-06,0.055571889193532495,3.118953015918031e-06,0.30378028055344863
1848,143.0,19.0,31,0.013330542592355511,162.0,5.221520796065613e-06,5.221520796065613e-06,5.644468641610522e-06,0.09526150252734487,3.5981388687313544e-06,0.05556033229911466,3.116940621833589e-06,0.3035842770752186
1849,177.0,12.0,31,0.012674321174711546,189.0,4.964481462871738e-06,4.964481462871738e-06,5.645140820579089e-06,0.09527284686860686,3.5973909938931644e-06,0.05554878405819237,3.114929526175232e-06,0.3033884000612984
1850,271.0,48.0,31,0.02137357714308681,319.0,8.37194561029644e-06,8.37194561029644e-06,5.645812908927275e-06,0.0952841896804718,3.5966436787410427e-06,0.05553724445961132,3.1129197281051954e-06,0.3031926494300912
1851,86.0,34.0,31,0.009098174008050994,120.0,3.563718765394044e-06,3.563718765394044e-06,5.646484906352237e-06,0.09529553095782861,3.595896922553944e-06,0.055525713492237554,3.1109112267862554e-06,0.30299702510005305
1852,156.0,43.0,31,0.015220205841055013,199.0,5.961694414827659e-06,5.961694414827659e-06,5.647156812552057e-06,0.09530687069558186,3.5951507246121404e-06,0.05551419114495745,3.1089040213817316e-06,0.3028015269896927
1853,165.0,26.0,31,0.015482622491643793,191.0,6.064481978708888e-06,6.064481978708888e-06,5.6478286272257505e-06,0.09531820888865183,3.5944050841972173e-06,0.055502677406677706,3.1068981110554793e-06,0.30260615501757127
1854,262.0,43.0,30,0.0201643010046954,305.0,7.898276930942185e-06,7.898276930942185e-06,5.424551467399063e-06,0.09532954553197474,3.4626915107997768e-06,0.0554911722663253,2.995333713321996e-06,0.3024109091023026
1855,155.0,73.0,30,0.01564769788763132,228.0,6.12914135825747e-06,6.12914135825747e-06,5.425196469646404e-06,0.09534088062050244,3.4619741170864063e-06,0.055479675712847384,2.9934010802188823e-06,0.3022157891625529
1856,458.0,60.0,30,0.027227256231338235,518.0,1.0664808551248819e-05,1.0664808551248819e-05,5.42584138313464e-06,0.09535221414920254,3.4612572585121076e-06,0.05546818773521122,2.9914696940789024e-06,0.30202079511704094
1857,268.0,69.0,30,0.029002143404070126,337.0,1.1360024835123434e-05,1.1360024835123434e-05,5.426486207578289e-06,0.09536354611305807,3.460540934389691e-06,0.055456708322404284,2.989539554097496e-06,0.3018259268845379
1858,131.0,18.0,30,0.011719964317219703,149.0,4.590663657352018e-06,4.590663657352018e-06,5.427130942692766e-06,0.09537487650706779,3.459825144033217e-06,0.05544523746343409,2.987610659470625e-06,0.3016311843838675
1859,186.0,15.0,30,0.013318785082182025,201.0,5.216915425844898e-06,5.216915425844898e-06,5.427775588194374e-06,0.09538620532624607,3.4591098867579883e-06,0.05543377514732806,2.9856830093947658e-06,0.3014365675339055
1860,210.0,16.0,30,0.01577178087273528,226.0,6.177744172634265e-06,6.177744172634265e-06,5.428420143800279e-06,0.09539753256562251,3.4583951618805614e-06,0.05542232136313371,2.983756603066918e-06,0.30124207625358046
1861,161.0,15.0,29,0.009858394384589382,176.0,3.86149407935346e-06,3.86149407935346e-06,5.205823177957609e-06,0.09540885822024231,3.3272071806457117e-06,0.05541087609991839,2.8729782445040673e-06,0.3010477104618729
1862,512.0,67.0,29,0.04641634956828067,579.0,1.8181100496780522e-05,1.8181100496780522e-05,5.206441056430836e-06,0.09542018228516619,3.326520448186692e-06,0.05539943934676941,2.8711245569382534e-06,0.3008534700778157
1863,159.0,15.0,29,0.011917451974770593,174.0,4.6680187915278465e-06,4.6680187915278465e-06,5.207058847896303e-06,0.09543150475546984,3.3258342260699127e-06,0.055388011092793815,2.8692720653987547e-06,0.3006593550204941
1864,168.0,37.0,29,0.01238843832226907,205.0,4.852502280559761e-06,4.852502280559761e-06,5.207676552086176e-06,0.09544282562624455,3.3251485136424904e-06,0.055376591327118536,2.8674207691138816e-06,0.30046536520904543
1865,217.0,52.0,29,0.014175981828389602,269.0,5.552676000152606e-06,5.552676000152606e-06,5.208294168733446e-06,0.09545414489259675,3.3244633102527167e-06,0.05536518003889013,2.8655706673124376e-06,0.30027150056265917
1866,171.0,43.0,29,0.015574486408008634,214.0,6.100464711323398e-06,6.100464711323398e-06,5.208911697571927e-06,0.095465462549648,3.32377861525007e-06,0.05535377721727487,2.863721759223724e-06,0.30007776100057704
1867,90.0,32.0,29,0.008210229764286748,122.0,3.215914517934488e-06,3.215914517934488e-06,5.209529138336279e-06,0.0954767785925353,3.323094427985208e-06,0.05534238285145872,2.86187404407754e-06,0.2998841464420928
1868,136.0,24.0,29,0.009688968064109415,160.0,3.7951304598940127e-06,3.7951304598940127e-06,5.21014649076196e-06,0.0954880930164103,3.322410747809965e-06,0.05533099693064719,2.860027521104181e-06,0.2996906568065523
1869,119.0,24.0,29,0.008708970481941894,143.0,3.411269283956872e-06,3.411269283956872e-06,5.210763754585272e-06,0.09549940581644013,3.321727574077348e-06,0.05531961944406537,2.8581821895344406e-06,0.29949729201335346
1870,234.0,44.0,29,0.017476422452147207,278.0,6.845445535506152e-06,6.845445535506152e-06,5.211380929543321e-06,0.09551071698780664,3.321044906141537e-06,0.05530825038095783,2.856338048599608e-06,0.29930405198194615
1871,145.0,16.0,29,0.009211071046993875,161.0,3.607940088912603e-06,3.607940088912603e-06,5.211998015374047e-06,0.09552202652570695,3.3203627433578812e-06,0.055296889730588654,2.8544950975314664e-06,0.2991109366318322
1872,312.0,55.0,29,0.024812569364651236,367.0,9.71898525838278e-06,9.71898525838278e-06,5.212615011816189e-06,0.09553333442535286,3.3196810850828886e-06,0.05528553748224121,2.852653335562299e-06,0.29891794588256554
1873,228.0,14.0,29,0.015698576946660048,242.0,6.149070484394848e-06,6.149070484394848e-06,5.213231918609307e-06,0.0955446406819712,3.3189999306742372e-06,0.05527419362521834,2.8508127619248794e-06,0.2987250796537517
1874,222.0,18.0,29,0.016079650296170624,240.0,6.2983354078224145e-06,6.2983354078224145e-06,5.213848735493764e-06,0.09555594529080351,3.318319279490763e-06,0.0552628581488422,2.8489733758524796e-06,0.2985323378650484
1875,289.0,44.0,29,0.021502552940635317,333.0,8.422464919951162e-06,8.422464919951162e-06,5.2144654622107326e-06,0.09556724824710619,3.317639130892459e-06,0.055251531042454186,2.8471351765788656e-06,0.298339720436165
1876,206.0,3.0,29,0.013059696127248856,209.0,5.115431307187174e-06,5.115431307187174e-06,5.215082098502199e-06,0.09557854954615053,3.3169594842404745e-06,0.055240212295414946,2.8452981633382972e-06,0.2981472272868629
1877,141.0,17.0,29,0.007937976768488605,158.0,3.1092740965486115e-06,3.1092740965486115e-06,5.2156986441109355e-06,0.09558984918322219,3.316280338897109e-06,0.055228901897104325,2.843462335365528e-06,0.2979548583369548
1878,98.0,48.0,29,0.009471590852987632,146.0,3.709984666270126e-06,3.709984666270126e-06,5.216315098780527e-06,0.09560114715362182,3.3156016942258106e-06,0.05521759983692126,2.841627691895806e-06,0.29776261350630556
1879,125.0,10.0,29,0.009760293266210971,135.0,3.823068259385418e-06,3.823068259385418e-06,5.21693146225535e-06,0.0956124434526645,3.314923549591178e-06,0.05520630610428386,2.839794232164874e-06,0.2975704927148317
1880,116.0,31.0,29,0.009348990282334112,147.0,3.661962507768943e-06,3.661962507768943e-06,5.217547734280577e-06,0.09562373807567992,3.314245904358948e-06,0.05519502068862919,2.837961955408964e-06,0.29737849588250126
1881,197.0,15.0,29,0.013895013709451273,212.0,5.442621899510879e-06,5.442621899510879e-06,5.218163914602181e-06,0.09563503101801245,3.313568757896006e-06,0.055183743579413434,2.8361308608648058e-06,0.29718662292933407
1882,101.0,37.0,28,0.009460413296457092,138.0,3.705606461596981e-06,3.705606461596981e-06,4.997632913097146e-06,0.09564632227502062,3.1838802712883434e-06,0.055172474766111645,2.7275322745010667e-06,0.29699487377540135
1883,206.0,13.0,28,0.014922439925718038,219.0,5.845060683790849e-06,5.845060683790849e-06,4.998222806263529e-06,0.09565761184207781,3.1832304513780104e-06,0.05516121423821785,2.725772430801493e-06,0.29680324834082605
1884,206.0,47.0,28,0.016541173810143858,253.0,6.47911234239869e-06,6.47911234239869e-06,4.998812610886967e-06,0.09566889971457139,3.182581108994876e-06,0.055149961985244925,2.7240137225788027e-06,0.2966117465457827
1885,108.0,68.0,27,0.011038618248159604,176.0,4.323783097594831e-06,4.323783097594831e-06,4.77855105408595e-06,0.09568018588790342,3.053126587069663e-06,0.05513871799672456,2.6157810215829604e-06,0.2964203683104973
1886,69.0,97.0,27,0.008962717556117973,166.0,3.5106610090552185e-06,3.5106610090552185e-06,4.779114633823358e-06,0.09569147035749002,3.0525044449338606e-06,0.05512748226220731,2.614093281425554e-06,0.29622911355524717
1887,265.0,119.0,27,0.02770602758174652,384.0,1.0852341395122022e-05,1.0852341395122022e-05,4.779678128242481e-06,0.09570275311876186,3.051882759258978e-06,0.055116254771262405,2.6124066302227725e-06,0.2960379822003612
1888,145.0,10.0,27,0.010058427634707814,155.0,3.939846312067299e-06,3.939846312067299e-06,4.78024153711581e-06,0.09571403416716354,3.0512615294684787e-06,0.05510503551347776,2.610721067272004e-06,0.29584697416621974
1889,92.0,25.0,27,0.007800922234621672,117.0,3.055590377838493e-06,3.055590377838493e-06,4.78080486021655e-06,0.09572531349815397,3.050640754986865e-06,0.05509382447846001,2.609036591871095e-06,0.29565608937325444
1890,149.0,11.0,27,0.01663281104565327,160.0,6.515006285018908e-06,6.515006285018908e-06,4.781368097318615e-06,0.09573659110720628,3.050020435239665e-06,0.05508262165583434,2.6073532033183416e-06,0.2954653277419483
1891,126.0,31.0,27,0.008207949972211557,157.0,3.2150215323977894e-06,3.2150215323977894e-06,4.781931248196617e-06,0.09574786698980758,3.049400569653441e-06,0.0550714270352446,2.6056709009124927e-06,0.2952746891928355
1892,130.0,8.0,27,0.009728637236340598,138.0,3.8106687177205634e-06,3.8106687177205634e-06,4.782494312625875e-06,0.0957591411414591,3.048781157655774e-06,0.055060240606353054,2.603989683952751e-06,0.2950841736465017
1893,213.0,13.0,27,0.016611842286310956,226.0,6.506792904939662e-06,6.506792904939662e-06,4.783057290382412e-06,0.09577041355767618,3.0481621986752722e-06,0.0550490623588405,2.602309551738771e-06,0.2948937810235837
1894,143.0,44.0,27,0.010885883800606294,187.0,4.263957618725536e-06,4.263957618725536e-06,4.783620181242933e-06,0.09578168423398781,3.047543692141565e-06,0.05503789228240619,2.6006305035706596e-06,0.2947035112447696
1895,119.0,14.0,27,0.009267712549970568,133.0,3.630126341547422e-06,3.630126341547422e-06,4.78418298498486e-06,0.09579295316593736,3.0469256374853013e-06,0.055026730366767765,2.598952538748973e-06,0.29451336423079844
1896,74.0,20.0,27,0.006396631537549656,94.0,2.505535267352e-06,2.505535267352e-06,4.784745701386289e-06,0.0958042203490817,3.0463080341381457e-06,0.055015576601661245,2.5972756565747206e-06,0.2943233399024606
1897,217.0,12.0,27,0.022633424647029297,229.0,8.865422893470151e-06,8.865422893470151e-06,4.785308330226028e-06,0.0958154857789919,3.0456908815327733e-06,0.05500443097684088,2.5955998563493626e-06,0.2941334381805975
1898,85.0,25.0,27,0.008039294876724397,110.0,3.1489599987169594e-06,3.1489599987169594e-06,4.7858708712835495e-06,0.09582674945125239,3.045074179102879e-06,0.05499329348207932,2.5939251373748107e-06,0.29394365898610175
1899,186.0,30.0,27,0.016282531156548558,216.0,6.377803038209384e-06,6.377803038209384e-06,4.786433324339043e-06,0.09583801136146193,3.0444579262831583e-06,0.05498216410716734,2.5922514989534247e-06,0.2937540022399168
1900,98.0,13.0,27,0.007629243023421709,111.0,2.9883443099967523e-06,2.9883443099967523e-06,4.786995689173359e-06,0.09584927150523254,3.0438421225093197e-06,0.05497104284191393,2.590578940388017e-06,0.29356446786303725
1901,154.0,21.0,27,0.012016077723465303,175.0,4.7066501071152775e-06,4.7066501071152775e-06,4.7875579655680385e-06,0.09586052987819002,3.043226767218075e-06,0.05495992967614628,2.5889074609818474e-06,0.2933750557765086
1902,118.0,18.0,27,0.00826979116877455,136.0,3.2392444844396985e-06,3.2392444844396985e-06,4.78812015330531e-06,0.09587178647597401,3.0426118598471357e-06,0.05494882459970958,2.5872370600386283e-06,0.29318576590142736
1903,98.0,7.0,27,0.007124634904207304,105.0,2.7906913059958104e-06,2.7906913059958104e-06,4.7886822521680835e-06,0.0958830412942377,3.041997399835218e-06,0.054937727602467186,2.585567736862519e-06,0.29299659815894097
1904,137.0,72.0,27,0.012922855929015676,209.0,5.061831542896857e-06,5.061831542896857e-06,4.789244261939929e-06,0.09589429432864759,3.0413833866220325e-06,0.05492663867430041,2.583899490758127e-06,0.29280755247024753
1905,162.0,48.0,27,0.017874105341417028,210.0,7.001216349947915e-06,7.001216349947915e-06,4.789806182405114e-06,0.09590554557488405,3.040769819648284e-06,0.05491555780510852,2.5822323210305112e-06,0.2926186287565963
1906,78.0,34.0,27,0.006081547169045414,112.0,2.3821179667236247e-06,2.3821179667236247e-06,4.7903680133485615e-06,0.0959167950286407,3.0401566983556797e-06,0.05490448498480886,2.5805662269851777e-06,0.2924298269392871
1907,290.0,46.0,27,0.02216538667454303,336.0,8.682094271266365e-06,8.682094271266365e-06,4.790929754555873e-06,0.0959280426856246,3.0395440221869047e-06,0.0548934202033365,2.5789012079280803e-06,0.29224114693967074
1908,120.0,34.0,27,0.010485591922635453,154.0,4.107164873731082e-06,4.107164873731082e-06,4.791491405813328e-06,0.09593928854155649,3.0389317905856404e-06,0.054882363450644435,2.5772372631656214e-06,0.29205258867914863
1909,138.0,27.0,27,0.011115084623778844,165.0,4.353734674413962e-06,4.353734674413962e-06,4.7920529669078585e-06,0.09595053259217017,3.0383200029965526e-06,0.05487131471670347,2.575574392004649e-06,0.2918641520791728
1910,62.0,26.0,27,0.00480086026309199,88.0,1.880477972225613e-06,1.880477972225613e-06,4.792614437627068e-06,0.0959617748332128,3.0377086588652946e-06,0.05486027399150225,2.573912593752461e-06,0.2916758370612463
1911,154.0,99.0,27,0.018223550919125534,253.0,7.1380928002841885e-06,7.1380928002841885e-06,4.7931758177592295e-06,0.09597301526044504,3.037097757638497e-06,0.05484924126504705,2.5722518677168e-06,0.29148764354692236
1912,194.0,57.0,27,0.01664679395147005,251.0,6.520483333909146e-06,6.520483333909146e-06,4.793737107093269e-06,0.09598425386964057,3.0364872987637734e-06,0.0548382165273619,2.570592213205858e-06,0.2912995714578054
1913,160.0,24.0,27,0.016099768279753807,184.0,6.306215542402588e-06,6.306215542402588e-06,4.794298305418774e-06,0.09599549065658634,3.035877281689711e-06,0.05482719976848844,2.5689336295282695e-06,0.2911116207155498
1914,81.0,10.0,27,0.0067622668968480674,91.0,2.648753191088158e-06,2.648753191088158e-06,4.794859412525992e-06,0.09600672561708254,3.0352677058658752e-06,0.05481619097848593,2.5672761159931176e-06,0.2909237912418609
1915,129.0,77.0,27,0.012069989085967403,206.0,4.727766974526989e-06,4.727766974526989e-06,4.795420428205826e-06,0.0960179587469424,3.0346585707428053e-06,0.05480519014743127,2.565619671909931e-06,0.29073608295849446
1916,179.0,27.0,27,0.013405696751277556,206.0,5.250958382795752e-06,5.250958382795752e-06,4.795981352249831e-06,0.09602919004199229,3.0340498757720064e-06,0.054794197265418766,2.563964296588684e-06,0.2905484957872567
1917,123.0,27.0,27,0.009956169548828128,150.0,3.8997922243745115e-06,3.8997922243745115e-06,4.796542184450218e-06,0.09604041949807167,3.0334416204059556e-06,0.05478321232256028,2.5623099893397967e-06,0.29036102965000443
1918,170.0,55.0,27,0.015848909923667893,225.0,6.207955316752014e-06,6.207955316752014e-06,4.797102924599843e-06,0.09605164711103294,3.0328338040980977e-06,0.05477223530898517,2.560656749474131e-06,0.29017368446864455
1919,95.0,5.0,27,0.007847437882342427,100.0,3.073810373028761e-06,3.073810373028761e-06,4.797663572492206e-06,0.09606287287674137,3.0322264263028383e-06,0.05476126621484014,2.5590045763029973e-06,0.2899864601651347
1920,80.0,47.0,27,0.008907682636467667,127.0,3.4891040487534926e-06,3.4891040487534926e-06,4.798224127921465e-06,0.09607409679107543,3.0316194864755472e-06,0.05475030503028929,2.5573534691381476e-06,0.2897993566614826
1921,125.0,26.0,27,0.009627834208569183,151.0,3.7711845705323866e-06,3.7711845705323866e-06,4.79878459068241e-06,0.09608531884992623,3.031012984072551e-06,0.05473935174551401,2.55570342729178e-06,0.28961237387974653
1922,122.0,14.0,27,0.010688501120688578,136.0,4.186643603873317e-06,4.186643603873317e-06,4.7993449605704856e-06,0.09609653904919796,3.0304069185511365e-06,0.05472840635071304,2.554054450076535e-06,0.28942551174203485
1923,78.0,12.0,27,0.007021207534825608,90.0,2.7501792145811236e-06,2.7501792145811236e-06,4.7999052373817635e-06,0.09610775738480744,3.0298012893695453e-06,0.05471746883610236,2.5524065368054965e-06,0.2892387701705063
1924,57.0,5.0,27,0.004030889608123089,62.0,1.5788835127783351e-06,1.5788835127783351e-06,4.800465420912968e-06,0.09611897385268449,3.029196095986971e-06,0.05470653919191512,2.550759686792193e-06,0.28905214908736987
1925,249.0,54.0,27,0.020865264610927216,303.0,8.172841602400006e-06,8.172841602400006e-06,4.801025510961445e-06,0.09613018844877139,3.028591337863559e-06,0.054695617408401696,2.549113899350594e-06,0.2888656484148846
1926,386.0,55.0,26,0.028328766334833812,441.0,1.1096265701070824e-05,1.1096265701070824e-05,4.584695335437201e-06,0.09614140116902342,2.901934586891089e-06,0.054684703475829544,2.444903151409527e-06,0.28867926807535993
1927,73.0,50.0,26,0.008979933301930124,123.0,3.517404348582109e-06,3.517404348582109e-06,4.585229946822035e-06,0.09615261200940828,2.901355837045632e-06,0.05467379738448329,2.443325664152162e-06,0.28849300799115507
1928,130.0,20.0,26,0.011689656867742645,150.0,4.5787923492920665e-06,4.5787923492920665e-06,4.58576446836996e-06,0.09616382096590652,2.900777502793185e-06,0.05466289912466454,2.4417491947126387e-06,0.28830686808467965
1929,153.0,12.0,26,0.010911197872035587,165.0,4.2738730403586315e-06,4.2738730403586315e-06,4.586298899889892e-06,0.09617502803451106,2.9001995836199926e-06,0.05465200868669195,2.440173742434245e-06,0.28812084827839324
1930,138.0,40.0,26,0.012014952058439759,178.0,4.706209188578049e-06,4.706209188578049e-06,4.586833241191358e-06,0.09618623321122767,2.8996220790131984e-06,0.054641126060901164,2.438599306660695e-06,0.28793494849480544
1931,120.0,5.0,26,0.007805148547700446,125.0,3.0572458079516046e-06,3.0572458079516046e-06,4.587367492084473e-06,0.09619743649207445,2.899044988460847e-06,0.054630251237644784,2.4370258867361235e-06,0.2877491686564758
1932,204.0,42.0,26,0.014043683487723018,246.0,5.500855263502945e-06,5.500855263502945e-06,4.5879016523799385e-06,0.09620863787308183,2.898468311451876e-06,0.05461938420729222,2.4354534820050905e-06,0.28756350868601394
1933,178.0,24.0,26,0.011722753305179832,202.0,4.591756092902402e-06,4.591756092902402e-06,4.588435721889076e-06,0.09621983735029314,2.897892047476124e-06,0.05460852496022987,2.4338820918125782e-06,0.28737796850607933
1934,151.0,29.0,26,0.010397120253349525,180.0,4.072510870877213e-06,4.072510870877213e-06,4.588969700423772e-06,0.09623103491976369,2.897316196024317e-06,0.05459767348686089,2.432311715503992e-06,0.2871925480393814
1935,184.0,12.0,26,0.010233433261328657,196.0,4.008395323669666e-06,4.008395323669666e-06,4.5895035877965196e-06,0.09624223057756144,2.896740756588074e-06,0.054586829777605206,2.430742352425158e-06,0.2870072472086794
1936,141.0,14.0,26,0.009627983159310412,155.0,3.7712429139484572e-06,3.7712429139484572e-06,4.5900373838203885e-06,0.0962534243197664,2.896165728659903e-06,0.05457599382289955,2.429174001922327e-06,0.2868220659367824
1937,99.0,31.0,26,0.008710072148935051,130.0,3.4117008025597537e-06,3.4117008025597537e-06,4.590571088309051e-06,0.09626461614247131,2.8955911117331992e-06,0.054565165613197325,2.427606663342169e-06,0.28663700414654936
1938,99.0,8.0,26,0.007753901012396916,107.0,3.0371723511151254e-06,3.0371723511151254e-06,4.5911047010767505e-06,0.0962758060417808,2.8950169053022413e-06,0.05455434513896862,2.4260403360317776e-06,0.28645206176088894
1939,184.0,36.0,25,0.012813936863748352,220.0,5.0191683759296325e-06,5.0191683759296325e-06,4.37597312212532e-06,0.09628699401381195,2.7692392633632936e-06,0.05454353239070015,2.323109697969239e-06,0.2862672387027596
1940,43.0,10.0,25,0.0028120250268144457,53.0,1.101459078266528e-06,1.101459078266528e-06,4.376481496228629e-06,0.09629818005469383,2.7686906791956663e-06,0.05453272735889525,2.321610793628634e-06,0.28608253489516944
1941,204.0,31.0,25,0.014438209975703171,235.0,5.655389728046679e-06,5.655389728046679e-06,4.376989782391275e-06,0.09630936416056793,2.768142486320649e-06,0.054521930034073796,2.3201128564030234e-06,0.28589795026117626
1942,103.0,10.0,25,0.005689378980066251,113.0,2.228507238568841e-06,2.228507238568841e-06,4.377497980438441e-06,0.09632054632758762,2.7675946842577633e-06,0.05451114040677218,2.31861588566841e-06,0.2857134847238875
1943,124.0,29.0,25,0.009675139659744855,153.0,3.7897139286113808e-06,3.7897139286113808e-06,4.378006090195868e-06,0.0963317265519186,2.76704727252737e-06,0.054500358467543315,2.3171198808012003e-06,0.2855291382064603
1944,227.0,19.0,25,0.014504874535590684,246.0,5.68150197242095e-06,5.68150197242095e-06,4.378514111489836e-06,0.09634290482973844,2.766500250650662e-06,0.05448958420695653,2.3156248411782027e-06,0.2853449106321013
1945,126.0,14.0,25,0.008347765588640144,140.0,3.2697867562241065e-06,3.2697867562241065e-06,4.3790220441471735e-06,0.09635408115723669,2.7659536181496677e-06,0.054478817615597586,2.3141307661766267e-06,0.2851608019240666
1946,97.0,17.0,25,0.005697435697299784,114.0,2.2316630228357946e-06,2.2316630228357946e-06,4.37952988799526e-06,0.09636525553061513,2.765407374547245e-06,0.05446805868406858,2.3126376551740848e-06,0.284976812005662
1947,85.0,19.0,25,0.006023828206507035,104.0,2.3595096774410635e-06,2.3595096774410635e-06,4.380037642862006e-06,0.09637642794608717,2.764861519367083e-06,0.054457307402988,2.3111455075485913e-06,0.28479294080024264
1948,212.0,9.0,25,0.009336257353802528,221.0,3.6569750700362427e-06,3.6569750700362427e-06,4.380545308575879e-06,0.09638759839987848,2.764316052133698e-06,0.05444656376299061,2.30965432267856e-06,0.2846091882312132
1949,150.0,56.0,25,0.011012524293450586,206.0,4.313562198766387e-06,4.313562198766387e-06,4.381052884965874e-06,0.09639876688822634,2.7637709723724313e-06,0.054435827754727446,2.3081640999428083e-06,0.2844255542220277
1950,119.0,35.0,25,0.009035676945738416,154.0,3.539238913332713e-06,3.539238913332713e-06,4.381560371861527e-06,0.09640993340737994,2.7632262796094493e-06,0.054425099368865755,2.3066748387205517e-06,0.2842420386961896
1951,169.0,62.0,25,0.015948122291700662,231.0,6.2468164088134204e-06,6.2468164088134204e-06,4.382067769092917e-06,0.0964210979536004,2.7626819733717386e-06,0.05441437859608898,2.3051865383914093e-06,0.28405864157725175
1952,97.0,18.0,25,0.007853965185289125,115.0,3.0763670917701237e-06,3.0763670917701237e-06,4.382575076490647e-06,0.0964322605231604,2.7621380531871075e-06,0.05440366542709674,2.303699198335397e-06,0.28387536278881625
1953,192.0,9.0,25,0.013788407686987752,201.0,5.400864742259206e-06,5.400864742259206e-06,4.383082293885866e-06,0.0964434211123446,2.7615945185841836e-06,0.054392959852604755,2.3022128179329348e-06,0.2836922022545347
1954,227.0,27.0,25,0.01434279938021194,254.0,5.618017775249487e-06,5.618017775249487e-06,4.383589421110244e-06,0.09645457971744914,2.7610513690924077e-06,0.054382261863344813,2.300727396564838e-06,0.2835091598981075
1955,152.0,103.0,24,0.01716335422817042,255.0,6.7228179507130505e-06,6.7228179507130505e-06,4.169919440860274e-06,0.09646573633478203,2.6363336234477613e-06,0.054371571450064764,2.1993306995952727e-06,0.28332623564328474
1956,109.0,23.0,24,0.008075833519111755,132.0,3.1632720403884663e-06,3.1632720403884663e-06,4.170401621301569e-06,0.09647689096066281,2.6358156404877968e-06,0.05436088860352852,2.1979116592740467e-06,0.2831434294138655
1957,188.0,55.0,24,0.01563174762375866,243.0,6.122893702999867e-06,6.122893702999867e-06,4.170883715499875e-06,0.09648804359142268,2.6352980239721513e-06,0.05435021331451584,2.1964935345383823e-06,0.2829607411336981
1958,165.0,8.0,24,0.012972682546980929,173.0,5.081348432033266e-06,5.081348432033266e-06,4.171365723297092e-06,0.09649919422340422,2.6347807734545397e-06,0.05433954557382257,2.1950763247975303e-06,0.28277817072668
1959,179.0,15.0,24,0.010754829885662039,194.0,4.212624318708201e-06,4.212624318708201e-06,4.171847644535637e-06,0.09651034285296191,2.6342638884894425e-06,0.054328885372260334,2.1936600294611218e-06,0.28259571811675754
1960,168.0,30.0,24,0.010699146071905141,198.0,4.190813189152033e-06,4.190813189152033e-06,4.172329479058406e-06,0.0965214894764614,2.633747368632114e-06,0.054318232700656735,2.192244647939171e-06,0.2824133832279265
1961,102.0,15.0,24,0.0063527982490596685,117.0,2.4883659416606613e-06,2.4883659416606613e-06,4.172811226708804e-06,0.09653263409028003,2.6332312134385713e-06,0.054307587549855096,2.1908301796420706e-06,0.2822311659842314
1962,240.0,44.0,24,0.020475602422033206,284.0,8.020212464564515e-06,8.020212464564515e-06,4.17329288733072e-06,0.0965437766908064,2.6327154224656026e-06,0.05429694991071464,2.1894166239805952e-06,0.282049066309766
1963,120.0,24.0,24,0.008597286042788255,144.0,3.3675229309785563e-06,3.3675229309785563e-06,4.173774460768548e-06,0.09655491727444072,2.6321999952707533e-06,0.054286319774110234,2.188003980365898e-06,0.28186708412867273
1964,145.0,5.0,24,0.00855878640966395,150.0,3.352442776993322e-06,3.352442776993322e-06,4.174255946867161e-06,0.09656605583759437,2.6316849314123414e-06,0.05427569713093264,2.1865922482095134e-06,0.2816852193651433
1965,82.0,16.0,24,0.005953970734182399,98.0,2.3321467818967485e-06,2.3321467818967485e-06,4.174737345471929e-06,0.09657719237669017,2.6311702304494354e-06,0.05426508197208811,2.185181426923356e-06,0.2815034719434181
1966,93.0,20.0,24,0.006674017783163144,113.0,2.6141863623827435e-06,2.6141863623827435e-06,4.175218656428707e-06,0.09658832688816218,2.6306558919418704e-06,0.05425447428849873,2.183771515919719e-06,0.28132184178778663
1967,35.0,24.0,24,0.004061321708892615,59.0,1.5908036462564102e-06,1.5908036462564102e-06,4.175699879583846e-06,0.09659945936845592,2.6301419154502354e-06,0.0542438740711021,2.1823625146112726e-06,0.2811403288225868
1968,192.0,9.0,24,0.014800303799677329,201.0,5.797220446407101e-06,5.797220446407101e-06,4.176181014784171e-06,0.09661058981402787,2.629628300535876e-06,0.05423328131085145,2.1809544224110706e-06,0.2809589329722059
1969,162.0,22.0,24,0.012692962761020124,184.0,4.971783298480268e-06,4.971783298480268e-06,4.176662061876997e-06,0.09662171822134587,2.629115046760891e-06,0.05422269599871553,2.1795472387325417e-06,0.28077765416107964
1970,216.0,14.0,24,0.012273329368217805,230.0,4.807414558643872e-06,4.807414558643872e-06,4.177143020710129e-06,0.09663284458688907,2.628602153688132e-06,0.054212118125678624,2.178140962989496e-06,0.2805964923136926
1971,163.0,64.0,24,0.012912414803042699,227.0,5.057741795159694e-06,5.057741795159694e-06,4.1776238911318415e-06,0.09664396890714755,2.628089620881204e-06,0.05420154768274054,2.176735594596119e-06,0.2804154473545781
1972,73.0,17.0,24,0.005647301145697598,90.0,2.212025517312024e-06,2.212025517312024e-06,4.17810467299089e-06,0.09665509117862242,2.6275774479044547e-06,0.05419098466091644,2.175331132966975e-06,0.28023451920831793
1973,167.0,15.0,23,0.01185285152957128,182.0,4.642715052711038e-06,4.642715052711038e-06,3.966057065675749e-06,0.09666621139782623,2.504028114130671e-06,0.054180429051236996,2.075618275611806e-06,0.2800537077995429
1974,109.0,36.0,23,0.007228677967145212,145.0,2.831444562140702e-06,2.831444562140702e-06,3.966513225797209e-06,0.09667732956128229,2.5035406132735523e-06,0.05416988084474822,2.074279056355189e-06,0.2798730130529323
1975,151.0,11.0,23,0.007290667297908113,162.0,2.8557255377626763e-06,2.8557255377626763e-06,3.966969301432497e-06,0.09668844566552491,2.5030534541526516e-06,0.05415934003251146,2.072940701182416e-06,0.27969243489321394
1976,148.0,29.0,23,0.00901335516611427,177.0,3.5304955605617983e-06,3.5304955605617983e-06,3.967425292439882e-06,0.09669955970709956,2.502566636355564e-06,0.05414880660560338,2.071603209535967e-06,0.27951197324516425
1977,105.0,72.0,23,0.009432474758893873,177.0,3.694663046961956e-06,3.694663046961956e-06,3.967881198678078e-06,0.09671067168256267,2.50208015947059e-06,0.0541382805551159,2.070266580858682e-06,0.27933162803360817
1978,86.0,13.0,23,0.005704046363311822,99.0,2.234252394560056e-06,2.234252394560056e-06,3.968337020006233e-06,0.09672178158848117,2.5015940230867365e-06,0.054127761872156246,2.0689308145937608e-06,0.2791513991834192
1979,176.0,63.0,23,0.013000022869136537,239.0,5.092057528059748e-06,5.092057528059748e-06,3.968792756283969e-06,0.09673288942143358,2.5011082267937127e-06,0.05411725054784683,2.067595910184762e-06,0.27897128661951925
1980,79.0,55.0,23,0.009150506631520875,134.0,3.5842172469725323e-06,3.5842172469725323e-06,3.969248407371329e-06,0.09674399517800869,2.500622770181926e-06,0.05410674657332517,2.066261867075605e-06,0.2787912902668789
1981,125.0,18.0,23,0.008971810617468113,143.0,3.514222725212735e-06,3.514222725212735e-06,3.969703973128813e-06,0.09675509885480639,2.5001376528424884e-06,0.05409624993974401,2.064928684710565e-06,0.27861141005051665
1982,131.0,7.0,23,0.0085421244702975,138.0,3.345916361260282e-06,3.345916361260282e-06,3.970159453417354e-06,0.0967662004484372,2.4996528743672073e-06,0.05408576063827119,2.063596362534278e-06,0.27843164589549985
1983,90.0,38.0,22,0.006799943487185355,128.0,2.6635109624697824e-06,2.6635109624697824e-06,3.7589911426268097e-06,0.09677729995552263,2.3767538845528333e-06,0.05407527866008962,1.9648318976620064e-06,0.278251997726944
1984,121.0,40.0,21,0.00822212277780331,161.0,3.2205729642786174e-06,3.2205729642786174e-06,3.5478884988963713e-06,0.09678839737269467,2.253940895628691e-06,0.054064803996397216,1.8662182367171177e-06,0.2780724654700129
1985,55.0,17.0,20,0.004150469941507967,72.0,1.625722656289842e-06,1.625722656289842e-06,3.336851464836393e-06,0.09679949269659618,2.1312138040838378e-06,0.05405433663840695,1.7677551829555731e-06,0.27789304904991874
1986,183.0,29.0,19,0.012138543450061086,212.0,4.754619447732505e-06,4.754619447732505e-06,3.1258799831763763e-06,0.09681058592388073,2.0085725065840035e-06,0.054043876577346696,1.6694425399124348e-06,0.2777137483919218
1987,141.0,40.0,19,0.010913698145412029,181.0,4.274852387548778e-06,4.274852387548778e-06,3.126238100344927e-06,0.09682167705121235,2.0081840231226278e-06,0.05403342380445943,1.6683653911787128e-06,0.2775345634213308
1988,111.0,15.0,19,0.008374806132588458,126.0,3.280378430312753e-06,3.280378430312753e-06,3.1265961496015333e-06,0.09683276607526581,2.0077958102055816e-06,0.05402297831100285,1.6672889374371013e-06,0.27735549406350246
1989,123.0,8.0,19,0.006872250330200158,131.0,2.691833266823407e-06,2.691833266823407e-06,3.1269541308391654e-06,0.09684385299272631,2.0074078675085085e-06,0.054012540088249635,1.6662131782391818e-06,0.2771765402438418
1990,134.0,76.0,19,0.009409866367167946,210.0,3.685807429364648e-06,3.685807429364648e-06,3.127312043951141e-06,0.09685493780028985,2.0070201947076043e-06,0.05400210912748731,1.6651381131368238e-06,0.2769977018878018
1991,120.0,8.0,19,0.008394749382492286,128.0,3.288190122401992e-06,3.288190122401992e-06,3.127669888831115e-06,0.09686602049466281,2.0066327914796142e-06,0.05399168542001819,1.6640637416821874e-06,0.27681897892088375
1992,77.0,5.0,19,0.004761090745306586,82.0,1.8649004094424545e-06,1.8649004094424545e-06,3.128027665373072e-06,0.09687710107256187,2.0062456575018313e-06,0.053981268957159316,1.6629900634277201e-06,0.2766403712686368
1993,95.0,90.0,19,0.010920798357376457,185.0,4.277633512485883e-06,4.277633512485883e-06,3.1283853734713507e-06,0.0968881795307146,2.005858792452101e-06,0.05397085973024259,1.6619170779261604e-06,0.27646187885665835
1994,108.0,18.0,19,0.006688365331530314,126.0,2.619806240317397e-06,2.619806240317397e-06,3.128743013020614e-06,0.09689925586585865,2.0054721960088105e-06,0.053960457730614524,1.6608447847305328e-06,0.2762835016105936
1995,127.0,7.0,18,0.008454238164536205,134.0,3.3114916429832375e-06,3.3114916429832375e-06,2.9185518919201704e-06,0.09691033007474205,1.8834106116458473e-06,0.053950062949636376,1.5633786069502941e-06,0.2761052394561359
1996,58.0,13.0,18,0.004580410544801874,71.0,1.794128689699128e-06,1.794128689699128e-06,2.918885338707538e-06,0.09692140215412348,1.8830479788648789e-06,0.05393967537868404,1.5623698922167556e-06,0.27592709231902635
1997,108.0,12.0,18,0.007058170067898721,120.0,2.7646572925572745e-06,2.7646572925572745e-06,2.9192187212655033e-06,0.09693247210077169,1.8826855974872103e-06,0.053929295009148,1.561361828320711e-06,0.2757490601250542
1998,107.0,20.0,18,0.005715968414945913,127.0,2.238922215019942e-06,2.238922215019942e-06,2.919552039497069e-06,0.09694353991146588,1.882323467212792e-06,0.05391892183243335,1.56035441484223e-06,0.2755711428000564
1999,72.0,81.0,18,0.007028895581134868,153.0,2.7531905919055494e-06,2.7531905919055494e-06,2.919885293305549e-06,0.09695460558299561,1.8819615877420803e-06,0.053908555839959724,1.5593476513616532e-06,0.2753933402699178
2000,108.0,39.0,18,0.006608959653190775,147.0,2.588703350250989e-06,2.588703350250989e-06,2.9202184825945573e-06,0.09696566911216038,1.8815999587760405e-06,0.053898197023161294,1.5583415374595929e-06,0.27521565246057106
2001,128.0,5.0,18,0.007954514408109844,133.0,3.1157518245631977e-06,3.1157518245631977e-06,2.9205516072680228e-06,0.09697673049577017,1.8812385800161426e-06,0.05388784537348671,1.5573360727169315e-06,0.27503807929799673
2002,120.0,7.0,18,0.006721267296321809,127.0,2.6326938097617737e-06,2.6326938097617737e-06,2.9208846672301823e-06,0.09698778973064515,1.8808774511643618e-06,0.053877500882399086,1.5563312567148218e-06,0.274860620708223
2003,82.0,18.0,18,0.0044418777400825026,100.0,1.739865938144341e-06,1.739865938144341e-06,2.9212176623855728e-06,0.09699884681361548,1.880516571923176e-06,0.05386716354137594,1.5553270890346867e-06,0.2746832766173257
2004,74.0,10.0,18,0.005189488437390572,84.0,2.0327020906347714e-06,2.0327020906347714e-06,2.9215505926390436e-06,0.0970099017415217,1.8801559419955667e-06,0.053856833341909216,1.5543235692582196e-06,0.27450604695142866
2005,142.0,11.0,18,0.008250329736326683,153.0,3.2316215183418265e-06,3.2316215183418265e-06,2.92188345789574e-06,0.09702095451121413,1.8797955610850161e-06,0.0538465102755052,1.5533206969673833e-06,0.2743289316367031
2006,150.0,20.0,18,0.01097407371701841,170.0,4.298501260093385e-06,4.298501260093385e-06,2.9222162580611173e-06,0.09703200511955348,1.8794354288955082e-06,0.05383619433368454,1.5523184717444112e-06,0.274151930599368
2007,111.0,16.0,18,0.005315498141755394,127.0,2.082059593323695e-06,2.082059593323695e-06,2.92254899304093e-06,0.0970430535634103,1.879075545131523e-06,0.053825885507982126,1.5513168931718059e-06,0.27397504376569
2008,101.0,19.0,18,0.006315587642112797,120.0,2.4737906941295717e-06,2.4737906941295717e-06,2.9228816627412404e-06,0.09705409983966537,1.8787159094980424e-06,0.05381558378994717,1.5503159608323377e-06,0.273798271061983
2009,111.0,23.0,18,0.007550002287295022,134.0,2.957306027142586e-06,2.957306027142586e-06,2.9232142670684013e-06,0.09706514394520918,1.8783565217005424e-06,0.05380528917114309,1.5493156743090487e-06,0.2736216124146089
2010,51.0,3.0,18,0.0023823429141192915,54.0,9.33154294602151e-07,9.33154294602151e-07,2.9235468059290714e-06,0.09707618587694232,1.8779973814449978e-06,0.053795001643147565,1.5483160331852485e-06,0.2734450677499768
2011,123.0,9.0,18,0.006854384175614781,132.0,2.684835164753146e-06,2.684835164753146e-06,2.9238792792302117e-06,0.09708722563177545,1.877638488437876e-06,0.05378472119755238,1.547317037044516e-06,0.2732686369945434
2012,84.0,15.0,18,0.005778843566368589,99.0,2.263550163089929e-06,2.263550163089929e-06,2.9242116868790725e-06,0.0970982632066288,1.8772798423861375e-06,0.053774447825963474,1.5463186854706988e-06,0.27309232007481277
2013,66.0,27.0,18,0.005999861159099488,93.0,2.3501218797882836e-06,2.3501218797882836e-06,2.924544028783211e-06,0.09710929859843283,1.8769214429972386e-06,0.05376418152000096,1.5453209780479123e-06,0.2729161169173364
2014,80.0,25.0,18,0.006050632203846814,105.0,2.3700086971589558e-06,2.3700086971589558e-06,2.9248763048504763e-06,0.09712033180412767,1.8765632899791257e-06,0.05375392227129899,1.5443239143605418e-06,0.2727400274487134
2015,283.0,16.0,18,0.013768692762849657,299.0,5.393142484469118e-06,5.393142484469118e-06,2.9252085149890136e-06,0.09713136282066329,1.8762053830402337e-06,0.05374367007150574,1.543327493993239e-06,0.2725640515955899
2016,107.0,35.0,18,0.00892261913458546,142.0,3.4949546159755035e-06,3.4949546159755035e-06,2.925540659107262e-06,0.09714239164499941,1.8758477218894904e-06,0.05373342491228346,1.5423317165309248e-06,0.27238818928465963
2017,97.0,12.0,18,0.006908441113266673,109.0,2.7060090533751167e-06,2.7060090533751167e-06,2.925872737113957e-06,0.0971534182741056,1.875490306236312e-06,0.05372318678530843,1.5413365815587876e-06,0.2722124404426634
2018,82.0,32.0,18,0.006429446651151719,114.0,2.518388817529071e-06,2.518388817529071e-06,2.9262047489181235e-06,0.09716444270496104,1.8751331357905976e-06,0.053712955682270726,1.5403420886622827e-06,0.27203680499638944
2019,65.0,53.0,18,0.006002658333131381,118.0,2.3512175217905917e-06,2.3512175217905917e-06,2.926536694429087e-06,0.0971754649345549,1.8747762102627383e-06,0.053702731594874556,1.5393482374271344e-06,0.2718612828726732
2020,82.0,4.0,18,0.00433793598260957,86.0,1.6991523629493028e-06,1.6991523629493028e-06,2.9268685735564533e-06,0.0971864849598856,1.8744195293636071e-06,0.053692514514837905,1.5383550274393327e-06,0.2716858739983973
2021,77.0,12.0,18,0.005247072501398634,89.0,2.055257540696684e-06,2.055257540696684e-06,2.9272003862101286e-06,0.09719750277796164,1.8740630928045618e-06,0.05368230443389266,1.5373624582851355e-06,0.27151057830049147
2022,82.0,8.0,18,0.005010987958080061,90.0,1.9627841590599533e-06,1.9627841590599533e-06,2.9275321323003016e-06,0.09720851838580082,1.8737069002974447e-06,0.05367210134378456,1.536370529551068e-06,0.27133539570593274
2023,85.0,31.0,18,0.006026435677034425,116.0,2.3605310133311495e-06,2.3605310133311495e-06,2.927863811737458e-06,0.0972195317804308,1.8733509515545774e-06,0.05366190523627312,1.5353792408239215e-06,0.2711603261417452
2024,45.0,14.0,18,0.003532232511087925,59.0,1.383561500621984e-06,1.383561500621984e-06,2.9281954244323583e-06,0.09723054295888843,1.8729952462887658e-06,0.053651716103131686,1.5343885916907542e-06,0.2709853695349999
2025,271.0,12.0,18,0.0125334257329274,283.0,4.909293275725578e-06,4.909293275725578e-06,2.9285269702960683e-06,0.09724155191822063,1.8726397842132952e-06,0.05364153393614735,1.5333985817388908e-06,0.27081052581281523
2026,41.0,17.0,18,0.0035095927530375513,58.0,1.3746935969594795e-06,1.3746935969594795e-06,2.92885844923993e-06,0.09725255865548352,1.8722845650419265e-06,0.05363135872712083,1.5324092105559222e-06,0.2706357949023562
2027,187.0,37.0,18,0.012382330045509296,224.0,4.850109692718095e-06,4.850109692718095e-06,2.9291898611755694e-06,0.09726356316774264,1.871929588488904e-06,0.05362119046786669,1.5314204777297052e-06,0.27046117673083514
2028,43.0,13.0,17,0.0033493220793968264,56.0,1.3119162081460346e-06,1.3119162081460346e-06,2.7218712925395356e-06,0.09727456545207319,1.7518873970357815e-06,0.05361102915021303,1.4368216305905978e-06,0.2702866712255112
2029,56.0,4.0,17,0.0037610389027988743,60.0,1.4731840590673224e-06,1.4731840590673224e-06,2.7221790886182137e-06,0.09728556550555967,1.751555574684922e-06,0.05360087476600162,1.4358945722684494e-06,0.27011227831369067
2030,102.0,7.0,17,0.005421055561062804,109.0,2.12340601686753e-06,2.12340601686753e-06,2.722486822193607e-06,0.09729656332529621,1.751223978637155e-06,0.053590727307087874,1.434968112097883e-06,0.2699379979227263
2031,92.0,12.0,17,0.0036563947663770706,104.0,1.432195364816714e-06,1.432195364816714e-06,2.722794493184658e-06,0.09730755890838595,1.750892608626775e-06,0.05358058676534071,1.4340422496929638e-06,0.2697638299800182
2032,87.0,63.0,17,0.007038981571905737,150.0,2.7571412345890078e-06,2.7571412345890078e-06,2.723102101510577e-06,0.09731855225194162,1.7505614643885224e-06,0.053570453132642665,1.4331169846680041e-06,0.269589774413013
2033,50.0,12.0,17,0.0031241355667491633,62.0,1.223711542009073e-06,1.223711542009073e-06,2.7234096470908388e-06,0.09732954335308541,1.7502305456575755e-06,0.05356032640088972,1.4321923166375656e-06,0.2694158311492043
2034,43.0,16.0,17,0.0031775089408605586,59.0,1.2446176814964977e-06,1.2446176814964977e-06,2.723717129845171e-06,0.09734053220894852,1.749899852169555e-06,0.05355020656199137,1.4312682452164593e-06,0.26924200011613253
2035,188.0,20.0,17,0.014246596705831609,208.0,5.580335568285001e-06,5.580335568285001e-06,2.7240245496935655e-06,0.09735151881667163,1.7495693836605228e-06,0.05354009360787062,1.4303447700197436e-06,0.2690682812413846
2036,131.0,15.0,17,0.005780946491343621,146.0,2.2643738704832045e-06,2.2643738704832045e-06,2.72433190655627e-06,0.09736250317340453,1.7492391398669762e-06,0.05352998753046378,1.4294218906627252e-06,0.26889467445259435
2037,45.0,47.0,17,0.0037735962710790712,92.0,1.4781027305440938e-06,1.4781027305440938e-06,2.7246392003537964e-06,0.09737348527630647,1.7489091205258535e-06,0.05351988832172068,1.4284996067609606e-06,0.2687211796774424
2038,33.0,8.0,17,0.002350896488626482,41.0,9.208368541427661e-07,9.208368541427661e-07,2.724946431006907e-06,0.09738446512254564,1.7485793253745278e-06,0.05350979597360445,1.4275779179302534e-06,0.2685477968436559
2039,55.0,88.0,17,0.009246017159849488,143.0,3.6216283430667794e-06,3.6216283430667794e-06,2.72525359843662e-06,0.09739544270929938,1.7482497541508105e-06,0.05349971047809163,1.4266568237866543e-06,0.26837452587900845
2040,85.0,27.0,17,0.006441313572807861,112.0,2.523037043794697e-06,2.523037043794697e-06,2.7255607025642232e-06,0.09740641803375466,1.7479204065929446e-06,0.05348963182717195,1.4257363239464629e-06,0.2682013667113206
2041,93.0,7.0,17,0.0056105674458901,100.0,2.197637072420721e-06,2.197637072420721e-06,2.7258677433112363e-06,0.09741739109310675,1.7475912824396098e-06,0.05347956001284854,1.4248164180262264e-06,0.2680283192684594
2042,74.0,5.0,17,0.005260938833233724,79.0,2.0606889280194768e-06,2.0606889280194768e-06,2.7261747205994605e-06,0.09742836188456096,1.747262381429919e-06,0.053469495027137756,1.423897105642738e-06,0.26785538347833815
2043,37.0,13.0,17,0.0030753054659842837,50.0,1.2045849847176982e-06,1.2045849847176982e-06,2.726481634350926e-06,0.0974393304053308,1.746933703303416e-06,0.05345943686206915,1.42297838641304e-06,0.2676825592689171
2044,39.0,12.0,17,0.003188959334323835,51.0,1.2491027553168174e-06,1.2491027553168174e-06,2.726788484487933e-06,0.09745029665263943,1.7466052478000766e-06,0.053449385509685504,1.4220602599544205e-06,0.26750984656820254
2045,75.0,6.0,17,0.004555016388414005,81.0,1.784181899104585e-06,1.784181899104585e-06,2.727095270933026e-06,0.09746126062371875,1.746277014660307e-06,0.05343934096204276,1.4211427258844145e-06,0.2673372453042475
2046,80.0,20.0,17,0.006306988589603935,100.0,2.4704224792808207e-06,2.4704224792808207e-06,2.7274019936090055e-06,0.09747222231580978,1.7459490036249425e-06,0.053429303211209984,1.420225783820805e-06,0.2671647554051514
2047,51.0,6.0,17,0.0034792518773139663,57.0,1.3628091959710012e-06,1.3628091959710012e-06,2.727708652438917e-06,0.09748318172616229,1.7456212144352474e-06,0.053419272249269394,1.4193094333816207e-06,0.26699237679906
2048,47.0,17.0,17,0.0036737021581915797,64.0,1.4389746017201643e-06,1.4389746017201643e-06,2.7280152473460645e-06,0.09749413885203534,1.7452936468329128e-06,0.05340924806831625,1.4183936741851362e-06,0.26682010941416534
2049,55.0,2.0,17,0.003320180165332217,57.0,1.3005014356961288e-06,1.3005014356961288e-06,2.7283217782539936e-06,0.09750509369069658,1.744966300560057e-06,0.05339923066045889,1.4174785058498735e-06,0.26664795317870593
2050,104.0,14.0,17,0.006927771044573273,118.0,2.71358051099619e-06,2.71358051099619e-06,2.7286282450865057e-06,0.09751604623942281,1.7446391753592264e-06,0.053389220017818734,1.4165639279946005e-06,0.26647590802096655
2051,128.0,47.0,17,0.009011181980576934,175.0,3.529644332384228e-06,3.529644332384228e-06,2.7289346477676425e-06,0.09752699649549944,1.7443122709733878e-06,0.05337921613253012,1.4156499402383309e-06,0.26630397386927823
2052,70.0,6.0,17,0.003689434949155384,76.0,1.4451370736997196e-06,1.4451370736997196e-06,2.729240986221702e-06,0.097537944456221,1.7439855871459341e-06,0.05336921899674037,1.4147365422003241e-06,0.2661321506520183
2053,62.0,6.0,17,0.0026326731471448296,68.0,1.0312076565392987e-06,1.0312076565392987e-06,2.7295472603732194e-06,0.09754889011889056,1.7436591236206829e-06,0.05335922860260982,1.4138237335000848e-06,0.26596043829761007
2054,108.0,7.0,17,0.004484453904910132,115.0,1.7565428534704787e-06,1.7565428534704787e-06,2.7298534701469868e-06,0.0975598334808203,1.7433328801418716e-06,0.05334924494231166,1.412911513757364e-06,0.2657888367345233
2055,67.0,9.0,17,0.004290316845494626,76.0,1.6805001353288783e-06,1.6805001353288783e-06,2.730159615468032e-06,0.09757077453933084,1.74300685645416e-06,0.05333926800803202,1.4119998825921575e-06,0.26561734589127384
2056,187.0,6.0,17,0.008610941854619957,193.0,3.3728718584488666e-06,3.3728718584488666e-06,2.730465696261632e-06,0.09758171329175175,1.7426810523026279e-06,0.05332929779196984,1.4110888396247078e-06,0.2654459656964237
2057,66.0,3.0,17,0.00277459202705049,69.0,1.0867967203488015e-06,1.0867967203488015e-06,2.730771712453311e-06,0.0975926497354214,1.7423554674327734e-06,0.05331933428633691,1.4101783844754987e-06,0.26527469607858073
2058,31.0,2.0,17,0.001911963054294055,33.0,7.48908364392501e-07,7.48908364392501e-07,2.7310776639688274e-06,0.09760358386768651,1.7420301015905165e-06,0.05330937748335788,1.409268516765263e-06,0.26510353696639916
2059,108.0,2.0,17,0.006480206435049355,110.0,2.538271224069469e-06,2.538271224069469e-06,2.731383550734188e-06,0.09761451568590272,1.7417049545221913e-06,0.053299427375270124,1.4083592361149761e-06,0.26493248828857907
2060,121.0,40.0,17,0.011190754166059908,161.0,4.383374134766905e-06,4.383374134766905e-06,2.731689372675643e-06,0.09762544518743438,1.7413800259745502e-06,0.053289483954323785,1.4074505421458583e-06,0.2647615499738666
2061,51.0,44.0,17,0.005305160430186563,95.0,2.0780103525995156e-06,2.0780103525995156e-06,2.7319951297196852e-06,0.09763637236965443,1.7410553156947637e-06,0.053279547212781796,1.4065424344793745e-06,0.26459072195105393
2062,82.0,12.0,17,0.0042905388480781615,94.0,1.680587092862578e-06,1.680587092862578e-06,2.732300821793035e-06,0.09764729722994402,1.7407308234304124e-06,0.05326961714291966,1.405634912737233e-06,0.264420004148979
2063,64.0,6.0,17,0.003465341439410875,70.0,1.3573605324758617e-06,1.3573605324758617e-06,2.7326064488226714e-06,0.09765821976569351,1.7404065489294953e-06,0.05325969373702568,1.4047279765413878e-06,0.26424939649652585
2064,51.0,5.0,17,0.003297845561982536,56.0,1.291753059922654e-06,1.291753059922654e-06,2.732912010735801e-06,0.0976691399743014,1.7400824919404221e-06,0.053249776987400715,1.4038216255140353e-06,0.2640788989226243
2065,69.0,49.0,17,0.008209917998795772,118.0,3.2157924006250575e-06,3.2157924006250575e-06,2.7332175074598703e-06,0.0976800578531748,1.7397586522120176e-06,0.05323986688635834,1.4029158592776165e-06,0.26390851135625015
2066,109.0,2.0,17,0.006970441665145078,111.0,2.730294424263642e-06,2.730294424263642e-06,2.7335229389225664e-06,0.09769097339972932,1.7394350294935141e-06,0.05322996342622459,1.4020106774548154e-06,0.2637382337264248
2067,191.0,11.0,17,0.009747445991025984,202.0,3.81803603252095e-06,3.81803603252095e-06,2.733828305051812e-06,0.0977018866113891,1.7391116235345582e-06,0.05322006659933819,1.4011060796685599e-06,0.26356806596221566
2068,68.0,3.0,17,0.0043430283762128305,71.0,1.7011470333775287e-06,1.7011470333775287e-06,2.7341336057757674e-06,0.0977127974855867,1.7387884340852051e-06,0.05321017639805035,1.4002020655420212e-06,0.26339800799273577
2069,17.0,7.0,17,0.0014380442988100916,24.0,5.63276262753659e-07,5.63276262753659e-07,2.7344388410228244e-06,0.09772370601976299,1.7384654608959178e-06,0.05320029281472478,1.3992986346986133e-06,0.263228059747144
2070,59.0,11.0,17,0.004755457853459479,70.0,1.8626940279903952e-06,1.8626940279903952e-06,2.7347440107216187e-06,0.09773461221136753,1.7381427037175694e-06,0.053190415841737726,1.3983957867619942e-06,0.26305822115464506
2071,44.0,2.0,17,0.002481424415501932,46.0,9.71964126714427e-07,9.71964126714427e-07,2.735049114801014e-06,0.09774551605785806,1.737820162301437e-06,0.05318054547147781,1.3974935213560627e-06,0.26288849214448884
2072,50.0,11.0,17,0.0037742735934829597,61.0,1.4783680350501214e-06,1.4783680350501214e-06,2.735354153190106e-06,0.0977564175567006,1.7374978363992084e-06,0.05317068169634621,1.3965918381049621e-06,0.26271887264597144
2073,53.0,9.0,17,0.0038556689306398404,62.0,1.5102502666039328e-06,1.5102502666039328e-06,2.7356591258182323e-06,0.09776731670536977,1.7371757257629734e-06,0.05316082450875641,1.3956907366330776e-06,0.26254936258843425
2074,71.0,29.0,17,0.006809386840168014,100.0,2.667209886473958e-06,2.667209886473958e-06,2.735964032614959e-06,0.09777821350134844,1.7368538301452273e-06,0.0531509739011343,1.3947902165650373e-06,0.2623799619012645
2075,143.0,15.0,17,0.009268646490162288,158.0,3.6304921622257296e-06,3.6304921622257296e-06,2.736268873510076e-06,0.0977891079421274,1.7365321492988693e-06,0.053141129865918145,1.3938902775257098e-06,0.26221067051389463
2076,64.0,3.0,17,0.0030506080015873004,67.0,1.1949110856197809e-06,1.1949110856197809e-06,2.7365736484336194e-06,0.09780000002520628,1.7362106829772012e-06,0.053131292395558506,1.3929909191402075e-06,0.26204148835580293
2077,81.0,8.0,17,0.0037229571978822477,89.0,1.4582676059076568e-06,1.4582676059076568e-06,2.7368783573158435e-06,0.09781088974809252,1.7358894309339275e-06,0.05312146148251829,1.3920921410338838e-06,0.261872415356513
2078,122.0,20.0,17,0.006758298122785144,142.0,2.6471986379886974e-06,2.6471986379886974e-06,2.7371830000872427e-06,0.09782177710830207,1.7355683929231531e-06,0.053111637119272644,1.3911939428323346e-06,0.2617034514455941
2079,75.0,0.0,17,0.0045266377355964,75.0,1.7730660930655698e-06,1.7730660930655698e-06,2.73748757667853e-06,0.09783266210335881,1.7352475686993831e-06,0.05310181929830896,1.3902963241613967e-06,0.26153459655266076
2080,38.0,5.0,17,0.0025791046866315325,43.0,1.0102251024800363e-06,1.0102251024800363e-06,2.7377920870206554e-06,0.09784354473079498,1.7349269580175245e-06,0.05309200801212694,1.3893992846471481e-06,0.26136585060737294
2081,119.0,27.0,17,0.007522108457009315,146.0,2.946380124171295e-06,2.946380124171295e-06,2.738096531044796e-06,0.09785442498815099,1.7346065606328795e-06,0.053082203253238376,1.3885028239159087e-06,0.26119721353943604
2082,139.0,45.0,17,0.010488366544024475,184.0,4.108251681952399e-06,4.108251681952399e-06,2.7384009086823535e-06,0.09786530287297525,1.73428637630115e-06,0.053072405014167275,1.387606941594239e-06,0.2610286852786008
2083,91.0,3.0,17,0.005813871145853,94.0,2.277270327400313e-06,2.277270327400313e-06,2.738705219864961e-06,0.09787617838282449,1.7339664047784332e-06,0.05306261328744978,1.3867116373089413e-06,0.26086026575466337
2084,178.0,7.0,17,0.010864863540051107,185.0,4.2557240658249535e-06,4.2557240658249535e-06,2.739009464524471e-06,0.09788705151526321,1.733646645821225e-06,0.05305282806563419,1.3858169106870573e-06,0.260691954897465
2085,127.0,10.0,17,0.008262607904331455,137.0,3.2364308281752664e-06,3.2364308281752664e-06,2.7393136425929674e-06,0.09789792226786424,1.7333270991864158e-06,0.0530430493412809,1.3849227613558707e-06,0.2605237526368924
2086,56.0,18.0,17,0.005095128538579811,74.0,1.995741691570627e-06,1.995741691570627e-06,2.739617754002757e-06,0.09790879063820834,1.733007764631289e-06,0.05303327710696234,1.3840291889429046e-06,0.2603556589028774
2087,74.0,5.0,17,0.004127518002574715,79.0,1.6167324726105424e-06,1.6167324726105424e-06,2.7399217986863693e-06,0.09791965662388426,1.7326886419135235e-06,0.053023511355263016,1.3831361930759234e-06,0.2601876736253971
2088,43.0,5.0,17,0.003088606510419208,48.0,1.2097949512021966e-06,1.2097949512021966e-06,2.7402257765765613e-06,0.09793052022248883,1.7323697307911898e-06,0.053013752078779446,1.3822437733829313e-06,0.26001979673447373
2089,158.0,48.0,17,0.00989750026818326,206.0,3.876811699249221e-06,3.876811699249221e-06,2.740529687606313e-06,0.09794138143162691,1.7320510310227494e-06,0.053003999270120096,1.381351929492172e-06,0.2598520281601747
2090,93.0,15.0,17,0.005437635445562992,108.0,2.1299002920340744e-06,2.1299002920340744e-06,2.7408335317088207e-06,0.09795224024891104,1.731732542367059e-06,0.052994252921905516,1.3804606610321293e-06,0.25968436783261256
2091,70.0,73.0,17,0.008086213203518008,143.0,3.1673377217070147e-06,3.1673377217070147e-06,2.7411373088175106e-06,0.097963096671962,1.7314142645833608e-06,0.05298451302676809,1.3795699676315275e-06,0.25951681568194496
2092,155.0,1.0,17,0.009853161640348482,156.0,3.859444434135716e-06,3.859444434135716e-06,2.741441018866027e-06,0.09797395069840838,1.7310961974312892e-06,0.05297477957735217,1.3786798489193295e-06,0.25934937163837457
2093,28.0,15.0,17,0.0020933298096561343,43.0,8.199490049573578e-07,8.199490049573578e-07,2.74174466178823e-06,0.09798480232588645,1.7307783406708675e-06,0.05296505256631402,1.377790304524738e-06,0.25918203563214903
2094,53.0,2.0,17,0.0029348293678380555,55.0,1.149561052815533e-06,1.149561052815533e-06,2.74204823751821e-06,0.09799565155204072,1.730460694062505e-06,0.05295533198632173,1.3769013340771948e-06,0.25901480759356116
2095,45.0,2.0,17,0.0031368099670955416,47.0,1.2286760544831734e-06,1.2286760544831734e-06,2.7423517459902653e-06,0.09800649837452316,1.7301432573670004e-06,0.05294561783005527,1.376012937206381e-06,0.2588476874529486
2096,171.0,46.0,17,0.013559289468863246,217.0,5.3111200426413025e-06,5.3111200426413025e-06,2.7426551871389216e-06,0.09801734279099382,1.7298260303455375e-06,0.05293591009020643,1.3751251135422168e-06,0.2586806751406941
2097,38.0,12.0,17,0.002791168926236481,50.0,1.093289826179585e-06,1.093289826179585e-06,2.742958560898921e-06,0.09802818479912051,1.7295090127596848e-06,0.05292620875947876,1.3742378627148603e-06,0.2585137705872252
2098,92.0,9.0,17,0.0046363603104739755,101.0,1.8160439915683414e-06,1.8160439915683414e-06,2.743261867205221e-06,0.09803902439657873,1.7291922043713973e-06,0.05291651383058764,1.3733511843547086e-06,0.2583469737230142
2099,115.0,51.0,17,0.010626937387580774,166.0,4.1625293331691245e-06,4.1625293331691245e-06,2.7435651059930007e-06,0.09804986158105189,1.7288756049430125e-06,0.052906825296260146,1.3724650780923983e-06,0.25818028447857855
2100,146.0,36.0,17,0.010112367122147543,182.0,3.960974195905814e-06,3.960974195905814e-06,2.7438682771976434e-06,0.09806069635023074,1.7285592142372509e-06,0.05289714314923508,1.3715795435588035e-06,0.2580137027844804
2101,70.0,7.0,17,0.005022052783681303,77.0,1.967118207474071e-06,1.967118207474071e-06,2.744171380754766e-06,0.09807152870181433,1.7282430320172162e-06,0.052887467382263,1.370694580385036e-06,0.25784722857132675
2102,57.0,22.0,17,0.004478109292277562,79.0,1.7540576938024134e-06,1.7540576938024134e-06,2.7444744166001903e-06,0.09808235863350906,1.7279270580463925e-06,0.05287779798810605,1.3698101882024463e-06,0.2576808617697692
2103,77.0,41.0,17,0.007359440237435279,118.0,2.8826636261007752e-06,2.8826636261007752e-06,2.744777384669953e-06,0.098093186143029,1.7276112920886463e-06,0.052868134959538106,1.3689263666426222e-06,0.2575146023105042
2104,98.0,44.0,17,0.008915152541281847,142.0,3.492029980917292e-06,3.492029980917292e-06,2.745080284900304e-06,0.09810401122809584,1.7272957339082214e-06,0.05285847828934459,1.3680431153373898e-06,0.25734845012427304
2105,55.0,44.0,17,0.0055809326942303375,99.0,2.1860292574345233e-06,2.1860292574345233e-06,2.7453831172277096e-06,0.098114833886439,1.7269803832697438e-06,0.05284882797032262,1.3671604339188122e-06,0.2571824051418615
2106,75.0,56.0,17,0.004993427546409655,131.0,1.9559058152799277e-06,1.9559058152799277e-06,2.7456858815888494e-06,0.09812565411579555,1.726665239938214e-06,0.05283918399528078,1.3662783220191913e-06,0.2570164672941003
2107,119.0,37.0,17,0.008055752407929717,156.0,3.1554063485819494e-06,3.1554063485819494e-06,2.7459885779206126e-06,0.09813647191390999,1.7263503036790133e-06,0.05282954635703928,1.365396779271064e-06,0.2568506365118644
2108,92.0,9.0,17,0.0038510384183859264,101.0,1.5084365132729833e-06,1.5084365132729833e-06,2.746291206160103e-06,0.09814728727853456,1.7260355742578976e-06,0.052819915048429825,1.364515805307206e-06,0.25668491272607363
2109,100.0,28.0,17,0.007660056820476134,128.0,3.0004139523995826e-06,3.0004139523995826e-06,2.746593766244632e-06,0.09815810020742888,1.7257210514410014e-06,0.0528102900622957,1.3636353997606285e-06,0.25651929586769223
2110,64.0,37.0,17,0.0054688339346719815,101.0,2.1421206167927856e-06,2.1421206167927856e-06,2.7468962581117267e-06,0.09816891069836026,1.725406734994831e-06,0.05280067139149154,1.362755562264582e-06,0.2563537858677293
2111,90.0,7.0,17,0.005679455608236127,97.0,2.224620293081131e-06,2.224620293081131e-06,2.747198681699115e-06,0.09817971874910325,1.7250926246862703e-06,0.05279105902888358,1.3618762924525504e-06,0.2561883826572379
2112,153.0,23.0,17,0.01208885604012339,176.0,4.7351570858297646e-06,4.7351570858297646e-06,2.747501036944745e-06,0.09819052435744022,1.724778720282573e-06,0.05278145296734933,1.3609975899582566e-06,0.25602308616731617
2113,57.0,19.0,17,0.005409276775608567,76.0,2.1187923132035123e-06,2.1187923132035123e-06,2.747803323786766e-06,0.09820132752116073,1.7244650215513691e-06,0.05277185319977785,1.3601194544156583e-06,0.2558578963291063
2114,187.0,15.0,17,0.012435465925983996,202.0,4.8709228068875814e-06,4.8709228068875814e-06,2.7481055421635413e-06,0.09821212823806201,1.7241515282606594e-06,0.05276225971906952,1.3592418854589502e-06,0.2556928130737951
2115,73.0,7.0,17,0.004601575345789557,80.0,1.8024188585152983e-06,1.8024188585152983e-06,2.748407692013634e-06,0.09822292650594842,1.7238382401788162e-06,0.05275267251813609,1.3583648827225632e-06,0.2555278363326138
2116,68.0,40.0,17,0.006039428971474771,108.0,2.3656204353602706e-06,2.3656204353602706e-06,2.7487097732758225e-06,0.09823372232263203,1.7235251570745804e-06,0.05274309158990062,1.3574884458411635e-06,0.2553629660368378
2117,38.0,6.0,17,0.0023121820857597846,44.0,9.05672575699093e-07,9.05672575699093e-07,2.7490117858890887e-06,0.09824451568593214,1.7232122787170663e-06,0.052733516927297566,1.3566125744496527e-06,0.25519820211778693
2118,43.0,23.0,17,0.004319534150332721,66.0,1.6919444380465026e-06,1.6919444380465026e-06,2.7493137297926134e-06,0.09825530659367519,1.7228996048757536e-06,0.05272394852327258,1.3557372681831688e-06,0.2550335445068255
2119,45.0,11.0,17,0.0027193604333550633,56.0,1.06516272360167e-06,1.06516272360167e-06,2.7496156049257983e-06,0.09826609504369552,1.7225871353204928e-06,0.05271438637078265,1.354862526677085e-06,0.254868993135362
2120,104.0,13.0,17,0.005271283348486688,117.0,2.064740833719815e-06,2.064740833719815e-06,2.7499174112282337e-06,0.09827688103383421,1.7222748698215015e-06,0.05270483046279601,1.3539883495670096e-06,0.25470454793484903
2121,135.0,23.0,17,0.00869066935377533,158.0,3.4041008044556716e-06,3.4041008044556716e-06,2.7502191486397237e-06,0.09828766456193995,1.7219628081493617e-06,0.05269528079229204,1.3531147364887858e-06,0.2545402088367836
2122,150.0,14.0,17,0.00914357251124628,164.0,3.5815011794932553e-06,3.5815011794932553e-06,2.7505208171002745e-06,0.09829844562586869,1.7216509500750235e-06,0.05268573735226138,1.3522416870784917e-06,0.25437597577270676
2123,50.0,5.0,17,0.0032626261959526103,55.0,1.2779577735811242e-06,1.2779577735811242e-06,2.7508224165500962e-06,0.09830922422348365,1.721339295369802e-06,0.052676200135705856,1.3513692009724416e-06,0.254211848674204
2124,81.0,17.0,17,0.006368487513774046,98.0,2.4945113645805116e-06,2.4945113645805116e-06,2.7511239469295967e-06,0.09832000035265512,1.7210278438053759e-06,0.052666669135638396,1.350497277807183e-06,0.2540478274729048
2125,81.0,19.0,17,0.00686602269149314,100.0,2.6893939253792166e-06,2.6893939253792166e-06,2.7514254081793866e-06,0.09833077401126063,1.7207165951537886e-06,0.05265714434508311,1.3496259172194974e-06,0.2538839121004825
2126,44.0,16.0,17,0.003283929910952371,60.0,1.2863023544662636e-06,1.2863023544662636e-06,2.7517268002402885e-06,0.09834154519718528,1.720405549187446e-06,0.05264762575707519,1.348755118846402e-06,0.2537201024886549
2127,93.0,44.0,17,0.006015281841356416,137.0,2.356162100022098e-06,2.356162100022098e-06,2.752028123053306e-06,0.09835231390832068,1.7200947056791148e-06,0.05263811336466088,1.347884882325148e-06,0.25355639856918377
2128,282.0,10.0,17,0.01447833714295623,292.0,5.67110738071141e-06,5.67110738071141e-06,2.7523293765596683e-06,0.09836308014256644,1.7197840644019254e-06,0.05262860716089752,1.3470152072932206e-06,0.25339280027387484
2129,223.0,49.0,17,0.01285907288677342,272.0,5.036847977584575e-06,5.036847977584575e-06,2.752630560700779e-06,0.09837384389782847,1.7194736251293688e-06,0.052619107138853545,1.3461460933883383e-06,0.2532293075345778
2130,144.0,9.0,17,0.007871433794385452,153.0,3.0832094768450653e-06,3.0832094768450653e-06,2.7529316754182604e-06,0.09838460517202041,1.719163387635292e-06,0.052609613291608244,1.345277540248453e-06,0.25306592028318636
2131,150.0,27.0,17,0.009145550649413185,177.0,3.5822760083874598e-06,3.5822760083874598e-06,2.753232720653923e-06,0.09839536396306271,1.7188533516939068e-06,0.05260012561225206,1.3444095475117521e-06,0.2529026384516382
2132,180.0,18.0,17,0.0077301841285883615,198.0,3.0278825415543915e-06,3.0278825415543915e-06,2.753533696349777e-06,0.09840612026888294,1.7185435170797805e-06,0.05259064409388634,1.3435421148166548e-06,0.25273946197191494
2133,105.0,24.0,17,0.006251589007235233,129.0,2.4487226820349522e-06,2.4487226820349522e-06,2.7538346024480344e-06,0.09841687408741584,1.7182338835678383e-06,0.05258116872962337,1.3426752418018145e-06,0.25257639077604205
2134,134.0,76.0,17,0.009655355538046409,210.0,3.7819645664106576e-06,3.7819645664106576e-06,2.754135438891102e-06,0.09842762541660313,1.7179244509333618e-06,0.052571699512586355,1.3418089281061165e-06,0.25241342479608875
2135,242.0,17.0,17,0.013269712893450119,259.0,5.197694043654571e-06,5.197694043654571e-06,2.754436205621578e-06,0.0984383742543934,1.7176152189519907e-06,0.052562236435909446,1.3409431733686804e-06,0.2522505639641683
2136,130.0,47.0,17,0.0076838428986981105,177.0,3.009730865138312e-06,3.009730865138312e-06,2.7547369025822664e-06,0.09844912059874256,1.717306187399719e-06,0.052552779492737636,1.3400779772288579e-06,0.25208780821243754
2137,56.0,10.0,17,0.0041928468607851065,66.0,1.6423215279220942e-06,1.6423215279220942e-06,2.7550375297161574e-06,0.09845986444761319,1.716997356052895e-06,0.052543328676226776,1.3392133393262341e-06,0.2519251574730973
2138,81.0,49.0,17,0.008146320427893733,130.0,3.1908814837029896e-06,3.1908814837029896e-06,2.7553380869664443e-06,0.09847060579897512,1.716688724688222e-06,0.052533883979543554,1.3383492593006258e-06,0.251762611678392
2139,38.0,40.0,17,0.0033477863089329423,78.0,1.311314652931039e-06,1.311314652931039e-06,2.755638574276508e-06,0.0984813446508049,1.7163802930827566e-06,0.052524445395865496,1.3374857367920826e-06,0.2516001707606098
2140,111.0,18.0,17,0.007529156263061024,129.0,2.949140721919712e-06,2.949140721919712e-06,2.755938991589927e-06,0.09849208100108613,1.7160720610139087e-06,0.052515012918380934,1.3366227714408865e-06,0.25143783465208264
2141,134.0,25.0,17,0.009240856060985824,159.0,3.6196067610598606e-06,3.6196067610598606e-06,2.7562393388504687e-06,0.09850281484780915,1.715764028259437e-06,0.052505586540288855,1.3357603628875516e-06,0.25127560328518606
2142,48.0,4.0,17,0.0023491848693889634,52.0,9.201664196588185e-07,9.201664196588185e-07,2.7565396160021023e-06,0.09851354618897153,1.7154561945974558e-06,0.05249616625479915,1.3348985107728236e-06,0.2511134765923392
2143,104.0,4.0,17,0.007612351758432109,108.0,2.981728068324367e-06,2.981728068324367e-06,2.7568398229889807e-06,0.0985242750225774,1.7151485598064253e-06,0.05248675205513229,1.3340372147376803e-06,0.2509514545060048
2144,54.0,4.0,17,0.0034270618366424818,58.0,1.3423665635105686e-06,1.3423665635105686e-06,2.75713995975545e-06,0.09853500134663783,1.7148411236651606e-06,0.052477343934519596,1.3331764744233303e-06,0.2507895369586892
2145,152.0,17.0,17,0.011263819393506137,169.0,4.411993495302051e-06,4.411993495302051e-06,2.7574400262460552e-06,0.09854572515917089,1.7145338859528204e-06,0.052467941886202914,1.3323162894712155e-06,0.2506277238829424
2146,56.0,7.0,17,0.003789351193323451,63.0,1.484273871258696e-06,1.484273871258696e-06,2.7577400224055174e-06,0.09855644645820107,1.7142268464489156e-06,0.05245854590343487,1.3314566595230076e-06,0.25046601521135775
2147,57.0,3.0,17,0.0037067600170269163,60.0,1.4519232342447773e-06,1.4519232342447773e-06,2.758039948178762e-06,0.09856716524176008,1.7139200049333034e-06,0.052449155979478676,1.3305975842206095e-06,0.2503044108765721
2148,60.0,9.0,17,0.0029925252993305254,69.0,1.1721603209285254e-06,1.1721603209285254e-06,2.758339803510898e-06,0.09857788150788625,1.7136133611861877e-06,0.05243977210760816,1.3297390632061563e-06,0.25014291081126594
2149,56.0,34.0,17,0.005099304535472124,90.0,1.9973774130325594e-06,1.9973774130325594e-06,2.75863958834722e-06,0.0985885952546245,1.71330691498812e-06,0.05243039428110779,1.3288810961220131e-06,0.249981514948163
2150,95.0,3.0,17,0.0034375980111393417,98.0,1.3464935413785123e-06,1.3464935413785123e-06,2.758939302633222e-06,0.09859930648002685,1.7130006661199935e-06,0.0524210224932725,1.3280236826107757e-06,0.2498202232200305
2151,145.0,49.0,17,0.012515566199766435,194.0,4.9022977672410636e-06,4.9022977672410636e-06,2.7592389463145743e-06,0.09861001518215172,1.7126946143630505e-06,0.05241165673740787,1.3271668223152715e-06,0.24965903555967914
2152,45.0,21.0,17,0.0033584987134733244,66.0,1.315510659409841e-06,1.315510659409841e-06,2.75953851933714e-06,0.09862072135906431,1.712388759498875e-06,0.05240229700682999,1.3263105148785567e-06,0.24949795189996268
2153,256.0,57.0,17,0.018173505327902396,313.0,7.118490140188953e-06,7.118490140188953e-06,2.759838021646973e-06,0.09863142500883672,1.7120831013093962e-06,0.052392943294865484,1.3254547599439193e-06,0.24933697217377848
2154,153.0,42.0,17,0.010327517331583082,195.0,4.045247681779507e-06,4.045247681779507e-06,2.760137453190308e-06,0.09864212612954744,1.711777639576883e-06,0.052383595594851326,1.3245995571548766e-06,0.24917609631406715
2155,84.0,27.0,17,0.007123374861204473,111.0,2.7901977521364954e-06,2.7901977521364954e-06,2.7604368139135664e-06,0.09865282471928172,1.7114723740839499e-06,0.05237425390013517,1.3237449061551764e-06,0.2490153242538125
2156,38.0,7.0,17,0.0025129777423672168,45.0,9.843234400184947e-07,9.843234400184947e-07,2.760736103763358e-06,0.09866352077613147,1.7111673046135483e-06,0.052364918204074906,1.3228908065887959e-06,0.24885465592604153
2157,56.0,7.0,17,0.0038188655359328873,63.0,1.4958345224962347e-06,1.4958345224962347e-06,2.761035322686475e-06,0.09867421429819513,1.7108624309489754e-06,0.05235558850003901,1.3220372580999423e-06,0.2486940912638246
2158,138.0,10.0,17,0.008508697034636335,148.0,3.332822966955086e-06,3.332822966955086e-06,2.7613344706298978e-06,0.09868490528357791,1.7105577528738634e-06,0.05234626478140624,1.3211842603330527e-06,0.24853363020027516
2159,78.0,17.0,17,0.005018609718766554,95.0,1.965769572568176e-06,1.965769572568176e-06,2.7616335475407875e-06,0.09869559373039143,1.7102532701721879e-06,0.05233694704156584,1.3203318129327928e-06,0.24837327266854983
2160,66.0,49.0,17,0.007656667599401754,115.0,2.999086407912947e-06,2.999086407912947e-06,2.761932553366487e-06,0.09870627963675382,1.7099489826282595e-06,0.05232763527391731,1.3194799155440587e-06,0.24821301860184844
2161,58.0,9.0,17,0.004095375809225515,67.0,1.6041425026343576e-06,1.6041425026343576e-06,2.7622314880545306e-06,0.09871696300079005,1.7096448900267293e-06,0.05231832947187056,1.318628567811974e-06,0.24805286793341372
2162,59.0,2.0,17,0.0035530323898014236,61.0,1.3917087308270363e-06,1.3917087308270363e-06,2.7625303515526237e-06,0.09872764382063123,1.7093409921525825e-06,0.05230902962884575,1.3177777693818925e-06,0.24789282059653162
2163,11.0,24.0,17,0.0022602491477217847,35.0,8.853306493230649e-07,8.853306493230649e-07,2.7628291438086653e-06,0.09873832209441537,1.709037288791145e-06,0.052299735738273456,1.3169275198993968e-06,0.24773287652453116
2164,83.0,13.0,17,0.005952866812557422,96.0,2.3317143801635025e-06,2.3317143801635025e-06,2.7631278647707277e-06,0.09874899782028664,1.7087337797280744e-06,0.05229044779359438,1.316077819010298e-06,0.24757303565078437
2165,136.0,16.0,17,0.007781773521632278,152.0,3.0480899027153457e-06,3.0480899027153457e-06,2.7634265143870664e-06,0.09875967099639582,1.7084304647493662e-06,0.0522811657882596,1.3152286663606348e-06,0.24741329790870611
2166,172.0,21.0,17,0.008435543996789684,193.0,3.304169211433484e-06,3.304169211433484e-06,2.7637250926061197e-06,0.09877034162090016,1.7081273436413481e-06,0.05227188971573034,1.314380061596676e-06,0.24725366323175438
2167,87.0,6.0,17,0.0034791810075605317,93.0,1.3627814365689509e-06,1.3627814365689509e-06,2.764023599376503e-06,0.09878100969196331,1.7078244161906835e-06,0.0522626195694781,1.3135320043649169e-06,0.24709413155343005
2168,113.0,9.0,17,0.006564411788335831,122.0,2.571254127824454e-06,2.571254127824454e-06,2.764322034647016e-06,0.09879167520775543,1.7075216821843686e-06,0.052253355342984566,1.3126844943120825e-06,0.2469347028072769
2169,91.0,10.0,17,0.005912188029193856,101.0,2.315780661650551e-06,2.315780661650551e-06,2.764620398366631e-06,0.09880233816645291,1.70721914140973e-06,0.05224409702974153,1.3118375310851249e-06,0.24677537692688165
2170,85.0,2.0,17,0.0054635051871262585,87.0,2.140033367460344e-06,2.140033367460344e-06,2.764918690484501e-06,0.09881299856623858,1.7069167936544286e-06,0.05223484462325103,1.3109911143312235e-06,0.24661615384587368
2171,47.0,9.0,17,0.0036595910174025102,56.0,1.433447323698594e-06,1.433447323698594e-06,2.7652169109499626e-06,0.0988236564053018,1.7066146387064554e-06,0.05222559811702518,1.310145243697786e-06,0.2464570334979254
2172,71.0,23.0,17,0.005092624668677855,94.0,1.994760935635666e-06,1.994760935635666e-06,2.765515059712524e-06,0.0988343116818381,1.7063126763541298e-06,0.05221635750458617,1.309299918832448e-06,0.24629801581675193
2173,165.0,13.0,17,0.009280490395203591,178.0,3.6351313729743797e-06,3.6351313729743797e-06,2.7658131367218716e-06,0.09884496439404938,1.706010906386105e-06,0.05220712277946638,1.3084551393830713e-06,0.2461391007361112
2174,52.0,25.0,17,0.004055886874296475,77.0,1.5886748430460147e-06,1.5886748430460147e-06,2.766111141927874e-06,0.09885561454014401,1.705709328591359e-06,0.05219789393520817,1.3076109049977463e-06,0.24598028818980378
2175,88.0,63.0,17,0.0064626444272893185,151.0,2.5313922551074495e-06,2.5313922551074495e-06,2.766409075280566e-06,0.09886626211833635,1.7054079427592018e-06,0.052188670965364,1.3067672153247892e-06,0.24582157811167304
2176,35.0,40.0,17,0.003447604503380781,75.0,1.3504130448024995e-06,1.3504130448024995e-06,2.7667069367301664e-06,0.0988769071268473,1.7051067486792684e-06,0.052179453863496324,1.3059240700127435e-06,0.24566297043560503
2177,115.0,16.0,17,0.006113830508113606,131.0,2.394763222919548e-06,2.394763222919548e-06,2.7670047262270666e-06,0.09888754956390396,1.7048057461415221e-06,0.05217024262317762,1.3050814687103795e-06,0.24550446509552842
2178,36.0,23.0,17,0.0035261822124645664,59.0,1.3811916225869825e-06,1.3811916225869825e-06,2.767302443721833e-06,0.09889818942773963,1.704504934936253e-06,0.05216103723799038,1.3042394110666952e-06,0.24534606202541465
2179,201.0,51.0,17,0.012440523695120496,252.0,4.872903915049156e-06,4.872903915049156e-06,2.7676000891652042e-06,0.09890882671659385,1.704204314854076e-06,0.05215183770152702,1.3033978967309133e-06,0.24518776115927746
2180,144.0,30.0,17,0.010918964396157207,174.0,4.276915157131691e-06,4.276915157131691e-06,2.7678976625080986e-06,0.0989194614287125,1.7039038856859323e-06,0.052142644007389945,1.302556925352483e-06,0.2450295624311734
2181,74.0,17.0,17,0.005870275383158018,91.0,2.299363644010191e-06,2.299363644010191e-06,2.768195163701603e-06,0.09893009356234751,1.7036036472230853e-06,0.052133456149191446,1.3017164965810812e-06,0.2448714657752016
2182,127.0,9.0,17,0.008718359852709254,136.0,3.414947063340875e-06,3.414947063340875e-06,2.7684925926969748e-06,0.09894072311575695,1.703303599257125e-06,0.052124274120553774,1.30087661006661e-06,0.24471347112550362
2183,82.0,36.0,17,0.005372808920818714,118.0,2.104507998753903e-06,2.104507998753903e-06,2.7687899494456502e-06,0.09895135008720521,1.7030037415799621e-06,0.05211509791510901,1.3000372654591963e-06,0.2445555784162634
2184,57.0,5.0,17,0.0040839287076923705,62.0,1.5996587182500472e-06,1.5996587182500472e-06,2.769087233899238e-06,0.09896197447496288,1.7027040739838314e-06,0.052105927526499146,1.2991984624091945e-06,0.24439778758170758
2185,99.0,4.0,17,0.006697809802434408,103.0,2.623505602206975e-06,2.623505602206975e-06,2.7693844460095094e-06,0.09897259627730635,1.7024045962612895e-06,0.052096762948376035,1.298360200567184e-06,0.2442400985561051
2186,72.0,22.0,17,0.0059701639655044565,94.0,2.3384896065430696e-06,2.3384896065430696e-06,2.7696815857284152e-06,0.09898321549251846,1.7021053082052125e-06,0.05208760417440129,1.297522479583969e-06,0.2440825112737673
2187,103.0,31.0,17,0.007160641376661583,134.0,2.804794898809864e-06,2.804794898809864e-06,2.7699786530080736e-06,0.09899383211888797,1.7018062096087991e-06,0.05207845119824641,1.29668529911058e-06,0.24392502566904803
2188,50.0,5.0,17,0.003353738477648803,55.0,1.313646093869488e-06,1.313646093869488e-06,2.7702756478007746e-06,0.09900444615470982,1.7015073002655676e-06,0.052069304013592665,1.2958486587982716e-06,0.24376764167634327
2189,109.0,58.0,17,0.009134889425582684,167.0,3.5781000491902404e-06,3.5781000491902404e-06,2.770572570058974e-06,0.0990150575982849,1.7012085799693538e-06,0.052060162614131045,1.2950125582985244e-06,0.24361035923009156
2190,43.0,28.0,17,0.004683002775917471,71.0,1.8343136607588998e-06,1.8343136607588998e-06,2.770869419735303e-06,0.09902566644792032,1.7009100485143145e-06,0.052051026993562365,1.2941769972630432e-06,0.24345317826477358
2191,63.0,9.0,17,0.002915392022113645,72.0,1.1419475213919485e-06,1.1419475213919485e-06,2.7711661967825556e-06,0.09903627270192901,1.7006117056949228e-06,0.05204189714559712,1.293341975343758e-06,0.24329609871491245
2192,150.0,9.0,17,0.009635995973937488,159.0,3.7743815017381464e-06,3.7743815017381464e-06,2.7714629011536984e-06,0.0990468763586301,1.7003135513059705e-06,0.05203277306395555,1.2925074921928228e-06,0.2431391205150733
2193,98.0,12.0,17,0.004480304839903822,110.0,1.7549176811217476e-06,1.7549176811217476e-06,2.7717595328018662e-06,0.09905747741634871,1.7000155851425642e-06,0.052023654742367545,1.2916735474626167e-06,0.2429822435998637
2194,58.0,25.0,17,0.004213998635629148,83.0,1.6506065944493335e-06,1.6506065944493335e-06,2.772056091680355e-06,0.09906807587341573,1.6997178070001282e-06,0.052014542174572694,1.2908401408057425e-06,0.2428254679039333
2195,159.0,9.0,17,0.009642069202331545,168.0,3.7767603612736176e-06,3.7767603612736176e-06,2.772352577742634e-06,0.09907867172816825,1.699420216674402e-06,0.05200543535432024,1.290007271875028e-06,0.24266879336197397
2196,54.0,12.0,17,0.00388331038304356,66.0,1.5210773141572896e-06,1.5210773141572896e-06,2.772648990942337e-06,0.09908926497894921,1.6991228139614394e-06,0.05199633427536907,1.2891749403235238e-06,0.2425122199087197
2197,137.0,55.0,17,0.011823845456660927,192.0,4.63135348870385e-06,4.63135348870385e-06,2.772945331233264e-06,0.09909985562410752,1.6988255986576097e-06,0.0519872389314877,1.2883431458045053e-06,0.2423557474789465
2198,65.0,28.0,17,0.005990762386715297,93.0,2.3465579266413227e-06,2.3465579266413227e-06,2.7732415985693805e-06,0.09911044366199799,1.6985285705595938e-06,0.051978149316454156,1.2875118879714708e-06,0.2421993760074726
2199,106.0,21.0,17,0.006650449493832402,127.0,2.6049547566911093e-06,2.6049547566911093e-06,2.77353779290482e-06,0.09912102909098143,1.6982317294643868e-06,0.05196906542405613,1.2866811664781429e-06,0.2420431054291582
2200,69.0,33.0,17,0.005431320327635205,102.0,2.127426685325188e-06,2.127426685325188e-06,2.773833914193877e-06,0.09913161190942442,1.6979350751692966e-06,0.051959987248090866,1.2858509809784682e-06,0.24188693567890565
2201,57.0,11.0,17,0.004670727053831219,68.0,1.829505308982068e-06,1.829505308982068e-06,2.7741299623910077e-06,0.0991421921156993,1.6976386074719407e-06,0.05195091478236508,1.2850213311266144e-06,0.24173086669165905
2202,41.0,6.0,17,0.0035496769309954182,47.0,1.3903944108873554e-06,1.3903944108873554e-06,2.77442593745084e-06,0.09915276970818457,1.697342326170251e-06,0.05194184802069511,1.2841922165769745e-06,0.24157489840240476
2203,76.0,80.0,17,0.009794383041233605,156.0,3.8364210893982e-06,3.8364210893982e-06,2.774721839328155e-06,0.09916334468526418,1.6970462310624658e-06,0.051932786956906674,1.2833636369841634e-06,0.2414190307461709
2204,40.0,51.0,17,0.005921912655400211,91.0,2.319589759263694e-06,2.319589759263694e-06,2.775017667977913e-06,0.09917391704532852,1.6967503219471377e-06,0.05192373158483509,1.2825355920030198e-06,0.24126326365802764
2205,54.0,19.0,16,0.004281754886557732,73.0,1.6771464498855198e-06,1.6771464498855198e-06,2.581912210272219e-06,0.0991844867867731,1.586410495693943e-06,0.051914681898325044,1.2014139000026327e-06,0.24110759707308696
2206,112.0,16.0,16,0.008542814688936626,128.0,3.346186717170633e-06,3.346186717170633e-06,2.582187287355401e-06,0.09919505390799961,1.5861341286383645e-06,0.05190563789123074,1.2006387301898807e-06,0.24095203092650266
2207,138.0,5.0,16,0.00851199784483113,143.0,3.3341158812499534e-06,3.3341158812499534e-06,2.582462296189149e-06,0.09920561840741546,1.5858579349470343e-06,0.05189659955741572,1.1998640605280245e-06,0.24079656515347048
2208,114.0,22.0,16,0.009243277919465701,136.0,3.620555393445241e-06,3.620555393445241e-06,2.5827372367321577e-06,0.0992161802834338,1.585581914432725e-06,0.05188756689075304,1.19908989069436e-06,0.24064119968922795
2209,118.0,9.0,16,0.004988004197820369,127.0,1.9537815110929765e-06,1.9537815110929765e-06,2.583012108943266e-06,0.0992267395344735,1.585306066908494e-06,0.05187853988512507,1.1983162203663907e-06,0.24048593446905442
2210,105.0,79.0,16,0.00995200674900203,184.0,3.8981616721512065e-06,3.8981616721512065e-06,2.5832869127814686e-06,0.09923729615895932,1.5850303921876845e-06,0.05186951853442355,1.1975430492218275e-06,0.24033076942827086
2211,64.0,5.0,16,0.003705727856576321,69.0,1.45151894107964e-06,1.45151894107964e-06,2.5835616482059014e-06,0.09924785015532142,1.584754890083928e-06,0.05186050283254963,1.1967703769385905e-06,0.24017570450224007
2212,83.0,14.0,16,0.0053282595451369505,97.0,2.0870581845424795e-06,2.0870581845424795e-06,2.583836315175853e-06,0.09925840152199593,1.5844795604111388e-06,0.05185149277341372,1.195998203194807e-06,0.2400207396263666
2213,124.0,17.0,16,0.008658541541421625,141.0,3.391516467458529e-06,3.391516467458529e-06,2.5841109136507594e-06,0.09926895025742452,1.5842044029835165e-06,0.05184248835093559,1.195226527668812e-06,0.2398658747360966
2214,113.0,13.0,16,0.007516996120497432,126.0,2.944377642184658e-06,2.944377642184658e-06,2.5843854435902088e-06,0.09927949636005479,1.5839294176155455e-06,0.0518334895590443,1.1944553500391484e-06,0.23971110976691795
2215,139.0,8.0,16,0.010526377669604976,147.0,4.123140489465325e-06,4.123140489465325e-06,2.5846599049539266e-06,0.0992900398283396,1.583654604121992e-06,0.05182449639167815,1.193684669984566e-06,0.23955644465436
2216,55.0,10.0,16,0.004042702659671362,65.0,1.5835106383358255e-06,1.5835106383358255e-06,2.5849342977017946e-06,0.09930058066073777,1.5833799623179072e-06,0.051815508842784755,1.1929144871840215e-06,0.23940187933399384
2217,196.0,18.0,16,0.013708640961776665,214.0,5.369620431561561e-06,5.369620431561561e-06,2.5852086217938355e-06,0.0993111188557136,1.5831054920186239e-06,0.05180652690632094,1.1921448013166796e-06,0.23924741374143213
2218,137.0,55.0,16,0.01192795845981021,192.0,4.672134140152843e-06,4.672134140152843e-06,2.5854828771902183e-06,0.09932165441173697,1.582831193039755e-06,0.05179755057625275,1.1913756120619132e-06,0.239093047812329
2219,78.0,5.0,16,0.005024069000686688,83.0,1.9679079516986632e-06,1.9679079516986632e-06,2.5857570638512627e-06,0.09933218732728354,1.5825570651971976e-06,0.05178857984655544,1.1906069190992986e-06,0.23893878148238012
2220,106.0,7.0,16,0.005959288540628518,113.0,2.3342297456437593e-06,2.3342297456437593e-06,2.5860311817374263e-06,0.0993427176008343,1.5822831083071272e-06,0.051779614711213444,1.1898387221086217e-06,0.23878461468732268
2221,166.0,34.0,16,0.012810876224638496,200.0,5.017969535698588e-06,5.017969535698588e-06,2.586305230809317e-06,0.09935324523087599,1.582009322186e-06,0.05177065516422036,1.1890710207698738e-06,0.2386305473629353
2222,51.0,4.0,16,0.0037920829222481732,55.0,1.4853438786714349e-06,1.4853438786714349e-06,2.586579211027689e-06,0.09936377021590098,1.5817357066505522e-06,0.051761701199578944,1.188303814763254e-06,0.23847657944503803
2223,51.0,13.0,16,0.004537593865396535,64.0,1.7773575657644085e-06,1.7773575657644085e-06,2.586853122353429e-06,0.09937429255440673,1.5814622615178e-06,0.05175275281130112,1.187537103769166e-06,0.23832271086949244
2224,128.0,8.0,16,0.008211832966987534,136.0,3.2165424860899077e-06,3.2165424860899077e-06,2.5871269647475842e-06,0.09938481224489686,1.5811889866050349e-06,0.05174380999340783,1.18677088746822e-06,0.23816894157220125
2225,107.0,13.0,16,0.005470445769729282,120.0,2.1427519662081013e-06,2.1427519662081013e-06,2.58740073817133e-06,0.09939532928587992,1.58091588172983e-06,0.05173487273992922,1.1860051655412337e-06,0.23801527148910878
2226,144.0,10.0,16,0.008211772873379604,154.0,3.2165189476614195e-06,3.2165189476614195e-06,2.587674442585995e-06,0.09940584367587033,1.5806429467100341e-06,0.05172594104490447,1.1852399376692293e-06,0.23786170055620054
2227,56.0,13.0,16,0.00370824266214482,69.0,1.4525039804719232e-06,1.4525039804719232e-06,2.587948077953047e-06,0.09941635541338788,1.5803701813637724e-06,0.051717014902381765,1.1844752035334357e-06,0.23770822870950345
2228,98.0,9.0,16,0.006817766132056,107.0,2.6704920219569133e-06,2.6704920219569133e-06,2.5882216442340913e-06,0.09942686449695766,1.580097585509446e-06,0.05170809430641839,1.1837109628152867e-06,0.23755485588508554
2229,87.0,6.0,16,0.0055900044924227935,93.0,2.189582644897295e-06,2.189582644897295e-06,2.5884951413908857e-06,0.09943737092511054,1.579825158965735e-06,0.05169917925108069,1.182947215196422e-06,0.23740158201905623
2230,245.0,31.0,16,0.018123824048360715,276.0,7.099030179538079e-06,7.099030179538079e-06,2.588768569385319e-06,0.09944787469638251,1.5795529015515906e-06,0.05169026973044392,1.1821839603586868e-06,0.2372484070475661
2231,74.0,16.0,16,0.005897672434063006,90.0,2.3100949604633787e-06,2.3100949604633787e-06,2.589041928179425e-06,0.09945837580931509,1.579280813086241e-06,0.051681365738592396,1.1814211979841315e-06,0.23709533090680698
2232,18.0,9.0,15,0.001393678869938466,27.0,5.458984997800494e-07,5.458984997800494e-07,2.3979146264433293e-06,0.09946887426245521,1.4703009562273096e-06,0.051672467269619375,1.1021825888747711e-06,0.23694235353301188
2233,80.0,77.0,15,0.009777435453208428,157.0,3.8297827862156006e-06,3.8297827862156006e-06,2.3981676504480753e-06,0.09947937005435535,1.4700479140075575e-06,0.051663574317627074,1.1014714445547038e-06,0.2367894748624548
2234,35.0,43.0,15,0.004223917818415513,78.0,1.6544918991051756e-06,1.6544918991051756e-06,2.398420610263041e-06,0.09948986318357306,1.4697950286017547e-06,0.05165468687672665,1.100760759075349e-06,0.23663669483145103
2235,52.0,59.0,15,0.0037905766331119985,111.0,1.484753871175871e-06,1.484753871175871e-06,2.398673505853589e-06,0.09950035364867149,1.4695422998425931e-06,0.0516458049410382,1.1000505321406555e-06,0.23648401337635686
2236,69.0,5.0,15,0.0031980625314072687,74.0,1.252668441600967e-06,1.252668441600967e-06,2.3989263371852048e-06,0.09951084144821898,1.4692897275630151e-06,0.05163692850469064,1.0993407634547637e-06,0.23633143043356977
2237,163.0,22.0,15,0.011187808941248371,185.0,4.382220501859918e-06,4.382220501859918e-06,2.399179104223509e-06,0.09952132658078938,1.469037311596219e-06,0.05162805756182187,1.0986314527220046e-06,0.23617894593952804
2238,48.0,7.0,15,0.00287567533399286,55.0,1.1263906517794204e-06,1.1263906517794204e-06,2.3994318069342433e-06,0.09953180904496163,1.4687850517756544e-06,0.0516191921065786,1.0979225996469003e-06,0.23602655983071116
2239,76.0,14.0,15,0.005300698533383436,90.0,2.0762626452735745e-06,2.0762626452735745e-06,2.3996844452832816e-06,0.09954228883932013,1.4685329479350216e-06,0.05161033213311639,1.0972142039341634e-06,0.23587427204363956
2240,61.0,5.0,15,0.004461603626393159,66.0,1.7475924897740538e-06,1.7475924897740538e-06,2.3999370192366274e-06,0.09955276596245466,1.4682809999082738e-06,0.05160147763559965,1.0965062652886967e-06,0.2357220825148746
2241,77.0,8.0,15,0.005276387929563999,85.0,2.066740277933411e-06,2.066740277933411e-06,2.400189528760408e-06,0.09956324041296014,1.4680292075296143e-06,0.0515926286082016,1.0957987834155947e-06,0.23556999118101862
2242,94.0,7.0,15,0.0070270762569602085,101.0,2.7524779698238182e-06,2.7524779698238182e-06,2.4004419738208736e-06,0.09957371218943653,1.4677775706334958e-06,0.05158378504510424,1.09509175802014e-06,0.23541799797871477
2243,135.0,25.0,15,0.010777578530425035,160.0,4.22153487286527e-06,4.22153487286527e-06,2.4006943543844104e-06,0.09958418129048954,1.4675260890546226e-06,0.05157494694049838,1.094385188807807e-06,0.23526610284464713
2244,165.0,22.0,15,0.010762057547836153,187.0,4.215455365388231e-06,4.215455365388231e-06,2.4009466704175244e-06,0.09959464771472977,1.467274762627947e-06,0.05156611428858355,1.0936790754842596e-06,0.23511430571554068
2245,27.0,21.0,15,0.002787273630678034,48.0,1.0917640543196373e-06,1.0917640543196373e-06,2.401198921886848e-06,0.0996051114607731,1.46702359118867e-06,0.051557287083568056,1.0929734177553524e-06,0.23496260652816126
2246,54.0,3.0,15,0.0031728419038234493,57.0,1.2427896215524674e-06,1.2427896215524674e-06,2.401451108759143e-06,0.09961557252724074,1.4667725745722422e-06,0.05154846531966893,1.092268215327128e-06,0.23481100521931528
2247,153.0,73.0,15,0.01729679551349689,226.0,6.775086374264352e-06,6.775086374264352e-06,2.4017032310012907e-06,0.0996260309127589,1.46652171261436e-06,0.05153964899111189,1.09156346790582e-06,0.23465950172585012
2248,156.0,69.0,15,0.014030753565546662,225.0,5.495790664138919e-06,5.495790664138919e-06,2.4019552885802998e-06,0.09963648661595903,1.4662710051509713e-06,0.05153083809213141,1.0908591751978523e-06,0.23450809598465394
2249,94.0,14.0,15,0.006595159361257747,108.0,2.5832978304965717e-06,2.5832978304965717e-06,2.402207281463306e-06,0.09964693963547788,1.4660204520182653e-06,0.05152203261697054,1.090155336909836e-06,0.23435678793265552
2250,104.0,9.0,15,0.006435805672951794,113.0,2.5208796212110437e-06,2.5208796212110437e-06,2.4024592096175675e-06,0.09965738996995731,1.4657700530526815e-06,0.05151323255988109,1.089451952748573e-06,0.23420557750682436
2251,110.0,6.0,15,0.006125601485982399,116.0,2.399373868383235e-06,2.399373868383235e-06,2.402711073010463e-06,0.09966783761804408,1.4655198080909047e-06,0.05150443791512348,1.0887490224210544e-06,0.2340544646441706
2252,196.0,10.0,15,0.012416887134971969,206.0,4.863645567948284e-06,4.863645567948284e-06,2.4029628716094997e-06,0.0996782825783904,1.4652697169698638e-06,0.05149564867696671,1.0880465456344596e-06,0.23390344928174503
2253,120.0,7.0,15,0.008666943131508242,127.0,3.394807337057674e-06,3.394807337057674e-06,2.4032146053823063e-06,0.09968872484965344,1.4650197795267349e-06,0.05148686483968847,1.0873445220961578e-06,0.23375253135663915
2254,100.0,92.0,15,0.009957460136898294,192.0,3.900297742615862e-06,3.900297742615862e-06,2.4034662742966303e-06,0.0996991644304953,1.4647699955989358e-06,0.051478086397574965,1.0866429515137064e-06,0.233601710805985
2255,74.0,23.0,15,0.006368316878141138,97.0,2.494444527278158e-06,2.494444527278158e-06,2.403717878320353e-06,0.0997096013195837,1.46452036502413e-06,0.05146931334492101,1.0859418335948516e-06,0.233450987566955
2256,87.0,78.0,15,0.010347702200369397,165.0,4.053154015029141e-06,4.053154015029141e-06,2.4039694174214625e-06,0.09972003551559068,1.464270887640226e-06,0.05146054567603004,1.0852411680475283e-06,0.23330036157676243
2257,101.0,8.0,15,0.006318528716838067,109.0,2.474942701464186e-06,2.474942701464186e-06,2.404220891568081e-06,0.09973046701719396,1.4640215632853727e-06,0.05145178338521391,1.0845409545798596e-06,0.23314983277266083
2258,33.0,10.0,15,0.002594275027096048,43.0,1.0161672648241473e-06,1.0161672648241473e-06,2.404472300728448e-06,0.09974089582307603,1.4637723917979622e-06,0.051443026466793086,1.0838411929001574e-06,0.23299940109194434
2259,60.0,11.0,15,0.004417993799555692,71.0,1.730510693127964e-06,1.730510693127964e-06,2.4047236448709246e-06,0.09975132193192449,1.4635233730166298e-06,0.051434274915096535,1.0831418827169214e-06,0.23284906647194759
2260,51.0,5.0,15,0.004035728490466919,56.0,1.5807788838491655e-06,1.5807788838491655e-06,2.4049749239639896e-06,0.09976174534243179,1.4632745067802523e-06,0.05142552872446171,1.0824430237388392e-06,0.23269882885004547
2261,101.0,6.0,15,0.006743184016503234,107.0,2.641278502351443e-06,2.641278502351443e-06,2.405226137976248e-06,0.09977216605329561,1.463025792927947e-06,0.05141678788923453,1.081744615674787e-06,0.23254868816365348
2262,135.0,32.0,15,0.011310777790061207,167.0,4.430386913459149e-06,4.430386913459149e-06,2.4054772868764234e-06,0.09978258406321856,1.4627772312990715e-06,0.05140805240376936,1.0810466582338285e-06,0.23239864435022736
2263,47.0,55.0,15,0.005194936705277577,102.0,2.034836155612055e-06,2.034836155612055e-06,2.4057283706333578e-06,0.09979299937090819,1.4625288217332258e-06,0.051399322262429076,1.0803491511252147e-06,0.23224869734726333
2264,116.0,7.0,15,0.007944800220035582,123.0,3.1119468155251006e-06,3.1119468155251006e-06,2.405979389216011e-06,0.0998034119750769,1.4622805640702465e-06,0.051390597459584866,1.0796520940583848e-06,0.23209884709229775
2265,83.0,53.0,15,0.008323187238851662,136.0,3.260159513847106e-06,3.260159513847106e-06,2.4062303425934682e-06,0.09981382187444227,1.4620324581502134e-06,0.051381877989616485,1.078955486742965e-06,0.2319490935229075
2266,147.0,10.0,15,0.01161346896955341,157.0,4.548949850980576e-06,4.548949850980576e-06,2.406481230734931e-06,0.09982422906772676,1.4617845038134417e-06,0.05137316384691194,1.0782593288887698e-06,0.23179943657670954
2267,213.0,17.0,15,0.014043513707581725,230.0,5.5007887612932726e-06,5.5007887612932726e-06,2.4067320536097154e-06,0.09983463355365754,1.4615367009004875e-06,0.05136445502586769,1.0775636202057996e-06,0.23164987619136126
2268,16.0,3.0,15,0.0012387853305653304,19.0,4.852273131865767e-07,4.852273131865767e-07,2.40698281118726e-06,0.0998450353309669,1.4612890492521427e-06,0.051355751520888566,1.0768683604042435e-06,0.2315004123045602
2269,57.0,13.0,15,0.004580972155079573,70.0,1.7943486702230997e-06,1.7943486702230997e-06,2.407233503437123e-06,0.09985543439839209,1.4610415487094386e-06,0.051347053326387684,1.0761735491944752e-06,0.23135104485404398
2270,70.0,52.0,15,0.005391789834036311,122.0,2.1119427473702743e-06,2.1119427473702743e-06,2.4074841303289796e-06,0.09986583075467514,1.4607941991136418e-06,0.05133836043678653,1.0754791862870578e-06,0.23120177377759057
2271,64.0,106.0,15,0.01124106553621462,170.0,4.403080899418182e-06,4.403080899418182e-06,2.4077346918326186e-06,0.0998762243985629,1.4605470003062575e-06,0.05132967284651492,1.0747852713927394e-06,0.231052599013018
2272,83.0,15.0,15,0.006135411669173982,98.0,2.4032164783290176e-06,2.4032164783290176e-06,2.407985187917948e-06,0.09988661532880708,1.4602999521290254e-06,0.05132099055001094,1.0740918042224562e-06,0.2309035204981845
2273,59.0,28.0,15,0.004539960177542354,87.0,1.7782844408704874e-06,1.7782844408704874e-06,2.4082356185549937e-06,0.09989700354416431,1.460053054423921e-06,0.05131231354172096,1.0733987844873294e-06,0.23075453817098823
2274,116.0,19.0,15,0.007978648254559116,135.0,3.125204956740743e-06,3.125204956740743e-06,2.4084859837138997e-06,0.09990738904339615,1.4598063070331555e-06,0.05130364181609962,1.0727062118986673e-06,0.23060565196936755
2275,172.0,13.0,15,0.012480225742118468,185.0,4.888455049791801e-06,4.888455049791801e-06,2.408736283364924e-06,0.09991777182526883,1.4595597097991758e-06,0.051294975367609866,1.0720140861679646e-06,0.23045686183130085
2276,99.0,14.0,15,0.003911029054875237,113.0,1.531934608255087e-06,1.531934608255087e-06,2.408986517478439e-06,0.09992815188855338,1.4593132625646607e-06,0.05128631419072276,1.0713224070069026e-06,0.2303081676948065
2277,66.0,9.0,15,0.004894996259648914,75.0,1.917350669662716e-06,1.917350669662716e-06,2.4092366860249346e-06,0.09993852923202565,1.4590669651725252e-06,0.05127765827991768,1.0706311741273476e-06,0.23015956949794297
2278,51.0,10.0,15,0.003997468664622653,61.0,1.5657926614268126e-06,1.5657926614268126e-06,2.4094867889750204e-06,0.09994890385446649,1.4588208174659161e-06,0.05126900762968218,1.0699403872413519e-06,0.23001106717880848
2279,99.0,7.0,15,0.007438560656866695,106.0,2.9136547813813926e-06,2.9136547813813926e-06,2.40973682629941e-06,0.09995927575466108,1.4585748192882137e-06,0.051260362234511976,1.0692500460611544e-06,0.2298626606755414
2280,106.0,77.0,15,0.011513899012362308,183.0,4.50994869266052e-06,4.50994869266052e-06,2.409986797968941e-06,0.09996964493139973,1.4583289704830315e-06,0.05125172208891099,1.0685601502991787e-06,0.22971434992631987
2281,90.0,10.0,15,0.004957518376632641,100.0,1.9418403355396164e-06,1.9418403355396164e-06,2.4102367039545655e-06,0.09998001138347747,1.4580832708942135e-06,0.05124308718739129,1.0678706996680353e-06,0.2295661348693621
2282,127.0,37.0,15,0.007981136040501104,164.0,3.1261794126522146e-06,3.1261794126522146e-06,2.4104865442273457e-06,0.09999037510969391,1.4578377203658366e-06,0.05123445752447306,1.0671816938805184e-06,0.22941801544292587
2283,178.0,13.0,15,0.010816936065038989,191.0,4.236951063470031e-06,4.236951063470031e-06,2.4107363187584556e-06,0.10000073610885332,1.457592318742209e-06,0.05122583309468466,1.066493132649609e-06,0.22926999158530909
2284,198.0,7.0,14,0.007724095960826885,205.0,3.0254978303278048e-06,3.0254978303278048e-06,2.223323288889731e-06,0.10001109437976502,1.3511232098881895e-06,0.051217213892562494,9.906886305237126e-07,0.22912206323484932
2285,39.0,3.0,14,0.001438544253177493,42.0,5.634720929014857e-07,5.634720929014857e-07,2.223553500514543e-06,0.10002144992124269,1.3508959708936554e-06,0.05120859991265111,9.900494237355965e-07,0.22897423032992395
2286,111.0,12.0,14,0.006877509283224433,123.0,2.6938931779179134e-06,2.6938931779179134e-06,2.2237836514356776e-06,0.1000318027321048,1.3506688695186742e-06,0.05119999114950309,9.894106293730455e-07,0.22882649280895018
2287,60.0,4.0,14,0.0031282298907524646,64.0,1.2253152725234878e-06,1.2253152725234878e-06,2.224013741626976e-06,0.10004215281117461,1.3504419056197553e-06,0.05119138759767914,9.88772247169956e-07,0.2286788506103848
2288,100.0,23.0,14,0.006622509037689672,123.0,2.59401059055608e-06,2.59401059055608e-06,2.224243771062376e-06,0.10005250015727982,1.3502150790536193e-06,0.051182789251747934,9.881342768603972e-07,0.22853130367272442
2289,78.0,9.0,14,0.0056523126447793485,87.0,2.2139885016762038e-06,2.2139885016762038e-06,2.224473739715926e-06,0.10006284476925305,1.3499883896772006e-06,0.05117419610628626,9.87496718178609e-07,0.22838385193450533
2290,149.0,9.0,14,0.007702340159236418,158.0,3.0169761689135988e-06,3.0169761689135988e-06,2.2247036475617695e-06,0.10007318664593118,1.3497618373476432e-06,0.05116560815587887,9.868595708590035e-07,0.2282364953343035
2291,147.0,41.0,14,0.013839100334661217,188.0,5.420720851806196e-06,5.420720851806196e-06,2.2249334945741636e-06,0.10008352578615623,1.349535421922302e-06,0.051157025395118495,9.862228346361628e-07,0.22808923381073443
2292,89.0,6.0,14,0.005015572631576567,95.0,1.9645799575309705e-06,1.9645799575309705e-06,2.2251632807274566e-06,0.10009386218877431,1.3493091432587448e-06,0.05114844781860591,9.855865092448431e-07,0.22794206730245328
2293,82.0,50.0,14,0.007418025784895623,132.0,2.9056113532689475e-06,2.9056113532689475e-06,2.2253930059961034e-06,0.10010419585263636,1.3490830012147476e-06,0.05113987542094984,9.849505944199687e-07,0.22779499574815484
2294,148.0,15.0,14,0.011046769514043023,163.0,4.326975916193898e-06,4.326975916193898e-06,2.2256226703546643e-06,0.10011452677659803,1.348856995648296e-06,0.05113130819676692,9.843150898966357e-07,0.2276480190865734
2295,58.0,19.0,14,0.005403090687545134,77.0,2.1163692469820345e-06,2.1163692469820345e-06,2.2258522737777983e-06,0.10012485495951938,1.348631126417587e-06,0.051122746140681796,9.836799954101126e-07,0.22750113725648283
2296,139.0,31.0,14,0.010913355557804347,170.0,4.27471819733817e-06,4.27471819733817e-06,2.2260818162402646e-06,0.10013518040026505,1.3484053933810251e-06,0.051114189247327003,9.830453106958367e-07,0.22735435019669636
2297,85.0,13.0,14,0.005184077690199915,98.0,2.030582722365811e-06,2.030582722365811e-06,2.2263112977169253e-06,0.10014550309770423,1.3481797963972238e-06,0.051105637511342956,9.82411035489418e-07,0.2272076578460669
2298,51.0,41.0,14,0.003672113329903191,92.0,1.438352263965214e-06,1.438352263965214e-06,2.226540718182743e-06,0.10015582305071072,1.347954335325005e-06,0.051097090927378026,9.817771695266353e-07,0.22706106014348665
2299,72.0,4.0,14,0.003449923500850064,76.0,1.351321386936962e-06,1.351321386936962e-06,2.226770077612781e-06,0.10016614025816276,1.347729010023398e-06,0.051088549490088404,9.811437125434387e-07,0.22691455702788738
2300,151.0,81.0,14,0.01226439885818962,232.0,4.803916513196091e-06,4.803916513196091e-06,2.2269993759822063e-06,0.10017645471894329,1.3475038203516408e-06,0.0510800131941382,9.805106642759488e-07,0.2267681484382401
2301,64.0,15.0,13,0.004771683659429353,79.0,1.8690496119973962e-06,1.8690496119973962e-06,2.040756267374353e-06,0.10018676643193938,1.241842588324148e-06,0.05107148203419934,9.058215167074631e-07,0.22662183431355537
2302,17.0,7.0,13,0.001358424250767075,24.0,5.320894049224736e-07,5.320894049224736e-07,2.0409662560171008e-06,0.10019707539604289,1.2416352713282933e-06,0.05106295600495157,9.052370674219244e-07,0.22647561459288296
2303,86.0,9.0,13,0.005700765821681782,95.0,2.232967419381818e-06,2.232967419381818e-06,2.0411761886437485e-06,0.10020738161015019,1.2414280789599855e-06,0.05105443510108248,9.046529952316091e-07,0.226329489215312
2304,19.0,4.0,13,0.0012242182013496939,23.0,4.795214263022695e-07,4.795214263022695e-07,2.041386065231903e-06,0.10021768507316199,1.2412210110902392e-06,0.05104591931728746,9.040692998932105e-07,0.22618345811997106
2305,63.0,4.0,13,0.00443114445142044,67.0,1.7356617514376967e-06,1.7356617514376967e-06,2.041595885759264e-06,0.10022798578398347,1.2410140675902578e-06,0.051037408648269694,9.034859811635774e-07,0.22603752124602772
2306,43.0,4.0,13,0.0036163939531106246,47.0,1.416527204508666e-06,1.416527204508666e-06,2.0418056502036196e-06,0.10023828374152419,1.2408072483314341e-06,0.051028903088740134,9.029030387997166e-07,0.22589167853268902
2307,63.0,10.0,13,0.003534853726976621,73.0,1.3845882205157153e-06,1.3845882205157153e-06,2.042015358542853e-06,0.10024857894469837,1.2406005531853499e-06,0.05102040263341749,9.023204725587916e-07,0.22574592991920117
2308,63.0,33.0,12,0.005687927973878803,96.0,2.227938885185587e-06,2.227938885185587e-06,1.8562384413810978e-06,0.10025887139242436,1.1352787594733537e-06,0.05101190727702821,8.281128562862497e-07,0.2256002753448496
2309,122.0,6.0,12,0.006255815490400921,128.0,2.450378178770435e-06,2.450378178770435e-06,1.8564289494138709e-06,0.10026916108362524,1.1350898072179917e-06,0.051003417014306496,8.275785457645024e-07,0.2254547147489588
2310,170.0,2.0,12,0.010064821137817826,172.0,3.942350621941961e-06,3.942350621941961e-06,1.8566194063912179e-06,0.10027944801722813,1.134900968206057e-06,0.05099493183999427,8.270445799877153e-07,0.2253092480708926
2311,66.0,6.0,12,0.0030507217239215635,72.0,1.1949556302082113e-06,1.1949556302082113e-06,1.8568098122933611e-06,0.1002897321921648,1.1347122423206997e-06,0.05098645174884107,8.265109587334538e-07,0.2251638752500537
2312,49.0,12.0,12,0.003637257703222611,61.0,1.4246994528878225e-06,1.4246994528878225e-06,1.8570001671006045e-06,0.10030001360737142,1.1345236294452428e-06,0.05097797673560422,8.25977681779427e-07,0.2250185962258842
2313,77.0,12.0,12,0.005317806878519572,89.0,2.0829639163805607e-06,2.0829639163805607e-06,1.8571904707933276e-06,0.10031029226178828,1.134335129463181e-06,0.05096950679504872,8.254447489034874e-07,0.22487341093786503
2314,146.0,77.0,12,0.009842384508863801,223.0,3.855223074368899e-06,3.855223074368899e-06,1.8573807233519945e-06,0.10032056815436018,1.1341467422581767e-06,0.05096104192194715,8.249121598836308e-07,0.22472831932551626
2315,64.0,45.0,12,0.005415335665927446,109.0,2.1211655565716593e-06,2.1211655565716593e-06,1.8575709247571505e-06,0.10033084128403634,1.133958467714065e-06,0.050952582111079794,8.24379914497996e-07,0.224583321328397
2316,77.0,17.0,12,0.005142373678418438,94.0,2.0142474259375004e-06,2.0142474259375004e-06,1.8577610749894176e-06,0.10034111164977014,1.133770305714848e-06,0.05094412735723452,8.238480125248654e-07,0.22443841688610533
2317,57.0,3.0,12,0.002943092172918894,60.0,1.1527975608769659e-06,1.1527975608769659e-06,1.8579511740294996e-06,0.10035137925051933,1.133582256144699e-06,0.050935677655206825,8.233164537426644e-07,0.22429360593827835
2318,120.0,23.0,12,0.00872925746771906,143.0,3.419215616027834e-06,3.419215616027834e-06,1.8581412218581805e-06,0.10036164408524603,1.1333943188879611e-06,0.05092723299979986,8.22785237929961e-07,0.22414888842459196
2319,63.0,8.0,12,0.0033757292223822503,71.0,1.3222597815833335e-06,1.3222597815833335e-06,1.858331218456325e-06,0.10037190615291672,1.1332064938291448e-06,0.050918793385824265,8.222543648654658e-07,0.22400426428476114
2320,60.0,2.0,12,0.0031839839043590855,62.0,1.247153899083073e-06,1.247153899083073e-06,1.8585211638048732e-06,0.1003821654525019,1.13301878085293e-06,0.050910358808098334,8.217238343280333e-07,0.22385973345853974
2321,105.0,13.0,12,0.005463538494047814,118.0,2.140046413649751e-06,2.140046413649751e-06,1.8587110578848492e-06,0.1003924219829767,1.1328311798441637e-06,0.050901929261447876,8.211936460966599e-07,0.22371529588572042
2322,28.0,10.0,12,0.0022145039737166443,38.0,8.674124456391086e-07,8.674124456391086e-07,1.8589009006773502e-06,0.1004026757433201,1.132643690687862e-06,0.050893504740706245,8.206637999504846e-07,0.2235709515061348
2323,32.0,48.0,12,0.0029798327815098715,80.0,1.1671887119114263e-06,1.1671887119114263e-06,1.8590906921635568e-06,0.10041292673251564,1.1324563132692072e-06,0.05088508524071431,8.20134295668789e-07,0.2234267002596531
2324,23.0,16.0,12,0.0022453298721690587,39.0,8.794868281116564e-07,8.794868281116564e-07,1.859280432324727e-06,0.10042317494955105,1.1322690474735503e-06,0.05087667075632051,8.196051330309973e-07,0.2232825420861846
2325,39.0,8.0,12,0.0030068498516043355,47.0,1.1777711913843852e-06,1.1777711913843852e-06,1.8594701211421964e-06,0.10043342039341822,1.1320818931864084e-06,0.05086826128238073,8.190763118166758e-07,0.22313847692567718
2326,37.0,2.0,12,0.001675188868633209,39.0,6.561648525786169e-07,6.561648525786169e-07,1.859659758597382e-06,0.10044366306311345,1.1318948502934646e-06,0.05085985681375832,8.185478318055332e-07,0.22299450471811755
2327,75.0,17.0,12,0.005057903607933505,92.0,1.9811608335031353e-06,1.9811608335031353e-06,1.8598493446717706e-06,0.10045390295763679,1.1317079186805698e-06,0.05085145734532419,8.180196927774199e-07,0.22285062540353107
2328,51.0,3.0,12,0.002911985391664924,54.0,1.140613157722258e-06,1.140613157722258e-06,1.8600388793469357e-06,0.10046414007599301,1.13152109823374e-06,0.05084306287195665,8.174918945123288e-07,0.22270683892198184
2329,78.0,16.0,12,0.005054851619937115,94.0,1.9799653818790108e-06,1.9799653818790108e-06,1.8602283626045242e-06,0.10047437441719081,1.1313343888391554e-06,0.05083467338854139,8.169644367903945e-07,0.22256314521357262
2330,100.0,8.0,12,0.004637395956288058,108.0,1.816449649936568e-06,1.816449649936568e-06,1.860417794426259e-06,0.10048460598024303,1.1311477903831655e-06,0.050826288889971705,8.164373193918939e-07,0.22241954421844487
2331,146.0,7.0,12,0.008136461128018654,153.0,3.1870196349465936e-06,3.1870196349465936e-06,1.860607174793943e-06,0.1004948347641668,1.1309613027522799e-06,0.0508179093711481,8.159105420972453e-07,0.22227603587677863
2332,117.0,58.0,12,0.011272851423359148,175.0,4.415531305663591e-06,4.415531305663591e-06,1.860796503689454e-06,0.10050506076798332,1.130774925833177e-06,0.05080953482697864,8.153841046870087e-07,0.22213262012879248
2333,45.0,9.0,12,0.0034924301758503685,54.0,1.3679710833726472e-06,1.3679710833726472e-06,1.8609857810947468e-06,0.1005152839907179,1.1305886595126973e-06,0.0508011652523787,8.148580069418853e-07,0.22198929691474362
2334,120.0,13.0,12,0.005011118820852011,133.0,1.962835417490016e-06,1.962835417490016e-06,1.8611750069918534e-06,0.10052550443140008,1.1304025036778463e-06,0.05079280064227104,8.143322486427185e-07,0.22184606617492783
2335,127.0,22.0,12,0.00899878861046636,149.0,3.5247898983417e-06,3.5247898983417e-06,1.8613641813628836e-06,0.10053572208906358,1.1302164582157922e-06,0.05078444099158577,8.13806829570493e-07,0.22170292784967943
2336,63.0,18.0,12,0.0039219171055886095,81.0,1.5361994146449705e-06,1.5361994146449705e-06,1.8615533041900197e-06,0.10054593696274602,1.1300305230138685e-06,0.05077608629526038,8.132817495063346e-07,0.2215598818793711
2337,37.0,0.0,12,0.002102137542231049,37.0,8.233989589624165e-07,8.233989589624165e-07,1.8617423754555205e-06,0.10055614905148919,1.1298446979595712e-06,0.050767736548239684,8.1275700823151e-07,0.2214169282044141
2338,50.0,17.0,12,0.004354546338346302,67.0,1.7056585735786535e-06,1.7056585735786535e-06,1.8619313951417238e-06,0.1005663583543391,1.129658982940558e-06,0.05075939174547578,8.122326055274274e-07,0.22127406676525815
2339,47.0,3.0,12,0.0024397658892653324,50.0,9.55646646794098e-07,9.55646646794098e-07,1.862120363231041e-06,0.10057656487034575,1.1294733778446499e-06,0.050751051881928085,8.117085411756363e-07,0.22113129750239136
2340,237.0,84.0,12,0.01708137390110928,321.0,6.690706580928038e-06,6.690706580928038e-06,1.8623092797059556e-06,0.10058676859856307,1.1292878825598314e-06,0.050742716952563355,8.111848149578267e-07,0.2209886203563403
2341,77.0,4.0,12,0.0036313567185521506,81.0,1.422388060537466e-06,1.422388060537466e-06,1.8624981445490326e-06,0.10059696953804932,1.1291024969742468e-06,0.05073438695235554,8.106614266558298e-07,0.22084603526766972
2342,77.0,1.0,12,0.0027420371534105084,78.0,1.0740451051353343e-06,1.0740451051353343e-06,1.8626869577429074e-06,0.10060716768786665,1.1289172209762032e-06,0.05072606187628591,8.10138376051617e-07,0.2207035421769829
2343,105.0,36.0,12,0.006506714267575299,141.0,2.5486542372014487e-06,2.5486542372014487e-06,1.8628757192702915e-06,0.10061736304708126,1.1287320544541699e-06,0.05071774171934299,8.096156629273009e-07,0.22056114102492144
2344,44.0,17.0,12,0.0032042032432445127,61.0,1.2550737341341608e-06,1.2550737341341608e-06,1.8630644291139679e-06,0.10062755561476322,1.1285469972967753e-06,0.050709426476522504,8.090932870651347e-07,0.2204188317521652
2345,87.0,8.0,12,0.003647255138213901,95.0,1.428615408622758e-06,1.428615408622758e-06,1.8632530872568e-06,0.10063774538998696,1.1283620493928102e-06,0.050701116142827435,8.085712482475118e-07,0.22027661429943227
2346,98.0,8.0,12,0.004342252193040048,106.0,1.7008430054994313e-06,1.7008430054994313e-06,1.8634416936817209e-06,0.10064793237183066,1.1281772106312252e-06,0.050692810713267956,8.080495462569661e-07,0.220134488607479
2347,67.0,22.0,12,0.005361829341277215,89.0,2.100207340884142e-06,2.100207340884142e-06,1.863630248371739e-06,0.10065811655937656,1.1279924809011303e-06,0.050684510182861416,8.075281808761718e-07,0.21999245461710004
2348,77.0,30.0,12,0.006453485171646022,107.0,2.5278046109071767e-06,2.5278046109071767e-06,1.8638187513099344e-06,0.10066829795171083,1.1278078600917971e-06,0.0506762145466324,8.070071518879436e-07,0.21985051226912822
2349,71.0,30.0,12,0.0032524802692151795,101.0,1.2739836542166782e-06,1.2739836542166782e-06,1.8640072024794665e-06,0.10067847654792383,1.1276233480926555e-06,0.05066792379961264,8.064864590752361e-07,0.2197086615044345
2350,70.0,6.0,12,0.003638237032852606,76.0,1.4250830524295362e-06,1.4250830524295362e-06,1.8641956018635612e-06,0.10068865234710958,1.1274389447932944e-06,0.050659637936840966,8.059661022211436e-07,0.21956690226392794
2351,74.0,8.0,12,0.004184454692513449,82.0,1.639034348810595e-06,1.639034348810595e-06,1.86438394944552e-06,0.10069882534836616,1.1272546500834628e-06,0.05065135695336345,8.054460811089008e-07,0.21942523448855586
2352,43.0,9.0,12,0.002502227138167783,52.0,9.801124708843645e-07,9.801124708843645e-07,1.8645722452087196e-06,0.10070899555079571,1.1270704638530673e-06,0.05064308084423321,8.049263955218825e-07,0.21928365811930361
2353,67.0,23.0,12,0.0046964696065483515,90.0,1.8395885650404823e-06,1.8395885650404823e-06,1.8647604891366076e-06,0.10071916295350422,1.1268863859921738e-06,0.05063480960451055,8.044070452436028e-07,0.2191421730971947
2354,160.0,41.0,12,0.009145279427521844,201.0,3.5821697718456103e-06,3.5821697718456103e-06,1.8649486812127035e-06,0.10072932755560153,1.1267024163910053e-06,0.050626543229262806,8.038880300577147e-07,0.21900077936329046
2355,56.0,39.0,12,0.004694088091623841,95.0,1.8386557350661345e-06,1.8386557350661345e-06,1.8651368214206027e-06,0.1007394893562016,1.1265185549399433e-06,0.05061828171356445,8.033693497480132e-07,0.2188594768586905
2356,83.0,9.0,12,0.005211289177584981,92.0,2.041241354322358e-06,2.041241354322358e-06,1.8653249097439668e-06,0.10074964835442198,1.126334801529526e-06,0.05061002505249701,8.028510040984304e-07,0.21871826552453233
2357,84.0,2.0,12,0.0047152833095483165,86.0,1.846957818076113e-06,1.846957818076113e-06,1.8655129461665374e-06,0.1007598045493845,1.12615115605045e-06,0.05060177324114909,8.023329928930384e-07,0.21857714530199143
2358,110.0,25.0,12,0.00712416037908143,135.0,2.790505436381289e-06,2.790505436381289e-06,1.8657009306721174e-06,0.10076995794021434,1.125967618393568e-06,0.05059352627461635,8.018153159160499e-07,0.2184361161322813
2359,235.0,7.0,12,0.009451321116895646,242.0,3.7020450908326073e-06,3.7020450908326073e-06,1.8658888632445938e-06,0.1007801085260412,1.1257841884498898e-06,0.05058528414800147,8.012979729518153e-07,0.2182951779566533
2360,38.0,3.0,12,0.0013891193867668456,41.0,5.44112568259634e-07,5.44112568259634e-07,1.8660767438679166e-06,0.1007902563059982,1.1256008661105796e-06,0.050577046856414135,8.007809637848242e-07,0.21815433071639667
2361,279.0,23.0,12,0.01712449829669455,302.0,6.707598236073071e-06,6.707598236073071e-06,1.8662645725261075e-06,0.10080040127922231,1.1254176512669603e-06,0.05056881439497107,8.002642881997065e-07,0.2180135743528386
2362,36.0,3.0,12,0.0022727473852568463,39.0,8.902261595208955e-07,8.902261595208955e-07,1.8664523492032634e-06,0.10081054344485459,1.1252345438105096e-06,0.050560586758796044,7.997479459812302e-07,0.21787290880734422
2363,50.0,12.0,12,0.003795309316833204,62.0,1.4866076446663548e-06,1.4866076446663548e-06,1.8666400738835477e-06,0.10082068280203964,1.12505154363286e-06,0.05055236394301971,7.992319369143018e-07,0.21773233402131623
2364,133.0,7.0,12,0.010455615151839836,140.0,4.095423091202442e-06,4.095423091202442e-06,1.8668277465511996e-06,0.10083081934992623,1.1248686506257994e-06,0.050544145942779735,7.987162607839677e-07,0.21759184993619538
2365,81.0,15.0,12,0.0054135694358600816,96.0,2.1204737312417084e-06,2.1204737312417084e-06,1.8670153671905248e-06,0.10084095308766666,1.1246858646812713e-06,0.050535932753220776,7.982009173754114e-07,0.21745145649346007
2366,152.0,12.0,12,0.009850556453821262,164.0,3.85842399287946e-06,3.85842399287946e-06,1.867202935785899e-06,0.10085108401441706,1.124503185691372e-06,0.05052772436949437,7.976859064739568e-07,0.21731115363462658
2367,65.0,5.0,12,0.004133850782646354,70.0,1.6192129975113018e-06,1.6192129975113018e-06,1.867390452321774e-06,0.10086121212933759,1.1243206135483555e-06,0.0505195207867591,7.971712278650656e-07,0.21717094130124884
2368,144.0,42.0,12,0.009753469566708525,186.0,3.820395443285752e-06,3.820395443285752e-06,1.8675779167826623e-06,0.1008713374315918,1.1241381481446256e-06,0.05051132200018034,7.966568813343371e-07,0.21703081943491842
2369,97.0,146.0,12,0.014968913693882941,243.0,5.863264274924771e-06,5.863264274924771e-06,1.8677653291531555e-06,0.10088145992034742,1.123955789372743e-06,0.050503128004930446,7.961428666675096e-07,0.21689078797726474
2370,32.0,9.0,12,0.002058746057466559,41.0,8.064026860425221e-07,8.064026860425221e-07,1.8679526894179078e-06,0.10089157959477559,1.1237735371254208e-06,0.05049493879618866,7.956291836504603e-07,0.21675084686995474
2371,87.0,7.0,12,0.0036419532013902485,94.0,1.4265386609440848e-06,1.4265386609440848e-06,1.8681399975616492e-06,0.10090169645405157,1.123591391295524e-06,0.05048675436914107,7.951158320692036e-07,0.21661099605469317
2372,42.0,20.0,12,0.004112669832276959,62.0,1.6109165030462043e-06,1.6109165030462043e-06,1.868327253569171e-06,0.10091181049735391,1.1234093517760728e-06,0.050478574718980686,7.946028117098921e-07,0.21647123547322217
2373,77.0,11.0,12,0.0050899140668189385,88.0,1.993699203611022e-06,1.993699203611022e-06,1.8685144574253406e-06,0.10092192172386526,1.123227418460238e-06,0.05047039984090733,7.940901223588166e-07,0.21633156506732157
2374,102.0,31.0,12,0.007413922118002928,133.0,2.9040039631817188e-06,2.9040039631817188e-06,1.8687016091150936e-06,0.10093203013277195,1.123045591241344e-06,0.0504622297301277,7.93577763802406e-07,0.21619198477880883
2375,76.0,30.0,12,0.005341027930190418,106.0,2.092059510454531e-06,2.092059510454531e-06,1.868888708623431e-06,0.1009421357232639,1.1228638700128667e-06,0.050454064381855304,7.930657358272265e-07,0.2160524945495389
2376,31.0,1.0,12,0.0014968003290692527,32.0,5.86290767359676e-07,5.86290767359676e-07,1.869075755935424e-06,0.10095223849453475,1.122682254668434e-06,0.05044590379131049,7.925540382199825e-07,0.21591309432140424
2377,275.0,5.0,12,0.010108110672964538,280.0,3.959306961599897e-06,3.959306961599897e-06,1.8692627510362125e-06,0.10096233844578183,1.1225007451018247e-06,0.05043774795372038,7.920426707675154e-07,0.21577378403633474
2378,149.0,10.0,12,0.007923793050846069,159.0,3.1037183904606614e-06,3.1037183904606614e-06,1.869449693911006e-06,0.10097243557620637,1.1223193412069691e-06,0.05042959686431891,7.91531633256805e-07,0.21563456363629785
2379,128.0,23.0,12,0.008931929102293326,151.0,3.4986012934952316e-06,3.4986012934952316e-06,1.8696365845450778e-06,0.1009825298850129,1.1221380428779492e-06,0.050421450518346796,7.910209254749675e-07,0.21549543306329846
2380,82.0,57.0,12,0.00757073853949352,139.0,2.9654283350934273e-06,2.9654283350934273e-06,1.8698234229237766e-06,0.10099262137141009,1.1219568500089965e-06,0.05041330891105155,7.905105472092575e-07,0.2153563922593789
2381,104.0,8.0,12,0.005100347846653645,112.0,1.9977860738948864e-06,1.9977860738948864e-06,1.8700102090325074e-06,0.10100271003460963,1.1217757624944927e-06,0.05040517203768736,7.900004982470663e-07,0.2152174411666187
2382,105.0,3.0,12,0.00434419798947075,108.0,1.7016051662635137e-06,1.7016051662635137e-06,1.870196942856756e-06,0.10101279587382758,1.1215947802289705e-06,0.05039703989351522,7.894907783759219e-07,0.21507857972713498
2383,222.0,63.0,12,0.013359626305321854,285.0,5.23291277137558e-06,5.23291277137558e-06,1.8703836243820654e-06,0.10102287888828311,1.1214139031071125e-06,0.05038891247380286,7.889813873834907e-07,0.21493980788308217
2384,114.0,5.0,12,0.005813526587377981,119.0,2.2771353652087666e-06,2.2771353652087666e-06,1.8705702535940504e-06,0.10103295907719921,1.121233131023749e-06,0.05038078977382468,7.88472325057575e-07,0.21480112557665199
2385,80.0,14.0,12,0.004899661676871153,94.0,1.91917809513167e-06,1.91917809513167e-06,1.8707568304783905e-06,0.10104303643980245,1.121052463873863e-06,0.05037267178886188,7.879635911861144e-07,0.21466253275007344
2386,75.0,0.0,12,0.004139085130668553,75.0,1.621263270923836e-06,1.621263270923836e-06,1.8709433550208353e-06,0.1010531109753231,1.1208719015525829e-06,0.05036455851420224,7.874551855571853e-07,0.21452402934561277
2387,139.0,7.0,12,0.007322321288415651,146.0,2.8681242806171763e-06,2.8681242806171763e-06,1.8711298272071991e-06,0.101063182682995,1.1206914439551873e-06,0.05035644994514027,7.869471079590005e-07,0.21438561530557354
2388,104.0,23.0,12,0.007830792281975696,127.0,3.0672903572172723e-06,3.0672903572172723e-06,1.8713162470233607e-06,0.1010732515620554,1.120511090977104e-06,0.050348346076977184,7.864393581799103e-07,0.21424729057229655
2389,85.0,0.0,12,0.004337899281732802,85.0,1.6991379873610662e-06,1.6991379873610662e-06,1.87150261445527e-06,0.10108331761174545,1.120330842513908e-06,0.05034024690502081,7.85931936008401e-07,0.21410905508815978
2390,118.0,28.0,12,0.009975529914108015,146.0,3.90737560286252e-06,3.90737560286252e-06,1.8716889294889373e-06,0.10109338083130956,1.1201506984613216e-06,0.05033215242458563,7.854248412330949e-07,0.2139709087955783
2391,106.0,46.0,12,0.008612611963787901,152.0,3.3735260336027815e-06,3.3735260336027815e-06,1.8718751921104455e-06,0.10110344121999598,1.1199706587152168e-06,0.050324062630992775,7.849180736427516e-07,0.21383285163700452
2392,164.0,28.0,12,0.009558942155243427,192.0,3.7441998257906097e-06,3.7441998257906097e-06,1.8720614023059373e-06,0.10111349877705632,1.1197907231716095e-06,0.050315977519569934,7.844116330262663e-07,0.2136948835549278
2393,104.0,13.0,12,0.008764873748931907,117.0,3.433166372476266e-06,3.433166372476266e-06,1.8722475600616238e-06,0.10112355350174577,1.119610891726667e-06,0.050307897085651525,7.839055191726711e-07,0.2135570044918747
2394,165.0,13.0,12,0.01019073172946662,178.0,3.991669302572119e-06,3.991669302572119e-06,1.8724336653637821e-06,0.10113360539332317,1.1194311642767e-06,0.050299821324578435,7.833997318711331e-07,0.2134192143904089
2395,159.0,36.0,12,0.008524277105559534,195.0,3.3389256190989163e-06,3.3389256190989163e-06,1.8726197181987538e-06,0.10114365445105075,1.119251540718167e-06,0.050291750231698226,7.828942709109567e-07,0.213281513193131
2396,84.0,2.0,12,0.004179608393331938,86.0,1.6371360725937868e-06,1.6371360725937868e-06,1.872805718552945e-06,0.10115370067419434,1.1190720209476733e-06,0.050283683802364976,7.823891360815819e-07,0.21314390084267873
2397,187.0,26.0,12,0.010444683312794188,213.0,4.091141133096039e-06,4.091141133096039e-06,1.8729916664128275e-06,0.10116374406202322,1.118892604861969e-06,0.05027562203193935,7.818843271725835e-07,0.21300637728172683
2398,102.0,10.0,11,0.0065174028649280765,112.0,2.5528409184990506e-06,2.5528409184990506e-06,1.6932189884468071e-06,0.1011737846138103,1.0175572330009984e-06,0.05026756491578858,7.130329726869015e-07,0.2128689424529871
2399,164.0,8.0,11,0.01058839409073138,172.0,4.147432076275511e-06,4.147432076275511e-06,1.6933869771183773e-06,0.1011838223288318,1.0173942283767133e-06,0.050259512449286364,7.12572913388501e-07,0.2127315962992081
2400,116.0,53.0,11,0.009152740666208935,169.0,3.5850923095217136e-06,3.5850923095217136e-06,1.6935549183025e-06,0.1011938572063675,1.0172313177809078e-06,0.050251464627813006,7.12113150927086e-07,0.2125943387631755
2401,75.0,22.0,11,0.0025773683357687154,97.0,1.0095449807163005e-06,1.0095449807163005e-06,1.6937228119871795e-06,0.10120388924570069,1.0170685011201984e-06,0.05024342144675531,7.116536851111328e-07,0.2124571697877118
2402,135.0,6.0,11,0.007190442091657482,141.0,2.816467720978254e-06,2.816467720978254e-06,1.69389065816048e-06,0.10121391844611813,1.01690577830133e-06,0.05023538290150649,7.111945157492411e-07,0.2123200893156765
2403,19.0,34.0,11,0.0028625310701960224,53.0,1.1212420956506158e-06,1.1212420956506158e-06,1.694058456810521e-06,0.10122394480690997,1.0167431492311827e-06,0.05022734898746638,7.10735642650135e-07,0.21218309728996587
2404,78.0,4.0,11,0.003842644157668354,82.0,1.5051485145586972e-06,1.5051485145586972e-06,1.6942262079254823e-06,0.10123396832736987,1.0165806138167653e-06,0.0502193197000412,7.102770656226609e-07,0.212046193653513
2405,71.0,1.0,11,0.003148517263063086,72.0,1.2332617559980752e-06,1.2332617559980752e-06,1.6943939114935977e-06,0.10124398900679484,1.016418171965218e-06,0.050211295034643645,7.098187844757893e-07,0.21190937834928786
2406,97.0,26.0,11,0.007238774183366961,123.0,2.835399210092817e-06,2.835399210092817e-06,1.6945615675031633e-06,0.10125400684448549,1.0162558235838127e-06,0.05020327498669292,7.093607990186137e-07,0.2117726513202972
2407,55.0,3.0,11,0.0019032387396773797,58.0,7.454910848716724e-07,7.454910848716724e-07,1.694729175942528e-06,0.10126402183974567,1.01609356857995e-06,0.050195259551614614,7.089031090603507e-07,0.21163601250958466
2408,112.0,27.0,11,0.00558777213813661,139.0,2.1887082405548804e-06,2.1887082405548804e-06,1.6948967368000985e-06,0.10127403399188264,1.0159314068611611e-06,0.05018724872484074,7.084457144103401e-07,0.2114994618602304
2409,58.0,28.0,11,0.004317987594436817,86.0,1.6913386582204533e-06,1.6913386582204533e-06,1.695064250064342e-06,0.10128404330020731,1.0157693383351085e-06,0.0501792425018098,7.079886148780445e-07,0.2113629993153514
2410,115.0,4.0,11,0.004159816793974482,119.0,1.6293837814236121e-06,1.6293837814236121e-06,1.6952317157237768e-06,0.10129404976403358,1.0156073629095826e-06,0.050171240877966615,7.075318102730502e-07,0.21122662481810142
2411,36.0,30.0,11,0.003175712122835094,66.0,1.243913874984369e-06,1.243913874984369e-06,1.6953991337669841e-06,0.1013040533826792,1.0154454804925048e-06,0.05016324384876249,7.070753004050653e-07,0.21109033831167087
2412,71.0,8.0,11,0.003014987148769838,79.0,1.1809585384919067e-06,1.1809585384919067e-06,1.695566504182596e-06,0.10131405415546486,1.0152836909919238e-06,0.050155251409654995,7.066190850839215e-07,0.21095413973928678
2413,81.0,7.0,11,0.004343164561287741,88.0,1.7012003765326052e-06,1.7012003765326052e-06,1.6957338269593072e-06,0.10132405208171508,1.015121994316019e-06,0.050147263556108185,7.061631641195724e-07,0.21081802904421273
2414,65.0,110.0,11,0.009339650512722987,175.0,3.6583041569616086e-06,3.6583041569616086e-06,1.6959011020858609e-06,0.10133404716075724,1.0149603903730982e-06,0.05013928028359243,7.057075373220953e-07,0.21068200616974908
2415,71.0,21.0,11,0.0061209003376915426,92.0,2.3975324471960606e-06,2.3975324471960606e-06,1.6960683295510614e-06,0.10134403939192234,1.0147988790715972e-06,0.05013130158758445,7.052522045016888e-07,0.21054607105923268
2416,53.0,5.0,11,0.0034520399336405846,58.0,1.3521503852881255e-06,1.3521503852881255e-06,1.6962355093437701e-06,0.10135402877454484,1.0146374603200801e-06,0.050123327463567284,7.047971654686752e-07,0.21041022365603695
2417,208.0,14.0,11,0.01183758262838917,222.0,4.636734284523764e-06,4.636734284523764e-06,1.6964026414528993e-06,0.10136401530796224,1.0144761340272391e-06,0.050115357907030325,7.043424200334979e-07,0.2102744639035718
2418,38.0,6.0,11,0.0026523937265369173,44.0,1.0389321294700028e-06,1.0389321294700028e-06,1.6965697258674206e-06,0.10137399899151554,1.0143149001018953e-06,0.05010739291346927,7.038879680067241e-07,0.21013879174528372
2419,50.0,12.0,11,0.004036867642215413,62.0,1.581225085082418e-06,1.581225085082418e-06,1.696736762576361e-06,0.10138397982454911,1.014153758452996e-06,0.05009943247838613,7.034338091990418e-07,0.21000320712465567
2420,42.0,7.0,11,0.002901821227895125,49.0,1.136631894984381e-06,1.136631894984381e-06,1.6969037515688008e-06,0.10139395780641043,1.0139927089896157e-06,0.05009147659728916,7.02979943421262e-07,0.2098677099852071
2421,118.0,20.0,11,0.009104233479052808,138.0,3.566092236213399e-06,3.566092236213399e-06,1.6970706928338787e-06,0.10140393293645056,1.0138317516209573e-06,0.05008352526569295,7.025263704843175e-07,0.20973230027049386
2422,59.0,5.0,11,0.0035448887638046865,64.0,1.3885189047413578e-06,1.3885189047413578e-06,1.6972375863607846e-06,0.10141390521402352,1.0136708862563498e-06,0.05007557847911834,7.020730901992629e-07,0.20959697792410817
2423,78.0,25.0,11,0.005764557652288982,103.0,2.257954427061881e-06,2.257954427061881e-06,1.6974044321387675e-06,0.10142387463848695,1.0135101128052481e-06,0.05006763623309238,7.016201023772753e-07,0.20946174288967878
2424,45.0,13.0,11,0.0038176786367252265,58.0,1.4953696187721216e-06,1.4953696187721216e-06,1.6975712301571253e-06,0.10143384120920136,1.0133494311772359e-06,0.05005969852314848,7.011674068296529e-07,0.2093265951108707
2425,152.0,50.0,11,0.011849783198071139,202.0,4.641513199401151e-06,4.641513199401151e-06,1.697737980405218e-06,0.10144380492553098,1.0131888412820209e-06,0.050051765344826186,7.007150033678167e-07,0.20919153453138542
2426,134.0,26.0,11,0.010540438235331283,160.0,4.128647957434894e-06,4.128647957434894e-06,1.697904682872455e-06,0.10145376578684302,1.0130283430294372e-06,0.050043836693671274,7.002628918033075e-07,0.2090565610949605
2427,58.0,11.0,11,0.003119662803733395,69.0,1.2219595784306286e-06,1.2219595784306286e-06,1.6980713375483011e-06,0.10146372379250798,1.0128679363294454e-06,0.05003591256523578,6.998110719477893e-07,0.20892167474537007
2428,71.0,33.0,11,0.00580579892228862,104.0,2.2741084693649116e-06,2.2741084693649116e-06,1.6982379444222767e-06,0.10147367894189964,1.0127076210921302e-06,0.050027992955077864,6.993595436130478e-07,0.20878687542642443
2429,51.0,23.0,11,0.003309072780175494,74.0,1.2961507168725006e-06,1.2961507168725006e-06,1.6984045034839555e-06,0.10148363123439502,1.0125473972277038e-06,0.050020077858761995,6.989083066109892e-07,0.2086521630819701
2430,28.0,24.0,11,0.002760360461847875,52.0,1.0812222725608597e-06,1.0812222725608597e-06,1.6985710147229632e-06,0.10149358066937425,1.0123872646465013e-06,0.050012167271858705,6.984573607536413e-07,0.20851753765588993
2431,53.0,27.0,11,0.0033890924487330414,80.0,1.3274941044782771e-06,1.3274941044782771e-06,1.6987374781289831e-06,0.10150352724622087,1.0122272232589841e-06,0.050004261189944756,6.980067058531532e-07,0.2083829990921028
2432,55.0,11.0,11,0.004121264547707462,66.0,1.6142830190785202e-06,1.6142830190785202e-06,1.6989038936917493e-06,0.10151347096432146,1.012067272975737e-06,0.04999635960860302,6.975563417217954e-07,0.208248547334564
2433,198.0,10.0,11,0.013926978238671728,208.0,5.455142279150697e-06,5.455142279150697e-06,1.6990702614010497e-06,0.10152341182306585,1.01190741370747e-06,0.04998846252342258,6.971062681719595e-07,0.2081141823272648
2434,53.0,86.0,11,0.00921425704639898,139.0,3.6091880322753546e-06,3.6091880322753546e-06,1.6992365812467286e-06,0.10153334982184717,1.0117476453650178e-06,0.04998056992999859,6.966564850161581e-07,0.20797990401423275
2435,181.0,16.0,11,0.012071990318014179,197.0,4.728550849202577e-06,4.728550849202577e-06,1.6994028532186788e-06,0.10154328496006153,1.0115879678593372e-06,0.04997268182393234,6.962069920670242e-07,0.20784571233953136
2436,55.0,22.0,11,0.003577669646543251,77.0,1.4013590468246185e-06,1.4013590468246185e-06,1.6995690773068497e-06,0.10155321723710839,1.0114283811015107e-06,0.04996479820083127,6.957577891373129e-07,0.20771160724726034
2437,19.0,1.0,10,0.000973527659481088,20.0,3.8132693281672074e-07,3.8132693281672074e-07,1.522269904750483e-06,0.10156314665239026,9.117373868629767e-07,0.049956919056308904,6.291059633048988e-07,0.20757758868155546
2438,117.0,15.0,10,0.004534129820237438,132.0,1.7760007129798035e-06,1.7760007129798035e-06,1.5224186879781619e-06,0.10157307320531297,9.115936704072918e-07,0.04994904438598479,6.287000549399506e-07,0.20744365658658848
2439,13.0,48.0,10,0.0017929810886475536,61.0,7.023035991568952e-07,7.023035991568952e-07,1.5225674282947711e-06,0.10158299689528527,9.114500355280073e-07,0.04994117418548466,6.282944084730137e-07,0.2073098109065673
2440,57.0,9.0,10,0.004361470302486694,66.0,1.7083706629403422e-06,1.7083706629403422e-06,1.5227161256914993e-06,0.10159291772171927,9.113064821454006e-07,0.04993330845044026,6.278890237351078e-07,0.20717605158573563
2441,132.0,3.0,10,0.0065147427098274395,135.0,2.5517989462700507e-06,2.5517989462700507e-06,1.5228647801595797e-06,0.10160283568403009,9.111630101798593e-07,0.04992544717648937,6.274839005573612e-07,0.20704237856837326
2442,42.0,0.0,10,0.0018180859519946477,42.0,7.121370748118479e-07,7.121370748118479e-07,1.523013391690293e-06,0.10161275078163594,9.110196195518818e-07,0.049917590359275864,6.27079038771012e-07,0.206908791798796
2443,68.0,1.0,10,0.002266492785350517,69.0,8.877762574815969e-07,8.877762574815969e-07,1.5231619602749674e-06,0.10162266301395831,9.108763101820769e-07,0.049909737994449636,6.266744382074065e-07,0.20677529122135554
2444,299.0,3.0,10,0.011079261484690819,302.0,4.339702892554179e-06,4.339702892554179e-06,1.5233104859049777e-06,0.10163257238042168,9.107330819911624e-07,0.049901890077666586,6.262700986979996e-07,0.20664187678043935
2445,19.0,3.0,10,0.0012371482229045633,22.0,4.845860645924651e-07,4.845860645924651e-07,1.5234589685717438e-06,0.10164247888045369,9.105899348999661e-07,0.04989404660458861,6.258660200743555e-07,0.20650854842047092
2446,26.0,2.0,10,0.0012217613621915736,28.0,4.785590921236089e-07,4.785590921236089e-07,1.523607408266733e-06,0.10165238251348498,9.104468688294265e-07,0.049886207570883696,6.254622021681469e-07,0.2063753060859096
2447,60.0,7.0,10,0.0013095956711817618,67.0,5.12963443471117e-07,5.12963443471117e-07,1.5237558049814578e-06,0.1016622832789493,9.103038837005904e-07,0.04987837297222575,6.250586448111553e-07,0.20624214972125052
2448,126.0,29.0,10,0.007642887386948304,155.0,2.9936887532112432e-06,2.9936887532112432e-06,1.5239041587074804e-06,0.1016721811762837,9.101609794346141e-07,0.049870542804294656,6.246553478352707e-07,0.20610907927102468
2449,21.0,10.0,10,0.001704500586585528,31.0,6.676461365395723e-07,6.676461365395723e-07,1.5240524694364051e-06,0.10168207620492803,9.100181559527618e-07,0.049862717062776285,6.242523110724904e-07,0.20597609467979874
2450,68.0,8.0,10,0.0036231711510654567,76.0,1.4191818061360974e-06,1.4191818061360974e-06,1.5242007371598844e-06,0.10169196836432536,9.098754131764088e-07,0.04985489574336251,6.23849534354922e-07,0.20584319589217528
2451,197.0,3.0,10,0.00842702863555438,200.0,3.3008337781254915e-06,3.3008337781254915e-06,1.5243489618696132e-06,0.10170185765392156,9.097327510270367e-07,0.04984707884175107,6.234470175147805e-07,0.20571038285279256
2452,45.0,1.0,10,0.0023433110270160338,46.0,9.178656588390261e-07,9.178656588390261e-07,1.5244971435573376e-06,0.10171174407316601,9.095901694262364e-07,0.04983926635364568,6.230447603843888e-07,0.20557765550632456
2453,60.0,2.0,10,0.002172522496620129,62.0,8.509684671445865e-07,8.509684671445865e-07,1.5246452822148439e-06,0.10172162762151066,9.094476682957074e-07,0.04983145827475603,6.226427627961787e-07,0.20544501379748095
2454,105.0,16.0,10,0.0042870744220355785,121.0,1.679230090887418e-06,1.679230090887418e-06,1.5247933778339675e-06,0.10173150829841078,9.093052475572568e-07,0.049823654600797684,6.222410245826895e-07,0.2053124576710071
2455,131.0,31.0,10,0.01058211501957779,162.0,4.144972588945472e-06,4.144972588945472e-06,1.5249414304065887e-06,0.10174138610332466,9.09162907132799e-07,0.04981585532749208,6.218395455765689e-07,0.20517998707168394
2456,64.0,4.0,10,0.0029971120621028707,68.0,1.1739569377606232e-06,1.1739569377606232e-06,1.5250894399246308e-06,0.10175126103571343,9.090206469443569e-07,0.04980806045056662,6.214383256105729e-07,0.2050476019443282
2457,67.0,10.0,10,0.003987851037666103,77.0,1.562025474996515e-06,1.562025474996515e-06,1.525237406380063e-06,0.10176113309504127,9.088784669140602e-07,0.04980026996575455,6.210373645175646e-07,0.20491530223379212
2458,77.0,9.0,10,0.003412750330557063,86.0,1.3367608031950893e-06,1.3367608031950893e-06,1.5253853297649026e-06,0.10177100228077561,9.08736366964146e-07,0.04979248386879499,6.206366621305155e-07,0.20478308788496344
2459,69.0,9.0,10,0.0033257408404917207,78.0,1.3026795301573524e-06,1.3026795301573524e-06,1.5255332100712073e-06,0.10178086859238655,9.085943470169588e-07,0.04978470215543296,6.202362182825048e-07,0.20465095884276555
2460,46.0,35.0,10,0.00471333699936557,81.0,1.8461954560773873e-06,1.8461954560773873e-06,1.5256810472910816e-06,0.10179073202934731,9.084524069949493e-07,0.049776924821419294,6.198360328067191e-07,0.2045189150521574
2461,25.0,3.0,10,0.00114578448729938,28.0,4.4879925080273405e-07,4.4879925080273405e-07,1.5258288414166756e-06,0.10180059259113418,9.083105468206751e-07,0.049769151862510685,6.194361055364531e-07,0.20438695645813346
2462,30.0,2.0,10,0.001173587020712959,32.0,4.596893931503952e-07,4.596893931503952e-07,1.5259765924401826e-06,0.10181045027722627,9.081687664168001e-07,0.04976138327446964,6.190364363051088e-07,0.20425508300572356
2463,133.0,37.0,10,0.0088642041149349,170.0,3.4720736838757936e-06,3.4720736838757936e-06,1.5261243003538397e-06,0.1018203050871057,9.080270657060958e-07,0.04975361905306459,6.186370249461955e-07,0.20412329463999312
2464,30.0,6.0,10,0.0014574504142060522,36.0,5.708775613811407e-07,5.708775613811407e-07,1.5262719651499307e-06,0.1018301570202576,9.078854446114377e-07,0.04974585919406961,6.182378712933305e-07,0.20399159130604297
2465,125.0,7.0,10,0.00430614155255128,132.0,1.6866986104783707e-06,1.6866986104783707e-06,1.5264195868207821e-06,0.10184000607617008,9.077439030558082e-07,0.049738103693264694,6.178389751802377e-07,0.20385997294900934
2466,189.0,6.0,10,0.011798437596104645,195.0,4.621401330240754e-06,4.621401330240754e-06,1.5265671653587626e-06,0.10184985225433395,9.076024409622959e-07,0.04973035254643563,6.174403364407494e-07,0.203728439514064
2467,40.0,33.0,10,0.0031500311798104974,73.0,1.2338547511987847e-06,1.2338547511987847e-06,1.5267147007562883e-06,0.10185969555424322,9.074610582540944e-07,0.049722605749373934,6.170419549088031e-07,0.20359699094641381
2468,44.0,17.0,10,0.0031643150316510017,61.0,1.2394496794559348e-06,1.2394496794559348e-06,1.5268621930058192e-06,0.10186953597539485,9.073197548545019e-07,0.049714863297876895,6.166438304184456e-07,0.2034656271913012
2469,89.0,35.0,10,0.006819109048783433,124.0,2.671018037126296e-06,2.671018037126296e-06,1.5270096420998559e-06,0.10187937351728849,9.07178530686924e-07,0.04970712518774766,6.162459628038298e-07,0.20333434819400395
2470,70.0,64.0,10,0.008256556290709233,134.0,3.2340604350604123e-06,3.2340604350604123e-06,1.5271570480309428e-06,0.1018892081794267,9.070373856748684e-07,0.049699391414794986,6.158483518992164e-07,0.20320315389983507
2471,278.0,15.0,10,0.011753224516233994,293.0,4.6036915457242434e-06,4.6036915457242434e-06,1.527304410791672e-06,0.10189903996131529,9.068963197419488e-07,0.049691661974833434,6.154509975389708e-07,0.20307204425414277
2472,23.0,61.0,9,0.003157564836243681,84.0,1.2368056546195382e-06,1.2368056546195382e-06,1.352166462528146e-06,0.10190886886246261,8.086380058386612e-07,0.049683936863683345,5.507062389891913e-07,0.20294101920231067
2473,50.0,1.0,9,0.0036024559526875244,51.0,1.41106774488348e-06,1.41106774488348e-06,1.3522968379777105e-06,0.10191869488238009,8.085123450757834e-07,0.04967621607717073,5.503509152725623e-07,0.20281007868975756
2474,56.0,22.0,9,0.005301070043230178,78.0,2.076408164210802e-06,2.076408164210802e-06,1.352427175191552e-06,0.10192851802058192,8.08386754631318e-07,0.04966849961112728,5.499958208159899e-07,0.2026792226619375
2475,62.0,5.0,9,0.0030422541973304327,67.0,1.1916389335411016e-06,1.1916389335411016e-06,1.3525574741632638e-06,0.1019383382765852,8.082612344375173e-07,0.04966078746139046,5.496409554715528e-07,0.20254845106433972
2476,51.0,8.0,9,0.003082701470563892,59.0,1.2074819704519748e-06,1.2074819704519748e-06,1.3526877348864773e-06,0.10194815564990999,8.081357844267248e-07,0.04965307962380335,5.492863190914238e-07,0.20241776384248855
2477,62.0,1.0,9,0.0032289802567461983,63.0,1.2647787923016836e-06,1.2647787923016836e-06,1.3528179573548607e-06,0.10195797014007905,8.080104045313774e-07,0.049645376094214794,5.489319115278719e-07,0.20228716094194352
2478,75.0,1.0,9,0.003332561968515303,76.0,1.3053513390189202e-06,1.3053513390189202e-06,1.3529481415621224e-06,0.10196778174661823,8.078850946840036e-07,0.04963767686847922,5.485777326332612e-07,0.2021566423082993
2479,110.0,11.0,9,0.0063383012308917885,121.0,2.482687516996392e-06,2.482687516996392e-06,1.3530782875020059e-06,0.10197759046905598,8.077598548172246e-07,0.049629981942456776,5.482237822600516e-07,0.20202620788718573
2480,130.0,9.0,9,0.006777421028937321,139.0,2.6546890046758015e-06,2.6546890046758015e-06,1.3532083951682928e-06,0.10198739630692365,8.076346848637531e-07,0.049622291312013234,5.478700602607973e-07,0.20189585762426754
2481,148.0,89.0,9,0.015172972763624563,237.0,5.943193405258348e-06,5.943193405258348e-06,1.3533384645548049e-06,0.10199719925975555,8.07509584756394e-07,0.049614604973020004,5.475165664881489e-07,0.2017655914652447
2482,25.0,11.0,9,0.0019155673666568136,36.0,7.50320159285865e-07,7.50320159285865e-07,1.3534684956553973e-06,0.10200699932708865,8.073845544280432e-07,0.049606922921354164,5.471633007948498e-07,0.2016354093558521
2483,54.0,7.0,9,0.0027690759256682154,61.0,1.084636085259779e-06,1.084636085259779e-06,1.3535984884639655e-06,0.10201679650846282,8.07259593811689e-07,0.04959924515289836,5.468102630337411e-07,0.20150531124185977
2484,268.0,6.0,9,0.011596047275650693,274.0,4.542125842401368e-06,4.542125842401368e-06,1.3537284429744435e-06,0.10202659080342087,8.071347028404097e-07,0.049591571663540855,5.46457453057757e-07,0.20137529706907262
2485,17.0,11.0,9,0.0019298092255837153,28.0,7.558986390848865e-07,7.558986390848865e-07,1.3538583591807974e-06,0.10203638221150806,8.070098814473765e-07,0.04958390244917556,5.461048707199279e-07,0.2012453667833305
2486,63.0,25.0,9,0.00532783749002566,88.0,2.086892867225092e-06,2.086892867225092e-06,1.353988237077034e-06,0.10204617073227269,8.068851295658502e-07,0.04957623750570193,5.457525158733775e-07,0.20111552033050828
2487,180.0,40.0,9,0.010756043445661499,220.0,4.213099665358989e-06,4.213099665358989e-06,1.3541180766571978e-06,0.10205595636526595,8.067604471291825e-07,0.04956857682902499,5.454003883713253e-07,0.20098575765651577
2488,52.0,3.0,9,0.003792506011468432,55.0,1.4855096010452142e-06,1.4855096010452142e-06,1.3542478779153688e-06,0.1020657391100416,8.066358340708164e-07,0.04956092041505541,5.450484880670859e-07,0.20085607870729766
2489,36.0,3.0,9,0.0025448718881799386,39.0,9.968162507559494e-07,9.968162507559494e-07,1.3543776408456632e-06,0.10207551896615626,8.065112903242854e-07,0.049553268259709335,5.446968148140672e-07,0.20072648342883342
2490,224.0,3.0,9,0.008058254074808183,227.0,3.156386241601325e-06,3.156386241601325e-06,1.3545073654422355e-06,0.10208529593316934,8.063868158232128e-07,0.04954562035890852,5.443453684657727e-07,0.20059697176713753
2491,141.0,17.0,9,0.007162501203559539,158.0,2.8055233856480764e-06,2.8055233856480764e-06,1.3546370516992741e-06,0.10209507001064283,8.062624105013127e-07,0.04953797670858022,5.439941488758005e-07,0.2004675436682592
2492,149.0,15.0,9,0.012153261831932553,164.0,4.760384579683726e-06,4.760384579683726e-06,1.3547666996110078e-06,0.10210484119814178,8.061380742923878e-07,0.049530337304657245,5.436431558978424e-07,0.20033819907828246
2493,360.0,10.0,9,0.018988852169913063,370.0,7.437858272586394e-06,7.437858272586394e-06,1.3548963091717e-06,0.10211460949523382,8.06013807130334e-07,0.04952270214307795,5.432923893856852e-07,0.20020893794332623
2494,11.0,6.0,9,0.0008204293284161863,17.0,3.213589222155058e-07,3.213589222155058e-07,1.3550258803756485e-06,0.10212437490148926,8.058896089491322e-07,0.04951507121978613,5.429418491932097e-07,0.20007976020954402
2495,148.0,18.0,9,0.010974742802661919,166.0,4.2987633382929565e-06,4.2987633382929565e-06,1.3551554132171908e-06,0.10213413741648127,8.057654796828566e-07,0.04950744453073116,5.425915351743914e-07,0.19995066582312418
2496,117.0,3.0,9,0.0030118859427740617,120.0,1.1797438083721355e-06,1.1797438083721355e-06,1.3552849076906975e-06,0.10214389703978559,8.056414192656694e-07,0.049499822071867844,5.422414471832992e-07,0.19982165473028982
2497,79.0,6.0,9,0.004195557625695883,85.0,1.643383323813507e-06,1.643383323813507e-06,1.3554143637905777e-06,0.10215365377098085,8.055174276318225e-07,0.04949220383915655,5.418915850740973e-07,0.1996927268772987
2498,75.0,9.0,9,0.004399960246115265,84.0,1.7234470215884313e-06,1.7234470215884313e-06,1.355543781511276e-06,0.10216340760964836,8.05393504715656e-07,0.04948458982856303,5.415419487010432e-07,0.1995638822104432
2499,32.0,0.0,9,0.000781451228977662,32.0,3.0609135486786604e-07,3.0609135486786604e-07,1.3556731608472706e-06,0.10217315855537197,8.052696504515997e-07,0.04947698003605855,5.411925379184886e-07,0.19943512067605043
2500,227.0,8.0,9,0.008851731723885694,235.0,3.46718829764422e-06,3.46718829764422e-06,1.355802501793078e-06,0.1021829066077384,8.051458647741721e-07,0.04946937445761982,5.408433525808792e-07,0.19930644222048213
2501,62.0,7.0,9,0.004840210163028689,69.0,1.8958911723574967e-06,1.8958911723574967e-06,1.3559318043432505e-06,0.10219265176633703,8.050221476179799e-07,0.049461773089228986,5.404943925427545e-07,0.19917784679013464
2502,56.0,1.0,9,0.002606934179624191,57.0,1.0211258047881672e-06,1.0211258047881672e-06,1.356061068492375e-06,0.10220239403075994,8.048984989177193e-07,0.049454175926873685,5.401456576587485e-07,0.19904933433143887
2503,54.0,0.0,8,0.002353942960615277,54.0,9.220301451685377e-07,9.220301451685377e-07,1.18279235514055e-06,0.10221213340060174,7.078770219266797e-07,0.04944658296654686,4.770406915003044e-07,0.19892090479086025
2504,11.0,9.0,8,0.001015826024004512,20.0,3.978950348627152e-07,3.978950348627152e-07,1.1829050250129522e-06,0.10222186987545988,7.077683812454709e-07,0.04943899420424701,4.767328978718933e-07,0.19879255811489882
2505,91.0,9.0,8,0.005879815266457712,100.0,2.3031003785576623e-06,2.3031003785576623e-06,1.1830176613801574e-06,0.10223160345493433,7.076598006059846e-07,0.04943140963597792,4.7642530283643116e-07,0.19866429425008914
2506,24.0,5.0,8,0.0013204930612746631,29.0,5.172319080590142e-07,5.172319080590142e-07,1.183130264237571e-06,0.10224133413862807,7.075512799510891e-07,0.049423829257748846,4.761179062657829e-07,0.19853611314300026
2507,6.0,1.0,8,0.00043594644559410154,7.0,1.7075849807837898e-07,1.7075849807837898e-07,1.1832428335806225e-06,0.10225106192614614,7.074428192237304e-07,0.049416253065574456,4.7581070803189603e-07,0.19840801474023564
2508,68.0,7.0,8,0.005611106695478052,75.0,2.19784829435098e-06,2.19784829435098e-06,1.1833553694047784e-06,0.10226078681709676,7.073344183669297e-07,0.04940868105547467,4.755037080068009e-07,0.19827999898843324
2509,25.0,9.0,8,0.0017503677940251007,34.0,6.856121402370155e-07,6.856121402370155e-07,1.183467871705531e-06,0.10227050881109039,7.072260773237879e-07,0.04940111322347495,4.751969060626102e-07,0.19815206583426548
2510,70.0,14.0,8,0.003845310650681896,84.0,1.5061929693231086e-06,1.5061929693231086e-06,1.1835803404784068e-06,0.10228022790774047,7.071177960374791e-07,0.04939354956560594,4.748903020715193e-07,0.19802421522443917
2511,52.0,36.0,8,0.004958205297524134,88.0,1.942109399735266e-06,1.942109399735266e-06,1.1836927757189598e-06,0.10228994410666278,7.070095744512572e-07,0.04938599007790378,4.7458389590580623e-07,0.19789644710569548
2512,61.0,12.0,8,0.001939443635301502,73.0,7.596723992563659e-07,7.596723992563659e-07,1.1838051774227775e-06,0.102299657407476,7.069014125084508e-07,0.049378434756409885,4.742776874378305e-07,0.19776876142480992
2513,29.0,26.0,8,0.0037456608647373837,55.0,1.4671605423961551e-06,1.4671605423961551e-06,1.183917545585473e-06,0.10230936780980107,7.067933101524652e-07,0.04937088359717099,4.7397167654003517e-07,0.19764115812859243
2514,20.0,13.0,8,0.0013891072783930054,33.0,5.441078254575031e-07,5.441078254575031e-07,1.1840298802026935e-06,0.10231907531326179,7.06685267326782e-07,0.049363336596239184,4.7366586308494486e-07,0.19751363716388717
2515,19.0,9.0,8,0.0022293721891999923,28.0,8.732362668233421e-07,8.732362668233421e-07,1.184142181270114e-06,0.10232877991748444,7.06577283974959e-07,0.04935579374967187,4.733602469451669e-07,0.19738619847757274
2516,10.0,2.0,8,0.0008178038285169287,12.0,3.203305242917856e-07,3.203305242917856e-07,1.1842544487834409e-06,0.10233848162209798,7.064693600406297e-07,0.04934825505353173,4.730548279933902e-07,0.1972588420165618
2517,34.0,2.0,8,0.0012976143689031746,36.0,5.082704147681843e-07,5.082704147681843e-07,1.1843666827384102e-06,0.10234818042673392,7.063614954675032e-07,0.04934072050388675,4.727496061023864e-07,0.19713156772780144
2518,146.0,5.0,8,0.006432882982324099,151.0,2.5197348148547194e-06,2.5197348148547194e-06,1.1844788831307876e-06,0.10235787633102636,7.062536901993643e-07,0.04933319009681018,4.724445811450088e-07,0.1970043755582729
2519,98.0,14.0,8,0.0036558679475290935,112.0,1.4319890119581252e-06,1.4319890119581252e-06,1.1845910499563676e-06,0.1023675693346119,7.061459441800743e-07,0.04932566382838061,4.7213975299419337e-07,0.19687726545499168
2520,32.0,5.0,8,0.0015521107504976642,37.0,6.079556406179648e-07,6.079556406179648e-07,1.1847031832109763e-06,0.10237725943712979,7.060382573535686e-07,0.04931814169468184,4.7183512152295746e-07,0.19675023736500746
2521,41.0,4.0,8,0.002528554662628362,45.0,9.90424858060463e-07,9.90424858060463e-07,1.1848152828904667e-06,0.10238694663822172,7.059306296638586e-07,0.04931062369180296,4.7153068660440035e-07,0.196623291235404
2522,51.0,64.0,8,0.008020264547936168,115.0,3.1415058942170652e-06,3.1415058942170652e-06,1.1849273489907232e-06,0.10239663093753203,7.058230610550307e-07,0.04930310981583828,4.7122644811170337e-07,0.19649642701329928
2523,62.0,3.0,8,0.0021621107445154004,65.0,8.468902250354095e-07,8.468902250354095e-07,1.1850393815076608e-06,0.10240631233470765,7.057155514712463e-07,0.04929560006288737,4.7092240591812985e-07,0.19636964464584541
2524,61.0,17.0,8,0.004746481587875541,78.0,1.8591780602724407e-06,1.8591780602724407e-06,1.1851513804372212e-06,0.10241599082939795,7.056081008567412e-07,0.04928809442905499,4.706185598970247e-07,0.19624294408022858
2525,99.0,2.0,8,0.0023319757795910445,101.0,9.134256872663707e-07,9.134256872663707e-07,1.1852633457753774e-06,0.1024256664212549,7.055007091558267e-07,0.04928059291045119,4.703149099218146e-07,0.196116325263669
2526,37.0,41.0,8,0.0028477260785073114,78.0,1.1154430389766203e-06,1.1154430389766203e-06,1.1853752775181302e-06,0.10243533910993292,7.053933763128884e-07,0.049273095503191186,4.7001145586600765e-07,0.195989788143421
2527,21.0,5.0,8,0.001255857957430318,26.0,4.919145935880604e-07,4.919145935880604e-07,1.1854871756615106e-06,0.10244500889508901,7.052861022723866e-07,0.04926560220339542,4.6970819760319404e-07,0.19586333266677294
2528,15.0,14.0,8,0.0014643818627212972,29.0,5.735925823428504e-07,5.735925823428504e-07,1.1855990402015784e-06,0.10245467577638269,7.051788869788552e-07,0.049258113007189484,4.694051350070452e-07,0.1957369587810472
2529,42.0,24.0,8,0.004239285852614015,66.0,1.6605114973027869e-06,1.6605114973027869e-06,1.1857108711344223e-06,0.10246433975347594,7.050717303769038e-07,0.04925062791070425,4.691022679513141e-07,0.1956106664336001
2530,92.0,5.0,8,0.007018775353433468,97.0,2.749226538751848e-06,2.749226538751848e-06,1.185822668456159e-06,0.1024740008260332,7.049646324112142e-07,0.049243146910075634,4.687995963098352e-07,0.1954844555718219
2531,51.0,1.0,8,0.0023751633699892307,52.0,9.303420955696164e-07,9.303420955696164e-07,1.1859344321629362e-06,0.10248365899372155,7.048575930265442e-07,0.04923567000144485,4.684971199565245e-07,0.19535832614313692
2532,30.0,10.0,8,0.0021345695138036717,40.0,8.361024339223156e-07,8.361024339223156e-07,1.1860461622509288e-06,0.10249331425621046,7.047506121677234e-07,0.04922819718095816,4.68194838765379e-07,0.19523227809500332
2533,30.0,11.0,8,0.002686697799437471,41.0,1.0523688991137765e-06,1.0523688991137765e-06,1.1861578587163406e-06,0.10250296661317188,7.046436897796569e-07,0.049220728444767055,4.6789275261047736e-07,0.1951063113749132
2534,2.0,9.0,8,0.00033198964277648073,11.0,1.3003902968134773e-07,1.3003902968134773e-07,1.1862695215554049e-06,0.10251261606428028,7.045368258073222e-07,0.04921326378902812,4.6759086136597935e-07,0.19498042593039247
2535,154.0,56.0,8,0.012877424854346687,210.0,5.044036370680254e-06,5.044036370680254e-06,1.1863811507643818e-06,0.10252226260921252,7.04430020195771e-07,0.04920580320990311,4.67289164906126e-07,0.19485462170900095
2536,26.0,9.0,8,0.0016939503125132994,35.0,6.635136359237365e-07,6.635136359237365e-07,1.1864927463395627e-06,0.10253190624764806,7.043232728901273e-07,0.04919834670355884,4.669876631052389e-07,0.19472889865833232
2537,71.0,9.0,8,0.004543784699864258,80.0,1.7797824911336694e-06,1.7797824911336694e-06,1.1866043082772643e-06,0.10254154697926865,7.042165838355903e-07,0.04919089426616734,4.66686355837722e-07,0.19460325672601406
2538,43.0,3.0,8,0.003270422072855076,46.0,1.2810113877223173e-06,1.2810113877223173e-06,1.1867158365738342e-06,0.10255118480375863,7.041099529774298e-07,0.04918344589390562,4.66385242978059e-07,0.1944776958597074
2539,74.0,3.0,8,0.005942288007423555,77.0,2.327570704043696e-06,2.327570704043696e-06,1.1868273312256463e-06,0.10256081972080468,7.040033802609907e-07,0.0491760015829559,4.660843244008153e-07,0.19435221600710734
2540,55.0,21.0,8,0.004848058688361556,76.0,1.8989654086805938e-06,1.8989654086805938e-06,1.186938792229103e-06,0.10257045173009588,7.038968656316891e-07,0.04916856132950542,4.657835999806371e-07,0.19422681711594264
2541,44.0,15.0,8,0.004057515383053835,59.0,1.5893127234836802e-06,1.5893127234836802e-06,1.1870502195806377e-06,0.10258008083132404,7.037904090350149e-07,0.04916112512974652,4.654830695922513e-07,0.19410149913397584
2542,139.0,10.0,8,0.010090811337924884,149.0,3.952530880503284e-06,3.952530880503284e-06,1.1871616132767077e-06,0.10258970702418299,7.036840104165301e-07,0.04915369297987658,4.6518273311046596e-07,0.1939762620090032
2543,35.0,1.0,8,0.002015464949760803,36.0,7.894496473798679e-07,7.894496473798679e-07,1.1872729733138007e-06,0.10259933030836925,7.035776697218696e-07,0.04914626487609814,4.6488259041016913e-07,0.19385110568885447
2544,32.0,1.0,8,0.000978453111680527,33.0,3.832562129575116e-07,3.832562129575116e-07,1.1873842996884317e-06,0.10260895068358164,7.034713868967395e-07,0.04913884081461863,4.645826413663308e-07,0.19372603012139328
2545,58.0,4.0,7,0.0024649956388885655,62.0,9.65529039909348e-07,9.65529039909348e-07,1.0165919093086782e-06,0.10261856814952147,6.080718745830932e-07,0.04913142079165069,4.0360770236025775e-07,0.1936010352545168
2546,90.0,15.0,7,0.007035013825939555,105.0,2.7555870841909734e-06,2.7555870841909734e-06,1.0166871560110497e-06,0.10262818270589244,6.079800910808538e-07,0.04912400480341188,4.033472887700178e-07,0.19347612103615583
2547,98.0,3.0,7,0.0022642903195098235,101.0,8.869135603250386e-07,8.869135603250386e-07,1.0167823738868334e-06,0.10263779435240043,6.078883574674298e-07,0.04911659284612483,4.030870432024337e-07,0.19335128741427482
2548,43.0,12.0,7,0.002909420833280469,55.0,1.1396086303487932e-06,1.1396086303487932e-06,1.0168775629331424e-06,0.10264740308875403,6.077966736961334e-07,0.04910918491601719,4.0282696554909426e-07,0.19322653433687165
2549,19.0,2.0,7,0.0009653525495179804,21.0,3.781247745859696e-07,3.781247745859696e-07,1.0169727231471116e-06,0.10265700891466403,6.077050397203378e-07,0.0491017810093216,4.025670557016591e-07,0.19310186175197788
2550,51.0,9.0,6,0.0016797626269390415,60.0,6.579563756126289e-07,6.579563756126289e-07,8.464564313523334e-07,0.10266661182984366,5.125076623825983e-07,0.049094381122275745,3.418743662936902e-07,0.19297726960765857
2551,21.0,1.0,6,0.001431571536763162,22.0,5.607409074669652e-07,5.607409074669652e-07,8.465355806017485e-07,0.10267621183400848,5.12430455163574e-07,0.04908698525112223,3.4165378395441153e-07,0.19285275785201236
2552,37.0,2.0,6,0.0008637803045726312,39.0,3.383393280738861e-07,3.383393280738861e-07,8.466147058483654e-07,0.10268580892687643,5.123532898282121e-07,0.0490795933921087,3.4143334393808296e-07,0.19272832643317117
2553,9.0,0.0,6,0.0001917218089707894,9.0,7.509667409744983e-08,7.509667409744983e-08,8.466938070898782e-07,0.10269540310816781,5.122761663373927e-07,0.04907220554148776,3.412130461528757e-07,0.1926039752993006
2554,3.0,0.0,6,0.00015851460915720494,3.0,6.208954530246961e-08,6.208954530246961e-08,8.467728843240004e-07,0.1027049943776053,5.121990846520476e-07,0.04906482169551697,3.409928905070202e-07,0.19247970439859957
2555,21.0,1.0,6,0.0013011564723267113,22.0,5.096578426661619e-07,5.096578426661619e-07,8.468519375484644e-07,0.10271458273491388,5.121220447331604e-07,0.04905744185045888,3.4077287690880606e-07,0.1923555136793005
2556,48.0,5.0,6,0.00374102281378557,53.0,1.4653438361870623e-06,1.4653438361870623e-06,8.469309667610225e-07,0.10272416817982088,5.120450465417669e-07,0.04905006600258095,3.405530052665821e-07,0.1922314030896692
2557,124.0,16.0,6,0.009687269152162547,140.0,3.794465002805541e-06,3.794465002805541e-06,8.470099719594448e-07,0.10273375071205593,5.119680900389534e-07,0.04904269414815558,3.403332754887563e-07,0.1921073725780048
2558,59.0,2.0,6,0.0015538726990641438,61.0,6.086457889009572e-07,6.086457889009572e-07,8.470889531415249e-07,0.10274333033135127,5.118911751858582e-07,0.04903532628346015,3.4011368748379523e-07,0.19198342209263983
2559,22.0,57.0,6,0.00141887525678239,79.0,5.557678248266314e-07,5.557678248266314e-07,8.471679103050693e-07,0.10275290703744097,5.118143019436718e-07,0.04902796240477693,3.3989424116022543e-07,0.19185955158194012
2560,7.0,2.0,6,0.0003300548576949779,9.0,1.2928118201918445e-07,1.2928118201918445e-07,8.472468434479075e-07,0.10276248083006174,5.117374702736345e-07,0.04902060250839307,3.3967493642663195e-07,0.19173576099430495
2561,39.0,21.0,6,0.002510905658450535,60.0,9.835118129457638e-07,9.835118129457638e-07,8.473257525732383e-07,0.10277205170960155,5.116606801370391e-07,0.0490132465906007,3.3945577319165874e-07,0.19161205027816666
2562,32.0,5.0,6,0.0015846122982794816,37.0,6.20686368303753e-07,6.20686368303753e-07,8.474046377056553e-07,0.10278161967904337,5.115839314952291e-07,0.049005894647696814,3.3923675136400884e-07,0.19148841938199104
2563,29.0,2.0,6,0.0005903653369534053,31.0,2.3124376692260295e-07,2.3124376692260295e-07,8.474834988750651e-07,0.10279118474201454,5.115072243095985e-07,0.048998546675983266,3.390178708524442e-07,0.19136486825427712
2564,17.0,2.0,6,0.0013473350665817608,19.0,5.277458153473407e-07,5.277458153473407e-07,8.47562336111329e-07,0.10280074690213696,5.114305585415933e-07,0.048991202671766855,3.387991315657856e-07,0.1912413968435571
2565,7.0,0.0,6,0.0003974382145021067,7.0,1.5567497630321452e-07,1.5567497630321452e-07,8.476411494442655e-07,0.1028103061630273,5.113539341527095e-07,0.048983862631359204,3.385805334129128e-07,0.19111800509839644
2566,65.0,3.0,6,0.0020428437205725373,68.0,8.001738035928465e-07,8.001738035928465e-07,8.477199389036464e-07,0.10281986252829659,5.112773511044945e-07,0.04897652655107682,3.3836207630276407e-07,0.1909946929673937
2567,57.0,17.0,6,0.004337658873601272,74.0,1.699043820447032e-06,1.699043820447032e-06,8.477987045192027e-07,0.1028294160015509,5.112008093585458e-07,0.048969194427241056,3.3814376014433644e-07,0.19087146039918065
2568,14.0,0.0,6,0.0009118989112208017,14.0,3.571871959345091e-07,3.571871959345091e-07,8.478774463206205e-07,0.10283896658639084,5.111243088765124e-07,0.04896186625617815,3.3792558484668617e-07,0.19074830734242226
2569,14.0,3.0,5,0.0011002176093306568,17.0,4.309508849708801e-07,4.309508849708801e-07,6.784464706295321e-07,0.10284851428641163,4.166478597609193e-07,0.0489545420342191,2.7818464602503584e-07,0.19062523374581664
2570,24.0,0.0,5,0.0004191677580965121,24.0,1.641863525642429e-07,1.641863525642429e-07,6.785094336063618e-07,0.10285805910520329,4.165855575226005e-07,0.048947221757699846,2.780051572244075e-07,0.19050223955809478
2571,31.0,0.0,5,0.0005503844872444978,31.0,2.1558342626106454e-07,2.1558342626106454e-07,6.785723776006363e-07,0.10286760104635063,4.16523288832433e-07,0.04893990542296103,2.778257842325774e-07,0.19037932472802102
2572,6.0,6.0,5,0.000327856359572267,12.0,1.2842003900206307e-07,1.2842003900206307e-07,6.786353026359664e-07,0.102877140113433,4.164610536593142e-07,0.048932593026348226,2.7764652697482407e-07,0.19025648920439261
2573,8.0,0.0,5,0.0004168446859522887,8.0,1.632764143957261e-07,1.632764143957261e-07,6.786982087359306e-07,0.10288667631002467,4.163988519721819e-07,0.048925284564211725,2.774673853764741e-07,0.19013373293603988
2574,6.0,20.0,5,0.0016519339199876683,26.0,6.470559811937596e-07,6.470559811937596e-07,6.787610959240694e-07,0.10289620963969434,4.1633668374001496e-07,0.04891798003290666,2.772883593629025e-07,0.19001105587182623
2575,49.0,4.0,5,0.0029206990480448915,53.0,1.1440262624539332e-06,1.1440262624539332e-06,6.788239642238918e-07,0.10290574010600578,4.1627454893183316e-07,0.048910679428792986,2.771094488595321e-07,0.18988845796064788
2576,29.0,2.0,5,0.0007261440847402352,31.0,2.844277652723209e-07,2.844277652723209e-07,6.788868136588721e-07,0.10291526771251756,4.1621244751669674e-07,0.04890338274823539,2.7693065379183416e-07,0.18976593915143417
2577,51.0,1.0,5,0.0017392984972373314,52.0,6.812763404768239e-07,6.812763404768239e-07,6.789496442524485e-07,0.10292479246278279,4.1615037946370615e-07,0.0488960899876033,2.767519740853278e-07,0.18964349939314737
2578,41.0,0.0,5,0.0011321980513628834,41.0,4.434774975961157e-07,4.434774975961157e-07,6.790124560280253e-07,0.10293431436034939,4.1608834474200334e-07,0.04888880114327101,2.7657340966558046e-07,0.1895211386347827
2579,24.0,0.0,5,0.0011974995662797894,24.0,4.690558426477828e-07,4.690558426477828e-07,6.790752490089727e-07,0.10294383340876019,4.1602634332077013e-07,0.04888151621161749,2.7639496045820723e-07,0.1893988568253682
2580,21.0,70.0,5,0.0028930892364018787,91.0,1.1332116084613704e-06,1.1332116084613704e-06,6.791380232186265e-07,0.10295334961155272,4.159643751692289e-07,0.04887423518902649,2.762166263888715e-07,0.18927665391396484
2581,23.0,2.0,5,0.0008251887403454485,25.0,3.2322316503934526e-07,3.2322316503934526e-07,6.79200778680288e-07,0.10296286297225937,4.159024402566425e-07,0.048866958071886527,2.7603840738328455e-07,0.18915452984966655
2582,18.0,2.0,5,0.0006957258564053054,20.0,2.7251306557199584e-07,2.7251306557199584e-07,6.792635154172249e-07,0.10297237349440734,4.15840538552314e-07,0.04885968485659082,2.758603033672055e-07,0.18903248458159994
2583,82.0,5.0,5,0.002753352471111068,87.0,1.0784772703137752e-06,1.0784772703137752e-06,6.793262334526703e-07,0.10298188118151866,4.1577867002558667e-07,0.04885241553953731,2.756823142664415e-07,0.18891051805892461
2584,40.0,32.0,5,0.0028153567347709053,72.0,1.1027640950924032e-06,1.1027640950924032e-06,6.793889328098232e-07,0.10299138603711015,4.1571683464584406e-07,0.048845150117128686,2.7550444000684737e-07,0.1887886302308328
2585,3.0,1.0,5,0.00021888671201928677,4.0,8.573705915365717e-08,8.573705915365717e-08,6.794516135118482e-07,0.10300088806469343,4.1565503238250963e-07,0.04883788858577232,2.7532668051432623e-07,0.1886668210465497
2586,69.0,0.0,5,0.0016163630576982281,69.0,6.331230151579428e-07,6.331230151579428e-07,6.795142755818777e-07,0.10301038726777523,4.1559326320504673e-07,0.04883063094188028,2.7514903571482833e-07,0.18854509045533308
2587,12.0,5.0,5,0.0005576773187441559,17.0,2.1843999950809082e-07,2.1843999950809082e-07,6.795769190430078e-07,0.1030198836498568,4.155315270829591e-07,0.04882337718186936,2.749715055343523e-07,0.18842343840647366
2588,40.0,2.0,5,0.0010360677307636726,42.0,4.058236313214542e-07,4.058236313214542e-07,6.796395439183027e-07,0.10302937721443453,4.1546982398579007e-07,0.048816127302161026,2.7479408989894415e-07,0.18830186484929465
2589,37.0,5.0,5,0.002183928510630809,42.0,8.55436157708895e-07,8.55436157708895e-07,6.79702150230792e-07,0.10303886796499957,4.1540815388312297e-07,0.04880888129918142,2.7461678873469775e-07,0.1881803697331521
2590,69.0,3.0,5,0.0022870877897013895,72.0,8.958432392093183e-07,8.958432392093183e-07,6.79764738003471e-07,0.10304835590503786,4.1534651674458043e-07,0.04880163916936133,2.7443960196775457e-07,0.18805895300743475
2591,24.0,7.0,5,0.0013831526143366702,31.0,5.41775407104062e-07,5.41775407104062e-07,6.798273072593024e-07,0.10305784103803045,4.152849125398255e-07,0.04879440090913629,2.7426252952430385e-07,0.18793761462156391
2592,2.0,0.0,5,9.112299975790129e-05,2.0,3.5692518510732974e-08,3.5692518510732974e-08,6.798898580212152e-07,0.10306732336745321,4.1522334123856e-07,0.04878716651494635,2.740855713305825e-07,0.18781635452499362
2593,30.0,0.0,5,0.001110575217003369,30.0,4.3500791892023856e-07,4.3500791892023856e-07,6.79952390312105e-07,0.10307680289677697,4.1516180281052603e-07,0.04877993598323634,2.739087273128748e-07,0.1876951726672104
2594,26.0,4.0,5,0.0017327026010794978,30.0,6.786927540460235e-07,6.786927540460235e-07,6.800149041548326e-07,0.10308627962946731,4.151002972255049e-07,0.04877270931045568,2.7373199739751277e-07,0.1875740689977335
2595,5.0,2.0,5,0.0002985517101017441,7.0,1.1694152373746342e-07,1.1694152373746342e-07,6.800773995722268e-07,0.10309575356898497,4.1503882445331717e-07,0.04876548649305839,2.735553815108759e-07,0.18745304346611463
2596,15.0,0.0,5,0.0010710274789513896,15.0,4.1951722638127286e-07,4.1951722638127286e-07,6.801398765870822e-07,0.10310522471878543,4.149773844638229e-07,0.04875826752750315,2.7337887957939117e-07,0.18733209602193818
2597,11.0,3.0,5,0.0010157146851021723,14.0,3.9785142385513996e-07,3.9785142385513996e-07,6.802023352221611e-07,0.10311469308231935,4.149159772269214e-07,0.04875105241025324,2.732024915295331e-07,0.18721122661482092
2598,2.0,1.0,5,6.74497680171444e-05,3.0,2.641980729226181e-08,2.641980729226181e-08,6.802647755001912e-07,0.1031241586630321,4.1485460271255117e-07,0.04874384113777654,2.730262172878235e-07,0.1870904351944122
2599,9.0,2.0,5,0.0006564673610692187,11.0,2.5713566826056353e-07,2.5713566826056353e-07,6.803271974438685e-07,0.10313362146436426,4.1479326089069e-07,0.048736633706545573,2.7285005678083177e-07,0.18696972171039392
2600,32.0,3.0,5,0.0021329821718240115,35.0,8.35480678348614e-07,8.35480678348614e-07,6.803896010758548e-07,0.10314308148975126,4.1473195173135466e-07,0.04872943011303741,2.7267400993517456e-07,0.1868490861124803
2601,5.0,0.0,5,0.00030611626930927783,5.0,1.1990453165267444e-07,1.1990453165267444e-07,6.80451986418779e-07,0.10315253874262346,4.146706752046009e-07,0.048722230353733714,2.72498076677516e-07,0.18672852835041817
2602,1.0,0.0,5,6.516356053694774e-05,1.0,2.5524308866802875e-08,2.5524308866802875e-08,6.805143534952378e-07,0.10316199322640643,4.146094312805235e-07,0.048715034425120735,2.723222569345674e-07,0.18660804837398665
2603,11.0,1.0,5,0.0008145422411937433,12.0,3.190529734405575e-07,3.190529734405575e-07,6.805767023277938e-07,0.1031714449445205,4.1454821992925593e-07,0.048707842323689285,2.7214655063308734e-07,0.1864876461329973
2604,21.0,1.0,5,0.0009421675524865796,22.0,3.6904330297163323e-07,3.6904330297163323e-07,6.806390329389774e-07,0.10318089390038117,4.144870411209709e-07,0.04870065404593475,2.7197095769988183e-07,0.18636732157729408
2605,64.0,5.0,5,0.00457771803865279,69.0,1.7930740456924363e-06,1.7930740456924363e-06,6.807013453512864e-07,0.10319034009739893,4.1442589482587927e-07,0.048693469588357026,2.7179547806180396e-07,0.18624707465675336
2606,20.0,0.0,5,0.0008118404314126842,20.0,3.179946852380275e-07,3.179946852380275e-07,6.807636395871856e-07,0.10319978353897938,4.143647810142313e-07,0.048686288947460646,2.716201116457541e-07,0.18612690532128376
2607,27.0,6.0,5,0.001697195165881158,33.0,6.647846321508648e-07,6.647846321508648e-07,6.808259156691057e-07,0.10320922422852283,4.1430369965631503e-07,0.04867911211975454,2.714448583786796e-07,0.18600681352082624
2608,8.0,1.0,5,0.0003603587158273914,9.0,1.4115108336364723e-07,1.4115108336364723e-07,6.808881736194473e-07,0.10321866216942507,4.1424265072245813e-07,0.04867193910175234,2.712697181875753e-07,0.1858867992053541
2609,16.0,0.0,5,0.0008716712662022023,16.0,3.414301865265187e-07,3.414301865265187e-07,6.809504134605771e-07,0.1032280973650768,4.1418163418302573e-07,0.04866476988997207,2.710946909994828e-07,0.18576686232487288
2610,118.0,11.0,5,0.00711442166846275,129.0,2.7866908219595575e-06,2.7866908219595575e-06,6.810126352148284e-07,0.10323752981886364,4.141206500084222e-07,0.04865760448093632,2.709197767414909e-07,0.18564700282942045
2611,35.0,5.0,5,0.0024245896403876626,40.0,9.497021701479289e-07,9.497021701479289e-07,6.810748389045039e-07,0.10324695953416649,4.140596981690893e-07,0.04865044287117215,2.707449753407355e-07,0.18552722066906677
2612,16.0,22.0,5,0.002565993033987816,38.0,1.0050893200108953e-06,1.0050893200108953e-06,6.811370245518722e-07,0.10325638651436116,4.1399877863550785e-07,0.04864328505721117,2.705702867243993e-07,0.18540751579391415
2613,23.0,3.0,5,0.001634307958510797,26.0,6.401519618138649e-07,6.401519618138649e-07,6.811991921791709e-07,0.10326581076281874,4.1393789137819734e-07,0.04863613103558948,2.703957108197124e-07,0.18528788815409705
2614,22.0,17.0,5,0.0019778850551313417,39.0,7.747297513244582e-07,7.747297513244582e-07,6.812613418086042e-07,0.10327523228290526,4.1387703636771446e-07,0.04862898080284765,2.7022124755395157e-07,0.18516833769978214
2615,27.0,14.0,5,0.002520262867566429,41.0,9.871769947381234e-07,9.871769947381234e-07,6.813234734623445e-07,0.10328465107798193,4.1381621357465427e-07,0.048621834355530684,2.700468968544403e-07,0.1850488643811681
2616,36.0,0.0,5,0.0016958694591723204,36.0,6.642653580776813e-07,6.642653580776813e-07,6.813855871625326e-07,0.10329406715140514,4.137554229696499e-07,0.04861469169018812,2.6987265864854933e-07,0.18492946814848593
2617,73.0,1.0,5,0.0023244048389564373,74.0,9.104601797714208e-07,9.104601797714208e-07,6.814476829312753e-07,0.1033034805065262,4.1369466452337305e-07,0.04860755280337396,2.696985328636961e-07,0.18481014895199863
2618,53.0,21.0,5,0.003003935111090963,74.0,1.1766294990563898e-06,1.1766294990563898e-06,6.815097607906496e-07,0.10331289114669182,4.136339382065325e-07,0.048600417691646615,2.695245194273451e-07,0.18469090674200134
2619,18.0,8.0,5,0.0014918539140055752,26.0,5.843532761478947e-07,5.843532761478947e-07,6.815718207626993e-07,0.10332229907524372,4.1357324398987524e-07,0.04859328635156896,2.693506182670072e-07,0.18457174146882127
2620,10.0,5.0,5,0.0007878344315656903,15.0,3.0859163006881716e-07,3.0859163006881716e-07,6.816338628694358e-07,0.10333170429551869,4.1351258184418606e-07,0.04858615877970832,2.6917682931024034e-07,0.18445265308281758
2621,8.0,2.0,5,0.00044168472709944914,10.0,1.7300616024263577e-07,1.7300616024263577e-07,6.816958871328395e-07,0.10334110681084883,4.1345195174028723e-07,0.04857903497263644,2.6900315248464916e-07,0.18433364153438161
2622,12.0,1.0,5,0.00024515016649997984,13.0,9.602435037210335e-08,9.602435037210335e-08,6.817578935748597e-07,0.10335050662456154,4.133913536490396e-07,0.04857191492692954,2.688295877178849e-07,0.18421470677393662
2623,12.0,5.0,5,0.0009687325368331272,17.0,3.7944870224564324e-07,3.7944870224564324e-07,6.81819882217411e-07,0.10335990373997894,4.1333078754134035e-07,0.04856479863916818,2.686561349376458e-07,0.1840958487519379
2624,35.0,1.0,5,0.0008612247056164861,36.0,3.373383100730459e-07,3.373383100730459e-07,6.818818530823792e-07,0.10336929816041879,4.132702533881248e-07,0.04855768610593737,2.684827940716763e-07,0.18397706741887265
2625,2.0,7.0,5,0.0004877844858670946,9.0,1.9106325337528188e-07,1.9106325337528188e-07,6.819438061916167e-07,0.10337868988919378,4.132097511603659e-07,0.04855057732382653,2.683095650477677e-07,0.18385836272526002
2626,6.0,3.0,5,0.0005951855528535015,9.0,2.331318264212697e-07,2.331318264212697e-07,6.820057415669457e-07,0.10338807892961202,4.131492808290738e-07,0.04854347228942947,2.681364477937579e-07,0.18373973462165116
2627,33.0,18.0,5,0.0035625851614263446,51.0,1.395450513680511e-06,1.395450513680511e-06,6.820676592301553e-07,0.10339746528497663,4.1308884236529597e-07,0.04853637099934437,2.679634422375313e-07,0.1836211830586291
2628,5.0,38.0,5,0.0007963651603392778,43.0,3.1193308278075905e-07,3.1193308278075905e-07,6.821295592030035e-07,0.10340684895858598,4.130284357401173e-07,0.04852927345017384,2.677905483070191e-07,0.18350270798680873
2629,4.0,3.0,5,0.0002701740293013212,7.0,1.0582609843373334e-07,1.0582609843373334e-07,6.821914415072177e-07,0.10341622995373384,4.129680609246599e-07,0.0485221796385248,2.676177659301983e-07,0.18338430935683672
2630,6.0,2.0,5,0.00046810245249467815,8.0,1.8335387876798987e-07,1.8335387876798987e-07,6.822533061644932e-07,0.10342560827370906,4.1290771789008264e-07,0.048515089561008556,2.674450950350932e-07,0.18326598711939177
2631,33.0,1.0,5,0.001480905043471084,34.0,5.800646468746902e-07,5.800646468746902e-07,6.823151531964941e-07,0.1034349839217958,4.1284740660758235e-07,0.04850800321424083,2.67272535549774e-07,0.18314774122518426
2632,35.0,4.0,5,0.0023244511976957686,39.0,9.104783383062156e-07,9.104783383062156e-07,6.823769826248525e-07,0.10344435690127338,4.1278712704839204e-07,0.04850092059484161,2.6710008740235754e-07,0.18302957162495645
2633,101.0,19.0,5,0.008582278156038833,120.0,3.3616444011119597e-06,3.3616444011119597e-06,6.824387944711709e-07,0.10345372721541654,4.127268791837825e-07,0.0484938416994353,2.66927750521007e-07,0.1829114782694823
2634,6.0,1.0,5,0.0004527331477583586,7.0,1.7733378290574172e-07,1.7733378290574172e-07,6.825005887570186e-07,0.10346309486749519,4.126666629850604e-07,0.048486766524650615,2.6675552483393173e-07,0.18279346110956762
2635,16.0,1.0,5,0.0005827148623391554,17.0,2.2824710628247372e-07,2.2824710628247372e-07,6.825623655039355e-07,0.10347245986077455,4.126064784235699e-07,0.048479695067120535,2.665834102693877e-07,0.1826755200960499
2636,66.0,53.0,5,0.007871069768446006,119.0,3.0830668893247184e-06,3.0830668893247184e-06,6.826241247334292e-07,0.1034818221985151,4.125463254706925e-07,0.0484726273234825,2.664114067556768e-07,0.18255765517979838
2637,60.0,3.0,5,0.0013475533402511496,63.0,5.278313122801212e-07,5.278313122801212e-07,6.826858664669764e-07,0.10349118188397252,4.124862040978452e-07,0.04846556329037816,2.662395142211481e-07,0.18243986631171402
2638,14.0,2.0,5,0.0008640759635011924,16.0,3.3845513650653837e-07,3.3845513650653837e-07,6.827475907260243e-07,0.10350053892039814,4.1242611427648265e-07,0.04845850296445351,2.6606773259419544e-07,0.18232215344272937
2639,46.0,1.0,5,0.0010376067605906009,47.0,4.064264632160599e-07,4.064264632160599e-07,6.828092975319878e-07,0.10350989331103828,4.123660559780955e-07,0.04845144634235881,2.6589606180325995e-07,0.18220451652380873
2640,4.0,0.0,5,0.0002008102742245049,4.0,7.865658998217975e-08,7.865658998217975e-08,6.828709869062506e-07,0.10351924505913464,4.1230602917421166e-07,0.04844439342074871,2.657245017768285e-07,0.182086955505948
2641,0.0,0.0,5,0.0,0.0,0.0,0.0,6.829326588701659e-07,0.1035285941679242,4.122460338363946e-07,0.04843734419628202,2.655530524434344e-07,0.18196947034017477
2642,5.0,0.0,5,0.00029626550262154745,5.0,1.1604602531200448e-07,1.1604602531200448e-07,6.829943134450573e-07,0.10353794064063952,4.1218606993624534e-07,0.04843029866562196,2.6538171373165666e-07,0.18185206097754808
2643,12.0,3.0,5,0.0008162494729621229,15.0,3.1972168937020093e-07,3.1972168937020093e-07,6.830559506522167e-07,0.10354728448050832,4.121261374454e-07,0.04842325682543589,2.652104855701207e-07,0.18173472736915863
2644,36.0,2.0,5,0.0006011516800607479,38.0,2.3546873484557302e-07,2.3546873484557302e-07,6.831175705129049e-07,0.10355662569075358,4.120662363355319e-07,0.04841621867239553,2.6503936788749796e-07,0.18161746946612875
2645,21.0,2.0,5,0.0005812205070326187,23.0,2.2766177322076721e-07,2.2766177322076721e-07,6.831791730483533e-07,0.10356596427459391,4.1200636657835033e-07,0.04840918420317684,2.648683606125057e-07,0.18150028721961217
2646,32.0,0.0,5,0.001551264168801776,32.0,6.076240379168727e-07,6.076240379168727e-07,6.832407582797612e-07,0.10357530023524297,4.119465281456008e-07,0.04840215341446001,2.646974636739074e-07,0.18138318058079425
2647,23.0,25.0,5,0.0025866746275998976,48.0,1.013190218409674e-06,1.013190218409674e-06,6.833023262282996e-07,0.10358463357591015,4.118867210090652e-07,0.04839512630292952,2.645266770005123e-07,0.18126614950089176
2648,66.0,4.0,5,0.002429914251050127,70.0,9.51787799079564e-07,9.51787799079564e-07,6.833638769151073e-07,0.1035939642998,4.118269451405608e-07,0.04838810286527402,2.643560005211758e-07,0.181149193931153
2649,3.0,2.0,5,0.00015808493086112528,5.0,6.192124201375843e-08,6.192124201375843e-08,6.834254103612922e-07,0.10360329241011232,4.1176720051194147e-07,0.04838108309818643,2.641854341647991e-07,0.1810323138228577
2650,4.0,1.0,5,0.0001585727677750457,5.0,6.211232580299479e-08,6.211232580299479e-08,6.834869265879347e-07,0.1036126179100428,4.1170748709509715e-07,0.048374066998363933,2.6401497786032914e-07,0.18091550912731708
2651,8.0,2.0,5,0.0006226561105718174,10.0,2.4389193520243534e-07,2.4389193520243534e-07,6.835484256160819e-07,0.10362194080278204,4.116478048619531e-07,0.04836705456250785,2.638446315367589e-07,0.18079877979587367
2652,7.0,6.0,5,0.0009604018912529551,13.0,3.7618562132900706e-07,3.7618562132900706e-07,6.836099074667527e-07,0.1036312610915164,4.115881537844705e-07,0.04836004578732373,2.6367439512312697e-07,0.18068212577990145
2653,70.0,4.0,5,0.005141303775501503,74.0,2.013828349197612e-06,2.013828349197612e-06,6.836713721609333e-07,0.10364057877942724,4.1152853383464705e-07,0.048353040669521404,2.635042685485179e-07,0.1805655470308058
2654,116.0,1.0,5,0.002278244133957045,117.0,8.923792142409108e-07,8.923792142409108e-07,6.83732819719584e-07,0.10364989386969205,4.114689449845152e-07,0.04834603920581481,2.633342517420621e-07,0.18044904350002341
2655,31.0,5.0,5,0.0012487725519546166,36.0,4.891392682940135e-07,4.891392682940135e-07,6.837942501636306e-07,0.10365920636548302,4.1140938720614363e-07,0.0483390413929221,2.631643446329355e-07,0.1803326151390224
2656,34.0,0.0,5,0.00200632362144856,34.0,7.85869025244246e-07,7.85869025244246e-07,6.838556635139711e-07,0.10366851626996823,4.1134986047163637e-07,0.04833204722756561,2.6299454715035955e-07,0.180216261899302
2657,15.0,8.0,5,0.001074658301859794,23.0,4.209394053504872e-07,4.209394053504872e-07,6.839170597914744e-07,0.10367782358631121,4.1129036475313307e-07,0.04832505670647185,2.6282485922360184e-07,0.18009998373239297
2658,57.0,0.0,5,0.001069550337958801,57.0,4.1893863609823776e-07,4.1893863609823776e-07,6.839784390169767e-07,0.10368712831767064,4.112309000228089e-07,0.048318069826371525,2.6265528078197534e-07,0.1799837805898572
2659,21.0,6.0,5,0.0010670711546000974,27.0,4.1796754978460533e-07,4.1796754978460533e-07,6.840398012112871e-07,0.10369643046720105,4.111714662528745e-07,0.04831108658399948,2.6248581175483856e-07,0.1798676524232879
2660,12.0,4.0,5,0.001020564301394879,16.0,3.997509993712804e-07,3.997509993712804e-07,6.841011463951839e-07,0.10370573003805232,4.1111206341557554e-07,0.048304106976094684,2.623164520715957e-07,0.17975159918430939
2661,12.0,1.0,5,0.0004501015337850633,13.0,1.7630299012340905e-07,1.7630299012340905e-07,6.841624745894143e-07,0.1037150270333696,4.110526914831936e-07,0.04829713099940033,2.6214720166169643e-07,0.17963562082457735
2662,30.0,11.0,5,0.001707638839307621,41.0,6.688753777154803e-07,6.688753777154803e-07,6.842237858146982e-07,0.1037243214562939,4.1099335042804474e-07,0.04829015865066366,2.6197806045463606e-07,0.17951971729577862
2663,7.0,0.0,5,0.0002494068760539541,7.0,9.76916866642985e-08,9.76916866642985e-08,6.842850800917244e-07,0.10373361330996152,4.1093404022248054e-07,0.04828318992663609,2.618090283799553e-07,0.17940388854963113
2664,0.0,0.0,5,0.0,0.0,0.0,0.0,6.843463574411522e-07,0.1037429025975043,4.1087476083888807e-07,0.048276224824073205,2.6164010536724036e-07,0.1792881345378841
2665,9.0,3.0,5,0.0007622611930679121,12.0,2.985746937202946e-07,2.985746937202946e-07,6.844076178836111e-07,0.10375218932204952,4.10815512249689e-07,0.048269263339734664,2.614712913461229e-07,0.17917245521231773
2666,134.0,20.0,5,0.010265691261955966,154.0,4.021030654898537e-06,4.021030654898537e-06,6.84468861439702e-07,0.10376147348672023,4.107562944273404e-07,0.048262305470384265,2.613025862462797e-07,0.1790568505247434
2667,1.0,0.0,5,1.581978105423021e-05,1.0,6.196545653830869e-09,6.196545653830869e-09,6.845300881299959e-07,0.10377075509463476,4.1069710734433343e-07,0.04825535121278983,2.611339899974336e-07,0.17894132042700361
2668,24.0,43.0,5,0.0022984369884089624,67.0,9.002886754441686e-07,9.002886754441686e-07,6.845912979750341e-07,0.10378003414890716,4.106379509731956e-07,0.04824840056372345,2.609655025293521e-07,0.178825864870972
2669,23.0,2.0,5,0.0011551721137862648,25.0,4.524763469589756e-07,4.524763469589756e-07,6.84652490995329e-07,0.10378931065264693,4.105788252864881e-07,0.04824145351996115,2.6079712377184813e-07,0.178710483808553
2670,27.0,1.0,5,0.0008610003892412207,28.0,3.3725044623627916e-07,3.3725044623627916e-07,6.847136672113634e-07,0.10379858460895916,4.105197302568071e-07,0.048234510078283103,2.606288536547802e-07,0.17859517719168233
2671,36.0,2.0,5,0.0021314384663334495,38.0,8.348760150150605e-07,8.348760150150605e-07,6.847748266435913e-07,0.10380785602094454,4.1046066585678353e-07,0.04822757023547355,2.604606921080519e-07,0.17847994497232664
2672,127.0,1.0,5,0.003115359708820797,128.0,1.220274073176967e-06,1.220274073176967e-06,6.848359693124365e-07,0.10381712489169923,4.1040163205908363e-07,0.04822063398832086,2.6029263906161207e-07,0.17836478710248355
2673,181.0,14.0,5,0.010514215074647124,195.0,4.118376449137142e-06,4.118376449137142e-06,6.848970952382951e-07,0.10382639122431514,4.103426288364071e-07,0.04821370133361739,2.601246944454549e-07,0.1782497035341817
2674,74.0,0.0,5,0.001426385094926588,74.0,5.587093987178175e-07,5.587093987178175e-07,6.849582044415327e-07,0.10383565502187955,4.102836561614895e-07,0.048206772268159594,2.5995685818961896e-07,0.1781346942194806
2675,34.0,34.0,5,0.004148522809715757,68.0,1.6249599724699402e-06,1.6249599724699402e-06,6.850192969424878e-07,0.1038449162874757,4.102247140070996e-07,0.048199846788747995,2.597891302241893e-07,0.17801975911047074
2676,30.0,5.0,5,0.0015191696588014159,35.0,5.950527453197868e-07,5.950527453197868e-07,6.850803727614665e-07,0.10385417502418187,4.101658023460418e-07,0.04819292489218714,2.596215104792949e-07,0.17790489815927357
2677,12.0,0.0,5,0.0007122679918323564,12.0,2.789925545759328e-07,2.789925545759328e-07,6.851414319187499e-07,0.10386343123507254,4.1010692115115357e-07,0.048186006575285587,2.594539988851107e-07,0.1777901113180414
2678,17.0,11.0,5,0.0015613854243675949,28.0,6.115884936810007e-07,6.115884936810007e-07,6.852024744345871e-07,0.10387268492321736,4.10048070395308e-07,0.048179091834856004,2.592865953718559e-07,0.1776753985389573
2679,78.0,7.0,5,0.003979163739189717,85.0,1.5586226945513972e-06,1.5586226945513972e-06,6.852635003292003e-07,0.1038819360916819,4.099892500514116e-07,0.04817218066771501,2.5911929986979527e-07,0.17756075977423535
2680,12.0,13.0,5,0.0011643684810287024,25.0,4.560785276258137e-07,4.560785276258137e-07,6.853245096227831e-07,0.10389118474352739,4.0993046009240536e-07,0.04816527307068329,2.589521123092385e-07,0.1774461949761204
2681,29.0,19.0,5,0.0025529338231435176,48.0,9.999740787871201e-07,9.999740787871201e-07,6.853855023354977e-07,0.10390043088181032,4.0987170049126495e-07,0.04815836904058556,2.5878503262054e-07,0.17733170409688812
2682,33.0,8.0,5,0.0017940314693232688,41.0,7.027150291121304e-07,7.027150291121304e-07,6.854464784874805e-07,0.1039096745095832,4.0981297122099907e-07,0.04815146857425046,2.586180607340994e-07,0.177217287088845
2683,12.0,4.0,5,0.0008311309407845221,16.0,3.2555070144321274e-07,3.2555070144321274e-07,6.855074380988386e-07,0.10391891562989419,4.097542722546513e-07,0.04814457166851072,2.5845119658036097e-07,0.17710294390432815
2684,11.0,0.0,5,0.0004706954120468331,11.0,1.8436953076648378e-07,1.8436953076648378e-07,6.855683811896488e-07,0.10392815424578682,4.0969560356529905e-07,0.04813767832020303,2.5828444008981405e-07,0.17698867449570566
2685,28.0,83.0,5,0.002592782683576375,111.0,1.0155827197713962e-06,1.0155827197713962e-06,6.856293077799612e-07,0.10393739036030054,4.0963696512605333e-07,0.04813078852616803,2.581177911929928e-07,0.1768744788153762
2686,11.0,4.0,5,0.0007003712039856814,15.0,2.7433262984163e-07,2.7433262984163e-07,6.856902178897972e-07,0.1039466239764705,4.095783569100595e-07,0.04812390228325041,2.5795124982047617e-07,0.17676035681576927
2687,6.0,4.0,5,0.0006264467240951514,10.0,2.453767035233652e-07,2.453767035233652e-07,6.857511115391491e-07,0.10395585509732741,4.095197788904967e-07,0.048117019588298816,2.577848159028879e-07,0.1766463084493449
2688,29.0,2.0,5,0.0014915738805093516,31.0,5.842435881352728e-07,5.842435881352728e-07,6.858119887479808e-07,0.10396508372589768,4.094612310405774e-07,0.04811014043816582,2.5761848937089643e-07,0.1765323336685939
2689,54.0,3.0,5,0.003049161232801804,57.0,1.1943443920101075e-06,1.1943443920101075e-06,6.858728495362284e-07,0.10397430986520349,4.0940271333354807e-07,0.048103264829707976,2.5745227015521513e-07,0.17641843242603772
2690,4.0,0.0,5,0.00023745098672798908,4.0,9.300861211437097e-08,9.300861211437097e-08,6.859336939238e-07,0.1039835335182628,4.093442257426887e-07,0.04809639275978579,2.572861581866018e-07,0.17630460467422845
2691,20.0,2.0,5,0.0015110949203265248,22.0,5.918899022038875e-07,5.918899022038875e-07,6.859945219305743e-07,0.10399275468808912,4.0928576824131337e-07,0.048089524225263774,2.571201533958593e-07,0.17619085036574886
2692,27.0,2.0,5,0.0005787161996993987,29.0,2.2668084594571042e-07,2.2668084594571042e-07,6.860553335764017e-07,0.10400197337769164,4.092273408027693e-07,0.04808265922301031,2.5695425571383465e-07,0.1760771694532121
2693,1.0,11.0,5,0.0001898373726507625,12.0,7.435854784597043e-08,7.435854784597043e-08,6.861161288811062e-07,0.10401118959007556,4.091689434004371e-07,0.048075797749897745,2.567884650714198e-07,0.17596356188926213
2694,34.0,7.0,5,0.002506311647234288,41.0,9.817123569268656e-07,9.817123569268656e-07,6.861769078644825e-07,0.10402040332824167,4.0911057600773115e-07,0.048068939802802337,2.566227813995513e-07,0.1758500276265733
2695,18.0,0.0,5,0.0009765579751187885,18.0,3.8251389546368526e-07,3.8251389546368526e-07,6.862376705462974e-07,0.10402961459518645,4.090522385980989e-07,0.0480620853786043,2.5645720462921025e-07,0.1757365666178507
2696,18.0,4.0,5,0.0008263418689581938,22.0,3.2367484095503083e-07,3.2367484095503083e-07,6.86298416946289e-07,0.10403882339390211,4.0899393114502155e-07,0.04805523447418774,2.5629173469142205e-07,0.17562317881582964
2697,33.0,2.0,5,0.002054067038931306,35.0,8.045699329930692e-07,8.045699329930692e-07,6.863591470841681e-07,0.10404802972737671,4.0893565362201315e-07,0.048048387086440686,2.561263715172569e-07,0.1755098641732762
2698,9.0,27.0,5,0.002316534824701855,36.0,9.073775263227007e-07,9.073775263227007e-07,6.864198609796186e-07,0.10405723359859419,4.0887740600262115e-07,0.048041543212255046,2.5596111503782917e-07,0.17539662264298672
2699,13.0,3.0,5,0.0007813366849838939,16.0,3.06046488438658e-07,3.06046488438658e-07,6.86480558652295e-07,0.10406643501053404,4.088191882604261e-07,0.04803470284852664,2.557959651842981e-07,0.17528345417778818
2700,10.0,6.0,5,0.0005984886750478636,16.0,2.3442564631722037e-07,2.3442564631722037e-07,6.865412401218239e-07,0.10407563396617159,4.087610003690421e-07,0.048027865992155236,2.55630921887867e-07,0.17517035873053793
2701,18.0,12.0,5,0.0016005162674786579,30.0,6.269158901209001e-07,6.269158901209001e-07,6.866019054078055e-07,0.10408483046847808,4.087028423021155e-07,0.04802103264004436,2.554659850797836e-07,0.17505733625412362
2702,5.0,1.0,5,0.00036664084913512604,6.0,1.4361177012735057e-07,1.4361177012735057e-07,6.866625545298118e-07,0.10409402452042049,4.0864471403332655e-07,0.04801420278910156,2.5530115469134016e-07,0.17494438670146348
2703,26.0,3.0,5,0.0015645951668838245,29.0,6.128457371264491e-07,6.128457371264491e-07,6.867231875073855e-07,0.10410321612496143,4.085866155363878e-07,0.04800737643623815,2.5513643065387313e-07,0.17483151002550604
2704,26.0,1.0,5,0.000685058263916433,27.0,2.6833461179648765e-07,2.6833461179648765e-07,6.867838043600443e-07,0.10411240528505963,4.0852854678504505e-07,0.04800055357836936,2.549718128987634e-07,0.1747187061792302
2705,36.0,22.0,5,0.0024369207832555845,58.0,9.545322300256892e-07,9.545322300256892e-07,6.868444051072758e-07,0.10412159200366931,4.084705077530767e-07,0.04799373421241426,2.5480730135743583e-07,0.17460597511564507
2706,15.0,2.0,5,0.0004367590957895924,17.0,1.710768099450029e-07,1.710768099450029e-07,6.869049897685426e-07,0.10413077628374089,4.0841249841429414e-07,0.04798691833529578,2.5464289596135987e-07,0.17449331678779031
2707,23.0,3.0,5,0.0013887686580524323,26.0,5.439751892097267e-07,5.439751892097267e-07,6.869655583632777e-07,0.10413995812822029,4.083545187425415e-07,0.047980105943940705,2.5447859664204904e-07,0.1743807311487357
2708,17.0,2.0,5,0.0003605471145937353,19.0,1.412248784150941e-07,1.412248784150941e-07,6.870261109108878e-07,0.10414913754004945,4.082965687116955e-07,0.04797329703527966,2.5431440333106107e-07,0.17426821815158142
2709,16.0,7.0,5,0.0013746472507838124,23.0,5.384438898487319e-07,5.384438898487319e-07,6.870866474307519e-07,0.10415831452216615,4.0823864829566545e-07,0.047966491606247066,2.5415031595999793e-07,0.17415577774945787
2710,15.0,8.0,5,0.0010505350404573742,23.0,4.114904192939186e-07,4.114904192939186e-07,6.871471679422212e-07,0.10416748907750385,4.081807574683935e-07,0.047959689653781244,2.539863344605054e-07,0.17404340989552555
2711,28.0,4.0,5,0.0015063925157241039,32.0,5.900479889244434e-07,5.900479889244434e-07,6.872076724646203e-07,0.1041766612089921,4.0812289620385426e-07,0.047952891174824305,2.5382245876427375e-07,0.17393111454297544
2712,16.0,1.0,4,0.0006262347946884139,17.0,2.452936916131664e-07,2.452936916131664e-07,5.256227240011029e-07,0.10418583091955624,3.1865901081250495e-07,0.04794609616632216,2.0048765542662316e-07,0.1738188916450285
2713,26.0,7.0,4,0.0017273214204075846,33.0,6.765849668654856e-07,6.765849668654856e-07,5.256689734502381e-07,0.10419499821211743,3.1861387291930586e-07,0.04793930462522451,2.0035829786024596e-07,0.17370674115493603
2714,22.0,6.0,4,0.0014316527540908194,28.0,5.607727199729022e-07,5.607727199729022e-07,5.257152107151445e-07,0.10420416308959277,3.1856875805089924e-07,0.047932516548484926,2.0022902375726169e-07,0.17359466302597937
2715,5.0,1.0,4,0.00031228422911070515,6.0,1.2232049710564243e-07,1.2232049710564243e-07,5.257614358105182e-07,0.10421332555489522,3.185236661870628e-07,0.047925731933060725,2.0009983306381867e-07,0.17348265721147005
2716,32.0,0.0,3,0.0010259840399511645,32.0,4.0187388952258694e-07,4.0187388952258694e-07,3.6437186255098377e-07,0.10422248561093361,2.2920465330518148e-07,0.04791895077591306,1.469655395585526e-07,0.1733707236647498
2717,36.0,3.0,3,0.0006169714611149781,39.0,2.416652804994039e-07,2.416652804994039e-07,3.6440387857756995e-07,0.10423164326061281,2.2917223438134285e-07,0.047912173074006796,1.4687071524381784e-07,0.1732588623391903
2718,23.0,0.0,3,0.0009116947997845227,23.0,3.5710724629241e-07,3.5710724629241e-07,3.644358862014331e-07,0.10424079850683342,2.2913983197002424e-07,0.0479053988243107,1.4677595211111728e-07,0.1731470731881935
2719,6.0,1.0,3,0.00040680114427591666,7.0,1.5934239885464813e-07,1.5934239885464813e-07,3.644678854327002e-07,0.1042499513524921,2.2910744605674405e-07,0.04789862802379715,1.466812501209753e-07,0.17303535616519122
2720,0.0,4.0,3,6.327912421692084e-05,4.0,2.4786182615323478e-08,2.4786182615323478e-08,3.644998762814839e-07,0.10425910180048141,2.2907507662703924e-07,0.04789186066944242,1.465866092339419e-07,0.17292371122364547
2721,3.0,1.0,3,0.00011262290369963836,4.0,4.411394582829548e-08,4.411394582829548e-08,3.6453185875788216e-07,0.1042682498536897,2.2904272366646455e-07,0.04788509675822649,1.4649202941059246e-07,0.17281213831704825
2722,12.0,1.0,3,0.00043491475687779417,13.0,1.703543896896961e-07,1.703543896896961e-07,3.6456383287197935e-07,0.10427739551500143,2.290103871605928e-07,0.04787833628713313,1.463975106115278e-07,0.17270063739892155
2723,31.0,5.0,3,0.0012109812512276154,36.0,4.7433656530654734e-07,4.7433656530654734e-07,3.6459579863384516e-07,0.10428653878729688,2.289780670950146e-07,0.047871579253149825,1.4630305279737415e-07,0.17258920842281736
2724,46.0,92.0,3,0.006031944585135736,138.0,2.3626888308404763e-06,2.3626888308404763e-06,3.6462775605353605e-07,0.10429567967345246,2.2894576345533837e-07,0.047864825653267794,1.462086559287832e-07,0.17247785134231758
2725,16.0,1.0,3,0.0005687926507387201,17.0,2.2279383107666278e-07,2.2279383107666278e-07,3.6465970514109316e-07,0.10430481817634045,2.2891347622719108e-07,0.04785807548448205,1.4611431996643174e-07,0.17236656611103418
2726,27.0,1.0,3,0.0008002523862849461,28.0,3.1345569380530593e-07,3.1345569380530593e-07,3.646916459065439e-07,0.10431395429882885,2.2888120539621663e-07,0.047851328743791305,1.460200448710225e-07,0.17225535268260897
2727,10.0,1.0,3,0.00021399844130543986,11.0,8.382234285367796e-08,8.382234285367796e-08,3.647235783599025e-07,0.10432308804378211,2.2884895094807695e-07,0.047844585428197924,1.459258306032831e-07,0.17214421101071373
2728,52.0,2.0,3,0.0009835736558289638,54.0,3.852619098429157e-07,3.852619098429157e-07,3.6475550251116774e-07,0.10433221941406023,2.2881671286845244e-07,0.04783784553470815,1.4583167712396658e-07,0.17203314104905004
2729,1.0,2.0,3,6.74497680171444e-05,3.0,2.641980729226181e-08,2.641980729226181e-08,3.647874183703254e-07,0.10434134841251948,2.2878449114304044e-07,0.04783110906033179,1.457375843938515e-07,0.17192214275134945
2730,4.0,3.0,3,0.00045614492375863416,7.0,1.7867016206762013e-07,1.7867016206762013e-07,3.6481932594734663e-07,0.10435047504201193,2.287522857575565e-07,0.04782437600208245,1.456435523737415e-07,0.1718112160713733
2731,1.0,0.0,3,3.5810205908683974e-05,1.0,1.4026715984600068e-08,1.4026715984600068e-08,3.6485122525218896e-07,0.10435959930538576,2.287200966977336e-07,0.04781764635697737,1.455495810244656e-07,0.17170036096291286
2732,42.0,3.0,3,0.0011984941431073923,45.0,4.6944541445647955e-07,4.6944541445647955e-07,3.648831162947962e-07,0.10436872120548524,2.2868792394932266e-07,0.04781092012203755,1.4545567030687813e-07,0.17158957737978903
2733,14.0,2.0,3,0.0008371434861933174,16.0,3.2790579169342634e-07,3.2790579169342634e-07,3.6491499908509746e-07,0.10437784074515041,2.286557674980919e-07,0.047804197294287615,1.4536182018185851e-07,0.17147886527585265
2734,3.0,0.0,3,0.00010743061772605193,3.0,4.208014795380021e-08,4.208014795380021e-08,3.649468736330084e-07,0.10438695792721751,2.2862362732982766e-07,0.04779747787075596,1.4526803061031167e-07,0.17136822460498435
2735,2.0,0.0,3,5.1629986962914183e-05,2.0,2.0223261638430936e-08,2.0223261638430936e-08,3.6497873994843095e-07,0.1043960727545188,2.285915034303334e-07,0.04779076184847457,1.451743015531676e-07,0.17125765532109444
2736,11.0,3.0,3,0.000716179294893232,14.0,2.805245965112542e-07,2.805245965112542e-07,3.6501059804125284e-07,0.1044051852298825,2.285593957854302e-07,0.04778404922447911,1.4508063297138153e-07,0.17114715737812303
2737,1.0,0.0,3,1.581978105423021e-05,1.0,6.196545653830869e-09,6.196545653830869e-09,3.650424479213485e-07,0.10441429535613303,2.28527304380957e-07,0.047777339995808986,1.449870248259338e-07,0.17103673073003983
2738,0.0,0.0,3,0.0,0.0,0.0,0.0,3.6507428959857745e-07,0.10442340313609054,2.2849522920277e-07,0.047770634159507205,1.4489347707783005e-07,0.17092637533084443
2739,1.0,3.0,3,6.327912421692084e-05,4.0,2.4786182615323478e-08,2.4786182615323478e-08,3.6510612308278634e-07,0.10443250857257148,2.284631702367428e-07,0.04776393171262041,1.4479998968810104e-07,0.17081609113456594
2740,0.0,0.0,3,0.0,0.0,0.0,0.0,3.6513794838380807e-07,0.10444161166838845,2.2843112746876672e-07,0.04775723265219896,1.4470656261780267e-07,0.17070587809526327
2741,10.0,0.0,3,0.00035810205908683976,10.0,1.402671598460007e-07,1.402671598460007e-07,3.6516976551146155e-07,0.10445071242634991,2.2839910088475016e-07,0.04775053697529676,1.446131958280159e-07,0.1705957361670248
2742,0.0,0.0,3,0.0,0.0,0.0,0.0,3.652015744755519e-07,0.10445981084926048,2.2836709047061927e-07,0.04774384467897147,1.4451988927984695e-07,0.17048566530396872
2743,11.0,3.0,3,0.000706816365119422,14.0,2.768571739598206e-07,2.768571739598206e-07,3.652333752858702e-07,0.10446890693992075,2.2833509621231735e-07,0.04773715576028429,1.4442664293442697e-07,0.1703756654602427
2744,13.0,3.0,3,0.0007290929974540724,16.0,2.8558284271604876e-07,2.8558284271604876e-07,3.6526516795219456e-07,0.10447800070112759,2.28303118095805e-07,0.04773047021630006,1.4433345675291233e-07,0.170265736590024
2745,10.0,1.0,3,0.0003539314152866162,11.0,1.3863353516906238e-07,1.3863353516906238e-07,3.6529695248428953e-07,0.10448709213567395,2.2827115610706026e-07,0.047723788044087265,1.4424033069648436e-07,0.17015587864751955
2746,41.0,1.0,3,0.0006644308042776688,42.0,2.6025491746089653e-07,2.6025491746089653e-07,3.6532872889190504e-07,0.10449618124634866,2.2823921023207848e-07,0.047717109240718,1.4414726472634947e-07,0.17004609158696568
2747,7.0,0.0,3,0.00045614492375863416,7.0,1.7867016206762013e-07,1.7867016206762013e-07,3.65360497184778e-07,0.10450526803593678,2.282072804568721e-07,0.04771043380326795,1.4405425880373914e-07,0.16993637536262837
2748,7.0,2.0,3,0.0005371282653498121,9.0,2.1039101658825387e-07,2.1039101658825387e-07,3.6539225737263224e-07,0.10451435250721967,2.2817536676747087e-07,0.04770376172881639,1.439613128899098e-07,0.16982672992880302
2749,4.0,11.0,3,0.0005171626637758059,15.0,2.0257056943823184e-07,2.0257056943823184e-07,3.6542400946517724e-07,0.10452343466297456,2.2814346914992188e-07,0.04769709301444625,1.4386842694614293e-07,0.1697171552398146
2750,4.0,0.0,3,0.00012325039878028214,4.0,4.8276693607631076e-08,4.8276693607631076e-08,3.654557534721089e-07,0.10453251450597481,2.2811158759028922e-07,0.047690427657244,1.4377560093374494e-07,0.16960765125001742
2751,18.0,0.0,3,0.00034472733353950506,18.0,1.3502833276126323e-07,1.3502833276126323e-07,3.6548748940311025e-07,0.10454159203899006,2.2807972207465406e-07,0.04768376565429969,1.4368283481404727e-07,0.16949821791379543
2752,46.0,5.0,3,0.0019910595413509613,51.0,7.798901454567025e-07,7.798901454567025e-07,3.655192172678506e-07,0.10455066726478608,2.280478725891149e-07,0.04767710700270696,1.4359012854840615e-07,0.16938885518556185
2753,60.0,2.0,3,0.002362452250878364,62.0,9.253632005007301e-07,9.253632005007301e-07,3.655509370759856e-07,0.1045597401861247,2.2801603911978722e-07,0.04767045169956305,1.4349748209820305e-07,0.16927956301975938
2754,49.0,6.0,3,0.001363525752809837,55.0,5.34087643090418e-07,5.34087643090418e-07,3.6558264883715717e-07,0.10456881080576384,2.2798422165280355e-07,0.04766379974196875,1.434048954248442e-07,0.16917034137086018
2755,5.0,2.0,3,0.00019070016679742654,7.0,7.469650089989288e-08,7.469650089989288e-08,3.6561435256099496e-07,0.10457787912645788,2.2795242017431347e-07,0.047657151127028376,1.433123684897605e-07,0.1690611901933656
2756,39.0,0.0,3,0.0006169714611149781,39.0,2.416652804994039e-07,2.416652804994039e-07,3.656460482571137e-07,0.10458694515095696,2.2792063467048353e-07,0.04765050585184984,1.4321990125440806e-07,0.16895210944180653
2757,2.0,0.0,3,8.098334159117794e-05,2.0,3.172085452063374e-08,3.172085452063374e-08,3.6567773593511576e-07,0.1045960088820077,2.2788886512749743e-07,0.047643863913544617,1.431274936802677e-07,0.16884309907074307
2758,5.0,0.0,3,0.00020840438417168365,5.0,8.163117280520315e-08,8.163117280520315e-08,3.6570941560459015e-07,0.10460507032235283,2.2785711153155572e-07,0.04763722530922769,1.430351457288452e-07,0.1687341590347648
2759,0.0,4.0,3,0.00021131046266507344,4.0,8.27694722542395e-08,8.27694722542395e-08,3.657410872751116e-07,0.10461412947473109,2.2782537386887575e-07,0.047630590036017606,1.4294285736167105e-07,0.16862528928849038
2760,15.0,0.0,3,0.000497172238921352,15.0,1.9474039910746262e-07,1.9474039910746262e-07,3.657727509562426e-07,0.10462318634187763,2.27793652125692e-07,0.047623958091036436,1.4285062854030063e-07,0.1685164897865679
2761,168.0,4.0,3,0.0029583583089673737,172.0,1.158777245972336e-06,1.158777245972336e-06,3.6580440665753204e-07,0.10463224092652378,2.2776194628825568e-07,0.047617329471409765,1.427584592263142e-07,0.16840776048367473
2762,2.0,16.0,3,0.00030474648383059755,18.0,1.1936799209972485e-07,1.1936799209972485e-07,3.6583605438851525e-07,0.10464129323139695,2.277302563428347e-07,0.047610704174266716,1.426663493813165e-07,0.16829910133451736
2763,13.0,24.0,3,0.0011281134733164106,37.0,4.4187758453443423e-07,4.4187758453443423e-07,3.658676941587147e-07,0.10465034325922087,2.276985822757142e-07,0.047604082196739936,1.4257429896693751e-07,0.16819051229383167
2764,7.0,0.0,3,0.00013072889223406524,7.0,5.120598990758528e-08,5.120598990758528e-08,3.658993259776388e-07,0.1046593910127153,2.2766692407319597e-07,0.04759746353596561,1.4248230794483166e-07,0.16808199331638252
2765,4.0,6.0,3,0.00032621957384490843,10.0,1.277789165079939e-07,1.277789165079939e-07,3.659309498547844e-07,0.10466843649459663,2.2763528172159814e-07,0.04759084818908331,1.4239037627667816e-07,0.16797354435696416
2766,10.0,5.0,3,0.0006426744467558372,15.0,2.517330382905747e-07,2.517330382905747e-07,3.659625657996333e-07,0.10467747970757697,2.2760365520725625e-07,0.047584236153236266,1.4229850392418094e-07,0.16786516537039992
2767,14.0,13.0,3,0.0009418268734526784,27.0,3.689098603418247e-07,3.689098603418247e-07,3.659941738216557e-07,0.10468652065436511,2.2757204451652212e-07,0.047577627425571103,1.4220669084906878e-07,0.16775685631154233
2768,3.0,0.0,3,4.745934316269063e-05,3.0,1.8589636961492608e-08,1.8589636961492608e-08,3.6602577393030737e-07,0.10469555933766572,2.2754044963576424e-07,0.04757102200323794,1.4211493701309493e-07,0.16764861713527296
2769,0.0,2.0,3,3.163956210846042e-05,2.0,1.2393091307661739e-08,1.2393091307661739e-08,3.660573661350319e-07,0.10470459576017997,2.2750887055136808e-07,0.04756441988339043,1.4202324237803748e-07,0.1675404477965025
2770,3.0,53.0,3,0.0008859077390368917,56.0,3.470065566145287e-07,3.470065566145287e-07,3.6608895044525957e-07,0.10471362992460527,2.2747730724973543e-07,0.047557821063185644,1.419316069056991e-07,0.1674323482501709
2771,39.0,1.0,3,0.0008326954907137461,40.0,3.261635294609268e-07,3.261635294609268e-07,3.661205268704075e-07,0.1047226618336352,2.274457597172849e-07,0.047551225539784185,1.4184003055790718e-07,0.16732431845124696
2772,3.0,11.0,3,0.00028144820932258423,14.0,1.1024215014593977e-07,1.1024215014593977e-07,3.661520954198792e-07,0.10473169148995948,2.2741422794045169e-07,0.047544633310350096,1.4174851329651374e-07,0.1672163583547287
2773,3.0,0.0,3,6.74497680171444e-05,3.0,2.641980729226181e-08,2.641980729226181e-08,3.6618365610306643e-07,0.10474071889626446,2.2738271190568725e-07,0.04753804437205085,1.416570550833953e-07,0.16710846791564304
2774,2.0,0.0,3,5.1629986962914183e-05,2.0,2.0223261638430936e-08,2.0223261638430936e-08,3.6621520892934686e-07,0.10474974405523248,2.2735121159945991e-07,0.04753145872205741,1.41565655880453e-07,0.167000647089046
2775,4.0,0.0,3,8.32695490713746e-05,4.0,3.2616352946092675e-08,3.2616352946092675e-08,3.6624675390808546e-07,0.10475876696954223,2.2731972700825425e-07,0.04752487635754418,1.4147431564961272e-07,0.16689289583002262
2776,10.0,3.0,3,0.0006497511690494505,13.0,2.5450496241654937e-07,2.5450496241654937e-07,3.662782910486343e-07,0.10476778764186871,2.2728825811857164e-07,0.04751829727568904,1.413830343528248e-07,0.1667852140936869
2777,33.0,0.0,3,0.0005220527747895969,33.0,2.044860065764187e-07,2.044860065764187e-07,3.663098203603329e-07,0.10477680607488332,2.2725680491692967e-07,0.04751172147367328,1.4129181195206402e-07,0.1666776018351817
2778,4.0,6.0,3,0.00017818823539675588,10.0,6.97956268690779e-08,6.97956268690779e-08,3.663413418525073e-07,0.10478582227125366,2.2722536738986225e-07,0.04750514894868159,1.412006484093299e-07,0.166570059009679
2779,40.0,2.0,3,0.0022646867378859174,42.0,8.87068835834672e-07,8.87068835834672e-07,3.663728555344706e-07,0.10479483623364354,2.2719394552392003e-07,0.04749857969790217,1.4110954368664631e-07,0.16646258557237956
2780,11.0,5.0,3,0.00037179448068757216,16.0,1.4563042721800712e-07,1.4563042721800712e-07,3.664043614155238e-07,0.1048038479647134,2.2716253930566963e-07,0.04749201371852654,1.4101849774606178e-07,0.16635518147851308
2781,15.0,0.0,3,0.0007813428554301797,15.0,3.060489053780571e-07,3.060489053780571e-07,3.664358595049541e-07,0.10481285746711963,2.2713114872169442e-07,0.04748545100774976,1.409275105496492e-07,0.16624784668333825
2782,15.0,0.0,3,0.0009774534080542162,15.0,3.8286463300204315e-07,3.8286463300204315e-07,3.664673498120365e-07,0.10482186474351525,2.2709977375859385e-07,0.04747889156277021,1.408365820595059e-07,0.16614058114214245
2783,4.0,2.0,3,0.00021359667014527007,6.0,8.366497067969842e-08,8.366497067969842e-08,3.664988323460327e-07,0.10483086979654938,2.2706841440298376e-07,0.04747233538078972,1.4074571223775389e-07,0.16603338481024205
2784,7.0,1.0,3,0.0002465007975605643,8.0,9.655338721526215e-08,9.655338721526215e-08,3.6653030711619216e-07,0.10483987262886767,2.2703707064149607e-07,0.04746578245901347,1.4065490104653927e-07,0.16592625764298213
2785,18.0,0.0,3,0.0005739849367123065,18.0,2.2482762895115805e-07,2.2482762895115805e-07,3.665617741317513e-07,0.10484887324311207,2.270057424607793e-07,0.04745923279465013,1.4056414844803296e-07,0.1658191995957368
2786,7.0,0.0,3,0.0003387315052455791,7.0,1.3267979053880888e-07,1.3267979053880888e-07,3.6659323340193395e-07,0.10485787164192086,2.26974429847498e-07,0.04745268638491169,1.4047345440442996e-07,0.16571221062390867
2787,13.0,0.0,3,0.0004948860314411555,13.0,1.9384490068200373e-07,1.9384490068200373e-07,3.6662468493595053e-07,0.10486686782792858,2.2694313278833277e-07,0.04744614322701352,1.403828188779498e-07,0.1656052906829293
2788,4.0,0.0,3,0.00026065424214779094,4.0,1.020972354672115e-07,1.020972354672115e-07,3.6665612874300016e-07,0.10487586180376644,2.2691185126998043e-07,0.04743960331817439,1.4029224183083643e-07,0.16549843972825903
2789,6.0,0.0,3,0.00039098136322168644,6.0,1.5314585320081725e-07,1.5314585320081725e-07,3.6668756483226717e-07,0.1048848535720615,2.2688058527915438e-07,0.0474330666556165,1.4020172322535807e-07,0.16539165771538686
2790,1.0,0.0,3,6.516356053694774e-05,1.0,2.5524308866802875e-08,2.5524308866802875e-08,3.667189932129257e-07,0.10489384313543784,2.2684933480258348e-07,0.047426533236565316,1.4011126302380732e-07,0.16528494459983054
2791,8.0,2.0,3,0.0006516356053694774,10.0,2.5524308866802877e-07,2.5524308866802877e-07,3.667504138941358e-07,0.10490283049651555,2.2681809982701303e-07,0.04742000305824972,1.4002086118850115e-07,0.16517830033713649
2792,0.0,0.0,3,0.0,0.0,0.0,0.0,3.6678182688504483e-07,0.10491181565791109,2.2678688033920453e-07,0.04741347611790199,1.3993051768178074e-07,0.16507172488287983
2793,35.0,2.0,3,0.001050680904512263,37.0,4.115475536671614e-07,4.115475536671614e-07,3.668132321947876e-07,0.10492079862223731,2.2675567632593517e-07,0.047406952412757684,1.3984023246601165e-07,0.16496521819266438
2794,2.0,0.0,3,0.0001009737664456317,2.0,3.955102485140294e-08,3.955102485140294e-08,3.668446298324873e-07,0.10492977939210374,2.267244877739985e-07,0.04740043194005578,1.3975000550358383e-07,0.1648587802221226
2795,8.0,0.0,3,0.0003251979316715456,8.0,1.2737874331043695e-07,1.2737874331043695e-07,3.6687601980725323e-07,0.10493875797011595,2.2669331467020384e-07,0.04739391469703856,1.3965983675691122e-07,0.1647524109269155
2796,7.0,0.0,3,0.0002800247959890516,7.0,1.096846047744033e-07,1.096846047744033e-07,3.6690740212818324e-07,0.10494773435887624,2.2666215700137646e-07,0.04738740068095162,1.395697261884322e-07,0.16464611026273276
2797,4.0,0.0,3,0.0001432408236347359,4.0,5.6106863938400274e-08,5.6106863938400274e-08,3.6693877680436216e-07,0.10495670856098316,2.2663101475435779e-07,0.04738088988904395,1.394796737606094e-07,0.16453987818529267
2798,4.0,1.0,3,0.0001590606046889661,5.0,6.230340959223114e-08,6.230340959223114e-08,3.669701438448622e-07,0.10496568057903166,2.26599887916005e-07,0.04737438231856784,1.3938967943592954e-07,0.164433714650342
2799,9.0,5.0,3,0.0008829364928890045,14.0,3.458427312530374e-07,3.458427312530374e-07,3.6700150325874383e-07,0.10497465041561334,2.265687764731911e-07,0.04736787796677886,1.392997431769037e-07,0.16432761961365625
2800,1.0,0.0,3,6.516356053694774e-05,1.0,2.5524308866802875e-08,2.5524308866802875e-08,3.670328550550539e-07,0.10498361807331591,2.2653768041280518e-07,0.047361376830935976,1.39209864946067e-07,0.1642215930310392
2801,3.0,0.0,3,0.00010743061772605193,3.0,4.208014795380021e-08,4.208014795380021e-08,3.6706419924282766e-07,0.10499258355472373,2.2650659972175202e-07,0.04735487890830142,1.3912004470597887e-07,0.16411563485832334
2802,7.0,0.0,3,0.0002506714413607878,7.0,9.818701189220048e-08,9.818701189220048e-08,3.670955358310881e-07,0.1050015468624177,2.2647553438695228e-07,0.04734838419614074,1.3903028241922277e-07,0.16400974505136962
2803,7.0,0.0,3,0.0003187410803911254,7.0,1.2484962020803972e-07,1.2484962020803972e-07,3.671268648288448e-07,0.10501050799897485,2.264444843953423e-07,0.047341892691722766,1.3894057804840643e-07,0.16390392356606745
2804,16.0,3.0,3,0.001238107650202007,19.0,4.849618684692546e-07,4.849618684692546e-07,3.671581862450962e-07,0.10501946696696902,2.2641344973387437e-07,0.04733540439231966,1.388509315561616e-07,0.1637981703583347
2805,2.0,1.0,3,0.00014614690212812567,3.0,5.724516338743661e-08,5.724516338743661e-08,3.671895000888278e-07,0.10502842376897041,2.263824303895164e-07,0.047328919295206856,1.3876134290514418e-07,0.16369248538411763
2806,16.0,0.0,3,0.0005223549497493922,16.0,2.0460436731272708e-07,2.0460436731272708e-07,3.6722080636901264e-07,0.10503737840754555,2.2635142634925206e-07,0.04732243739766308,1.3867181205803414e-07,0.16358686859939103
2807,60.0,3.0,3,0.0016980866142551924,63.0,6.651338089522885e-07,6.651338089522885e-07,3.6725210509461196e-07,0.10504633088525768,2.2632043760008057e-07,0.047315958696970306,1.3858233897753555e-07,0.16348131996015805
2808,4.0,2.0,3,0.00020423374037146008,6.0,7.999754812826482e-08,7.999754812826482e-08,3.6728339627457396e-07,0.10505528120466628,2.262894641290173e-07,0.04730948319041388,1.3849292362637672e-07,0.16337583942245024
2809,2.0,2.0,3,0.00011262290369963836,4.0,4.411394582829548e-08,4.411394582829548e-08,3.673146799178351e-07,0.10506422936832749,2.2625850592309255e-07,0.04730301087528229,1.384035659673096e-07,0.16327042694232743
2810,30.0,2.0,3,0.00203589015769961,32.0,7.9745012052472e-07,7.9745012052472e-07,3.6734595603331996e-07,0.105073175378794,2.2622756296935285e-07,0.04729654174886738,1.3831426596311054e-07,0.1631650824758779
2811,3.0,0.0,3,0.00010743061772605193,3.0,4.208014795380021e-08,4.208014795380021e-08,3.6737722462994003e-07,0.10508211923861482,2.2619663525485985e-07,0.04729007580846421,1.3822502357657965e-07,0.16305980597921824
2812,231.0,294.0,3,0.008565260576578759,525.0,3.354978682561206e-06,3.354978682561206e-06,3.674084857165952e-07,0.10509106095033563,2.2616572276669104e-07,0.047283613051371146,1.381358387705414e-07,0.16295459740849338
2813,4.0,0.0,3,0.00011262290369963836,4.0,4.411394582829548e-08,4.411394582829548e-08,3.674397393021725e-07,0.10510000051649838,2.2613482549194e-07,0.047277153474889755,1.3804671150784374e-07,0.16284945671987647
2814,65.0,4.0,3,0.0011808895219335095,69.0,4.6254975398884037e-07,4.6254975398884037e-07,3.674709853955479e-07,0.1051089379396419,2.2610394341771454e-07,0.04727069707632486,1.37957641751359e-07,0.162744383869569
2815,10.0,10.0,3,0.0004763190199202343,20.0,1.8657227572277097e-07,1.8657227572277097e-07,3.6750222400558417e-07,0.10511787322230128,2.2607307653113902e-07,0.04726424385298454,1.3786862946398343e-07,0.16263937881380067
2816,18.0,0.0,3,0.00030474648383059755,18.0,1.1936799209972485e-07,1.1936799209972485e-07,3.675334551411328e-07,0.10512680636700827,2.2604222481935286e-07,0.0472577938021801,1.3777967460863694e-07,0.16253444150882948
2817,8.0,9.0,3,0.0004288596767575437,17.0,1.6798263876127837e-07,1.6798263876127837e-07,3.675646788110323e-07,0.10513573737629105,2.2601138826951106e-07,0.04725134692122607,1.376907771482637e-07,0.16242957191094168
2818,17.0,1.0,3,0.0003247369086850513,18.0,1.2719816243049404e-07,1.2719816243049404e-07,3.6759589502411e-07,0.10514466625267449,2.2598056686878418e-07,0.04724490320744025,1.376019370458315e-07,0.16232476997645157
2819,1.0,0.0,3,6.516356053694774e-05,1.0,2.5524308866802875e-08,2.5524308866802875e-08,3.6762710378918053e-07,0.10515359299867985,2.2594976060435762e-07,0.04723846265814355,1.3751315426433222e-07,0.16222003566170176
2820,50.0,3.0,3,0.0010064701591768076,53.0,3.942303796227213e-07,3.942303796227213e-07,3.676583051150467e-07,0.10516251761682507,2.2591896946343295e-07,0.047232025270660234,1.374244287667816e-07,0.16211536892306305
2821,15.0,0.0,3,0.00023729671581345315,15.0,9.294818480746305e-08,9.294818480746305e-08,3.676894990104995e-07,0.10517144010962465,2.258881934332264e-07,0.04722559104231767,1.373357605162191e-07,0.16201076971693434
2822,83.0,3.0,3,0.001360501170663798,86.0,5.329029262294548e-07,5.329029262294548e-07,3.6772068548431714e-07,0.10518036047958944,2.2585743250097005e-07,0.04721915997044649,1.3724714947570818e-07,0.1619062379997426
2823,13.0,2.0,3,0.00038532805426160573,15.0,1.5093147444637905e-07,1.5093147444637905e-07,3.6775186454526664e-07,0.1051892787292271,2.2582668665391102e-07,0.04721273205238052,1.3715859560833608e-07,0.16180177372794305
2824,23.0,2.0,3,0.000731538052960968,25.0,2.8654056128514215e-07,2.8654056128514215e-07,3.677830362021035e-07,0.10519819486104202,2.257959558793117e-07,0.04720630728545674,1.3707009887721385e-07,0.1616973768580189
2825,40.0,0.0,3,0.0006327912421692084,40.0,2.478618261532348e-07,2.478618261532348e-07,3.6781420046356964e-07,0.10520710887753465,2.2576524016444979e-07,0.04719988566701536,1.3698165924547635e-07,0.16159304734648153
2826,8.0,1.0,3,0.0003997244219823033,9.0,1.5657047472867344e-07,1.5657047472867344e-07,3.6784535733839643e-07,0.10521602078120246,2.257345394966183e-07,0.04719346719439977,1.3689327667628225e-07,0.16148878514987028
2827,1.0,0.0,3,1.581978105423021e-05,1.0,6.196545653830869e-09,6.196545653830869e-09,3.678765068353031e-07,0.10522493057453944,2.2570385386312535e-07,0.04718705186495653,1.3680495113281389e-07,0.16138459022475254
2828,14.0,29.0,3,0.001321719718607227,43.0,5.177123848833635e-07,5.177123848833635e-07,3.6790764896299627e-07,0.10523383826003599,2.2567318325129444e-07,0.04718063967603541,1.367166825782775e-07,0.16128046252772382
2829,117.0,3.0,3,0.0018983737265076252,120.0,7.435854784597044e-07,7.435854784597044e-07,3.679387837301718e-07,0.10524274384017941,2.2564252764846387e-07,0.04717423062498928,1.36628470975903e-07,0.16117640201540753
2830,16.0,0.0,3,0.00025311649686768334,16.0,9.914473046129391e-08,9.914473046129391e-08,3.679699111455126e-07,0.10525164731745329,2.2561188704198754e-07,0.04716782470917426,1.3654031628894394e-07,0.16107240864445518
2831,10.0,0.0,3,0.00043553462789098726,10.0,1.705971907132735e-07,1.705971907132735e-07,3.680010312176908e-07,0.10526054869433814,2.255812614192341e-07,0.04716142192594957,1.3645221848067773e-07,0.16096848237154612
2832,1.0,2.0,3,9.680312264540815e-05,3.0,3.791740017446461e-08,3.791740017446461e-08,3.680321439553661e-07,0.10526944797331095,2.2555065076758738e-07,0.04715502227267759,1.3636417751440538e-07,0.1608646231533877
2833,51.0,3.0,3,0.001298362192272889,54.0,5.08563334223615e-07,5.08563334223615e-07,3.680632493671864e-07,0.10527834515684528,2.2552005507444643e-07,0.047148625746723884,1.362761933534516e-07,0.16076083094671526
2834,16.0,33.0,3,0.0010525060890059653,49.0,4.1226247121267735e-07,4.1226247121267735e-07,3.680943474617879e-07,0.10528724024741139,2.2548947432722528e-07,0.047142232345457155,1.3618826596116482e-07,0.16065710570829198
2835,25.0,6.0,3,0.0016746639202663573,31.0,6.559592323800851e-07,6.559592323800851e-07,3.6812543824779544e-07,0.10529613324747625,2.254589085133529e-07,0.047135842066249226,1.3610039530091704e-07,0.160553447394909
2836,2.0,1.0,3,0.00014614690212812567,3.0,5.724516338743661e-08,5.724516338743661e-08,3.6815652173382145e-07,0.10530502415950332,2.2542835762027325e-07,0.047129454906475056,1.3601258133610387e-07,0.16044985596338526
2837,3.0,1.0,3,0.00021131046266507344,4.0,8.27694722542395e-08,8.27694722542395e-08,3.6818759792846705e-07,0.10531391298595282,2.2539782163544542e-07,0.04712307086351276,1.3592482403014462e-07,0.1603463313705676
2838,12.0,4.0,3,0.0009932731891084464,16.0,3.89061178655874e-07,3.89061178655874e-07,3.6821866684032183e-07,0.10532279972928163,2.2536730054634346e-07,0.047116689934743584,1.3583712334648219e-07,0.16024287357333078
2839,2.0,8.0,3,0.00020754159002501962,10.0,8.12932197512807e-08,8.12932197512807e-08,3.6824972847796364e-07,0.10533168439194332,2.2533679434045607e-07,0.04711031211755184,1.3574947924858304e-07,0.1601394825285773
2840,26.0,3.0,3,0.0005081174300553936,29.0,1.9902758717406721e-07,1.9902758717406721e-07,3.6828078284995795e-07,0.1053405669763879,2.2530630300528724e-07,0.04710393740932503,1.3566189169993717e-07,0.1600361581932374
2841,10.0,3.0,3,0.00025500093318771023,13.0,9.98828567127733e-08,9.98828567127733e-08,3.6831182996485995e-07,0.1053494474850624,2.252758265283556e-07,0.04709756580745373,1.355743606640582e-07,0.15993290052426926
2842,50.0,11.0,3,0.0010143504237907603,61.0,3.9731704809665503e-07,3.9731704809665503e-07,3.6834286983121165e-07,0.10535832592041018,2.2524536489719477e-07,0.04709119730933163,1.354868861044833e-07,0.15982970947865874
2843,10.0,0.0,3,0.0003181212093779322,10.0,1.2460681918446229e-07,1.2460681918446229e-07,3.683739024575452e-07,0.10536720228487167,2.2521491809935298e-07,0.0470848319123555,1.3539946798477303e-07,0.1597265850134195
2844,8.0,0.0,3,0.0001665390981427492,8.0,6.523270589218535e-08,6.523270589218535e-08,3.6840492785237934e-07,0.10537607658088355,2.2518448612239375e-07,0.047078469613925276,1.3531210626851172e-07,0.1596235270855929
2845,9.0,2.0,3,0.0004513544089452175,11.0,1.7679373636710438e-07,1.7679373636710438e-07,3.684359460242227e-07,0.10538494881087955,2.2515406895389485e-07,0.0470721104114439,1.3522480091930692e-07,0.15952053565224802
2846,66.0,1.0,3,0.001059925330633424,67.0,4.1516855880666827e-07,4.1516855880666827e-07,3.6846695698157157e-07,0.10539381897728989,2.2512366658144916e-07,0.04706575430231746,1.3513755190078983e-07,0.15941761067048163
2847,4.0,0.0,3,6.327912421692084e-05,4.0,2.4786182615323478e-08,2.4786182615323478e-08,3.684979607329114e-07,0.10540268708254169,2.2509327899266421e-07,0.0470594012839551,1.3505035917661499e-07,0.15931475209741822
2848,6.0,0.0,3,0.00021486123545210386,6.0,8.416029590760041e-08,8.416029590760041e-08,3.6852895728671526e-07,0.10541155312905856,2.2506290617516216e-07,0.047053051353769054,1.349632227104606e-07,0.15921195989020998
2849,21.0,2.0,3,0.0005837496376462862,23.0,2.2865242367657117e-07,2.2865242367657117e-07,3.6855994665144555e-07,0.10542041711926099,2.2503254811658022e-07,0.047046704509174656,1.3487614246602806e-07,0.15910923400603658
2850,21.0,0.0,3,0.0004508933859587232,21.0,1.7661315548716147e-07,1.7661315548716147e-07,3.6859092883555255e-07,0.10542927905556607,2.2500220480456988e-07,0.047040360747590264,1.3478911840704235e-07,0.1590065744021055
2851,15.0,2.0,3,0.0010090929701626766,17.0,3.952577243097049e-07,3.952577243097049e-07,3.686219038474756e-07,0.10543813894038771,2.2497187622679748e-07,0.04703402006643732,1.3470215049725178e-07,0.15890398103565173
2852,0.0,0.0,3,0.0,0.0,0.0,0.0,3.686528716956424e-07,0.10544699677613653,2.2494156237094403e-07,0.04702768246314034,1.3461523870042802e-07,0.1588014538639379
2853,0.0,0.0,3,0.0,0.0,0.0,0.0,3.6868383238846924e-07,0.10545585256521985,2.2491126322470495e-07,0.047021347935126856,1.3452838298036626e-07,0.15869899284425423
2854,65.0,1.0,3,0.0011334301787708188,66.0,4.4396011702734774e-07,4.4396011702734774e-07,3.687147859343611e-07,0.10546470631004179,2.2488097877579058e-07,0.04701501647982751,1.344415833008849e-07,0.1585965979339184
2855,2.0,12.0,3,0.00026145778446813047,14.0,1.0241197981517057e-07,1.0241197981517057e-07,3.6874573234171156e-07,0.10547355801300319,2.2485070901192557e-07,0.04700868809467595,1.3435483962582567e-07,0.1584942690902757
2856,14.0,0.0,3,0.0009122898475172683,14.0,3.5734032413524025e-07,3.5734032413524025e-07,3.68776671618903e-07,0.10548240767650167,2.248204539208493e-07,0.04700236277710888,1.3426815191905382e-07,0.15839200627069894
2857,7.0,0.0,3,0.0002106905916518803,7.0,8.252667123066209e-08,8.252667123066209e-08,3.688076037743058e-07,0.10549125530293149,2.2479021349031537e-07,0.046996040524566005,1.3418152014445772e-07,0.15828980943258847
2858,31.0,1.0,3,0.0009660127653878033,32.0,3.783833785302794e-07,3.783833785302794e-07,3.6883852881627974e-07,0.10550010089468378,2.247599877080922e-07,0.04698972133449011,1.3409494426594912e-07,0.158187678533372
2859,68.0,22.0,3,0.0025262937651153172,90.0,9.89539273449008e-07,9.89539273449008e-07,3.6886944675317375e-07,0.10550894445414663,2.247297765619626e-07,0.046983405204326985,1.3400842424746308e-07,0.15808561353050488
2860,20.0,0.0,3,0.0003163956210846042,20.0,1.239309130766174e-07,1.239309130766174e-07,3.6890035759332413e-07,0.10551778598370445,2.2469958003972365e-07,0.04697709213152543,1.339219600529579e-07,0.15798361438146977
2861,14.0,1.0,3,0.0007307345106406284,15.0,2.862258169371831e-07,2.862258169371831e-07,3.6893126134505637e-07,0.10552662548573871,2.2466939812918732e-07,0.04697078211353732,1.3383555164641507e-07,0.15788168104377684
2862,67.0,1.0,3,0.001095735536542108,68.0,4.2919527479126834e-07,4.2919527479126834e-07,3.6896215801668563e-07,0.10553546296262774,2.2463923081817942e-07,0.04696447514781746,1.3374919899183947e-07,0.15777981347496364
2863,66.0,2.0,3,0.0012556589353777381,68.0,4.918366374374219e-07,4.918366374374219e-07,3.689930476165151e-07,0.10554429841674655,2.2460907809454056e-07,0.04695817123182372,1.3366290205325898e-07,0.15767801163259512
2864,23.0,2.0,3,0.0007434301133484454,25.0,2.911986342923797e-07,2.911986342923797e-07,3.6902393015283685e-07,0.10555313185046694,2.2457893994612562e-07,0.04695187036301696,1.3357666079472495e-07,0.15757627547426362
2865,105.0,2.0,3,0.0017127069976570863,107.0,6.708605552906722e-07,6.708605552906722e-07,3.690548056339312e-07,0.10556196326615738,2.2454881636080372e-07,0.04694557253886105,1.3349047518031176e-07,0.1574746049575888
2866,6.0,12.0,3,0.0011236003101823418,18.0,4.4010979638947977e-07,4.4010979638947977e-07,3.690856740680689e-07,0.10557079266618356,2.2451870732645843e-07,0.04693927775682283,1.33404345174117e-07,0.15737300004021781
2867,0.0,0.0,3,0.0,0.0,0.0,0.0,3.6911653546350743e-07,0.10557962005290741,2.244886128309877e-07,0.04693298601437217,1.3331827074026148e-07,0.15727146067982495
2868,13.0,0.0,3,0.00040556140224953037,13.0,1.588567968074933e-07,1.588567968074933e-07,3.69147389828495e-07,0.10558844542868819,2.2445853286230348e-07,0.04692669730898188,1.3323225184288905e-07,0.15716998683411187
2869,6.0,1.0,3,0.0002600343711345978,7.0,1.0185443444363408e-07,1.0185443444363408e-07,3.691782371712679e-07,0.10559726879588174,2.2442846740833217e-07,0.04692041163812777,1.3314628844616675e-07,0.15706857846080757
2870,37.0,3.0,3,0.001968866984123083,40.0,7.711974085871849e-07,7.711974085871849e-07,3.692090775000513e-07,0.10560609015684072,2.243984164570144e-07,0.046914128999288644,1.3306038051428485e-07,0.1569672355176683
2871,24.0,0.0,3,0.0008688078715822254,24.0,3.4030860618183524e-07,3.4030860618183524e-07,3.6923991082305925e-07,0.10561490951391467,2.243683799963049e-07,0.046907849389946216,1.3297452801145654e-07,0.15686595796247763
2872,50.0,17.0,3,0.004267270997010063,67.0,1.6714731676498485e-06,1.6714731676498485e-06,3.6927073714849467e-07,0.10562372686944989,2.2433835801417312e-07,0.04690157280758532,1.3288873090191816e-07,0.15676474575304616
2873,7.0,2.0,3,0.0003997244219823033,9.0,1.5657047472867344e-07,1.5657047472867344e-07,3.693015564845504e-07,0.10563254222578973,2.2430835049860165e-07,0.046895299249693545,1.3280298914992924e-07,0.15666359884721193
2874,35.0,0.0,3,0.0007829499400708587,35.0,3.0667839407397524e-07,3.0667839407397524e-07,3.6933236883940695e-07,0.10564135558527415,2.2427835743758825e-07,0.0468890287137616,1.327173027197722e-07,0.1565625172028401
2875,25.0,1.0,3,0.0004806485117471567,26.0,1.882681205433438e-07,1.882681205433438e-07,3.6936317422123425e-07,0.10565016695024004,2.2424837881914426e-07,0.04688276119728306,1.3263167157575266e-07,0.15646150077782303
2876,123.0,3.0,3,0.0020732541122508216,126.0,8.120854337057664e-07,8.120854337057664e-07,3.693939726381916e-07,0.1056589763230212,2.2421841463129535e-07,0.046876496697754504,1.325460956821992e-07,0.15636054953008022
2877,2.0,0.0,3,0.0001009737664456317,2.0,3.955102485140294e-08,3.955102485140294e-08,3.694247640984273e-07,0.10566778370594833,2.241884648620811e-07,0.04687023521267542,1.3246057500346323e-07,0.15625966341755831
2878,3.0,0.0,3,0.00016613732698257945,3.0,6.507533371820582e-08,6.507533371820582e-08,3.6945554861007836e-07,0.10567658910134886,2.2415852949955523e-07,0.046863976739548244,1.3237510950391953e-07,0.15615884239823116
2879,1.0,0.0,3,6.516356053694774e-05,1.0,2.5524308866802875e-08,2.5524308866802875e-08,3.6948632618127105e-07,0.1056853925115472,2.241286085317856e-07,0.046857721275878346,1.3228969914796564e-07,0.15605808643009966
2880,14.0,0.0,3,0.0005694125217519132,14.0,2.2303663210024018e-07,2.2303663210024018e-07,3.6951709682012027e-07,0.10569419393886446,2.2409870194685411e-07,0.046851468819174076,1.3220434390002212e-07,0.15595739547119186
2881,6.0,16.0,3,0.0006347349303155598,22.0,2.4862316111067755e-07,2.4862316111067755e-07,3.69547860534731e-07,0.10570299338561896,2.240688097328564e-07,0.046845219366946626,1.3211904372453244e-07,0.1558567694795628
2882,14.0,1.0,3,0.000497172238921352,15.0,1.9474039910746262e-07,1.9474039910746262e-07,3.6957861733319657e-07,0.10571179085412566,2.2403893187790237e-07,0.046838972916710186,1.3203379858596306e-07,0.1557562084132947
2883,23.0,0.0,3,0.0009266269634116414,23.0,3.6295611571157126e-07,3.6295611571157126e-07,3.696093672235996e-07,0.10572058634669644,2.2400906837011572e-07,0.04683272946598181,1.3194860844880334e-07,0.15565571223049673
2884,11.0,0.0,3,0.0002433517959337036,11.0,9.531993573588077e-08,9.531993573588077e-08,3.696401102140119e-07,0.1057293798656401,2.2397921919763412e-07,0.0468264890122815,1.3186347327756562e-07,0.15555528088930518
2885,58.0,0.0,3,0.0009175473011453521,58.0,3.5939964792219044e-07,3.5939964792219044e-07,3.6967084631249475e-07,0.10573817141326247,2.2394938434860917e-07,0.046820251553132144,1.31778393036785e-07,0.1554549143478832
2886,94.0,1.0,3,0.0015028792001518698,95.0,5.886718371139326e-07,5.886718371139326e-07,3.6970157552709815e-07,0.10574696099186609,2.2391956381120643e-07,0.04681401708605957,1.316933676910196e-07,0.1553546125644211
2887,13.0,9.0,3,0.0009520525973731525,22.0,3.7291523594718073e-07,3.7291523594718073e-07,3.697322978658614e-07,0.10575574860375048,2.2388975757360536e-07,0.046807785608592486,1.3160839720485032e-07,0.15525437549713608
2888,5.0,1.0,3,0.0001348995360342888,6.0,5.283961458452362e-08,5.283961458452362e-08,3.697630133368135e-07,0.10576453425121218,2.2385996562399898e-07,0.04680155711826247,1.3152348154288102e-07,0.15515420310427233
2889,5.0,2.0,3,0.0003187410803911254,7.0,1.2484962020803972e-07,1.2484962020803972e-07,3.6979372194797215e-07,0.10577331793654454,2.238301879505944e-07,0.04679533161260401,1.3143862066973827e-07,0.15505409534410097
2890,33.0,3.0,3,0.0008162310153658752,36.0,3.1971445960277133e-07,3.1971445960277133e-07,3.6982442370734437e-07,0.10578209966203782,2.2380042454161252e-07,0.04678910908915451,1.3135381455007152e-07,0.15495405217492003
2891,2.0,0.0,3,0.00013032712107389547,2.0,5.104861773360575e-08,5.104861773360575e-08,3.6985511862292696e-07,0.10579087942997939,2.237706753852882e-07,0.04678288954545427,1.3126906314855298e-07,0.15485407355505443
2892,34.0,0.0,3,0.0006565505396637158,34.0,2.571682489869627e-07,2.571682489869627e-07,3.698858067027052e-07,0.1057996572426533,2.2374094046986946e-07,0.04677667297904635,1.3118436642987782e-07,0.15475415944285606
2893,138.0,13.0,3,0.007984624445590296,151.0,3.1275458071250673e-06,3.1275458071250673e-06,3.6991648795465466e-07,0.10580843310234078,2.2371121978361878e-07,0.04677045938747683,1.3109972435876394e-07,0.15465430979670364
2894,21.0,0.0,3,0.000480246740586987,21.0,1.8811074836936428e-07,1.8811074836936428e-07,3.6994716238673886e-07,0.10581720701131979,2.236815133148121e-07,0.046764248768294596,1.3101513689995147e-07,0.15455452457500266
2895,8.0,0.0,3,0.00026649122241501804,8.0,1.0438355754603136e-07,1.0438355754603136e-07,3.6997783000691237e-07,0.10582597897186548,2.2365182105173885e-07,0.04675804111905138,1.309306040182042e-07,0.15445480373618556
2896,48.0,4.0,3,0.0010693475122335585,52.0,4.1885919006406524e-07,4.1885919006406524e-07,3.700084908231178e-07,0.10583474898624974,2.236221429827024e-07,0.0467518364373018,1.3084612567830812e-07,0.15435514723871158
2897,4.0,3.0,3,0.00030811358531048156,7.0,1.206868724287041e-07,1.206868724287041e-07,3.7003914484328775e-07,0.10584351705674153,2.2359247909601968e-07,0.046745634720603314,1.3076170184507203e-07,0.15425555504106672
2898,15.0,9.0,3,0.0005970402880868488,24.0,2.3385831887459806e-07,2.3385831887459806e-07,3.700697920753444e-07,0.10585228318560692,2.2356282938002145e-07,0.0467394359665163,1.3067733248332741e-07,0.15415602710176385
2899,4.0,0.0,3,0.00021131046266507344,4.0,8.27694722542395e-08,8.27694722542395e-08,3.701004325271987e-07,0.10586104737510865,2.2353319382305173e-07,0.04673324017260387,1.3059301755792842e-07,0.15405656337934245
2900,1.0,2.0,3,0.00019549068161084322,3.0,7.657292660040863e-08,7.657292660040863e-08,3.701310662067515e-07,0.10586980962750667,2.235035724134685e-07,0.04672704733643207,1.3050875703375195e-07,0.1539571638323689
2901,16.0,4.0,3,0.0008098334159117796,20.0,3.1720854520633747e-07,3.1720854520633747e-07,3.7016169312189294e-07,0.10587856994505776,2.2347396513964313e-07,0.04672085745556976,1.3042455087569756e-07,0.15385782841943627
2902,0.0,0.0,3,0.0,0.0,0.0,0.0,3.701923132805027e-07,0.10588732833001584,2.2344437198996067e-07,0.04671467052758864,1.3034039904868749e-07,0.15375855709916436
2903,13.0,0.0,3,0.00037494348231443284,13.0,1.468638786973885e-07,1.468638786973885e-07,3.7022292669044966e-07,0.10589608478463162,2.2341479295281956e-07,0.046708486550063204,1.3025630151766644e-07,0.1536593498301996
2904,3.0,0.0,3,9.680312264540815e-05,3.0,3.791740017446461e-08,3.791740017446461e-08,3.7025353335959283e-07,0.10590483931115308,2.233852280166318e-07,0.04670230552057081,1.301722582476019e-07,0.15356020657121516
2905,40.0,1.0,3,0.0008766040610894063,41.0,3.433623427690585e-07,3.433623427690585e-07,3.7028413329578053e-07,0.10591359191182506,2.233556771698232e-07,0.046696127436691666,1.300882692034839e-07,0.15346112728091088
2906,23.0,2.0,3,0.0011756320683054258,25.0,4.6049043020189024e-07,4.6049043020189024e-07,3.703147265068498e-07,0.10592234258888925,2.2332614040083243e-07,0.04668995229600871,1.3000433435032507e-07,0.15336211191801322
2907,13.0,0.0,3,0.0003056092779772615,13.0,1.197059451536473e-07,1.197059451536473e-07,3.703453130006281e-07,0.10593109134458455,2.232966176981123e-07,0.0466837800961078,1.2992045365316065e-07,0.1532631604412753
2908,9.0,2.0,3,0.0004526189742520512,11.0,1.7728906159500634e-07,1.7728906159500634e-07,3.703758927849325e-07,0.10593983818114688,2.232671090501285e-07,0.04667761083457751,1.2983662707704834e-07,0.15316427280947684
2909,27.0,1.0,3,0.0006228676932085297,28.0,2.439748112841871e-07,2.439748112841871e-07,3.704064658675695e-07,0.10594858310080921,2.2323761444536048e-07,0.04667144450900928,1.2975285458706843e-07,0.1530654489814241
2910,5.0,1.0,3,0.00023358709499972385,6.0,9.149514101046763e-08,9.149514101046763e-08,3.704370322563348e-07,0.10595732610580132,2.2320813387230105e-07,0.04666528111699734,1.2966913614832382e-07,0.15296668891595003
2911,0.0,0.0,3,0.0,0.0,0.0,0.0,3.7046759195901394e-07,0.10596606719835017,2.231786673194561e-07,0.04665912065613866,1.2958547172593987e-07,0.15286799257191408
2912,0.0,0.0,3,0.0,0.0,0.0,0.0,3.704981449833827e-07,0.10597480638067985,2.2314921477534542e-07,0.04665296312403312,1.2950186128506437e-07,0.1527693599082022
2913,7.0,12.0,3,0.001139420091236572,19.0,4.4630634204331064e-07,4.4630634204331064e-07,3.705286913372057e-07,0.10598354365501135,2.231197762285017e-07,0.0466468085182833,1.2941830479086772e-07,0.15267079088372693
2914,29.0,48.0,3,0.0015579603637014402,77.0,6.102469109680533e-07,6.102469109680533e-07,3.705592310282373e-07,0.10599227902356263,2.230903516674711e-07,0.04664065683649458,1.293348022085426e-07,0.15257228545742732
2915,3.0,0.0,3,4.745934316269063e-05,3.0,1.8589636961492608e-08,1.8589636961492608e-08,3.705897640642223e-07,0.106001012488549,2.2306094108081294e-07,0.046634508076275095,1.2925135350330455e-07,0.1524738435882689
2916,12.0,0.0,3,0.00048716461485390146,12.0,1.9082045235170445e-07,1.9082045235170445e-07,3.7062029045289397e-07,0.10600974405218241,2.2303154445710013e-07,0.04662836223523584,1.2916795864039104e-07,0.15237546523524367
2917,2.0,0.0,3,3.163956210846042e-05,2.0,1.2393091307661739e-08,1.2393091307661739e-08,3.706508102019771e-07,0.1060184737166724,2.2300216178491867e-07,0.04662221931099051,1.2908461758506231e-07,0.15227715035737008
2918,18.0,0.0,3,0.00030474648383059755,18.0,1.1936799209972485e-07,1.1936799209972485e-07,3.7068132331918395e-07,0.10602720148422495,2.229727930528676e-07,0.046616079301155584,1.2900133030260092e-07,0.15217889891369304
2919,31.0,0.0,3,0.0008277213045931829,31.0,3.2421516043602937e-07,3.2421516043602937e-07,3.7071182981221844e-07,0.10603592735704365,2.2294343824955943e-07,0.046609942203350296,1.289180967583118e-07,0.15208071086328387
2920,8.0,8.0,3,0.0005997875185535398,16.0,2.3493439817999992e-07,2.3493439817999992e-07,3.707423296887732e-07,0.10604465133732881,2.2291409736361982e-07,0.04660380801519667,1.2883491691752236e-07,0.15198258616524035
2921,9.0,0.0,3,0.0001423780294880719,9.0,5.5768910884477824e-08,5.5768910884477824e-08,3.707728229565314e-07,0.1060533734272781,2.2288477038368767e-07,0.04659767673431947,1.2875179074558224e-07,0.15188452477868655
2922,14.0,0.0,3,0.00022147693475922293,14.0,8.675163915363217e-08,8.675163915363217e-08,3.7080330962316494e-07,0.10606209362908593,2.228554572984148e-07,0.04659154835834618,1.2866871820786353e-07,0.15178652666277298
2923,3.0,8.0,3,0.00023398886615989362,11.0,9.165251318444717e-08,9.165251318444717e-08,3.708337896963372e-07,0.10607081194494428,2.2282615809646644e-07,0.04658542288490709,1.2858569926976067e-07,0.15168859177667654
2924,1.0,0.0,3,1.581978105423021e-05,1.0,6.196545653830869e-09,6.196545653830869e-09,3.708642631836994e-07,0.10607952837704165,2.2279687276652095e-07,0.04657930031163522,1.2850273389669042e-07,0.1515907200796004
2925,0.0,0.0,3,0.0,0.0,0.0,0.0,3.70894730092894e-07,0.10608824292756407,2.2276760129726932e-07,0.04657318063616624,1.284198220540918e-07,0.15149291153077407
2926,9.0,1.0,3,0.00030622914899045467,10.0,1.199487461772247e-07,1.199487461772247e-07,3.7092519043155314e-07,0.10609695559869453,2.227383436774163e-07,0.0465670638561387,1.2833696370742619e-07,0.1513951660894534
2927,7.0,0.0,3,0.00011073846737961146,7.0,4.3375819576816086e-08,4.3375819576816086e-08,3.7095564420729825e-07,0.10610566639261307,2.2270909989567924e-07,0.04656094996919377,1.282541588221772e-07,0.15129748371492047
2928,86.0,1.0,3,0.001396311376572482,87.0,5.469296422140548e-07,5.469296422140548e-07,3.709860914277412e-07,0.10611437531149691,2.2267986994078862e-07,0.046554838972975375,1.2817140736385077e-07,0.1511998643664837
2929,17.0,1.0,3,0.00042468903295732015,18.0,1.6634901408434005e-07,1.6634901408434005e-07,3.710165321004839e-07,0.10612308235752045,2.2265065380148808e-07,0.0465487308651302,1.2808870929797513e-07,0.15110230800347774
2930,0.0,0.0,3,0.0,0.0,0.0,0.0,3.7104696623311753e-07,0.10613178753285502,2.2262145146653417e-07,0.046542625643307606,1.2800606459010057e-07,0.15100481458526344
2931,37.0,4.0,3,0.0026717059820148574,41.0,1.0464966635389179e-06,1.0464966635389179e-06,3.7107739383322396e-07,0.10614049083966928,2.2259226292469632e-07,0.04653652330515968,1.2792347320579978e-07,0.1509073840712279
2932,13.0,1.0,3,0.0006187563012346307,14.0,2.423643953132122e-07,2.423643953132122e-07,3.711078149083742e-07,0.10614919228012881,2.2256308816475718e-07,0.046530423848341225,1.278409351106676e-07,0.1508100164207844
2933,9.0,9.0,3,0.0011729440896650592,18.0,4.594375596024517e-07,4.594375596024517e-07,3.7113822946613034e-07,0.10615789185639661,2.225339271755121e-07,0.046524327270509744,1.277584502703211e-07,0.15071271159337252
2934,5.0,0.0,3,7.909890527115104e-05,5.0,3.098272826915435e-08,3.098272826915435e-08,3.7116863751404337e-07,0.10616658957063252,2.2250477994576953e-07,0.04651823356932546,1.2767601865039957e-07,0.15061546954845786
2935,0.0,2.0,3,0.00013032712107389547,2.0,5.104861773360575e-08,5.104861773360575e-08,3.7119903905965483e-07,0.10617528542499366,2.2247564646435056e-07,0.046512142742451246,1.2759364021656426e-07,0.1505182902455322
2936,3.0,0.0,3,0.00019549068161084322,3.0,7.657292660040863e-08,7.657292660040863e-08,3.712294341104965e-07,0.10618397942163436,2.2244652672008958e-07,0.04650605478755274,1.2751131493449888e-07,0.15042117364411356
2937,7.0,1.0,3,0.0002745895868819943,8.0,1.0755565486956298e-07,1.0755565486956298e-07,3.7125982267408967e-07,0.106192671562706,2.224174207018334e-07,0.0464999697022982,1.2742904276990905e-07,0.15032411970374598
2938,83.0,0.0,3,0.0013330322523555612,83.0,5.221434595987314e-07,5.221434595987314e-07,3.712902047579459e-07,0.10620136185035711,2.2238832839844212e-07,0.046493887484358634,1.2734682368852264e-07,0.15022712838399968
2939,13.0,14.0,3,0.0015832960067280063,27.0,6.201707821104607e-07,6.201707821104607e-07,3.713205803695674e-07,0.10621005028673357,2.223592497987883e-07,0.046487808131407675,1.2726465765608953e-07,0.15013019964447083
2940,0.0,0.0,3,0.0,0.0,0.0,0.0,3.713509495164455e-07,0.10621873687397815,2.2233018489175746e-07,0.04648173164112167,1.2718254463838183e-07,0.1500333334447818
2941,5.0,0.0,3,0.0002671110934282112,5.0,1.0462635856960877e-07,1.0462635856960877e-07,3.7138131220606213e-07,0.10622742161423092,2.22301133666248e-07,0.04647565801117964,1.271004846011936e-07,0.149936529744581
2942,9.0,1.0,3,0.0006516356053694774,10.0,2.5524308866802877e-07,2.5524308866802877e-07,3.714116684458893e-07,0.10623610450962916,2.2227209611117095e-07,0.04646958723926325,1.2701847751034107e-07,0.1498397885035428
2943,9.0,0.0,3,0.0003222918531781558,9.0,1.2624044386140063e-07,1.2624044386140063e-07,3.714420182433893e-07,0.10624478556230729,2.2224307221545015e-07,0.046463519323056854,1.2693652333166254e-07,0.1497431096813677
2944,1.0,0.0,3,1.581978105423021e-05,1.0,6.196545653830869e-09,6.196545653830869e-09,3.7147236160601445e-07,0.10625346477439697,2.2221406196802212e-07,0.046457454260247465,1.2685462203101823e-07,0.14964649323778206
2945,10.0,5.0,3,0.0008987562739432348,15.0,3.520392769068683e-07,3.520392769068683e-07,3.7150269854120694e-07,0.10626214214802687,2.221850653578362e-07,0.04645139204852475,1.2677277357429045e-07,0.14954993913253833
2946,12.0,0.0,3,0.0004297224709042077,12.0,1.6832059181520083e-07,1.6832059181520083e-07,3.715330290564001e-07,0.10627081768532319,2.2215608237385432e-07,0.04644533268558103,1.2669097792738355e-07,0.1494534473254149
2947,0.0,0.0,3,0.0,0.0,0.0,0.0,3.7156335315901616e-07,0.10627949138840893,2.221271130050512e-07,0.046439276169111275,1.2660923505622393e-07,0.14935701777621618
2948,2.0,2.0,3,0.0001432408236347359,4.0,5.6106863938400274e-08,5.6106863938400274e-08,3.7159367085646856e-07,0.1062881632594046,2.2209815724041404e-07,0.0464332224968131,1.265275449267598e-07,0.14926065044477235
2949,20.0,0.0,3,0.0003163956210846042,20.0,1.239309130766174e-07,1.239309130766174e-07,3.716239821561605e-07,0.10629683330042773,2.2206921506894286e-07,0.04642717166638677,1.2644590750496152e-07,0.14916434529093964
2950,4.0,4.0,3,0.00020651994785165673,8.0,8.089304655372374e-08,8.089304655372374e-08,3.7165428706548566e-07,0.10630550151359315,2.2204028647965035e-07,0.04642112367553521,1.263643227568213e-07,0.14906810227460016
2951,0.0,3.0,3,4.745934316269063e-05,3.0,1.8589636961492608e-08,1.8589636961492608e-08,3.716845855918278e-07,0.10631416790101293,2.2201137146156153e-07,0.04641507852196392,1.2628279064835332e-07,0.14897192135566184
2952,24.0,2.0,3,0.001459425736934531,26.0,5.716512874792523e-07,5.716512874792523e-07,3.71714877742561e-07,0.10632283246479624,2.2198247000371413e-07,0.04640903620338108,1.262013111455938e-07,0.14887580249405863
2953,0.0,0.0,3,0.0,0.0,0.0,0.0,3.7174516352505027e-07,0.10633149520704972,2.2195358209515854e-07,0.046402996717497466,1.2611988421460056e-07,0.14877974564975013
2954,10.0,13.0,3,0.001381348473836743,23.0,5.410687324076549e-07,5.410687324076549e-07,3.717754429466493e-07,0.10634015612987681,2.2192470772495765e-07,0.04639696006202652,1.260385098214537e-07,0.14868375078272192
2955,1.0,2.0,3,9.680312264540815e-05,3.0,3.791740017446461e-08,3.791740017446461e-08,3.7180571601470414e-07,0.10634881523537869,2.218958468821869e-07,0.04639092623468427,1.2595718793225495e-07,0.14858781785298533
2956,1.0,1.0,3,3.163956210846042e-05,2.0,1.2393091307661739e-08,1.2393091307661739e-08,3.7183598273654926e-07,0.10635747252565327,2.2186699955593417e-07,0.046384895233189366,1.2587591851312806e-07,0.14849194682057756
2957,3.0,1.0,3,0.00021131046266507344,4.0,8.27694722542395e-08,8.27694722542395e-08,3.7186624311951157e-07,0.10636612800279628,2.2183816573529971e-07,0.04637886705526305,1.257947015302185e-07,0.1483961376455615
2958,0.0,0.0,3,0.0,0.0,0.0,0.0,3.7189649717090646e-07,0.1063747816689002,2.218093454093966e-07,0.04637284169862922,1.2571353694969373e-07,0.14830039028802589
2959,55.0,4.0,3,0.0012613122443378188,59.0,4.940510161918601e-07,4.940510161918601e-07,3.719267448980406e-07,0.10638343352605495,2.2178053856734993e-07,0.04636681916101431,1.2563242473774288e-07,0.14820470470808514
2960,4.0,0.0,3,6.327912421692084e-05,4.0,2.4786182615323478e-08,2.4786182615323478e-08,3.7195698630821097e-07,0.1063920835763477,2.2175174519829765e-07,0.04636079944014742,1.2555136486057706e-07,0.14810908086587948
2961,0.0,2.0,3,3.163956210846042e-05,2.0,1.2393091307661739e-08,1.2393091307661739e-08,3.7198722140870474e-07,0.10640073182186288,2.2172296529138988e-07,0.04635478253376021,1.2547035728442908e-07,0.14801351872157487
2962,1.0,0.0,3,1.581978105423021e-05,1.0,6.196545653830869e-09,6.196545653830869e-09,3.720174502068003e-07,0.10640937826468229,2.2169419883578896e-07,0.04634876843958691,1.2538940197555353e-07,0.1479180182353628
2963,4.0,0.0,3,0.0001619666831823559,4.0,6.344170904126748e-08,6.344170904126748e-08,3.7204767270976514e-07,0.10641802290688471,2.2166544582067026e-07,0.04634275715536442,1.253084989002268e-07,0.14782257936746065
2964,7.0,10.0,3,0.0008329728423930938,17.0,3.2627216701648797e-07,3.2627216701648797e-07,3.720778889248584e-07,0.10642666575054646,2.2163670623522077e-07,0.04633674867883214,1.2522764802474708e-07,0.14772720207811138
2965,5.0,4.0,3,0.0005864720448325296,9.0,2.2971877980122584e-07,2.2971877980122584e-07,3.721080988593294e-07,0.10643530679774112,2.2160798006864023e-07,0.046330743007732086,1.2514684931543429e-07,0.14763188632758364
2966,20.0,15.0,3,0.0014056932137985665,35.0,5.50604470739744e-07,5.50604470739744e-07,3.7213830252041734e-07,0.10644394605053935,2.2157926731014058e-07,0.04632474013980884,1.2506610273862998e-07,0.1475366320761716
2967,0.0,0.0,3,0.0,0.0,0.0,0.0,3.7216849991535254e-07,0.10645258351100924,2.2155056794894627e-07,0.04631874007280959,1.249854082606975e-07,0.14744143928419517
2968,7.0,2.0,3,0.00028231100346924826,9.0,1.1058010319986222e-07,1.1058010319986222e-07,3.721986910513563e-07,0.10646121918121632,2.215218819742936e-07,0.04631274280448402,1.2490476584802192e-07,0.14734630791199982
2969,1.0,1.0,3,3.163956210846042e-05,2.0,1.2393091307661739e-08,1.2393091307661739e-08,3.7222887593563904e-07,0.106469853063223,2.2149320937543158e-07,0.046306748332584455,1.2482417546701e-07,0.14725123791995662
2970,17.0,1.0,3,0.0006339562112756678,18.0,2.4831813994346565e-07,2.4831813994346565e-07,3.722590545754031e-07,0.10647848515908943,2.2146455014162135e-07,0.04630075665486577,1.2474363708409015e-07,0.14715622926846222
2971,3.0,3.0,3,0.0003616280085934227,6.0,1.4164826031861445e-07,1.4164826031861445e-07,3.722892269778409e-07,0.10648711547087285,2.2143590426213615e-07,0.04629476776908536,1.2466315066571236e-07,0.14706128191793874
2972,3.0,11.0,3,0.000320164493724658,14.0,1.2540716557957618e-07,1.2540716557957618e-07,3.7231939315013506e-07,0.10649574400062772,2.214072717262615e-07,0.04628878167300318,1.2458271617834845e-07,0.14696639582883395
2973,3.0,2.0,3,9.908933012560482e-05,5.0,3.8812898599923544e-08,3.8812898599923544e-08,3.7234955309945955e-07,0.1065043707504061,2.2137865252329518e-07,0.04628279836438177,1.245023335884917e-07,0.14687157096162107
2974,6.0,1.0,3,0.0003281040101649353,7.0,1.285170427594733e-07,1.285170427594733e-07,3.7237970683297807e-07,0.10651299572225695,2.2135004664254714e-07,0.04627681784098619,1.2442200286265714e-07,0.14677680727679884
2975,10.0,0.0,3,0.0001581978105423021,10.0,6.19654565383087e-08,6.19654565383087e-08,3.72409854357846e-07,0.106521618918227,2.2132145407333945e-07,0.04627084010058405,1.2434172396738128e-07,0.1466821047348915
2976,7.0,5.0,3,0.0006645493079303178,12.0,2.603013348728233e-07,2.603013348728233e-07,3.7243999568120835e-07,0.10653024034035997,2.2129287480500615e-07,0.046264865140945466,1.2426149686922233e-07,0.1465874632964487
2977,60.0,4.0,3,0.00407178031539922,64.0,1.59490024104944e-06,1.59490024104944e-06,3.724701308102017e-07,0.10653885999069714,2.212643088268939e-07,0.046258892959843166,1.2418132153475998e-07,0.14649288292204563
2978,12.0,4.0,3,0.00045302074541222104,16.0,1.7744643376898592e-07,1.7744643376898592e-07,3.725002597519524e-07,0.1065474778712769,2.2123575612836085e-07,0.046252923555052325,1.2410119793059561e-07,0.14639836357228286
2979,11.0,5.0,3,0.000905213125223655,16.0,3.545684000092656e-07,3.545684000092656e-07,3.7253038251357786e-07,0.10655609398413504,2.2120721669877788e-07,0.04624695692435073,1.2402112602335204e-07,0.14630390520778647
2980,2.0,0.0,3,7.162041181736795e-05,2.0,2.8053431969200137e-08,2.8053431969200137e-08,3.7256049910218696e-07,0.10656470833130496,2.2117869052752734e-07,0.0462409930655186,1.2394110577967368e-07,0.1462095077892078
2981,6.0,16.0,3,0.000605381575687296,22.0,2.3712556822847475e-07,2.3712556822847475e-07,3.7259060952487796e-07,0.10657332091481699,2.211501776040041e-07,0.046235031976338756,1.238611371662264e-07,0.14611517127722365
2982,11.0,1.0,3,0.0006339313879952203,12.0,2.483084167627185e-07,2.483084167627185e-07,3.7262071378874094e-07,0.10658193173669911,2.2112167791761473e-07,0.04622907365459647,1.2378122014969763e-07,0.1460208956325362
2983,21.0,1.0,3,0.0007265886901208524,22.0,2.8460191544099193e-07,2.8460191544099193e-07,3.726508119008556e-07,0.10659054079897638,2.2109319145777817e-07,0.0462231180980796,1.2370135469679635e-07,0.14592668081587307
2984,11.0,1.0,3,0.00022981822235967003,12.0,9.001888850750883e-08,9.001888850750883e-08,3.7268090386829386e-07,0.1065991481036716,2.2106471821392485e-07,0.0462171653045784,1.2362154077425285e-07,0.145832526787987
2985,4.0,0.0,3,0.00026065424214779094,4.0,1.020972354672115e-07,1.020972354672115e-07,3.7271098969811724e-07,0.10660775365280459,2.210362581754976e-07,0.04621121527188575,1.2354177834881904e-07,0.14573843350965623
2986,3.0,3.0,3,0.0003616280085934227,6.0,1.4164826031861445e-07,1.4164826031861445e-07,3.7274106939737884e-07,0.10661635744839276,2.2100781133195136e-07,0.046205267997797,1.2346206738726823e-07,0.14564440094168427
2987,52.0,1.0,3,0.0014637208002155765,53.0,5.733336467746089e-07,5.733336467746089e-07,3.727711429731215e-07,0.10662495949245063,2.2097937767275224e-07,0.04619932348010989,1.2338240785639518e-07,0.1455504290448999
2988,18.0,7.0,3,0.0008046659532186405,25.0,3.151844705125893e-07,3.151844705125893e-07,3.728012104323802e-07,0.1066335597869904,2.2095095718737952e-07,0.046193381716624876,1.2330279972301611e-07,0.14545651778015725
2989,3.0,0.0,3,6.74497680171444e-05,3.0,2.641980729226181e-08,2.641980729226181e-08,3.7283127178217975e-07,0.10664215833402144,2.2092254986532312e-07,0.04618744270514467,1.232232429539685e-07,0.1453626671083355
2990,22.0,4.0,3,0.0016942525739606412,26.0,6.636320305368747e-07,6.636320305368747e-07,3.7286132702953653e-07,0.10665075513555064,2.2089415569608548e-07,0.04618150644347459,1.2314373751611145e-07,0.14526887699033933
2991,1.0,8.0,3,0.0005371282653498121,9.0,2.1039101658825387e-07,2.1039101658825387e-07,3.728913761814574e-07,0.10665935019358219,2.2086577466918114e-07,0.046175572929422454,1.230642833763252e-07,0.1451751473870985
2992,0.0,0.0,3,0.0,0.0,0.0,0.0,3.729214192449397e-07,0.10666794351011759,2.208374067741359e-07,0.04616964216079849,1.2298488050151156e-07,0.145081478259568
2993,4.0,3.0,3,0.0004267915691303704,7.0,1.6717256918541732e-07,1.6717256918541732e-07,3.729514562269727e-07,0.10667653508715598,2.208090520004879e-07,0.046163714135415465,1.229055288585936e-07,0.14498786956872797
2994,12.0,5.0,3,0.0011077805291281116,17.0,4.339132507356489e-07,4.339132507356489e-07,3.729814871345354e-07,0.1066851249266936,2.2078071033778692e-07,0.046157788851088594,1.2282622841451577e-07,0.14489432127558383
2995,4.0,0.0,3,0.00021131046266507344,4.0,8.27694722542395e-08,8.27694722542395e-08,3.730115119745986e-07,0.10669371303072434,2.2075238177559458e-07,0.04615186630563556,1.2274697913624378e-07,0.14480083334116606
2996,0.0,0.0,3,0.0,0.0,0.0,0.0,3.7304153075412355e-07,0.10670229940123932,2.207240663034842e-07,0.04614594649687649,1.2266778099076477e-07,0.14470740572653037
2997,9.0,3.0,3,0.00040973204604975396,12.0,1.6049042148443164e-07,1.6049042148443164e-07,3.730715434800632e-07,0.10671088404022733,2.20695763911041e-07,0.046140029422634024,1.225886339450871e-07,0.14461403839275758
2998,2.0,0.0,3,8.098334159117794e-05,2.0,3.172085452063374e-08,3.172085452063374e-08,3.731015501593598e-07,0.10671946694967409,2.2066747458786193e-07,0.04613411508073322,1.225095379662404e-07,0.14452073130095353
2999,39.0,3.0,3,0.001276546582924733,42.0,5.000182463473298e-07,5.000182463473298e-07,3.731315507989488e-07,0.10672804813156336,2.2063919832355547e-07,0.046128203469001566,1.2243049302127562e-07,0.14442748441224923
3000,3.0,0.0,3,4.745934316269063e-05,3.0,1.8589636961492608e-08,1.8589636961492608e-08,3.731615454057551e-07,0.1067366275878759,2.2061093510774232e-07,0.046122294585269105,1.22351499077265e-07,0.1443342976878008
3001,1.0,5.0,3,0.00011490911117983501,6.0,4.5009444253754414e-08,4.5009444253754414e-08,3.731915339866949e-07,0.10674520532058997,2.2058268493005428e-07,0.0461163884273682,1.2227255610130191e-07,0.14424117108878934
3002,2.0,0.0,3,5.1629986962914183e-05,2.0,2.0223261638430936e-08,2.0223261638430936e-08,3.7322151654867565e-07,0.10675378133168133,2.2055444778013514e-07,0.0461104849931337,1.22193664060501e-07,0.14414810457642105
3003,71.0,3.0,3,0.001617286943971161,74.0,6.334848977560364e-07,6.334848977560364e-07,3.732514930985956e-07,0.10676235562312311,2.2052622364764074e-07,0.04610458428040301,1.2211482292199827e-07,0.14405509811192718
3004,13.0,4.0,3,0.0005488022258842663,17.0,2.1496366074589356e-07,2.1496366074589356e-07,3.732814636433445e-07,0.10677092819688601,2.2049801252223767e-07,0.04609868628701575,1.220360326529507e-07,0.14396215165656392
3005,0.0,2.0,3,0.00013032712107389547,2.0,5.104861773360575e-08,5.104861773360575e-08,3.733114281898023e-07,0.10677949905493793,2.2046981439360517e-07,0.046092791010814205,1.2195729322053664e-07,0.14386926517161253
3006,0.0,0.0,3,0.0,0.0,0.0,0.0,3.7334138674484115e-07,0.10678806819924452,2.204416292514332e-07,0.04608689844964289,1.2187860459195553e-07,0.14377643861837924
3007,0.0,0.0,3,0.0,0.0,0.0,0.0,3.733713393153232e-07,0.1067966356317686,2.2041345708542403e-07,0.0460810086013489,1.21799966734428e-07,0.14368367195819517
3008,4.0,2.0,3,0.00017488038574319632,6.0,6.8499955246062e-08,6.8499955246062e-08,3.734012859081028e-07,0.10680520135447072,2.20385297885291e-07,0.04607512146378164,1.217213796151958e-07,0.14359096515241648
3009,19.0,0.0,3,0.00044860717847852656,19.0,1.7571765706170252e-07,1.7571765706170252e-07,3.734312265300245e-07,0.10681376536930867,2.2035715164075937e-07,0.04606923703479301,1.2164284320152186e-07,0.14349831816242425
3010,180.0,2.0,3,0.0028792001518698983,182.0,1.1277713089972184e-06,1.1277713089972184e-06,3.7346116118792425e-07,0.10682232767823774,2.2032901834156577e-07,0.04606335531223728,1.2156435746069022e-07,0.14340573094962447
3011,6.0,1.0,3,0.00013072889223406524,7.0,5.120598990758528e-08,5.120598990758528e-08,3.734910898886292e-07,0.10683088828321076,2.203008979774586e-07,0.0460574762939712,1.2148592236000604e-07,0.143313203475448
3012,2.0,0.0,3,3.163956210846042e-05,2.0,1.2393091307661739e-08,1.2393091307661739e-08,3.7352101263895787e-07,0.106839447186178,2.2027279053819744e-07,0.04605159997785383,1.2140753786679548e-07,0.14322073570135055
3013,5.0,1.0,3,0.00029229380425625133,6.0,1.1449032677487322e-07,1.1449032677487322e-07,3.7355092944571984e-07,0.10684800438908726,2.2024469601355346e-07,0.04604572636174668,1.213292039484059e-07,0.14312832758881283
3014,6.0,3.0,3,0.000339753147418942,9.0,1.3307996373636584e-07,1.3307996373636584e-07,3.735808403157151e-07,0.10685655989388354,2.202166143933095e-07,0.04603985544351368,1.2125092057220575e-07,0.14303597909934032
3015,4.0,43.0,3,0.0008128639138859911,47.0,3.1839557927379207e-07,3.1839557927379207e-07,3.7361074525573664e-07,0.10686511370250991,2.201885456672597e-07,0.04603398722102113,1.2117268770558443e-07,0.14294369019446337
3016,1.0,4.0,3,9.908933012560482e-05,5.0,3.8812898599923544e-08,3.8812898599923544e-08,3.736406442725665e-07,0.10687366581690623,2.2016048982520992e-07,0.046028121692137776,1.2109450531595233e-07,0.14285146083573705
3017,14.0,0.0,3,0.0005175396116555281,14.0,2.027182184314642e-07,2.027182184314642e-07,3.7367053737297987e-07,0.1068822162390104,2.20132446856977e-07,0.04602225885473467,1.2101637337074106e-07,0.14275929098474135
3018,1.0,0.0,3,3.5810205908683974e-05,1.0,1.4026715984600068e-08,1.4026715984600068e-08,3.7370042456374185e-07,0.10689076497075752,2.2010441675238959e-07,0.04601639870668532,1.2093829183740313e-07,0.14266718060308106
3019,0.0,0.0,3,0.0,0.0,0.0,0.0,3.737303058516092e-07,0.10689931201408019,2.2007639950128755e-07,0.046010541245865594,1.2086026068341207e-07,0.14257512965238567
3020,2.0,0.0,3,0.00013032712107389547,2.0,5.104861773360575e-08,5.104861773360575e-08,3.7376018124333033e-07,0.10690785737090873,2.2004839509352225e-07,0.046004686470153745,1.2078227987626232e-07,0.14248313809430938
3021,8.0,0.0,3,0.00031583500189773554,8.0,1.2371132075900334e-07,1.2371132075900334e-07,3.737900507456445e-07,0.10691640104317078,2.2002040351895635e-07,0.0459988343774304,1.207043493834694e-07,0.14239120589053128
3022,5.0,34.0,3,0.0006863056654521494,39.0,2.688232140431451e-07,2.688232140431451e-07,3.7381991436528243e-07,0.10692494303279153,2.1999242476746387e-07,0.04599298496557856,1.206264691725698e-07,0.1422993330027551
3023,10.0,0.0,3,0.00017818823539675588,10.0,6.97956268690779e-08,6.97956268690779e-08,3.7384977210896634e-07,0.10693348334169377,2.1996445882892989e-07,0.04598713823248354,1.2054863921112086e-07,0.1422075193927093
3024,1.0,11.0,3,0.0001898373726507625,12.0,7.435854784597043e-08,7.435854784597043e-08,3.7387962398340887e-07,0.10694202197179754,2.199365056932515e-07,0.04598129417603316,1.2047085946670093e-07,0.14211576502214698
3025,28.0,2.0,3,0.0008943923535704353,30.0,3.5032994656107923e-07,3.5032994656107923e-07,3.7390946999531556e-07,0.10695055892502085,2.1990856535033653e-07,0.045975452794117494,1.203931299069092e-07,0.142024069852846
3026,2.0,11.0,3,0.0002256475785594465,13.0,8.83852638305705e-08,8.83852638305705e-08,3.7393931015138184e-07,0.10695909420327882,2.198806377901043e-07,0.045969614084629,1.2031545049936583e-07,0.14193243384660878
3027,5.0,1.0,3,0.00011490911117983501,6.0,4.5009444253754414e-08,4.5009444253754414e-08,3.73969144458295e-07,0.10696762780848422,2.1985272300248533e-07,0.0459637780454625,1.202378212117119e-07,0.1418408569652625
3028,17.0,3.0,3,0.000676223268464772,20.0,2.64873979030463e-07,2.64873979030463e-07,3.739989729227342e-07,0.10697615974254754,2.1982482097742147e-07,0.045957944674515167,1.2016024201160926e-07,0.14174933917065893
3029,4.0,1.0,3,0.00020840438417168365,5.0,8.163117280520315e-08,8.163117280520315e-08,3.740287955513695e-07,0.10698469000737662,2.197969317048657e-07,0.04595211396968651,1.2008271286674075e-07,0.1416578804246744
3030,19.0,1.0,3,0.0006655957733841282,20.0,2.6071123125112735e-07,2.6071123125112735e-07,3.740586123508623e-07,0.10699321860487683,2.1976905517478213e-07,0.04594628592887837,1.2000523374480996e-07,0.14156648068920988
3031,1.0,7.0,3,0.0001759020279165592,8.0,6.890012844361896e-08,6.890012844361896e-08,3.74088423327866e-07,0.10700174553695128,2.1974119137714657e-07,0.045940460549995024,1.1992780461354134e-07,0.14147513992619093
3032,3.0,0.0,3,9.680312264540815e-05,3.0,3.791740017446461e-08,3.791740017446461e-08,3.7411822848902414e-07,0.10701027080550025,2.1971334030194537e-07,0.04593463783094297,1.1985042544068023e-07,0.14138385809756765
3033,13.0,0.0,3,0.00036558055254062285,13.0,1.431964561459549e-07,1.431964561459549e-07,3.741480278409739e-07,0.1070187944124222,2.1968550193917652e-07,0.04592881776963109,1.1977309619399278e-07,0.1412926351653148
3034,17.0,3.0,3,0.0007549204025757533,20.0,2.956993351256378e-07,2.956993351256378e-07,3.741778213903414e-07,0.10702731635961239,2.19657676278849e-07,0.04592300036397063,1.1969581684126575e-07,0.1412014710914314
3035,7.0,0.0,3,0.000160082246862329,7.0,6.270358278978809e-08,6.270358278978809e-08,3.742076091437458e-07,0.10703583664896414,2.19629863310983e-07,0.04591718561187514,1.1961858735030696e-07,0.14111036583794134
3036,5.0,59.0,3,0.0010524468371796408,64.0,4.1223926250671397e-07,4.1223926250671397e-07,3.7423739110779744e-07,0.10704435528236823,2.1960206302560972e-07,0.04591137351126048,1.1954140768894483e-07,0.14101931936689274
3037,31.0,2.0,3,0.001040539255698561,33.0,4.075751099485158e-07,4.075751099485158e-07,3.742671672890982e-07,0.10705287226171302,2.195742754127714e-07,0.04590556406004481,1.194642778250285e-07,0.1409283316403584
3038,8.0,9.0,3,0.0005756264498988625,17.0,2.2547060317229241e-07,2.2547060317229241e-07,3.7429693769424135e-07,0.1070613875888844,2.1954650046252196e-07,0.045899757256148754,1.1938719772642806e-07,0.1408374026204354
3039,12.0,6.0,3,0.0010249127512169068,18.0,4.014542699635358e-07,4.014542699635358e-07,3.743267023298114e-07,0.10706990126576574,2.1951873816492536e-07,0.04589395309749502,1.1931016736103413e-07,0.1407465322692454
3040,10.0,1.0,3,0.00021399844130543986,11.0,8.382234285367796e-08,8.382234285367796e-08,3.7435646120238497e-07,0.1070784132942382,2.194909885100576e-07,0.04588815158200883,1.1923318669675809e-07,0.14065572054893455
3041,3.0,8.0,3,0.00027270515056196734,11.0,1.0681752861808356e-07,1.0681752861808356e-07,3.7438621431853006e-07,0.10708692367618043,2.1946325148800495e-07,0.04588235270761756,1.1915625570153207e-07,0.14056496742167326
3042,4.0,0.0,3,0.00021131046266507344,4.0,8.27694722542395e-08,8.27694722542395e-08,3.744159616848058e-07,0.10709543241346857,2.1943552708886555e-07,0.045876556472251064,1.1907937434330895e-07,0.14047427284965652
3043,1.0,6.0,3,0.000160082246862329,7.0,6.270358278978809e-08,6.270358278978809e-08,3.7444570330776333e-07,0.10710393950797646,2.1940781530274794e-07,0.04587076287384138,1.190025425900621e-07,0.14038363679510354
3044,4.0,0.0,3,0.00011262290369963836,4.0,4.411394582829548e-08,4.411394582829548e-08,3.7447543919394585e-07,0.10711244496157567,2.1938011611977146e-07,0.04586497191032278,1.1892576040978572e-07,0.14029305922025803
3045,17.0,1.0,3,0.0005539945118578527,18.0,2.1699745862038884e-07,2.1699745862038884e-07,3.7450516934988674e-07,0.10712094877613497,2.193524295300674e-07,0.04585918357963206,1.1884902777049461e-07,0.14020254008738808
3046,2.0,7.0,3,0.00016236845434252565,9.0,6.359908121524702e-08,6.359908121524702e-08,3.745348937821125e-07,0.10712945095352115,2.1932475552377693e-07,0.045853397879708074,1.1877234464022419e-07,0.14011207935878603
3047,2.0,1.0,3,4.745934316269063e-05,3.0,1.8589636961492608e-08,1.8589636961492608e-08,3.745646124971402e-07,0.10713795149559832,2.1929709409105282e-07,0.045847614808492095,1.186957109870305e-07,0.14002167699676857
3048,2.0,8.0,3,0.00029813078452347843,10.0,1.1677664885369308e-07,1.1677664885369308e-07,3.745943255014792e-07,0.10714645040422838,2.1926944522205848e-07,0.04584183436392762,1.1861912677899024e-07,0.13993133296367677
3049,5.0,0.0,3,0.0003258178026847387,5.0,1.2762154433401438e-07,1.2762154433401438e-07,3.746240328016304e-07,0.10715494768127076,2.1924180890696843e-07,0.04583605654396049,1.1854259198420062e-07,0.1398410472218759
3050,18.0,1.0,3,0.0011887638707192894,19.0,4.6563410525628256e-07,4.6563410525628256e-07,3.746537344040861e-07,0.1071634433285825,2.1921418513596806e-07,0.045830281346538784,1.1846610657077954e-07,0.13975081973375564
3051,1.0,0.0,3,3.5810205908683974e-05,1.0,1.4026715984600068e-08,1.4026715984600068e-08,3.746834303153303e-07,0.10717193734801828,2.1918657389925354e-07,0.045824508769612846,1.1838967050686547e-07,0.13966065046172985
3052,0.0,0.0,3,0.0,0.0,0.0,0.0,3.74713120541839e-07,0.1071804297414304,2.1915897518703205e-07,0.04581873881113535,1.1831328376061723e-07,0.13957053936823657
3053,8.0,0.0,3,0.0004038950657825268,8.0,1.5820409940561175e-07,1.5820409940561175e-07,3.7474280509007993e-07,0.10718892051066885,2.1913138898952158e-07,0.045812971469061194,1.1823694630021446e-07,0.13948048641573824
3054,0.0,0.0,3,0.0,0.0,0.0,0.0,3.747724839665118e-07,0.10719740965758105,2.1910381529695084e-07,0.04580720674134754,1.1816065809385719e-07,0.13939049156672143
3055,1.0,1.0,3,3.163956210846042e-05,2.0,1.2393091307661739e-08,1.2393091307661739e-08,3.7480215717758616e-07,0.10720589718401237,2.190762540995595e-07,0.04580144462595383,1.1808441910976599e-07,0.13930055478369693
3056,0.0,3.0,3,0.00019549068161084322,3.0,7.657292660040863e-08,7.657292660040863e-08,3.748318247297456e-07,0.10721438309180557,2.190487053875979e-07,0.04579568512084172,1.1800822931618192e-07,0.13921067602919968
3057,5.0,1.0,3,0.00014426246580809878,6.0,5.650703713595722e-08,5.650703713595722e-08,3.748614866294246e-07,0.10722286738280118,2.1902116915132732e-07,0.04578992822397521,1.1793208868136654e-07,0.13912085526578882
3058,1.0,8.0,3,0.00021171223382524318,9.0,8.292684442821903e-08,8.292684442821903e-08,3.7489114288304964e-07,0.10723135005883731,2.1899364538102005e-07,0.04578417393332053,1.1785599717360191e-07,0.13903109245604772
3059,4.0,1.0,3,0.00012844268475386856,5.0,5.031049148212634e-08,5.031049148212634e-08,3.749207934970382e-07,0.10723983112174965,2.189661340669585e-07,0.045778422246846084,1.1777995476119056e-07,0.13894138756258376
3060,0.0,5.0,3,7.909890527115104e-05,5.0,3.098272826915435e-08,3.098272826915435e-08,3.7495043847780065e-07,0.10724831057337174,2.189386351994364e-07,0.045772673162522606,1.1770396141245539e-07,0.13885174054802854
3061,3.0,0.0,3,4.745934316269063e-05,3.0,1.8589636961492608e-08,1.8589636961492608e-08,3.749800778317383e-07,0.10725678841553457,2.189111487687578e-07,0.04576692667832301,1.1762801709573985e-07,0.13876215137503775
3062,0.0,4.0,3,6.327912421692084e-05,4.0,2.4786182615323478e-08,2.4786182615323478e-08,3.750097115652451e-07,0.107265264650067,2.18883674765238e-07,0.045761182792222535,1.1755212177940775e-07,0.13867262000629113
3063,1.0,0.0,3,1.581978105423021e-05,1.0,6.196545653830869e-09,6.196545653830869e-09,3.7503933968470616e-07,0.10727373927879547,2.1885621317920233e-07,0.045755441502198554,1.1747627543184331e-07,0.13858314640449254
3064,9.0,9.0,3,0.0010249127512169068,18.0,4.014542699635358e-07,4.014542699635358e-07,3.750689621964987e-07,0.10728221230354398,2.1882876400098721e-07,0.04574970280623073,1.1740047802145123e-07,0.13849373053237
3065,1.0,0.0,3,1.581978105423021e-05,1.0,6.196545653830869e-09,6.196545653830869e-09,3.750985791069916e-07,0.10729068372613429,2.1880132722094004e-07,0.04574396670230103,1.1732472951665642e-07,0.1384043723526753
3066,0.0,1.0,3,1.581978105423021e-05,1.0,6.196545653830869e-09,6.196545653830869e-09,3.7512819042254566e-07,0.10729915354838579,2.1877390282941825e-07,0.04573823318839351,1.1724902988590434e-07,0.1383150718281846
3067,0.0,1.0,3,1.581978105423021e-05,1.0,6.196545653830869e-09,6.196545653830869e-09,3.7515779614951395e-07,0.10730762177211567,2.1874649081678998e-07,0.04573250226249449,1.1717337909766077e-07,0.13822582892169782
3068,0.0,1.0,3,1.581978105423021e-05,1.0,6.196545653830869e-09,6.196545653830869e-09,3.7518739629424124e-07,0.10731608839913874,2.1871909117343452e-07,0.0457267739225926,1.1709777712041173e-07,0.13813664359603905
3069,13.0,1.0,3,0.0006481096558628945,14.0,2.53861988195415e-07,2.53861988195415e-07,3.7521699086306366e-07,0.10732455343126734,2.1869170388974132e-07,0.04572104816667859,1.1702222392266374e-07,0.13804751581405628
3070,15.0,1.0,3,0.0006797492179713549,16.0,2.6625507950307674e-07,2.6625507950307674e-07,3.7524657986231046e-07,0.10733301687031188,2.186643289561104e-07,0.045715324992745436,1.169467194729435e-07,0.13795844553862147
3071,3.0,1.0,3,0.00012325039878028214,4.0,4.8276693607631076e-08,4.8276693607631076e-08,3.7527616329830146e-07,0.10734147871808,2.1863696636295283e-07,0.04570960439878841,1.1687126373979809e-07,0.13786943273263055
3072,0.0,4.0,3,6.327912421692084e-05,4.0,2.4786182615323478e-08,2.4786182615323478e-08,3.753057411773493e-07,0.10734993897637733,2.1860961610068957e-07,0.04570388638280487,1.1679585669179483e-07,0.1377804773590034
3073,2.0,1.0,3,9.680312264540815e-05,3.0,3.791740017446461e-08,3.791740017446461e-08,3.7533531350575815e-07,0.10735839764700711,2.1858227815975268e-07,0.04569817094279448,1.1672049829752139e-07,0.13769157938068383
3074,0.0,0.0,3,0.0,0.0,0.0,0.0,3.7536488028982483e-07,0.1073668547317704,2.1855495253058459e-07,0.045692458076759056,1.166451885255857e-07,0.13760273876063958
3075,8.0,1.0,3,0.0003516452078064195,9.0,1.377380367436034e-07,1.377380367436034e-07,3.7539444153583727e-07,0.10737531023246577,2.1852763920363784e-07,0.04568674778270257,1.1656992734461586e-07,0.1375139554618622
3076,10.0,1.0,3,0.00046198190402586126,11.0,1.8095648414643998e-07,1.8095648414643998e-07,3.754239972500758e-07,0.1073837641508896,2.1850033816937643e-07,0.045681040058631356,1.1649471472326026e-07,0.13742522944736718
3077,1.0,0.0,3,6.516356053694774e-05,1.0,2.5524308866802875e-08,2.5524308866802875e-08,3.7545354743881303e-07,0.10739221648883607,2.1847304941827368e-07,0.04567533490255371,1.1641955063018758e-07,0.13733656068019387
3078,2.0,6.0,3,0.00043324842041079066,8.0,1.6970169228781458e-07,1.6970169228781458e-07,3.7548309210831277e-07,0.10740066724809684,2.1844577294081452e-07,0.04566963231248035,1.1634443503408663e-07,0.1372479491234055
3079,8.0,1.0,3,0.0003222918531781558,9.0,1.2624044386140063e-07,1.2624044386140063e-07,3.7551263126483197e-07,0.10740911643046161,2.1841850872749344e-07,0.045663932286424,1.1626936790366647e-07,0.137159394740089
3080,14.0,1.0,3,0.0006252131525150509,15.0,2.4489351841560944e-07,2.4489351841560944e-07,3.755421649146194e-07,0.10741756403771771,2.1839125676881574e-07,0.04565823482239963,1.161943492076563e-07,0.13707089749335527
3081,0.0,1.0,3,1.581978105423021e-05,1.0,6.196545653830869e-09,6.196545653830869e-09,3.7557169306391453e-07,0.10742601007164988,2.1836401705529724e-07,0.045652539918424426,1.1611937891480557e-07,0.13698245734633896
3082,0.0,0.0,3,0.0,0.0,0.0,0.0,3.7560121571895046e-07,0.10743445453404095,2.1833678957746403e-07,0.04564684757251771,1.1604445699388383e-07,0.1368940742621985
3083,2.0,1.0,3,4.745934316269063e-05,3.0,1.8589636961492608e-08,1.8589636961492608e-08,3.756307328859517e-07,0.10744289742667137,2.1830957432585272e-07,0.04564115778270101,1.1596958341368085e-07,0.1368057482041161
3084,0.0,1.0,3,1.581978105423021e-05,1.0,6.196545653830869e-09,6.196545653830869e-09,3.7566024457113526e-07,0.10745133875131939,2.1828237129101015e-07,0.045635470546997986,1.1589475814300644e-07,0.13671747913529764
3085,14.0,2.0,3,0.0005329824448300361,16.0,2.0876711509206271e-07,2.0876711509206271e-07,3.756897507807096e-07,0.10745977850976086,2.1825518046349366e-07,0.0456297858634345,1.1581998115069057e-07,0.13662926701897285
3086,1.0,1.0,3,8.098334159117794e-05,2.0,3.172085452063374e-08,3.172085452063374e-08,3.7571925152087647e-07,0.10746821670376965,2.182280018338709e-07,0.04562410373003856,1.157452524055834e-07,0.13654111181839518
3087,3.0,1.0,3,0.00010325997392582837,4.0,4.044652327686187e-08,4.044652327686187e-08,3.75748746797828e-07,0.10747665333511695,2.1820083539271988e-07,0.04561842414484035,1.1567057187655513e-07,0.13645301349684177
3088,6.0,2.0,3,0.000275854152188828,8.0,1.0805098009746496e-07,1.0805098009746496e-07,3.757782366177497e-07,0.10748508840557203,2.1817368113062872e-07,0.04561274710587217,1.1559593953249593e-07,0.13636497201761336
3089,6.0,0.0,3,0.00039098136322168644,6.0,1.5314585320081725e-07,1.5314585320081725e-07,3.7580772098681955e-07,0.10749352191690194,2.1814653903819626e-07,0.045607072611168545,1.1552135534231627e-07,0.1362769873440345
3090,0.0,0.0,3,0.0,0.0,0.0,0.0,3.7583719991120645e-07,0.10750195387087123,2.1811940910603134e-07,0.045601400658766104,1.1544681927494653e-07,0.1361890594394534
3091,36.0,11.0,3,0.003062687345236544,47.0,1.1996425167397352e-06,1.1996425167397352e-06,3.758666733970724e-07,0.10751038426924246,2.1809229132475324e-07,0.04559573124670366,1.153723312993371e-07,0.13610118826724177
3092,15.0,3.0,3,0.0008207038341258941,18.0,3.214664450160181e-07,3.214664450160181e-07,3.7589614145057145e-07,0.10751881311377585,2.1806518568499139e-07,0.045590064373022134,1.1529789138445863e-07,0.13601337379079517
3093,18.0,17.0,3,0.002016544427138797,35.0,7.898724743982754e-07,7.898724743982754e-07,3.7592560407784963e-07,0.10752724040622941,2.180380921773854e-07,0.04558440003576459,1.1522349949930145e-07,0.13592561597353256
3094,3.0,0.0,3,0.00010743061772605193,3.0,4.208014795380021e-08,4.208014795380021e-08,3.7595506128504577e-07,0.10753566614835901,2.1801101079258547e-07,0.045578738232976305,1.1514915561287625e-07,0.13583791477889667
3095,2.0,4.0,3,0.00039098136322168644,6.0,1.5314585320081725e-07,1.5314585320081725e-07,3.75984513078289e-07,0.10754409034191781,2.1798394152125171e-07,0.04557307896270462,1.1507485969421343e-07,0.13575027017035374
3096,1.0,0.0,3,3.5810205908683974e-05,1.0,1.4026715984600068e-08,1.4026715984600068e-08,3.76013959463704e-07,0.10755251298865766,2.1795688435405437e-07,0.045567422222999,1.1500061171236354e-07,0.1356626821113936
3097,3.0,1.0,3,0.0001619666831823559,4.0,6.344170904126748e-08,6.344170904126748e-08,3.7604340044740473e-07,0.10756093409032735,2.1792983928167429e-07,0.045561768011911113,1.14926411636397e-07,0.1355751505655296
3098,3.0,1.0,3,0.0001526037534085459,4.0,5.977428648983388e-08,5.977428648983388e-08,3.7607283603549854e-07,0.10756935364867382,2.179028062948022e-07,0.04555611632749472,1.1485225943540429e-07,0.1354876754962987
3099,31.0,1.0,3,0.001448823065134335,32.0,5.674982628806639e-07,5.674982628806639e-07,3.7610226623408566e-07,0.1075777716654419,2.1787578538413886e-07,0.04555046716780566,1.1477815507849576e-07,0.13540025686726134
3100,3.0,0.0,3,0.00011679354749986193,3.0,4.5747570505233814e-08,4.5747570505233814e-08,3.7613169104925715e-07,0.10758618814237386,2.1784877654039565e-07,0.045544820530901996,1.1470409853480168e-07,0.13531289464200147
3101,25.0,0.0,3,0.0015997356587954298,25.0,6.266101287878691e-07,6.266101287878691e-07,3.7616111048709827e-07,0.10759460308121029,2.1782177975429356e-07,0.04553917641484379,1.1463008977347228e-07,0.13522558878412655
3102,14.0,0.0,3,0.00048818625702726437,14.0,1.912206255492614e-07,1.912206255492614e-07,3.7619052455368493e-07,0.10760301648368907,2.1779479501656412e-07,0.04553353481769334,1.1455612876367769e-07,0.13513833925726754
3103,2.0,5.0,3,0.0002094260263450465,7.0,8.203134600276008e-08,8.203134600276008e-08,3.762199332550859e-07,0.1076114283515461,2.177678223179488e-07,0.04552789573751498,1.1448221547460797e-07,0.1350511460250789
3104,22.0,2.0,3,0.000738237827374859,24.0,2.8916483641788444e-07,2.8916483641788444e-07,3.762493365973623e-07,0.10761983868651505,2.1774086164919897e-07,0.04552225917237514,1.144083498754729e-07,0.13496400905123834
3105,11.0,8.0,3,0.0005204705134293654,19.0,2.0386624106124772e-07,2.0386624106124772e-07,3.7627873458656777e-07,0.10762824749032747,2.177139130010766e-07,0.04551662512034246,1.1433453193550231e-07,0.13487692829944725
3106,3.0,2.0,3,0.00011907975498005858,5.0,4.664306893069274e-08,4.664306893069274e-08,3.763081272287487e-07,0.10763665476471283,2.1768697636435305e-07,0.04551099357948755,1.1426076162394578e-07,0.1347899037334303
3107,11.0,1.0,3,0.00040973204604975396,12.0,1.6049042148443164e-07,1.6049042148443164e-07,3.763375145299424e-07,0.107645060511398,2.1766005172981055e-07,0.04550536454788327,1.1418703891007281e-07,0.13470293531693567
3108,1.0,0.0,3,3.5810205908683974e-05,1.0,1.4026715984600068e-08,1.4026715984600068e-08,3.7636689649618003e-07,0.10765346473210807,2.1763313908824053e-07,0.04549973802360444,1.1411336376317263e-07,0.1346160230137348
3109,13.0,0.0,3,0.0004948860314411555,13.0,1.9384490068200373e-07,1.9384490068200373e-07,3.763962731334848e-07,0.10766186742856593,2.1760623843044495e-07,0.045494114004728047,1.1403973615255433e-07,0.13452916678762258
3110,26.0,10.0,3,0.002119159706770985,36.0,8.300664734708127e-07,8.300664734708127e-07,3.764256444478715e-07,0.10767026860249194,2.1757934974723562e-07,0.04548849248933315,1.1396615604754686e-07,0.1344423666024173
3111,0.0,9.0,3,0.00038909692690165955,9.0,1.5240772694933786e-07,1.5240772694933786e-07,3.7645501044534846e-07,0.10767866825560475,2.175524730294344e-07,0.04548287347550091,1.1389262341749882e-07,0.1343556224219605
3112,1.0,0.0,3,1.581978105423021e-05,1.0,6.196545653830869e-09,6.196545653830869e-09,3.764843711319159e-07,0.10768706638962058,2.1752560826787305e-07,0.04547725696131456,1.1381913823177878e-07,0.13426893421011718
3113,2.0,4.0,3,0.00014426246580809878,6.0,5.650703713595722e-08,5.650703713595722e-08,3.765137265135662e-07,0.10769546300625346,2.1749875545339365e-07,0.045471642944859496,1.1374570045977486e-07,0.13418230193077543
3114,7.0,2.0,3,0.00021171223382524318,9.0,8.292684442821903e-08,8.292684442821903e-08,3.7654307659628483e-07,0.10770385810721546,2.174719145768476e-07,0.04546603142422305,1.1367231007089512e-07,0.1340957255478469
3115,1.0,7.0,3,0.0001759020279165592,8.0,6.890012844361896e-08,6.890012844361896e-08,3.76572421386049e-07,0.10771225169421622,2.1744508562909676e-07,0.04546042239749474,1.135989670345672e-07,0.13400920502526634
3116,4.0,3.0,3,0.00045614492375863416,7.0,1.7867016206762013e-07,1.7867016206762013e-07,3.7660176088882947e-07,0.10772064376896359,2.1741826860101272e-07,0.045454815862766125,1.1352567132023858e-07,0.13392274032699186
3117,3.0,0.0,3,0.00019549068161084322,3.0,7.657292660040863e-08,7.657292660040863e-08,3.766310951105885e-07,0.107729034333163,2.1739146348347685e-07,0.04544921181813081,1.1345242289737644e-07,0.13383633141700482
3118,2.0,1.0,3,4.745934316269063e-05,3.0,1.8589636961492608e-08,1.8589636961492608e-08,3.7666042405728096e-07,0.1077374233885177,2.1736467026738073e-07,0.04544361026168453,1.133792217354676e-07,0.1337499782593098
3119,6.0,2.0,3,0.0004226209253301469,8.0,1.65538944508479e-07,1.65538944508479e-07,3.7668974773485445e-07,0.10774581093672894,2.1733788894362573e-07,0.045438011191525074,1.1330606780401864e-07,0.1336636808179346
3120,15.0,1.0,3,0.0004998353942812711,16.0,1.9578354652615397e-07,1.9578354652615397e-07,3.767190661492493e-07,0.10775419697949583,2.1731111950312287e-07,0.04543241460575224,1.1323296107255573e-07,0.1335774390569302
3121,10.0,13.0,3,0.0011533554359707753,23.0,4.5176476144566207e-07,4.5176476144566207e-07,3.767483793063979e-07,0.10776258151851523,2.172843619367933e-07,0.04542682050246795,1.1315990151062481e-07,0.1334912529403709
3122,4.0,2.0,3,0.00014426246580809878,6.0,5.650703713595722e-08,5.650703713595722e-08,3.7677768721222563e-07,0.107770964555482,2.172576162355678e-07,0.04542122887977613,1.130868890877913e-07,0.13340512243235397
3123,8.0,6.0,3,0.0007149147295863983,14.0,2.8002927128335227e-07,2.8002927128335227e-07,3.7680698987264985e-07,0.10777934609208871,2.1723088239038718e-07,0.04541563973578281,1.1301392377364047e-07,0.13331904749700005
3124,1.0,1.0,3,8.098334159117794e-05,2.0,3.172085452063374e-08,3.172085452063374e-08,3.7683628729358115e-07,0.10778772613002598,2.1720416039220184e-07,0.04541005306859603,1.1294100553777706e-07,0.1332330280984528
3125,8.0,5.0,3,0.000553592740697683,13.0,2.168400864464093e-07,2.168400864464093e-07,3.768655794809225e-07,0.10779610467098225,2.1717745023197215e-07,0.045404468876325904,1.1286813434982547e-07,0.1331470642008791
3126,7.0,2.0,3,0.00020234930405143317,9.0,7.925942187678542e-08,7.925942187678542e-08,3.768948664405688e-07,0.10780448171664365,2.171507519006681e-07,0.04539888715708457,1.1279531017942971e-07,0.1330611557684689
3127,1.0,9.0,3,0.00023815950996011715,10.0,9.328613786138548e-08,9.328613786138548e-08,3.7692414817840883e-07,0.1078128572686946,2.1712406538926998e-07,0.0453933079089863,1.1272253299625336e-07,0.1329753027654352
3128,3.0,1.0,3,8.32695490713746e-05,4.0,3.2616352946092675e-08,3.2616352946092675e-08,3.7695342470032237e-07,0.1078212313288169,2.1709739068876695e-07,0.045387731130147234,1.126498027699796e-07,0.13288950515601428
3129,1.0,4.0,3,0.0001590606046889661,5.0,6.230340959223114e-08,6.230340959223114e-08,3.7698269601218353e-07,0.10782960389869072,2.1707072779015854e-07,0.04538215681868569,1.1257711947031114e-07,0.13280376290446527
3130,47.0,2.0,3,0.003134307757053912,49.0,1.2276959487089353e-06,1.2276959487089353e-06,3.7701196211985763e-07,0.10783797497999377,2.1704407668445408e-07,0.04537658497272201,1.1250448306697028e-07,0.13271807597507057
3131,2.0,1.0,3,0.00013678397235431568,3.0,5.357774083600301e-08,5.357774083600301e-08,3.7704122302920393e-07,0.10784634457440194,2.1701743736267215e-07,0.045371015590378476,1.1243189352969874e-07,0.13263244433213536
3132,38.0,1.0,3,0.000735649444934867,39.0,2.881509772561171e-07,2.881509772561171e-07,3.7707047874607256e-07,0.10785471268358861,2.1699080981584137e-07,0.04536544866977949,1.1235935082825791e-07,0.13254686793998813
3133,5.0,2.0,3,0.0002494068760539541,7.0,9.76916866642985e-08,9.76916866642985e-08,3.770997292763081e-07,0.10786307930922552,2.1696419403500025e-07,0.04535988420905151,1.122868549324286e-07,0.13246134676298021
3134,4.0,8.0,3,0.00043655627006435017,12.0,1.7099736391083046e-07,1.7099736391083046e-07,3.7712897462574705e-07,0.10787144445298208,2.169375900111962e-07,0.045354322206322836,1.1221440581201114e-07,0.13237588076548598
3135,39.0,2.0,3,0.0007672890070433273,41.0,3.005440685637788e-07,3.005440685637788e-07,3.7715821480021855e-07,0.10787980811652564,2.1691099773548706e-07,0.04534876265972398,1.1214200343682538e-07,0.13229046991190285
3136,12.0,1.0,3,0.0002256475785594465,13.0,8.83852638305705e-08,8.83852638305705e-08,3.771874498055443e-07,0.1078881703015214,2.1688441719894012e-07,0.0453432055673874,1.1206964777671062e-07,0.13220511416665115
3137,9.0,29.0,3,0.0019240707963203113,38.0,7.536509190443836e-07,7.536509190443836e-07,3.772166796475394e-07,0.10789653100963265,2.1685784839263214e-07,0.04533765092744756,1.119973388015256e-07,0.13211981349417418
3138,15.0,1.0,3,0.0006091504483273498,16.0,2.386018207314335e-07,2.386018207314335e-07,3.772459043320106e-07,0.10790489024252034,2.1683129130764974e-07,0.04533209873804096,1.1192507648114849e-07,0.13203456785893816
3139,7.0,0.0,3,0.00011073846737961146,7.0,4.3375819576816086e-08,4.3375819576816086e-08,3.772751238647586e-07,0.10791324800184365,2.16804745935089e-07,0.04532654899730611,1.1185286078547698e-07,0.13194937722543232
3140,53.0,0.0,3,0.0008384483958742011,53.0,3.284169196530361e-07,3.284169196530361e-07,3.7730433825157597e-07,0.10792160428925945,2.167782122660553e-07,0.04532100170338343,1.1178069168442806e-07,0.13186424155816864
3141,1.0,4.0,3,0.00017905102954341988,5.0,7.013357992300035e-08,7.013357992300035e-08,3.7733354749824813e-07,0.10792995910642256,2.1675169029166443e-07,0.045315456854415535,1.1170856914793828e-07,0.13177916082168217
3142,2.0,1.0,3,6.74497680171444e-05,3.0,2.641980729226181e-08,2.641980729226181e-08,3.7736275161055364e-07,0.10793831245498585,2.1672518000304092e-07,0.04530991444854686,1.1163649314596343e-07,0.13169413498053073
3143,4.0,2.0,3,0.00015488996088874256,6.0,6.066978491529282e-08,6.066978491529282e-08,3.7739195059426333e-07,0.10794666433659995,2.1669868139131938e-07,0.04530437448392396,1.115644636484788e-07,0.13160916399929506
3144,0.0,2.0,3,0.0001009737664456317,2.0,3.955102485140294e-08,3.955102485140294e-08,3.7742114445514174e-07,0.10795501475291375,2.1667219444764364e-07,0.045298836958695306,1.1149248062547898e-07,0.13152424784257874
3145,5.0,1.0,3,0.0001842433155170063,6.0,7.21673777974956e-08,7.21673777974956e-08,3.774503331989448e-07,0.10796336370557358,2.1664571916316709e-07,0.04529330187101137,1.1142054404697802e-07,0.13143938647500822
3146,0.0,13.0,3,0.00020565715370499273,13.0,8.055509349980131e-08,8.055509349980131e-08,3.7747951683142277e-07,0.10797171119622423,2.1661925552905288e-07,0.045287769219024665,1.1134865388300919e-07,0.1313545798612327
3147,10.0,0.0,3,0.0003181212093779322,10.0,1.2460681918446229e-07,1.2460681918446229e-07,3.775086953583174e-07,0.10798005722650805,2.1659280353647346e-07,0.04528223900088965,1.1127681010362517e-07,0.13126982796592424
3148,31.0,73.0,3,0.0022037245602578135,104.0,8.63190192032046e-07,8.63190192032046e-07,3.775378687853641e-07,0.10798840179806554,2.1656636317661095e-07,0.0452767112147628,1.1120501267889803e-07,0.13118513075377775
3149,13.0,0.0,3,0.00024563800341390025,13.0,9.62154341613397e-08,9.62154341613397e-08,3.7756703711829086e-07,0.10799674491253512,2.165399344406567e-07,0.045271185858802535,1.1113326157891888e-07,0.13110048818951073
3150,13.0,5.0,3,0.0006620450005970978,18.0,2.5932040759776647e-07,2.5932040759776647e-07,3.7759620036281844e-07,0.1080050865715531,2.165135173198117e-07,0.04526566293116927,1.1106155677379845e-07,0.13101590023786364
3151,7.0,0.0,3,0.00011073846737961146,7.0,4.3375819576816086e-08,4.3375819576816086e-08,3.776253585246602e-07,0.10801342677675368,2.164871118052863e-07,0.04526014243002538,1.1098989823366663e-07,0.13093136686359963
3152,66.0,17.0,3,0.004594779959442253,83.0,1.7997571325664917e-06,1.7997571325664917e-06,3.776545116095239e-07,0.10802176552976948,2.1646071788830047e-07,0.04525462435353526,1.1091828592867254e-07,0.13084688803150454
3153,2.0,2.0,3,0.00012325039878028214,4.0,4.8276693607631076e-08,4.8276693607631076e-08,3.7768365962310805e-07,0.10803010283223048,2.1643433556008313e-07,0.0452491086998652,1.1084671982898455e-07,0.130762463706387
3154,3.0,0.0,3,0.00019549068161084322,3.0,7.657292660040863e-08,7.657292660040863e-08,3.777128025711052e-07,0.1080384386857649,2.1640796481187334e-07,0.045243595467183546,1.107751999047904e-07,0.1306780938530783
3155,3.0,4.0,3,0.00040680114427591666,7.0,1.5934239885464813e-07,1.5934239885464813e-07,3.777419404592006e-07,0.10804677309199895,2.1638160563491912e-07,0.04523808465366057,1.1070372612629692e-07,0.1305937784364324
3156,9.0,0.0,3,0.00021171223382524318,9.0,8.292684442821903e-08,8.292684442821903e-08,3.777710732930726e-07,0.10805510605255682,2.1635525802047762e-07,0.04523257625746843,1.1063229846373027e-07,0.13050951742132602
3157,5.0,5.0,3,0.0002581499348145709,10.0,1.0111630819215469e-07,1.0111630819215469e-07,3.7780020107839173e-07,0.10806343756906044,2.1632892195981605e-07,0.04522707027678142,1.1056091688733581e-07,0.1304253107726585
3158,70.0,1.0,3,0.0025225341946621084,71.0,9.880666645758356e-07,9.880666645758356e-07,3.7782932382082296e-07,0.10807176764313021,2.1630259744421028e-07,0.0452215667097756,1.1048958136737804e-07,0.13034115845535177
3159,3.0,11.0,3,0.0003814003335948531,14.0,1.4939300179978576e-07,1.4939300179978576e-07,3.7785844152602306e-07,0.10808009627638415,2.16276284464946e-07,0.045216065554629085,1.1041829187414056e-07,0.13025706043435042
3160,6.0,0.0,3,0.00020423374037146008,6.0,7.999754812826482e-08,7.999754812826482e-08,3.778875541996412e-07,0.10808842347043811,2.16249983013318e-07,0.045210566809521936,1.103470483779264e-07,0.13017301667462175
3161,15.0,1.0,3,0.0003424411260593084,16.0,1.3413283433580431e-07,1.3413283433580431e-07,3.7791666184732136e-07,0.10809674922690644,2.1622369308063062e-07,0.04520507047263618,1.1027585084905758e-07,0.13008902714115556
3162,0.0,14.0,3,0.00022147693475922293,14.0,8.675163915363217e-08,8.675163915363217e-08,3.7794576447469866e-07,0.10810507354740098,2.161974146581972e-07,0.04519957654215573,1.1020469925787527e-07,0.13000509179896427
3163,35.0,30.0,3,0.003774076125316359,65.0,1.4782906875504737e-06,1.4782906875504737e-06,3.7797486208740247e-07,0.1081133964335319,2.1617114773734069e-07,0.04519408501626648,1.1013359357473981e-07,0.12992121061308287
3164,15.0,30.0,3,0.0016676368445336389,45.0,6.532067546156047e-07,6.532067546156047e-07,3.7800395469105444e-07,0.10812171788690728,2.161448923093929e-07,0.045188595893156255,1.1006253377003071e-07,0.12983738354856894
3165,46.0,5.0,3,0.001102871510662046,51.0,4.319904076232064e-07,4.319904076232064e-07,3.780330422912695e-07,0.10813003790913306,2.1611864836569538e-07,0.04518310917101483,1.0999151981414642e-07,0.12975361057050258
3166,5.0,0.0,3,0.0001590606046889661,5.0,6.230340959223114e-08,6.230340959223114e-08,3.7806212489365577e-07,0.10813835650181337,2.160924158975987e-07,0.045177624848033913,1.0992055167750475e-07,0.12966989164398646
3167,0.0,0.0,3,0.0,0.0,0.0,0.0,3.7809120250381396e-07,0.10814667366655023,2.1606619489646279e-07,0.04517214292240715,1.0984962933054235e-07,0.12958622673414563
3168,10.0,0.0,3,0.0002581499348145709,10.0,1.0111630819215469e-07,1.0111630819215469e-07,3.7812027512733837e-07,0.1081549894049438,2.1603998535365644e-07,0.04516666339233005,1.0977875274371506e-07,0.1295026158061278
3169,7.0,1.0,3,0.00020651994785165673,8.0,8.089304655372374e-08,8.089304655372374e-08,3.781493427698157e-07,0.108163303718592,2.1601378726055817e-07,0.04516118625600016,1.0970792188749783e-07,0.1294190588251031
3170,17.0,3.0,3,0.0011365140127431823,20.0,4.451680425942743e-07,4.451680425942743e-07,3.7817840543682643e-07,0.10817161660909111,2.159876006085553e-07,0.04515571151161684,1.0963713673238456e-07,0.12933555575626415
3171,18.0,2.0,3,0.0004644269595327568,20.0,1.819142027155334e-07,1.819142027155334e-07,3.7820746313394355e-07,0.10817992807803516,2.1596142538904482e-07,0.04515023915738152,1.0956639724888819e-07,0.129252106564826
3172,77.0,1.0,3,0.0015312701644330953,78.0,5.997924655045419e-07,5.997924655045419e-07,3.782365158667335e-07,0.10818823812701632,2.1593526159343237e-07,0.04514476919149738,1.0949570340754085e-07,0.1291687112160262
3173,0.0,0.0,3,0.0,0.0,0.0,0.0,3.7826556364075497e-07,0.10819654675762459,2.1590910921313313e-07,0.04513930161216965,1.0942505517889339e-07,0.12908536967512466
3174,1.0,2.0,3,8.744019287159816e-05,3.0,3.4249977623031e-08,3.4249977623031e-08,3.7829460646156145e-07,0.10820485397144844,2.1588296823957108e-07,0.04513383641760536,1.0935445253351597e-07,0.12900208190740375
3175,11.0,27.0,3,0.0012919645928187932,38.0,5.060574198271811e-07,5.060574198271811e-07,3.78323644334698e-07,0.10821315977007392,2.1585683866417965e-07,0.04512837360601353,1.092838954419976e-07,0.1289188478781683
3176,5.0,0.0,3,7.909890527115104e-05,5.0,3.098272826915435e-08,3.098272826915435e-08,3.7835267726570335e-07,0.10822146415508535,2.158307204784013e-07,0.04512291317560506,1.0921338387494615e-07,0.1288356675527453
3177,3.0,0.0,3,0.00011679354749986193,3.0,4.5747570505233814e-08,4.5747570505233814e-08,3.783817052601095e-07,0.10822976712806502,2.1580461367368778e-07,0.045117455124592816,1.091429178029886e-07,0.12875254089648436
3178,110.0,3.0,3,0.002281073053955189,113.0,8.934872910126084e-07,8.934872910126084e-07,3.7841072832344155e-07,0.10823806869059327,2.157785182414996e-07,0.04511199945119146,1.0907249719677096e-07,0.12866946787475733
3179,4.0,62.0,3,0.0011134397539163652,66.0,4.361299466965786e-07,4.361299466965786e-07,3.7843974646121725e-07,0.10824636884424842,2.1575243417330643e-07,0.04510654615361762,1.0900212202695789e-07,0.12858644845295844
3180,12.0,0.0,3,0.00042719334029054013,12.0,1.6732994135939685e-07,1.6732994135939685e-07,3.7846875967894807e-07,0.10825466759060691,2.1572636146058742e-07,0.045101095230089844,1.0893179226423329e-07,0.1285034825965042
3181,19.0,0.0,3,0.0006803939122649955,19.0,2.6650760370740127e-07,2.6650760370740127e-07,3.784977679821387e-07,0.10826296493124324,2.1570030009483022e-07,0.0450956466788285,1.0886150787929984e-07,0.12842057027083353
3182,9.0,13.0,3,0.0013748916225563227,22.0,5.385396093052577e-07,5.385396093052577e-07,3.785267713762869e-07,0.10827126086772998,2.156742500675318e-07,0.045090200498055885,1.087912688428791e-07,0.12833771144140754
3183,25.0,0.0,3,0.0009246085023453632,25.0,3.6216549249720455e-07,3.6216549249720455e-07,3.7855576986688324e-07,0.10827955540163761,2.156482113701985e-07,0.04508475668599627,1.0872107512571151e-07,0.12825490607370965
3184,3.0,1.0,3,0.00018195710803680965,4.0,7.127187937203669e-08,7.127187937203669e-08,3.785847634594119e-07,0.1082878485345348,2.1562218399434492e-07,0.045079315240875634,1.086509266985565e-07,0.12817215413324567
3185,1.0,2.0,3,0.00014614690212812567,3.0,5.724516338743661e-08,5.724516338743661e-08,3.786137521593502e-07,0.10829614026798821,2.1559616793149546e-07,0.045073876160922025,1.0858082353219222e-07,0.12808945558554347
3186,0.0,8.0,3,0.00014654867328829543,8.0,5.740253556141615e-08,5.740253556141615e-08,3.7864273597216886e-07,0.10830443060356268,2.155701631731832e-07,0.04506843944436529,1.0851076559741577e-07,0.12800681039615325
3187,58.0,3.0,3,0.0010543312734996677,61.0,4.1297738875819336e-07,4.1297738875819336e-07,3.786717149033315e-07,0.10831271954282098,2.1554416971094992e-07,0.04506300508943711,1.0844075286504305e-07,0.12792421853064748
3188,21.0,4.0,3,0.00047545622577357027,25.0,1.8623432266884853e-07,1.8623432266884853e-07,3.7870068895829547e-07,0.10832100708732409,2.1551818753634674e-07,0.04505757309437109,1.0837078530590887e-07,0.12784167995462084
3189,3.0,3.0,3,0.00029229380425625133,6.0,1.1449032677487322e-07,1.1449032677487322e-07,3.787296581425103e-07,0.10832929323863077,2.1549221664093387e-07,0.04505214345740278,1.0830086289086673e-07,0.12775919463369012
3190,21.0,5.0,3,0.0005100018663754205,26.0,1.997657134255466e-07,1.997657134255466e-07,3.7875862246142015e-07,0.10833757799829821,2.1546625701628012e-07,0.04504671617676948,1.0823098559078905e-07,0.12767676253349441
3191,12.0,2.0,3,0.0004201166179969268,14.0,1.6455801723342218e-07,1.6455801723342218e-07,3.78787581920462e-07,0.10834586136788157,2.1544030865396328e-07,0.04504129125071041,1.0816115337656696e-07,0.12759438361969488
3192,7.0,0.0,3,0.0002106905916518803,7.0,8.252667123066209e-08,8.252667123066209e-08,3.7881653652506517e-07,0.10835414334893384,2.154143715455704e-07,0.045035868677466694,1.0809136621911042e-07,0.1275120578579749
3193,11.0,7.0,3,0.000642054575742644,18.0,2.514902372669972e-07,2.514902372669972e-07,3.7884548628065385e-07,0.10836242394300649,2.1538844568269717e-07,0.04503044845528128,1.0802162408934821e-07,0.12742978521404003
3194,15.0,0.0,3,0.0003172584152312682,15.0,1.2426886613053985e-07,1.2426886613053985e-07,3.7887443119264455e-07,0.10837070315164883,2.1536253105694808e-07,0.04502503058239894,1.0795192695822768e-07,0.1273475656536178
3195,2.0,0.0,3,0.0001009737664456317,2.0,3.955102485140294e-08,3.955102485140294e-08,3.7890337126644717e-07,0.10837898097640829,2.153366276599368e-07,0.04501961505706639,1.0788227479671511e-07,0.12726539914245796
3196,2.0,1.0,3,9.680312264540815e-05,3.0,3.791740017446461e-08,3.791740017446461e-08,3.7893230650746545e-07,0.1083872574188305,2.1531073548328588e-07,0.04501420187753218,1.0781266757579547e-07,0.1271832856463324
3197,360.0,519.0,3,0.014665734663763572,879.0,5.744510248242684e-06,5.744510248242684e-06,3.789612369210955e-07,0.1083955324804589,2.152848545186262e-07,0.04500879104204668,1.0774310526647214e-07,0.12710122513103503
3198,11.0,29.0,3,0.000978197698548231,40.0,3.831561686440388e-07,3.831561686440388e-07,3.789901625127278e-07,0.10840380616283544,2.1525898475759866e-07,0.04500338254886209,1.0767358783976826e-07,0.12701921756238183
3199,34.0,3.0,3,0.0005853318990065178,37.0,2.2927218919174217e-07,2.2927218919174217e-07,3.7901908328774575e-07,0.10841207846749987,2.1523312619185157e-07,0.04499797639623254,1.0760411526672423e-07,0.12693726290621085
3200,58.0,6.0,3,0.0012817044403524423,64.0,5.020385586966088e-07,5.020385586966088e-07,3.790479992515258e-07,0.10842034939599005,2.15207278813043e-07,0.044992572582413966,1.0753468751839996e-07,0.12685536112838222
3201,4.0,17.0,3,0.0003721962518477419,21.0,1.4578779939198665e-07,1.4578779939198665e-07,3.790769104094384e-07,0.10842861894984211,2.1518144261283981e-07,0.044987171105664164,1.0746530456587395e-07,0.12677351219477803
3202,81.0,9.0,3,0.001423780294880719,90.0,5.576891088447783e-07,5.576891088447783e-07,3.791058167668474e-07,0.10843688713059028,2.1515561758291697e-07,0.04498177196424267,1.0739596638024331e-07,0.12669171607130245
3203,0.0,21.0,3,0.0003322154021388344,21.0,1.3012745873044826e-07,1.3012745873044826e-07,3.791347183291092e-07,0.10844515393976668,2.151298037149593e-07,0.04497637515641106,1.073266729326237e-07,0.12660997272388155
3204,28.0,4.0,3,0.0005062329937353667,32.0,1.9828946092258782e-07,1.9828946092258782e-07,3.791636151015742e-07,0.10845341937890174,2.1510400100065944e-07,0.04497098068043254,1.0725742419414957e-07,0.12652828211846348
3205,118.0,36.0,3,0.0058903108461416795,154.0,2.307211455597994e-06,2.307211455597994e-06,3.791925070895866e-07,0.10846168344952402,2.1507820943171946e-07,0.044965588534572276,1.0718822013597383e-07,0.1264466442210183
3206,78.0,6.0,3,0.001694258489788814,84.0,6.636343477433662e-07,6.636343477433662e-07,3.7922139429848314e-07,0.10846994615316004,2.1505242899984968e-07,0.04496019871709723,1.0711906072926826e-07,0.12636505899753814
3207,5.0,21.0,3,0.00041131430740998546,26.0,1.6111018699960262e-07,1.6111018699960262e-07,3.792502767335946e-07,0.10847820749133455,2.1502665969676964e-07,0.04495481122627618,1.0704994594522304e-07,0.1262835264140369
3208,30.0,3.0,3,0.0008312720773802133,33.0,3.2560598408939025e-07,3.2560598408939025e-07,3.792791544002454e-07,0.10848646746557054,2.1500090151420728e-07,0.04494942606037975,1.0698087575504688e-07,0.12620204643655053
3209,60.0,10.0,3,0.0012673080726317448,70.0,4.963995584143144e-07,4.963995584143144e-07,3.7930802730375265e-07,0.10849472607738887,2.149751544438994e-07,0.04494404321768038,1.0691185012996718e-07,0.12612061903113683
3210,82.0,6.0,3,0.001432121582481166,88.0,5.609563581986548e-07,5.609563581986548e-07,3.7933689544942723e-07,0.10850298332830863,2.1494941847759165e-07,0.04493866269645234,1.0684286904123002e-07,0.1260392441638756
3211,84.0,4.0,3,0.001441484512254976,88.0,5.646237807500886e-07,5.646237807500886e-07,3.793657588425743e-07,0.10851123921984726,2.1492369360703794e-07,0.044933284494971686,1.0677393246009974e-07,0.12595792180086846
3212,58.0,3.0,3,0.0010249779188714041,61.0,4.0147979587599064e-07,4.0147979587599064e-07,3.7939461748849124e-07,0.10851949375352002,2.1489797982400143e-07,0.044927908611516354,1.0670504035785944e-07,0.12587665190823877
3213,63.0,2.0,3,0.0011882091673605937,65.0,4.654168301451601e-07,4.654168301451601e-07,3.7942347139246963e-07,0.10852774693084044,2.148722771202536e-07,0.04492253504436603,1.0663619270581075e-07,0.12579543445213198
3214,110.0,3.0,3,0.0017876352591280136,113.0,7.002096588828882e-07,7.002096588828882e-07,3.7945232055979436e-07,0.1085359987533202,2.1484658548757455e-07,0.044917163791802245,1.0656738947527361e-07,0.12571426939871524
3215,24.0,0.0,3,0.000379674745301525,24.0,1.4871709569194087e-07,1.4871709569194087e-07,3.7948116499574445e-07,0.10854424922246927,2.1482090491775335e-07,0.044911794852108326,1.0649863063758677e-07,0.1256331567141776
3216,16.0,70.0,3,0.0016003862689172434,86.0,6.268649701986852e-07,6.268649701986852e-07,3.795100047055912e-07,0.10855249833979541,2.1479523540258747e-07,0.04490642822356943,1.0642991616410728e-07,0.1255520963647299
3217,21.0,3.0,3,0.00044900894963869633,24.0,1.7587502923568208e-07,1.7587502923568208e-07,3.795388396946002e-07,0.10856074610680476,2.1476957693388308e-07,0.044901063904472495,1.0636124602621056e-07,0.1254710883166047
3218,2.0,0.0,3,3.163956210846042e-05,2.0,1.2393091307661739e-08,1.2393091307661739e-08,3.795676699680313e-07,0.1085689925250018,2.1474392950345483e-07,0.04489570189310624,1.0629262019529085e-07,0.12539013253605652
3219,0.0,0.0,3,0.0,0.0,0.0,0.0,3.7959649553113606e-07,0.10857723759588866,2.1471829310312616e-07,0.04489034218776124,1.062240386427605e-07,0.12530922898936148
3220,6.0,0.0,3,0.0001348995360342888,6.0,5.283961458452362e-08,5.283961458452362e-08,3.7962531638916163e-07,0.10858548132096621,2.1469266772472916e-07,0.04488498478672983,1.0615550134005057e-07,0.12522837764281763
3221,143.0,5.0,3,0.0038216409805075973,148.0,1.496921653156129e-06,1.496921653156129e-06,3.796541325473472e-07,0.108593723701733,2.1466705336010405e-07,0.04487962968830611,1.0608700825861019e-07,0.12514757846274455
3222,12.0,78.0,3,0.0014731240743634366,90.0,5.770168720577503e-07,5.770168720577503e-07,3.79682944010926e-07,0.10860196473968597,2.146414500011004e-07,0.044874276890786054,1.0601855936990755e-07,0.12506683141548372
3223,24.0,0.0,3,0.0007794832423906003,24.0,3.0532050230732484e-07,3.0532050230732484e-07,3.797117507851256e-07,0.10861020443632033,2.1461585763957584e-07,0.04486892639246741,1.0595015464542846e-07,0.12498613646739828
3224,8.0,2.0,3,0.0004755154775998948,10.0,1.8625753137481189e-07,1.8625753137481189e-07,3.797405528751658e-07,0.10861844279312913,2.145902762673962e-07,0.04486357819164958,1.0588179405667768e-07,0.12490549358487311
3225,51.0,1.0,3,0.002386697394639813,52.0,9.348599273951481e-07,9.348599273951481e-07,3.797693502862612e-07,0.1086266798116039,2.1456470587643664e-07,0.04485823228663395,1.0581347757517823e-07,0.12482490273431472
3226,15.0,0.0,3,0.0006839198617715784,15.0,2.6788870418001505e-07,2.6788870418001505e-07,3.7979814302361955e-07,0.10863491549323427,2.1453914645858034e-07,0.04485288867572354,1.0574520517247134e-07,0.12474436388215134
3227,57.0,2.0,3,0.0009533575070540361,59.0,3.7342636390679045e-07,3.7342636390679045e-07,3.7982693109244234e-07,0.108643149839508,2.14513598005719e-07,0.0448475473572232,1.0567697682011685e-07,0.12466387699483283
3228,83.0,4.0,3,0.001792326177741056,87.0,7.020470731457329e-07,7.020470731457329e-07,3.798557144979242e-07,0.10865138285191095,2.1448806050975302e-07,0.04484220832943956,1.0560879248969274e-07,0.12458344203883075
3229,65.0,26.0,3,0.0021180099556795434,91.0,8.296161205168599e-07,8.296161205168599e-07,3.79884493245254e-07,0.10865961453192731,2.1446253396259128e-07,0.04483687159068106,1.055406521527956e-07,0.12450305898063825
3230,79.0,0.0,3,0.001289743552993094,79.0,5.051874473141771e-07,5.051874473141771e-07,3.799132673396141e-07,0.10866784488103938,2.1443701835615087e-07,0.04483153713925783,1.0547255578103993e-07,0.12442272778677005
3231,86.0,6.0,3,0.0034491614611523343,92.0,1.3510228990020894e-06,1.3510228990020894e-06,3.799420367861808e-07,0.10867607390072777,2.1441151368235784e-07,0.04482620497348185,1.0540450334605892e-07,0.12434244842376255
3232,7.0,1.0,3,0.00029458001173644804,8.0,1.1538582520033217e-07,1.1538582520033217e-07,3.7997080159012343e-07,0.10868430159247111,2.1438601993314598e-07,0.04482087509166682,1.0533649481950377e-07,0.12426222085817373
3233,97.0,9.0,3,0.0016768967917484023,106.0,6.568338393060722e-07,6.568338393060722e-07,3.799995617566053e-07,0.10869252795774624,2.1436053710045822e-07,0.04481554749212822,1.0526853017304433e-07,0.12418204505658316
3234,12.0,99.0,3,0.0017559956970195532,111.0,6.878165675752265e-07,6.878165675752265e-07,3.8002831729078364e-07,0.10870075299802831,2.1433506517624558e-07,0.044810222173183284,1.052006093783683e-07,0.12410192098559192
3235,4.0,0.0,3,0.00011262290369963836,4.0,4.411394582829548e-08,4.411394582829548e-08,3.8005706819780954e-07,0.10870897671479071,2.143096041524675e-07,0.04480489913315101,1.051327324071821e-07,0.1240218486118227
3236,3.0,0.0,3,4.745934316269063e-05,3.0,1.8589636961492608e-08,1.8589636961492608e-08,3.800858144828263e-07,0.10871719910950461,2.14284154021092e-07,0.04479957837035219,1.0506489923121003e-07,0.12394182790191965
3237,14.0,0.0,3,0.0005281671067361719,14.0,2.068809662107998e-07,2.068809662107998e-07,3.8011455615097324e-07,0.10872542018363998,2.1425871477409532e-07,0.04479425988310932,1.0499710982219479e-07,0.12386185882254853
3238,20.0,1.0,3,0.00035220582699328816,21.0,1.3795762906121745e-07,1.3795762906121745e-07,3.8014329320738225e-07,0.10873363993866475,2.1423328640346203e-07,0.044788943669746645,1.0492936415189737e-07,0.12378194134039662
3239,29.0,0.0,3,0.0005787161996993987,29.0,2.2668084594571042e-07,2.2668084594571042e-07,3.8017202565717833e-07,0.10874185837604483,2.1420786890118544e-07,0.044783629728590235,1.0486166219209682e-07,0.12370207542217253
3240,10.0,12.0,3,0.0008614634028746937,22.0,3.374318068447684e-07,3.374318068447684e-07,3.802007535054815e-07,0.10875007549724472,2.141824622592668e-07,0.04477831805796782,1.0479400391459051e-07,0.12362226103460648
3241,15.0,1.0,3,0.0003424411260593084,16.0,1.3413283433580431e-07,1.3413283433580431e-07,3.802294767574047e-07,0.10875829130372688,2.141570664697161e-07,0.04477300865620897,1.0472638929119401e-07,0.12354249814445017
3242,17.0,14.0,3,0.0018626761084234173,31.0,7.296028626805395e-07,7.296028626805395e-07,3.802581954180546e-07,0.108766505796952,2.1413168152455123e-07,0.04476770152164489,1.04658818293741e-07,0.12346278671847671
3243,23.0,1.0,3,0.0008050429010983628,24.0,3.153321195058217e-07,3.153321195058217e-07,3.802869094925325e-07,0.10877471897837922,2.1410630741579873e-07,0.044762396652608595,1.0459129089408349e-07,0.12338312672348066
3244,41.0,1.0,3,0.0007137745837603863,42.0,2.795826806738685e-07,2.795826806738685e-07,3.8031561898593237e-07,0.10878293084946558,2.1408094413549327e-07,0.0447570940474348,1.0452380706409144e-07,0.12330351812627799
3245,44.0,0.0,3,0.0013557543865831034,44.0,5.310436296839418e-07,5.310436296839418e-07,3.8034432390334273e-07,0.10879114141166657,2.1405559167567823e-07,0.04475179370446006,1.0445636677565313e-07,0.1232239608937061
3246,38.0,4.0,3,0.00072440207884103,42.0,2.837454284532041e-07,2.837454284532041e-07,3.8037302424984615e-07,0.10879935066643596,2.1403025002840472e-07,0.044746495622022514,1.0438897000067484e-07,0.12314445499262379
3247,118.0,9.0,3,0.0020091121938872365,127.0,7.869612980365204e-07,7.869612980365204e-07,3.804017200305177e-07,0.10880755861522541,2.1400491918573266e-07,0.04474119979846217,1.0432161671108115e-07,0.12306500038991126
3248,7.0,0.0,3,0.00013072889223406524,7.0,5.120598990758528e-08,5.120598990758528e-08,3.8043041125042755e-07,0.10881576525948516,2.1397959913972967e-07,0.04473590623212062,1.042543068788146e-07,0.12298559705246996
3249,15.0,0.0,3,0.0002572871406679069,15.0,1.0077835513823222e-07,1.0077835513823222e-07,3.804590979146394e-07,0.10882397060066358,2.1395428988247204e-07,0.044730614921341304,1.0418704047583586e-07,0.12290624494722285
3250,15.0,7.0,3,0.0003480351831930646,22.0,1.3632400438427914e-07,1.3632400438427914e-07,3.8048778002821036e-07,0.10883217464020717,2.1392899140604454e-07,0.04472532586446941,1.0411981747412375e-07,0.12282694404111416
3251,21.0,3.0,3,0.0005089802242020575,24.0,1.9936554022798965e-07,1.9936554022798965e-07,3.80516457596192e-07,0.10884037737956086,2.1390370370253928e-07,0.044720039059851655,1.0405263784567512e-07,0.12274769430110945
3252,65.0,12.0,3,0.0016047750125704901,77.0,6.285840237252213e-07,6.285840237252213e-07,3.8054513062362924e-07,0.10884857882016764,2.1387842676405783e-07,0.04471475450583675,1.0398550156250495e-07,0.12266849569419562
3253,251.0,8.0,3,0.004206638347091703,259.0,1.6477235985474748e-06,1.6477235985474748e-06,3.805737991155615e-07,0.10885677896346897,2.13853160582709e-07,0.044709472200774904,1.0391840859664624e-07,0.12258934818738083
3254,1.0,0.0,3,1.581978105423021e-05,1.0,6.196545653830869e-09,6.196545653830869e-09,3.806024630770208e-07,0.10886497781090422,2.1382790515061006e-07,0.044704192143018136,1.0385135892014986e-07,0.12251025174769456
3255,1.0,9.0,3,0.0001581978105423021,10.0,6.19654565383087e-08,6.19654565383087e-08,3.806311225130345e-07,0.10887317536391132,2.1380266045988683e-07,0.044698914330920186,1.0378435250508506e-07,0.12243120634218756
3256,8.0,0.0,3,0.00012655824843384167,8.0,4.9572365230646955e-08,4.9572365230646955e-08,3.8065977742862335e-07,0.10888137162392637,2.137774265026727e-07,0.044693638762836434,1.0371738932353896e-07,0.12235221193793187
3257,4.0,3.0,3,0.00013072889223406524,7.0,5.120598990758528e-08,5.120598990758528e-08,3.8068842782880153e-07,0.10888956659238364,2.137522032711098e-07,0.04468836543712406,1.0365046934761652e-07,0.12227326850202064
3258,17.0,0.0,3,0.0007542757082821126,17.0,2.954468109213132e-07,2.954468109213132e-07,3.8071707371857766e-07,0.10889776027071572,2.1372699075734831e-07,0.04468309435214191,1.0358359254944093e-07,0.1221943760015684
3259,24.0,0.0,3,0.0007794832423906003,24.0,3.0532050230732484e-07,3.0532050230732484e-07,3.8074571510295435e-07,0.10890595266035355,2.1370178895354624e-07,0.04467782550625052,1.0351675890115323e-07,0.12211553440371085
3260,51.0,0.0,3,0.0009361143126662732,51.0,3.6667227288142314e-07,3.6667227288142314e-07,3.8077435198692774e-07,0.10891414376272616,2.136765978518699e-07,0.04467255889781211,1.0344996837491249e-07,0.12203674367560488
3261,13.0,68.0,3,0.001460051523775897,81.0,5.718964057093211e-07,5.718964057093211e-07,3.8080298437548795e-07,0.10892233357926094,2.1365141744449416e-07,0.044667294525190714,1.0338322094289574e-07,0.1219580037844286
3262,6.0,0.0,3,0.00016425289066255254,6.0,6.433720746672642e-08,6.433720746672642e-08,3.808316122736193e-07,0.10893052211138353,2.1362624772360112e-07,0.04466203238675188,1.03316516577298e-07,0.12187931469738127
3263,21.0,0.0,3,0.0007469560628550284,21.0,2.925797347649935e-07,2.925797347649935e-07,3.808602356863002e-07,0.10893870936051792,2.1360108868138206e-07,0.04465677248086306,1.0324985525033215e-07,0.12180067638168332
3264,28.0,0.0,3,0.0006228676932085297,28.0,2.439748112841871e-07,2.439748112841871e-07,3.808888546185026e-07,0.10894689532808628,2.1357594031003534e-07,0.0446515148058932,1.03183236934229e-07,0.12172208880457634
3265,12.0,48.0,2,0.0009691772881082663,60.0,3.7962290956062133e-07,3.7962290956062133e-07,2.438752729012942e-07,0.108955080015509,1.393307938360024e-07,0.04464625936021307,6.811636830572697e-08,0.1216435519333231
3266,6.0,0.0,2,0.00017488038574319632,6.0,6.8499955246062e-08,6.8499955246062e-08,2.4389358990889684e-07,0.10896326342420497,1.3931439974057021e-07,0.04464100614219507,6.807241862904621e-08,0.12156506573520734
3267,9.0,53.0,2,0.000980826425362273,62.0,3.841858305375139e-07,3.841858305375139e-07,2.4391190405748383e-07,0.10897144555559113,1.3929801259208945e-07,0.0446357551502133,6.802849730933935e-08,0.12148663017753406
3268,11.0,2.0,2,0.0002856188531228078,13.0,1.1187577482287811e-07,1.1187577482287811e-07,2.439302153502231e-07,0.10897962641108279,1.3928163238549142e-07,0.044630506382643584,6.798460432831013e-08,0.12140824522762929
3269,2.0,3.0,2,7.909890527115104e-05,5.0,3.098272826915435e-08,3.098272826915435e-08,2.4394852379027883e-07,0.1089878059920936,1.3926525911571244e-07,0.04462525983786335,6.794073966767396e-08,0.12132991085284019
3270,16.0,0.0,2,0.00025311649686768334,16.0,9.914473046129391e-08,9.914473046129391e-08,2.439668293808112e-07,0.10899598430003545,1.3924889277769426e-07,0.04462001551425175,6.789690330915813e-08,0.12125162702053492
3271,19.0,0.0,2,0.0006803939122649955,19.0,2.6650760370740127e-07,2.6650760370740127e-07,2.439851321249767e-07,0.1090041613363185,1.3923253336638388e-07,0.04461477341018965,6.785309523450167e-08,0.12117339369810277
3272,4.0,0.0,2,6.327912421692084e-05,4.0,2.4786182615323478e-08,2.4786182615323478e-08,2.440034320259279e-07,0.10901233710235125,1.3921618087673327e-07,0.04460953352405948,6.780931542545549e-08,0.12109521085295401
3273,17.0,0.0,2,0.0003688884021941824,17.0,1.444921277689708e-07,1.444921277689708e-07,2.440217290868139e-07,0.10902051159954058,1.391998353037e-07,0.04460429585424549,6.776556386378213e-08,0.12101707845251995
3274,0.0,0.0,2,0.0,0.0,0.0,0.0,2.44040023310779e-07,0.10902868482929132,1.3918349664224646e-07,0.044599060399133444,6.772184053125604e-08,0.12093899646425299
3275,16.0,0.0,2,0.00045302074541222104,16.0,1.7744643376898592e-07,1.7744643376898592e-07,2.4405831470096513e-07,0.10903685679300708,1.3916716488734052e-07,0.044593827157110896,6.767814540966329e-08,0.12086096485562635
3276,4.0,0.0,2,6.327912421692084e-05,4.0,2.4786182615323478e-08,2.4786182615323478e-08,2.4407660326050934e-07,0.10904502749208946,1.3915084003395517e-07,0.04458859612656701,6.763447848080181e-08,0.1207829835941344
3277,1.0,0.0,2,1.581978105423021e-05,1.0,6.196545653830869e-09,6.196545653830869e-09,2.440948889925452e-07,0.1090531969279384,1.3913452207706856e-07,0.04458336730589262,6.759083972648124e-08,0.12070505264729245
3278,28.0,0.0,2,0.0004629442943728996,28.0,1.8133344863803353e-07,1.8133344863803353e-07,2.4411317190020263e-07,0.10906136510195222,1.3911821101166427e-07,0.0445781406934803,6.754722912852293e-08,0.12062717198263674
3279,0.0,0.0,2,0.0,0.0,0.0,0.0,2.4413145198660775e-07,0.10906953201552762,1.3910190683273043e-07,0.044572916287724085,6.750364666876001e-08,0.12054934156772446
3280,23.0,0.0,2,0.0008036443110452777,23.0,3.147842973150324e-07,3.147842973150324e-07,2.4414972925488274e-07,0.10907769767005944,1.3908560953526107e-07,0.04456769408701988,6.746009232903732e-08,0.12047156137013375
3281,25.0,1.0,2,0.00047128558197334674,26.0,1.846006979919102e-07,1.846006979919102e-07,2.441680037081459e-07,0.10908586206694086,1.390693191142551e-07,0.04456247408976517,6.741656609121134e-08,0.12039383135746366
3282,5.0,0.0,2,7.909890527115104e-05,5.0,3.098272826915435e-08,3.098272826915435e-08,2.4418627534951264e-07,0.10909402520756369,1.3905303556471622e-07,0.04455725629435899,6.737306793715037e-08,0.12031615149733414
3283,85.0,2.0,2,0.0014762730759902971,87.0,5.782503235371317e-07,5.782503235371317e-07,2.4420454418209334e-07,0.10910218709331758,1.3903675888165388e-07,0.04455204069920218,6.73295978487344e-08,0.1202385217573861
3284,5.0,32.0,2,0.0005853318990065178,37.0,2.2927218919174217e-07,2.2927218919174217e-07,2.442228102089951e-07,0.10911034772559068,1.390204890600825e-07,0.044546827302697205,6.728615580785491e-08,0.12016094210528117
3285,17.0,1.0,2,0.0002847560589761438,18.0,1.1153782176895565e-07,1.1153782176895565e-07,2.442410734333219e-07,0.10911850710576972,1.390042260950213e-07,0.044541616103248055,6.724274179641533e-08,0.12008341250870196
3286,53.0,1.0,2,0.0008542681769284313,54.0,3.3461346530686693e-07,3.3461346530686693e-07,2.442593338581733e-07,0.10912666523523948,1.38987969981495e-07,0.044536407099260475,6.719935579633062e-08,0.12000593293535193
3287,1.0,0.0,2,3.5810205908683974e-05,1.0,1.4026715984600068e-08,1.4026715984600068e-08,2.4427759148664527e-07,0.10913482211538313,1.389717207145333e-07,0.04453120028914182,6.715599778952751e-08,0.11992850335295538
3288,71.0,2.0,2,0.0025741641816250226,73.0,1.0082899262142665e-06,1.0082899262142665e-06,2.442958463218303e-07,0.1091429777475823,1.3895547828917094e-07,0.04452599567130105,6.71126677579442e-08,0.11985112372925738
3289,41.0,0.0,2,0.0007685535723501612,41.0,3.0103939379168085e-07,3.0103939379168085e-07,2.443140983668167e-07,0.10915113213321673,1.3893924270044813e-07,0.0445207932441489,6.706936568353084e-08,0.11977379403202389
3290,104.0,2.0,2,0.0017168776414573097,106.0,6.724941799676105e-07,6.724941799676105e-07,2.443323476246892e-07,0.10915928527366457,1.3892301394340963e-07,0.04451559300609751,6.70260915482489e-08,0.11969651422904158
3291,4.0,0.0,2,0.00012325039878028214,4.0,4.8276693607631076e-08,4.8276693607631076e-08,2.443505940985294e-07,0.1091674371703026,1.389067920131058e-07,0.04451039495556089,6.698284533407175e-08,0.119619284288118
3292,183.0,1.0,2,0.002930830138832812,184.0,1.1479945706356492e-06,1.1479945706356492e-06,2.443688377914142e-07,0.10917558782450544,1.3889057690459177e-07,0.044505199090954475,6.693962702298425e-08,0.11954210417708142
3293,40.0,0.0,2,0.0006727720918781159,40.0,2.6352216681477316e-07,2.6352216681477316e-07,2.443870787064176e-07,0.10918373723764646,1.3887436861292775e-07,0.0445000054106955,6.689643659698285e-08,0.1194649738637808
3294,69.0,0.0,2,0.0010915648927418845,69.0,4.2756165011433e-07,4.2756165011433e-07,2.444053168466098e-07,0.10919188541109733,1.3885816713317924e-07,0.044494813913202695,6.685327403807578e-08,0.11938789331608594
3295,25.0,101.0,2,0.0024930530341943508,126.0,9.765190106519196e-07,9.765190106519196e-07,2.444235522150566e-07,0.1092000323462277,1.3884197246041677e-07,0.04448962459689651,6.681013932828273e-08,0.11931086250188737
3296,21.0,0.0,2,0.0005521100755378259,21.0,2.1625933236890947e-07,2.1625933236890947e-07,2.444417848148211e-07,0.10920817804440612,1.388257845897157e-07,0.04448443746019892,6.676703244963504e-08,0.1192338813890963
3297,1.0,3.0,2,6.327912421692084e-05,4.0,2.4786182615323478e-08,2.4786182615323478e-08,2.444600146489619e-07,0.10921632250699903,1.388096035161568e-07,0.044479252501533666,6.672395338417568e-08,0.11915694994564464
3298,7.0,0.0,2,0.00013072889223406524,7.0,5.120598990758528e-08,5.120598990758528e-08,2.4447824172053467e-07,0.1092244657353716,1.3879342923482558e-07,0.04447406971932596,6.668090211395918e-08,0.11908006813948503
3299,1.0,4.0,2,9.908933012560482e-05,5.0,3.8812898599923544e-08,3.8812898599923544e-08,2.4449646603259085e-07,0.10923260773088712,1.387772617408126e-07,0.04446888911200266,6.663787862105161e-08,0.11900323593859076
3300,15.0,0.0,2,0.000417210539503537,15.0,1.6341971778438583e-07,1.6341971778438583e-07,2.4451468758817816e-07,0.10924074849490721,1.3876110102921383e-07,0.044463710677992346,6.659488288753067e-08,0.11892645331095578
3301,14.0,0.0,2,0.00032142905903149175,14.0,1.2590249080747817e-07,1.2590249080747817e-07,2.445329063903412e-07,0.10924888802879208,1.387449470951298e-07,0.044458534415725066,6.65519148954856e-08,0.11884972022459474
3302,27.0,0.0,2,0.00042713408846421563,27.0,1.6730673265343347e-07,1.6730673265343347e-07,2.445511224421205e-07,0.10925702633390012,1.3872879993366627e-07,0.04445336032363254,6.650897462701717e-08,0.1187730366475428
3303,2.0,9.0,2,0.00019400801645098607,11.0,7.599217252290876e-08,7.599217252290876e-08,2.445693357465531e-07,0.10926516341158819,1.3871265953993407e-07,0.04444818840014812,6.646606206423774e-08,0.11869640254785588
3304,9.0,5.0,2,0.00040139075844930684,14.0,1.5722317213055498e-07,1.5722317213055498e-07,2.445875463066722e-07,0.10927329926321146,1.3869652590904895e-07,0.04444301864370672,6.642317718927119e-08,0.11861981789361044
3305,9.0,0.0,2,0.0003222918531781558,9.0,1.2624044386140063e-07,1.2624044386140063e-07,2.4460575412550754e-07,0.10928143389012344,1.3868039903613169e-07,0.04443785105274488,6.638031998425293e-08,0.11854328265290359
3306,18.0,0.0,2,0.0005846124317929503,18.0,2.2899037673049366e-07,2.2899037673049366e-07,2.44623959206085e-07,0.10928956729367606,1.3866427891630807e-07,0.044432685625700734,6.63374904313299e-08,0.11846679679385297
3307,23.0,0.0,2,0.0006437209122096475,23.0,2.5214293466887877e-07,2.5214293466887877e-07,2.446421615514277e-07,0.10929769947521989,1.3864816554470878e-07,0.04442752236101399,6.629468851266061e-08,0.11839036028459682
3308,23.0,0.0,2,0.00044381666366510983,23.0,1.7384123136118678e-07,1.7384123136118678e-07,2.446603611645537e-07,0.1093058304361033,1.3863205891646974e-07,0.04442236125712603,6.625191421041497e-08,0.11831397309329393
3309,75.0,9.0,2,0.002908105172057185,84.0,1.1390932910525598e-06,1.1390932910525598e-06,2.4467855804847877e-07,0.10931396017767363,1.3861595902673152e-07,0.04441720231247973,6.620916750677452e-08,0.11823763518812364
3310,11.0,8.0,2,0.0004604992388660041,19.0,1.803757300689401e-07,1.803757300689401e-07,2.446967522062137e-07,0.10932208870127608,1.3859986587063983e-07,0.044412045525519646,6.616644838393221e-08,0.11816134653728586
3311,118.0,0.0,2,0.0023864852106149624,118.0,9.347768157520417e-07,9.347768157520417e-07,2.4471494364076725e-07,0.10933021600825475,1.3858377944334537e-07,0.04440689089469185,6.612375682409252e-08,0.11808510710900089
3312,11.0,6.0,2,0.0005088213761753588,17.0,1.9930332008435518e-07,1.9930332008435518e-07,2.447331323551436e-07,0.10933834209995187,1.3856769974000368e-07,0.044401738418444046,6.608109280947133e-08,0.11800891687150963
3313,10.0,0.0,2,0.0001581978105423021,10.0,6.19654565383087e-08,6.19654565383087e-08,2.447513183523435e-07,0.10934646697770804,1.3855162675577526e-07,0.044396588095225474,6.603845632229613e-08,0.11793277579307351
3314,7.0,0.0,2,0.00011073846737961146,7.0,4.3375819576816086e-08,4.3375819576816086e-08,2.447695016353638e-07,0.10935459064286217,1.3853556048582581e-07,0.04439143992348708,6.599584734480578e-08,0.11785668384197436
3315,156.0,0.0,2,0.002527857119023274,156.0,9.901516329899231e-07,9.901516329899231e-07,2.4478768220719873e-07,0.10936271309675197,1.3851950092532562e-07,0.04438629390168125,6.595326585925062e-08,0.11778064098651451
3316,3.0,0.0,2,0.00010743061772605193,3.0,4.208014795380021e-08,4.208014795380021e-08,2.448058600708379e-07,0.1093708343407131,1.3850344806945002e-07,0.044381150028262026,6.591071184789256e-08,0.11770464719501673
3317,7.0,0.0,2,0.00011073846737961146,7.0,4.3375819576816086e-08,4.3375819576816086e-08,2.4482403522926775e-07,0.10937895437607978,1.3848740191337933e-07,0.044376008301684984,6.586818529300472e-08,0.11762870243582425
3318,36.0,1.0,2,0.0012050350694945845,37.0,4.7200746944558733e-07,4.7200746944558733e-07,2.448422076854712e-07,0.10938707320418468,1.3847136245229872e-07,0.044370868720407325,6.582568617687183e-08,0.11755280667730071
3319,27.0,0.0,2,0.00042713408846421563,27.0,1.6730673265343347e-07,1.6730673265343347e-07,2.448603774424275e-07,0.10939519082635887,1.3845532968139855e-07,0.04436573128288784,6.578321448179001e-08,0.11747695988783019
3320,17.0,67.0,2,0.0013888328831186988,84.0,5.440003459141006e-07,5.440003459141006e-07,2.4487854450311276e-07,0.10940330724393192,1.3843930359587346e-07,0.044360595987586744,6.574077019006683e-08,0.11740116203581706
3321,14.0,1.0,2,0.0004571913892124446,15.0,1.7908005844592424e-07,1.7908005844592424e-07,2.448967088704987e-07,0.10941142245823153,1.3842328419092357e-07,0.04435546283296602,6.569835328402107e-08,0.11732541308968619
3322,3.0,15.0,2,0.00030474648383059755,18.0,1.1936799209972485e-07,1.1936799209972485e-07,2.4491487054755404e-07,0.10941953647058399,1.3840727146175367e-07,0.044350331817489104,6.565596374598328e-08,0.11724971301788281
3323,20.0,1.0,2,0.00035220582699328816,21.0,1.3795762906121745e-07,1.3795762906121745e-07,2.449330295372444e-07,0.10942764928231423,1.383912654035734e-07,0.04434520293962099,6.561360155829517e-08,0.11717406178887248
3324,19.0,1.0,2,0.0003163956210846042,20.0,1.239309130766174e-07,1.239309130766174e-07,2.4495118584253064e-07,0.10943576089474512,1.3837526601159737e-07,0.04434007619782831,6.557126670330986e-08,0.1170984593711411
3325,47.0,31.0,2,0.0020935311909714683,78.0,8.200278852218834e-07,8.200278852218834e-07,2.449693394663711e-07,0.10944387130919828,1.38359273281045e-07,0.04433495159057916,6.552895916339198e-08,0.11702290573319496
3326,1.0,2.0,2,8.744019287159816e-05,3.0,3.4249977623031e-08,3.4249977623031e-08,2.449874904117201e-07,0.10945198052699363,1.3834328720714055e-07,0.0443298291163433,6.54866789209173e-08,0.11694740084356059
3327,9.0,0.0,2,0.0001823588791969794,9.0,7.142925154601623e-08,7.142925154601623e-08,2.4500563868152896e-07,0.1094600885494497,1.3832730778511316e-07,0.044324708773591924,6.544442595827322e-08,0.11687194467078488
3328,4.0,1.0,2,9.908933012560482e-05,5.0,3.8812898599923544e-08,3.8812898599923544e-08,2.4502378427874475e-07,0.10946819537788319,1.3831133501019692e-07,0.04431959056079791,6.540220025785842e-08,0.11679653718343505
3329,5.0,0.0,2,0.00011907975498005858,5.0,4.664306893069274e-08,4.664306893069274e-08,2.4504192720631163e-07,0.10947630101360938,1.382953688776308e-07,0.044314474476435634,6.536000180208282e-08,0.11672117835009846
3330,43.0,1.0,2,0.001395735236292011,44.0,5.467039703454803e-07,5.467039703454803e-07,2.4506006746717e-07,0.10948440545794197,1.3827940938265816e-07,0.04430936051898094,6.531783057336785e-08,0.11664586813938288
3331,14.0,2.0,2,0.0003930494708488597,16.0,1.539559227766783e-07,1.539559227766783e-07,2.450782050642568e-07,0.10949250871219308,1.382634565205278e-07,0.044304248686911366,6.527568655414611e-08,0.11657060651991626
3332,22.0,1.0,2,0.0005837496376462862,23.0,2.2865242367657117e-07,2.2865242367657117e-07,2.450963400005052e-07,0.1095006107776732,1.3824751028649296e-07,0.0442991389787059,6.523356972686175e-08,0.11649539346034683
3333,13.0,3.0,2,0.0005129920199755823,16.0,2.0093694476129347e-07,2.0093694476129347e-07,2.451144722788454e-07,0.10950871165569134,1.382315706758118e-07,0.04429403139284509,6.519148007397013e-08,0.11642022892934305
3334,3.0,0.0,2,0.00010743061772605193,3.0,4.208014795380021e-08,4.208014795380021e-08,2.451326019022037e-07,0.10951681134755495,1.3821563768374745e-07,0.04428892592781109,6.514941757793786e-08,0.11634511289559357
3335,173.0,3.0,2,0.0029242144395256933,176.0,1.1454032273896174e-06,1.1454032273896174e-06,2.4515072887350293e-07,0.10952490985456988,1.3819971130556747e-07,0.044283822582087476,6.5107382221243e-08,0.11627004532780724
3336,8.0,0.0,2,0.00012655824843384167,8.0,4.9572365230646955e-08,4.9572365230646955e-08,2.4516885319566317e-07,0.10953300717804057,1.3818379153654473e-07,0.044278721354159487,6.506537398637479e-08,0.11619502619471311
3337,50.0,2.0,2,0.0012624179616179537,52.0,4.944841212761275e-07,4.944841212761275e-07,2.4518697487159957e-07,0.10954110331926957,1.3816787837195636e-07,0.04427362224251379,6.502339285583394e-08,0.11612005546506049
3338,0.0,4.0,2,0.0001432408236347359,4.0,5.6106863938400274e-08,5.6106863938400274e-08,2.4520509390422514e-07,0.10954919827955822,1.3815197180708476e-07,0.044268525245638686,6.498143881213222e-08,0.11604513310761864
3339,0.0,0.0,2,0.0,0.0,0.0,0.0,2.4522321029644884e-07,0.1095572920602062,1.381360718372168e-07,0.04426343036202394,6.493951183779286e-08,0.11597025909117717
3340,11.0,0.0,2,0.0001740175915965323,11.0,6.816200219213957e-08,6.816200219213957e-08,2.452413240511764e-07,0.10956538466251163,1.3812017845764413e-07,0.04425833759016083,6.489761191535032e-08,0.11589543338454575
3341,0.0,0.0,2,0.0,0.0,0.0,0.0,2.452594351713098e-07,0.10957347608777107,1.381042916636633e-07,0.04425324692854223,6.48557390273503e-08,0.11582065595655419
3342,1.0,7.0,2,0.00020651994785165673,8.0,8.089304655372374e-08,8.089304655372374e-08,2.4527754365974763e-07,0.10958156633727949,1.3808841145057576e-07,0.04424815837566255,6.48138931563498e-08,0.1157459267760524
3343,23.0,2.0,2,0.00043547537606466276,25.0,1.7057398200731012e-07,1.7057398200731012e-07,2.452956495193854e-07,0.10958965541233048,1.380725378136873e-07,0.04424307193001763,6.477207428491704e-08,0.11567124581191039
3344,3.0,0.0,2,4.745934316269063e-05,3.0,1.8589636961492608e-08,1.8589636961492608e-08,2.4531375275311496e-07,0.10959774331421607,1.380566707483088e-07,0.04423798759010488,6.473028239563152e-08,0.11559661303301828
3345,4.0,0.0,2,6.327912421692084e-05,4.0,2.4786182615323478e-08,2.4786182615323478e-08,2.453318533638245e-07,0.10960583004422655,1.380408102497558e-07,0.04423290535442328,6.468851747108395e-08,0.11552202840828624
3346,19.0,6.0,2,0.0007753125985903767,25.0,3.0368687763038647e-07,3.0368687763038647e-07,2.4534995135439895e-07,0.10961391560365086,1.3802495631334853e-07,0.044227825221473255,6.464677949387633e-08,0.11544749190664452
3347,24.0,0.0,2,0.0008594449418084154,24.0,3.3664118363040166e-07,3.3664118363040166e-07,2.453680467277199e-07,0.10962199999377635,1.3800910893441194e-07,0.044222747189756766,6.460506844662178e-08,0.11537300349704332
3348,1.0,0.0,2,1.581978105423021e-05,1.0,6.196545653830869e-09,6.196545653830869e-09,2.453861394866654e-07,0.10963008321588884,1.3799326810827593e-07,0.04421767125777736,6.456338431194472e-08,0.11529856314845302
3349,26.0,6.0,2,0.000646165967716543,32.0,2.531006532379722e-07,2.531006532379722e-07,2.4540422963411047e-07,0.10963816527127282,1.379774338302747e-07,0.044212597424039955,6.452172707248078e-08,0.11522417082986393
3350,2.0,0.0,2,7.162041181736795e-05,2.0,2.8053431969200137e-08,2.8053431969200137e-08,2.454223171729258e-07,0.1096462461612108,1.3796160609574755e-07,0.04420752568705111,6.448009671087675e-08,0.1151498265102864
3351,25.0,1.0,2,0.0009310653536257833,26.0,3.6469461559960174e-07,3.6469461559960174e-07,2.4544040210598e-07,0.10965432588698434,1.3794578490003828e-07,0.04420245604531881,6.443849320979068e-08,0.11507553015875076
3352,25.0,1.0,2,0.0009310653536257833,26.0,3.6469461559960174e-07,3.6469461559960174e-07,2.454584844361369e-07,0.10966240444987295,1.3792997023849546e-07,0.044197388497352594,6.439691655189173e-08,0.11500128174430732
3353,0.0,5.0,2,0.00017905102954341988,5.0,7.013357992300035e-08,7.013357992300035e-08,2.454765641662579e-07,0.10967048185115501,1.3791416210647244e-07,0.044192323041663525,6.435536671986028e-08,0.1149270812360264
3354,12.0,36.0,2,0.0007793399154575037,48.0,3.052643617146509e-07,3.052643617146509e-07,2.454946412992005e-07,0.10967855809210711,1.3789836049932702e-07,0.04418725967676406,6.431384369638791e-08,0.1148529286029982
3355,12.0,0.0,2,0.0001898373726507625,12.0,7.435854784597043e-08,7.435854784597043e-08,2.4551271583781917e-07,0.10968663317400458,1.3788256541242196e-07,0.0441821984011683,6.427234746417741e-08,0.11477882381433299
3356,11.0,2.0,2,0.0002856188531228078,13.0,1.1187577482287811e-07,1.1187577482287811e-07,2.455307877849646e-07,0.10969470709812096,1.3786677684112442e-07,0.04417713921339172,6.423087800594255e-08,0.11470476683916077
3357,216.0,3.0,2,0.0034845224757308695,219.0,1.3648736685197295e-06,1.3648736685197295e-06,2.4554885714348474e-07,0.10970277986572866,1.378509947808065e-07,0.04417208211195139,6.418943530440846e-08,0.11463075764663164
3358,70.0,0.0,2,0.0011073846737961147,70.0,4.337581957681609e-07,4.337581957681609e-07,2.4556692391622347e-07,0.10971085147809816,1.3783521922684494e-07,0.04416702709536582,6.414801934231118e-08,0.11455679620591552
3359,10.0,0.0,2,0.00019817866025120963,10.0,7.762579719984709e-08,7.762579719984709e-08,2.455849881060215e-07,0.10971892193649865,1.3781945017462075e-07,0.044161974162154984,6.410663010239824e-08,0.11448288248620227
3360,59.0,1.0,2,0.0010691294123805351,60.0,4.1877376121446733e-07,4.1877376121446733e-07,2.4560304971571687e-07,0.10972699124219805,1.3780368761952017e-07,0.04415692331084045,6.406526756742795e-08,0.11440901645670157
3361,164.0,1.0,2,0.0034698521426894963,165.0,1.359127357105169e-06,1.359127357105169e-06,2.4562110874814306e-07,0.10973505939646223,1.3778793155693362e-07,0.04415187453994517,6.402393172016989e-08,0.11433519808664303
3362,5.0,73.0,2,0.0013139046216477715,78.0,5.146512423218847e-07,5.146512423218847e-07,2.456391652061308e-07,0.109743126400556,1.3777218198225622e-07,0.044146827847993605,6.398262254340494e-08,0.11426142734527604
3363,36.0,0.0,2,0.0006494738173701026,36.0,2.543963248609881e-07,2.543963248609881e-07,2.4565721909250787e-07,0.10975119225574256,1.377564388908882e-07,0.044141783233511776,6.394134001992467e-08,0.11418770420186991
3364,45.0,17.0,2,0.0018604051189582387,62.0,7.287133250913587e-07,7.287133250913587e-07,2.456752704100979e-07,0.10975925696328342,1.3774070227823383e-07,0.04413674069502713,6.39000841325322e-08,0.11411402862571378
3365,22.0,1.0,2,0.0007636634613363702,23.0,2.99123956653494e-07,2.99123956653494e-07,2.4569331916172204e-07,0.10976732052443909,1.377249721397023e-07,0.04413170023106853,6.38588548640413e-08,0.11404040058611646
3366,17.0,0.0,2,0.0005488022258842663,17.0,2.1496366074589356e-07,2.1496366074589356e-07,2.457113653501974e-07,0.10977538294046807,1.377092484707073e-07,0.044126661840166434,6.381765219727726e-08,0.11396682005240671
3367,2.0,4.0,2,0.00011490911117983501,6.0,4.5009444253754414e-08,4.5009444253754414e-08,2.457294089783379e-07,0.10978344421262753,1.376935312666673e-07,0.04412162552085275,6.377647611507617e-08,0.11389328699393306
3368,8.0,0.0,2,0.0001665390981427492,8.0,6.523270589218535e-08,6.523270589218535e-08,2.4574745004895454e-07,0.10979150434217332,1.3767782052300503e-07,0.04411659127166077,6.37353266002853e-08,0.11381980138006376
3369,1.0,0.0,2,1.581978105423021e-05,1.0,6.196545653830869e-09,6.196545653830869e-09,2.4576548856485467e-07,0.1097995633303597,1.3766211623514826e-07,0.04411155909112538,6.369420363576298e-08,0.11374636318018688
3370,4.0,0.0,2,6.327912421692084e-05,4.0,2.4786182615323478e-08,2.4786182615323478e-08,2.4578352452884237e-07,0.10980762117843941,1.3764641839852908e-07,0.044106528977782895,6.365310720437858e-08,0.11367297236371021
3371,11.0,0.0,2,0.0002539792910143474,11.0,9.948268351521636e-08,9.948268351521636e-08,2.4580155794371834e-07,0.1098156778876637,1.376307270085841e-07,0.04410150093017104,6.361203728901254e-08,0.11359962890006131
3372,95.0,4.0,2,0.0018660146971855973,99.0,7.309105746907941e-07,7.309105746907941e-07,2.458195888122801e-07,0.10982373345928245,1.376150420607548e-07,0.04409647494682911,6.357099387255631e-08,0.11352633275868741
3373,14.0,10.0,2,0.0006395502684094239,24.0,2.5050930999194045e-07,2.5050930999194045e-07,2.4583761713732196e-07,0.10983178789454402,1.3759936355048696e-07,0.044091451026297766,6.35299769379125e-08,0.11345308390905556
3374,3.0,0.0,2,6.74497680171444e-05,3.0,2.641980729226181e-08,2.641980729226181e-08,2.4585564292163466e-07,0.10983984119469523,1.3758369147323105e-07,0.04408642916711921,6.34889864679945e-08,0.11337988232065233
3375,5.0,0.0,2,7.909890527115104e-05,5.0,3.098272826915435e-08,3.098272826915435e-08,2.458736661680056e-07,0.10984789336098141,1.3756802582444217e-07,0.044081409367837096,6.344802244572698e-08,0.11330672796298412
3376,7.0,2.0,2,0.00020234930405143317,9.0,7.925942187678542e-08,7.925942187678542e-08,2.4589168687921963e-07,0.1098559443946467,1.3755236659957983e-07,0.044076391626996496,6.340708485404553e-08,0.11323362080557699
3377,35.0,62.0,2,0.0021142410830394896,97.0,8.281398680139011e-07,8.281398680139011e-07,2.4590970505805733e-07,0.10986399429693337,1.3753671379410815e-07,0.04407137594314395,6.336617367589672e-08,0.11316056081797664
3378,20.0,0.0,2,0.0006962136933192257,20.0,2.7270414936123214e-07,2.7270414936123214e-07,2.459277207072966e-07,0.10987204306908255,1.3752106740349572e-07,0.04406636231482749,6.332528889423818e-08,0.1130875479697484
3379,3.0,0.0,2,4.745934316269063e-05,3.0,1.8589636961492608e-08,1.8589636961492608e-08,2.459457338297119e-07,0.10988009071233369,1.375054274232158e-07,0.04406135074059654,6.328443049203847e-08,0.11301458223047728
3380,60.0,0.0,2,0.0018887368314131395,60.0,7.398107447760045e-07,7.398107447760045e-07,2.459637444280744e-07,0.10988813722792493,1.3748979384874627e-07,0.04405634121900209,6.324359845227722e-08,0.11294166356976788
3381,8.0,0.0,2,0.00012655824843384167,8.0,4.9572365230646955e-08,4.9572365230646955e-08,2.4598175250515217e-07,0.10989618261709287,1.3747416667556926e-07,0.04405133374859645,6.320279275794497e-08,0.11286879195724443
3382,10.0,0.0,2,0.0001581978105423021,10.0,6.19654565383087e-08,6.19654565383087e-08,2.459997580637097e-07,0.10990422688107267,1.3745854589917164e-07,0.04404632832793347,6.316201339204332e-08,0.11279596736255082
3383,27.0,0.0,2,0.0008469330104077447,27.0,3.317403095995866e-07,3.317403095995866e-07,2.4601776110650863e-07,0.10991227002109807,1.374429315150445e-07,0.044041324955568346,6.312126033758468e-08,0.11272318975535031
3384,11.0,8.0,2,0.0005204705134293654,19.0,2.0386624106124772e-07,2.0386624106124772e-07,2.460357616363073e-07,0.10992031203840144,1.3742732351868397e-07,0.044036323630057876,6.308053357759262e-08,0.11265045910532598
3385,31.0,1.0,2,0.0005462138434442742,32.0,2.139498015841262e-07,2.139498015841262e-07,2.4605375965586024e-07,0.10992835293421338,1.3741172190559012e-07,0.04403132434996014,6.303983309510151e-08,0.11257777538218035
3386,117.0,10.0,2,0.002069083468450598,127.0,8.10451809028828e-07,8.10451809028828e-07,2.460717551679192e-07,0.10993639270976333,1.3739612667126797e-07,0.04402632711383479,6.29991588731567e-08,0.11250513855563553
3387,6.0,83.0,2,0.0014479413635353961,89.0,5.671529038524857e-07,5.671529038524857e-07,2.46089748175233e-07,0.10994443136627931,1.3738053781122655e-07,0.04402133192024279,6.295851089481463e-08,0.11243254859543311
3388,17.0,0.0,2,0.0002889267027763673,17.0,1.1317144644589398e-07,1.1317144644589398e-07,2.4610773868054685e-07,0.10995246890498779,1.3736495532097986e-07,0.044016338767746646,6.291788914314236e-08,0.11236000547133429
3389,10.0,1.0,2,0.00021399844130543986,11.0,8.382234285367796e-08,8.382234285367796e-08,2.461257266866024e-07,0.1099605053271137,1.3734937919604617e-07,0.04401134765491027,6.28772936012182e-08,0.11228750915311969
3390,12.0,0.0,2,0.00024980864721412384,12.0,9.784905883827804e-08,9.784905883827804e-08,2.461437121961386e-07,0.10996854063388065,1.3733380943194818e-07,0.044006358580299,6.283672425213118e-08,0.1122150596105895
3391,10.0,0.0,2,0.00017818823539675588,10.0,6.97956268690779e-08,6.97956268690779e-08,2.4616169521189105e-07,0.10997657482651084,1.3731824602421313e-07,0.04400137154247959,6.279618107898133e-08,0.11214265681356339
3392,162.0,1.0,2,0.002578624311839524,163.0,1.0100369415744316e-06,1.0100369415744316e-06,2.461796757365925e-07,0.10998460790622512,1.373026889683727e-07,0.04399638654002025,6.27556640648795e-08,0.11207030073188039
3393,3.0,1.0,2,6.327912421692084e-05,4.0,2.4786182615323478e-08,2.4786182615323478e-08,2.4619765377297154e-07,0.10999263987424264,1.3728713825996288e-07,0.04399140357149058,6.271517319294754e-08,0.11199799133539913
3394,2.0,0.0,2,5.1629986962914183e-05,2.0,2.0223261638430936e-08,2.0223261638430936e-08,2.462156293237542e-07,0.1100006707317812,1.3727159389452452e-07,0.043986422635461694,6.26747084463181e-08,0.11192572859399763
3395,13.0,0.0,2,0.00024563800341390025,13.0,9.62154341613397e-08,9.62154341613397e-08,2.462336023916636e-07,0.11000870048005741,1.3725605586760244e-07,0.04398144373050601,6.263426980813477e-08,0.11185351247757334
3396,26.0,0.0,2,0.0009310653536257833,26.0,3.6469461559960174e-07,3.6469461559960174e-07,2.462515729794191e-07,0.11001672912028623,1.3724052417474618e-07,0.04397646685519746,6.259385726155202e-08,0.11178134295604317
3397,65.0,2.0,2,0.0014197529780135918,67.0,5.561116247605138e-07,5.561116247605138e-07,2.46269541089737e-07,0.11002475665368118,1.3722499881150964e-07,0.04397149200811136,6.255347078973511e-08,0.11170921999934338
3398,11.0,0.0,2,0.00023398886615989362,11.0,9.165251318444717e-08,9.165251318444717e-08,2.462875067253306e-07,0.11003278308145444,1.3720947977345129e-07,0.043966519187824474,6.251311037586032e-08,0.1116371435774297
3399,71.0,1.0,2,0.001159014660759029,72.0,4.5398145740659184e-07,4.5398145740659184e-07,2.463054698889099e-07,0.1100408084048168,1.3719396705613374e-07,0.04396154839291494,6.247277600311461e-08,0.11156511366027717
3400,108.0,2.0,2,0.0018001471905286844,110.0,7.051105329137032e-07,7.051105329137032e-07,2.463234305831817e-07,0.11004883262497751,1.3717846065512412e-07,0.043956579621962324,6.243246765469587e-08,0.1114931302178803
3401,23.0,31.0,2,0.001314047948580868,54.0,5.147073829145585e-07,5.147073829145585e-07,2.463413888108497e-07,0.11005685574314454,1.3716296056599412e-07,0.04395161287354762,6.239218531381285e-08,0.11142119322025282
3402,32.0,0.0,2,0.0011259361642234334,32.0,4.4102474117643295e-07,4.4102474117643295e-07,2.463593445746144e-07,0.11006487776052437,1.371474667843198e-07,0.04394664814625326,6.235192896368503e-08,0.1113493026374279
3403,12.0,0.0,2,0.00034976077148639263,12.0,1.36999910492124e-07,1.36999910492124e-07,2.463772978771732e-07,0.11007289867832208,1.3713197930568134e-07,0.04394168543866299,6.231169858754291e-08,0.11127745843945805
3404,50.0,1.0,2,0.0014265120042538074,51.0,5.587591085992195e-07,5.587591085992195e-07,2.4639524872121997e-07,0.11008091849774124,1.3711649812566375e-07,0.04393672474936209,6.227149416862759e-08,0.11120566059641508
3405,23.0,1.0,2,0.0008594449418084154,24.0,3.3664118363040166e-07,3.3664118363040166e-07,2.464131971094463e-07,0.1100889372199843,1.3710102323985605e-07,0.04393176607693714,6.223131569019119e-08,0.11113390907839012
3406,14.0,0.0,2,0.00022147693475922293,14.0,8.675163915363217e-08,8.675163915363217e-08,2.4643114304453946e-07,0.1100969548462519,1.370855546438519e-07,0.04392680941997622,6.219116313549645e-08,0.11106220385549358
3407,246.0,11.0,2,0.004485482652880693,257.0,1.7569458099806866e-06,1.7569458099806866e-06,2.4644908652918474e-07,0.11010497137774364,1.370700923332493e-07,0.04392185477706872,6.215103648781693e-08,0.11099054489785516
3408,7.0,4.0,2,0.0002539792910143474,11.0,9.948268351521636e-08,9.948268351521636e-08,2.4646702756606314e-07,0.11011298681565747,1.3705463630365015e-07,0.04391690214680544,6.211093573043732e-08,0.11091893217562386
3409,11.0,0.0,2,0.00021399844130543986,11.0,8.382234285367796e-08,8.382234285367796e-08,2.4648496615785357e-07,0.11012100116119009,1.3703918655066165e-07,0.043911951527778686,6.207086084665257e-08,0.11084736565896797
3410,204.0,1.0,2,0.003243055116117193,205.0,1.2702918590353282e-06,1.2702918590353282e-06,2.465029023072314e-07,0.11012901441553677,1.3702374306989458e-07,0.04390700291858206,6.203081181976871e-08,0.11077584531807484
3411,105.0,12.0,2,0.001970856932471657,117.0,7.719768634828269e-07,7.719768634828269e-07,2.465208360168684e-07,0.11013702657989127,1.3700830585696438e-07,0.04390205631781057,6.199078863310254e-08,0.11070437112315129
3412,0.0,0.0,2,0.0,0.0,0.0,0.0,2.4653876728943403e-07,0.11014503765544609,1.3699287490749075e-07,0.04389711172406065,6.195079126998146e-08,0.11063294304442324
3413,0.0,0.0,2,0.0,0.0,0.0,0.0,2.4655669612759406e-07,0.11015304764339226,1.3697745021709781e-07,0.043892169135930095,6.191081971374385e-08,0.11056156105213585
3414,16.0,0.0,2,0.0005729632945389436,16.0,2.244274557536011e-07,2.244274557536011e-07,2.4657462253401155e-07,0.11016105654491956,1.3696203178141393e-07,0.0438872285520181,6.187087394773873e-08,0.11049022511655349
3415,2.0,0.0,2,7.162041181736795e-05,2.0,2.8053431969200137e-08,2.8053431969200137e-08,2.4659254651134597e-07,0.11016906436121612,1.3694661959607194e-07,0.04388228997092528,6.183095395532581e-08,0.11041893520795967
3416,3.0,12.0,2,0.0002572871406679069,15.0,1.0077835513823222e-07,1.0077835513823222e-07,2.4661046806225413e-07,0.11017707109346894,1.3693121365670888e-07,0.04387735339125359,6.179105971987562e-08,0.11034769129665713
3417,6.0,0.0,2,0.0001348995360342888,6.0,5.283961458452362e-08,5.283961458452362e-08,2.466283871893894e-07,0.11018507674286343,1.3691581395896622e-07,0.04387241881160642,6.17511912247694e-08,0.11027649335296774
3418,34.0,3.0,2,0.0010451116706589544,37.0,4.0936610679943375e-07,4.0936610679943375e-07,2.4664630389540243e-07,0.1101930813105838,1.3690042049848943e-07,0.04386748623058842,6.171134845339912e-08,0.11020534134723256
3419,17.0,2.0,2,0.00030057584003037396,19.0,1.1773436742278651e-07,1.1773436742278651e-07,2.466642181829405e-07,0.11020108479781278,1.3688503327092887e-07,0.043862555646805836,6.16715313891674e-08,0.11013423524981167
3420,13.0,1.0,2,0.00048135245786712187,14.0,1.8854385345363174e-07,1.8854385345363174e-07,2.4668213005464774e-07,0.11020908720573169,1.3686965227193873e-07,0.0438576270588661,6.163174001548764e-08,0.11006317503108438
3421,3.0,0.0,2,4.745934316269063e-05,3.0,1.8589636961492608e-08,1.8589636961492608e-08,2.467000395131656e-07,0.1102170885355206,1.3685427749717757e-07,0.04385270046537809,6.159197431578391e-08,0.10999216066144912
3422,1.0,0.0,2,1.581978105423021e-05,1.0,6.196545653830869e-09,6.196545653830869e-09,2.467179465611318e-07,0.11022508878835799,1.3683890894230852e-07,0.04384777586495212,6.1552234273491e-08,0.10992119211132337
3423,1.0,3.0,2,6.327912421692084e-05,4.0,2.4786182615323478e-08,2.4786182615323478e-08,2.4673585120118164e-07,0.11023308796542122,1.3682354660299855e-07,0.04384285325619975,6.151251987205437e-08,0.1098502693511437
3424,0.0,0.0,2,0.0,0.0,0.0,0.0,2.4675375343594696e-07,0.11024108606788609,1.3680819047491937e-07,0.04383793263773404,6.147283109493018e-08,0.10977939235136577
3425,1.0,0.0,1,3.5810205908683974e-05,1.0,1.4026715984600068e-08,1.4026715984600068e-08,1.1549419299275048e-07,0.11024908309692714,6.604988668596224e-08,0.04383301400816931,3.029007752501028e-08,0.10970856108246431
3426,14.0,0.0,1,0.0005013428827215756,14.0,1.9637402378440096e-07,1.9637402378440096e-07,1.1550256935789348e-07,0.11025707905371745,6.604247803160676e-08,0.0438280973661213,3.0270533924155264e-08,0.10963777551493309
3427,0.0,0.0,1,0.0,0.0,0.0,0.0,1.155109446010009e-07,0.11026507393942885,6.60350723700621e-08,0.04382318271020721,3.025100293311728e-08,0.10956703561928496
3428,35.0,0.0,1,0.001253357206803939,35.0,4.909350594610024e-07,4.909350594610024e-07,1.1551931872329878e-07,0.1102730677552317,6.602766969924643e-08,0.04381827003904544,3.023148454376022e-08,0.10949634136605166
3429,0.0,0.0,1,0.0,0.0,0.0,0.0,1.1552769172601173e-07,0.110281060502295,6.602027001708004e-08,0.0438133593512558,3.0211978747953345e-08,0.10942569272578409
3430,5.0,0.0,1,0.00017905102954341988,5.0,7.013357992300035e-08,7.013357992300035e-08,1.155360636103631e-07,0.11028905218178653,6.601287332148537e-08,0.04380845064545957,3.019248553757109e-08,0.10935508966905208
3431,51.0,0.0,1,0.0018263205013428828,51.0,7.153625152146036e-07,7.153625152146036e-07,1.155444343775746e-07,0.11029704279487251,6.600547961038672e-08,0.04380354392027925,3.017300490449318e-08,0.10928453216644449
3432,1.0,0.0,1,3.5810205908683974e-05,1.0,1.4026715984600068e-08,1.4026715984600068e-08,1.1555280402886654e-07,0.1103050323427179,6.599808888171063e-08,0.04379863917433881,3.0153536840604494e-08,0.10921402018856911
3433,15.0,0.0,1,0.0005371530886302597,15.0,2.1040073976900105e-07,2.1040073976900105e-07,1.1556117256545807e-07,0.11031302082648642,6.599070113338553e-08,0.043793736406263474,3.013408133779528e-08,0.10914355370605275
3434,2.0,0.0,1,7.162041181736795e-05,2.0,2.8053431969200137e-08,2.8053431969200137e-08,1.155695399885667e-07,0.11032100824734027,6.598331636334194e-08,0.04378883561467989,3.0114638387960895e-08,0.1090731326895411
3435,28.0,0.0,1,0.0010026857654431513,28.0,3.927480475688019e-07,3.927480475688019e-07,1.1557790629940842e-07,0.11032899460644026,6.597593456951253e-08,0.04378393679821607,3.0095207983002027e-08,0.10900275710969884
3436,0.0,0.0,1,0.0,0.0,0.0,0.0,1.155862714991982e-07,0.11033697990494616,6.59685557498318e-08,0.043779039955501316,3.0075790114824484e-08,0.10893242693720964
3437,3.0,0.0,1,0.00010743061772605193,3.0,4.208014795380021e-08,4.208014795380021e-08,1.1559463558914918e-07,0.11034496414401604,6.596117990223645e-08,0.04377414508516631,3.0056384775339375e-08,0.10886214214277588
3438,50.0,0.0,1,0.0017905102954341987,50.0,7.013357992300034e-07,7.013357992300034e-07,1.1560299857047327e-07,0.11035294732480672,6.59538070246652e-08,0.04376925218584312,3.0036991956463e-08,0.10879190269711905
3439,1.0,0.0,1,3.5810205908683974e-05,1.0,1.4026715984600068e-08,1.4026715984600068e-08,1.1561136044438094e-07,0.11036092944847378,6.594643711505864e-08,0.043764361256165105,3.0017611650116894e-08,0.10872170857097944
3440,17.0,0.0,1,0.0006087735004476276,17.0,2.384541717382012e-07,2.384541717382012e-07,1.156197212120814e-07,0.11036891051617144,6.593907017135956e-08,0.04375947229476697,2.9998243848227776e-08,0.10865155973511625
3441,34.0,0.0,1,0.0012175470008952553,34.0,4.769083434764024e-07,4.769083434764024e-07,1.1562808087478228e-07,0.11037689052905254,6.593170619151278e-08,0.043754585300284816,2.997888854272757e-08,0.10858145616030752
3442,0.0,0.0,1,0.0,0.0,0.0,0.0,1.1563643943368988e-07,0.11038486948826852,6.592434517346496e-08,0.043749700271356044,2.995954572555349e-08,0.10851139781735017
3443,30.0,0.0,1,0.0010743061772605193,30.0,4.208014795380021e-07,4.208014795380021e-07,1.156447968900092e-07,0.11039284739496973,6.59169871151649e-08,0.04374481720661934,2.9940215388647834e-08,0.10844138467705992
3444,14.0,1.0,1,0.0005371530886302597,15.0,2.1040073976900105e-07,2.1040073976900105e-07,1.1565315324494353e-07,0.11040082425030479,6.590963201456349e-08,0.043739936104714876,2.9920897523958134e-08,0.10837141671027138
3445,2.0,23.0,1,0.0008952551477170994,25.0,3.506678996150017e-07,3.506678996150017e-07,1.1566150849969505e-07,0.11040880005542128,6.590227986961356e-08,0.04373505696428405,2.990159212343713e-08,0.10830149388783797
3446,1.0,0.0,1,3.5810205908683974e-05,1.0,1.4026715984600068e-08,1.4026715984600068e-08,1.1566986265546449e-07,0.11041677481146539,6.589493067826986e-08,0.04373017978396959,2.988229917904284e-08,0.10823161618063182
3447,1.0,0.0,1,3.5810205908683974e-05,1.0,1.4026715984600068e-08,1.4026715984600068e-08,1.1567821571345107e-07,0.11042474851958191,6.58875844384893e-08,0.04372530456241562,2.98630186827383e-08,0.10816178355954394
3448,0.0,0.0,1,0.0,0.0,0.0,0.0,1.1568656767485295e-07,0.11043272118091454,6.588024114823061e-08,0.043720431298267484,2.9843750626491864e-08,0.10809199599548414
3449,15.0,0.0,1,0.0005371530886302597,15.0,2.1040073976900105e-07,2.1040073976900105e-07,1.1569491854086644e-07,0.11044069279660532,6.58729008054548e-08,0.043715559990172036,2.982449500227702e-08,0.10802225345938095
3450,4.0,0.0,1,0.0001432408236347359,4.0,5.6106863938400274e-08,5.6106863938400274e-08,1.1570326831268679e-07,0.11044866336779514,6.586556340812465e-08,0.0437106906367773,2.980525180207241e-08,0.10795255592218167
3451,0.0,0.0,1,0.0,0.0,0.0,0.0,1.1571161699150771e-07,0.11045663289562357,6.585822895420496e-08,0.04370582323673265,2.9786021017861916e-08,0.10788290335485237
3452,3.0,0.0,1,0.00010743061772605193,3.0,4.208014795380021e-08,4.208014795380021e-08,1.1571996457852163e-07,0.11046460138122888,6.585089744166264e-08,0.04370095778868887,2.9766802641634546e-08,0.10781329572837782
3453,4.0,7.0,1,0.00039391226499552374,11.0,1.5429387583060076e-07,1.5429387583060076e-07,1.1572831107491965e-07,0.110472568825748,6.584356886846648e-08,0.043696094291297956,2.974759666538448e-08,0.10774373301376151
3454,1.0,0.0,1,3.5810205908683974e-05,1.0,1.4026715984600068e-08,1.4026715984600068e-08,1.1573665648189129e-07,0.11048053523031652,6.583624323258735e-08,0.04369123274321332,2.9728403081111107e-08,0.10767421518202573
3455,1.0,0.0,1,3.5810205908683974e-05,1.0,1.4026715984600068e-08,1.4026715984600068e-08,1.1574500080062479e-07,0.11048850059606867,6.582892053199806e-08,0.043686373143089645,2.9709221880818887e-08,0.10760474220421126
3456,1.0,0.0,1,3.5810205908683974e-05,1.0,1.4026715984600068e-08,1.4026715984600068e-08,1.1575334403230721e-07,0.11049646492413762,6.582160076467332e-08,0.04368151548958288,2.969005305651753e-08,0.10753531405137777
3457,38.0,0.0,1,0.001360787824529991,38.0,5.330152074148025e-07,5.330152074148025e-07,1.1576168617812378e-07,0.11050442821565472,6.581428392859005e-08,0.043676659781350415,2.9670896600221835e-08,0.10746593069460351
3458,0.0,0.0,1,0.0,0.0,0.0,0.0,1.157700272392588e-07,0.1105123904717506,6.580697002172694e-08,0.04367180601705088,2.9651752503951847e-08,0.10739659210498542
3459,0.0,3.0,1,0.00010743061772605193,3.0,4.208014795380021e-08,4.208014795380021e-08,1.1577836721689515e-07,0.11052035169355433,6.57996590420647e-08,0.04366695419534417,2.9632620759732636e-08,0.10732729825363907
3460,20.0,0.0,1,0.0007162041181736795,20.0,2.805343196920014e-07,2.805343196920014e-07,1.15786706112214e-07,0.11052831188219342,6.579235098758611e-08,0.0436621043148916,2.9613501359594503e-08,0.10725804911169867
3461,0.0,0.0,1,0.0,0.0,0.0,0.0,1.1579504392639552e-07,0.11053627103879451,6.578504585627582e-08,0.04365725637435572,2.959439429557285e-08,0.10718884465031707
3462,16.0,0.0,1,0.0005729632945389436,16.0,2.244274557536011e-07,2.244274557536011e-07,1.158033806606184e-07,0.11054422916448273,6.577774364612051e-08,0.043652410372400405,2.9575299559708252e-08,0.1071196848406657
3463,20.0,0.0,1,0.0007162041181736795,20.0,2.805343196920014e-07,2.805343196920014e-07,1.1581171631605992e-07,0.11055218626038188,6.577044435510878e-08,0.04364756630769084,2.955621714404642e-08,0.10705056965393467
3464,0.0,0.0,1,0.0,0.0,0.0,0.0,1.1582005089389611e-07,0.11056014232761462,6.576314798123127e-08,0.04364272417889352,2.9537147040638115e-08,0.10698149906133253
3465,12.0,0.0,1,0.0004297224709042077,12.0,1.6832059181520083e-07,1.6832059181520083e-07,1.1582838439530155e-07,0.11056809736730215,6.575585452248049e-08,0.04363788398467622,2.951808924153935e-08,0.10691247303408653
3466,53.0,0.0,1,0.0018979409131602506,53.0,7.434159471838036e-07,7.434159471838036e-07,1.1583671682144949e-07,0.1105760513805644,6.574856397685096e-08,0.043633045723708005,2.9499043738811163e-08,0.10684349154344247
3467,2.0,0.0,1,7.162041181736795e-05,2.0,2.8053431969200137e-08,2.8053431969200137e-08,1.1584504817351171e-07,0.11058400436852009,6.574127634233913e-08,0.043628209394659306,2.9480010524519812e-08,0.10677455456066466
3468,0.0,3.0,1,0.00010743061772605193,3.0,4.208014795380021e-08,4.208014795380021e-08,1.1585337845265893e-07,0.11059195633228662,6.573399161694348e-08,0.0436233749962018,2.9460989590736568e-08,0.106705662057036
3469,15.0,0.0,1,0.0005371530886302597,15.0,2.1040073976900105e-07,2.1040073976900105e-07,1.1586170766006025e-07,0.11059990727298002,6.572670979866437e-08,0.043618542527008475,2.9441980929537887e-08,0.10663681400385785
3470,0.0,0.0,1,0.0,0.0,0.0,0.0,1.1587003579688358e-07,0.11060785719171522,6.571943088550412e-08,0.04361371198575357,2.9422984533005305e-08,0.10656801037245017
3471,1.0,0.0,1,3.5810205908683974e-05,1.0,1.4026715984600068e-08,1.4026715984600068e-08,1.158783628642954e-07,0.11061580608960567,6.5712154875467e-08,0.04360888337111268,2.94040003932255e-08,0.10649925113415139
3472,55.0,0.0,1,0.0019695613249776185,55.0,7.714693791530037e-07,7.714693791530037e-07,1.1588668886346085e-07,0.11062375396776357,6.57048817665593e-08,0.043604056681762704,2.938502850229021e-08,0.10643053626031844
3473,0.0,0.0,1,0.0,0.0,0.0,0.0,1.1589501379554383e-07,0.11063170082730009,6.569761155678908e-08,0.04359923191638172,2.9366068852296355e-08,0.10636186572232664
3474,11.0,0.0,1,0.00039391226499552374,11.0,1.5429387583060076e-07,1.5429387583060076e-07,1.1590333766170669e-07,0.11063964666932467,6.56903442441665e-08,0.043594409073649205,2.9347121435345838e-08,0.10629323949156991
3475,0.0,0.0,1,0.0,0.0,0.0,0.0,1.1591166046311067e-07,0.11064759149494585,6.568307982670366e-08,0.0435895881522459,2.9328186243545745e-08,0.10622465753946056
3476,5.0,1.0,1,0.00021486123545210386,6.0,8.416029590760041e-08,8.416029590760041e-08,1.159199822009156e-07,0.1106555353052708,6.567581830241447e-08,0.04358476915085379,2.930926326900823e-08,0.10615611983742937
3477,2.0,0.0,1,7.162041181736795e-05,2.0,2.8053431969200137e-08,2.8053431969200137e-08,1.1592830287627982e-07,0.11066347810140523,6.566855966931485e-08,0.04357995206815615,2.9290352503850543e-08,0.10608762635692555
3478,1.0,0.0,1,3.5810205908683974e-05,1.0,1.4026715984600068e-08,1.4026715984600068e-08,1.1593662249036067e-07,0.11067141988445393,6.566130392542269e-08,0.0435751369028376,2.9271453940194998e-08,0.1060191770694167
3479,0.0,0.0,1,0.0,0.0,0.0,0.0,1.1594494104431373e-07,0.11067936065552002,6.565405106875771e-08,0.043570323653583945,2.9252567570169027e-08,0.10595077194638888
3480,49.0,0.0,1,0.0017547000895255147,49.0,6.873090832454033e-07,6.873090832454033e-07,1.1595325853929369e-07,0.11068730041570571,6.564680109734166e-08,0.04356551231908235,2.9233693385905147e-08,0.1058824109593465
3481,0.0,0.0,1,0.0,0.0,0.0,0.0,1.1596157497645369e-07,0.11069523916611182,6.56395540091981e-08,0.04356070289802118,2.921483137954083e-08,0.10581409407981245
3482,1.0,0.0,1,3.5810205908683974e-05,1.0,1.4026715984600068e-08,1.4026715984600068e-08,1.1596989035694535e-07,0.11070317690783762,6.563230980235263e-08,0.04355589538909017,2.9195981543218795e-08,0.10574582127932779
3483,18.0,3.0,1,0.0007520143240823634,21.0,2.945610356766014e-07,2.945610356766014e-07,1.1597820468191945e-07,0.11071111364198166,6.562506847483268e-08,0.043551089790980234,2.9177143869086734e-08,0.10567759252945214
3484,0.0,0.0,1,0.0,0.0,0.0,0.0,1.1598651795252501e-07,0.11071904936964079,6.56178300246677e-08,0.04354628610238364,2.915831834929745e-08,0.10560940780176341
3485,3.0,2.0,1,0.00017905102954341988,5.0,7.013357992300035e-08,7.013357992300035e-08,1.1599483016990987e-07,0.11072698409191069,6.561059444988891e-08,0.04354148432199386,2.9139504976008744e-08,0.10554126706785782
3486,0.0,1.0,1,3.5810205908683974e-05,1.0,1.4026715984600068e-08,1.4026715984600068e-08,1.160031413352207e-07,0.11073491780988597,6.560336174852951e-08,0.04353668444850565,2.9120703741383535e-08,0.10547317029934998
3487,10.0,0.0,1,0.00035810205908683976,10.0,1.402671598460007e-07,1.402671598460007e-07,1.160114514496027e-07,0.11074285052465979,6.559613191862466e-08,0.04353188648061506,2.9101914637589768e-08,0.10540511746787272
3488,0.0,0.0,1,0.0,0.0,0.0,0.0,1.160197605141999e-07,0.11075078223732428,6.558890495821132e-08,0.04352709041701937,2.9083137656800475e-08,0.10533710854507726
3489,31.0,1.0,1,0.0011459265890778872,32.0,4.488549115072022e-07,4.488549115072022e-07,1.1602806853015458e-07,0.11075871294896981,6.558168086532848e-08,0.04352229625641714,2.9064372791193677e-08,0.10526914350263307
3490,2.0,0.0,1,7.162041181736795e-05,2.0,2.8053431969200137e-08,2.8053431969200137e-08,1.1603637549860825e-07,0.11076664266068605,6.557445963801694e-08,0.043517503997508256,2.9045620032952565e-08,0.10520122231222795
3491,3.0,0.0,1,0.00010743061772605193,3.0,4.208014795380021e-08,4.208014795380021e-08,1.16044681420701e-07,0.11077457137356131,6.556724127431936e-08,0.04351271363899369,2.9026879374265197e-08,0.10513334494556782
3492,21.0,0.0,1,0.0007520143240823634,21.0,2.945610356766014e-07,2.945610356766014e-07,1.1605298629757143e-07,0.11078249908868248,6.556002577228043e-08,0.04350792517957587,2.9008150807324816e-08,0.10506551137437702
3493,0.0,0.0,1,0.0,0.0,0.0,0.0,1.1606129013035677e-07,0.11079042580713519,6.555281312994677e-08,0.04350313861795842,2.89894343243296e-08,0.10499772157039806
3494,4.0,0.0,1,0.0001432408236347359,4.0,5.6106863938400274e-08,5.6106863938400274e-08,1.1606959292019334e-07,0.1107983515300041,6.554560334536658e-08,0.04349835395284609,2.8970729917482863e-08,0.10492997550539172
3495,11.0,1.0,1,0.0004297224709042077,12.0,1.6832059181520083e-07,1.6832059181520083e-07,1.1607789466821577e-07,0.1108062762583723,6.553839641659032e-08,0.0434935711829451,2.8952037578992874e-08,0.10486227315113694
3496,0.0,0.0,1,0.0,0.0,0.0,0.0,1.1608619537555751e-07,0.11081419999332183,6.553119234167004e-08,0.04348879030696271,2.893335730107296e-08,0.10479461447943093
3497,0.0,0.0,1,0.0,0.0,0.0,0.0,1.1609449504335091e-07,0.11082212273593356,6.552399111865992e-08,0.043484011323607616,2.8914689075941465e-08,0.10472699946208908
3498,0.0,0.0,1,0.0,0.0,0.0,0.0,1.1610279367272664e-07,0.11083004448728682,6.551679274561592e-08,0.04347923423158967,2.889603289582175e-08,0.10465942807094492
3499,3.0,0.0,1,0.00010743061772605193,3.0,4.208014795380021e-08,4.208014795380021e-08,1.1611109126481446e-07,0.1108379652484601,6.55095972205958e-08,0.04347445902961994,2.887738875294221e-08,0.10459190027785026
3500,56.0,2.0,1,0.0020769919427036706,58.0,8.13549527106804e-07,8.13549527106804e-07,1.1611938782074248e-07,0.11084588502053025,6.550240454165934e-08,0.04346968571641083,2.8858756639536182e-08,0.1045244160546749
3501,3.0,1.0,1,0.0001432408236347359,4.0,5.6106863938400274e-08,5.6106863938400274e-08,1.1612768334163791e-07,0.11085380380457326,6.54952147068681e-08,0.043464914290675935,2.8840136547842192e-08,0.10445697537330693
3502,0.0,0.0,1,0.0,0.0,0.0,0.0,1.1613597782862634e-07,0.11086172160166363,6.548802771428555e-08,0.043460144751130074,2.882152847010355e-08,0.10438957820565256
3503,6.0,2.0,1,0.0002864816472694718,8.0,1.1221372787680055e-07,1.1221372787680055e-07,1.1614427128283223e-07,0.11086963841287477,6.5480843561977e-08,0.043455377096489355,2.8802932398568708e-08,0.1043222245236361
3504,0.0,0.0,1,0.0,0.0,0.0,0.0,1.1615256370537881e-07,0.11087755423927886,6.547366224800964e-08,0.04345061132547109,2.87843483254911e-08,0.10425491429919997
3505,0.0,0.0,1,0.0,0.0,0.0,0.0,1.1616085509738777e-07,0.11088546908194669,6.546648377045265e-08,0.04344584743679389,2.8765776243129137e-08,0.10418764750430472
3506,1.0,0.0,1,3.5810205908683974e-05,1.0,1.4026715984600068e-08,1.4026715984600068e-08,1.1616914545997989e-07,0.11089338294194812,6.545930812737681e-08,0.04344108542917749,2.8747216143746234e-08,0.10412042411092896
3507,0.0,0.0,1,0.0,0.0,0.0,0.0,1.1617743479427421e-07,0.11090129582035137,6.545213531685497e-08,0.043436325301342955,2.8728668019610797e-08,0.1040532440910694
3508,0.0,0.0,1,0.0,0.0,0.0,0.0,1.1618572310138898e-07,0.11090920771822389,6.544496533696189e-08,0.04343156705201263,2.8710131862996235e-08,0.10398610741674087
3509,0.0,0.0,1,0.0,0.0,0.0,0.0,1.1619401038244092e-07,0.11091711863663171,6.54377981857739e-08,0.043426810679909895,2.86916076661809e-08,0.10391901405997608
3510,7.0,10.0,1,0.0006087735004476276,17.0,2.384541717382012e-07,2.384541717382012e-07,1.1620229663854541e-07,0.11092502857663955,6.54306338613695e-08,0.04342205618375959,2.8673095421448186e-08,0.103851963992826
3511,4.0,2.0,1,0.00021486123545210386,6.0,8.416029590760041e-08,8.416029590760041e-08,1.1621058187081666e-07,0.11093293753931102,6.542347236182889e-08,0.04341730356228764,2.8654595121086405e-08,0.10378495718735947
3512,1.0,0.0,1,3.5810205908683974e-05,1.0,1.4026715984600068e-08,1.4026715984600068e-08,1.1621886608036762e-07,0.11094084552570851,6.541631368523408e-08,0.043412552814221225,2.8636106757388886e-08,0.10371799361566347
3513,0.0,0.0,1,0.0,0.0,0.0,0.0,1.1622714926831002e-07,0.11094875253689328,6.540915782966904e-08,0.04340780393828879,2.8617630322653927e-08,0.10365107324984292
3514,1.0,0.0,1,3.5810205908683974e-05,1.0,1.4026715984600068e-08,1.4026715984600068e-08,1.1623543143575416e-07,0.1109566585739252,6.540200479321951e-08,0.04340305693321997,2.8599165809184782e-08,0.10358419606202077
3515,0.0,0.0,1,0.0,0.0,0.0,0.0,1.1624371258380922e-07,0.11096456363786306,6.53948545739731e-08,0.04339831179774563,2.8580713209289676e-08,0.10351736202433794
3516,2.0,0.0,1,7.162041181736795e-05,2.0,2.8053431969200137e-08,2.8053431969200137e-08,1.1625199271358304e-07,0.1109724677297644,6.538770717001922e-08,0.04339356853059785,2.8562272515281795e-08,0.10345057110895331
3517,1.0,0.0,1,3.5810205908683974e-05,1.0,1.4026715984600068e-08,1.4026715984600068e-08,1.1626027182618219e-07,0.11098037085068556,6.538056257944922e-08,0.04338882713050997,2.85438437194793e-08,0.10338382328804381
3518,22.0,0.0,1,0.0007878245299910475,22.0,3.085877516612015e-07,3.085877516612015e-07,1.1626854992271211e-07,0.11098827300168175,6.537342080035617e-08,0.04338408759621647,2.8525426814205268e-08,0.10331711853380415
3519,1.0,0.0,1,3.5810205908683974e-05,1.0,1.4026715984600068e-08,1.4026715984600068e-08,1.1627682700427668e-07,0.11099617418380672,6.536628183083504e-08,0.04337934992645315,2.8507021791787773e-08,0.10325045681844715
3520,0.0,0.0,1,0.0,0.0,0.0,0.0,1.1628510307197896e-07,0.11100407439811344,6.535914566898262e-08,0.04337461411995693,2.8488628644559824e-08,0.10318383811420348
3521,0.0,0.0,1,0.0,0.0,0.0,0.0,1.1629337812692035e-07,0.1110119736456533,6.535201231289754e-08,0.04336988017546602,2.8470247364859365e-08,0.10311726239332174
3522,0.0,0.0,1,0.0,0.0,0.0,0.0,1.1630165217020124e-07,0.11101987192747668,6.53448817606802e-08,0.04336514809171977,2.8451877945029305e-08,0.10305072962806844
3523,0.0,0.0,1,0.0,0.0,0.0,0.0,1.1630992520292071e-07,0.1110277692446328,6.53377540104329e-08,0.04336041786745879,2.8433520377417474e-08,0.10298423979072797
3524,0.0,0.0,1,0.0,0.0,0.0,0.0,1.1631819722617652e-07,0.11103566559816952,6.53306290602597e-08,0.043355689501424884,2.8415174654376653e-08,0.10291779285360264
3525,0.0,0.0,1,0.0,0.0,0.0,0.0,1.1632646824106525e-07,0.11104356098913365,6.532350690826656e-08,0.043350962992361096,2.8396840768264546e-08,0.10285138878901257
3526,20.0,4.0,1,0.0008594449418084154,24.0,3.3664118363040166e-07,3.3664118363040166e-07,1.1633473824868222e-07,0.11105145541857075,6.531638755256123e-08,0.043346238339011633,2.8378518711443795e-08,0.10278502756929585
3527,1.0,0.0,1,3.5810205908683974e-05,1.0,1.4026715984600068e-08,1.4026715984600068e-08,1.1634300725012152e-07,0.11105934888752521,6.530927099125315e-08,0.043341515540121923,2.836020847628199e-08,0.10271870916680823
3528,1.0,0.0,1,3.5810205908683974e-05,1.0,1.4026715984600068e-08,1.4026715984600068e-08,1.1635127524647583e-07,0.1110672413970401,6.530215722245377e-08,0.0433367945944386,2.834191005515159e-08,0.10265243355392345
3529,0.0,0.0,1,0.0,0.0,0.0,0.0,1.1635954223883702e-07,0.11107513294815773,6.52950462442762e-08,0.04333207550070948,2.8323623440430023e-08,0.10258620070303305
3530,2.0,0.0,1,7.162041181736795e-05,2.0,2.8053431969200137e-08,2.8053431969200137e-08,1.1636780822829528e-07,0.11108302354191875,6.528793805483544e-08,0.04332735825768359,2.8305348624499617e-08,0.10252001058654635
3531,2.0,2.0,1,0.0001432408236347359,4.0,5.6106863938400274e-08,5.6106863938400274e-08,1.163760732159396e-07,0.1110909131793627,6.528083265224831e-08,0.043322642864111215,2.8287085599747625e-08,0.1024538631768905
3532,1.0,1.0,1,7.162041181736795e-05,2.0,2.8053431969200137e-08,2.8053431969200137e-08,1.1638433720285807e-07,0.11109880186152825,6.527373003463338e-08,0.04331792931874376,2.826883435856621e-08,0.10238775844651042
3533,0.0,0.0,1,0.0,0.0,0.0,0.0,1.1639260019013719e-07,0.11110668958945255,6.526663020011102e-08,0.04331321762033383,2.8250594893352433e-08,0.10232169636786884
3534,27.0,0.0,1,0.0009668755595344673,27.0,3.7872133158420186e-07,3.7872133158420186e-07,1.1640086217886251e-07,0.11111457636417187,6.52595331468034e-08,0.04330850776763524,2.8232367196508248e-08,0.1022556769134462
3535,0.0,1.0,1,3.5810205908683974e-05,1.0,1.4026715984600068e-08,1.4026715984600068e-08,1.1640912317011803e-07,0.11112246218672098,6.525243887283458e-08,0.04330379975940304,2.8214151260440607e-08,0.1021897000557408
3536,8.0,0.0,1,0.0002864816472694718,8.0,1.1221372787680055e-07,1.1221372787680055e-07,1.1641738316498672e-07,0.11113034705813365,6.524534737633032e-08,0.04329909359439343,2.8195947077561195e-08,0.1021237657672685
3537,0.0,0.0,1,0.0,0.0,0.0,0.0,1.1642564216455036e-07,0.11113823097944255,6.523825865541823e-08,0.04329438927136382,2.8177754640286724e-08,0.10205787402056309
3538,2.0,3.0,1,0.00017905102954341988,5.0,7.013357992300035e-08,7.013357992300035e-08,1.1643390016988943e-07,0.11114611395167907,6.523117270822759e-08,0.043289686789072745,2.815957394103875e-08,0.10199202478817597
3539,8.0,2.0,1,0.00035810205908683976,10.0,1.402671598460007e-07,1.402671598460007e-07,1.1644215718208316e-07,0.11115399597587344,6.522408953288962e-08,0.043284986146280006,2.8141404972243737e-08,0.10192621804267629
3540,2.0,0.0,1,7.162041181736795e-05,2.0,2.8053431969200137e-08,2.8053431969200137e-08,1.1645041320220968e-07,0.11116187705305484,6.521700912753727e-08,0.04328028734174657,2.8123247726333008e-08,0.1018604537566509
3541,22.0,0.0,1,0.0007878245299910475,22.0,3.085877516612015e-07,3.085877516612015e-07,1.1645866823134567e-07,0.11116975718425105,6.520993149030529e-08,0.04327559037423458,2.8105102195742775e-08,0.10179473190270431
3542,1.0,0.0,1,3.5810205908683974e-05,1.0,1.4026715984600068e-08,1.4026715984600068e-08,1.1646692227056682e-07,0.11117763637048887,6.520285661933011e-08,0.04327089524250732,2.808696837291421e-08,0.10172905245345873
3543,1.0,0.0,1,3.5810205908683974e-05,1.0,1.4026715984600068e-08,1.4026715984600068e-08,1.1647517532094751e-07,0.11118551461279393,6.519578451275014e-08,0.04326620194532938,2.8068846250293225e-08,0.10166341538155402
3544,1.0,0.0,1,3.5810205908683974e-05,1.0,1.4026715984600068e-08,1.4026715984600068e-08,1.1648342738356088e-07,0.11119339191219062,6.518871516870531e-08,0.043261510481466335,2.8050735820330712e-08,0.10159782065964776
3545,2.0,0.0,1,7.162041181736795e-05,2.0,2.8053431969200137e-08,2.8053431969200137e-08,1.1649167845947892e-07,0.11120126826970222,6.518164858533765e-08,0.043256820849685164,2.803263707548237e-08,0.101532268260415
3546,0.0,0.0,1,0.0,0.0,0.0,0.0,1.164999285497724e-07,0.11120914368635092,6.517458476079062e-08,0.04325213304875383,2.8014550008208803e-08,0.10146675815654861
3547,1.0,0.0,1,3.5810205908683974e-05,1.0,1.4026715984600068e-08,1.4026715984600068e-08,1.1650817765551067e-07,0.11121701816315749,6.516752369320968e-08,0.04324744707744158,2.799647461097547e-08,0.10140129032075897
3548,62.0,3.0,1,0.0023276633840644584,65.0,9.117365389990045e-07,9.117365389990045e-07,1.1651642577776221e-07,0.11122489170114189,6.516046538074203e-08,0.0432427629345188,2.7978410876252638e-08,0.1013358647257741
3549,90.0,0.0,1,0.0032229185317815576,90.0,1.2624044386140061e-06,1.2624044386140061e-06,1.1652467291759417e-07,0.1112327643013227,6.515340982153652e-08,0.043238080618757044,2.796035879651566e-08,0.10127048134433965
3550,0.0,0.0,1,0.0,0.0,0.0,0.0,1.1653291907607219e-07,0.11124063596471738,6.514635701374384e-08,0.0432334001289291,2.7942318364244362e-08,0.10120514014921878
3551,4.0,0.0,1,0.0001432408236347359,4.0,5.6106863938400274e-08,5.6106863938400274e-08,1.1654116425426124e-07,0.11124850669234237,6.51393069555165e-08,0.0432287214638088,2.792428957192373e-08,0.10113984111319227
3552,1.0,0.0,1,3.5810205908683974e-05,1.0,1.4026715984600068e-08,1.4026715984600068e-08,1.165494084532247e-07,0.1112563764852128,6.51322596450087e-08,0.043224044622171255,2.7906272412043484e-08,0.10107458420905849
3553,0.0,0.0,1,0.0,0.0,0.0,0.0,1.1655765167402491e-07,0.11126424534434276,6.512521508037642e-08,0.0432193696027927,2.788826687709821e-08,0.10100936940963333
3554,55.0,0.0,1,0.0019695613249776185,55.0,7.714693791530037e-07,7.714693791530037e-07,1.1656589391772295e-07,0.11127211327074517,6.511817325977736e-08,0.04321469640445052,2.7870272959587352e-08,0.10094419668775013
3555,0.0,0.0,1,0.0,0.0,0.0,0.0,1.1657413518537877e-07,0.11127998026543177,6.511113418137103e-08,0.04321002502592331,2.7852290652015053e-08,0.10087906601625993
3556,3.0,17.0,1,0.0007162041181736795,20.0,2.805343196920014e-07,2.805343196920014e-07,1.1658237547805083e-07,0.11128784632941303,6.510409784331871e-08,0.04320535546599083,2.7834319946890563e-08,0.10081397736803116
3557,0.0,4.0,1,0.0001432408236347359,4.0,5.6106863938400274e-08,5.6106863938400274e-08,1.1659061479679684e-07,0.11129571146369863,6.509706424378329e-08,0.04320068772343392,2.7816360836727708e-08,0.10074893071594983
3558,8.0,2.0,1,0.00035810205908683976,10.0,1.402671598460007e-07,1.402671598460007e-07,1.165988531426732e-07,0.1113035756692969,6.509003338092957e-08,0.043196021797034655,2.779841331404531e-08,0.10068392603291938
3559,0.0,0.0,1,0.0,0.0,0.0,0.0,1.166070905167348e-07,0.1113114389472149,6.508300525292399e-08,0.04319135768557623,2.778047737136693e-08,0.10061896329186078
3560,0.0,0.0,1,0.0,0.0,0.0,0.0,1.1661532692003563e-07,0.11131930129845874,6.507597985793489e-08,0.04318669538784308,2.776255300122099e-08,0.10055404246571245
3561,0.0,0.0,1,0.0,0.0,0.0,0.0,1.1662356235362856e-07,0.11132716272403348,6.506895719413203e-08,0.04318203490262061,2.774464019614072e-08,0.10048916352743029
3562,0.0,0.0,1,0.0,0.0,0.0,0.0,1.1663179681856505e-07,0.1113350232249428,6.506193725968725e-08,0.043177376228695594,2.7726738948664185e-08,0.10042432644998768
3563,0.0,0.0,1,0.0,0.0,0.0,0.0,1.1664003031589541e-07,0.11134288280218935,6.505492005277397e-08,0.04317271936485584,2.770884925133422e-08,0.10035953120637528
3564,56.0,0.0,1,0.0020053715308863025,56.0,7.854960951376038e-07,7.854960951376038e-07,1.1664826284666896e-07,0.11135074145677472,6.504790557156739e-08,0.04316806430989032,2.769097109669848e-08,0.10029477776960137
3565,0.0,0.0,1,0.0,0.0,0.0,0.0,1.1665649441193356e-07,0.11135859918969933,6.504089381424428e-08,0.04316341106258914,2.767310447730956e-08,0.10023006611269154
3566,4.0,0.0,1,0.0001432408236347359,4.0,5.6106863938400274e-08,5.6106863938400274e-08,1.1666472501273607e-07,0.11136645600196235,6.503388477898341e-08,0.04315875962174361,2.765524938572464e-08,0.10016539620868883
3567,7.0,3.0,1,0.00035810205908683976,10.0,1.402671598460007e-07,1.402671598460007e-07,1.1667295465012221e-07,0.11137431189456207,6.502687846396515e-08,0.043154109986146195,2.7637405814505848e-08,0.10010076803065364
3568,2.0,0.0,1,7.162041181736795e-05,2.0,2.8053431969200137e-08,2.8053431969200137e-08,1.1668118332513647e-07,0.11138216686849553,6.50198748673715e-08,0.04314946215459037,2.761957375622008e-08,0.10003618155166379
3569,0.0,0.0,1,0.0,0.0,0.0,0.0,1.1668941103882204e-07,0.11139002092475855,6.501287398738635e-08,0.043144816125870934,2.760175320343902e-08,0.09997163674481441
3570,0.0,0.0,1,0.0,0.0,0.0,0.0,1.1669763779222106e-07,0.11139787406434595,6.50058758221952e-08,0.04314017189878371,2.7583944148739144e-08,0.09990713358321804
3571,0.0,0.0,1,0.0,0.0,0.0,0.0,1.1670586358637448e-07,0.11140572628825142,6.499888036998526e-08,0.04313552947212567,2.756614658470174e-08,0.0998426720400046
3572,1.0,0.0,1,3.5810205908683974e-05,1.0,1.4026715984600068e-08,1.4026715984600068e-08,1.1671408842232204e-07,0.11141357759746744,6.499188762894562e-08,0.04313088884469502,2.7548360503912836e-08,0.09977825208832122
3573,0.0,0.0,1,0.0,0.0,0.0,0.0,1.1672231230110238e-07,0.1114214279929855,6.498489759726692e-08,0.043126250015291016,2.753058589896329e-08,0.09971387370133249
3574,24.0,2.0,1,0.0009310653536257833,26.0,3.6469461559960174e-07,3.6469461559960174e-07,1.1673053522375296e-07,0.11142927747579598,6.497791027314148e-08,0.04312161298271401,2.7512822762448746e-08,0.09964953685222024
3575,0.0,0.0,1,0.0,0.0,0.0,0.0,1.1673875719131e-07,0.11143712604688795,6.497092565476351e-08,0.04311697774576563,2.7495071086969517e-08,0.09958524151418362
3576,0.0,0.0,1,0.0,0.0,0.0,0.0,1.1674697820480871e-07,0.11144497370724968,6.496394374032881e-08,0.043112344303248534,2.7477330865130863e-08,0.09952098766043908
3577,0.0,0.0,1,0.0,0.0,0.0,0.0,1.167551982652829e-07,0.11145282045786803,6.49569645280349e-08,0.04310771265396654,2.74596020895427e-08,0.09945677526422038
3578,0.0,0.0,1,0.0,0.0,0.0,0.0,1.1676341737376541e-07,0.11146066629972891,6.4949988016081e-08,0.04310308279672458,2.7441884752819737e-08,0.09939260429877848
3579,0.0,0.0,1,0.0,0.0,0.0,0.0,1.1677163553128786e-07,0.11146851123381708,6.494301420266809e-08,0.04309845473032877,2.7424178847581452e-08,0.09932847473738166
3580,0.0,0.0,1,0.0,0.0,0.0,0.0,1.1677985273888067e-07,0.1114763552611162,6.49360430859988e-08,0.0430938284535863,2.74064843664521e-08,0.09926438655331546
3581,0.0,0.0,1,0.0,0.0,0.0,0.0,1.1678806899757326e-07,0.11148419838260892,6.49290746642774e-08,0.04308920396530549,2.7388801302060645e-08,0.09920033971988253
3582,0.0,0.0,1,0.0,0.0,0.0,0.0,1.1679628430839369e-07,0.1114920405992766,6.492210893570998e-08,0.0430845812642958,2.737112964704086e-08,0.09913633421040288
3583,0.0,0.0,1,0.0,0.0,0.0,0.0,1.16804498672369e-07,0.11149988191209965,6.49151458985043e-08,0.043079960349367855,2.735346939403125e-08,0.0990723699982137
3584,0.0,0.0,1,0.0,0.0,0.0,0.0,1.1681271209052497e-07,0.11150772232205727,6.490818555086977e-08,0.04307534121933336,2.7335820535675074e-08,0.09900844705666938
3585,0.0,0.0,1,0.0,0.0,0.0,0.0,1.1682092456388636e-07,0.11151556183012769,6.490122789101738e-08,0.04307072387300507,2.7318183064620334e-08,0.09894456535914148
3586,0.0,0.0,1,0.0,0.0,0.0,0.0,1.1682913609347667e-07,0.11152340043728788,6.489427291716011e-08,0.043066108309197035,2.7300556973519773e-08,0.09888072487901876
3587,0.0,0.0,1,0.0,0.0,0.0,0.0,1.1683734668031847e-07,0.11153123814451402,6.488732062751232e-08,0.04306149452672426,2.728294225503088e-08,0.09881692558970716
3588,0.0,0.0,1,0.0,0.0,0.0,0.0,1.1684555632543271e-07,0.11153907495278068,6.488037102029026e-08,0.043056882524402984,2.726533890181588e-08,0.09875316746462975
3589,0.0,0.0,1,0.0,0.0,0.0,0.0,1.1685376502983976e-07,0.11154691086306187,6.487342409371172e-08,0.043052272301050465,2.7247746906541745e-08,0.09868945047722683
3590,0.0,0.0,1,0.0,0.0,0.0,0.0,1.1686197279455852e-07,0.11155474587633026,6.486647984599627e-08,0.04304766385548515,2.7230166261880144e-08,0.09862577460095566
3591,0.0,0.0,1,0.0,0.0,0.0,0.0,1.1687017962060675e-07,0.11156257999355734,6.485953827536507e-08,0.04304305718652654,2.7212596960507503e-08,0.0985621398092908
3592,0.0,0.0,1,0.0,0.0,0.0,0.0,1.1687838550900117e-07,0.11157041321571369,6.485259938004111e-08,0.04303845229299534,2.7195038995104966e-08,0.09849854607572384
3593,0.0,0.0,1,0.0,0.0,0.0,0.0,1.1688659046075738e-07,0.11157824554376877,6.484566315824887e-08,0.043033849173713265,2.7177492358358402e-08,0.0984349933737635
3594,0.0,0.0,1,0.0,0.0,0.0,0.0,1.168947944768898e-07,0.11158607697869095,6.483872960821457e-08,0.04302924782750317,2.7159957042958397e-08,0.09837148167693562
3595,0.0,0.0,1,0.0,0.0,0.0,0.0,1.1690299755841157e-07,0.11159390752144734,6.483179872816617e-08,0.04302464825318906,2.7142433041600248e-08,0.09830801095878304
3596,3.0,0.0,1,0.00010743061772605193,3.0,4.208014795380021e-08,4.208014795380021e-08,1.1691119970633505e-07,0.11160173717300434,6.482487051633322e-08,0.04302005044959601,2.7124920346983977e-08,0.09824458119286576
3597,2.0,0.0,1,7.162041181736795e-05,2.0,2.8053431969200137e-08,2.8053431969200137e-08,1.1691940092167097e-07,0.11160956593432675,6.481794497094696e-08,0.04301545441555021,2.7107418951814304e-08,0.09818119235276078
3598,35.0,0.0,1,0.001253357206803939,35.0,4.909350594610024e-07,4.909350594610024e-07,1.1692760120542948e-07,0.11161739380637888,6.481102209024025e-08,0.04301086014987892,2.708992884880067e-08,0.0981178444120622
3599,15.0,0.0,1,0.0005371530886302597,15.0,2.1040073976900105e-07,2.1040073976900105e-07,1.1693580055861923e-07,0.11162522079012355,6.480410187244769e-08,0.043006267651410544,2.7072450030657203e-08,0.09805453734438106
3600,21.0,1.0,1,0.0007878245299910475,22.0,3.085877516612015e-07,3.085877516612015e-07,1.1694399898224787e-07,0.11163304688652263,6.479718431580554e-08,0.04300167691897462,2.7054982490102727e-08,0.09799127112334553
3601,40.0,0.0,1,0.001432408236347359,40.0,5.610686393840028e-07,5.610686393840028e-07,1.1695219647732188e-07,0.11164087209653693,6.479026941855155e-08,0.04299708795140169,2.703752621986083e-08,0.09792804572260076
3602,46.0,1.0,1,0.0016830796777081468,47.0,6.592556512762032e-07,6.592556512762032e-07,1.1696039304484648e-07,0.11164869642112606,6.478335717892542e-08,0.04299250074752349,2.70200812126596e-08,0.09786486111580889
3603,1.0,2.0,1,0.00010743061772605193,3.0,4.208014795380021e-08,4.208014795380021e-08,1.1696858868582633e-07,0.11165651986124892,6.477644759516823e-08,0.04298791530617278,2.700264746123215e-08,0.09780171727664906
3604,8.0,0.0,1,0.0002864816472694718,8.0,1.1221372787680055e-07,1.1221372787680055e-07,1.1697678340126417e-07,0.11166434241786281,6.47695406655229e-08,0.042983331626183494,2.6985224958315982e-08,0.09773861417881742
3605,0.0,2.0,1,7.162041181736795e-05,2.0,2.8053431969200137e-08,2.8053431969200137e-08,1.1698497719216212e-07,0.11167216409192433,6.476263638823383e-08,0.042978749706390554,2.696781369665339e-08,0.09767555179602705
3606,5.0,0.0,1,0.00017905102954341988,5.0,7.013357992300035e-08,7.013357992300035e-08,1.1699317005952115e-07,0.11167998488438897,6.475573476154721e-08,0.04297416954563006,2.695041366899139e-08,0.09761253010200803
3607,18.0,0.0,1,0.0006445837063563116,18.0,2.5248088772280126e-07,2.5248088772280126e-07,1.1700136200434112e-07,0.1116878047962112,6.47488357837108e-08,0.04296959114273918,2.693302486808161e-08,0.09754954907050739
3608,17.0,0.0,1,0.0006087735004476276,17.0,2.384541717382012e-07,2.384541717382012e-07,1.1700955302762043e-07,0.11169562382834405,6.474193945297408e-08,0.0429650144965562,2.691564728668041e-08,0.09748660867528901
3609,1.0,0.0,1,3.5810205908683974e-05,1.0,1.4026715984600068e-08,1.4026715984600068e-08,1.1701774313035685e-07,0.11170344198174002,6.473504576758805e-08,0.04296043960592042,2.689828091754879e-08,0.0974237088901338
3610,38.0,0.0,1,0.001360787824529991,38.0,5.330152074148025e-07,5.330152074148025e-07,1.1702593231354677e-07,0.1117112592573502,6.472815472580548e-08,0.04295586646967234,2.6880925753452383e-08,0.09736084968883955
3611,3.0,33.0,1,0.0012891674127126231,36.0,5.049617754456025e-07,5.049617754456025e-07,1.1703412057818532e-07,0.1117190756561246,6.472126632588073e-08,0.042951295086653435,2.6863581787161625e-08,0.09729803104522097
3612,0.0,0.0,1,0.0,0.0,0.0,0.0,1.1704230792526708e-07,0.11172689117901254,6.47143805660697e-08,0.042946725455706325,2.6846249011451506e-08,0.09723525293310965
3613,3.0,1.0,1,0.0001432408236347359,4.0,5.6106863938400274e-08,5.6106863938400274e-08,1.1705049435578494e-07,0.11173470582696186,6.470749744463005e-08,0.0429421575756747,2.6828927419101643e-08,0.09717251532635407
3614,10.0,3.0,1,0.00046553267681289165,13.0,1.8234730779980087e-07,1.8234730779980087e-07,1.1705867987073093e-07,0.11174251960091956,6.470061695982104e-08,0.042937591445403336,2.6811617002896405e-08,0.09710981819881959
3615,4.0,1.0,1,0.00017905102954341988,5.0,7.013357992300035e-08,7.013357992300035e-08,1.1706686447109584e-07,0.11175033250183142,6.469373910990348e-08,0.04293302706373807,2.6794317755624785e-08,0.09704716152438841
3616,29.0,2.0,1,0.0011101163831692031,31.0,4.3482819552260207e-07,4.3482819552260207e-07,1.1707504815786976e-07,0.11175814453064255,6.468686389313995e-08,0.042928464429525894,2.6777029670080407e-08,0.09698454527695964
3617,0.0,0.0,1,0.0,0.0,0.0,0.0,1.1708323093204105e-07,0.1117659556882964,6.467999130779464e-08,0.04292390354161481,2.675975273906159e-08,0.09692196943044912
3618,0.0,0.0,1,0.0,0.0,0.0,0.0,1.1709141279459761e-07,0.11177376597573609,6.467312135213316e-08,0.04291934439885387,2.674248695537124e-08,0.09685943395878961
3619,7.0,0.0,1,0.0002506714413607878,7.0,9.818701189220048e-08,9.818701189220048e-08,1.1709959374652565e-07,0.11178157539390296,6.466625402442299e-08,0.042914787000093296,2.6725232311816946e-08,0.09679693883593067
3620,0.0,5.0,1,0.00017905102954341988,5.0,7.013357992300035e-08,7.013357992300035e-08,1.1710777378881076e-07,0.11178938394373789,6.465938932293306e-08,0.04291023134418429,2.670798880121094e-08,0.09673448403583867
3621,2.0,0.0,1,7.162041181736795e-05,2.0,2.8053431969200137e-08,2.8053431969200137e-08,1.1711595292243724e-07,0.11179719162618043,6.465252724593405e-08,0.04290567742997922,2.6690756416370062e-08,0.09667206953249677
3622,7.0,0.0,1,0.0002506714413607878,7.0,9.818701189220048e-08,9.818701189220048e-08,1.171241311483882e-07,0.1118049984421691,6.464566779169812e-08,0.04290112525633142,2.6673535150115823e-08,0.09660969529990492
3623,0.0,0.0,1,0.0,0.0,0.0,0.0,1.1713230846764576e-07,0.11181280439264137,6.463881095849924e-08,0.04289657482209544,2.665632499527435e-08,0.09654736131207983
3624,6.0,13.0,1,0.0006803939122649955,19.0,2.6650760370740127e-07,2.6650760370740127e-07,1.171404848811911e-07,0.11182060947853388,6.463195674461265e-08,0.04289202612612669,2.66391259446764e-08,0.096485067543055
3625,0.0,0.0,1,0.0,0.0,0.0,0.0,1.1714866039000396e-07,0.11182841370078188,6.462510514831566e-08,0.04288747916728189,2.6621937991157325e-08,0.09642281396688071
3626,3.0,2.0,1,0.00017905102954341988,5.0,7.013357992300035e-08,7.013357992300035e-08,1.1715683499506325e-07,0.1118362170603198,6.46182561678868e-08,0.042882933944418646,2.6604761127557152e-08,0.09636060055762387
3627,0.0,0.0,1,0.0,0.0,0.0,0.0,1.1716500869734671e-07,0.11184401955808103,6.461140980160642e-08,0.042878390456395715,2.6587595346720492e-08,0.09629842728936823
3628,0.0,0.0,1,0.0,0.0,0.0,0.0,1.1717318149783116e-07,0.11185182119499797,6.460456604775633e-08,0.04287384870207287,2.657044064149659e-08,0.09623629413621422
3629,0.0,0.0,1,0.0,0.0,0.0,0.0,1.1718135339749201e-07,0.11185962197200176,6.45977249046201e-08,0.04286930868031102,2.65532970047393e-08,0.09617420107227902
3630,0.0,0.0,1,0.0,0.0,0.0,0.0,1.1718952439730383e-07,0.1118674218900227,6.459088637048274e-08,0.04286477038997203,2.6536164429307078e-08,0.09611214807169643
3631,0.0,0.0,1,0.0,0.0,0.0,0.0,1.1719769449823999e-07,0.11187522094998996,6.4584050443631e-08,0.04286023382991894,2.6519042908063005e-08,0.09605013510861705
3632,0.0,0.0,1,0.0,0.0,0.0,0.0,1.1720586370127298e-07,0.11188301915283187,6.457721712235317e-08,0.04285569899901578,2.6501932433874746e-08,0.09598816215720805
3633,0.0,0.0,1,0.0,0.0,0.0,0.0,1.1721403200737397e-07,0.11189081649947548,6.457038640493904e-08,0.042851165896127606,2.6484832999614592e-08,0.09592622919165335
3634,1.0,3.0,1,0.0001432408236347359,4.0,5.6106863938400274e-08,5.6106863938400274e-08,1.1722219941751315e-07,0.11189861299084694,6.456355828968022e-08,0.04284663452012068,2.6467744598159428e-08,0.09586433618615352
3635,0.0,0.0,1,0.0,0.0,0.0,0.0,1.1723036593265961e-07,0.11190640862787131,6.455673277486964e-08,0.04284210486986211,2.6450667222390693e-08,0.09580248311492565
3636,0.0,0.0,1,0.0,0.0,0.0,0.0,1.1723853155378142e-07,0.1119142034114727,6.454990985880205e-08,0.04283757694422025,2.6433600865194474e-08,0.09574066995220361
3637,8.0,0.0,1,0.0002864816472694718,8.0,1.1221372787680055e-07,1.1221372787680055e-07,1.1724669628184569e-07,0.11192199734257431,6.454308953977361e-08,0.04283305074206437,2.6416545519461426e-08,0.09567889667223786
3638,66.0,1.0,1,0.0023992837958818265,67.0,9.397899709682046e-07,9.397899709682046e-07,1.1725486011781802e-07,0.11192979042209787,6.45362718160822e-08,0.04282852626226488,2.639950117808684e-08,0.09561716324929548
3639,1.0,0.0,1,3.5810205908683974e-05,1.0,1.4026715984600068e-08,1.4026715984600068e-08,1.1726302306266346e-07,0.11193758265096464,6.45294566860272e-08,0.042824003503693184,2.6382467833970403e-08,0.0955554696576601
3640,10.0,0.0,1,0.00035810205908683976,10.0,1.402671598460007e-07,1.402671598460007e-07,1.172711851173456e-07,0.11194537403009441,6.452264414790964e-08,0.0428194824652218,2.6365445480016653e-08,0.09549381587163198
3641,2.0,0.0,1,7.162041181736795e-05,2.0,2.8053431969200137e-08,2.8053431969200137e-08,1.1727934628282741e-07,0.11195316456040642,6.451583420003199e-08,0.042814963145724166,2.6348434109134545e-08,0.09543220186552799
3642,1.0,0.0,1,3.5810205908683974e-05,1.0,1.4026715984600068e-08,1.4026715984600068e-08,1.1728750656007031e-07,0.11196095424281845,6.450902684069846e-08,0.04281044554407492,2.633143371423763e-08,0.09537062761368152
3643,0.0,0.0,1,0.0,0.0,0.0,0.0,1.1729566595003482e-07,0.11196874307824738,6.450222206821483e-08,0.04280592965914971,2.631444428824406e-08,0.0953090930904426
3644,11.0,0.0,1,0.00039391226499552374,11.0,1.5429387583060076e-07,1.5429387583060076e-07,1.1730382445368048e-07,0.11197653106760917,6.449541988088828e-08,0.042801415489825106,2.6297465824076508e-08,0.09524759827017763
3645,3.0,1.0,1,0.0001432408236347359,4.0,5.6106863938400274e-08,5.6106863938400274e-08,1.1731198207196585e-07,0.11198431821181888,6.448862027702775e-08,0.042796903034978885,2.6280498314662265e-08,0.09518614312726977
3646,0.0,0.0,1,0.0,0.0,0.0,0.0,1.173201388058482e-07,0.11199210451179026,6.44818232549436e-08,0.04279239229348973,2.6263541752933154e-08,0.09512472763611855
3647,0.0,0.0,1,0.0,0.0,0.0,0.0,1.1732829465628385e-07,0.11199988996843623,6.447502881294795e-08,0.042787883264237506,2.624659613182557e-08,0.09506335177114011
3648,0.0,0.0,1,0.0,0.0,0.0,0.0,1.1733644962422814e-07,0.11200767458266873,6.446823694935428e-08,0.04278337594610297,2.6229661444280476e-08,0.09500201550676708
3649,33.0,6.0,1,0.001396598030438675,39.0,5.470419233994027e-07,5.470419233994027e-07,1.1734460371063527e-07,0.1120154583553986,6.44614476624777e-08,0.042778870337968,2.6212737683243348e-08,0.09494071881744853
3650,4.0,0.0,1,0.0001432408236347359,4.0,5.6106863938400274e-08,5.6106863938400274e-08,1.1735275691645825e-07,0.11202324128753567,6.445466095063499e-08,0.04277436643871553,2.619582484166429e-08,0.09487946167765009
3651,11.0,2.0,1,0.00046553267681289165,13.0,1.8234730779980087e-07,1.8234730779980087e-07,1.1736090924264938e-07,0.11203102337998888,6.444787681214437e-08,0.042769864247229464,2.6178922912497868e-08,0.09481824406185381
3652,11.0,1.0,1,0.0004297224709042077,12.0,1.6832059181520083e-07,1.6832059181520083e-07,1.1736906069015952e-07,0.11203880463366596,6.444109524532565e-08,0.042765363762394794,2.6162031888703262e-08,0.09475706594455827
3653,3.0,0.0,1,0.00010743061772605193,3.0,4.208014795380021e-08,4.208014795380021e-08,1.173772112599388e-07,0.11204658504947387,6.443431624850025e-08,0.04276086498309753,2.6145151763244142e-08,0.09469592730027838
3654,2.0,0.0,1,7.162041181736795e-05,2.0,2.8053431969200137e-08,2.8053431969200137e-08,1.1738536095293616e-07,0.11205436462831847,6.442753981999099e-08,0.04275636790822466,2.6128282529088752e-08,0.09463482810354562
3655,0.0,2.0,1,7.162041181736795e-05,2.0,2.8053431969200137e-08,2.8053431969200137e-08,1.1739350977009946e-07,0.11206214337110457,6.442076595812244e-08,0.042751872536664286,2.6111424179209862e-08,0.09457376832890785
3656,0.0,0.0,1,0.0,0.0,0.0,0.0,1.174016577123756e-07,0.11206992127873605,6.441399466122058e-08,0.04274737886730549,2.6094576706584783e-08,0.09451274795092937
3657,0.0,0.0,1,0.0,0.0,0.0,0.0,1.1740980478071037e-07,0.11207769835211577,6.4407225927613e-08,0.0427428868990384,2.6077740104195346e-08,0.09445176694419086
3658,0.0,0.0,1,0.0,0.0,0.0,0.0,1.1741795097604852e-07,0.11208547459214557,6.440045975562887e-08,0.04273839663075418,2.606091436502792e-08,0.09439082528328943
3659,0.0,0.0,1,0.0,0.0,0.0,0.0,1.1742609629933389e-07,0.11209324999972642,6.439369614359882e-08,0.042733908061344986,2.6044099482073393e-08,0.09432992294283857
3660,0.0,0.0,1,0.0,0.0,0.0,0.0,1.1743424075150902e-07,0.11210102457575806,6.438693508985509e-08,0.04272942118970405,2.6027295448327184e-08,0.09426905989746816
3661,2.0,0.0,1,7.162041181736795e-05,2.0,2.8053431969200137e-08,2.8053431969200137e-08,1.1744238433351567e-07,0.11210879832113947,6.438017659273141e-08,0.04272493601472555,2.6010502256789225e-08,0.09420823612182445
3662,8.0,2.0,1,0.00035810205908683976,10.0,1.402671598460007e-07,1.402671598460007e-07,1.1745052704629432e-07,0.11211657123676845,6.437342065056313e-08,0.04272045253530478,2.5993719900463945e-08,0.09414745159057
3663,1.0,0.0,1,3.5810205908683974e-05,1.0,1.4026715984600068e-08,1.4026715984600068e-08,1.1745866889078481e-07,0.11212434332354211,6.4366667261687e-08,0.042715970750337943,2.5976948372360334e-08,0.09408670627838377
3664,0.0,0.0,1,0.0,0.0,0.0,0.0,1.1746680986792536e-07,0.11213211458235608,6.435991642444149e-08,0.0427114906587224,2.5960187665491845e-08,0.09402600015996104
3665,12.0,0.0,1,0.0004297224709042077,12.0,1.6832059181520083e-07,1.6832059181520083e-07,1.1747494997865373e-07,0.11213988501410556,6.435316813716638e-08,0.04270701225935637,2.5943437772876463e-08,0.09396533321001345
3666,4.0,0.0,1,0.0001432408236347359,4.0,5.6106863938400274e-08,5.6106863938400274e-08,1.1748308922390633e-07,0.11214765461968441,6.434642239820327e-08,0.04270253555113928,2.5926698687536684e-08,0.09390470540326888
3667,12.0,0.0,1,0.0004297224709042077,12.0,1.6832059181520083e-07,1.6832059181520083e-07,1.1749122760461852e-07,0.1121554233999855,6.433967920589501e-08,0.04269806053297137,2.590997040249949e-08,0.09384411671447161
3668,8.0,1.0,1,0.0003222918531781558,9.0,1.2624044386140063e-07,1.2624044386140063e-07,1.1749936512172479e-07,0.11216319135590089,6.433293855858617e-08,0.04269358720375406,2.5893252910796363e-08,0.09378356711838214
3669,10.0,0.0,1,0.00035810205908683976,10.0,1.402671598460007e-07,1.402671598460007e-07,1.1750750177615855e-07,0.1121709584883216,6.432620045462274e-08,0.042689115562389676,2.5876546205463295e-08,0.0937230565897773
3670,1.0,0.0,1,3.5810205908683974e-05,1.0,1.4026715984600068e-08,1.4026715984600068e-08,1.1751563756885222e-07,0.11217872479813773,6.431946489235224e-08,0.04268464560778159,2.585985027954076e-08,0.0936625851034502
3671,0.0,0.0,1,0.0,0.0,0.0,0.0,1.1752377250073691e-07,0.11218649028623806,6.431273187012384e-08,0.04268017733883424,2.5843165126073715e-08,0.09360215263421012
3672,0.0,0.0,1,0.0,0.0,0.0,0.0,1.175319065727431e-07,0.11219425495351083,6.430600138628808e-08,0.042675710754452985,2.582649073811162e-08,0.09354175915688272
3673,12.0,19.0,1,0.0011101163831692031,31.0,4.3482819552260207e-07,4.3482819552260207e-07,1.1754003978580016e-07,0.11220201880084323,6.429927343919704e-08,0.04267124585354424,2.580982710870842e-08,0.09348140464630982
3674,3.0,0.0,1,0.00010743061772605193,3.0,4.208014795380021e-08,4.208014795380021e-08,1.1754817214083622e-07,0.1122097818291212,6.429254802720442e-08,0.04266678263501541,2.579317423092252e-08,0.09342108907734951
3675,0.0,0.0,1,0.0,0.0,0.0,0.0,1.1755630363877858e-07,0.11221754403922994,6.428582514866532e-08,0.042662321097774916,2.5776532097816837e-08,0.09336081242487611
3676,0.0,0.0,1,0.0,0.0,0.0,0.0,1.1756443428055353e-07,0.11222530543205368,6.427910480193646e-08,0.042657861240732224,2.5759900702458738e-08,0.09330057466378013
3677,1.0,0.0,1,3.5810205908683974e-05,1.0,1.4026715984600068e-08,1.4026715984600068e-08,1.1757256406708629e-07,0.11223306600847562,6.427238698537595e-08,0.0426534030627977,2.574328003792007e-08,0.09324037576896825
3678,4.0,1.0,1,0.00017905102954341988,5.0,7.013357992300035e-08,7.013357992300035e-08,1.1758069299930092e-07,0.11224082576937786,6.426567169734354e-08,0.04264894656288282,2.5726670097277158e-08,0.09318021571536342
3679,1.0,0.0,1,3.5810205908683974e-05,1.0,1.4026715984600068e-08,1.4026715984600068e-08,1.175888210781207e-07,0.11224858471564174,6.425895893620045e-08,0.042644491739900044,2.571007087361079e-08,0.09312009447790473
3680,0.0,0.0,1,0.0,0.0,0.0,0.0,1.1759694830446778e-07,0.11225634284814752,6.425224870030929e-08,0.04264003859276273,2.5693482360006197e-08,0.09306001203154737
3681,4.0,1.0,1,0.00017905102954341988,5.0,7.013357992300035e-08,7.013357992300035e-08,1.176050746792634e-07,0.11226410016777462,6.424554098803433e-08,0.04263558712038536,2.5676904549553105e-08,0.09299996835126281
3682,0.0,0.0,1,0.0,0.0,0.0,0.0,1.1761320020342765e-07,0.11227185667540134,6.42388357977413e-08,0.042631137321683374,2.5660337435345687e-08,0.0929399634120386
3683,4.0,1.0,1,0.00017905102954341988,5.0,7.013357992300035e-08,7.013357992300035e-08,1.1762132487787969e-07,0.1122796123719051,6.423213312779739e-08,0.042626689195573164,2.5643781010482563e-08,0.09287999718887843
3684,30.0,1.0,1,0.0011101163831692031,31.0,4.3482819552260207e-07,4.3482819552260207e-07,1.1762944870353761e-07,0.1122873672581623,6.422543297657132e-08,0.042622242740972184,2.562723526806679e-08,0.09282006965680213
3685,0.0,3.0,1,0.00010743061772605193,3.0,4.208014795380021e-08,4.208014795380021e-08,1.1763757168131864e-07,0.11229512133504851,6.421873534243328e-08,0.04261779795679883,2.5610700201205957e-08,0.09276018079084568
3686,2.0,0.0,1,7.162041181736795e-05,2.0,2.8053431969200137e-08,2.8053431969200137e-08,1.1764569381213891e-07,0.11230287460343823,6.421204022375503e-08,0.04261335484197252,2.5594175803011984e-08,0.09270033056606108
3687,0.0,0.0,1,0.0,0.0,0.0,0.0,1.1765381509691339e-07,0.1123106270642049,6.420534761890974e-08,0.04260891339541365,2.5577662066601314e-08,0.09264051895751654
3688,5.0,22.0,1,0.0009668755595344673,27.0,3.7872133158420186e-07,3.7872133158420186e-07,1.1766193553655634e-07,0.11231837871822126,6.419865752627211e-08,0.042604473616043644,2.5561158985094808e-08,0.09258074594029629
3689,9.0,0.0,1,0.0003222918531781558,9.0,1.2624044386140063e-07,1.2624044386140063e-07,1.1767005513198076e-07,0.11232612956635886,6.419196994421837e-08,0.04260003550278484,2.5544666551617754e-08,0.0925210114895006
3690,35.0,0.0,1,0.001253357206803939,35.0,4.909350594610024e-07,4.909350594610024e-07,1.1767817388409887e-07,0.11233387960948849,6.41852848711262e-08,0.04259559905456068,2.552818475929989e-08,0.09246131558024585
3691,5.0,1.0,1,0.00021486123545210386,6.0,8.416029590760041e-08,8.416029590760041e-08,1.1768629179382184e-07,0.11234162884847988,6.41786023053747e-08,0.04259116427029542,2.5511713601275405e-08,0.0924016581876645
3692,11.0,0.0,1,0.00039391226499552374,11.0,1.5429387583060076e-07,1.5429387583060076e-07,1.1769440886205978e-07,0.11234937728420187,6.417192224534456e-08,0.042586731148914474,2.5495253070682883e-08,0.09234203928690504
3693,1.0,0.0,1,3.5810205908683974e-05,1.0,1.4026715984600068e-08,1.4026715984600068e-08,1.1770252508972158e-07,0.11235712491752206,6.416524468941791e-08,0.04258229968934415,2.5478803160665338e-08,0.09228245885313195
3694,0.0,0.0,1,0.0,0.0,0.0,0.0,1.1771064047771564e-07,0.1123648717493076,6.415856963597838e-08,0.04257786989051178,2.5462363864370236e-08,0.0922229168615258
3695,0.0,0.0,1,0.0,0.0,0.0,0.0,1.1771875502694898e-07,0.1123726177804243,6.41518970834111e-08,0.042573441751345656,2.5445935174949445e-08,0.09216341328728313
3696,0.0,0.0,1,0.0,0.0,0.0,0.0,1.1772686873832775e-07,0.11238036301173718,6.41452270301026e-08,0.04256901527077504,2.542951708555925e-08,0.09210394810561648
3697,11.0,1.0,1,0.0004297224709042077,12.0,1.6832059181520083e-07,1.6832059181520083e-07,1.1773498161275728e-07,0.11238810744411043,6.413855947444093e-08,0.042564590447730186,2.541310958936038e-08,0.09204452129175446
3698,1.0,3.0,1,0.0001432408236347359,4.0,5.6106863938400274e-08,5.6106863938400274e-08,1.1774309365114148e-07,0.11239585107840694,6.41318944148157e-08,0.042560167281142376,2.5396712679517908e-08,0.09198513282094152
3699,7.0,0.0,1,0.0002506714413607878,7.0,9.818701189220048e-08,9.818701189220048e-08,1.1775120485438377e-07,0.11240359391548907,6.412523184961783e-08,0.04255574576994377,2.5380326349201387e-08,0.09192578266843818
3700,3.0,0.0,1,0.00010743061772605193,3.0,4.208014795380021e-08,4.208014795380021e-08,1.1775931522338619e-07,0.11241133595621791,6.41185717772398e-08,0.04255132591306756,2.5363950591584756e-08,0.09186647080952094
3701,5.0,0.0,1,0.00017905102954341988,5.0,7.013357992300035e-08,7.013357992300035e-08,1.1776742475905e-07,0.11241907720145378,6.411191419607558e-08,0.04254690770944794,2.534758539984635e-08,0.0918071972194822
3702,0.0,3.0,1,0.00010743061772605193,3.0,4.208014795380021e-08,4.208014795380021e-08,1.1777553346227544e-07,0.11242681765205607,6.410525910452059e-08,0.042542491158020036,2.533123076716891e-08,0.09174796187363032
3703,0.0,0.0,1,0.0,0.0,0.0,0.0,1.1778364133396173e-07,0.1124345573088831,6.409860650097172e-08,0.04253807625771998,2.5314886686739577e-08,0.0916887647472896
3704,0.0,0.0,1,0.0,0.0,0.0,0.0,1.1779174837500708e-07,0.11244229617279236,6.409195638382729e-08,0.042533663007484845,2.529855315174988e-08,0.09162960581580024
3705,3.0,0.0,1,0.00010743061772605193,3.0,4.208014795380021e-08,4.208014795380021e-08,1.1779985458630894e-07,0.11245003424464049,6.408530875148715e-08,0.0425292514062527,2.5282230155395756e-08,0.09157048505451837
3706,7.0,1.0,1,0.0002864816472694718,8.0,1.1221372787680055e-07,1.1221372787680055e-07,1.178079599687635e-07,0.112457771525283,6.40786636023525e-08,0.042524841452962536,2.5265917690877526e-08,0.09151140243881606
3707,0.0,0.0,1,0.0,0.0,0.0,0.0,1.1781606452326602e-07,0.11246550801557449,6.407202093482614e-08,0.042520433146554404,2.5249615751399884e-08,0.09145235794408113
3708,2.0,1.0,1,0.00010743061772605193,3.0,4.208014795380021e-08,4.208014795380021e-08,1.1782416825071102e-07,0.11247324371636887,6.406538074731226e-08,0.04251602648596925,2.5233324330171923e-08,0.09139335154571744
3709,10.0,26.0,1,0.0012891674127126231,36.0,5.049617754456025e-07,5.049617754456025e-07,1.1783227115199172e-07,0.11248097862851877,6.405874303821643e-08,0.042511621470148954,2.52170434204071e-08,0.09133438321914462
3710,2.0,1.0,1,0.00010743061772605193,3.0,4.208014795380021e-08,4.208014795380021e-08,1.178403732280006e-07,0.11248871275287613,6.40521078059458e-08,0.04250721809803648,2.5200773015323308e-08,0.09127545293979822
3711,0.0,0.0,1,0.0,0.0,0.0,0.0,1.1784847447962921e-07,0.11249644609029204,6.40454750489089e-08,0.042502816368575634,2.5184513108142735e-08,0.09121656068312961
3712,8.0,6.0,1,0.0005013428827215756,14.0,1.9637402378440096e-07,1.9637402378440096e-07,1.1785657490776772e-07,0.11250417864161624,6.403884476551582e-08,0.042498416280711306,2.5168263692091992e-08,0.091157706424606
3713,0.0,0.0,1,0.0,0.0,0.0,0.0,1.1786467451330586e-07,0.11251191040769803,6.403221695417791e-08,0.042494017833389214,2.5152024760402047e-08,0.09109889013971041
3714,0.0,4.0,1,0.0001432408236347359,4.0,5.6106863938400274e-08,5.6106863938400274e-08,1.178727732971321e-07,0.11251964138938557,6.402559161330807e-08,0.04248962102555611,2.513579630630824e-08,0.09104011180394174
3715,1.0,0.0,1,3.5810205908683974e-05,1.0,1.4026715984600068e-08,1.4026715984600068e-08,1.1788087126013391e-07,0.112527371587526,6.401896874132074e-08,0.042485225856159756,2.5119578323050283e-08,0.09098137139281466
3716,0.0,0.0,1,0.0,0.0,0.0,0.0,1.1788896840319807e-07,0.11253510100296582,6.401234833663155e-08,0.042480832324148704,2.5103370803872217e-08,0.09092266888185958
3717,49.0,0.0,1,0.0017547000895255147,49.0,6.873090832454033e-07,6.873090832454033e-07,1.1789706472720987e-07,0.11254282963655014,6.40057303976579e-08,0.0424764404284727,2.5087173742022498e-08,0.0908640042466228
3718,0.0,0.0,1,0.0,0.0,0.0,0.0,1.1790516023305431e-07,0.11255055748912374,6.399911492281842e-08,0.04247205016808227,2.5070987130753838e-08,0.09080537746266633
3719,1.0,0.0,1,3.5810205908683974e-05,1.0,1.4026715984600068e-08,1.4026715984600068e-08,1.1791325492161494e-07,0.11255828456153005,6.399250191053315e-08,0.04246766154192891,2.5054810963323438e-08,0.09074678850556799
3720,1.0,0.0,1,3.5810205908683974e-05,1.0,1.4026715984600068e-08,1.4026715984600068e-08,1.1792134879377445e-07,0.1125660108546117,6.398589135922368e-08,0.04246327454896513,2.5038645232992757e-08,0.09068823735092132
3721,1.0,0.0,1,3.5810205908683974e-05,1.0,1.4026715984600068e-08,1.4026715984600068e-08,1.1792944185041476e-07,0.11257373636921053,6.397928326731301e-08,0.042458889188144375,2.5022489933027624e-08,0.09062972397433565
3722,1.0,0.0,1,3.5810205908683974e-05,1.0,1.4026715984600068e-08,1.4026715984600068e-08,1.1793753409241664e-07,0.11258146110616732,6.397267763322558e-08,0.042454505458421055,2.5006345056698218e-08,0.090571248351436
3723,1.0,0.0,1,3.5810205908683974e-05,1.0,1.4026715984600068e-08,1.4026715984600068e-08,1.1794562552065982e-07,0.11258918506632185,6.396607445538718e-08,0.042450123358750466,2.4990210597279054e-08,0.09051281045786315
3724,2.0,1.0,1,0.00010743061772605193,3.0,4.208014795380021e-08,4.208014795380021e-08,1.1795371613602333e-07,0.11259690825051323,6.395947373222511e-08,0.04244574288808891,2.4974086548048998e-08,0.09045441026927362
3725,4.0,2.0,1,0.00021486123545210386,6.0,8.416029590760041e-08,8.416029590760041e-08,1.1796180593938514e-07,0.11260463065957953,6.395287546216816e-08,0.04244136404539367,2.4957972902291228e-08,0.09039604776133954
3726,0.0,0.0,1,0.0,0.0,0.0,0.0,1.1796989493162216e-07,0.11261235229435788,6.394627964364638e-08,0.04243698682962288,2.494186965329328e-08,0.09033772290974881
3727,3.0,0.0,1,0.00010743061772605193,3.0,4.208014795380021e-08,4.208014795380021e-08,1.1797798311361056e-07,0.11262007315568465,6.39396862750913e-08,0.04243261123973566,2.4925776794347014e-08,0.09027943569020505
3728,1.0,0.0,1,3.5810205908683974e-05,1.0,1.4026715984600068e-08,1.4026715984600068e-08,1.179860704862254e-07,0.11262779324439512,6.393309535493602e-08,0.04242823727469213,2.4909694318748614e-08,0.09022118607842748
3729,0.0,4.0,1,0.0001432408236347359,4.0,5.6106863938400274e-08,5.6106863938400274e-08,1.1799415705034068e-07,0.11263551256132363,6.392650688161492e-08,0.042423864933453306,2.4893622219798588e-08,0.09016297405015103
3730,2.0,2.0,1,0.0001432408236347359,4.0,5.6106863938400274e-08,5.6106863938400274e-08,1.180022428068298e-07,0.11264323110730391,6.391992085356375e-08,0.04241949421498111,2.4877560490801785e-08,0.09010479958112627
3731,3.0,2.0,1,0.00017905102954341988,5.0,7.013357992300035e-08,7.013357992300035e-08,1.1801032775656487e-07,0.11265094888316847,6.391333726921984e-08,0.042415125118238486,2.4861509125067346e-08,0.09004666264711943
3732,5.0,4.0,1,0.0003222918531781558,9.0,1.2624044386140063e-07,1.2624044386140063e-07,1.1801841190041723e-07,0.11265866588974907,6.390675612702189e-08,0.042410757642189295,2.4845468115908742e-08,0.08998856322391235
3733,3.0,0.0,1,0.00010743061772605193,3.0,4.208014795380021e-08,4.208014795380021e-08,1.1802649523925732e-07,0.11266638212787662,6.390017742540989e-08,0.04240639178579827,2.4829437456643784e-08,0.08993050128730258
3734,0.0,0.0,1,0.0,0.0,0.0,0.0,1.1803457777395446e-07,0.11267409759838097,6.389360116282537e-08,0.04240202754803116,2.481341714059453e-08,0.08987247681310312
3735,0.0,0.0,1,0.0,0.0,0.0,0.0,1.1804265950537722e-07,0.11268181230209123,6.388702733771126e-08,0.04239766492785462,2.4797407161087417e-08,0.08981448977714274
3736,3.0,0.0,1,0.00010743061772605193,3.0,4.208014795380021e-08,4.208014795380021e-08,1.1805074043439302e-07,0.11268952623983546,6.388045594851185e-08,0.04239330392423624,2.4781407511453134e-08,0.0897565401552657
3737,7.0,3.0,1,0.00035810205908683976,10.0,1.402671598460007e-07,1.402671598460007e-07,1.1805882056186855e-07,0.11269723941244092,6.387388699367291e-08,0.042388944536144585,2.4765418185026715e-08,0.08969862792333191
3738,7.0,8.0,1,0.0005371530886302597,15.0,2.1040073976900105e-07,2.1040073976900105e-07,1.1806689988866934e-07,0.1127049518207339,6.386732047164155e-08,0.04238458676254909,2.474943917514747e-08,0.08964075305721685
3739,0.0,0.0,1,0.0,0.0,0.0,0.0,1.1807497841566033e-07,0.11271266346554001,6.38607563808663e-08,0.042380230602420146,2.4733470475158992e-08,0.0895829155328115
3740,3.0,0.0,1,0.00010743061772605193,3.0,4.208014795380021e-08,4.208014795380021e-08,1.180830561437051e-07,0.11272037434768366,6.385419471979712e-08,0.0423758760547291,2.4717512078409218e-08,0.08952511532602249
3741,0.0,0.0,1,0.0,0.0,0.0,0.0,1.1809113307366662e-07,0.1127280844679886,6.384763548688537e-08,0.04237152311844822,2.4701563978250336e-08,0.08946735241277193
3742,9.0,0.0,1,0.0003222918531781558,9.0,1.2624044386140063e-07,1.2624044386140063e-07,1.1809920920640665e-07,0.11273579382727746,6.384107868058377e-08,0.042367171792550666,2.468562616803885e-08,0.08940962676899752
3743,0.0,1.0,1,3.5810205908683974e-05,1.0,1.4026715984600068e-08,1.4026715984600068e-08,1.1810728454278637e-07,0.1127435024263723,6.383452429934644e-08,0.04236282207601055,2.4669698641135502e-08,0.08935193837065238
3744,101.0,0.0,1,0.0036168307967770815,101.0,1.416698314444607e-06,1.416698314444607e-06,1.1811535908366579e-07,0.11275121026609404,6.38279723416291e-08,0.04235847396780298,2.465378139090539e-08,0.08929428719370523
3745,2.0,0.0,1,7.162041181736795e-05,2.0,2.8053431969200137e-08,2.8053431969200137e-08,1.1812343282990385e-07,0.11275891734726273,6.382142280588842e-08,0.042354127466903896,2.4637874410717797e-08,0.0892366732141403
3746,0.0,0.0,1,0.0,0.0,0.0,0.0,1.181315057823589e-07,0.11276662367069763,6.381487569058293e-08,0.042349782572290176,2.46219776939464e-08,0.0891790964079573
3747,1.0,0.0,1,3.5810205908683974e-05,1.0,1.4026715984600068e-08,1.4026715984600068e-08,1.1813957794188821e-07,0.1127743292372171,6.38083309941723e-08,0.042345439282939656,2.4606091233969073e-08,0.08912155675117142
3748,0.0,0.0,1,0.0,0.0,0.0,0.0,1.1814764930934818e-07,0.11278203404763866,6.380178871511761e-08,0.04234109759783105,2.4590215024167977e-08,0.08906405421981331
3749,18.0,0.0,1,0.0006445837063563116,18.0,2.5248088772280126e-07,2.5248088772280126e-07,1.1815571988559405e-07,0.1127897381027787,6.379524885188147e-08,0.042336757515944075,2.457434905792955e-08,0.0890065887899291
3750,30.0,1.0,1,0.0011101163831692031,31.0,4.3482819552260207e-07,4.3482819552260207e-07,1.1816378967148037e-07,0.11279744140345298,6.378871140292764e-08,0.0423324190362593,2.4558493328644484e-08,0.0889491604375804
3751,0.0,0.0,1,0.0,0.0,0.0,0.0,1.1817185866786078e-07,0.11280514395047633,6.378217636672158e-08,0.04232808215775825,2.4542647829707805e-08,0.08889176913884426
3752,13.0,13.0,1,0.0009310653536257833,26.0,3.6469461559960174e-07,3.6469461559960174e-07,1.1817992687558782e-07,0.11281284574466263,6.377564374172979e-08,0.042323746879423293,2.4526812554518693e-08,0.08883441486981308
3753,0.0,0.0,1,0.0,0.0,0.0,0.0,1.181879942955134e-07,0.11282054678682506,6.376911352642036e-08,0.04231941320023781,2.4510987496480602e-08,0.0887770976065948
3754,22.0,2.0,1,0.0008594449418084154,24.0,3.3664118363040166e-07,3.3664118363040166e-07,1.1819606092848807e-07,0.11282824707777557,6.376258571926278e-08,0.042315081119186075,2.4495172649001353e-08,0.0887198173253127
3755,6.0,0.0,1,0.00021486123545210386,6.0,8.416029590760041e-08,8.416029590760041e-08,1.1820412677536197e-07,0.11283594661832565,6.37560603187278e-08,0.04231075063525326,2.4479368005492865e-08,0.08866257400210552
3756,32.0,2.0,1,0.0012175470008952553,34.0,4.769083434764024e-07,4.769083434764024e-07,1.1821219183698391e-07,0.11284364540928558,6.374953732328763e-08,0.042306421747425424,2.446357355937144e-08,0.08860536761312736
3757,2.0,0.0,1,7.162041181736795e-05,2.0,2.8053431969200137e-08,2.8053431969200137e-08,1.1822025611420197e-07,0.11285134345146497,6.374301673141582e-08,0.042302094454689604,2.44477893040576e-08,0.08854819813454771
3758,154.0,1.0,1,0.005550581915846016,155.0,2.1741409776130104e-06,2.1741409776130104e-06,1.1822831960786336e-07,0.1128590407456725,6.373649854158732e-08,0.042297768756033687,2.44320152329759e-08,0.08849106554255146
3759,1.0,0.0,1,3.5810205908683974e-05,1.0,1.4026715984600068e-08,1.4026715984600068e-08,1.1823638231881422e-07,0.11286673729271589,6.372998275227845e-08,0.042293444650446536,2.4416251339555735e-08,0.08843396981333881
3760,15.0,3.0,1,0.0006445837063563116,18.0,2.5248088772280126e-07,2.5248088772280126e-07,1.1824444424789992e-07,0.11287443309340212,6.372346936196685e-08,0.04228912213691785,2.4400497617229954e-08,0.08837691092312544
3761,15.0,9.0,1,0.0008594449418084154,24.0,3.3664118363040166e-07,3.3664118363040166e-07,1.182525053959649e-07,0.1128821281485373,6.371695836913163e-08,0.042284801214438304,2.438475405943614e-08,0.08831988884814218
3762,3.0,1.0,1,0.0001432408236347359,4.0,5.6106863938400274e-08,5.6106863938400274e-08,1.1826056576385258e-07,0.11288982245892655,6.37104497722532e-08,0.04228048188199943,2.4369020659615947e-08,0.08826290356463536
3763,3.0,0.0,1,0.00010743061772605193,3.0,4.208014795380021e-08,4.208014795380021e-08,1.1826862535240554e-07,0.11289751602537418,6.370394356981335e-08,0.04227616413859372,2.4353297411215357e-08,0.08820595504886657
3764,0.0,0.0,1,0.0,0.0,0.0,0.0,1.1827668416246555e-07,0.11290520884868367,6.369743976029521e-08,0.04227184798321452,2.433758430768451e-08,0.08814904327711273
3765,4.0,0.0,1,0.0001432408236347359,4.0,5.6106863938400274e-08,5.6106863938400274e-08,1.1828474219487342e-07,0.11291290092965774,6.369093834218327e-08,0.04226753341485608,2.4321881342477777e-08,0.08809216822566607
3766,5.0,8.0,1,0.00046553267681289165,13.0,1.8234730779980087e-07,1.8234730779980087e-07,1.1829279945046887e-07,0.1129205922690979,6.368443931396349e-08,0.04226322043251364,2.4306188509053778e-08,0.0880353298708341
3767,0.0,0.0,1,0.0,0.0,0.0,0.0,1.183008559300909e-07,0.1129282828678051,6.367794267412305e-08,0.04225890903518322,2.4290505800875323e-08,0.08797852818893964
3768,2.0,0.0,1,7.162041181736795e-05,2.0,2.8053431969200137e-08,2.8053431969200137e-08,1.1830891163457775e-07,0.11293597272657946,6.367144842115058e-08,0.04225459922186184,2.427483321140946e-08,0.08792176315632076
3769,0.0,0.0,1,0.0,0.0,0.0,0.0,1.183169665647664e-07,0.11294366184622,6.366495655353597e-08,0.04225029099154733,2.425917073412747e-08,0.08786503474933087
3770,0.0,0.0,1,0.0,0.0,0.0,0.0,1.183250207214931e-07,0.11295135022752496,6.365846706977063e-08,0.04224598434323854,2.4243518362504793e-08,0.0878083429443385
3771,12.0,0.0,1,0.0004297224709042077,12.0,1.6832059181520083e-07,1.6832059181520083e-07,1.1833307410559337e-07,0.11295903787129194,6.365197996834713e-08,0.042241679275935085,2.4227876090021124e-08,0.08775168771772751
3772,74.0,2.0,1,0.002721575649059982,76.0,1.066030414829605e-06,1.066030414829605e-06,1.183411267179016e-07,0.1129667247783174,6.364549524775955e-08,0.042237375788637586,2.4212243910160367e-08,0.08769506904589704
3773,1.0,3.0,1,0.0001432408236347359,4.0,5.6106863938400274e-08,5.6106863938400274e-08,1.1834917855925131e-07,0.11297441094939707,6.363901290650323e-08,0.04223307388034749,2.4196621816410545e-08,0.08763848690526138
3774,5.0,1.0,1,0.00021486123545210386,6.0,8.416029590760041e-08,8.416029590760041e-08,1.1835722963047521e-07,0.11298209638532576,6.363253294307492e-08,0.0422287735500672,2.4181009802264043e-08,0.0875819412722501
3775,11.0,1.0,1,0.0004297224709042077,12.0,1.6832059181520083e-07,1.6832059181520083e-07,1.1836527993240506e-07,0.11298978108689751,6.362605535597268e-08,0.042224474796799964,2.4165407861217307e-08,0.08752543212330789
3776,50.0,0.0,1,0.0017905102954341987,50.0,7.013357992300034e-07,7.013357992300034e-07,1.1837332946587185e-07,0.11299746505490557,6.361958014369585e-08,0.04222017761954991,2.4149815986771022e-08,0.08746895943489476
3777,2.0,0.0,1,7.162041181736795e-05,2.0,2.8053431969200137e-08,2.8053431969200137e-08,1.183813782317055e-07,0.11300514829014213,6.361310730474524e-08,0.0422158820173221,2.4134234172430085e-08,0.08741252318348582
3778,1.0,6.0,1,0.0002506714413607878,7.0,9.818701189220048e-08,9.818701189220048e-08,1.1838942623073504e-07,0.11301283079339862,6.3606636837623e-08,0.042211587989122515,2.4118662411703577e-08,0.0873561233455714
3779,2.0,0.0,1,7.162041181736795e-05,2.0,2.8053431969200137e-08,2.8053431969200137e-08,1.183974734637888e-07,0.1130205125654657,6.360016874083251e-08,0.04220729553395796,2.4103100698104732e-08,0.08729975989765691
3780,4.0,0.0,1,0.0001432408236347359,4.0,5.6106863938400274e-08,5.6106863938400274e-08,1.1840551993169409e-07,0.11302819360713318,6.359370301287856e-08,0.04220300465083614,2.408754902515101e-08,0.08724343281626305
3781,2.0,0.0,1,7.162041181736795e-05,2.0,2.8053431969200137e-08,2.8053431969200137e-08,1.1841356563527729e-07,0.11303587391918984,6.358723965226727e-08,0.04219871533876568,2.4072007386364048e-08,0.0871871420779256
3782,25.0,8.0,1,0.0011817367949865712,33.0,4.6288162749180226e-07,4.6288162749180226e-07,1.18421610575364e-07,0.11304355350242383,6.35807786575061e-08,0.04219442759675607,2.405647577526966e-08,0.0871308876591955
3783,11.0,0.0,1,0.00039391226499552374,11.0,1.5429387583060076e-07,1.5429387583060076e-07,1.1842965475277888e-07,0.11305123235762234,6.357432002710379e-08,0.042190141423817676,2.4040954185397793e-08,0.08707466953663878
3784,0.0,0.0,1,0.0,0.0,0.0,0.0,1.1843769816834573e-07,0.11305891048557175,6.356786375957061e-08,0.04218585681896183,2.4025442610282643e-08,0.08701848768683663
3785,1.0,0.0,1,3.5810205908683974e-05,1.0,1.4026715984600068e-08,1.4026715984600068e-08,1.1844574082288742e-07,0.11306658788705758,6.356140985341785e-08,0.0421815737812006,2.4009941043462537e-08,0.08696234208638536
3786,0.0,0.0,1,0.0,0.0,0.0,0.0,1.1845378271722596e-07,0.11307426456286448,6.355495830715842e-08,0.04217729230954708,2.3994449478479972e-08,0.08690623271189632
3787,0.0,0.0,1,0.0,0.0,0.0,0.0,1.1846182385218252e-07,0.11308194051377637,6.354850911930635e-08,0.04217301240301514,2.3978967908881627e-08,0.08685015953999606
3788,2.0,0.0,1,7.162041181736795e-05,2.0,2.8053431969200137e-08,2.8053431969200137e-08,1.184698642285774e-07,0.11308961574057626,6.354206228837719e-08,0.04216873406061964,2.3963496328218316e-08,0.08679412254732603
3789,3.0,0.0,1,0.00010743061772605193,3.0,4.208014795380021e-08,4.208014795380021e-08,1.1847790384722983e-07,0.1130972902440462,6.353561781288757e-08,0.04216445728137618,2.394803473004504e-08,0.08673812171054295
3790,3.0,1.0,1,0.0001432408236347359,4.0,5.6106863938400274e-08,5.6106863938400274e-08,1.184859427089585e-07,0.11310496402496766,6.352917569135569e-08,0.04216018206430137,2.3932583107920954e-08,0.08668215700631847
3791,4.0,0.0,1,0.0001432408236347359,4.0,5.6106863938400274e-08,5.6106863938400274e-08,1.1849398081458087e-07,0.11311263708412103,6.352273592230098e-08,0.04215590840841265,2.391714145540936e-08,0.08662622841133935
3792,0.0,0.0,1,0.0,0.0,0.0,0.0,1.1850201816491391e-07,0.11312030942228612,6.351629850424407e-08,0.042151636312728266,2.390170976607772e-08,0.0865703359023074
3793,8.0,22.0,1,0.0010743061772605193,30.0,4.208014795380021e-07,4.208014795380021e-07,1.1851005476077334e-07,0.11312798104024165,6.350986343570713e-08,0.04214736577626748,2.388628803349763e-08,0.08651447945593939
3794,1.0,1.0,1,7.162041181736795e-05,2.0,2.8053431969200137e-08,2.8053431969200137e-08,1.1851809060297415e-07,0.11313565193876558,6.350343071521353e-08,0.042143096798050346,2.38708762512449e-08,0.0864586590489672
3795,2.0,0.0,1,7.162041181736795e-05,2.0,2.8053431969200137e-08,2.8053431969200137e-08,1.185261256923305e-07,0.1131433221186351,6.349700034128788e-08,0.042138829377097745,2.3855474412899375e-08,0.08640287465813766
3796,0.0,2.0,1,7.162041181736795e-05,2.0,2.8053431969200137e-08,2.8053431969200137e-08,1.1853416002965569e-07,0.11315099158062658,6.349057231245631e-08,0.04213456351243156,2.3840082512045138e-08,0.0863471262602127
3797,2.0,0.0,1,7.162041181736795e-05,2.0,2.8053431969200137e-08,2.8053431969200137e-08,1.1854219361576212e-07,0.1131586603255155,6.348414662724604e-08,0.04213029920307441,2.3824700542270347e-08,0.08629141383196906
3798,3.0,3.0,1,0.00021486123545210386,6.0,8.416029590760041e-08,8.416029590760041e-08,1.1855022645146131e-07,0.11316632835407656,6.347772328418574e-08,0.04212603644804986,2.3809328497167335e-08,0.08623573735019864
3799,2.0,2.0,1,0.0001432408236347359,4.0,5.6106863938400274e-08,5.6106863938400274e-08,1.185582585375639e-07,0.11317399566708357,6.347130228180541e-08,0.04212177524638237,2.3793966370332562e-08,0.08618009679170822
3800,14.0,1.0,1,0.0005371530886302597,15.0,2.1040073976900105e-07,2.1040073976900105e-07,1.1856628987487972e-07,0.11318166226530955,6.346488361863622e-08,0.042117515597097185,2.3778614155366615e-08,0.08612449213331962
3801,6.0,1.0,1,0.0002506714413607878,7.0,9.818701189220048e-08,9.818701189220048e-08,1.1857432046421767e-07,0.11318932814952672,6.34584672932108e-08,0.042113257499220486,2.376327184587421e-08,0.08606892335186953
3802,87.0,3.0,1,0.0032229185317815576,90.0,1.2624044386140061e-06,1.2624044386140061e-06,1.1858235030638595e-07,0.11319699332050646,6.345205330406295e-08,0.0421090009517793,2.374793943546411e-08,0.08601339042420963
3803,1.0,0.0,1,3.5810205908683974e-05,1.0,1.4026715984600068e-08,1.4026715984600068e-08,1.1859037940219136e-07,0.11320465777901918,6.3445641649728e-08,0.042104745953801516,2.3732616917749533e-08,0.08595789332720656
3804,13.0,0.0,1,0.00046553267681289165,13.0,1.8234730779980087e-07,1.8234730779980087e-07,1.1859840775244063e-07,0.11321232152583473,6.34392323287423e-08,0.042100492504315905,2.3717304286347314e-08,0.08590243203774182
3805,0.0,0.0,1,0.0,0.0,0.0,0.0,1.1860643535793921e-07,0.11321998456172207,6.343282533964363e-08,0.04209624060235206,2.3702001534878747e-08,0.08584700653271192
3806,0.0,4.0,1,0.0001432408236347359,4.0,5.6106863938400274e-08,5.6106863938400274e-08,1.1861446221949158e-07,0.11322764688744914,6.34264206809711e-08,0.042091990246940464,2.3686708656969142e-08,0.08579161678902814
3807,0.0,0.0,1,0.0,0.0,0.0,0.0,1.186224883379017e-07,0.11323530850378337,6.342001835126509e-08,0.04208774143711248,2.367142564624795e-08,0.08573626278361676
3808,7.0,1.0,1,0.0002864816472694718,8.0,1.1221372787680055e-07,1.1221372787680055e-07,1.1863051371397226e-07,0.11324296941149102,6.34136183490673e-08,0.042083494171900326,2.36561524963487e-08,0.08568094449341895
3809,1.0,7.0,1,0.0002864816472694718,8.0,1.1221372787680055e-07,1.1221372787680055e-07,1.186385383485054e-07,0.1132506296113378,6.340722067292065e-08,0.04207924845033703,2.364088920090907e-08,0.08562566189539071
3810,1.0,0.0,1,3.5810205908683974e-05,1.0,1.4026715984600068e-08,1.4026715984600068e-08,1.1864656224230238e-07,0.11325828910408857,6.340082532136946e-08,0.04207500427145656,2.3625635753570798e-08,0.08557041496650296
3811,115.0,2.0,1,0.004189794091316025,117.0,1.641125770198208e-06,1.641125770198208e-06,1.1865458539616337e-07,0.11326594789050726,6.339443229295929e-08,0.042070761634293685,2.3610392147979703e-08,0.08551520368374141
3812,7.0,10.0,1,0.0006087735004476276,17.0,2.384541717382012e-07,2.384541717382012e-07,1.1866260781088816e-07,0.11327360597135705,6.338804158623693e-08,0.042066520537884,2.359515837778589e-08,0.08546002802410668
3813,1.0,0.0,1,3.5810205908683974e-05,1.0,1.4026715984600068e-08,1.4026715984600068e-08,1.1867062948727509e-07,0.11328126334740032,6.338165319975061e-08,0.042062280981264084,2.3579934436643273e-08,0.08540488796461422
3814,4.0,0.0,1,0.0001432408236347359,4.0,5.6106863938400274e-08,5.6106863938400274e-08,1.1867865042612211e-07,0.11328892001939869,6.337526713204967e-08,0.04205804296347121,2.3564720318210058e-08,0.0853497834822943
3815,1.0,0.0,1,3.5810205908683974e-05,1.0,1.4026715984600068e-08,1.4026715984600068e-08,1.1868667062822604e-07,0.11329657598811275,6.336888338168493e-08,0.04205380648354366,2.3549516016148478e-08,0.08529471455419196
3816,18.0,1.0,1,0.0006803939122649955,19.0,2.6650760370740127e-07,2.6650760370740127e-07,1.1869469009438317e-07,0.11330423125430268,6.336250194720828e-08,0.042049571540520414,2.353432152412488e-08,0.08523968115736714
3817,4.0,1.0,1,0.00017905102954341988,5.0,7.013357992300035e-08,7.013357992300035e-08,1.1870270882538856e-07,0.11331188581872742,6.33561228271731e-08,0.04204533813344143,2.3519136835809672e-08,0.08518468326889453
3818,3.0,0.0,1,0.00010743061772605193,3.0,4.208014795380021e-08,4.208014795380021e-08,1.1871072682203676e-07,0.11331953968214543,6.33497460201339e-08,0.04204110626134745,2.3503961944877353e-08,0.08512972086586361
3819,2.0,34.0,1,0.0012891674127126231,36.0,5.049617754456025e-07,5.049617754456025e-07,1.1871874408512114e-07,0.11332719284531405,6.334337152464658e-08,0.0420368759232801,2.3488796845006508e-08,0.08507479392537867
3820,2.0,0.0,1,7.162041181736795e-05,2.0,2.8053431969200137e-08,2.8053431969200137e-08,1.1872676061543454e-07,0.11333484530899007,6.333699933926821e-08,0.042032647118281856,2.3473641529879847e-08,0.08501990242455876
3821,0.0,1.0,1,3.5810205908683974e-05,1.0,1.4026715984600068e-08,1.4026715984600068e-08,1.1873477641376884e-07,0.11334249707392946,6.333062946255722e-08,0.04202841984539597,2.3458495993184055e-08,0.08496504634053768
3822,79.0,1.0,1,0.002864816472694718,80.0,1.1221372787680056e-06,1.1221372787680056e-06,1.1874279148091495e-07,0.11335014814088727,6.332426189307333e-08,0.04202419410366666,2.3443360228609973e-08,0.084910225650464
3823,4.0,0.0,1,0.0001432408236347359,4.0,5.6106863938400274e-08,5.6106863938400274e-08,1.1875080581766325e-07,0.11335779851061781,6.331789662937741e-08,0.04201996989213885,2.3428234229852473e-08,0.08485544033150105
3824,1.0,0.0,1,3.5810205908683974e-05,1.0,1.4026715984600068e-08,1.4026715984600068e-08,1.1875881942480291e-07,0.11336544818387455,6.331153367003181e-08,0.042015747209858484,2.34131179906105e-08,0.08480069036082682
3825,61.0,0.0,1,0.0021844225604297223,61.0,8.556296750606041e-07,8.556296750606041e-07,1.1876683230312249e-07,0.1133730971614102,6.330517301359998e-08,0.04201152605587222,2.3398011504587104e-08,0.08474597571563411
3826,1.0,0.0,1,3.5810205908683974e-05,1.0,1.4026715984600068e-08,1.4026715984600068e-08,1.1877484445340966e-07,0.1133807454439767,6.329881465864668e-08,0.04200730642922755,2.3382914765489314e-08,0.08469129637313039
