scope,feature,kind,left,right,height,median,clip_low,clip_high
root,log_words,continuous,0.6931471805599453,0.7989998431748768,0.0747265095142181,3.4011973816621555,0.6931471805599453,4.927253685157205
root,log_words,continuous,0.7989998431748768,0.9048525057898082,0.0,3.4011973816621555,0.6931471805599453,4.927253685157205
root,log_words,continuous,0.9048525057898082,1.0107051684047397,0.0,3.4011973816621555,0.6931471805599453,4.927253685157205
root,log_words,continuous,1.0107051684047397,1.1165578310196713,0.0769938119520704,3.4011973816621555,0.6931471805599453,4.927253685157205
root,log_words,continuous,1.1165578310196713,1.2224104936346027,0.0,3.4011973816621555,0.6931471805599453,4.927253685157205
root,log_words,continuous,1.2224104936346027,1.3282631562495344,0.0,3.4011973816621555,0.6931471805599453,4.927253685157205
root,log_words,continuous,1.3282631562495344,1.4341158188644658,0.10618533083942003,3.4011973816621555,0.6931471805599453,4.927253685157205
root,log_words,continuous,1.4341158188644658,1.5399684814793972,0.0,3.4011973816621555,0.6931471805599453,4.927253685157205
root,log_words,continuous,1.5399684814793972,1.6458211440943287,0.12706340745464406,3.4011973816621555,0.6931471805599453,4.927253685157205
root,log_words,continuous,1.6458211440943287,1.75167380670926,0.0,3.4011973816621555,0.6931471805599453,4.927253685157205
root,log_words,continuous,1.75167380670926,1.8575264693241915,0.15181479240119927,3.4011973816621555,0.6931471805599453,4.927253685157205
root,log_words,continuous,1.8575264693241915,1.9633791319391234,0.17344863649570672,3.4011973816621555,0.6931471805599453,4.927253685157205
root,log_words,continuous,1.9633791319391234,2.069231794554055,0.0,3.4011973816621555,0.6931471805599453,4.927253685157205
root,log_words,continuous,2.069231794554055,2.1750844571689862,0.18431279401041675,3.4011973816621555,0.6931471805599453,4.927253685157205
root,log_words,continuous,2.1750844571689862,2.2809371197839177,0.19612166087423127,3.4011973816621555,0.6931471805599453,4.927253685157205
root,log_words,continuous,2.2809371197839177,2.386789782398849,0.2008452076197571,3.4011973816621555,0.6931471805599453,4.927253685157205
root,log_words,continuous,2.386789782398849,2.4926424450137805,0.4198288347423332,3.4011973816621555,0.6931471805599453,4.927253685157205
root,log_words,continuous,2.4926424450137805,2.5984951076287124,0.20896970802206058,3.4011973816621555,0.6931471805599453,4.927253685157205
root,log_words,continuous,2.5984951076287124,2.704347770243644,0.2052853415605513,3.4011973816621555,0.6931471805599453,4.927253685157205
root,log_words,continuous,2.704347770243644,2.8102004328585752,0.39800604877800405,3.4011973816621555,0.6931471805599453,4.927253685157205
root,log_words,continuous,2.8102004328585752,2.9160530954735067,0.3794897455355429,3.4011973816621555,0.6931471805599453,4.927253685157205
root,log_words,continuous,2.9160530954735067,3.021905758088438,0.3643743959498603,3.4011973816621555,0.6931471805599453,4.927253685157205
root,log_words,continuous,3.021905758088438,3.12775842070337,0.33272663275483605,3.4011973816621555,0.6931471805599453,4.927253685157205
root,log_words,continuous,3.12775842070337,3.2336110833183014,0.46130157516804976,3.4011973816621555,0.6931471805599453,4.927253685157205
root,log_words,continuous,3.2336110833183014,3.339463745933233,0.42086801502634885,3.4011973816621555,0.6931471805599453,4.927253685157205
root,log_words,continuous,3.339463745933233,3.4453164085481642,0.39451062418631494,3.4011973816621555,0.6931471805599453,4.927253685157205
root,log_words,continuous,3.4453164085481642,3.5511690711630957,0.34529126709793606,3.4011973816621555,0.6931471805599453,4.927253685157205
root,log_words,continuous,3.5511690711630957,3.657021733778027,0.4196398928725122,3.4011973816621555,0.6931471805599453,4.927253685157205
root,log_words,continuous,3.657021733778027,3.762874396392959,0.44779223147584407,3.4011973816621555,0.6931471805599453,4.927253685157205
root,log_words,continuous,3.762874396392959,3.8687270590078904,0.31562739353603403,3.4011973816621555,0.6931471805599453,4.927253685157205
root,log_words,continuous,3.8687270590078904,3.974579721622822,0.4033908920679034,3.4011973816621555,0.6931471805599453,4.927253685157205
root,log_words,continuous,3.974579721622822,4.080432384237753,0.3414179587666064,3.4011973816621555,0.6931471805599453,4.927253685157205
root,log_words,continuous,4.080432384237753,4.186285046852684,0.30098439862490406,3.4011973816621555,0.6931471805599453,4.927253685157205
root,log_words,continuous,4.186285046852684,4.292137709467616,0.33045933031698504,3.4011973816621555,0.6931471805599453,4.927253685157205
root,log_words,continuous,4.292137709467616,4.397990372082547,0.28020079294459055,3.4011973816621555,0.6931471805599453,4.927253685157205
root,log_words,continuous,4.397990372082547,4.503843034697479,0.2642352049447111,3.4011973816621555,0.6931471805599453,4.927253685157205
root,log_words,continuous,4.503843034697479,4.609695697312411,0.26300708279087665,3.4011973816621555,0.6931471805599453,4.927253685157205
root,log_words,continuous,4.609695697312411,4.715548359927342,0.3368833538909002,3.4011973816621555,0.6931471805599453,4.927253685157205
root,log_words,continuous,4.715548359927342,4.821401022542274,0.3454802089677571,3.4011973816621555,0.6931471805599453,4.927253685157205
root,log_words,continuous,4.821401022542274,4.927253685157205,0.17581040986847035,3.4011973816621555,0.6931471805599453,4.927253685157205
root,sentiment_positive,continuous,0.01096385772805661,0.03396004587050993,15.31949546671331,0.050801532343029976,0.01096385772805661,0.9308113834261894
root,sentiment_positive,continuous,0.03396004587050993,0.05695623401296325,7.962624016889137,0.050801532343029976,0.01096385772805661,0.9308113834261894
root,sentiment_positive,continuous,0.05695623401296325,0.07995242215541656,3.8375925372206137,0.050801532343029976,0.01096385772805661,0.9308113834261894
root,sentiment_positive,continuous,0.07995242215541656,0.10294861029786989,2.3934401501260334,0.050801532343029976,0.01096385772805661,0.9308113834261894
root,sentiment_positive,continuous,0.10294861029786989,0.12594479844032322,1.576348209339911,0.050801532343029976,0.01096385772805661,0.9308113834261894
root,sentiment_positive,continuous,0.12594479844032322,0.14894098658277652,1.1614968461094917,0.050801532343029976,0.01096385772805661,0.9308113834261894
root,sentiment_positive,continuous,0.14894098658277652,0.17193717472522985,0.9249359010388941,0.050801532343029976,0.01096385772805661,0.9308113834261894
root,sentiment_positive,continuous,0.17193717472522985,0.19493336286768317,0.7918703694366837,0.050801532343029976,0.01096385772805661,0.9308113834261894
root,sentiment_positive,continuous,0.19493336286768317,0.2179295510101365,0.6179284980612452,0.050801532343029976,0.01096385772805661,0.9308113834261894
root,sentiment_positive,continuous,0.2179295510101365,0.24092573915258983,0.544872912083561,0.050801532343029976,0.01096385772805661,0.9308113834261894
root,sentiment_positive,continuous,0.24092573915258983,0.26392192729504316,0.4992131708475084,0.050801532343029976,0.01096385772805661,0.9308113834261894
root,sentiment_positive,continuous,0.26392192729504316,0.28691811543749646,0.47181732610587745,0.050801532343029976,0.01096385772805661,0.9308113834261894
root,sentiment_positive,continuous,0.28691811543749646,0.3099143035799498,0.39658746673599926,0.050801532343029976,0.01096385772805661,0.9308113834261894
root,sentiment_positive,continuous,0.3099143035799498,0.3329104917224031,0.3365775211114738,0.050801532343029976,0.01096385772805661,0.9308113834261894
root,sentiment_positive,continuous,0.3329104917224031,0.35590667986485647,0.3300547009348941,0.050801532343029976,0.01096385772805661,0.9308113834261894
root,sentiment_positive,continuous,0.35590667986485647,0.37890286800730977,0.31048624040515804,0.050801532343029976,0.01096385772805661,0.9308113834261894
root,sentiment_positive,continuous,0.37890286800730977,0.40189905614976307,0.2865692330910352,0.050801532343029976,0.01096385772805661,0.9308113834261894
root,sentiment_positive,continuous,0.40189905614976307,0.4248952442922164,0.2609128070631574,0.050801532343029976,0.01096385772805661,0.9308113834261894
root,sentiment_positive,continuous,0.4248952442922164,0.4478914324346697,0.25569455092189486,0.050801532343029976,0.01096385772805661,0.9308113834261894
root,sentiment_positive,continuous,0.4478914324346697,0.4708876205771231,0.2513460041375083,0.050801532343029976,0.01096385772805661,0.9308113834261894
root,sentiment_positive,continuous,0.4708876205771231,0.4938838087195764,0.24308376524717554,0.050801532343029976,0.01096385772805661,0.9308113834261894
root,sentiment_positive,continuous,0.4938838087195764,0.5168799968620297,0.22655928746650886,0.050801532343029976,0.01096385772805661,0.9308113834261894
root,sentiment_positive,continuous,0.5168799968620297,0.539876185004483,0.22438501407431588,0.050801532343029976,0.01096385772805661,0.9308113834261894
root,sentiment_positive,continuous,0.539876185004483,0.5628723731469363,0.20568626290145625,0.050801532343029976,0.01096385772805661,0.9308113834261894
root,sentiment_positive,continuous,0.5628723731469363,0.5858685612893897,0.2235153047174376,0.050801532343029976,0.01096385772805661,0.9308113834261894
root,sentiment_positive,continuous,0.5858685612893897,0.608864749431843,0.21786219389773695,0.050801532343029976,0.01096385772805661,0.9308113834261894
root,sentiment_positive,continuous,0.608864749431843,0.6318609375742963,0.2082953909720878,0.050801532343029976,0.01096385772805661,0.9308113834261894
root,sentiment_positive,continuous,0.6318609375742963,0.6548571257167496,0.20133771611707027,0.050801532343029976,0.01096385772805661,0.9308113834261894
root,sentiment_positive,continuous,0.6548571257167496,0.6778533138592029,0.21916675793305274,0.050801532343029976,0.01096385772805661,0.9308113834261894
root,sentiment_positive,continuous,0.6778533138592029,0.7008495020016563,0.21264393775647278,0.050801532343029976,0.01096385772805661,0.9308113834261894
root,sentiment_positive,continuous,0.7008495020016563,0.7238456901441096,0.22090617664680712,0.050801532343029976,0.01096385772805661,0.9308113834261894
root,sentiment_positive,continuous,0.7238456901441096,0.7468418782865629,0.21481821114866678,0.050801532343029976,0.01096385772805661,0.9308113834261894
root,sentiment_positive,continuous,0.7468418782865629,0.7698380664290162,0.2252547234311931,0.050801532343029976,0.01096385772805661,0.9308113834261894
root,sentiment_positive,continuous,0.7698380664290162,0.7928342545714695,0.23743065442747377,0.050801532343029976,0.01096385772805661,0.9308113834261894
root,sentiment_positive,continuous,0.7928342545714695,0.8158304427139229,0.255259696243455,0.050801532343029976,0.01096385772805661,0.9308113834261894
root,sentiment_positive,continuous,0.8158304427139229,0.8388266308563762,0.2509111494590703,0.050801532343029976,0.01096385772805661,0.9308113834261894
root,sentiment_positive,continuous,0.8388266308563762,0.8618228189988295,0.25830367899252643,0.050801532343029976,0.01096385772805661,0.9308113834261894
root,sentiment_positive,continuous,0.8618228189988295,0.8848190071412828,0.28178583162821064,0.050801532343029976,0.01096385772805661,0.9308113834261894
root,sentiment_positive,continuous,0.8848190071412828,0.9078151952837361,0.30526798426389484,0.050801532343029976,0.01096385772805661,0.9308113834261894
root,sentiment_positive,continuous,0.9078151952837361,0.9308113834261894,0.5231301781616319,0.050801532343029976,0.01096385772805661,0.9308113834261894
root,sentiment_negative,continuous,0.0169699221663177,0.04044425999047235,1.5945071712091163,0.546118438243866,0.0169699221663177,0.9559434351325036
root,sentiment_negative,continuous,0.04044425999047235,0.063918597814627,1.3031251500744558,0.546118438243866,0.0169699221663177,0.9559434351325036
root,sentiment_negative,continuous,0.063918597814627,0.08739293563878164,1.1740480266770843,0.546118438243866,0.0169699221663177,0.9559434351325036
root,sentiment_negative,continuous,0.08739293563878164,0.11086727346293629,1.0722347181227216,0.546118438243866,0.0169699221663177,0.9559434351325036
root,sentiment_negative,continuous,0.11086727346293629,0.13434161128709093,0.9874612938452398,0.546118438243866,0.0169699221663177,0.9559434351325036
root,sentiment_negative,continuous,0.13434161128709093,0.1578159491112456,0.9380456294422845,0.546118438243866,0.0169699221663177,0.9559434351325036
root,sentiment_negative,continuous,0.1578159491112456,0.18129028693540025,0.9014098782469921,0.546118438243866,0.0169699221663177,0.9559434351325036
root,sentiment_negative,continuous,0.18129028693540025,0.2047646247595549,0.8162104568625883,0.546118438243866,0.0169699221663177,0.9559434351325036
root,sentiment_negative,continuous,0.2047646247595549,0.22823896258370954,0.8417702832779095,0.546118438243866,0.0169699221663177,0.9559434351325036
root,sentiment_negative,continuous,0.22823896258370954,0.25171330040786416,0.8387883035294563,0.546118438243866,0.0169699221663177,0.9559434351325036
root,sentiment_negative,continuous,0.25171330040786416,0.27518763823201886,0.8272863816425589,0.546118438243866,0.0169699221663177,0.9559434351325036
root,sentiment_negative,continuous,0.27518763823201886,0.2986619760561735,0.8392143006363773,0.546118438243866,0.0169699221663177,0.9559434351325036
root,sentiment_negative,continuous,0.2986619760561735,0.32213631388032815,0.8473082456678956,0.546118438243866,0.0169699221663177,0.9559434351325036
root,sentiment_negative,continuous,0.32213631388032815,0.3456106517044828,0.8460302543471296,0.546118438243866,0.0169699221663177,0.9559434351325036
root,sentiment_negative,continuous,0.3456106517044828,0.36908498952863744,0.9031138666746802,0.546118438243866,0.0169699221663177,0.9559434351325036
root,sentiment_negative,continuous,0.36908498952863744,0.3925593273527921,0.875424054724749,0.546118438243866,0.0169699221663177,0.9559434351325036
root,sentiment_negative,continuous,0.3925593273527921,0.41603366517694673,0.90098388114007,0.546118438243866,0.0169699221663177,0.9559434351325036
root,sentiment_negative,continuous,0.41603366517694673,0.4395080030011014,0.9026878695677581,0.546118438243866,0.0169699221663177,0.9559434351325036
root,sentiment_negative,continuous,0.4395080030011014,0.462982340825256,0.877128043152437,0.546118438243866,0.0169699221663177,0.9559434351325036
root,sentiment_negative,continuous,0.462982340825256,0.48645667864941067,0.8345283324602351,0.546118438243866,0.0169699221663177,0.9559434351325036
root,sentiment_negative,continuous,0.48645667864941067,0.5099310164735653,0.8686081010139967,0.546118438243866,0.0169699221663177,0.9559434351325036
root,sentiment_negative,continuous,0.5099310164735653,0.53340535429772,0.833250341139469,0.546118438243866,0.0169699221663177,0.9559434351325036
root,sentiment_negative,continuous,0.53340535429772,0.5568796921218746,0.8673301096932307,0.546118438243866,0.0169699221663177,0.9559434351325036
root,sentiment_negative,continuous,0.5568796921218746,0.5803540299460292,0.8937419303223958,0.546118438243866,0.0169699221663177,0.9559434351325036
root,sentiment_negative,continuous,0.5803540299460292,0.6038283677701839,0.8639221328378545,0.546118438243866,0.0169699221663177,0.9559434351325036
root,sentiment_negative,continuous,0.6038283677701839,0.6273027055943385,0.8920379418947076,0.546118438243866,0.0169699221663177,0.9559434351325036
root,sentiment_negative,continuous,0.6273027055943385,0.6507770434184932,0.9056698493162123,0.546118438243866,0.0169699221663177,0.9559434351325036
root,sentiment_negative,continuous,0.6507770434184932,0.6742513812426478,0.9261177104484691,0.546118438243866,0.0169699221663177,0.9559434351325036
root,sentiment_negative,continuous,0.6742513812426478,0.6977257190668025,0.9755333748514234,0.546118438243866,0.0169699221663177,0.9559434351325036
root,sentiment_negative,continuous,0.6977257190668025,0.7212000568909571,0.9768113661721894,0.546118438243866,0.0169699221663177,0.9559434351325036
root,sentiment_negative,continuous,0.7212000568909571,0.7446743947151118,1.0287830132166758,0.546118438243866,0.0169699221663177,0.9559434351325036
root,sentiment_negative,continuous,0.7446743947151118,0.7681487325392664,1.1063144866764831,0.546118438243866,0.0169699221663177,0.9559434351325036
root,sentiment_negative,continuous,0.7681487325392664,0.791623070363421,1.1455062205133089,0.546118438243866,0.0169699221663177,0.9559434351325036
root,sentiment_negative,continuous,0.791623070363421,0.8150974081875757,1.209405786551612,0.546118438243866,0.0169699221663177,0.9559434351325036
root,sentiment_negative,continuous,0.8150974081875757,0.8385717460117303,1.3853425917104056,0.546118438243866,0.0169699221663177,0.9559434351325036
root,sentiment_negative,continuous,0.8385717460117303,0.862046083835885,1.4935458568685984,0.546118438243866,0.0169699221663177,0.9559434351325036
root,sentiment_negative,continuous,0.862046083835885,0.8855204216600396,1.6038791075614014,0.546118438243866,0.0169699221663177,0.9559434351325036
root,sentiment_negative,continuous,0.8855204216600396,0.9089947594841943,1.7883358548586357,0.546118438243866,0.0169699221663177,0.9559434351325036
root,sentiment_negative,continuous,0.9089947594841943,0.9324690973083489,1.8978171113375943,0.546118438243866,0.0169699221663177,0.9559434351325036
root,sentiment_negative,continuous,0.9324690973083489,0.9559434351325036,1.8164516639154888,0.546118438243866,0.0169699221663177,0.9559434351325036
root,toxicity_probability,continuous,0.000624953567457851,0.02558166876235191,28.51977892289368,0.0033757275668904185,0.000624953567457851,0.9988935613632202
root,toxicity_probability,continuous,0.02558166876235191,0.05053838395724596,1.2910352884337903,0.0033757275668904185,0.000624953567457851,0.9988935613632202
root,toxicity_probability,continuous,0.05053838395724596,0.07549509915214002,0.7016147703437512,0.0033757275668904185,0.000624953567457851,0.9988935613632202
root,toxicity_probability,continuous,0.07549509915214002,0.10045181434703408,0.4331499524509394,0.0033757275668904185,0.000624953567457851,0.9988935613632202
root,toxicity_probability,continuous,0.10045181434703408,0.12540852954192813,0.32536333153576596,0.0033757275668904185,0.000624953567457851,0.9988935613632202
root,toxicity_probability,continuous,0.12540852954192813,0.15036524473682217,0.2616530240059794,0.0033757275668904185,0.000624953567457851,0.9988935613632202
root,toxicity_probability,continuous,0.15036524473682217,0.17532195993171623,0.22559058578157157,0.0033757275668904185,0.000624953567457851,0.9988935613632202
root,toxicity_probability,continuous,0.17532195993171623,0.2002786751266103,0.20675797915326988,0.0033757275668904185,0.000624953567457851,0.9988935613632202
root,toxicity_probability,continuous,0.2002786751266103,0.22523539032150436,0.17951080360593974,0.0033757275668904185,0.000624953567457851,0.9988935613632202
root,toxicity_probability,continuous,0.22523539032150436,0.2501921055163984,0.14545183417177704,0.0033757275668904185,0.000624953567457851,0.9988935613632202
root,toxicity_probability,continuous,0.2501921055163984,0.2751488207112925,0.12541714626932843,0.0033757275668904185,0.000624953567457851,0.9988935613632202
root,toxicity_probability,continuous,0.2751488207112925,0.3001055359061865,0.1270199213015246,0.0033757275668904185,0.000624953567457851,0.9988935613632202
root,toxicity_probability,continuous,0.3001055359061865,0.32506225110108056,0.12862269633372023,0.0033757275668904185,0.000624953567457851,0.9988935613632202
root,toxicity_probability,continuous,0.32506225110108056,0.3500189662959746,0.11539980231810411,0.0033757275668904185,0.000624953567457851,0.9988935613632202
root,toxicity_probability,continuous,0.3500189662959746,0.3749756814908687,0.11019078346346747,0.0033757275668904185,0.000624953567457851,0.9988935613632202
root,toxicity_probability,continuous,0.3749756814908687,0.39993239668576275,0.10418037709273287,0.0033757275668904185,0.000624953567457851,0.9988935613632202
root,toxicity_probability,continuous,0.39993239668576275,0.4248891118806568,0.10337898957663494,0.0033757275668904185,0.000624953567457851,0.9988935613632202
root,toxicity_probability,continuous,0.4248891118806568,0.4498458270755509,0.09416303314150856,0.0033757275668904185,0.000624953567457851,0.9988935613632202
root,toxicity_probability,continuous,0.4498458270755509,0.47480254227044494,0.10778662091517363,0.0033757275668904185,0.000624953567457851,0.9988935613632202
root,toxicity_probability,continuous,0.47480254227044494,0.499759257465339,0.0993720519961452,0.0033757275668904185,0.000624953567457851,0.9988935613632202
root,toxicity_probability,continuous,0.499759257465339,0.5247159726602331,0.09736858320590035,0.0033757275668904185,0.000624953567457851,0.9988935613632202
root,toxicity_probability,continuous,0.5247159726602331,0.5496726878551271,0.08414568919028424,0.0033757275668904185,0.000624953567457851,0.9988935613632202
root,toxicity_probability,continuous,0.5496726878551271,0.5746294030500212,0.09776927696394933,0.0033757275668904185,0.000624953567457851,0.9988935613632202
root,toxicity_probability,continuous,0.5746294030500212,0.5995861182449151,0.09456372689955796,0.0033757275668904185,0.000624953567457851,0.9988935613632202
root,toxicity_probability,continuous,0.5995861182449151,0.6245428334398092,0.09256025810931268,0.0033757275668904185,0.000624953567457851,0.9988935613632202
root,toxicity_probability,continuous,0.6245428334398092,0.6494995486347033,0.08895401428687191,0.0033757275668904185,0.000624953567457851,0.9988935613632202
root,toxicity_probability,continuous,0.6494995486347033,0.6744562638295973,0.10498176460883082,0.0033757275668904185,0.000624953567457851,0.9988935613632202
root,toxicity_probability,continuous,0.6744562638295973,0.6994129790244914,0.1037796833346839,0.0033757275668904185,0.000624953567457851,0.9988935613632202
root,toxicity_probability,continuous,0.6994129790244914,0.7243696942193855,0.11259494601176129,0.0033757275668904185,0.000624953567457851,0.9988935613632202
root,toxicity_probability,continuous,0.7243696942193855,0.7493264094142795,0.11299563976981028,0.0033757275668904185,0.000624953567457851,0.9988935613632202
root,toxicity_probability,continuous,0.7493264094142795,0.7742831246091736,0.1186053523824959,0.0033757275668904185,0.000624953567457851,0.9988935613632202
root,toxicity_probability,continuous,0.7742831246091736,0.7992398398040677,0.12341367747908356,0.0033757275668904185,0.000624953567457851,0.9988935613632202
root,toxicity_probability,continuous,0.7992398398040677,0.8241965549989617,0.14545183417177704,0.0033757275668904185,0.000624953567457851,0.9988935613632202
root,toxicity_probability,continuous,0.8241965549989617,0.8491532701938558,0.16107889073568699,0.0033757275668904185,0.000624953567457851,0.9988935613632202
root,toxicity_probability,continuous,0.8491532701938558,0.8741099853887498,0.18672329125082124,0.0033757275668904185,0.000624953567457851,0.9988935613632202
root,toxicity_probability,continuous,0.8741099853887498,0.8990667005836439,0.24402249865182432,0.0033757275668904185,0.000624953567457851,0.9988935613632202
root,toxicity_probability,continuous,0.8990667005836439,0.924023415778538,0.32015431268112915,0.0033757275668904185,0.000624953567457851,0.9988935613632202
root,toxicity_probability,continuous,0.924023415778538,0.948980130973432,0.4900484660938935,0.0033757275668904185,0.000624953567457851,0.9988935613632202
root,toxicity_probability,continuous,0.948980130973432,0.9739368461683261,1.096298122021989,0.0033757275668904185,0.000624953567457851,0.9988935613632202
root,toxicity_probability,continuous,0.9739368461683261,0.9988935613632202,2.7884278622628003,0.0033757275668904185,0.000624953567457851,0.9988935613632202
root,lexdiv_length_adjusted,continuous,-0.9107136052801703,-0.8715364548615151,0.14932173313999814,0.03031891307491863,-0.9107136052801703,0.6563724114660401
root,lexdiv_length_adjusted,continuous,-0.8715364548615151,-0.8323593044428598,0.03139585158328157,0.03031891307491863,-0.9107136052801703,0.6563724114660401
root,lexdiv_length_adjusted,continuous,-0.8323593044428598,-0.7931821540242046,0.03573511562324742,0.03031891307491863,-0.9107136052801703,0.6563724114660401
root,lexdiv_length_adjusted,continuous,-0.7931821540242046,-0.7540050036055492,0.03190635323504224,0.03031891307491863,-0.9107136052801703,0.6563724114660401
root,lexdiv_length_adjusted,continuous,-0.7540050036055492,-0.714827853186894,0.04696615196198231,0.03031891307491863,-0.9107136052801703,0.6563724114660401
root,lexdiv_length_adjusted,continuous,-0.714827853186894,-0.6756507027682388,0.06074969655952061,0.03031891307491863,-0.9107136052801703,0.6563724114660401
root,lexdiv_length_adjusted,continuous,-0.6756507027682388,-0.6364735523495835,0.07300173620177666,0.03031891307491863,-0.9107136052801703,0.6563724114660401
root,lexdiv_length_adjusted,continuous,-0.6364735523495835,-0.5972964019309283,0.08729578245107583,0.03031891307491863,-0.9107136052801703,0.6563724114660401
root,lexdiv_length_adjusted,continuous,-0.5972964019309283,-0.558119251512273,0.10848160099914395,0.03031891307491863,-0.9107136052801703,0.6563724114660401
root,lexdiv_length_adjusted,continuous,-0.558119251512273,-0.5189421010936177,0.13732494432362183,0.03031891307491863,-0.9107136052801703,0.6563724114660401
root,lexdiv_length_adjusted,continuous,-0.5189421010936177,-0.4797649506749625,0.1664235384739808,0.03031891307491863,-0.9107136052801703,0.6563724114660401
root,lexdiv_length_adjusted,continuous,-0.4797649506749625,-0.4405878002563072,0.20420066070427068,0.03031891307491863,-0.9107136052801703,0.6563724114660401
root,lexdiv_length_adjusted,continuous,-0.4405878002563072,-0.40141064983765196,0.22002621190885163,0.03031891307491863,-0.9107136052801703,0.6563724114660401
root,lexdiv_length_adjusted,continuous,-0.40141064983765196,-0.36223349941899674,0.34739637402314094,0.03031891307491863,-0.9107136052801703,0.6563724114660401
root,lexdiv_length_adjusted,continuous,-0.36223349941899674,-0.3230563490003414,0.34484386576433657,0.03031891307491863,-0.9107136052801703,0.6563724114660401
root,lexdiv_length_adjusted,continuous,-0.3230563490003414,-0.2838791985816862,0.5115226550641987,0.03031891307491863,-0.9107136052801703,0.6563724114660401
root,lexdiv_length_adjusted,continuous,-0.2838791985816862,-0.24470204816303098,0.4773190443962333,0.03031891307491863,-0.9107136052801703,0.6563724114660401
root,lexdiv_length_adjusted,continuous,-0.24470204816303098,-0.20552489774437566,0.7241465930225188,0.03031891307491863,-0.9107136052801703,0.6563724114660401
root,lexdiv_length_adjusted,continuous,-0.20552489774437566,-0.16634774732572044,0.7999560883089815,0.03031891307491863,-0.9107136052801703,0.6563724114660401
root,lexdiv_length_adjusted,continuous,-0.16634774732572044,-0.12717059690706511,1.0087512638790956,0.03031891307491863,-0.9107136052801703,0.6563724114660401
root,lexdiv_length_adjusted,continuous,-0.12717059690706511,-0.0879934464884099,1.0337658448153717,0.03031891307491863,-0.9107136052801703,0.6563724114660401
root,lexdiv_length_adjusted,continuous,-0.0879934464884099,-0.04881629606975468,1.1797693172189254,0.03031891307491863,-0.9107136052801703,0.6563724114660401
root,lexdiv_length_adjusted,continuous,-0.04881629606975468,-0.009639145651099357,1.221885703489178,0.03031891307491863,-0.9107136052801703,0.6563724114660401
root,lexdiv_length_adjusted,continuous,-0.009639145651099357,0.02953800476755586,3.5043385885111697,0.03031891307491863,-0.9107136052801703,0.6563724114660401
root,lexdiv_length_adjusted,continuous,0.02953800476755586,0.06871515518621107,3.282270369995275,0.03031891307491863,-0.9107136052801703,0.6563724114660401
root,lexdiv_length_adjusted,continuous,0.06871515518621107,0.1078923056048664,2.2316579706717947,0.03031891307491863,-0.9107136052801703,0.6563724114660401
root,lexdiv_length_adjusted,continuous,0.1078923056048664,0.14706945602352173,1.6831239458549485,0.03031891307491863,-0.9107136052801703,0.6563724114660401
root,lexdiv_length_adjusted,continuous,0.14706945602352173,0.18624660644217683,1.2535368058983467,0.03031891307491863,-0.9107136052801703,0.6563724114660401
root,lexdiv_length_adjusted,continuous,0.18624660644217683,0.22542375686083216,1.0993653070666156,0.03031891307491863,-0.9107136052801703,0.6563724114660401
root,lexdiv_length_adjusted,continuous,0.22542375686083216,0.2646009072794875,0.824715418419372,0.03031891307491863,-0.9107136052801703,0.6563724114660401
root,lexdiv_length_adjusted,continuous,0.2646009072794875,0.3037780576981426,0.5740591074048833,0.03031891307491863,-0.9107136052801703,0.6563724114660401
root,lexdiv_length_adjusted,continuous,0.3037780576981426,0.3429552081167979,0.4923788431231719,0.03031891307491863,-0.9107136052801703,0.6563724114660401
root,lexdiv_length_adjusted,continuous,0.3429552081167979,0.38213235853545324,0.3981912883733272,0.03031891307491863,-0.9107136052801703,0.6563724114660401
root,lexdiv_length_adjusted,continuous,0.38213235853545324,0.42130950895410835,0.3032379811458432,0.03031891307491863,-0.9107136052801703,0.6563724114660401
root,lexdiv_length_adjusted,continuous,0.42130950895410835,0.4604866593727637,0.24325403706396206,0.03031891307491863,-0.9107136052801703,0.6563724114660401
root,lexdiv_length_adjusted,continuous,0.4604866593727637,0.499663809791419,0.1633605285634163,0.03031891307491863,-0.9107136052801703,0.6563724114660401
root,lexdiv_length_adjusted,continuous,0.499663809791419,0.5388409602100741,0.12252039642256292,0.03031891307491863,-0.9107136052801703,0.6563724114660401
root,lexdiv_length_adjusted,continuous,0.5388409602100741,0.5780181106287294,0.09776106631216944,0.03031891307491863,-0.9107136052801703,0.6563724114660401
root,lexdiv_length_adjusted,continuous,0.5780181106287294,0.6171952610473848,0.0699387262912126,0.03031891307491863,-0.9107136052801703,0.6563724114660401
root,lexdiv_length_adjusted,continuous,0.6171952610473848,0.6563724114660401,0.17918607976799725,0.03031891307491863,-0.9107136052801703,0.6563724114660401
root,reading_level_length_adjusted,continuous,-7.516798385071684,-7.067933467697666,0.01682020516143154,-0.18221532772913385,-7.516798385071684,10.437798309889047
root,reading_level_length_adjusted,continuous,-7.067933467697666,-6.6190685503236475,0.009134151147267441,-0.18221532772913385,-7.516798385071684,10.437798309889047
root,reading_level_length_adjusted,continuous,-6.6190685503236475,-6.1702036329496295,0.013277936789686355,-0.18221532772913385,-7.516798385071684,10.437798309889047
root,reading_level_length_adjusted,continuous,-6.1702036329496295,-5.7213387155756115,0.01174072598685354,-0.18221532772913385,-7.516798385071684,10.437798309889047
root,reading_level_length_adjusted,continuous,-5.7213387155756115,-5.2724737982015935,0.015617170620084119,-0.18221532772913385,-7.516798385071684,10.437798309889047
root,reading_level_length_adjusted,continuous,-5.2724737982015935,-4.8236088808275746,0.02250120160668321,-0.18221532772913385,-7.516798385071684,10.437798309889047
root,reading_level_length_adjusted,continuous,-4.8236088808275746,-4.3747439634535565,0.033417626148539485,-0.18221532772913385,-7.516798385071684,10.437798309889047
root,reading_level_length_adjusted,continuous,-4.3747439634535565,-3.925879046079538,0.04700746078227883,-0.18221532772913385,-7.516798385071684,10.437798309889047
root,reading_level_length_adjusted,continuous,-3.925879046079538,-3.4770141287055196,0.059505652961832585,-0.18221532772913385,-7.516798385071684,10.437798309889047
root,reading_level_length_adjusted,continuous,-3.4770141287055196,-3.0281492113315016,0.08583874236688176,-0.18221532772913385,-7.516798385071684,10.437798309889047
root,reading_level_length_adjusted,continuous,-3.0281492113315016,-2.5792842939574836,0.09971819642724182,-0.18221532772913385,-7.516798385071684,10.437798309889047
root,reading_level_length_adjusted,continuous,-2.5792842939574836,-2.1304193765834647,0.10490906768898141,-0.18221532772913385,-7.516798385071684,10.437798309889047
root,reading_level_length_adjusted,continuous,-2.1304193765834647,-1.6815544592094467,0.13520771539699075,-0.18221532772913385,-7.516798385071684,10.437798309889047
root,reading_level_length_adjusted,continuous,-1.6815544592094467,-1.2326895418354287,0.1438517413607463,-0.18221532772913385,-7.516798385071684,10.437798309889047
root,reading_level_length_adjusted,continuous,-1.2326895418354287,-0.7838246244614098,0.12591761532769652,-0.18221532772913385,-7.516798385071684,10.437798309889047
root,reading_level_length_adjusted,continuous,-0.7838246244614098,-0.33495970708739176,0.14826286801235353,-0.18221532772913385,-7.516798385071684,10.437798309889047
root,reading_level_length_adjusted,continuous,-0.33495970708739176,0.11390521028662626,0.12830140599295925,-0.18221532772913385,-7.516798385071684,10.437798309889047
root,reading_level_length_adjusted,continuous,0.11390521028662626,0.5627701276606452,0.12389027934135181,-0.18221532772913385,-7.516798385071684,10.437798309889047
root,reading_level_length_adjusted,continuous,0.5627701276606452,1.0116350450346623,0.119412317437448,-0.18221532772913385,-7.516798385071684,10.437798309889047
root,reading_level_length_adjusted,continuous,1.0116350450346623,1.4604999624086812,0.11221638860679538,-0.18221532772913385,-7.516798385071684,10.437798309889047
root,reading_level_length_adjusted,continuous,1.4604999624086812,1.9093648797827,0.10375058998249871,-0.18221532772913385,-7.516798385071684,10.437798309889047
root,reading_level_length_adjusted,continuous,1.9093648797827,2.358229797156717,0.09167568773416017,-0.18221532772913385,-7.516798385071684,10.437798309889047
root,reading_level_length_adjusted,continuous,2.358229797156717,2.807094714530736,0.06926359979720603,-0.18221532772913385,-7.516798385071684,10.437798309889047
root,reading_level_length_adjusted,continuous,2.807094714530736,3.255959631904755,0.06694664438424064,-0.18221532772913385,-7.516798385071684,10.437798309889047
root,reading_level_length_adjusted,continuous,3.255959631904755,3.704824549278772,0.0744099142240814,-0.18221532772913385,-7.516798385071684,10.437798309889047
root,reading_level_length_adjusted,continuous,3.704824549278772,4.153689466652791,0.04997049030078261,-0.18221532772913385,-7.516798385071684,10.437798309889047
root,reading_level_length_adjusted,continuous,4.153689466652791,4.60255438402681,0.0423067147040509,-0.18221532772913385,-7.516798385071684,10.437798309889047
root,reading_level_length_adjusted,continuous,4.60255438402681,5.051419301400827,0.030187255620847394,-0.18221532772913385,-7.516798385071684,10.437798309889047
root,reading_level_length_adjusted,continuous,5.051419301400827,5.500284218774846,0.032080921102597845,-0.18221532772913385,-7.516798385071684,10.437798309889047
root,reading_level_length_adjusted,continuous,5.500284218774846,5.949149136148865,0.02359284406086883,-0.18221532772913385,-7.516798385071684,10.437798309889047
root,reading_level_length_adjusted,continuous,5.949149136148865,6.398014053522882,0.018023239702778998,-0.18221532772913385,-7.516798385071684,10.437798309889047
root,reading_level_length_adjusted,continuous,6.398014053522882,6.846878970896901,0.014013124564954196,-0.18221532772913385,-7.516798385071684,10.437798309889047
root,reading_level_length_adjusted,continuous,6.846878970896901,7.29574388827092,0.010248072018885423,-0.18221532772913385,-7.516798385071684,10.437798309889047
root,reading_level_length_adjusted,continuous,7.29574388827092,7.744608805644937,0.008978202225240959,-0.18221532772913385,-7.516798385071684,10.437798309889047
root,reading_level_length_adjusted,continuous,7.744608805644937,8.193473723018956,0.00634934896822249,-0.18221532772913385,-7.516798385071684,10.437798309889047
root,reading_level_length_adjusted,continuous,8.193473723018956,8.642338640392975,0.005458212270928105,-0.18221532772913385,-7.516798385071684,10.437798309889047
root,reading_level_length_adjusted,continuous,8.642338640392975,9.091203557766992,0.003831887798365868,-0.18221532772913385,-7.516798385071684,10.437798309889047
root,reading_level_length_adjusted,continuous,9.091203557766992,9.540068475141009,0.0036091036240422716,-0.18221532772913385,-7.516798385071684,10.437798309889047
root,reading_level_length_adjusted,continuous,9.540068475141009,9.98893339251503,0.0028961942662067384,-0.18221532772913385,-7.516798385071684,10.437798309889047
root,reading_level_length_adjusted,continuous,9.98893339251503,10.437798309889047,0.013701226720901216,-0.18221532772913385,-7.516798385071684,10.437798309889047
root,url_present,binary,0.0,0.0,0.96978,0.0,0.0,0.0
root,url_present,binary,1.0,1.0,0.03022,0.0,1.0,1.0
root,article_similarity_top3,continuous,0.3348201410472393,0.3446406492702663,0.7708358700061948,0.5335573554039001,0.3348201410472393,0.727640469968319
root,article_similarity_top3,continuous,0.3446406492702663,0.35446115749329327,0.37574430123155333,0.5335573554039001,0.3348201410472393,0.727640469968319
root,article_similarity_top3,continuous,0.35446115749329327,0.36428166571632026,0.5407052139673572,0.5335573554039001,0.3348201410472393,0.727640469968319
root,article_similarity_top3,continuous,0.36428166571632026,0.37410217393934725,0.7148306218551502,0.5335573554039001,0.3348201410472393,0.727640469968319
root,article_similarity_top3,continuous,0.37410217393934725,0.38392268216237424,0.8716453166780749,0.5335573554039001,0.3348201410472393,0.727640469968319
root,article_similarity_top3,continuous,0.38392268216237424,0.39374319038540123,1.145561893998638,0.5335573554039001,0.3348201410472393,0.727640469968319
root,article_similarity_top3,continuous,0.39374319038540123,0.4035636986084282,1.404204312732553,0.5335573554039001,0.3348201410472393,0.727640469968319
root,article_similarity_top3,continuous,0.4035636986084282,0.4133842068314552,1.7127423161828528,0.5335573554039001,0.3348201410472393,0.727640469968319
root,article_similarity_top3,continuous,0.4133842068314552,0.4232047150544822,2.1648574103476483,0.5335573554039001,0.3348201410472393,0.727640469968319
root,article_similarity_top3,continuous,0.4232047150544822,0.4330252232775092,2.415353611168684,0.5335573554039001,0.3348201410472393,0.727640469968319
root,article_similarity_top3,continuous,0.4330252232775092,0.4428457315005362,2.743238882162072,0.5335573554039001,0.3348201410472393,0.727640469968319
root,article_similarity_top3,continuous,0.4428457315005362,0.45266623972356324,2.983552310591991,0.5335573554039001,0.3348201410472393,0.727640469968319
root,article_similarity_top3,continuous,0.45266623972356324,0.46248674794659017,3.2737613237383485,0.5335573554039001,0.3348201410472393,0.727640469968319
root,article_similarity_top3,continuous,0.46248674794659017,0.4723072561696172,3.558878950689082,0.5335573554039001,0.3348201410472393,0.727640469968319
root,article_similarity_top3,continuous,0.4723072561696172,0.48212776439264415,3.7401322992506856,0.5335573554039001,0.3348201410472393,0.727640469968319
root,article_similarity_top3,continuous,0.48212776439264415,0.4919482726156712,4.033396144114294,0.5335573554039001,0.3348201410472393,0.727640469968319
root,article_similarity_top3,continuous,0.4919482726156712,0.5017687808386981,4.200393611328363,0.5335573554039001,0.3348201410472393,0.727640469968319
root,article_similarity_top3,continuous,0.5017687808386981,0.5115892890617252,4.296111671804646,0.5335573554039001,0.3348201410472393,0.727640469968319
root,article_similarity_top3,continuous,0.5115892890617252,0.5214097972847521,4.436633930801862,0.5335573554039001,0.3348201410472393,0.727640469968319
root,article_similarity_top3,continuous,0.5214097972847521,0.5312303055077792,4.464127416257779,0.5335573554039001,0.3348201410472393,0.727640469968319
root,article_similarity_top3,continuous,0.5312303055077792,0.5410508137308061,4.45903603006228,0.5335573554039001,0.3348201410472393,0.727640469968319
root,article_similarity_top3,continuous,0.5410508137308061,0.5508713219538331,4.588357239429186,0.5335573554039001,0.3348201410472393,0.727640469968319
root,article_similarity_top3,continuous,0.5508713219538331,0.5606918301768601,4.45496292110584,0.5335573554039001,0.3348201410472393,0.727640469968319
root,article_similarity_top3,continuous,0.5606918301768601,0.5705123383998871,4.411176999824064,0.5335573554039001,0.3348201410472393,0.727640469968319
root,article_similarity_top3,continuous,0.5705123383998871,0.5803328466229141,4.224832265067001,0.5335573554039001,0.3348201410472393,0.727640469968319
root,article_similarity_top3,continuous,0.5803328466229141,0.5901533548459411,4.119949709438634,0.5335573554039001,0.3348201410472393,0.727640469968319
root,article_similarity_top3,continuous,0.5901533548459411,0.5999738630689682,3.8103934287492263,0.5335573554039001,0.3348201410472393,0.727640469968319
root,article_similarity_top3,continuous,0.5999738630689682,0.6097943712919951,3.630158357426816,0.5335573554039001,0.3348201410472393,0.727640469968319
root,article_similarity_top3,continuous,0.6097943712919951,0.619614879515022,3.212664689391754,0.5335573554039001,0.3348201410472393,0.727640469968319
root,article_similarity_top3,continuous,0.619614879515022,0.6294353877380491,2.8216462295735183,0.5335573554039001,0.3348201410472393,0.727640469968319
root,article_similarity_top3,continuous,0.6294353877380491,0.6392558959610761,2.4835781861890336,0.5335573554039001,0.3348201410472393,0.727640469968319
root,article_similarity_top3,continuous,0.6392558959610761,0.6490764041841031,2.1923508958036284,0.5335573554039001,0.3348201410472393,0.727640469968319
root,article_similarity_top3,continuous,0.6490764041841031,0.65889691240713,1.814570040093853,0.5335573554039001,0.3348201410472393,0.727640469968319
root,article_similarity_top3,continuous,0.65889691240713,0.668717420630157,1.4510450657316,0.5335573554039001,0.3348201410472393,0.727640469968319
root,article_similarity_top3,continuous,0.668717420630157,0.6785379288531841,1.1384339533248624,0.5335573554039001,0.3348201410472393,0.727640469968319
root,article_similarity_top3,continuous,0.6785379288531841,0.688358437076211,0.8706270394389698,0.5335573554039001,0.3348201410472393,0.727640469968319
root,article_similarity_top3,continuous,0.688358437076211,0.698178945299238,0.7066844039422749,0.5335573554039001,0.3348201410472393,0.727640469968319
root,article_similarity_top3,continuous,0.698178945299238,0.707999453522265,0.48266341133809015,0.5335573554039001,0.3348201410472393,0.727640469968319
root,article_similarity_top3,continuous,0.707999453522265,0.7178199617452921,0.3502873702538038,0.5335573554039001,0.3348201410472393,0.727640469968319
root,article_similarity_top3,continuous,0.7178199617452921,0.727640469968319,0.7575982658977704,0.5335573554039001,0.3348201410472393,0.727640469968319
root,novelty_prior_roots_model,continuous,0.1194426554441452,0.1315724343433976,0.5037189919740894,0.3603722155094147,0.1194426554441452,0.6046338114142419
root,novelty_prior_roots_model,continuous,0.1315724343433976,0.14370221324265003,0.10470100160508872,0.3603722155094147,0.1194426554441452,0.6046338114142419
root,novelty_prior_roots_model,continuous,0.14370221324265003,0.15583199214190246,0.14262419903685314,0.3603722155094147,0.1194426554441452,0.6046338114142419
root,novelty_prior_roots_model,continuous,0.15583199214190246,0.16796177104115487,0.18137181380409112,0.3603722155094147,0.1194426554441452,0.6046338114142419
root,novelty_prior_roots_model,continuous,0.16796177104115487,0.18009154994040727,0.2308368539324796,0.3603722155094147,0.1194426554441452,0.6046338114142419
root,novelty_prior_roots_model,continuous,0.18009154994040727,0.1922213288396597,0.35779712359534255,0.3603722155094147,0.1194426554441452,0.6046338114142419
root,novelty_prior_roots_model,continuous,0.1922213288396597,0.20435110773891213,0.5127875826642928,0.3603722155094147,0.1194426554441452,0.6046338114142419
root,novelty_prior_roots_model,continuous,0.20435110773891213,0.21648088663816453,0.728784924558257,0.3603722155094147,0.1194426554441452,0.6046338114142419
root,novelty_prior_roots_model,continuous,0.21648088663816453,0.22861066553741693,1.048658850721836,0.3603722155094147,0.1194426554441452,0.6046338114142419
root,novelty_prior_roots_model,continuous,0.22861066553741693,0.24074044443666937,1.2976328860347215,0.3603722155094147,0.1194426554441452,0.6046338114142419
root,novelty_prior_roots_model,continuous,0.24074044443666937,0.2528702233359218,1.7156124751196034,0.3603722155094147,0.1194426554441452,0.6046338114142419
root,novelty_prior_roots_model,continuous,0.2528702233359218,0.26500000223517417,2.2300488924548527,0.3603722155094147,0.1194426554441452,0.6046338114142419
root,novelty_prior_roots_model,continuous,0.26500000223517417,0.27712978113442666,2.7650957431768974,0.3603722155094147,0.1194426554441452,0.6046338114142419
root,novelty_prior_roots_model,continuous,0.27712978113442666,0.28925956003367903,3.202861348313162,0.3603722155094147,0.1194426554441452,0.6046338114142419
root,novelty_prior_roots_model,continuous,0.28925956003367903,0.3013893389329314,3.761816301763953,0.3603722155094147,0.1194426554441452,0.6046338114142419
root,novelty_prior_roots_model,continuous,0.3013893389329314,0.3135191178321839,4.133628520062302,0.3603722155094147,0.1194426554441452,0.6046338114142419
root,novelty_prior_roots_model,continuous,0.3135191178321839,0.32564889673143627,4.46916637559991,0.3603722155094147,0.1194426554441452,0.6046338114142419
root,novelty_prior_roots_model,continuous,0.32564889673143627,0.3377786756306887,4.7247357495965625,0.3603722155094147,0.1194426554441452,0.6046338114142419
root,novelty_prior_roots_model,continuous,0.3377786756306887,0.3499084545299411,4.903634311394234,0.3603722155094147,0.1194426554441452,0.6046338114142419
root,novelty_prior_roots_model,continuous,0.3499084545299411,0.3620382334291935,4.869008783304385,0.3603722155094147,0.1194426554441452,0.6046338114142419
root,novelty_prior_roots_model,continuous,0.3620382334291935,0.374168012328446,5.302652301763209,0.3603722155094147,0.1194426554441452,0.6046338114142419
root,novelty_prior_roots_model,continuous,0.374168012328446,0.38629779122769836,4.587882471908043,0.3603722155094147,0.1194426554441452,0.6046338114142419
root,novelty_prior_roots_model,continuous,0.38629779122769836,0.39842757012695074,4.239153939002903,0.3603722155094147,0.1194426554441452,0.6046338114142419
root,novelty_prior_roots_model,continuous,0.39842757012695074,0.4105573490262032,3.9654473836257833,0.3603722155094147,0.1194426554441452,0.6046338114142419
root,novelty_prior_roots_model,continuous,0.4105573490262032,0.4226871279254556,3.5746735666115494,0.3603722155094147,0.1194426554441452,0.6046338114142419
root,novelty_prior_roots_model,continuous,0.4226871279254556,0.4348169068247081,3.273761239163822,0.3603722155094147,0.1194426554441452,0.6046338114142419
root,novelty_prior_roots_model,continuous,0.4348169068247081,0.44694668572396046,2.812911948634365,0.3603722155094147,0.1194426554441452,0.6046338114142419
root,novelty_prior_roots_model,continuous,0.44694668572396046,0.45907646462321283,2.4600613290518596,0.3603722155094147,0.1194426554441452,0.6046338114142419
root,novelty_prior_roots_model,continuous,0.45907646462321283,0.4712062435224653,2.0915467800953453,0.3603722155094147,0.1194426554441452,0.6046338114142419
root,novelty_prior_roots_model,continuous,0.4712062435224653,0.4833360224217177,1.7048950497584603,0.3603722155094147,0.1194426554441452,0.6046338114142419
root,novelty_prior_roots_model,continuous,0.4833360224217177,0.49546580132097007,1.4501500930972588,0.3603722155094147,0.1194426554441452,0.6046338114142419
root,novelty_prior_roots_model,continuous,0.49546580132097007,0.5075955802202226,1.0981238908502169,0.3603722155094147,0.1194426554441452,0.6046338114142419
root,novelty_prior_roots_model,continuous,0.5075955802202226,0.5197253591194749,0.9315915890846519,0.3603722155094147,0.1194426554441452,0.6046338114142419
root,novelty_prior_roots_model,continuous,0.5197253591194749,0.5318551380187274,0.7271360898873057,0.3603722155094147,0.1194426554441452,0.6046338114142419
root,novelty_prior_roots_model,continuous,0.5318551380187274,0.5439849169179798,0.5729700481538346,0.3603722155094147,0.1194426554441452,0.6046338114142419
root,novelty_prior_roots_model,continuous,0.5439849169179798,0.5561146958172322,0.41385750240751795,0.3603722155094147,0.1194426554441452,0.6046338114142419
root,novelty_prior_roots_model,continuous,0.5561146958172322,0.5682444747164846,0.35614828892439465,0.3603722155094147,0.1194426554441452,0.6046338114142419
root,novelty_prior_roots_model,continuous,0.5682444747164846,0.580374253615737,0.27123330337066415,0.3603722155094147,0.1194426554441452,0.6046338114142419
root,novelty_prior_roots_model,continuous,0.580374253615737,0.5925040325149894,0.1805473964686184,0.3603722155094147,0.1194426554441452,0.6046338114142419
root,novelty_prior_roots_model,continuous,0.5925040325149894,0.6046338114142419,0.5424666067413233,0.3603722155094147,0.1194426554441452,0.6046338114142419
root,log_hours_since_article,continuous,0.10366803045322683,0.22937981399070423,0.27944874387632074,1.42293120966752,0.10366803045322683,5.132139371952322
root,log_hours_since_article,continuous,0.22937981399070423,0.3550915975281816,0.3034719492992212,1.42293120966752,0.10366803045322683,5.132139371952322
root,log_hours_since_article,continuous,0.3550915975281816,0.480803381065659,0.3180290572210448,1.42293120966752,0.10366803045322683,5.132139371952322
root,log_hours_since_article,continuous,0.480803381065659,0.6065151646031364,0.34181362153047273,1.42293120966752,0.10366803045322683,5.132139371952322
root,log_hours_since_article,continuous,0.6065151646031364,0.7322269481406137,0.3543820535066921,1.42293120966752,0.10366803045322683,5.132139371952322
root,log_hours_since_article,continuous,0.7322269481406137,0.8579387316780912,0.3605867224569773,1.42293120966752,0.10366803045322683,5.132139371952322
root,log_hours_since_article,continuous,0.8579387316780912,0.9836505152155686,0.41093999739967935,1.42293120966752,0.10366803045322683,5.132139371952322
root,log_hours_since_article,continuous,0.9836505152155686,1.109362298753046,0.43329271502827166,1.42293120966752,0.10366803045322683,5.132139371952322
root,log_hours_since_article,continuous,1.109362298753046,1.2350740822905235,0.45055442223611725,1.42293120966752,0.10366803045322683,5.132139371952322
root,log_hours_since_article,continuous,1.2350740822905235,1.3607858658280008,0.4760094743398536,1.42293120966752,0.10366803045322683,5.132139371952322
root,log_hours_since_article,continuous,1.3607858658280008,1.4864976493654782,0.4803845614201822,1.42293120966752,0.10366803045322683,5.132139371952322
root,log_hours_since_article,continuous,1.4864976493654782,1.6122094329029557,0.4557249796946885,1.42293120966752,0.10366803045322683,5.132139371952322
root,log_hours_since_article,continuous,1.6122094329029557,1.737921216440433,0.38723498012807606,1.42293120966752,0.10366803045322683,5.132139371952322
root,log_hours_since_article,continuous,1.737921216440433,1.8636329999779104,0.3322679769915716,1.42293120966752,0.10366803045322683,5.132139371952322
root,log_hours_since_article,continuous,1.8636329999779104,1.9893447835153877,0.28286926650276056,1.42293120966752,0.10366803045322683,5.132139371952322
root,log_hours_since_article,continuous,1.9893447835153877,2.115056567052865,0.22511811704241028,1.42293120966752,0.10366803045322683,5.132139371952322
root,log_hours_since_article,continuous,2.115056567052865,2.2407683505903426,0.18550369220597202,1.42293120966752,0.10366803045322683,5.132139371952322
root,log_hours_since_article,continuous,2.2407683505903426,2.36648013412782,0.15861679342140145,1.42293120966752,0.10366803045322683,5.132139371952322
root,log_hours_since_article,continuous,2.36648013412782,2.492191917665297,0.14612790848300675,1.42293120966752,0.10366803045322683,5.132139371952322
root,log_hours_since_article,continuous,2.492191917665297,2.6179037012027746,0.14461651476434695,1.42293120966752,0.10366803045322683,5.132139371952322
root,log_hours_since_article,continuous,2.6179037012027746,2.743615484740252,0.13666181098192964,1.42293120966752,0.10366803045322683,5.132139371952322
root,log_hours_since_article,continuous,2.743615484740252,2.8693272682777295,0.1383322987762373,1.42293120966752,0.10366803045322683,5.132139371952322
root,log_hours_since_article,continuous,2.8693272682777295,2.995039051815207,0.1343549468850286,1.42293120966752,0.10366803045322683,5.132139371952322
root,log_hours_since_article,continuous,2.995039051815207,3.1207508353526845,0.1521734833576434,1.42293120966752,0.10366803045322683,5.132139371952322
root,log_hours_since_article,continuous,3.1207508353526845,3.2464626188901615,0.16601466793905015,1.42293120966752,0.10366803045322683,5.132139371952322
root,log_hours_since_article,continuous,3.2464626188901615,3.372174402427639,0.13475268207414948,1.42293120966752,0.10366803045322683,5.132139371952322
root,log_hours_since_article,continuous,3.372174402427639,3.4978861859651165,0.10380888436054608,1.42293120966752,0.10366803045322683,5.132139371952322
root,log_hours_since_article,continuous,3.4978861859651165,3.623597969502594,0.06745588807489891,1.42293120966752,0.10366803045322683,5.132139371952322
root,log_hours_since_article,continuous,3.623597969502594,3.7493097530400714,0.04947825752663576,1.42293120966752,0.10366803045322683,5.132139371952322
root,log_hours_since_article,continuous,3.7493097530400714,3.8750215365775484,0.060614842822020225,1.42293120966752,0.10366803045322683,5.132139371952322
root,log_hours_since_article,continuous,3.8750215365775484,4.0007333201150255,0.06475128878887726,1.42293120966752,0.10366803045322683,5.132139371952322
root,log_hours_since_article,continuous,4.0007333201150255,4.126445103652503,0.038341672231251504,1.42293120966752,0.10366803045322683,5.132139371952322
root,log_hours_since_article,continuous,4.126445103652503,4.25215688718998,0.022193623552944335,1.42293120966752,0.10366803045322683,5.132139371952322
root,log_hours_since_article,continuous,4.25215688718998,4.377868670727458,0.03635299628564717,1.42293120966752,0.10366803045322683,5.132139371952322
root,log_hours_since_article,continuous,4.377868670727458,4.503580454264935,0.01765944239696646,1.42293120966752,0.10366803045322683,5.132139371952322
root,log_hours_since_article,continuous,4.503580454264935,4.629292237802413,0.02084132390993339,1.42293120966752,0.10366803045322683,5.132139371952322
root,log_hours_since_article,continuous,4.629292237802413,4.75500402133989,0.009704738614549136,1.42293120966752,0.10366803045322683,5.132139371952322
root,log_hours_since_article,continuous,4.75500402133989,4.880715804877367,0.014875296073120502,1.42293120966752,0.10366803045322683,5.132139371952322
root,log_hours_since_article,continuous,4.880715804877367,5.006427588414844,0.00835243897153819,1.42293120966752,0.10366803045322683,5.132139371952322
root,log_hours_since_article,continuous,5.006427588414844,5.132139371952322,0.05098965124529505,1.42293120966752,0.10366803045322683,5.132139371952322
root,prior_reply_composition,continuous,-3.044522437723423,-2.929243058239761,0.057425708133155104,0.17159095444886766,-3.044522437723423,1.5666527416230613
root,prior_reply_composition,continuous,-2.929243058239761,-2.8139636787560987,0.015527495099448224,0.17159095444886766,-3.044522437723423,1.5666527416230613
root,prior_reply_composition,continuous,-2.8139636787560987,-2.6986842992724367,0.019344309537301492,0.17159095444886766,-3.044522437723423,1.5666527416230613
root,prior_reply_composition,continuous,-2.6986842992724367,-2.5834049197887747,0.003730068655174727,0.17159095444886766,-3.044522437723423,1.5666527416230613
root,prior_reply_composition,continuous,-2.5834049197887747,-2.4681255403051123,0.02871285406657744,0.17159095444886766,-3.044522437723423,1.5666527416230613
root,prior_reply_composition,continuous,-2.4681255403051123,-2.3528461608214504,0.038948856422638435,0.17159095444886766,-3.044522437723423,1.5666527416230613
root,prior_reply_composition,continuous,-2.3528461608214504,-2.2375667813377884,0.014399799924628016,0.17159095444886766,-3.044522437723423,1.5666527416230613
root,prior_reply_composition,continuous,-2.2375667813377884,-2.122287401854126,0.04718970577709404,0.17159095444886766,-3.044522437723423,1.5666527416230613
root,prior_reply_composition,continuous,-2.122287401854126,-2.007008022370464,0.024635802280688894,0.17159095444886766,-3.044522437723423,1.5666527416230613
root,prior_reply_composition,continuous,-2.007008022370464,-1.8917286428868019,0.0679219478372513,0.17159095444886766,-3.044522437723423,1.5666527416230613
root,prior_reply_composition,continuous,-1.8917286428868019,-1.7764492634031397,0.03244292272175221,0.17159095444886766,-3.044522437723423,1.5666527416230613
root,prior_reply_composition,continuous,-1.7764492634031397,-1.6611698839194777,0.04840414673459297,0.17159095444886766,-3.044522437723423,1.5666527416230613
root,prior_reply_composition,continuous,-1.6611698839194777,-1.5458905044358155,0.09819622599204147,0.17159095444886766,-3.044522437723423,1.5666527416230613
root,prior_reply_composition,continuous,-1.5458905044358155,-1.4306111249521534,0.06610028640100318,0.17159095444886766,-3.044522437723423,1.5666527416230613
root,prior_reply_composition,continuous,-1.4306111249521534,-1.3153317454684914,0.06523282857421848,0.17159095444886766,-3.044522437723423,1.5666527416230613
root,prior_reply_composition,continuous,-1.3153317454684914,-1.2000523659848292,0.08544459593830463,0.17159095444886766,-3.044522437723423,1.5666527416230613
root,prior_reply_composition,continuous,-1.2000523659848292,-1.084772986501167,0.17913004123106505,0.17159095444886766,-3.044522437723423,1.5666527416230613
root,prior_reply_composition,continuous,-1.084772986501167,-0.9694936070175051,0.1003648705590037,0.17159095444886766,-3.044522437723423,1.5666527416230613
root,prior_reply_composition,continuous,-0.9694936070175051,-0.8542142275338427,0.1425233209407454,0.17159095444886766,-3.044522437723423,1.5666527416230613
root,prior_reply_composition,continuous,-0.8542142275338427,-0.7389348480501807,0.18676367010677178,0.17159095444886766,-3.044522437723423,1.5666527416230613
root,prior_reply_composition,continuous,-0.7389348480501807,-0.6236554685665188,0.20818987842835687,0.17159095444886766,-3.044522437723423,1.5666527416230613
root,prior_reply_composition,continuous,-0.6236554685665188,-0.5083760890828564,0.2552928384227716,0.17159095444886766,-3.044522437723423,1.5666527416230613
root,prior_reply_composition,continuous,-0.5083760890828564,-0.3930967095991944,0.2745504021773956,0.17159095444886766,-3.044522437723423,1.5666527416230613
root,prior_reply_composition,continuous,-0.3930967095991944,-0.27781733011553245,0.3508866909344598,0.17159095444886766,-3.044522437723423,1.5666527416230613
root,prior_reply_composition,continuous,-0.27781733011553245,-0.16253795063187004,0.41377738337635767,0.17159095444886766,-3.044522437723423,1.5666527416230613
root,prior_reply_composition,continuous,-0.16253795063187004,-0.047258571148208084,0.4554153590620306,0.17159095444886766,-3.044522437723423,1.5666527416230613
root,prior_reply_composition,continuous,-0.047258571148208084,0.06802080833545388,0.5607247392337078,0.17159095444886766,-3.044522437723423,1.5666527416230613
root,prior_reply_composition,continuous,0.06802080833545388,0.18330018781911628,0.549447787485503,0.17159095444886766,-3.044522437723423,1.5666527416230613
root,prior_reply_composition,continuous,0.18330018781911628,0.29857956730277824,0.5798088114229739,0.17159095444886766,-3.044522437723423,1.5666527416230613
root,prior_reply_composition,continuous,0.29857956730277824,0.4138589467864402,0.5903917969097486,0.17159095444886766,-3.044522437723423,1.5666527416230613
root,prior_reply_composition,continuous,0.4138589467864402,0.5291383262701026,0.5717414536338729,0.17159095444886766,-3.044522437723423,1.5666527416230613
root,prior_reply_composition,continuous,0.5291383262701026,0.6444177057537646,0.5666234524558446,0.17159095444886766,-3.044522437723423,1.5666527416230613
root,prior_reply_composition,continuous,0.6444177057537646,0.7596970852374265,0.47979092399468415,0.17159095444886766,-3.044522437723423,1.5666527416230613
root,prior_reply_composition,continuous,0.7596970852374265,0.8749764647210889,0.4332084386963375,0.17159095444886766,-3.044522437723423,1.5666527416230613
root,prior_reply_composition,continuous,0.8749764647210889,0.9902558442047513,0.3523613692399926,0.17159095444886766,-3.044522437723423,1.5666527416230613
root,prior_reply_composition,continuous,0.9902558442047513,1.1055352236884128,0.2520832444636697,0.17159095444886766,-3.044522437723423,1.5666527416230613
root,prior_reply_composition,continuous,1.1055352236884128,1.2208146031720752,0.1801709906232065,0.17159095444886766,-3.044522437723423,1.5666527416230613
root,prior_reply_composition,continuous,1.2208146031720752,1.3360939826557376,0.11719355239862876,0.17159095444886766,-3.044522437723423,1.5666527416230613
root,prior_reply_composition,continuous,1.3360939826557376,1.4513733621393992,0.07581581406099358,0.17159095444886766,-3.044522437723423,1.5666527416230613
root,prior_reply_composition,continuous,1.4513733621393992,1.5666527416230613,0.0846638838941983,0.17159095444886766,-3.044522437723423,1.5666527416230613
root,discussion_pace,continuous,-0.3603830162019618,-0.1945470633547356,0.05004946067181371,3.7244716432749434,-0.3603830162019618,6.273055097687085
root,discussion_pace,continuous,-0.1945470633547356,-0.028711110507509408,0.015859045971912056,3.7244716432749434,-0.3603830162019618,6.273055097687085
root,discussion_pace,continuous,-0.028711110507509408,0.13712484233971678,0.004341639961892274,3.7244716432749434,-0.3603830162019618,6.273055097687085
root,discussion_pace,continuous,0.13712484233971678,0.30296079518694297,0.005004946067181371,3.7244716432749434,-0.3603830162019618,6.273055097687085
root,discussion_pace,continuous,0.30296079518694297,0.46879674803416915,0.007416968268232634,3.7244716432749434,-0.3603830162019618,6.273055097687085
root,discussion_pace,continuous,0.46879674803416915,0.6346327008813953,0.013507324325887074,3.7244716432749434,-0.3603830162019618,6.273055097687085
root,discussion_pace,continuous,0.6346327008813953,0.8004686537286215,0.019356478163436386,3.7244716432749434,-0.3603830162019618,6.273055097687085
root,discussion_pace,continuous,0.8004686537286215,0.9663046065758477,0.036481835790900356,3.7244716432749434,-0.3603830162019618,6.273055097687085
root,discussion_pace,continuous,0.9663046065758477,1.1321405594230738,0.024421724785644056,3.7244716432749434,-0.3603830162019618,6.273055097687085
root,discussion_pace,continuous,1.1321405594230738,1.2979765122703002,0.037627546336399656,3.7244716432749434,-0.3603830162019618,6.273055097687085
root,discussion_pace,continuous,1.2979765122703002,1.4638124651175262,0.0502906628919189,3.7244716432749434,-0.3603830162019618,6.273055097687085
root,discussion_pace,continuous,1.4638124651175262,1.6296484179647526,0.057707631160151394,3.7244716432749434,-0.3603830162019618,6.273055097687085
root,discussion_pace,continuous,1.6296484179647526,1.795484370811979,0.07965703318971785,3.7244716432749434,-0.3603830162019618,6.273055097687085
root,discussion_pace,continuous,1.795484370811979,1.961320323659205,0.091415641419843,3.7244716432749434,-0.3603830162019618,6.273055097687085
root,discussion_pace,continuous,1.961320323659205,2.127156276506431,0.10920430515259608,3.7244716432749434,-0.3603830162019618,6.273055097687085
root,discussion_pace,continuous,2.127156276506431,2.2929922293536573,0.12572665722979692,3.7244716432749434,-0.3603830162019618,6.273055097687085
root,discussion_pace,continuous,2.2929922293536573,2.4588281822008837,0.15165589589109796,3.7244716432749434,-0.3603830162019618,6.273055097687085
root,discussion_pace,continuous,2.4588281822008837,2.6246641350481097,0.1863890155862366,3.7244716432749434,-0.3603830162019618,6.273055097687085
root,discussion_pace,continuous,2.6246641350481097,2.7905000878953357,0.21774530419990307,3.7244716432749434,-0.3603830162019618,6.273055097687085
root,discussion_pace,continuous,2.7905000878953357,2.956336040742562,0.2369811812532863,3.7244716432749434,-0.3603830162019618,6.273055097687085
root,discussion_pace,continuous,2.956336040742562,3.1221719935897885,0.26803596709182126,3.7244716432749434,-0.3603830162019618,6.273055097687085
root,discussion_pace,continuous,3.1221719935897885,3.2880079464370144,0.3072916284139313,3.7244716432749434,-0.3603830162019618,6.273055097687085
root,discussion_pace,continuous,3.2880079464370144,3.4538438992842404,0.33412537540062665,3.7244716432749434,-0.3603830162019618,6.273055097687085
root,discussion_pace,continuous,3.4538438992842404,3.619679852131467,0.35788379408098064,3.7244716432749434,-0.3603830162019618,6.273055097687085
root,discussion_pace,continuous,3.619679852131467,3.785515804978693,0.35902950462648003,3.7244716432749434,-0.3603830162019618,6.273055097687085
root,discussion_pace,continuous,3.785515804978693,3.9513517578259196,0.3510698313630109,3.7244716432749434,-0.3603830162019618,6.273055097687085
root,discussion_pace,continuous,3.9513517578259196,4.117187710673145,0.3525170446836445,3.7244716432749434,-0.3603830162019618,6.273055097687085
root,discussion_pace,continuous,4.117187710673145,4.283023663520371,0.34081873700854304,3.7244716432749434,-0.3603830162019618,6.273055097687085
root,discussion_pace,continuous,4.283023663520371,4.4488596163675975,0.3251405927017098,3.7244716432749434,-0.3603830162019618,6.273055097687085
root,discussion_pace,continuous,4.4488596163675975,4.614695569214823,0.29595512406899116,3.7244716432749434,-0.3603830162019618,6.273055097687085
root,discussion_pace,continuous,4.614695569214823,4.7805315220620495,0.27611624146534297,3.7244716432749434,-0.3603830162019618,6.273055097687085
root,discussion_pace,continuous,4.7805315220620495,4.946367474909276,0.21738350086974478,3.7244716432749434,-0.3603830162019618,6.273055097687085
root,discussion_pace,continuous,4.946367474909276,5.112203427756502,0.19754461826609818,3.7244716432749434,-0.3603830162019618,6.273055097687085
root,discussion_pace,continuous,5.112203427756502,5.278039380603729,0.161303984695303,3.7244716432749434,-0.3603830162019618,6.273055097687085
root,discussion_pace,continuous,5.278039380603729,5.443875333450954,0.11306354067427841,3.7244716432749434,-0.3603830162019618,6.273055097687085
root,discussion_pace,continuous,5.443875333450954,5.609711286298181,0.08683279923784536,3.7244716432749434,-0.3603830162019618,6.273055097687085
root,discussion_pace,continuous,5.609711286298181,5.775547239145407,0.05794883338025652,3.7244716432749434,-0.3603830162019618,6.273055097687085
root,discussion_pace,continuous,5.775547239145407,5.9413831919926325,0.03491402136021717,3.7244716432749434,-0.3603830162019618,6.273055097687085
root,discussion_pace,continuous,5.9413831919926325,6.107219144839859,0.023577517015276068,3.7244716432749434,-0.3603830162019618,6.273055097687085
root,discussion_pace,continuous,6.107219144839859,6.273055097687085,0.048662547906209164,3.7244716432749434,-0.3603830162019618,6.273055097687085
root,vienna_overnight,binary,0.0,0.0,0.96205,0.0,0.0,0.0
root,vienna_overnight,binary,1.0,1.0,0.03795,0.0,1.0,1.0
root,vienna_weekday_shoulder_evening,binary,0.0,0.0,0.69231,0.0,0.0,0.0
root,vienna_weekday_shoulder_evening,binary,1.0,1.0,0.30769,0.0,1.0,1.0
root,vienna_weekend_day_evening,binary,0.0,0.0,0.76846,0.0,0.0,0.0
root,vienna_weekend_day_evening,binary,1.0,1.0,0.23154,0.0,1.0,1.0
root,log_author_prior_30d_comments,continuous,0.0,0.17986092127750836,0.1692418774672791,4.276666119016055,0.0,7.194436851100335
root,log_author_prior_30d_comments,continuous,0.17986092127750836,0.3597218425550167,0.0,4.276666119016055,0.0,7.194436851100335
root,log_author_prior_30d_comments,continuous,0.3597218425550167,0.539582763832525,0.0,4.276666119016055,0.0,7.194436851100335
root,log_author_prior_30d_comments,continuous,0.539582763832525,0.7194436851100334,0.09362789804694412,4.276666119016055,0.0,7.194436851100335
root,log_author_prior_30d_comments,continuous,0.7194436851100334,0.8993046063875418,0.0,4.276666119016055,0.0,7.194436851100335
root,log_author_prior_30d_comments,continuous,0.8993046063875418,1.07916552766505,0.0,4.276666119016055,0.0,7.194436851100335
root,log_author_prior_30d_comments,continuous,1.07916552766505,1.2590264489425584,0.08467653724791918,4.276666119016055,0.0,7.194436851100335
root,log_author_prior_30d_comments,continuous,1.2590264489425584,1.4388873702200669,0.07372362993482655,4.276666119016055,0.0,7.194436851100335
root,log_author_prior_30d_comments,continuous,1.4388873702200669,1.6187482914975753,0.06638462604991169,4.276666119016055,0.0,7.194436851100335
root,log_author_prior_30d_comments,continuous,1.6187482914975753,1.7986092127750837,0.06310431370741186,4.276666119016055,0.0,7.194436851100335
root,log_author_prior_30d_comments,continuous,1.7986092127750837,1.9784701340525919,0.0646054735929627,4.276666119016055,0.0,7.194436851100335
root,log_author_prior_30d_comments,continuous,1.9784701340525919,2.1583310553301,0.057878053365124076,4.276666119016055,0.0,7.194436851100335
root,log_author_prior_30d_comments,continuous,2.1583310553301,2.3381919766076087,0.10941787610236686,4.276666119016055,0.0,7.194436851100335
root,log_author_prior_30d_comments,continuous,2.3381919766076087,2.518052897885117,0.10691594295978252,4.276666119016055,0.0,7.194436851100335
root,log_author_prior_30d_comments,continuous,2.518052897885117,2.6979138191626255,0.10180087964605372,4.276666119016055,0.0,7.194436851100335
root,log_author_prior_30d_comments,continuous,2.6979138191626255,2.8777747404401337,0.14099783221321294,4.276666119016055,0.0,7.194436851100335
root,log_author_prior_30d_comments,continuous,2.8777747404401337,3.057635661717642,0.17524651700948235,4.276666119016055,0.0,7.194436851100335
root,log_author_prior_30d_comments,continuous,3.057635661717642,3.2374965829951505,0.16534998146770277,4.276666119016055,0.0,7.194436851100335
root,log_author_prior_30d_comments,continuous,3.2374965829951505,3.4173575042726587,0.18369749117999035,4.276666119016055,0.0,7.194436851100335
root,log_author_prior_30d_comments,continuous,3.4173575042726587,3.5972184255501674,0.19987665883537037,4.276666119016055,0.0,7.194436851100335
root,log_author_prior_30d_comments,continuous,3.5972184255501674,3.7770793468276755,0.21049597506278556,4.276666119016055,0.0,7.194436851100335
root,log_author_prior_30d_comments,continuous,3.7770793468276755,3.9569402681051837,0.25903347802892707,4.276666119016055,0.0,7.194436851100335
root,log_author_prior_30d_comments,continuous,3.9569402681051837,4.136801189382692,0.24713539597308024,4.276666119016055,0.0,7.194436851100335
root,log_author_prior_30d_comments,continuous,4.136801189382692,4.3166621106602,0.2623693888857066,4.276666119016055,0.0,7.194436851100335
root,log_author_prior_30d_comments,continuous,4.3166621106602,4.496523031937709,0.2866103411116361,4.276666119016055,0.0,7.194436851100335
root,log_author_prior_30d_comments,continuous,4.496523031937709,4.676383953215217,0.2856095678546036,4.276666119016055,0.0,7.194436851100335
root,log_author_prior_30d_comments,continuous,4.676383953215217,4.856244874492726,0.28438640054045117,4.276666119016055,0.0,7.194436851100335
root,log_author_prior_30d_comments,continuous,4.856244874492726,5.036105795770234,0.2736002887701975,4.276666119016055,0.0,7.194436851100335
root,log_author_prior_30d_comments,continuous,5.036105795770234,5.215966717047742,0.2779925713982905,4.276666119016055,0.0,7.194436851100335
root,log_author_prior_30d_comments,continuous,5.215966717047742,5.395827638325251,0.24441106877337576,4.276666119016055,0.0,7.194436851100335
root,log_author_prior_30d_comments,continuous,5.395827638325251,5.575688559602759,0.2173345923191835,4.276666119016055,0.0,7.194436851100335
root,log_author_prior_30d_comments,continuous,5.575688559602759,5.755549480880267,0.19348282969321018,4.276666119016055,0.0,7.194436851100335
root,log_author_prior_30d_comments,continuous,5.755549480880267,5.935410402157776,0.16262565426799994,4.276666119016055,0.0,7.194436851100335
root,log_author_prior_30d_comments,continuous,5.935410402157776,6.115271323435284,0.12865496204312885,4.276666119016055,0.0,7.194436851100335
root,log_author_prior_30d_comments,continuous,6.115271323435284,6.295132244712793,0.11325417358766299,4.276666119016055,0.0,7.194436851100335
root,log_author_prior_30d_comments,continuous,6.295132244712793,6.474993165990301,0.0885128347332157,4.276666119016055,0.0,7.194436851100335
root,log_author_prior_30d_comments,continuous,6.474993165990301,6.654854087267809,0.05776685633656476,4.276666119016055,0.0,7.194436851100335
root,log_author_prior_30d_comments,continuous,6.654854087267809,6.834715008545317,0.04069811245270973,4.276666119016055,0.0,7.194436851100335
root,log_author_prior_30d_comments,continuous,6.834715008545317,7.014575929822826,0.025019331425846145,4.276666119016055,0.0,7.194436851100335
root,log_author_prior_30d_comments,continuous,7.014575929822826,7.194436851100335,0.04431201588088728,4.276666119016055,0.0,7.194436851100335
root,author_prior_30d_upvote_reception,continuous,-0.7884573603642702,-0.6823222037692721,0.048805694231614516,1.7756305692600578,-0.7884573603642702,3.4569489034356526
root,author_prior_30d_upvote_reception,continuous,-0.6823222037692721,-0.576187047174274,0.0030150235818758,1.7756305692600578,-0.7884573603642702,3.4569489034356526
root,author_prior_30d_upvote_reception,continuous,-0.576187047174274,-0.4700518905792759,0.009704607154162721,1.7756305692600578,-0.7884573603642702,3.4569489034356526
root,author_prior_30d_upvote_reception,continuous,-0.4700518905792759,-0.3639167339842778,0.004710974346680938,1.7756305692600578,-0.7884573603642702,3.4569489034356526
root,author_prior_30d_upvote_reception,continuous,-0.3639167339842778,-0.25778157738927976,0.008008656389357594,1.7756305692600578,-0.7884573603642702,3.4569489034356526
root,author_prior_30d_upvote_reception,continuous,-0.25778157738927976,-0.1516464207942816,0.00772599792855673,1.7756305692600578,-0.7884573603642702,3.4569489034356526
root,author_prior_30d_upvote_reception,continuous,-0.1516464207942816,-0.04551126419928353,0.006972242033087788,1.7756305692600578,-0.7884573603642702,3.4569489034356526
root,author_prior_30d_upvote_reception,continuous,-0.04551126419928353,0.06062389239571453,0.3293913263199312,1.7756305692600578,-0.7884573603642702,3.4569489034356526
root,author_prior_30d_upvote_reception,continuous,0.06062389239571453,0.1667590489907126,0.013284947657640243,1.7756305692600578,-0.7884573603642702,3.4569489034356526
root,author_prior_30d_upvote_reception,continuous,0.1667590489907126,0.27289420558571065,0.027040992749948582,1.7756305692600578,-0.7884573603642702,3.4569489034356526
root,author_prior_30d_upvote_reception,continuous,0.27289420558571065,0.3790293621807088,0.037122477851845755,1.7756305692600578,-0.7884573603642702,3.4569489034356526
root,author_prior_30d_upvote_reception,continuous,0.3790293621807088,0.485164518775707,0.04315252501559735,1.7756305692600578,-0.7884573603642702,3.4569489034356526
root,author_prior_30d_upvote_reception,continuous,0.485164518775707,0.5912996753707049,0.07744841825943469,1.7756305692600578,-0.7884573603642702,3.4569489034356526
root,author_prior_30d_upvote_reception,continuous,0.5912996753707049,0.6974348319657031,0.08055766132824395,1.7756305692600578,-0.7884573603642702,3.4569489034356526
root,author_prior_30d_upvote_reception,continuous,0.6974348319657031,0.803569988560701,0.11965874840569594,1.7756305692600578,-0.7884573603642702,3.4569489034356526
root,author_prior_30d_upvote_reception,continuous,0.803569988560701,0.9097051451556992,0.161586420091156,1.7756305692600578,-0.7884573603642702,3.4569489034356526
root,author_prior_30d_upvote_reception,continuous,0.9097051451556992,1.0158403017506974,0.2127476014961109,1.7756305692600578,-0.7884573603642702,3.4569489034356526
root,author_prior_30d_upvote_reception,continuous,1.0158403017506974,1.1219754583456953,0.27879546183657816,1.7756305692600578,-0.7884573603642702,3.4569489034356526
root,author_prior_30d_upvote_reception,continuous,1.1219754583456953,1.2281106149406935,0.33664622681381945,1.7756305692600578,-0.7884573603642702,3.4569489034356526
root,author_prior_30d_upvote_reception,continuous,1.2281106149406935,1.3342457715356915,0.41352932815165316,1.7756305692600578,-0.7884573603642702,3.4569489034356526
root,author_prior_30d_upvote_reception,continuous,1.3342457715356915,1.4403809281306899,0.4952176233230986,1.7756305692600578,-0.7884573603642702,3.4569489034356526
root,author_prior_30d_upvote_reception,continuous,1.4403809281306899,1.5465160847256878,0.5808631369457602,1.7756305692600578,-0.7884573603642702,3.4569489034356526
root,author_prior_30d_upvote_reception,continuous,1.5465160847256878,1.6526512413206857,0.6293861727165739,1.7756305692600578,-0.7884573603642702,3.4569489034356526
root,author_prior_30d_upvote_reception,continuous,1.6526512413206857,1.7587863979156841,0.6762132577225797,1.7756305692600578,-0.7884573603642702,3.4569489034356526
root,author_prior_30d_upvote_reception,continuous,1.7587863979156841,1.864921554510682,0.6891213274324883,1.7756305692600578,-0.7884573603642702,3.4569489034356526
root,author_prior_30d_upvote_reception,continuous,1.864921554510682,1.97105671110568,0.6724444782452377,1.7756305692600578,-0.7884573603642702,3.4569489034356526
root,author_prior_30d_upvote_reception,continuous,1.97105671110568,2.077191867700678,0.646157241390758,1.7756305692600578,-0.7884573603642702,3.4569489034356526
root,author_prior_30d_upvote_reception,continuous,2.077191867700678,2.1833270242956764,0.5863278671879076,1.7756305692600578,-0.7884573603642702,3.4569489034356526
root,author_prior_30d_upvote_reception,continuous,2.1833270242956764,2.2894621808906743,0.5196204704389079,1.7756305692600578,-0.7884573603642702,3.4569489034356526
root,author_prior_30d_upvote_reception,continuous,2.2894621808906743,2.3955973374856723,0.4237992522274176,1.7756305692600578,-0.7884573603642702,3.4569489034356526
root,author_prior_30d_upvote_reception,continuous,2.3955973374856723,2.5017324940806707,0.3457855170463798,1.7756305692600578,-0.7884573603642702,3.4569489034356526
root,author_prior_30d_upvote_reception,continuous,2.5017324940806707,2.6078676506756686,0.2623070516231949,1.7756305692600578,-0.7884573603642702,3.4569489034356526
root,author_prior_30d_upvote_reception,continuous,2.6078676506756686,2.7140028072706666,0.20162970203794434,1.7756305692600578,-0.7884573603642702,3.4569489034356526
root,author_prior_30d_upvote_reception,continuous,2.7140028072706666,2.820137963865665,0.1469823996164448,1.7756305692600578,-0.7884573603642702,3.4569489034356526
root,author_prior_30d_upvote_reception,continuous,2.820137963865665,2.926273120460663,0.10420675254858244,1.7756305692600578,-0.7884573603642702,3.4569489034356526
root,author_prior_30d_upvote_reception,continuous,2.926273120460663,3.032408277055661,0.06633051880126767,1.7756305692600578,-0.7884573603642702,3.4569489034356526
root,author_prior_30d_upvote_reception,continuous,3.032408277055661,3.1385434336506592,0.04513113424120324,1.7756305692600578,-0.7884573603642702,3.4569489034356526
root,author_prior_30d_upvote_reception,continuous,3.1385434336506592,3.244678590245657,0.030056016331824413,1.7756305692600578,-0.7884573603642702,3.4569489034356526
root,author_prior_30d_upvote_reception,continuous,3.244678590245657,3.3508137468406556,0.018749677899790075,1.7756305692600578,-0.7884573603642702,3.4569489034356526
root,author_prior_30d_upvote_reception,continuous,3.3508137468406556,3.4569489034356526,0.061713763941520866,1.7756305692600578,-0.7884573603642702,3.4569489034356526
root,author_prior_30d_downvote_reception,continuous,-3.044522437723423,-2.909399911606889,0.05002866801180113,-0.006436570063216077,-3.044522437723423,2.360378606937934
root,author_prior_30d_downvote_reception,continuous,-2.909399911606889,-2.7742773854903553,0.01598549155406663,-0.006436570063216077,-3.044522437723423,2.360378606937934
root,author_prior_30d_downvote_reception,continuous,-2.7742773854903553,-2.6391548593738214,0.015615457027352127,-0.006436570063216077,-3.044522437723423,2.360378606937934
root,author_prior_30d_downvote_reception,continuous,-2.6391548593738214,-2.504032333257287,0.029972796663874837,-0.006436570063216077,-3.044522437723423,2.360378606937934
root,author_prior_30d_downvote_reception,continuous,-2.504032333257287,-2.3689098071407537,0.03729948029282226,-0.006436570063216077,-3.044522437723423,2.360378606937934
root,author_prior_30d_downvote_reception,continuous,-2.3689098071407537,-2.2337872810242194,0.020943954212040934,-0.006436570063216077,-3.044522437723423,2.360378606937934
root,author_prior_30d_downvote_reception,continuous,-2.2337872810242194,-2.0986647549076856,0.05602322734457612,-0.006436570063216077,-3.044522437723423,2.360378606937934
root,author_prior_30d_downvote_reception,continuous,-2.0986647549076856,-1.9635422287911517,0.03345112121499128,-0.006436570063216077,-3.044522437723423,2.360378606937934
root,author_prior_30d_downvote_reception,continuous,-1.9635422287911517,-1.8284197026746178,0.09465483193357048,-0.006436570063216077,-3.044522437723423,2.360378606937934
root,author_prior_30d_downvote_reception,continuous,-1.8284197026746178,-1.693297176558084,0.06364593859489492,-0.006436570063216077,-3.044522437723423,2.360378606937934
root,author_prior_30d_downvote_reception,continuous,-1.693297176558084,-1.55817465044155,0.13424852629202233,-0.006436570063216077,-3.044522437723423,2.360378606937934
root,author_prior_30d_downvote_reception,continuous,-1.55817465044155,-1.423052124325016,0.11130638563572322,-0.006436570063216077,-3.044522437723423,2.360378606937934
root,author_prior_30d_downvote_reception,continuous,-1.423052124325016,-1.2879295982084822,0.1304741741195346,-0.006436570063216077,-3.044522437723423,2.360378606937934
root,author_prior_30d_downvote_reception,continuous,-1.2879295982084822,-1.152807072091948,0.1463116518629152,-0.006436570063216077,-3.044522437723423,2.360378606937934
root,author_prior_30d_downvote_reception,continuous,-1.152807072091948,-1.0176845459754142,0.2815962748297386,-0.006436570063216077,-3.044522437723423,2.360378606937934
root,author_prior_30d_downvote_reception,continuous,-1.0176845459754142,-0.8825620198588804,0.21802434314018657,-0.006436570063216077,-3.044522437723423,2.360378606937934
root,author_prior_30d_downvote_reception,continuous,-0.8825620198588804,-0.7474394937423465,0.26331656921004204,-0.006436570063216077,-3.044522437723423,2.360378606937934
root,author_prior_30d_downvote_reception,continuous,-0.7474394937423465,-0.6123169676258127,0.29484351088611793,-0.006436570063216077,-3.044522437723423,2.360378606937934
root,author_prior_30d_downvote_reception,continuous,-0.6123169676258127,-0.4771944415092788,0.3466483446261487,-0.006436570063216077,-3.044522437723423,2.360378606937934
root,author_prior_30d_downvote_reception,continuous,-0.4771944415092788,-0.34207191539274495,0.36529808477255976,-0.006436570063216077,-3.044522437723423,2.360378606937934
root,author_prior_30d_downvote_reception,continuous,-0.34207191539274495,-0.20694938927621065,0.39379074332957537,-0.006436570063216077,-3.044522437723423,2.360378606937934
root,author_prior_30d_downvote_reception,continuous,-0.20694938927621065,-0.07182686315967679,0.41325455943475964,-0.006436570063216077,-3.044522437723423,2.360378606937934
root,author_prior_30d_downvote_reception,continuous,-0.07182686315967679,0.06329566295685707,0.6734628386203999,-0.006436570063216077,-3.044522437723423,2.360378606937934
root,author_prior_30d_downvote_reception,continuous,0.06329566295685707,0.19841818907339093,0.4138466146775028,-0.006436570063216077,-3.044522437723423,2.360378606937934
root,author_prior_30d_downvote_reception,continuous,0.19841818907339093,0.3335407151899248,0.3964549919219211,-0.006436570063216077,-3.044522437723423,2.360378606937934
root,author_prior_30d_downvote_reception,continuous,0.3335407151899248,0.46866324130645864,0.38698210803802974,-0.006436570063216077,-3.044522437723423,2.360378606937934
root,author_prior_30d_downvote_reception,continuous,0.46866324130645864,0.6037857674229925,0.3533089661070098,-0.006436570063216077,-3.044522437723423,2.360378606937934
root,author_prior_30d_downvote_reception,continuous,0.6037857674229925,0.7389082935395268,0.31223513364169864,-0.006436570063216077,-3.044522437723423,2.360378606937934
root,author_prior_30d_downvote_reception,continuous,0.7389082935395268,0.8740308196560607,0.27863599861602256,-0.006436570063216077,-3.044522437723423,2.360378606937934
root,author_prior_30d_downvote_reception,continuous,0.8740308196560607,1.0091533457725945,0.23808021448811276,-0.006436570063216077,-3.044522437723423,2.360378606937934
root,author_prior_30d_downvote_reception,continuous,1.0091533457725945,1.144275871889128,0.19404610580908727,-0.006436570063216077,-3.044522437723423,2.360378606937934
root,author_prior_30d_downvote_reception,continuous,1.144275871889128,1.2793983980056622,0.15134412142623221,-0.006436570063216077,-3.044522437723423,2.360378606937934
root,author_prior_30d_downvote_reception,continuous,1.2793983980056622,1.4145209241221965,0.12114930404632868,-0.006436570063216077,-3.044522437723423,2.360378606937934
root,author_prior_30d_downvote_reception,continuous,1.4145209241221965,1.54964345023873,0.09598695622974301,-0.006436570063216077,-3.044522437723423,2.360378606937934
root,author_prior_30d_downvote_reception,continuous,1.54964345023873,1.6847659763552643,0.07400690534290083,-0.006436570063216077,-3.044522437723423,2.360378606937934
root,author_prior_30d_downvote_reception,continuous,1.6847659763552643,1.8198885024717977,0.051582813024002215,-0.006436570063216077,-3.044522437723423,2.360378606937934
root,author_prior_30d_downvote_reception,continuous,1.8198885024717977,1.955011028588332,0.039741708169137746,-0.006436570063216077,-3.044522437723423,2.360378606937934
root,author_prior_30d_downvote_reception,continuous,1.955011028588332,2.0901335547048654,0.026420465207415773,-0.006436570063216077,-3.044522437723423,2.360378606937934
root,author_prior_30d_downvote_reception,continuous,2.0901335547048654,2.2252560808213997,0.024126251141785675,-0.006436570063216077,-3.044522437723423,2.360378606937934
root,author_prior_30d_downvote_reception,continuous,2.2252560808213997,2.360378606937934,0.052544902793459594,-0.006436570063216077,-3.044522437723423,2.360378606937934
root,log_author_prior_comments_story,continuous,0.0,0.05493061443340549,16.047699613276468,0.0,0.0,2.1972245773362196
root,log_author_prior_comments_story,continuous,0.05493061443340549,0.10986122886681098,0.0,0.0,0.0,2.1972245773362196
root,log_author_prior_comments_story,continuous,0.10986122886681098,0.16479184330021646,0.0,0.0,0.0,2.1972245773362196
root,log_author_prior_comments_story,continuous,0.16479184330021646,0.21972245773362195,0.0,0.0,0.0,2.1972245773362196
root,log_author_prior_comments_story,continuous,0.21972245773362195,0.27465307216702745,0.0,0.0,0.0,2.1972245773362196
root,log_author_prior_comments_story,continuous,0.27465307216702745,0.3295836866004329,0.0,0.0,0.0,2.1972245773362196
root,log_author_prior_comments_story,continuous,0.3295836866004329,0.38451430103383843,0.0,0.0,0.0,2.1972245773362196
root,log_author_prior_comments_story,continuous,0.38451430103383843,0.4394449154672439,0.0,0.0,0.0,2.1972245773362196
root,log_author_prior_comments_story,continuous,0.4394449154672439,0.49437552990064937,0.0,0.0,0.0,2.1972245773362196
root,log_author_prior_comments_story,continuous,0.49437552990064937,0.5493061443340549,0.0,0.0,0.0,2.1972245773362196
root,log_author_prior_comments_story,continuous,0.5493061443340549,0.6042367587674604,0.0,0.0,0.0,2.1972245773362196
root,log_author_prior_comments_story,continuous,0.6042367587674604,0.6591673732008658,0.0,0.0,0.0,2.1972245773362196
root,log_author_prior_comments_story,continuous,0.6591673732008658,0.7140979876342713,1.2817988789359114,0.0,0.0,2.1972245773362196
root,log_author_prior_comments_story,continuous,0.7140979876342713,0.7690286020676769,0.0,0.0,0.0,2.1972245773362196
root,log_author_prior_comments_story,continuous,0.7690286020676769,0.8239592165010823,0.0,0.0,0.0,2.1972245773362196
root,log_author_prior_comments_story,continuous,0.8239592165010823,0.8788898309344878,0.0,0.0,0.0,2.1972245773362196
root,log_author_prior_comments_story,continuous,0.8788898309344878,0.9338204453678933,0.0,0.0,0.0,2.1972245773362196
root,log_author_prior_comments_story,continuous,0.9338204453678933,0.9887510598012987,0.0,0.0,0.0,2.1972245773362196
root,log_author_prior_comments_story,continuous,0.9887510598012987,1.0436816742347044,0.0,0.0,0.0,2.1972245773362196
root,log_author_prior_comments_story,continuous,1.0436816742347044,1.0986122886681098,0.0,0.0,0.0,2.1972245773362196
root,log_author_prior_comments_story,continuous,1.0986122886681098,1.1535429031015152,0.39340539374811967,0.0,0.0,2.1972245773362196
root,log_author_prior_comments_story,continuous,1.1535429031015152,1.2084735175349208,0.0,0.0,0.0,2.1972245773362196
root,log_author_prior_comments_story,continuous,1.2084735175349208,1.2634041319683262,0.0,0.0,0.0,2.1972245773362196
root,log_author_prior_comments_story,continuous,1.2634041319683262,1.3183347464017316,0.0,0.0,0.0,2.1972245773362196
root,log_author_prior_comments_story,continuous,1.3183347464017316,1.3732653608351373,0.0,0.0,0.0,2.1972245773362196
root,log_author_prior_comments_story,continuous,1.3732653608351373,1.4281959752685427,0.17112497460584566,0.0,0.0,2.1972245773362196
root,log_author_prior_comments_story,continuous,1.4281959752685427,1.483126589701948,0.0,0.0,0.0,2.1972245773362196
root,log_author_prior_comments_story,continuous,1.483126589701948,1.5380572041353537,0.0,0.0,0.0,2.1972245773362196
root,log_author_prior_comments_story,continuous,1.5380572041353537,1.5929878185687592,0.0,0.0,0.0,2.1972245773362196
root,log_author_prior_comments_story,continuous,1.5929878185687592,1.6479184330021646,0.09466487956919122,0.0,0.0,2.1972245773362196
root,log_author_prior_comments_story,continuous,1.6479184330021646,1.7028490474355702,0.0,0.0,0.0,2.1972245773362196
root,log_author_prior_comments_story,continuous,1.7028490474355702,1.7577796618689756,0.0,0.0,0.0,2.1972245773362196
root,log_author_prior_comments_story,continuous,1.7577796618689756,1.812710276302381,0.056798927741514724,0.0,0.0,2.1972245773362196
root,log_author_prior_comments_story,continuous,1.812710276302381,1.8676408907357867,0.0,0.0,0.0,2.1972245773362196
root,log_author_prior_comments_story,continuous,1.8676408907357867,1.922571505169192,0.0,0.0,0.0,2.1972245773362196
root,log_author_prior_comments_story,continuous,1.922571505169192,1.9775021196025975,0.037865951827676485,0.0,0.0,2.1972245773362196
root,log_author_prior_comments_story,continuous,1.9775021196025975,2.032432734036003,0.0,0.0,0.0,2.1972245773362196
root,log_author_prior_comments_story,continuous,2.032432734036003,2.0873633484694087,0.026396937572178213,0.0,0.0,2.1972245773362196
root,log_author_prior_comments_story,continuous,2.0873633484694087,2.142293962902814,0.0,0.0,0.0,2.1972245773362196
root,log_author_prior_comments_story,continuous,2.142293962902814,2.1972245773362196,0.09502897525984157,0.0,0.0,2.1972245773362196
root,aqua_relevance_expected,continuous,0.8673195872035803,0.9007320257950012,0.20680920912412018,1.751614268802391,0.8673195872035803,2.2038171308604175
root,aqua_relevance_expected,continuous,0.9007320257950012,0.9341444643864222,0.08589615487499637,1.751614268802391,0.8673195872035803,2.2038171308604175
root,aqua_relevance_expected,continuous,0.9341444643864222,0.967556902977843,0.09846632388109372,1.751614268802391,0.8673195872035803,2.2038171308604175
root,aqua_relevance_expected,continuous,0.967556902977843,1.000969341569264,0.11253294157839246,1.751614268802391,0.8673195872035803,2.2038171308604175
root,aqua_relevance_expected,continuous,1.000969341569264,1.034381780160685,0.13887043854354814,1.751614268802391,0.8673195872035803,2.2038171308604175
root,aqua_relevance_expected,continuous,1.034381780160685,1.067794218752106,0.17837668399128165,1.751614268802391,0.8673195872035803,2.2038171308604175
root,aqua_relevance_expected,continuous,1.067794218752106,1.1012066573435269,0.19603477854746557,1.751614268802391,0.8673195872035803,2.2038171308604175
root,aqua_relevance_expected,continuous,1.1012066573435269,1.1346190959349478,0.21668577048605356,1.751614268802391,0.8673195872035803,2.2038171308604175
root,aqua_relevance_expected,continuous,1.1346190959349478,1.1680315345263688,0.26517070808099924,1.751614268802391,0.8673195872035803,2.2038171308604175
root,aqua_relevance_expected,continuous,1.1680315345263688,1.2014439731177897,0.2789380360400579,1.751614268802391,0.8673195872035803,2.2038171308604175
root,aqua_relevance_expected,continuous,1.2014439731177897,1.2348564117092105,0.3262258146820441,1.751614268802391,0.8673195872035803,2.2038171308604175
root,aqua_relevance_expected,continuous,1.2348564117092105,1.2682688503006316,0.3540597603383973,1.751614268802391,0.8673195872035803,2.2038171308604175
root,aqua_relevance_expected,continuous,1.2682688503006316,1.3016812888920524,0.40882978243639656,1.751614268802391,0.8673195872035803,2.2038171308604175
root,aqua_relevance_expected,continuous,1.3016812888920524,1.3350937274834733,0.4489346073606082,1.751614268802391,0.8673195872035803,2.2038171308604175
root,aqua_relevance_expected,continuous,1.3350937274834733,1.3685061660748943,0.5105882934381317,1.751614268802391,0.8673195872035803,2.2038171308604175
root,aqua_relevance_expected,continuous,1.3685061660748943,1.4019186046663152,0.5494959594093844,1.751614268802391,0.8673195872035803,2.2038171308604175
root,aqua_relevance_expected,continuous,1.4019186046663152,1.4353310432577362,0.6425750680021505,1.751614268802391,0.8673195872035803,2.2038171308604175
root,aqua_relevance_expected,continuous,1.4353310432577362,1.4687434818491572,0.6742997802556335,1.751614268802391,0.8673195872035803,2.2038171308604175
root,aqua_relevance_expected,continuous,1.4687434818491572,1.502155920440578,0.7655831504189572,1.751614268802391,0.8673195872035803,2.2038171308604175
root,aqua_relevance_expected,continuous,1.502155920440578,1.5355683590319988,0.8526764642469208,1.751614268802391,0.8673195872035803,2.2038171308604175
root,aqua_relevance_expected,continuous,1.5355683590319988,1.56898079762342,0.9325868243570972,1.751614268802391,0.8673195872035803,2.2038171308604175
root,aqua_relevance_expected,continuous,1.56898079762342,1.6023932362148408,1.0301552790234825,1.751614268802391,0.8673195872035803,2.2038171308604175
root,aqua_relevance_expected,continuous,1.6023932362148408,1.635805674806262,1.111861377563099,1.751614268802391,0.8673195872035803,2.2038171308604175
root,aqua_relevance_expected,continuous,1.635805674806262,1.6692181133976827,1.2273872165239108,1.751614268802391,0.8673195872035803,2.2038171308604175
root,aqua_relevance_expected,continuous,1.6692181133976827,1.7026305519891036,1.3019103613457639,1.751614268802391,0.8673195872035803,2.2038171308604175
root,aqua_relevance_expected,continuous,1.7026305519891036,1.7360429905805246,1.3857114880530772,1.751614268802391,0.8673195872035803,2.2038171308604175
root,aqua_relevance_expected,continuous,1.7360429905805246,1.7694554291719455,1.4437736972717161,1.751614268802391,0.8673195872035803,2.2038171308604175
root,aqua_relevance_expected,continuous,1.7694554291719455,1.8028678677633665,1.510216019161086,1.751614268802391,0.8673195872035803,2.2038171308604175
root,aqua_relevance_expected,continuous,1.8028678677633665,1.8362803063547875,1.566183200212042,1.751614268802391,0.8673195872035803,2.2038171308604175
root,aqua_relevance_expected,continuous,1.8362803063547875,1.8696927449462084,1.5191947113082982,1.751614268802391,0.8673195872035803,2.2038171308604175
root,aqua_relevance_expected,continuous,1.8696927449462084,1.9031051835376291,1.4967479809402777,1.751614268802391,0.8673195872035803,2.2038171308604175
root,aqua_relevance_expected,continuous,1.9031051835376291,1.9365176221290503,1.4386857717216195,1.751614268802391,0.8673195872035803,2.2038171308604175
root,aqua_relevance_expected,continuous,1.9365176221290503,1.969930060720471,1.385412198314846,1.751614268802391,0.8673195872035803,2.2038171308604175
root,aqua_relevance_expected,continuous,1.969930060720471,2.0033424993118922,1.252228264797848,1.751614268802391,0.8673195872035803,2.2038171308604175
root,aqua_relevance_expected,continuous,2.0033424993118922,2.036754937903313,1.0927068343157276,1.751614268802391,0.8673195872035803,2.2038171308604175
root,aqua_relevance_expected,continuous,2.036754937903313,2.070167376494734,0.9292946372364528,1.751614268802391,0.8673195872035803,2.2038171308604175
root,aqua_relevance_expected,continuous,2.070167376494734,2.103579815086155,0.7398442329302872,1.751614268802391,0.8673195872035803,2.2038171308604175
root,aqua_relevance_expected,continuous,2.103579815086155,2.1369922536775756,0.5351300519738486,1.751614268802391,0.8673195872035803,2.2038171308604175
root,aqua_relevance_expected,continuous,2.1369922536775756,2.170404692268997,0.35495762955311855,1.751614268802391,0.8673195872035803,2.2038171308604175
root,aqua_relevance_expected,continuous,2.170404692268997,2.2038171308604175,0.36393632170033546,1.751614268802391,0.8673195872035803,2.2038171308604175
root,aqua_fact_expected,continuous,0.1550617949901674,0.21882631362502286,0.14757423409538972,1.923300850216732,0.1550617949901674,2.7056425403843853
root,aqua_fact_expected,continuous,0.21882631362502286,0.2825908322598783,0.0691607196982645,1.923300850216732,0.1550617949901674,2.7056425403843853
root,aqua_fact_expected,continuous,0.2825908322598783,0.3463553508947338,0.08155005497301022,1.923300850216732,0.1550617949901674,2.7056425403843853
root,aqua_fact_expected,continuous,0.3463553508947338,0.41011986952958923,0.09550766053569859,1.923300850216732,0.1550617949901674,2.7056425403843853
root,aqua_fact_expected,continuous,0.41011986952958923,0.47388438816444467,0.08703900098080905,1.923300850216732,0.1550617949901674,2.7056425403843853
root,aqua_fact_expected,continuous,0.47388438816444467,0.5376489067993001,0.09221429293101933,1.923300850216732,0.1550617949901674,2.7056425403843853
root,aqua_fact_expected,continuous,0.5376489067993001,0.6014134254341555,0.09691910379484685,1.923300850216732,0.1550617949901674,2.7056425403843853
root,aqua_fact_expected,continuous,0.6014134254341555,0.665177944069011,0.10366266603299962,1.923300850216732,0.1550617949901674,2.7056425403843853
root,aqua_fact_expected,continuous,0.665177944069011,0.7289424627038664,0.11495421210618566,1.923300850216732,0.1550617949901674,2.7056425403843853
root,aqua_fact_expected,continuous,0.7289424627038664,0.7927069813387219,0.12216825543072118,1.923300850216732,0.1550617949901674,2.7056425403843853
root,aqua_fact_expected,continuous,0.7927069813387219,0.8564714999735773,0.13973288265567724,1.923300850216732,0.1550617949901674,2.7056425403843853
root,aqua_fact_expected,continuous,0.8564714999735773,0.9202360186084328,0.14365355837553326,1.923300850216732,0.1550617949901674,2.7056425403843853
root,aqua_fact_expected,continuous,0.9202360186084328,0.9840005372432883,0.16639347755069983,1.923300850216732,0.1550617949901674,2.7056425403843853
root,aqua_fact_expected,continuous,0.9840005372432883,1.0477650558781437,0.18552637506359843,1.923300850216732,0.1550617949901674,2.7056425403843853
root,aqua_fact_expected,continuous,1.0477650558781437,1.1115295745129992,0.20324782931734872,1.923300850216732,0.1550617949901674,2.7056425403843853
root,aqua_fact_expected,continuous,1.1115295745129992,1.1752940931478546,0.22316486197421856,1.923300850216732,0.1550617949901674,2.7056425403843853
root,aqua_fact_expected,continuous,1.1752940931478546,1.23905861178271,0.25672584613618815,1.923300850216732,0.1550617949901674,2.7056425403843853
root,aqua_fact_expected,continuous,1.23905861178271,1.3028231304175655,0.2995396249970185,1.923300850216732,0.1550617949901674,2.7056425403843853
root,aqua_fact_expected,continuous,1.3028231304175655,1.366587649052421,0.3117721332429701,1.923300850216732,0.1550617949901674,2.7056425403843853
root,aqua_fact_expected,continuous,1.366587649052421,1.4303521676872764,0.3464309066064995,1.923300850216732,0.1550617949901674,2.7056425403843853
root,aqua_fact_expected,continuous,1.4303521676872764,1.4941166863221318,0.39175391792803793,1.923300850216732,0.1550617949901674,2.7056425403843853
root,aqua_fact_expected,continuous,1.4941166863221318,1.5578812049569872,0.4361359670768108,1.923300850216732,0.1550617949901674,2.7056425403843853
root,aqua_fact_expected,continuous,1.5578812049569872,1.6216457235918427,0.4897708109244445,1.923300850216732,0.1550617949901674,2.7056425403843853
root,aqua_fact_expected,continuous,1.6216457235918427,1.6854102422266983,0.55203114135576,1.923300850216732,0.1550617949901674,2.7056425403843853
root,aqua_fact_expected,continuous,1.6854102422266983,1.7491747608615538,0.6142914717870794,1.923300850216732,0.1550617949901674,2.7056425403843853
root,aqua_fact_expected,continuous,1.7491747608615538,1.8129392794964092,0.690979888867468,1.923300850216732,0.1550617949901674,2.7056425403843853
root,aqua_fact_expected,continuous,1.8129392794964092,1.8767037981312646,0.7657863816023254,1.923300850216732,0.1550617949901674,2.7056425403843853
root,aqua_fact_expected,continuous,1.8767037981312646,1.94046831676612,0.8551777880150483,1.923300850216732,0.1550617949901674,2.7056425403843853
root,aqua_fact_expected,continuous,1.94046831676612,2.0042328354009755,0.8978347398470844,1.923300850216732,0.1550617949901674,2.7056425403843853
root,aqua_fact_expected,continuous,2.0042328354009755,2.067997354035831,0.920731486051045,1.923300850216732,0.1550617949901674,2.7056425403843853
root,aqua_fact_expected,continuous,2.067997354035831,2.1317618726706864,0.903794166941266,1.923300850216732,0.1550617949901674,2.7056425403843853
root,aqua_fact_expected,continuous,2.1317618726706864,2.195526391305542,0.8790154963917743,1.923300850216732,0.1550617949901674,2.7056425403843853
root,aqua_fact_expected,continuous,2.195526391305542,2.2592909099403973,0.8172256470468395,1.923300850216732,0.1550617949901674,2.7056425403843853
root,aqua_fact_expected,continuous,2.2592909099403973,2.3230554285752527,0.7427328083695707,1.923300850216732,0.1550617949901674,2.7056425403843853
root,aqua_fact_expected,continuous,2.3230554285752527,2.386819947210108,0.6856477698884633,1.923300850216732,0.1550617949901674,2.7056425403843853
root,aqua_fact_expected,continuous,2.386819947210108,2.4505844658449636,0.5570496062771779,1.923300850216732,0.1550617949901674,2.7056425403843853
root,aqua_fact_expected,continuous,2.4505844658449636,2.514348984479819,0.4436636644589348,1.923300850216732,0.1550617949901674,2.7056425403843853
root,aqua_fact_expected,continuous,2.514348984479819,2.5781135031146745,0.3236909874313332,1.923300850216732,0.1550617949901674,2.7056425403843853
root,aqua_fact_expected,continuous,2.5781135031146745,2.64187802174953,0.2230080349454243,1.923300850216732,0.1550617949901674,2.7056425403843853
root,aqua_fact_expected,continuous,2.64187802174953,2.7056425403843853,0.20544340772046824,1.923300850216732,0.1550617949901674,2.7056425403843853
root,aqua_opinion_expected,continuous,0.25978057721062353,0.32115404447273416,0.15723406922387617,1.8046324136179122,0.25978057721062353,2.7147192676950476
root,aqua_opinion_expected,continuous,0.32115404447273416,0.3825275117348447,0.10444252681088571,1.8046324136179122,0.25978057721062353,2.7147192676950476
root,aqua_opinion_expected,continuous,0.3825275117348447,0.44390097899695535,0.12513550794190353,1.8046324136179122,0.25978057721062353,2.7147192676950476
root,aqua_opinion_expected,continuous,0.44390097899695535,0.5052744462590659,0.12872011884648943,1.8046324136179122,0.25978057721062353,2.7147192676950476
root,aqua_opinion_expected,continuous,0.5052744462590659,0.5666479135211766,0.143384436183431,1.8046324136179122,0.25978057721062353,2.7147192676950476
root,aqua_opinion_expected,continuous,0.5666479135211766,0.6280213807832872,0.16489210161094595,1.8046324136179122,0.25978057721062353,2.7147192676950476
root,aqua_opinion_expected,continuous,0.6280213807832872,0.6893948480453977,0.17760117663629554,1.8046324136179122,0.25978057721062353,2.7147192676950476
root,aqua_opinion_expected,continuous,0.6893948480453977,0.7507683153075084,0.20187876867189886,1.8046324136179122,0.25978057721062353,2.7147192676950476
root,aqua_opinion_expected,continuous,0.7507683153075084,0.812141782569619,0.21800951774253524,1.8046324136179122,0.25978057721062353,2.7147192676950476
root,aqua_opinion_expected,continuous,0.812141782569619,0.8735152498317296,0.24000599374794798,1.8046324136179122,0.25978057721062353,2.7147192676950476
root,aqua_opinion_expected,continuous,0.8735152498317296,0.9348887170938401,0.26835700726603556,1.8046324136179122,0.25978057721062353,2.7147192676950476
root,aqua_opinion_expected,continuous,0.9348887170938401,0.9962621843559508,0.2642835857835512,1.8046324136179122,0.25978057721062353,2.7147192676950476
root,aqua_opinion_expected,continuous,0.9962621843559508,1.0576356516180614,0.3082765377943772,1.8046324136179122,0.25978057721062353,2.7147192676950476
root,aqua_opinion_expected,continuous,1.0576356516180614,1.119009118880172,0.3377681093275596,1.8046324136179122,0.25978057721062353,2.7147192676950476
root,aqua_opinion_expected,continuous,1.119009118880172,1.1803825861422825,0.3561799744283878,1.8046324136179122,0.25978057721062353,2.7147192676950476
root,aqua_opinion_expected,continuous,1.1803825861422825,1.2417560534043932,0.3815981244790857,1.8046324136179122,0.25978057721062353,2.7147192676950476
root,aqua_opinion_expected,continuous,1.2417560534043932,1.303129520666504,0.3921890203335436,1.8046324136179122,0.25978057721062353,2.7147192676950476
root,aqua_opinion_expected,continuous,1.303129520666504,1.3645029879286144,0.42005122327373456,1.8046324136179122,0.25978057721062353,2.7147192676950476
root,aqua_opinion_expected,continuous,1.3645029879286144,1.4258764551907248,0.4431882572942429,1.8046324136179122,0.25978057721062353,2.7147192676950476
root,aqua_opinion_expected,continuous,1.4258764551907248,1.4872499224528357,0.46697703875194513,1.8046324136179122,0.25978057721062353,2.7147192676950476
root,aqua_opinion_expected,continuous,1.4872499224528357,1.5486233897149462,0.5026602109385071,1.8046324136179122,0.25978057721062353,2.7147192676950476
root,aqua_opinion_expected,continuous,1.5486233897149462,1.6099968569770566,0.522864381491627,1.8046324136179122,0.25978057721062353,2.7147192676950476
root,aqua_opinion_expected,continuous,1.6099968569770566,1.6713703242391675,0.5495860264167169,1.8046324136179122,0.25978057721062353,2.7147192676950476
root,aqua_opinion_expected,continuous,1.6713703242391675,1.732743791501278,0.5595251748339816,1.8046324136179122,0.25978057721062353,2.7147192676950476
root,aqua_opinion_expected,continuous,1.732743791501278,1.7941172587633885,0.6028663794076097,1.8046324136179122,0.25978057721062353,2.7147192676950476
root,aqua_opinion_expected,continuous,1.7941172587633885,1.8554907260254994,0.6268180977246103,1.8046324136179122,0.25978057721062353,2.7147192676950476
root,aqua_opinion_expected,continuous,1.8554907260254994,1.9168641932876098,0.6486516368707282,1.8046324136179122,0.25978057721062353,2.7147192676950476
root,aqua_opinion_expected,continuous,1.9168641932876098,1.9782376605497203,0.6382236778755696,1.8046324136179122,0.25978057721062353,2.7147192676950476
root,aqua_opinion_expected,continuous,1.9782376605497203,2.039611127811831,0.6698334285796395,1.8046324136179122,0.25978057721062353,2.7147192676950476
root,aqua_opinion_expected,continuous,2.039611127811831,2.1009845950739416,0.673906850062128,1.8046324136179122,0.25978057721062353,2.7147192676950476
root,aqua_opinion_expected,continuous,2.1009845950739416,2.162358062336052,0.6670635019715553,1.8046324136179122,0.25978057721062353,2.7147192676950476
root,aqua_opinion_expected,continuous,2.162358062336052,2.223731529598163,0.6466963945591313,1.8046324136179122,0.25978057721062353,2.7147192676950476
root,aqua_opinion_expected,continuous,2.223731529598163,2.2851049968602735,0.6095467906388833,1.8046324136179122,0.25978057721062353,2.7147192676950476
root,aqua_opinion_expected,continuous,2.2851049968602735,2.346478464122384,0.6007482002367182,1.8046324136179122,0.25978057721062353,2.7147192676950476
root,aqua_opinion_expected,continuous,2.346478464122384,2.4078519313844944,0.56245803830137,1.8046324136179122,0.25978057721062353,2.7147192676950476
root,aqua_opinion_expected,continuous,2.4078519313844944,2.4692253986466053,0.5111329276220697,1.8046324136179122,0.25978057721062353,2.7147192676950476
root,aqua_opinion_expected,continuous,2.4692253986466053,2.5305988659087157,0.4500316053848157,1.8046324136179122,0.25978057721062353,2.7147192676950476
root,aqua_opinion_expected,continuous,2.5305988659087157,2.591972333170826,0.3949589469416341,1.8046324136179122,0.25978057721062353,2.7147192676950476
root,aqua_opinion_expected,continuous,2.591972333170826,2.653345800432937,0.29149404128654216,1.8046324136179122,0.25978057721062353,2.7147192676950476
root,aqua_opinion_expected,continuous,2.653345800432937,2.7147192676950476,0.2644465226428515,1.8046324136179122,0.25978057721062353,2.7147192676950476
root,aqua_justification_expected,continuous,0.0031097273485482077,0.0667166964771415,0.8098169226686934,1.9103350906093368,0.0031097273485482077,2.54738849249228
root,aqua_justification_expected,continuous,0.0667166964771415,0.13032366560573477,0.2757559468765072,1.9103350906093368,0.0031097273485482077,2.54738849249228
root,aqua_justification_expected,continuous,0.13032366560573477,0.19393063473432806,0.20689556789594263,1.9103350906093368,0.0031097273485482077,2.54738849249228
root,aqua_justification_expected,continuous,0.19393063473432806,0.25753760386292135,0.16947828434029344,1.9103350906093368,0.0031097273485482077,2.54738849249228
root,aqua_justification_expected,continuous,0.25753760386292135,0.32114457299151467,0.16035978666706793,1.9103350906093368,0.0031097273485482077,2.54738849249228
root,aqua_justification_expected,continuous,0.32114457299151467,0.3847515421201079,0.15108407351671804,1.9103350906093368,0.0031097273485482077,2.54738849249228
root,aqua_justification_expected,continuous,0.3847515421201079,0.4483585112487012,0.1535995211507113,1.9103350906093368,0.0031097273485482077,2.54738849249228
root,aqua_justification_expected,continuous,0.4483585112487012,0.5119654803772945,0.1487258413598493,1.9103350906093368,0.0031097273485482077,2.54738849249228
root,aqua_justification_expected,continuous,0.5119654803772945,0.5755724495058878,0.1487258413598493,1.9103350906093368,0.0031097273485482077,2.54738849249228
root,aqua_justification_expected,continuous,0.5755724495058878,0.6391794186344811,0.1425944377519908,1.9103350906093368,0.0031097273485482077,2.54738849249228
root,aqua_justification_expected,continuous,0.6391794186344811,0.7027863877630743,0.14683925563435463,1.9103350906093368,0.0031097273485482077,2.54738849249228
root,aqua_justification_expected,continuous,0.7027863877630743,0.7663933568916677,0.16507625098080522,1.9103350906093368,0.0031097273485482077,2.54738849249228
root,aqua_justification_expected,continuous,0.7663933568916677,0.830000326020261,0.1633468807324349,1.9103350906093368,0.0031097273485482077,2.54738849249228
root,aqua_justification_expected,continuous,0.830000326020261,0.8936072951488542,0.16161751048406484,1.9103350906093368,0.0031097273485482077,2.54738849249228
root,aqua_justification_expected,continuous,0.8936072951488542,0.9572142642774475,0.18111222964751203,1.9103350906093368,0.0031097273485482077,2.54738849249228
root,aqua_justification_expected,continuous,0.9572142642774475,1.020821233406041,0.17010714624879136,1.9103350906093368,0.0031097273485482077,2.54738849249228
root,aqua_justification_expected,continuous,1.020821233406041,1.0844282025346341,0.1853570475298759,1.9103350906093368,0.0031097273485482077,2.54738849249228
root,aqua_justification_expected,continuous,1.0844282025346341,1.1480351716632275,0.19856314760833965,1.9103350906093368,0.0031097273485482077,2.54738849249228
root,aqua_justification_expected,continuous,1.1480351716632275,1.2116421407918208,0.2128697560266768,1.9103350906093368,0.0031097273485482077,2.54738849249228
root,aqua_justification_expected,continuous,1.2116421407918208,1.2752491099204142,0.21790065129466252,1.9103350906093368,0.0031097273485482077,2.54738849249228
root,aqua_justification_expected,continuous,1.2752491099204142,1.3388560790490074,0.2353515692554913,1.9103350906093368,0.0031097273485482077,2.54738849249228
root,aqua_justification_expected,continuous,1.3388560790490074,1.4024630481776006,0.26663744920328203,1.9103350906093368,0.0031097273485482077,2.54738849249228
root,aqua_justification_expected,continuous,1.4024630481776006,1.466070017306194,0.27779974807912605,1.9103350906093368,0.0031097273485482077,2.54738849249228
root,aqua_justification_expected,continuous,1.466070017306194,1.5296769864347872,0.3040547327589313,1.9103350906093368,0.0031097273485482077,2.54738849249228
root,aqua_justification_expected,continuous,1.5296769864347872,1.5932839555633804,0.33581225913809576,1.9103350906093368,0.0031097273485482077,2.54738849249228
root,aqua_justification_expected,continuous,1.5932839555633804,1.6568909246919739,0.36772700099438355,1.9103350906093368,0.0031097273485482077,2.54738849249228
root,aqua_justification_expected,continuous,1.6568909246919739,1.720497893820567,0.41316227388338755,1.9103350906093368,0.0031097273485482077,2.54738849249228
root,aqua_justification_expected,continuous,1.720497893820567,1.7841048629491603,0.44067498238018843,1.9103350906093368,0.0031097273485482077,2.54738849249228
root,aqua_justification_expected,continuous,1.7841048629491603,1.8477118320777537,0.49711533866790975,1.9103350906093368,0.0031097273485482077,2.54738849249228
root,aqua_justification_expected,continuous,1.8477118320777537,1.911318801206347,0.5639319164458565,1.9103350906093368,0.0031097273485482077,2.54738849249228
root,aqua_justification_expected,continuous,1.911318801206347,1.9749257703349403,0.6447406716878867,1.9103350906093368,0.0031097273485482077,2.54738849249228
root,aqua_justification_expected,continuous,1.9749257703349403,2.0385327394635335,0.7301086757665342,1.9103350906093368,0.0031097273485482077,2.54738849249228
root,aqua_justification_expected,continuous,2.0385327394635335,2.102139708592127,0.8258529013353983,1.9103350906093368,0.0031097273485482077,2.54738849249228
root,aqua_justification_expected,continuous,2.102139708592127,2.16574667772072,0.9187672483160293,1.9103350906093368,0.0031097273485482077,2.54738849249228
root,aqua_justification_expected,continuous,2.16574667772072,2.2293536468493134,1.0245732644208627,1.9103350906093368,0.0031097273485482077,2.54738849249228
root,aqua_justification_expected,continuous,2.2293536468493134,2.292960615977907,1.0258309882378593,1.9103350906093368,0.0031097273485482077,2.54738849249228
root,aqua_justification_expected,continuous,2.292960615977907,2.3565675851064998,0.9987899261724391,1.9103350906093368,0.0031097273485482077,2.54738849249228
root,aqua_justification_expected,continuous,2.3565675851064998,2.420174554235093,0.8113890774399374,1.9103350906093368,0.0031097273485482077,2.54738849249228
root,aqua_justification_expected,continuous,2.420174554235093,2.4837815233636866,0.5401923794000436,1.9103350906093368,0.0031097273485482077,2.54738849249228
root,aqua_justification_expected,continuous,2.4837815233636866,2.54738849249228,0.3292092090988624,1.9103350906093368,0.0031097273485482077,2.54738849249228
root,aqua_solution_proposal_expected,continuous,0.05296159583944606,0.10020644585341279,0.5024886308874275,0.8119305378630157,0.05296159583944606,1.9427555963981156
root,aqua_solution_proposal_expected,continuous,0.10020644585341279,0.14745129586737954,0.5251366020352599,0.8119305378630157,0.05296159583944606,1.9427555963981156
root,aqua_solution_proposal_expected,continuous,0.14745129586737954,0.1946961458813463,0.6375298046474014,0.8119305378630157,0.05296159583944606,1.9427555963981156
root,aqua_solution_proposal_expected,continuous,0.1946961458813463,0.241940995895313,0.7403981595805482,0.8119305378630157,0.05296159583944606,1.9427555963981156
root,aqua_solution_proposal_expected,continuous,0.241940995895313,0.2891858459092797,0.7833658057769042,0.8119305378630157,0.05296159583944606,1.9427555963981156
root,aqua_solution_proposal_expected,continuous,0.2891858459092797,0.3364306959232465,0.7875990714120117,0.8119305378630157,0.05296159583944606,1.9427555963981156
root,aqua_solution_proposal_expected,continuous,0.3364306959232465,0.3836755459372132,0.7651627635459353,0.8119305378630157,0.05296159583944606,1.9427555963981156
root,aqua_solution_proposal_expected,continuous,0.3836755459372132,0.4309203959511799,0.7130935962340957,0.8119305378630157,0.05296159583944606,1.9427555963981156
root,aqua_solution_proposal_expected,continuous,0.4309203959511799,0.47816524596514665,0.7107653001347859,0.8119305378630157,0.05296159583944606,1.9427555963981156
root,aqua_solution_proposal_expected,continuous,0.47816524596514665,0.5254100959791134,0.6726659094188057,0.8119305378630157,0.05296159583944606,1.9427555963981156
root,aqua_solution_proposal_expected,continuous,0.5254100959791134,0.5726549459930801,0.6517112445250166,0.8119305378630157,0.05296159583944606,1.9427555963981156
root,aqua_solution_proposal_expected,continuous,0.5726549459930801,0.6198997960070469,0.6419747335642646,0.8119305378630157,0.05296159583944606,1.9427555963981156
root,aqua_solution_proposal_expected,continuous,0.6198997960070469,0.6671446460210136,0.6459963359176196,0.8119305378630157,0.05296159583944606,1.9427555963981156
root,aqua_solution_proposal_expected,continuous,0.6671446460210136,0.7143894960349804,0.6036636795665304,0.8119305378630157,0.05296159583944606,1.9427555963981156
root,aqua_solution_proposal_expected,continuous,0.7143894960349804,0.7616343460489471,0.5755124630930563,0.8119305378630157,0.05296159583944606,1.9427555963981156
root,aqua_solution_proposal_expected,continuous,0.7616343460489471,0.8088791960629138,0.590117229534182,0.8119305378630157,0.05296159583944606,1.9427555963981156
root,aqua_solution_proposal_expected,continuous,0.8088791960629138,0.8561240460768805,0.5846139842085404,0.8119305378630157,0.05296159583944606,1.9427555963981156
root,aqua_solution_proposal_expected,continuous,0.8561240460768805,0.9033688960908473,0.5746658099660344,0.8119305378630157,0.05296159583944606,1.9427555963981156
root,aqua_solution_proposal_expected,continuous,0.9033688960908473,0.950613746104814,0.6019703733124869,0.8119305378630157,0.05296159583944606,1.9427555963981156
root,aqua_solution_proposal_expected,continuous,0.950613746104814,0.9978585961187807,0.5992187506496661,0.8119305378630157,0.05296159583944606,1.9427555963981156
root,aqua_solution_proposal_expected,continuous,0.9978585961187807,1.0451034461327475,0.6000654037766865,0.8119305378630157,0.05296159583944606,1.9427555963981156
root,aqua_solution_proposal_expected,continuous,1.0451034461327475,1.0923482961467141,0.6191150991346794,0.8119305378630157,0.05296159583944606,1.9427555963981156
root,aqua_solution_proposal_expected,continuous,1.0923482961467141,1.139593146160681,0.5962554647050885,0.8119305378630157,0.05296159583944606,1.9427555963981156
root,aqua_solution_proposal_expected,continuous,1.139593146160681,1.1868379961746478,0.5602727068066629,0.8119305378630157,0.05296159583944606,1.9427555963981156
root,aqua_solution_proposal_expected,continuous,1.1868379961746478,1.2340828461886144,0.5784757490376338,0.8119305378630157,0.05296159583944606,1.9427555963981156
root,aqua_solution_proposal_expected,continuous,1.2340828461886144,1.2813276962025812,0.555616114608043,0.8119305378630157,0.05296159583944606,1.9427555963981156
root,aqua_solution_proposal_expected,continuous,1.2813276962025812,1.3285725462165479,0.5310631739244139,0.8119305378630157,0.05296159583944606,1.9427555963981156
root,aqua_solution_proposal_expected,continuous,1.3285725462165479,1.3758173962305147,0.5221733160906827,0.8119305378630157,0.05296159583944606,1.9427555963981156
root,aqua_solution_proposal_expected,continuous,1.3758173962305147,1.4230622462444813,0.505451916832005,0.8119305378630157,0.05296159583944606,1.9427555963981156
root,aqua_solution_proposal_expected,continuous,1.4230622462444813,1.4703070962584481,0.4745490776957076,0.8119305378630157,0.05296159583944606,1.9427555963981156
root,aqua_solution_proposal_expected,continuous,1.4703070962584481,1.5175519462724147,0.4457628713769692,0.8119305378630157,0.05296159583944606,1.9427555963981156
root,aqua_solution_proposal_expected,continuous,1.5175519462724147,1.5647967962863816,0.3920003978110841,0.8119305378630157,0.05296159583944606,1.9427555963981156
root,aqua_solution_proposal_expected,continuous,1.5647967962863816,1.6120416463003484,0.36935242666325147,0.8119305378630157,0.05296159583944606,1.9427555963981156
root,aqua_solution_proposal_expected,continuous,1.6120416463003484,1.659286496314315,0.3221515148317888,0.8119305378630157,0.05296159583944606,1.9427555963981156
root,aqua_solution_proposal_expected,continuous,1.659286496314315,1.7065313463282819,0.28362879755229625,0.8119305378630157,0.05296159583944606,1.9427555963981156
root,aqua_solution_proposal_expected,continuous,1.7065313463282819,1.7537761963422485,0.24552940683631733,0.8119305378630157,0.05296159583944606,1.9427555963981156
root,aqua_solution_proposal_expected,continuous,1.7537761963422485,1.8010210463562153,0.2051017200210262,0.8119305378630157,0.05296159583944606,1.9427555963981156
root,aqua_solution_proposal_expected,continuous,1.8010210463562153,1.848265896370182,0.15303255270918745,0.8119305378630157,0.05296159583944606,1.9427555963981156
root,aqua_solution_proposal_expected,continuous,1.848265896370182,1.8955107463841487,0.11577981512022839,0.8119305378630157,0.05296159583944606,1.9427555963981156
root,aqua_solution_proposal_expected,continuous,1.8955107463841487,1.9427555963981156,0.18330040200021536,0.8119305378630157,0.05296159583944606,1.9427555963981156
root,aqua_additional_knowledge_expected,continuous,0.009484533586716113,0.08360873982401579,1.033535519486608,1.1532511319883851,0.009484533586716113,2.9744527830787035
root,aqua_additional_knowledge_expected,continuous,0.08360873982401579,0.15773294606131547,0.5740365011637538,1.1532511319883851,0.009484533586716113,2.9744527830787035
root,aqua_additional_knowledge_expected,continuous,0.15773294606131547,0.23185715229861514,0.46354627920062463,1.1532511319883851,0.009484533586716113,2.9744527830787035
root,aqua_additional_knowledge_expected,continuous,0.23185715229861514,0.30598135853591485,0.41336024431627283,1.1532511319883851,0.009484533586716113,2.9744527830787035
root,aqua_additional_knowledge_expected,continuous,0.30598135853591485,0.3801055647732145,0.380037796422631,1.1532511319883851,0.009484533586716113,2.9744527830787035
root,aqua_additional_knowledge_expected,continuous,0.3801055647732145,0.4542297710105142,0.3588571311622995,1.1532511319883851,0.009484533586716113,2.9744527830787035
root,aqua_additional_knowledge_expected,continuous,0.4542297710105142,0.5283539772478139,0.35723822681119166,1.1532511319883851,0.009484533586716113,2.9744527830787035
root,aqua_additional_knowledge_expected,continuous,0.5283539772478139,0.6024781834851135,0.34860407027194834,1.1532511319883851,0.009484533586716113,2.9744527830787035
root,aqua_additional_knowledge_expected,continuous,0.6024781834851135,0.6766023897224132,0.35373060071712403,1.1532511319883851,0.009484533586716113,2.9744527830787035
root,aqua_additional_knowledge_expected,continuous,0.6766023897224132,0.7507265959597128,0.35791277029082,1.1532511319883851,0.009484533586716113,2.9744527830787035
root,aqua_additional_knowledge_expected,continuous,0.7507265959597128,0.8248508021970126,0.37126873118746145,1.1532511319883851,0.009484533586716113,2.9744527830787035
root,aqua_additional_knowledge_expected,continuous,0.8248508021970126,0.8989750084343122,0.3736970877141242,1.1532511319883851,0.009484533586716113,2.9744527830787035
root,aqua_additional_knowledge_expected,continuous,0.8989750084343122,0.9730992146716119,0.38314069642892157,1.1532511319883851,0.009484533586716113,2.9744527830787035
root,aqua_additional_knowledge_expected,continuous,0.9730992146716119,1.0472234209089117,0.39029085731298124,1.1532511319883851,0.009484533586716113,2.9744527830787035
root,aqua_additional_knowledge_expected,continuous,1.0472234209089117,1.1213476271462113,0.40688462691184124,1.1532511319883851,0.009484533586716113,2.9744527830787035
root,aqua_additional_knowledge_expected,continuous,1.1213476271462113,1.195471833383511,0.4218594921595902,1.1532511319883851,0.009484533586716113,2.9744527830787035
root,aqua_additional_knowledge_expected,continuous,1.195471833383511,1.2695960396208108,0.40378172690554953,1.1532511319883851,0.009484533586716113,2.9744527830787035
root,aqua_additional_knowledge_expected,continuous,1.2695960396208108,1.3437202458581103,0.42617657042921303,1.1532511319883851,0.009484533586716113,2.9744527830787035
root,aqua_additional_knowledge_expected,continuous,1.3437202458581103,1.41784445209541,0.4117413399651644,1.1532511319883851,0.009484533586716113,2.9744527830787035
root,aqua_additional_knowledge_expected,continuous,1.41784445209541,1.4919686583327096,0.4102573443099832,1.1532511319883851,0.009484533586716113,2.9744527830787035
root,aqua_additional_knowledge_expected,continuous,1.4919686583327096,1.5660928645700094,0.4040515442974008,1.1532511319883851,0.009484533586716113,2.9744527830787035
root,aqua_additional_knowledge_expected,continuous,1.5660928645700094,1.6402170708073092,0.40850353126294814,1.1532511319883851,0.009484533586716113,2.9744527830787035
root,aqua_additional_knowledge_expected,continuous,1.6402170708073092,1.7143412770446087,0.4071544443036926,1.1532511319883851,0.009484533586716113,2.9744527830787035
root,aqua_additional_knowledge_expected,continuous,1.7143412770446087,1.7884654832819085,0.39298903123149537,1.1532511319883851,0.009484533586716113,2.9744527830787035
root,aqua_additional_knowledge_expected,continuous,1.7884654832819085,1.8625896895192082,0.39811556167667106,1.1532511319883851,0.009484533586716113,2.9744527830787035
root,aqua_additional_knowledge_expected,continuous,1.8625896895192082,1.9367138957565078,0.3813868833818883,1.1532511319883851,0.009484533586716113,2.9744527830787035
root,aqua_additional_knowledge_expected,continuous,1.9367138957565078,2.0108381019938073,0.345636078961584,1.1532511319883851,0.009484533586716113,2.9744527830787035
root,aqua_additional_knowledge_expected,continuous,2.0108381019938073,2.0849623082311073,0.25767560921804117,1.1532511319883851,0.009484533586716113,2.9744527830787035
root,aqua_additional_knowledge_expected,continuous,2.0849623082311073,2.159086514468407,0.190760896038907,1.1532511319883851,0.009484533586716113,2.9744527830787035
root,aqua_additional_knowledge_expected,continuous,2.159086514468407,2.2332107207057064,0.1459712089915823,1.1532511319883851,0.009484533586716113,2.9744527830787035
root,aqua_additional_knowledge_expected,continuous,2.2332107207057064,2.3073349269430063,0.12492545242717598,1.1532511319883851,0.009484533586716113,2.9744527830787035
root,aqua_additional_knowledge_expected,continuous,2.3073349269430063,2.381459133180306,0.11561675240830502,1.1532511319883851,0.009484533586716113,2.9744527830787035
root,aqua_additional_knowledge_expected,continuous,2.381459133180306,2.4555833394176054,0.09592008280315623,1.1532511319883851,0.009484533586716113,2.9744527830787035
root,aqua_additional_knowledge_expected,continuous,2.4555833394176054,2.5297075456549054,0.0955153567153786,1.1532511319883851,0.009484533586716113,2.9744527830787035
root,aqua_additional_knowledge_expected,continuous,2.5297075456549054,2.603831751892205,0.08984919148650075,1.1532511319883851,0.009484533586716113,2.9744527830787035
root,aqua_additional_knowledge_expected,continuous,2.603831751892205,2.6779559581295045,0.09065864366205482,1.1532511319883851,0.009484533586716113,2.9744527830787035
root,aqua_additional_knowledge_expected,continuous,2.6779559581295045,2.7520801643668045,0.09295209149279077,1.1532511319883851,0.009484533586716113,2.9744527830787035
root,aqua_additional_knowledge_expected,continuous,2.7520801643668045,2.826204370604104,0.10010225237685219,1.1532511319883851,0.009484533586716113,2.9744527830787035
root,aqua_additional_knowledge_expected,continuous,2.826204370604104,2.9003285768414035,0.12492545242717673,1.1532511319883851,0.009484533586716113,2.9744527830787035
root,aqua_additional_knowledge_expected,continuous,2.9003285768414035,2.9744527830787035,0.5882019142359474,1.1532511319883851,0.009484533586716113,2.9744527830787035
root,aqua_question_expected,continuous,0.02200650952425797,0.08273308250830985,7.372225666638115,0.09354879920401912,0.02200650952425797,2.4510694288863335
root,aqua_question_expected,continuous,0.08273308250830985,0.14345965549236175,2.80124485280397,0.09354879920401912,0.02200650952425797,2.4510694288863335
root,aqua_question_expected,continuous,0.14345965549236175,0.20418622847641366,0.8320904262664428,0.09354879920401912,0.02200650952425797,2.4510694288863335
root,aqua_question_expected,continuous,0.20418622847641366,0.26491280146046553,0.42600790278078143,0.09354879920401912,0.02200650952425797,2.4510694288863335
root,aqua_question_expected,continuous,0.26491280146046553,0.3256393744445174,0.3018447954376391,0.09354879920401912,0.02200650952425797,2.4510694288863335
root,aqua_question_expected,continuous,0.3256393744445174,0.38636594742856933,0.21835580946552596,0.09354879920401912,0.02200650952425797,2.4510694288863335
root,aqua_question_expected,continuous,0.38636594742856933,0.4470925204126212,0.1431004513013139,0.09354879920401912,0.02200650952425797,2.4510694288863335
root,aqua_question_expected,continuous,0.4470925204126212,0.5078190933966731,0.11461209908597754,0.09354879920401912,0.02200650952425797,2.4510694288863335
root,aqua_question_expected,continuous,0.5078190933966731,0.568545666380725,0.08595907431448307,0.09354879920401912,0.02200650952425797,2.4510694288863335
root,aqua_question_expected,continuous,0.568545666380725,0.6292722393647768,0.0760787209450024,0.09354879920401912,0.02200650952425797,2.4510694288863335
root,aqua_question_expected,continuous,0.6292722393647768,0.6899988123488288,0.06586902246320542,0.09354879920401912,0.02200650952425797,2.4510694288863335
root,aqua_question_expected,continuous,0.6899988123488288,0.7507253853328807,0.05598866909372461,0.09354879920401912,0.02200650952425797,2.4510694288863335
root,aqua_question_expected,continuous,0.7507253853328807,0.8114519583169325,0.05450661608830259,0.09354879920401912,0.02200650952425797,2.4510694288863335
root,aqua_question_expected,continuous,0.8114519583169325,0.8721785313009844,0.04940176684740407,0.09354879920401912,0.02200650952425797,2.4510694288863335
root,aqua_question_expected,continuous,0.8721785313009844,0.9329051042850363,0.0451202803872958,0.09354879920401912,0.02200650952425797,2.4510694288863335
root,aqua_question_expected,continuous,0.9329051042850363,0.9936316772690882,0.043967572494189616,0.09354879920401912,0.02200650952425797,2.4510694288863335
root,aqua_question_expected,continuous,0.9936316772690882,1.05435825025314,0.04297953715724169,0.09354879920401912,0.02200650952425797,2.4510694288863335
root,aqua_question_expected,continuous,1.05435825025314,1.115084823237192,0.036721980023236955,0.09354879920401912,0.02200650952425797,2.4510694288863335
root,aqua_question_expected,continuous,1.115084823237192,1.1758113962212438,0.03523992701781497,0.09354879920401912,0.02200650952425797,2.4510694288863335
root,aqua_question_expected,continuous,1.1758113962212438,1.2365379692052956,0.03820403302865921,0.09354879920401912,0.02200650952425797,2.4510694288863335
root,aqua_question_expected,continuous,1.2365379692052956,1.2972645421893476,0.047919713841981855,0.09354879920401912,0.02200650952425797,2.4510694288863335
root,aqua_question_expected,continuous,1.2972645421893476,1.3579911151733994,0.05187185518977436,0.09354879920401912,0.02200650952425797,2.4510694288863335
root,aqua_question_expected,continuous,1.3579911151733994,1.4187176881574513,0.06339893412083533,0.09354879920401912,0.02200650952425797,2.4510694288863335
root,aqua_question_expected,continuous,1.4187176881574513,1.4794442611415033,0.08480636642137683,0.09354879920401912,0.02200650952425797,2.4510694288863335
root,aqua_question_expected,continuous,1.4794442611415033,1.540170834125555,0.1116479930751334,0.09354879920401912,0.02200650952425797,2.4510694288863335
root,aqua_question_expected,continuous,1.540170834125555,1.600897407109607,0.14771128287373841,0.09354879920401912,0.02200650952425797,2.4510694288863335
root,aqua_question_expected,continuous,1.600897407109607,1.6616239800936587,0.18756204146397776,0.09354879920401912,0.02200650952425797,2.4510694288863335
root,aqua_question_expected,continuous,1.6616239800936587,1.7223505530777108,0.22626009216111023,0.09354879920401912,0.02200650952425797,2.4510694288863335
root,aqua_question_expected,continuous,1.7223505530777108,1.7830771260617626,0.25738320527497566,0.09354879920401912,0.02200650952425797,2.4510694288863335
root,aqua_question_expected,continuous,1.7830771260617626,1.8438036990458144,0.26775757631293057,0.09354879920401912,0.02200650952425797,2.4510694288863335
root,aqua_question_expected,continuous,1.8438036990458144,1.9045302720298665,0.25623049738186865,0.09354879920401912,0.02200650952425797,2.4510694288863335
root,aqua_question_expected,continuous,1.9045302720298665,1.9652568450139183,0.23136494140200947,0.09354879920401912,0.02200650952425797,2.4510694288863335
root,aqua_question_expected,continuous,1.9652568450139183,2.0259834179979705,0.22395467637489722,0.09354879920401912,0.02200650952425797,2.4510694288863335
root,aqua_question_expected,continuous,2.0259834179979705,2.086709990982022,0.2200025350271073,0.09354879920401912,0.02200650952425797,2.4510694288863335
root,aqua_question_expected,continuous,2.086709990982022,2.147436563966074,0.24157463988380543,0.09354879920401912,0.02200650952425797,2.4510694288863335
root,aqua_question_expected,continuous,2.147436563966074,2.2081631369501262,0.2433860380015436,0.09354879920401912,0.02200650952425797,2.4510694288863335
root,aqua_question_expected,continuous,2.2081631369501262,2.268889709934178,0.22873018050348207,0.09354879920401912,0.02200650952425797,2.4510694288863335
root,aqua_question_expected,continuous,2.268889709934178,2.32961628291823,0.19036147491866334,0.09354879920401912,0.02200650952425797,2.4510694288863335
root,aqua_question_expected,continuous,2.32961628291823,2.390342855902282,0.14968735354763404,0.09354879920401912,0.02200650952425797,2.4510694288863335
root,aqua_question_expected,continuous,2.390342855902282,2.4510694288863335,0.1961250143841952,0.09354879920401912,0.02200650952425797,2.4510694288863335
root,aqua_referencing_users_expected,continuous,0.11760455574792752,0.1891327019018002,0.60969006391114,0.4818894879900419,0.11760455574792752,2.978730401902835
root,aqua_referencing_users_expected,continuous,0.1891327019018002,0.2606608480556729,1.224552916715816,0.4818894879900419,0.11760455574792752,2.978730401902835
root,aqua_referencing_users_expected,continuous,0.2606608480556729,0.33218899420954556,1.6706710075070228,0.4818894879900419,0.11760455574792752,2.978730401902835
root,aqua_referencing_users_expected,continuous,0.33218899420954556,0.4037171403634182,1.7495210868571451,0.4818894879900419,0.11760455574792752,2.978730401902835
root,aqua_referencing_users_expected,continuous,0.4037171403634182,0.4752452865172909,1.5989509885236657,0.4818894879900419,0.11760455574792752,2.978730401902835
root,aqua_referencing_users_expected,continuous,0.4752452865172909,0.5467734326711636,1.3333212885853107,0.4818894879900419,0.11760455574792752,2.978730401902835
root,aqua_referencing_users_expected,continuous,0.5467734326711636,0.6183015788250362,1.0723051571195712,0.4818894879900419,0.11760455574792752,2.978730401902835
root,aqua_referencing_users_expected,continuous,0.6183015788250362,0.6898297249789089,0.8393898518052014,0.4818894879900419,0.11760455574792752,2.978730401902835
root,aqua_referencing_users_expected,continuous,0.6898297249789089,0.7613578711327816,0.675398463369575,0.4818894879900419,0.11760455574792752,2.978730401902835
root,aqua_referencing_users_expected,continuous,0.7613578711327816,0.8328860172866543,0.515042007669947,0.4818894879900419,0.11760455574792752,2.978730401902835
root,aqua_referencing_users_expected,continuous,0.8328860172866543,0.9044141634405269,0.41088720427306646,0.4818894879900419,0.11760455574792752,2.978730401902835
root,aqua_referencing_users_expected,continuous,0.9044141634405269,0.9759423095943996,0.32728375134509935,0.4818894879900419,0.11760455574792752,2.978730401902835
root,aqua_referencing_users_expected,continuous,0.9759423095943996,1.0474704557482724,0.2720607347789677,0.4818894879900419,0.11760455574792752,2.978730401902835
root,aqua_referencing_users_expected,continuous,1.0474704557482724,1.118998601902145,0.21362220079252994,0.4818894879900419,0.11760455574792752,2.978730401902835
root,aqua_referencing_users_expected,continuous,1.118998601902145,1.1905267480560178,0.1769932632220825,0.4818894879900419,0.11760455574792752,2.978730401902835
root,aqua_referencing_users_expected,continuous,1.1905267480560178,1.2620548942098904,0.14218179201963543,0.4818894879900419,0.11760455574792752,2.978730401902835
root,aqua_referencing_users_expected,continuous,1.2620548942098904,1.333583040363763,0.12302849260302771,0.4818894879900419,0.11760455574792752,2.978730401902835
root,aqua_referencing_users_expected,continuous,1.333583040363763,1.4051111865176358,0.09506747155688476,0.4818894879900419,0.11760455574792752,2.978730401902835
root,aqua_referencing_users_expected,continuous,1.4051111865176358,1.4766393326715084,0.07912968956058374,0.4818894879900419,0.11760455574792752,2.978730401902835
root,aqua_referencing_users_expected,continuous,1.4766393326715084,1.5481674788253812,0.06906372198397216,0.4818894879900419,0.11760455574792752,2.978730401902835
root,aqua_referencing_users_expected,continuous,1.5481674788253812,1.6196956249792538,0.05592204209228533,0.4818894879900419,0.11760455574792752,2.978730401902835
root,aqua_referencing_users_expected,continuous,1.6196956249792538,1.6912237711331264,0.044737633673828256,0.4818894879900419,0.11760455574792752,2.978730401902835
root,aqua_referencing_users_expected,continuous,1.6912237711331264,1.7627519172869992,0.04305997241105957,0.4818894879900419,0.11760455574792752,2.978730401902835
root,aqua_referencing_users_expected,continuous,1.7627519172869992,1.8342800634408718,0.03551049672860118,0.4818894879900419,0.11760455574792752,2.978730401902835
root,aqua_referencing_users_expected,continuous,1.8342800634408718,1.9058082095947444,0.035230886518139756,0.4818894879900419,0.11760455574792752,2.978730401902835
root,aqua_referencing_users_expected,continuous,1.9058082095947444,1.9773363557486172,0.032714394623986814,0.4818894879900419,0.11760455574792752,2.978730401902835
root,aqua_referencing_users_expected,continuous,1.9773363557486172,2.04886450190249,0.02921926699321908,0.4818894879900419,0.11760455574792752,2.978730401902835
root,aqua_referencing_users_expected,continuous,2.04886450190249,2.1203926480563626,0.02628335978337402,0.4818894879900419,0.11760455574792752,2.978730401902835
root,aqua_referencing_users_expected,continuous,2.1203926480563626,2.1919207942102354,0.023627062783990477,0.4818894879900419,0.11760455574792752,2.978730401902835
root,aqua_referencing_users_expected,continuous,2.1919207942102354,2.2634489403641083,0.021529986205529785,0.4818894879900419,0.11760455574792752,2.978730401902835
root,aqua_referencing_users_expected,continuous,2.2634489403641083,2.3349770865179806,0.022648427047375626,0.4818894879900419,0.11760455574792752,2.978730401902835
root,aqua_referencing_users_expected,continuous,2.3349770865179806,2.4065052326718535,0.02418628320491333,0.4818894879900419,0.11760455574792752,2.978730401902835
root,aqua_referencing_users_expected,continuous,2.4065052326718535,2.4780333788257263,0.019153299416607664,0.4818894879900419,0.11760455574792752,2.978730401902835
root,aqua_referencing_users_expected,continuous,2.4780333788257263,2.5495615249795986,0.020970765784607062,0.4818894879900419,0.11760455574792752,2.978730401902835
root,aqua_referencing_users_expected,continuous,2.5495615249795986,2.6210896711334715,0.02432608831014404,0.4818894879900419,0.11760455574792752,2.978730401902835
root,aqua_referencing_users_expected,continuous,2.6210896711334715,2.6926178172873443,0.027122190414758298,0.4818894879900419,0.11760455574792752,2.978730401902835
root,aqua_referencing_users_expected,continuous,2.6926178172873443,2.7641459634412167,0.02754160573045061,0.4818894879900419,0.11760455574792752,2.978730401902835
root,aqua_referencing_users_expected,continuous,2.7641459634412167,2.8356741095950895,0.03201536909783325,0.4818894879900419,0.11760455574792752,2.978730401902835
root,aqua_referencing_users_expected,continuous,2.8356741095950895,2.9072022557489623,0.05046964298828735,0.4818894879900419,0.11760455574792752,2.978730401902835
root,aqua_referencing_users_expected,continuous,2.9072022557489623,2.978730401902835,0.18608059506207883,0.4818894879900419,0.11760455574792752,2.978730401902835
root,aqua_referencing_medium_expected,continuous,0.03729385722278941,0.10907719394015802,1.5368469208161941,0.23582720103729068,0.03729385722278941,2.908627325917534
root,aqua_referencing_medium_expected,continuous,0.10907719394015802,0.18086053065752664,3.118411740615528,0.23582720103729068,0.03729385722278941,2.908627325917534
root,aqua_referencing_medium_expected,continuous,0.18086053065752664,0.25264386737489525,2.921290784038759,0.23582720103729068,0.03729385722278941,2.908627325917534
root,aqua_referencing_medium_expected,continuous,0.25264386737489525,0.3244272040922639,2.0475504026610234,0.23582720103729068,0.03729385722278941,2.908627325917534
root,aqua_referencing_medium_expected,continuous,0.3244272040922639,0.39621054080963247,1.2639423597321733,0.23582720103729068,0.03729385722278941,2.908627325917534
root,aqua_referencing_medium_expected,continuous,0.39621054080963247,0.46799387752700106,0.7227304047493127,0.23582720103729068,0.03729385722278941,2.908627325917534
root,aqua_referencing_medium_expected,continuous,0.46799387752700106,0.5397772142443698,0.4240538458089639,0.23582720103729068,0.03729385722278941,2.908627325917534
root,aqua_referencing_medium_expected,continuous,0.5397772142443698,0.6115605509617383,0.2848850573848004,0.23582720103729068,0.03729385722278941,2.908627325917534
root,aqua_referencing_medium_expected,continuous,0.6115605509617383,0.6833438876791069,0.17970744451168338,0.23582720103729068,0.03729385722278941,2.908627325917534
root,aqua_referencing_medium_expected,continuous,0.6833438876791069,0.7551272243964755,0.14042256129285027,0.23582720103729068,0.03729385722278941,2.908627325917534
root,aqua_referencing_medium_expected,continuous,0.7551272243964755,0.8269105611138442,0.11200370960263041,0.23582720103729068,0.03729385722278941,2.908627325917534
root,aqua_referencing_medium_expected,continuous,0.8269105611138442,0.8986938978312128,0.09027164654540375,0.23582720103729068,0.03729385722278941,2.908627325917534
root,aqua_referencing_medium_expected,continuous,0.8986938978312128,0.9704772345485814,0.07829115024462487,0.23582720103729068,0.03729385722278941,2.908627325917534
root,aqua_referencing_medium_expected,continuous,0.9704772345485814,1.04226057126595,0.06087763817953916,0.23582720103729068,0.03729385722278941,2.908627325917534
root,aqua_referencing_medium_expected,continuous,1.04226057126595,1.1140439079833186,0.06575342155776322,0.23582720103729068,0.03729385722278941,2.908627325917534
root,aqua_referencing_medium_expected,continuous,1.1140439079833186,1.1858272447006872,0.05279776858133954,0.23582720103729068,0.03729385722278941,2.908627325917534
root,aqua_referencing_medium_expected,continuous,1.1858272447006872,1.2576105814180558,0.04806129329963625,0.23582720103729068,0.03729385722278941,2.908627325917534
root,aqua_referencing_medium_expected,continuous,1.2576105814180558,1.3293939181354244,0.043603434210974346,0.23582720103729068,0.03729385722278941,2.908627325917534
root,aqua_referencing_medium_expected,continuous,1.3293939181354244,1.401177254852793,0.0412351965701227,0.23582720103729068,0.03729385722278941,2.908627325917534
root,aqua_referencing_medium_expected,continuous,1.401177254852793,1.4729605915701616,0.040260039894477906,0.23582720103729068,0.03729385722278941,2.908627325917534
root,aqua_referencing_medium_expected,continuous,1.4729605915701616,1.5447439282875304,0.03649872128841931,0.23582720103729068,0.03729385722278941,2.908627325917534
root,aqua_referencing_medium_expected,continuous,1.5447439282875304,1.616527265004899,0.03803111035014695,0.23582720103729068,0.03729385722278941,2.908627325917534
root,aqua_referencing_medium_expected,continuous,1.616527265004899,1.6883106017222675,0.03789180225362627,0.23582720103729068,0.03729385722278941,2.908627325917534
root,aqua_referencing_medium_expected,continuous,1.6883106017222675,1.7600939384396361,0.034548407937129835,0.23582720103729068,0.03729385722278941,2.908627325917534
root,aqua_referencing_medium_expected,continuous,1.7600939384396361,1.8318772751570047,0.029951240751947234,0.23582720103729068,0.03729385722278941,2.908627325917534
root,aqua_referencing_medium_expected,continuous,1.8318772751570047,1.9036606118743733,0.033433943164964355,0.23582720103729068,0.03729385722278941,2.908627325917534
root,aqua_referencing_medium_expected,continuous,1.9036606118743733,1.9754439485917419,0.032598094585840245,0.23582720103729068,0.03729385722278941,2.908627325917534
root,aqua_referencing_medium_expected,continuous,1.9754439485917419,2.0472272853091105,0.03218017029627819,0.23582720103729068,0.03729385722278941,2.908627325917534
root,aqua_referencing_medium_expected,continuous,2.0472272853091105,2.119010622026479,0.028279543593699014,0.23582720103729068,0.03729385722278941,2.908627325917534
root,aqua_referencing_medium_expected,continuous,2.119010622026479,2.1907939587438476,0.030647781234550656,0.23582720103729068,0.03729385722278941,2.908627325917534
root,aqua_referencing_medium_expected,continuous,2.1907939587438476,2.262577295461216,0.026329230242409424,0.23582720103729068,0.03729385722278941,2.908627325917534
root,aqua_referencing_medium_expected,continuous,2.262577295461216,2.334360632178585,0.02981193265542655,0.23582720103729068,0.03729385722278941,2.908627325917534
root,aqua_referencing_medium_expected,continuous,2.334360632178585,2.4061439688959534,0.026747154531971483,0.23582720103729068,0.03729385722278941,2.908627325917534
root,aqua_referencing_medium_expected,continuous,2.4061439688959534,2.477927305613322,0.022149987346788885,0.23582720103729068,0.03729385722278941,2.908627325917534
root,aqua_referencing_medium_expected,continuous,2.477927305613322,2.5497106423306906,0.023960992601557787,0.23582720103729068,0.03729385722278941,2.908627325917534
root,aqua_referencing_medium_expected,continuous,2.5497106423306906,2.621493979048059,0.025214765470243948,0.23582720103729068,0.03729385722278941,2.908627325917534
root,aqua_referencing_medium_expected,continuous,2.621493979048059,2.6932773157654277,0.025075457373723267,0.23582720103729068,0.03729385722278941,2.908627325917534
root,aqua_referencing_medium_expected,continuous,2.6932773157654277,2.7650606524827963,0.023682376408516417,0.23582720103729068,0.03729385722278941,2.908627325917534
root,aqua_referencing_medium_expected,continuous,2.7650606524827963,2.836843989200165,0.023403760215475043,0.23582720103729068,0.03729385722278941,2.908627325917534
root,aqua_referencing_medium_expected,continuous,2.836843989200165,2.908627325917534,0.09737635946795808,0.23582720103729068,0.03729385722278941,2.908627325917534
root,aqua_referencing_contents_expected,continuous,0.08423491170753736,0.15057137804026724,0.5628879870192414,0.6436500553242105,0.08423491170753736,2.7376935650167327
root,aqua_referencing_contents_expected,continuous,0.15057137804026724,0.21690784437299712,0.9052336266873445,0.6436500553242105,0.08423491170753736,2.7376935650167327
root,aqua_referencing_contents_expected,continuous,0.21690784437299712,0.283244310705727,1.0504026495849157,0.6436500553242105,0.08423491170753736,2.7376935650167327
root,aqua_referencing_contents_expected,continuous,0.283244310705727,0.3495807770384569,1.0695474739961206,0.6436500553242105,0.08423491170753736,2.7376935650167327
root,aqua_referencing_contents_expected,continuous,0.3495807770384569,0.41591724337118674,1.0285443854933818,0.6436500553242105,0.08423491170753736,2.7376935650167327
root,aqua_referencing_contents_expected,continuous,0.41591724337118674,0.4822537097039167,0.9509098613062056,0.6436500553242105,0.08423491170753736,2.7376935650167327
root,aqua_referencing_contents_expected,continuous,0.4822537097039167,0.5485901760366465,0.8716171239810542,0.6436500553242105,0.08423491170753736,2.7376935650167327
root,aqua_referencing_contents_expected,continuous,0.5485901760366465,0.6149266423693764,0.7769482284673721,0.6436500553242105,0.08423491170753736,2.7376935650167327
root,aqua_referencing_contents_expected,continuous,0.6149266423693764,0.6812631087021064,0.7095644764058829,0.6436500553242105,0.08423491170753736,2.7376935650167327
root,aqua_referencing_contents_expected,continuous,0.6812631087021064,0.7475995750348362,0.6361508583881094,0.6436500553242105,0.08423491170753736,2.7376935650167327
root,aqua_referencing_contents_expected,continuous,0.7475995750348362,0.813936041367566,0.566505906593013,0.6436500553242105,0.08423491170753736,2.7376935650167327
root,aqua_referencing_contents_expected,continuous,0.813936041367566,0.880272507700296,0.5413312162255206,0.6436500553242105,0.08423491170753736,2.7376935650167327
root,aqua_referencing_contents_expected,continuous,0.880272507700296,0.9466089740330259,0.4777161303867098,0.6436500553242105,0.08423491170753736,2.7376935650167327
root,aqua_referencing_contents_expected,continuous,0.9466089740330259,1.0129454403657556,0.44651157406293446,0.6436500553242105,0.08423491170753736,2.7376935650167327
root,aqua_referencing_contents_expected,continuous,1.0129454403657556,1.0792819066984856,0.40490549896456374,0.6436500553242105,0.08423491170753736,2.7376935650167327
root,aqua_referencing_contents_expected,continuous,1.0792819066984856,1.1456183730312155,0.3605859841858662,0.6436500553242105,0.08423491170753736,2.7376935650167327
root,aqua_referencing_contents_expected,continuous,1.1456183730312155,1.2119548393639454,0.35199342519815946,0.6436500553242105,0.08423491170753736,2.7376935650167327
root,aqua_referencing_contents_expected,continuous,1.2119548393639454,1.2782913056966754,0.30782465706836903,0.6436500553242105,0.08423491170753736,2.7376935650167327
root,aqua_referencing_contents_expected,continuous,1.2782913056966754,1.344627772029405,0.29169476563530655,0.6436500553242105,0.08423491170753736,2.7376935650167327
root,aqua_referencing_contents_expected,continuous,1.344627772029405,1.410964238362135,0.2520483969727292,0.6436500553242105,0.08423491170753736,2.7376935650167327
root,aqua_referencing_contents_expected,continuous,1.410964238362135,1.477300704694865,0.2556663165465004,0.6436500553242105,0.08423491170753736,2.7376935650167327
root,aqua_referencing_contents_expected,continuous,1.477300704694865,1.5436371710275947,0.23109461277463822,0.6436500553242105,0.08423491170753736,2.7376935650167327
root,aqua_referencing_contents_expected,continuous,1.5436371710275947,1.6099736373603246,0.2194871208087881,0.6436500553242105,0.08423491170753736,2.7376935650167327
root,aqua_referencing_contents_expected,continuous,1.6099736373603246,1.6763101036930546,0.18571987145358992,0.6436500553242105,0.08423491170753736,2.7376935650167327
root,aqua_referencing_contents_expected,continuous,1.6763101036930546,1.7426465700257845,0.17049445991396933,0.6436500553242105,0.08423491170753736,2.7376935650167327
root,aqua_referencing_contents_expected,continuous,1.7426465700257845,1.8089830363585144,0.16898699342489798,0.6436500553242105,0.08423491170753736,2.7376935650167327
root,aqua_referencing_contents_expected,continuous,1.8089830363585144,1.8753195026912441,0.1421540899194285,0.6436500553242105,0.08423491170753736,2.7376935650167327
root,aqua_referencing_contents_expected,continuous,1.8753195026912441,1.941655969023974,0.14411379635522076,0.6436500553242105,0.08423491170753736,2.7376935650167327
root,aqua_referencing_contents_expected,continuous,1.941655969023974,2.007992435356704,0.12331075880603658,0.6436500553242105,0.08423491170753736,2.7376935650167327
root,aqua_referencing_contents_expected,continuous,2.007992435356704,2.0743289016894337,0.11667790625412225,0.6436500553242105,0.08423491170753736,2.7376935650167327
root,aqua_referencing_contents_expected,continuous,2.0743289016894337,2.1406653680221637,0.10763310731969415,0.6436500553242105,0.08423491170753736,2.7376935650167327
root,aqua_referencing_contents_expected,continuous,2.1406653680221637,2.2070018343548936,0.09240769578007356,0.6436500553242105,0.08423491170753736,2.7376935650167327
root,aqua_referencing_contents_expected,continuous,2.2070018343548936,2.2733383006876235,0.08200617700548125,0.6436500553242105,0.08423491170753736,2.7376935650167327
root,aqua_referencing_contents_expected,continuous,2.2733383006876235,2.3396747670203535,0.06843897860383914,0.6436500553242105,0.08423491170753736,2.7376935650167327
root,aqua_referencing_contents_expected,continuous,2.3396747670203535,2.4060112333530834,0.06406732578553224,0.6436500553242105,0.08423491170753736,2.7376935650167327
root,aqua_referencing_contents_expected,continuous,2.4060112333530834,2.4723476996858134,0.060750899509575275,0.6436500553242105,0.08423491170753736,2.7376935650167327
root,aqua_referencing_contents_expected,continuous,2.4723476996858134,2.538684166018543,0.05713297993580442,0.6436500553242105,0.08423491170753736,2.7376935650167327
root,aqua_referencing_contents_expected,continuous,2.538684166018543,2.605020632351273,0.05095236733061152,0.6436500553242105,0.08423491170753736,2.7376935650167327
root,aqua_referencing_contents_expected,continuous,2.605020632351273,2.6713570986840027,0.04522399467214041,0.6436500553242105,0.08423491170753736,2.7376935650167327
root,aqua_referencing_contents_expected,continuous,2.6713570986840027,2.7376935650167327,0.12542121189073605,0.6436500553242105,0.08423491170753736,2.7376935650167327
root,aqua_referencing_personal_expected,continuous,0.014851789839251688,0.020432642924416135,7.199616149511315,0.04206450846798579,0.014851789839251688,0.23808591324582964
root,aqua_referencing_personal_expected,continuous,0.020432642924416135,0.026013496009580583,14.91707427692426,0.04206450846798579,0.014851789839251688,0.23808591324582964
root,aqua_referencing_personal_expected,continuous,0.026013496009580583,0.03159434909474503,22.04501679627618,0.04206450846798579,0.014851789839251688,0.23808591324582964
root,aqua_referencing_personal_expected,continuous,0.03159434909474503,0.03717520217990948,24.75069633479337,0.04206450846798579,0.014851789839251688,0.23808591324582964
root,aqua_referencing_personal_expected,continuous,0.03717520217990948,0.04275605526507393,23.499991488511917,0.04206450846798579,0.014851789839251688,0.23808591324582964
root,aqua_referencing_personal_expected,continuous,0.04275605526507393,0.04833690835023838,20.185086093639857,0.04206450846798579,0.014851789839251688,0.23808591324582964
root,aqua_referencing_personal_expected,continuous,0.04833690835023838,0.053917761435402826,15.77357415732904,0.04206450846798579,0.014851789839251688,0.23808591324582964
root,aqua_referencing_personal_expected,continuous,0.053917761435402826,0.059498614520567275,11.781352957450695,0.04206450846798579,0.014851789839251688,0.23808591324582964
root,aqua_referencing_personal_expected,continuous,0.059498614520567275,0.06507946760573173,8.937701680876652,0.04206450846798579,0.014851789839251688,0.23808591324582964
root,aqua_referencing_personal_expected,continuous,0.06507946760573173,0.07066032069089617,6.672814967839762,0.04206450846798579,0.014851789839251688,0.23808591324582964
root,aqua_referencing_personal_expected,continuous,0.07066032069089617,0.07624117377606063,4.854096602545078,0.04206450846798579,0.014851789839251688,0.23808591324582964
root,aqua_referencing_personal_expected,continuous,0.07624117377606063,0.08182202686122507,3.519175240826341,0.04206450846798579,0.014851789839251688,0.23808591324582964
root,aqua_referencing_personal_expected,continuous,0.08182202686122507,0.08740287994638953,2.61429566006396,0.04206450846798579,0.014851789839251688,0.23808591324582964
root,aqua_referencing_personal_expected,continuous,0.08740287994638953,0.09298373303155397,1.8993511992239922,0.04206450846798579,0.014851789839251688,0.23808591324582964
root,aqua_referencing_personal_expected,continuous,0.09298373303155397,0.09856458611671841,1.519480959379194,0.04206450846798579,0.014851789839251688,0.23808591324582964
root,aqua_referencing_personal_expected,continuous,0.09856458611671841,0.10414543920188286,1.0428513188192083,0.04206450846798579,0.014851789839251688,0.23808591324582964
root,aqua_referencing_personal_expected,continuous,0.10414543920188286,0.10972629228704732,0.962218484889888,0.04206450846798579,0.014851789839251688,0.23808591324582964
root,aqua_referencing_personal_expected,continuous,0.10972629228704732,0.11530714537221176,0.6683566012363671,0.04206450846798579,0.014851789839251688,0.23808591324582964
root,aqua_referencing_personal_expected,continuous,0.11530714537221176,0.1208879984573762,0.5035072518697564,0.04206450846798579,0.014851789839251688,0.23808591324582964
root,aqua_referencing_personal_expected,continuous,0.1208879984573762,0.12646885154254067,0.44258466623426773,0.04206450846798579,0.014851789839251688,0.23808591324582964
root,aqua_referencing_personal_expected,continuous,0.12646885154254067,0.13204970462770513,0.33686606174916006,0.04206450846798579,0.014851789839251688,0.23808591324582964
root,aqua_referencing_personal_expected,continuous,0.13204970462770513,0.13763055771286956,0.2634005908357807,0.04206450846798579,0.014851789839251688,0.23808591324582964
root,aqua_referencing_personal_expected,continuous,0.13763055771286956,0.143211410798034,0.28131899837562835,0.04206450846798579,0.014851789839251688,0.23808591324582964
root,aqua_referencing_personal_expected,continuous,0.143211410798034,0.14879226388319847,0.2418985017879607,0.04206450846798579,0.014851789839251688,0.23808591324582964
root,aqua_referencing_personal_expected,continuous,0.14879226388319847,0.15437311696836292,0.19172696067638367,0.04206450846798579,0.014851789839251688,0.23808591324582964
root,aqua_referencing_personal_expected,continuous,0.15437311696836292,0.15995397005352738,0.186351438414429,0.04206450846798579,0.014851789839251688,0.23808591324582964
root,aqua_referencing_personal_expected,continuous,0.15995397005352738,0.1655348231386918,0.15409830484270165,0.04206450846798579,0.014851789839251688,0.23808591324582964
root,aqua_referencing_personal_expected,continuous,0.1655348231386918,0.17111567622385626,0.11467780825503321,0.04206450846798579,0.014851789839251688,0.23808591324582964
root,aqua_referencing_personal_expected,continuous,0.17111567622385626,0.17669652930902072,0.14334726031879153,0.04206450846798579,0.014851789839251688,0.23808591324582964
root,aqua_referencing_personal_expected,continuous,0.17669652930902072,0.18227738239418514,0.13976357881082244,0.04206450846798579,0.014851789839251688,0.23808591324582964
root,aqua_referencing_personal_expected,continuous,0.18227738239418514,0.1878582354793496,0.12901253428691237,0.04206450846798579,0.014851789839251688,0.23808591324582964
root,aqua_referencing_personal_expected,continuous,0.1878582354793496,0.19343908856451406,0.18455959766044408,0.04206450846798579,0.014851789839251688,0.23808591324582964
root,aqua_referencing_personal_expected,continuous,0.19343908856451406,0.1990199416496785,0.23114745726405134,0.04206450846798579,0.014851789839251688,0.23808591324582964
root,aqua_referencing_personal_expected,continuous,0.1990199416496785,0.20460079473484297,0.3010292466694622,0.04206450846798579,0.014851789839251688,0.23808591324582964
root,aqua_referencing_personal_expected,continuous,0.20460079473484297,0.2101816478200074,0.25981690932781093,0.04206450846798579,0.014851789839251688,0.23808591324582964
root,aqua_referencing_personal_expected,continuous,0.2101816478200074,0.21576250090517185,0.3153639727013413,0.04206450846798579,0.014851789839251688,0.23808591324582964
root,aqua_referencing_personal_expected,continuous,0.21576250090517185,0.2213433539903363,0.2687761130977341,0.04206450846798579,0.014851789839251688,0.23808591324582964
root,aqua_referencing_personal_expected,continuous,0.2213433539903363,0.22692420707550073,0.2687761130977354,0.04206450846798579,0.014851789839251688,0.23808591324582964
root,aqua_referencing_personal_expected,continuous,0.22692420707550073,0.2325050601606652,0.2651924315897643,0.04206450846798579,0.014851789839251688,0.23808591324582964
root,aqua_referencing_personal_expected,continuous,0.2325050601606652,0.23808591324582964,1.1181086304865737,0.04206450846798579,0.014851789839251688,0.23808591324582964
root,aqua_referencing_format_expected,continuous,0.02331145446075573,0.025680218519073022,4.137178612445542,0.05543774743650268,0.02331145446075573,0.1180620167934474
root,aqua_referencing_format_expected,continuous,0.025680218519073022,0.028048982577390316,3.4659424906303924,0.05543774743650268,0.02331145446075573,0.1180620167934474
root,aqua_referencing_format_expected,continuous,0.028048982577390316,0.030417746635707607,5.074376216489328,0.05543774743650268,0.02331145446075573,0.1180620167934474
root,aqua_referencing_format_expected,continuous,0.030417746635707607,0.0327865106940249,7.3456028425053495,0.05543774743650268,0.02331145446075573,0.1180620167934474
root,aqua_referencing_format_expected,continuous,0.0327865106940249,0.03515527475234219,9.401527316241042,0.05543774743650268,0.02331145446075573,0.1180620167934474
root,aqua_referencing_format_expected,continuous,0.03515527475234219,0.03752403881065948,11.951380256972785,0.05543774743650268,0.02331145446075573,0.1180620167934474
root,aqua_referencing_format_expected,continuous,0.03752403881065948,0.03989280286897677,15.06692904879402,0.05543774743650268,0.02331145446075573,0.1180620167934474
root,aqua_referencing_format_expected,continuous,0.03989280286897677,0.04226156692729406,17.485912053825952,0.05543774743650268,0.02331145446075573,0.1180620167934474
root,aqua_referencing_format_expected,continuous,0.04226156692729406,0.04463033098561135,20.38193708253783,0.05543774743650268,0.02331145446075573,0.1180620167934474
root,aqua_referencing_format_expected,continuous,0.04463033098561135,0.04699909504392864,23.037330293995225,0.05543774743650268,0.02331145446075573,0.1180620167934474
root,aqua_referencing_format_expected,continuous,0.04699909504392864,0.04936785910224594,25.13969248685013,0.05543774743650268,0.02331145446075573,0.1180620167934474
root,aqua_referencing_format_expected,continuous,0.04936785910224594,0.05173662316056323,26.91699064587018,0.05543774743650268,0.02331145446075573,0.1180620167934474
root,aqua_referencing_format_expected,continuous,0.05173662316056323,0.05410538721888052,26.878996148408945,0.05543774743650268,0.02331145446075573,0.1180620167934474
root,aqua_referencing_format_expected,continuous,0.05410538721888052,0.05647415127719782,26.769234266854188,0.05543774743650268,0.02331145446075573,0.1180620167934474
root,aqua_referencing_format_expected,continuous,0.05647415127719782,0.05884291533551511,25.45631329902716,0.05543774743650268,0.02331145446075573,0.1180620167934474
root,aqua_referencing_format_expected,continuous,0.05884291533551511,0.0612116793938324,23.349729495343155,0.05543774743650268,0.02331145446075573,0.1180620167934474
root,aqua_referencing_format_expected,continuous,0.0612116793938324,0.0635804434521497,21.281140189120382,0.05543774743650268,0.02331145446075573,0.1180620167934474
root,aqua_referencing_format_expected,continuous,0.0635804434521497,0.06594920751046698,18.604638923517857,0.05543774743650268,0.02331145446075573,0.1180620167934474
root,aqua_referencing_format_expected,continuous,0.06594920751046698,0.06831797156878427,16.274309745895472,0.05543774743650268,0.02331145446075573,0.1180620167934474
root,aqua_referencing_format_expected,continuous,0.06831797156878427,0.07068673562710157,14.167725942211467,0.05543774743650268,0.02331145446075573,0.1180620167934474
root,aqua_referencing_format_expected,continuous,0.07068673562710157,0.07305549968541886,12.327103620756104,0.05543774743650268,0.02331145446075573,0.1180620167934474
root,aqua_referencing_format_expected,continuous,0.07305549968541886,0.07542426374373615,10.376719417746063,0.05543774743650268,0.02331145446075573,0.1180620167934474
root,aqua_referencing_format_expected,continuous,0.07542426374373615,0.07779302780205344,8.392562328103814,0.05543774743650268,0.02331145446075573,0.1180620167934474
root,aqua_referencing_format_expected,continuous,0.07779302780205344,0.08016179186037073,7.13030069022502,0.05543774743650268,0.02331145446075573,0.1180620167934474
root,aqua_referencing_format_expected,continuous,0.08016179186037073,0.08253055591868802,5.956692879755775,0.05543774743650268,0.02331145446075573,0.1180620167934474
root,aqua_referencing_format_expected,continuous,0.08253055591868802,0.08489931997700531,4.8421876208928945,0.05543774743650268,0.02331145446075573,0.1180620167934474
root,aqua_referencing_format_expected,continuous,0.08489931997700531,0.08726808403532262,3.8205578002685647,0.05543774743650268,0.02331145446075573,0.1180620167934474
root,aqua_referencing_format_expected,continuous,0.08726808403532262,0.0896368480936399,3.4574992689723456,0.05543774743650268,0.02331145446075573,0.1180620167934474
root,aqua_referencing_format_expected,continuous,0.0896368480936399,0.0920056121519572,2.735603817208889,0.05543774743650268,0.02331145446075573,0.1180620167934474
root,aqua_referencing_format_expected,continuous,0.0920056121519572,0.09437437621027449,2.3514372317675174,0.05543774743650268,0.02331145446075573,0.1180620167934474
root,aqua_referencing_format_expected,continuous,0.09437437621027449,0.09674314026859178,2.207902463580631,0.05543774743650268,0.02331145446075573,0.1180620167934474
root,aqua_referencing_format_expected,continuous,0.09674314026859178,0.09911190432690907,1.9757138679841975,0.05543774743650268,0.02331145446075573,0.1180620167934474
root,aqua_referencing_format_expected,continuous,0.09911190432690907,0.10148066838522636,1.9630490354971195,0.05543774743650268,0.02331145446075573,0.1180620167934474
root,aqua_referencing_format_expected,continuous,0.10148066838522636,0.10384943244354365,2.0432596412486146,0.05543774743650268,0.02331145446075573,0.1180620167934474
root,aqua_referencing_format_expected,continuous,0.10384943244354365,0.10621819650186094,1.9503842030100411,0.05543774743650268,0.02331145446075573,0.1180620167934474
root,aqua_referencing_format_expected,continuous,0.10621819650186094,0.10858696056017823,1.7139739965845817,0.05543774743650268,0.02331145446075573,0.1180620167934474
root,aqua_referencing_format_expected,continuous,0.10858696056017823,0.11095572461849552,1.473342179330096,0.05543774743650268,0.02331145446075573,0.1180620167934474
root,aqua_referencing_format_expected,continuous,0.11095572461849552,0.11332448867681282,1.3720235194334705,0.05543774743650268,0.02331145446075573,0.1180620167934474
root,aqua_referencing_format_expected,continuous,0.11332448867681282,0.1156932527351301,1.0258514314533334,0.05543774743650268,0.02331145446075573,0.1180620167934474
root,aqua_referencing_format_expected,continuous,0.1156932527351301,0.1180620167934474,2.8580305312506447,0.05543774743650268,0.02331145446075573,0.1180620167934474
root,aqua_polite_address_expected,continuous,0.00630865807262101,0.06841443982631037,10.03320435561515,0.04815391476556019,0.00630865807262101,2.4905399282201954
root,aqua_polite_address_expected,continuous,0.06841443982631037,0.13052022157999973,2.7256721551523504,0.04815391476556019,0.00630865807262101,2.4905399282201954
root,aqua_polite_address_expected,continuous,0.13052022157999973,0.1926260033336891,1.140795558793384,0.04815391476556019,0.00630865807262101,2.4905399282201954
root,aqua_polite_address_expected,continuous,0.1926260033336891,0.2547317850873784,0.5456818840862074,0.04815391476556019,0.00630865807262101,2.4905399282201954
root,aqua_polite_address_expected,continuous,0.2547317850873784,0.3168375668410678,0.3060906643989023,0.04815391476556019,0.00630865807262101,2.4905399282201954
root,aqua_polite_address_expected,continuous,0.3168375668410678,0.37894334859475715,0.20980333283102034,0.04815391476556019,0.00630865807262101,2.4905399282201954
root,aqua_polite_address_expected,continuous,0.37894334859475715,0.4410491303484465,0.15312584000176543,0.04815391476556019,0.00630865807262101,2.4905399282201954
root,aqua_polite_address_expected,continuous,0.4410491303484465,0.5031549121021359,0.10659233026411002,0.04815391476556019,0.00630865807262101,2.4905399282201954
root,aqua_polite_address_expected,continuous,0.5031549121021359,0.5652606938558253,0.0827620207790824,0.04815391476556019,0.00630865807262101,2.4905399282201954
root,aqua_polite_address_expected,continuous,0.5652606938558253,0.6273664756095146,0.07149092845508298,0.04815391476556019,0.00630865807262101,2.4905399282201954
root,aqua_polite_address_expected,continuous,0.6273664756095146,0.6894722573632039,0.05812663327091206,0.04815391476556019,0.00630865807262101,2.4905399282201954
root,aqua_polite_address_expected,continuous,0.6894722573632039,0.7515780391168934,0.044118275668226806,0.04815391476556019,0.00630865807262101,2.4905399282201954
root,aqua_polite_address_expected,continuous,0.7515780391168934,0.8136838208705828,0.04073694797102694,0.04815391476556019,0.00630865807262101,2.4905399282201954
root,aqua_polite_address_expected,continuous,0.8136838208705828,0.8757896026242721,0.03590647983217006,0.04815391476556019,0.00630865807262101,2.4905399282201954
root,aqua_polite_address_expected,continuous,0.8757896026242721,0.9378953843779614,0.03461835499514153,0.04815391476556019,0.00630865807262101,2.4905399282201954
root,aqua_polite_address_expected,continuous,0.9378953843779614,1.0000011661316508,0.03010991806554165,0.04815391476556019,0.00630865807262101,2.4905399282201954
root,aqua_polite_address_expected,continuous,1.0000011661316508,1.0621069478853402,0.029143824437770263,0.04815391476556019,0.00630865807262101,2.4905399282201954
root,aqua_polite_address_expected,continuous,1.0621069478853402,1.1242127296390296,0.02463538750817044,0.04815391476556019,0.00630865807262101,2.4905399282201954
root,aqua_polite_address_expected,continuous,1.1242127296390296,1.1863185113927188,0.023347262671142007,0.04815391476556019,0.00630865807262101,2.4905399282201954
root,aqua_polite_address_expected,continuous,1.1863185113927188,1.2484242931464082,0.022381169043370532,0.04815391476556019,0.00630865807262101,2.4905399282201954
root,aqua_polite_address_expected,continuous,1.2484242931464082,1.3105300749000977,0.019482888160056364,0.04815391476556019,0.00630865807262101,2.4905399282201954
root,aqua_polite_address_expected,continuous,1.3105300749000977,1.3726358566537868,0.01674562288137082,0.04815391476556019,0.00630865807262101,2.4905399282201954
root,aqua_polite_address_expected,continuous,1.3726358566537868,1.4347416384074763,0.019804919369313494,0.04815391476556019,0.00630865807262101,2.4905399282201954
root,aqua_polite_address_expected,continuous,1.4347416384074763,1.4968474201611657,0.018194763323027843,0.04815391476556019,0.00630865807262101,2.4905399282201954
root,aqua_polite_address_expected,continuous,1.4968474201611657,1.558953201914855,0.015135466835085107,0.04815391476556019,0.00630865807262101,2.4905399282201954
root,aqua_polite_address_expected,continuous,1.558953201914855,1.6210589836685445,0.014008357602685153,0.04815391476556019,0.00630865807262101,2.4905399282201954
root,aqua_polite_address_expected,continuous,1.6210589836685445,1.6831647654222337,0.015135466835085163,0.04815391476556019,0.00630865807262101,2.4905399282201954
root,aqua_polite_address_expected,continuous,1.6831647654222337,1.7452705471759231,0.016101560462856497,0.04815391476556019,0.00630865807262101,2.4905399282201954
root,aqua_polite_address_expected,continuous,1.7452705471759231,1.8073763289296125,0.014813435625827978,0.04815391476556019,0.00630865807262101,2.4905399282201954
root,aqua_polite_address_expected,continuous,1.8073763289296125,1.8694821106833017,0.014330388811942334,0.04815391476556019,0.00630865807262101,2.4905399282201954
root,aqua_polite_address_expected,continuous,1.8694821106833017,1.9315878924369911,0.015457498044342237,0.04815391476556019,0.00630865807262101,2.4905399282201954
root,aqua_polite_address_expected,continuous,1.9315878924369911,1.9936936741906806,0.016101560462856497,0.04815391476556019,0.00630865807262101,2.4905399282201954
root,aqua_polite_address_expected,continuous,1.9936936741906806,2.0557994559443697,0.015457498044342294,0.04815391476556019,0.00630865807262101,2.4905399282201954
root,aqua_polite_address_expected,continuous,2.0557994559443697,2.1179052376980594,0.017228669695256393,0.04815391476556019,0.00630865807262101,2.4905399282201954
root,aqua_polite_address_expected,continuous,2.1179052376980594,2.1800110194517486,0.016906638485999385,0.04815391476556019,0.00630865807262101,2.4905399282201954
root,aqua_polite_address_expected,continuous,2.1800110194517486,2.242116801205438,0.014169373207313667,0.04815391476556019,0.00630865807262101,2.4905399282201954
root,aqua_polite_address_expected,continuous,2.242116801205438,2.3042225829591274,0.012559217161028114,0.04815391476556019,0.00630865807262101,2.4905399282201954
root,aqua_polite_address_expected,continuous,2.3042225829591274,2.3663283647128166,0.009982967486971065,0.04815391476556019,0.00630865807262101,2.4905399282201954
root,aqua_polite_address_expected,continuous,2.3663283647128166,2.4284341464665062,0.01094906111474238,0.04815391476556019,0.00630865807262101,2.4905399282201954
root,aqua_polite_address_expected,continuous,2.4284341464665062,2.4905399282201954,0.0906517854058824,0.04815391476556019,0.00630865807262101,2.4905399282201954
root,aqua_respect_expected,continuous,0.09051883611203695,0.14157045230334017,0.47540120784921325,0.5100588796507752,0.09051883611203695,2.1325834837641655
root,aqua_respect_expected,continuous,0.14157045230334017,0.1926220684946434,0.45032854422964197,0.5100588796507752,0.09051883611203695,2.1325834837641655
root,aqua_respect_expected,continuous,0.1926220684946434,0.2436736846859466,0.5472892355709525,0.5100588796507752,0.09051883611203695,2.1325834837641655
root,aqua_respect_expected,continuous,0.2436736846859466,0.2947253008772498,0.770396765748231,0.5100588796507752,0.09051883611203695,2.1325834837641655
root,aqua_respect_expected,continuous,0.2947253008772498,0.34577691706855307,1.1989826094952745,0.5100588796507752,0.09051883611203695,2.1325834837641655
root,aqua_respect_expected,continuous,0.34577691706855307,0.39682853325985623,1.7108175316666803,0.5100588796507752,0.09051883611203695,2.1325834837641655
root,aqua_respect_expected,continuous,0.39682853325985623,0.4478801494511595,2.0710411910134843,0.5100588796507752,0.09051883611203695,2.1325834837641655
root,aqua_respect_expected,continuous,0.4478801494511595,0.49893176564246267,2.1296093661873305,0.5100588796507752,0.09051883611203695,2.1325834837641655
root,aqua_respect_expected,continuous,0.49893176564246267,0.5499833818337659,1.9625235687850275,0.5100588796507752,0.09051883611203695,2.1325834837641655
root,aqua_respect_expected,continuous,0.5499833818337659,0.6010349980250691,1.6371665822841897,0.5100588796507752,0.09051883611203695,2.1325834837641655
root,aqua_respect_expected,continuous,0.6010349980250691,0.6520866142163723,1.350397992135344,0.5100588796507752,0.09051883611203695,2.1325834837641655
root,aqua_respect_expected,continuous,0.6520866142163723,0.7031382304076755,1.1343421486010674,0.5100588796507752,0.09051883611203695,2.1325834837641655
root,aqua_respect_expected,continuous,0.7031382304076755,0.7541898465989788,0.985081447990808,0.5100588796507752,0.09051883611203695,2.1325834837641655
root,aqua_respect_expected,continuous,0.7541898465989788,0.805241462790282,0.7719638072244547,0.5100588796507752,0.09051883611203695,2.1325834837641655
root,aqua_respect_expected,continuous,0.805241462790282,0.8562930789815851,0.5357323046838071,0.5100588796507752,0.09051883611203695,2.1325834837641655
root,aqua_respect_expected,continuous,0.8562930789815851,0.9073446951728884,0.36296598193019824,0.5100588796507752,0.09051883611203695,2.1325834837641655
root,aqua_respect_expected,continuous,0.9073446951728884,0.9583963113641917,0.27384049797000387,0.5100588796507752,0.09051883611203695,2.1325834837641655
root,aqua_respect_expected,continuous,0.9583963113641917,1.0094479275554948,0.1927461015754538,0.5100588796507752,0.09051883611203695,2.1325834837641655
root,aqua_respect_expected,continuous,1.0094479275554948,1.0604995437467981,0.1553329863306245,0.5100588796507752,0.09051883611203695,2.1325834837641655
root,aqua_respect_expected,continuous,1.0604995437467981,1.1115511599381014,0.12849740105030225,0.5100588796507752,0.09051883611203695,2.1325834837641655
root,aqua_respect_expected,continuous,1.1115511599381014,1.1626027761294047,0.09696069134131037,0.5100588796507752,0.09051883611203695,2.1325834837641655
root,aqua_respect_expected,continuous,1.1626027761294047,1.2136543923207077,0.07639327196588123,0.5100588796507752,0.09051883611203695,2.1325834837641655
root,aqua_respect_expected,continuous,1.2136543923207077,1.264706008512011,0.06620750237043012,0.5100588796507752,0.09051883611203695,2.1325834837641655
root,aqua_respect_expected,continuous,1.264706008512011,1.3157576247033143,0.05876405535836993,0.5100588796507752,0.09051883611203695,2.1325834837641655
root,aqua_respect_expected,continuous,1.3157576247033143,1.3668092408946175,0.04387716133424955,0.5100588796507752,0.09051883611203695,2.1325834837641655
root,aqua_respect_expected,continuous,1.3668092408946175,1.4178608570859208,0.03760899542935676,0.5100588796507752,0.09051883611203695,2.1325834837641655
root,aqua_respect_expected,continuous,1.4178608570859208,1.4689124732772239,0.038784276536524324,0.5100588796507752,0.09051883611203695,2.1325834837641655
root,aqua_respect_expected,continuous,1.4689124732772239,1.5199640894685271,0.03232023044710346,0.5100588796507752,0.09051883611203695,2.1325834837641655
root,aqua_respect_expected,continuous,1.5199640894685271,1.5710157056598304,0.029382027679184963,0.5100588796507752,0.09051883611203695,2.1325834837641655
root,aqua_respect_expected,continuous,1.5710157056598304,1.6220673218511334,0.023701502327875972,0.5100588796507752,0.09051883611203695,2.1325834837641655
root,aqua_respect_expected,continuous,1.6220673218511334,1.6731189380424367,0.020567419375429476,0.5100588796507752,0.09051883611203695,2.1325834837641655
root,aqua_respect_expected,continuous,1.6731189380424367,1.72417055423374,0.019000377899206274,0.5100588796507752,0.09051883611203695,2.1325834837641655
root,aqua_respect_expected,continuous,1.72417055423374,1.7752221704250433,0.019196258083734177,0.5100588796507752,0.09051883611203695,2.1325834837641655
root,aqua_respect_expected,continuous,1.7752221704250433,1.8262737866163465,0.01645393550034358,0.5100588796507752,0.09051883611203695,2.1325834837641655
root,aqua_respect_expected,continuous,1.8262737866163465,1.8773254028076496,0.013711612916953043,0.5100588796507752,0.09051883611203695,2.1325834837641655
root,aqua_respect_expected,continuous,1.8773254028076496,1.9283770189989529,0.013123972363369285,0.5100588796507752,0.09051883611203695,2.1325834837641655
root,aqua_respect_expected,continuous,1.9283770189989529,1.9794286351902561,0.010773410149034487,0.5100588796507752,0.09051883611203695,2.1325834837641655
root,aqua_respect_expected,continuous,1.9794286351902561,2.030480251381559,0.008814608303755566,0.5100588796507752,0.09051883611203695,2.1325834837641655
root,aqua_respect_expected,continuous,2.030480251381559,2.0815318675728625,0.009206368672811249,0.5100588796507752,0.09051883611203695,2.1325834837641655
root,aqua_respect_expected,continuous,2.0815318675728625,2.1325834837641655,0.10871350241298483,0.5100588796507752,0.09051883611203695,2.1325834837641655
root,aqua_screaming_expected,continuous,0.0021721083228254784,0.0759290237115148,11.132108707001482,0.006403193422170179,0.0021721083228254784,2.9524487238703987
root,aqua_screaming_expected,continuous,0.0759290237115148,0.1496859391002041,0.2624838619941646,0.006403193422170179,0.0021721083228254784,2.9524487238703987
root,aqua_screaming_expected,continuous,0.1496859391002041,0.22344285448889342,0.12256477853446529,0.006403193422170179,0.0021721083228254784,2.9524487238703987
root,aqua_screaming_expected,continuous,0.22344285448889342,0.2971997698775828,0.08351759245268868,0.006403193422170179,0.0021721083228254784,2.9524487238703987
root,aqua_screaming_expected,continuous,0.2971997698775828,0.3709566852662721,0.06629886803468309,0.006403193422170179,0.0021721083228254784,2.9524487238703987
root,aqua_screaming_expected,continuous,0.3709566852662721,0.4447136006549614,0.05707939354315256,0.006403193422170179,0.0021721083228254784,2.9524487238703987
root,aqua_screaming_expected,continuous,0.4447136006549614,0.5184705160436507,0.04880898260222071,0.006403193422170179,0.0021721083228254784,2.9524487238703987
root,aqua_screaming_expected,continuous,0.5184705160436507,0.59222743143234,0.04813108006607872,0.006403193422170179,0.0021721083228254784,2.9524487238703987
root,aqua_screaming_expected,continuous,0.59222743143234,0.6659843468210294,0.04352134282031343,0.006403193422170179,0.0021721083228254784,2.9524487238703987
root,aqua_screaming_expected,continuous,0.6659843468210294,0.7397412622097187,0.04650411397933803,0.006403193422170179,0.0021721083228254784,2.9524487238703987
root,aqua_screaming_expected,continuous,0.7397412622097187,0.813498177598408,0.05124943173233171,0.006403193422170179,0.0021721083228254784,2.9524487238703987
root,aqua_screaming_expected,continuous,0.813498177598408,0.8872550929870973,0.05206291477570213,0.006403193422170179,0.0021721083228254784,2.9524487238703987
root,aqua_screaming_expected,continuous,0.8872550929870973,0.9610120083757866,0.061689130788917794,0.006403193422170179,0.0021721083228254784,2.9524487238703987
root,aqua_screaming_expected,continuous,0.9610120083757866,1.034768923764476,0.10778650324657064,0.006403193422170179,0.0021721083228254784,2.9524487238703987
root,aqua_screaming_expected,continuous,1.034768923764476,1.1085258391531654,0.0775520501346394,0.006403193422170179,0.0021721083228254784,2.9524487238703987
root,aqua_screaming_expected,continuous,1.1085258391531654,1.1822827545418546,0.06562096549854123,0.006403193422170179,0.0021721083228254784,2.9524487238703987
root,aqua_screaming_expected,continuous,1.1822827545418546,1.2560396699305438,0.06412957991902891,0.006403193422170179,0.0021721083228254784,2.9524487238703987
root,aqua_screaming_expected,continuous,1.2560396699305438,1.3297965853192333,0.07104418578767666,0.006403193422170179,0.0021721083228254784,2.9524487238703987
root,aqua_screaming_expected,continuous,1.3297965853192333,1.4035535007079225,0.07714530861295446,0.006403193422170179,0.0021721083228254784,2.9524487238703987
root,aqua_screaming_expected,continuous,1.4035535007079225,1.477310416096612,0.08189062636594789,0.006403193422170179,0.0021721083228254784,2.9524487238703987
root,aqua_screaming_expected,continuous,1.477310416096612,1.5510673314853012,0.07972133825029389,0.006403193422170179,0.0021721083228254784,2.9524487238703987
root,aqua_screaming_expected,continuous,1.5510673314853012,1.6248242468739906,0.07334905441055929,0.006403193422170179,0.0021721083228254784,2.9524487238703987
root,aqua_screaming_expected,continuous,1.6248242468739906,1.6985811622626799,0.07104418578767686,0.006403193422170179,0.0021721083228254784,2.9524487238703987
root,aqua_screaming_expected,continuous,1.6985811622626799,1.772338077651369,0.06385841890457214,0.006403193422170179,0.0021721083228254784,2.9524487238703987
root,aqua_screaming_expected,continuous,1.772338077651369,1.8460949930400585,0.06480748245517068,0.006403193422170179,0.0021721083228254784,2.9524487238703987
root,aqua_screaming_expected,continuous,1.8460949930400585,1.9198519084287478,0.07294231288887434,0.006403193422170179,0.0021721083228254784,2.9524487238703987
root,aqua_screaming_expected,continuous,1.9198519084287478,1.9936088238174372,0.09788912621889798,0.006403193422170179,0.0021721083228254784,2.9524487238703987
root,aqua_screaming_expected,continuous,1.9936088238174372,2.0673657392061267,0.07850111368523813,0.006403193422170179,0.0021721083228254784,2.9524487238703987
root,aqua_screaming_expected,continuous,2.0673657392061267,2.141122654594816,0.046775274993794885,0.006403193422170179,0.0021721083228254784,2.9524487238703987
root,aqua_screaming_expected,continuous,2.141122654594816,2.2148795699835055,0.03145467767698651,0.006403193422170179,0.0021721083228254784,2.9524487238703987
root,aqua_screaming_expected,continuous,2.2148795699835055,2.2886364853721948,0.020743817605943817,0.006403193422170179,0.0021721083228254784,2.9524487238703987
root,aqua_screaming_expected,continuous,2.2886364853721948,2.362393400760884,0.0210149786204006,0.006403193422170179,0.0021721083228254784,2.9524487238703987
root,aqua_screaming_expected,continuous,2.362393400760884,2.4361503161495732,0.014913855795123006,0.006403193422170179,0.0021721083228254784,2.9524487238703987
root,aqua_screaming_expected,continuous,2.4361503161495732,2.5099072315382625,0.012337826157783578,0.006403193422170179,0.0021721083228254784,2.9524487238703987
root,aqua_screaming_expected,continuous,2.5099072315382625,2.583664146926952,0.013558050722839015,0.006403193422170179,0.0021721083228254784,2.9524487238703987
root,aqua_screaming_expected,continuous,2.583664146926952,2.6574210623156413,0.01288014818669714,0.006403193422170179,0.0021721083228254784,2.9524487238703987
root,aqua_screaming_expected,continuous,2.6574210623156413,2.7311779777043306,0.011524343114413232,0.006403193422170179,0.0021721083228254784,2.9524487238703987
root,aqua_screaming_expected,continuous,2.7311779777043306,2.80493489309302,0.017625465939690825,0.006403193422170179,0.0021721083228254784,2.9524487238703987
root,aqua_screaming_expected,continuous,2.80493489309302,2.8786918084817095,0.022913105721597934,0.006403193422170179,0.0021721083228254784,2.9524487238703987
root,aqua_screaming_expected,continuous,2.8786918084817095,2.9524487238703987,0.10900672781162633,0.006403193422170179,0.0021721083228254784,2.9524487238703987
root,aqua_vulgarity_expected,continuous,0.0886040177971471,0.135161645278606,0.33120244381311875,1.168072077712655,0.0886040177971471,1.950909117055503
root,aqua_vulgarity_expected,continuous,0.135161645278606,0.1817192727600649,0.2706323470846495,1.168072077712655,0.0886040177971471,1.950909117055503
root,aqua_vulgarity_expected,continuous,0.1817192727600649,0.2282769002415238,0.3346390450459395,1.168072077712655,0.0886040177971471,1.950909117055503
root,aqua_vulgarity_expected,continuous,0.2282769002415238,0.27483452772298267,0.36427973067902053,1.168072077712655,0.0886040177971471,1.950909117055503
root,aqua_vulgarity_expected,continuous,0.27483452772298267,0.3213921552044416,0.3788852859185091,1.168072077712655,0.0886040177971471,1.950909117055503
root,aqua_vulgarity_expected,continuous,0.3213921552044416,0.3679497826859005,0.40122319393184525,1.168072077712655,0.0886040177971471,1.950909117055503
root,aqua_vulgarity_expected,continuous,0.3679497826859005,0.41450741016735937,0.42635334044684886,1.168072077712655,0.0886040177971471,1.950909117055503
root,aqua_vulgarity_expected,continuous,0.41450741016735937,0.4610650376488183,0.4272124907550537,1.168072077712655,0.0886040177971471,1.950909117055503
root,aqua_vulgarity_expected,continuous,0.4610650376488183,0.5076226651302772,0.4143252361319751,1.168072077712655,0.0886040177971471,1.950909117055503
root,aqua_vulgarity_expected,continuous,0.5076226651302772,0.5541802926117361,0.422272376482874,1.168072077712655,0.0886040177971471,1.950909117055503
root,aqua_vulgarity_expected,continuous,0.5541802926117361,0.6007379200931949,0.4355892062600552,1.168072077712655,0.0886040177971471,1.950909117055503
root,aqua_vulgarity_expected,continuous,0.6007379200931949,0.6472955475746539,0.4319378174501819,1.168072077712655,0.0886040177971471,1.950909117055503
root,aqua_vulgarity_expected,continuous,0.6472955475746539,0.6938531750561128,0.44847646088313375,1.168072077712655,0.0886040177971471,1.950909117055503
root,aqua_vulgarity_expected,continuous,0.6938531750561128,0.7404108025375716,0.45212784969300607,1.168072077712655,0.0886040177971471,1.950909117055503
root,aqua_vulgarity_expected,continuous,0.7404108025375716,0.7869684300190306,0.48284247321134205,1.168072077712655,0.0886040177971471,1.950909117055503
root,aqua_vulgarity_expected,continuous,0.7869684300190306,0.8335260575004895,0.5068986818410899,1.168072077712655,0.0886040177971471,1.950909117055503
root,aqua_vulgarity_expected,continuous,0.8335260575004895,0.8800836849819483,0.5260147761986564,1.168072077712655,0.0886040177971471,1.950909117055503
root,aqua_vulgarity_expected,continuous,0.8800836849819483,0.9266413124634073,0.5498561972513505,1.168072077712655,0.0886040177971471,1.950909117055503
root,aqua_vulgarity_expected,continuous,0.9266413124634073,0.9731989399448662,0.5545815239464806,1.168072077712655,0.0886040177971471,1.950909117055503
root,aqua_vulgarity_expected,continuous,0.9731989399448662,1.0197565674263251,0.5831482716943033,1.168072077712655,0.0886040177971471,1.950909117055503
root,aqua_vulgarity_expected,continuous,1.0197565674263251,1.066314194907784,0.6020495784748213,1.168072077712655,0.0886040177971471,1.950909117055503
root,aqua_vulgarity_expected,continuous,1.066314194907784,1.1128718223892426,0.6263205746816193,1.168072077712655,0.0886040177971471,1.950909117055503
root,aqua_vulgarity_expected,continuous,1.1128718223892426,1.1594294498707018,0.6533838093900781,1.168072077712655,0.0886040177971471,1.950909117055503
root,aqua_vulgarity_expected,continuous,1.1594294498707018,1.2059870773521606,0.626750149835722,1.168072077712655,0.0886040177971471,1.950909117055503
root,aqua_vulgarity_expected,continuous,1.2059870773521606,1.2525447048336193,0.635126865340723,1.168072077712655,0.0886040177971471,1.950909117055503
root,aqua_vulgarity_expected,continuous,1.2525447048336193,1.2991023323150785,0.6561760478917451,1.168072077712655,0.0886040177971471,1.950909117055503
root,aqua_vulgarity_expected,continuous,1.2991023323150785,1.3456599597965373,0.681520981983806,1.168072077712655,0.0886040177971471,1.950909117055503
root,aqua_vulgarity_expected,continuous,1.3456599597965373,1.392217587277996,0.6798026813673955,1.168072077712655,0.0886040177971471,1.950909117055503
root,aqua_vulgarity_expected,continuous,1.392217587277996,1.4387752147594552,0.6941934490298266,1.168072077712655,0.0886040177971471,1.950909117055503
root,aqua_vulgarity_expected,continuous,1.4387752147594552,1.485332842240914,0.7145982688497077,1.168072077712655,0.0886040177971471,1.950909117055503
root,aqua_vulgarity_expected,continuous,1.485332842240914,1.5318904697223727,0.714813056426759,1.168072077712655,0.0886040177971471,1.950909117055503
root,aqua_vulgarity_expected,continuous,1.5318904697223727,1.578448097203832,0.7352178762466264,1.168072077712655,0.0886040177971471,1.950909117055503
root,aqua_vulgarity_expected,continuous,1.578448097203832,1.6250057246852907,0.7270559483186837,1.168072077712655,0.0886040177971471,1.950909117055503
root,aqua_vulgarity_expected,continuous,1.6250057246852907,1.6715633521667494,0.7427354414434293,1.168072077712655,0.0886040177971471,1.950909117055503
root,aqua_vulgarity_expected,continuous,1.6715633521667494,1.7181209796482086,0.7206123210071375,1.168072077712655,0.0886040177971471,1.950909117055503
root,aqua_vulgarity_expected,continuous,1.7181209796482086,1.7646786071296674,0.6604717994327777,1.168072077712655,0.0886040177971471,1.950909117055503
root,aqua_vulgarity_expected,continuous,1.7646786071296674,1.8112362346111262,0.6162255585602078,1.168072077712655,0.0886040177971471,1.950909117055503
root,aqua_vulgarity_expected,continuous,1.8112362346111262,1.8577938620925853,0.5453456581332703,1.168072077712655,0.0886040177971471,1.950909117055503
root,aqua_vulgarity_expected,continuous,1.8577938620925853,1.904351489574044,0.38683242626940895,1.168072077712655,0.0886040177971471,1.950909117055503
root,aqua_vulgarity_expected,continuous,1.904351489574044,1.950909117055503,0.31702646372773174,1.168072077712655,0.0886040177971471,1.950909117055503
root,aqua_insult_expected,continuous,0.5557101362539474,0.5775156469248298,0.3058859799558217,1.0530346852460997,0.5557101362539474,1.4279305630892445
root,aqua_insult_expected,continuous,0.5775156469248298,0.5993211575957123,0.10043332775161161,1.0530346852460997,0.5557101362539474,1.4279305630892445
root,aqua_insult_expected,continuous,0.5993211575957123,0.6211266682665947,0.1118983195040787,1.0530346852460997,0.5557101362539474,1.4279305630892445
root,aqua_insult_expected,continuous,0.6211266682665947,0.6429321789374771,0.15729968684384835,1.0530346852460997,0.5557101362539474,1.4279305630892445
root,aqua_insult_expected,continuous,0.6429321789374771,0.6647376896083595,0.19215326177134825,1.0530346852460997,0.5557101362539474,1.4279305630892445
root,aqua_insult_expected,continuous,0.6647376896083595,0.686543200279242,0.23801322878121656,1.0530346852460997,0.5557101362539474,1.4279305630892445
root,aqua_insult_expected,continuous,0.686543200279242,0.7083487109501243,0.29717258622394827,1.0530346852460997,0.5557101362539474,1.4279305630892445
root,aqua_insult_expected,continuous,0.7083487109501243,0.7301542216210068,0.3604593406975632,1.0530346852460997,0.5557101362539474,1.4279305630892445
root,aqua_insult_expected,continuous,0.7301542216210068,0.7519597322918892,0.4567652714182908,1.0530346852460997,0.5557101362539474,1.4279305630892445
root,aqua_insult_expected,continuous,0.7519597322918892,0.7737652429627717,0.5438992087370356,1.0530346852460997,0.5557101362539474,1.4279305630892445
root,aqua_insult_expected,continuous,0.7737652429627717,0.795570753633654,0.6406637391278637,1.0530346852460997,0.5557101362539474,1.4279305630892445
root,aqua_insult_expected,continuous,0.795570753633654,0.8173762643045365,0.8195176104663469,1.0530346852460997,0.5557101362539474,1.4279305630892445
root,aqua_insult_expected,continuous,0.8173762643045365,0.8391817749754189,0.9433395213929913,1.0530346852460997,0.5557101362539474,1.4279305630892445
root,aqua_insult_expected,continuous,0.8391817749754189,0.8609872856463013,1.1217347930613792,1.0530346852460997,0.5557101362539474,1.4279305630892445
root,aqua_insult_expected,continuous,0.8609872856463013,0.8827927963171838,1.2817860779258194,1.0530346852460997,0.5557101362539474,1.4279305630892445
root,aqua_insult_expected,continuous,0.8827927963171838,0.9045983069880662,1.4730221403569705,1.0530346852460997,0.5557101362539474,1.4279305630892445
root,aqua_insult_expected,continuous,0.9045983069880662,0.9264038176589486,1.6523346113655557,1.0530346852460997,0.5557101362539474,1.4279305630892445
root,aqua_insult_expected,continuous,0.9264038176589486,0.9482093283298311,1.8334814810545355,1.0530346852460997,0.5557101362539474,1.4279305630892445
root,aqua_insult_expected,continuous,0.9482093283298311,0.9700148390007135,1.9609721893419696,1.0530346852460997,0.5557101362539474,1.4279305630892445
root,aqua_insult_expected,continuous,0.9700148390007135,0.9918203496715959,2.0577367197327914,1.0530346852460997,0.5557101362539474,1.4279305630892445
root,aqua_insult_expected,continuous,0.9918203496715959,1.0136258603424784,2.18018283164914,1.0530346852460997,0.5557101362539474,1.4279305630892445
root,aqua_insult_expected,continuous,1.0136258603424784,1.0354313710133607,2.276947362039974,1.0530346852460997,0.5557101362539474,1.4279305630892445
root,aqua_insult_expected,continuous,1.0354313710133607,1.0572368816842432,2.4003106732964956,1.0530346852460997,0.5557101362539474,1.4279305630892445
root,aqua_insult_expected,continuous,1.0572368816842432,1.0790423923551256,2.416361661749974,1.0530346852460997,0.5557101362539474,1.4279305630892445
root,aqua_insult_expected,continuous,1.0790423923551256,1.100847903026008,2.4507566370073506,1.0530346852460997,0.5557101362539474,1.4279305630892445
root,aqua_insult_expected,continuous,1.100847903026008,1.1226534136968904,2.5562345611300734,1.0530346852460997,0.5557101362539474,1.4279305630892445
root,aqua_insult_expected,continuous,1.1226534136968904,1.1444589243677727,2.4085654673582964,1.0530346852460997,0.5557101362539474,1.4279305630892445
root,aqua_insult_expected,continuous,1.1444589243677727,1.1662644350386553,2.325100327400312,1.0530346852460997,0.5557101362539474,1.4279305630892445
root,aqua_insult_expected,continuous,1.1662644350386553,1.1880699457095378,2.103596686742649,1.0530346852460997,0.5557101362539474,1.4279305630892445
root,aqua_insult_expected,continuous,1.1880699457095378,1.2098754563804202,1.7903731120652682,1.0530346852460997,0.5557101362539474,1.4279305630892445
root,aqua_insult_expected,continuous,1.2098754563804202,1.2316809670513025,1.4143213825843464,1.0530346852460997,0.5557101362539474,1.4279305630892445
root,aqua_insult_expected,continuous,1.2316809670513025,1.253486477722185,1.218499323452195,1.0530346852460997,0.5557101362539474,1.4279305630892445
root,aqua_insult_expected,continuous,1.253486477722185,1.2752919883930676,0.8947279563625263,1.0530346852460997,0.5557101362539474,1.4279305630892445
root,aqua_insult_expected,continuous,1.2752919883930676,1.2970974990639499,0.7268804771064165,1.0530346852460997,0.5557101362539474,1.4279305630892445
root,aqua_insult_expected,continuous,1.2970974990639499,1.3189030097348322,0.5594915975203963,1.0530346852460997,0.5557101362539474,1.4279305630892445
root,aqua_insult_expected,continuous,1.3189030097348322,1.3407085204057148,0.4553894724079901,1.0530346852460997,0.5557101362539474,1.4279305630892445
root,aqua_insult_expected,continuous,1.3407085204057148,1.3625140310765973,0.3439497525740106,1.0530346852460997,0.5557101362539474,1.4279305630892445
root,aqua_insult_expected,continuous,1.3625140310765973,1.3843195417474796,0.2636948103067442,1.0530346852460997,0.5557101362539474,1.4279305630892445
root,aqua_insult_expected,continuous,1.3843195417474796,1.406125052418362,0.16647168024582287,1.0530346852460997,0.5557101362539474,1.4279305630892445
root,aqua_insult_expected,continuous,1.406125052418362,1.4279305630892445,0.3595421413573658,1.0530346852460997,0.5557101362539474,1.4279305630892445
root,aqua_sarcasm_expected,continuous,0.8103718212956187,0.8310059235309143,0.29950418629935927,1.2801923984291124,0.8103718212956187,1.6357359107074416
root,aqua_sarcasm_expected,continuous,0.8310059235309143,0.8516400257662098,0.06639494097574829,1.2801923984291124,0.8103718212956187,1.6357359107074416
root,aqua_sarcasm_expected,continuous,0.8516400257662098,0.8722741280015054,0.07996470993429496,1.2801923984291124,0.8103718212956187,1.6357359107074416
root,aqua_sarcasm_expected,continuous,0.8722741280015054,0.892908230236801,0.08432642138525649,1.2801923984291124,0.8103718212956187,1.6357359107074416
root,aqua_sarcasm_expected,continuous,0.892908230236801,0.9135423324720966,0.09789619034380352,1.2801923984291124,0.8103718212956187,1.6357359107074416
root,aqua_sarcasm_expected,continuous,0.9135423324720966,0.9341764347073921,0.15023672775534283,1.2801923984291124,0.8103718212956187,1.6357359107074416
root,aqua_sarcasm_expected,continuous,0.9341764347073921,0.9548105369426877,0.18852286160267112,1.2801923984291124,0.8103718212956187,1.6357359107074416
root,aqua_sarcasm_expected,continuous,0.9548105369426877,0.9754446391779833,0.22196264939337626,1.2801923984291124,0.8103718212956187,1.6357359107074416
root,aqua_sarcasm_expected,continuous,0.9754446391779833,0.9960787414132788,0.3237359165824807,1.2801923984291124,0.8103718212956187,1.6357359107074416
root,aqua_sarcasm_expected,continuous,0.9960787414132788,1.0167128436485744,0.42841699140555595,1.2801923984291124,0.8103718212956187,1.6357359107074416
root,aqua_sarcasm_expected,continuous,1.0167128436485744,1.03734694588387,0.5505449120324792,1.2801923984291124,0.8103718212956187,1.6357359107074416
root,aqua_sarcasm_expected,continuous,1.03734694588387,1.0579810481191656,0.7230748316482913,1.2801923984291124,0.8103718212956187,1.6357359107074416
root,aqua_sarcasm_expected,continuous,1.0579810481191656,1.0786151503544612,0.9077206164056633,1.2801923984291124,0.8103718212956187,1.6357359107074416
root,aqua_sarcasm_expected,continuous,1.0786151503544612,1.0992492525897566,1.1340449772500134,1.2801923984291124,0.8103718212956187,1.6357359107074416
root,aqua_sarcasm_expected,continuous,1.0992492525897566,1.1198833548250522,1.3341990693885697,1.2801923984291124,0.8103718212956187,1.6357359107074416
root,aqua_sarcasm_expected,continuous,1.1198833548250522,1.1405174570603478,1.599294198685899,1.2801923984291124,0.8103718212956187,1.6357359107074416
root,aqua_sarcasm_expected,continuous,1.1405174570603478,1.1611515592956434,1.8348266170378225,1.2801923984291124,0.8103718212956187,1.6357359107074416
root,aqua_sarcasm_expected,continuous,1.1611515592956434,1.181785661530939,2.0679358623614337,1.2801923984291124,0.8103718212956187,1.6357359107074416
root,aqua_sarcasm_expected,continuous,1.181785661530939,1.2024197637662346,2.2249574745960494,1.2801923984291124,0.8103718212956187,1.6357359107074416
root,aqua_sarcasm_expected,continuous,1.2024197637662346,1.2230538660015302,2.445466220172438,1.2801923984291124,0.8103718212956187,1.6357359107074416
root,aqua_sarcasm_expected,continuous,1.2230538660015302,1.2436879682368258,2.5884334288428446,1.2801923984291124,0.8103718212956187,1.6357359107074416
root,aqua_sarcasm_expected,continuous,1.2436879682368258,1.2643220704721214,2.7042610995961565,1.2801923984291124,0.8103718212956187,1.6357359107074416
root,aqua_sarcasm_expected,continuous,1.2643220704721214,1.2849561727074168,2.8254197510117853,1.2801923984291124,0.8103718212956187,1.6357359107074416
root,aqua_sarcasm_expected,continuous,1.2849561727074168,1.3055902749427124,2.8564363657741483,1.2801923984291124,0.8103718212956187,1.6357359107074416
root,aqua_sarcasm_expected,continuous,1.3055902749427124,1.326224377178008,2.7784101942625026,1.2801923984291124,0.8103718212956187,1.6357359107074416
root,aqua_sarcasm_expected,continuous,1.326224377178008,1.3468584794133036,2.6199346782109,1.2801923984291124,0.8103718212956187,1.6357359107074416
root,aqua_sarcasm_expected,continuous,1.3468584794133036,1.367492581648599,2.427534739762956,1.2801923984291124,0.8103718212956187,1.6357359107074416
root,aqua_sarcasm_expected,continuous,1.367492581648599,1.3881266838838946,2.206056724975216,1.2801923984291124,0.8103718212956187,1.6357359107074416
root,aqua_sarcasm_expected,continuous,1.3881266838838946,1.4087607861191902,1.9220608460570532,1.2801923984291124,0.8103718212956187,1.6357359107074416
root,aqua_sarcasm_expected,continuous,1.4087607861191902,1.4293948883544858,1.6952518506070529,1.2801923984291124,0.8103718212956187,1.6357359107074416
root,aqua_sarcasm_expected,continuous,1.4293948883544858,1.4500289905897814,1.4146484139285271,1.2801923984291124,0.8103718212956187,1.6357359107074416
root,aqua_sarcasm_expected,continuous,1.4500289905897814,1.470663092825077,1.2794353589487193,1.2801923984291124,0.8103718212956187,1.6357359107074416
root,aqua_sarcasm_expected,continuous,1.470663092825077,1.4912971950603726,1.0516570942873942,1.2801923984291124,0.8103718212956187,1.6357359107074416
root,aqua_sarcasm_expected,continuous,1.4912971950603726,1.5119312972956682,0.8515030021488256,1.2801923984291124,0.8103718212956187,1.6357359107074416
root,aqua_sarcasm_expected,continuous,1.5119312972956682,1.5325653995309638,0.7036894474217955,1.2801923984291124,0.8103718212956187,1.6357359107074416
root,aqua_sarcasm_expected,continuous,1.5325653995309638,1.5531995017662594,0.5287363547776714,1.2801923984291124,0.8103718212956187,1.6357359107074416
root,aqua_sarcasm_expected,continuous,1.5531995017662594,1.573833604001555,0.39546183822051323,1.2801923984291124,0.8103718212956187,1.6357359107074416
root,aqua_sarcasm_expected,continuous,1.573833604001555,1.5944677062368504,0.2859344173408153,1.2801923984291124,0.8103718212956187,1.6357359107074416
root,aqua_sarcasm_expected,continuous,1.5944677062368504,1.615101808472146,0.1899767654196583,1.2801923984291124,0.8103718212956187,1.6357359107074416
root,aqua_sarcasm_expected,continuous,1.615101808472146,1.6357359107074416,0.37559181938835506,1.2801923984291124,0.8103718212956187,1.6357359107074416
root,aqua_discrimination_expected,continuous,0.4775059092350634,0.5068047233672615,0.21024741725742566,1.191935874393041,0.4775059092350634,1.6494584745229843
root,aqua_discrimination_expected,continuous,0.5068047233672615,0.5361035374994595,0.045053017983734074,1.191935874393041,0.4775059092350634,1.6494584745229843
root,aqua_discrimination_expected,continuous,0.5361035374994595,0.5654023516316575,0.05392709728356048,1.191935874393041,0.4775059092350634,1.6494584745229843
root,aqua_discrimination_expected,continuous,0.5654023516316575,0.5947011657638556,0.06792083771790211,1.191935874393041,0.4775059092350634,1.6494584745229843
root,aqua_discrimination_expected,continuous,0.5947011657638556,0.6239999798960536,0.0740644310793204,1.191935874393041,0.4775059092350634,1.6494584745229843
root,aqua_discrimination_expected,continuous,0.6239999798960536,0.6532987940282515,0.08259719963684611,1.191935874393041,0.4775059092350634,1.6494584745229843
root,aqua_discrimination_expected,continuous,0.6532987940282515,0.6825976081604496,0.1068302623402179,1.191935874393041,0.4775059092350634,1.6494584745229843
root,aqua_discrimination_expected,continuous,0.6825976081604496,0.7118964222926476,0.13345250023969712,1.191935874393041,0.4775059092350634,1.6494584745229843
root,aqua_discrimination_expected,continuous,0.7118964222926476,0.7411952364248456,0.1788468289657322,1.191935874393041,0.4775059092350634,1.6494584745229843
root,aqua_discrimination_expected,continuous,0.7411952364248456,0.7704940505570437,0.2136605246804358,1.191935874393041,0.4775059092350634,1.6494584745229843
root,aqua_discrimination_expected,continuous,0.7704940505570437,0.7997928646892417,0.27577907977922067,1.191935874393041,0.4775059092350634,1.6494584745229843
root,aqua_discrimination_expected,continuous,0.7997928646892417,0.8290916788214397,0.35223268605464814,1.191935874393041,0.4775059092350634,1.6494584745229843
root,aqua_discrimination_expected,continuous,0.8290916788214397,0.8583904929536378,0.44506920796052446,1.191935874393041,0.4775059092350634,1.6494584745229843
root,aqua_discrimination_expected,continuous,0.8583904929536378,0.8876893070858358,0.5536060240122475,1.191935874393041,0.4775059092350634,1.6494584745229843
root,aqua_discrimination_expected,continuous,0.8876893070858358,0.9169881212180337,0.6751126482714116,1.191935874393041,0.4775059092350634,1.6494584745229843
root,aqua_discrimination_expected,continuous,0.9169881212180337,0.9462869353502319,0.8406483582873985,1.191935874393041,0.4775059092350634,1.6494584745229843
root,aqua_discrimination_expected,continuous,0.9462869353502319,0.9755857494824298,0.9638615362580719,1.191935874393041,0.4775059092350634,1.6494584745229843
root,aqua_discrimination_expected,continuous,0.9755857494824298,1.004884563614628,1.1235949636549394,1.191935874393041,0.4775059092350634,1.6494584745229843
root,aqua_discrimination_expected,continuous,1.004884563614628,1.034183377746826,1.2836697017941248,1.191935874393041,0.4775059092350634,1.6494584745229843
root,aqua_discrimination_expected,continuous,1.034183377746826,1.0634821918790238,1.388110788938236,1.191935874393041,0.4775059092350634,1.6494584745229843
root,aqua_discrimination_expected,continuous,1.0634821918790238,1.092781006011222,1.5324852329315546,1.191935874393041,0.4775059092350634,1.6494584745229843
root,aqua_discrimination_expected,continuous,1.092781006011222,1.1220798201434201,1.710308129670383,1.191935874393041,0.4775059092350634,1.6494584745229843
root,aqua_discrimination_expected,continuous,1.1220798201434201,1.151378634275618,1.8475150480754048,1.191935874393041,0.4775059092350634,1.6494584745229843
root,aqua_discrimination_expected,continuous,1.151378634275618,1.180677448407816,2.0550319793944234,1.191935874393041,0.4775059092350634,1.6494584745229843
root,aqua_discrimination_expected,continuous,1.180677448407816,1.2099762625400141,2.18029302181888,1.191935874393041,0.4775059092350634,1.6494584745229843
root,aqua_discrimination_expected,continuous,1.2099762625400141,1.2392750766722123,2.098378443666636,1.191935874393041,0.4775059092350634,1.6494584745229843
root,aqua_discrimination_expected,continuous,1.2392750766722123,1.2685738908044102,2.0055419217607757,1.191935874393041,0.4775059092350634,1.6494584745229843
root,aqua_discrimination_expected,continuous,1.2685738908044102,1.2978727049366081,1.8277190250219457,1.191935874393041,0.4775059092350634,1.6494584745229843
root,aqua_discrimination_expected,continuous,1.2978727049366081,1.327171519068806,1.7171343445164162,1.191935874393041,0.4775059092350634,1.6494584745229843
root,aqua_discrimination_expected,continuous,1.327171519068806,1.3564703332010042,1.544772419654391,1.191935874393041,0.4775059092350634,1.6494584745229843
root,aqua_discrimination_expected,continuous,1.3564703332010042,1.3857691473332023,1.352955782481221,1.191935874393041,0.4775059092350634,1.6494584745229843
root,aqua_discrimination_expected,continuous,1.3857691473332023,1.4150679614654003,1.1355408396354834,1.191935874393041,0.4775059092350634,1.6494584745229843
root,aqua_discrimination_expected,continuous,1.4150679614654003,1.4443667755975982,0.9580592536389545,1.191935874393041,0.4775059092350634,1.6494584745229843
root,aqua_discrimination_expected,continuous,1.4443667755975982,1.4736655897297963,0.808906459253404,1.191935874393041,0.4775059092350634,1.6494584745229843
root,aqua_discrimination_expected,continuous,1.4736655897297963,1.5029644038619945,0.6542926929910445,1.191935874393041,0.4775059092350634,1.6494584745229843
root,aqua_discrimination_expected,continuous,1.5029644038619945,1.5322632179941924,0.5150379101322347,1.191935874393041,0.4775059092350634,1.6494584745229843
root,aqua_discrimination_expected,continuous,1.5322632179941924,1.5615620321263903,0.36042414386987387,1.191935874393041,0.4775059092350634,1.6494584745229843
root,aqua_discrimination_expected,continuous,1.5615620321263903,1.5908608462585883,0.2754377690369207,1.191935874393041,0.4775059092350634,1.6494584745229843
root,aqua_discrimination_expected,continuous,1.5908608462585883,1.6201596603907866,0.19386450162697472,1.191935874393041,0.4775059092350634,1.6494584745229843
root,aqua_discrimination_expected,continuous,1.6201596603907866,1.6494584745229843,0.2890901987289636,1.191935874393041,0.4775059092350634,1.6494584745229843
root,aqua_storytelling_expected,continuous,0.023728133380729658,0.09340571304872343,2.184490344315408,0.4254660501972114,0.023728133380729658,2.8108313201004806
root,aqua_storytelling_expected,continuous,0.09340571304872343,0.1630832927167172,1.7568061431420348,0.4254660501972114,0.023728133380729658,2.8108313201004806
root,aqua_storytelling_expected,continuous,0.1630832927167172,0.232760872384711,1.2098583274803816,0.4254660501972114,0.023728133380729658,2.8108313201004806
root,aqua_storytelling_expected,continuous,0.232760872384711,0.30243845205270475,0.8847896309509554,0.4254660501972114,0.023728133380729658,2.8108313201004806
root,aqua_storytelling_expected,continuous,0.30243845205270475,0.3721160317206985,0.6976419133905263,0.4254660501972114,0.023728133380729658,2.8108313201004806
root,aqua_storytelling_expected,continuous,0.3721160317206985,0.44179361138869233,0.5673273984021289,0.4254660501972114,0.023728133380729658,2.8108313201004806
root,aqua_storytelling_expected,continuous,0.44179361138869233,0.5114711910566861,0.47547575788167284,0.4254660501972114,0.023728133380729658,2.8108313201004806
root,aqua_storytelling_expected,continuous,0.5114711910566861,0.5811487707246799,0.4182120007447018,0.4254660501972114,0.023728133380729658,2.8108313201004806
root,aqua_storytelling_expected,continuous,0.5811487707246799,0.6508263503926737,0.3412862518088192,0.4254660501972114,0.023728133380729658,2.8108313201004806
root,aqua_storytelling_expected,continuous,0.6508263503926737,0.7205039300606674,0.3210501872566568,0.4254660501972114,0.023728133380729658,2.8108313201004806
root,aqua_storytelling_expected,continuous,0.7205039300606674,0.7901815097286612,0.29349469510051945,0.4254660501972114,0.023728133380729658,2.8108313201004806
root,aqua_storytelling_expected,continuous,0.7901815097286612,0.859859089396655,0.2624947664248656,0.4254660501972114,0.023728133380729658,2.8108313201004806
root,aqua_storytelling_expected,continuous,0.859859089396655,0.9295366690646487,0.25417071150269965,0.4254660501972114,0.023728133380729658,2.8108313201004806
root,aqua_storytelling_expected,continuous,0.9295366690646487,0.9992142487326425,0.22747632847644175,0.4254660501972114,0.023728133380729658,2.8108313201004806
root,aqua_storytelling_expected,continuous,0.9992142487326425,1.0688918284006363,0.22230967369716612,0.4254660501972114,0.023728133380729658,2.8108313201004806
root,aqua_storytelling_expected,continuous,1.0688918284006363,1.1385694080686302,0.19432362697608965,0.4254660501972114,0.023728133380729658,2.8108313201004806
root,aqua_storytelling_expected,continuous,1.1385694080686302,1.208246987736624,0.18399031741753835,0.4254660501972114,0.023728133380729658,2.8108313201004806
root,aqua_storytelling_expected,continuous,1.208246987736624,1.2779245674046178,0.18585605386561013,0.4254660501972114,0.023728133380729658,2.8108313201004806
root,aqua_storytelling_expected,continuous,1.2779245674046178,1.3476021470726114,0.17035608952778372,0.4254660501972114,0.023728133380729658,2.8108313201004806
root,aqua_storytelling_expected,continuous,1.3476021470726114,1.4172797267406052,0.15758297076790728,0.4254660501972114,0.023728133380729658,2.8108313201004806
root,aqua_storytelling_expected,continuous,1.4172797267406052,1.486957306408599,0.15055057954055986,0.4254660501972114,0.023728133380729658,2.8108313201004806
root,aqua_storytelling_expected,continuous,1.486957306408599,1.5566348860765928,0.15299038874188448,0.4254660501972114,0.023728133380729658,2.8108313201004806
root,aqua_storytelling_expected,continuous,1.5566348860765928,1.6263124657445867,0.1478237339626088,0.4254660501972114,0.023728133380729658,2.8108313201004806
root,aqua_storytelling_expected,continuous,1.6263124657445867,1.6959900454125805,0.14366170650152568,0.4254660501972114,0.023728133380729658,2.8108313201004806
root,aqua_storytelling_expected,continuous,1.6959900454125805,1.765667625080574,0.13978671541706938,0.4254660501972114,0.023728133380729658,2.8108313201004806
root,aqua_storytelling_expected,continuous,1.765667625080574,1.8353452047485679,0.13648579708586506,0.4254660501972114,0.023728133380729658,2.8108313201004806
root,aqua_storytelling_expected,continuous,1.8353452047485679,1.9050227844165617,0.13662931527417826,0.4254660501972114,0.023728133380729658,2.8108313201004806
root,aqua_storytelling_expected,continuous,1.9050227844165617,1.9747003640845555,0.14466633381971813,0.4254660501972114,0.023728133380729658,2.8108313201004806
root,aqua_storytelling_expected,continuous,1.9747003640845555,2.0443779437525493,0.1417959700534539,0.4254660501972114,0.023728133380729658,2.8108313201004806
root,aqua_storytelling_expected,continuous,2.0443779437525493,2.114055523420543,0.14567096113791111,0.4254660501972114,0.023728133380729658,2.8108313201004806
root,aqua_storytelling_expected,continuous,2.114055523420543,2.183733103088537,0.14064782454694777,0.4254660501972114,0.023728133380729658,2.8108313201004806
root,aqua_storytelling_expected,continuous,2.183733103088537,2.2534106827565306,0.14925891584574144,0.4254660501972114,0.023728133380729658,2.8108313201004806
root,aqua_storytelling_expected,continuous,2.2534106827565306,2.323088262424524,0.15543019794320959,0.4254660501972114,0.023728133380729658,2.8108313201004806
root,aqua_storytelling_expected,continuous,2.323088262424524,2.392765842092518,0.15586075250814824,0.4254660501972114,0.023728133380729658,2.8108313201004806
root,aqua_storytelling_expected,continuous,2.392765842092518,2.462443421760512,0.17767551713175758,0.4254660501972114,0.023728133380729658,2.8108313201004806
root,aqua_storytelling_expected,continuous,2.462443421760512,2.532121001428506,0.18155050821621316,0.4254660501972114,0.023728133380729658,2.8108313201004806
root,aqua_storytelling_expected,continuous,2.532121001428506,2.6017985810964994,0.19547177248259598,0.4254660501972114,0.023728133380729658,2.8108313201004806
root,aqua_storytelling_expected,continuous,2.6017985810964994,2.671476160764493,0.2210180100023479,0.4254660501972114,0.023728133380729658,2.8108313201004806
root,aqua_storytelling_expected,continuous,2.671476160764493,2.741153740432487,0.23752260165836586,0.4254660501972114,0.023728133380729658,2.8108313201004806
root,aqua_storytelling_expected,continuous,2.741153740432487,2.8108313201004806,0.28832804032124476,0.4254660501972114,0.023728133380729658,2.8108313201004806
root,sentiment_neutral,continuous,0.030024308431893586,0.05155487772030756,2.432820019681816,0.2683192640542984,0.030024308431893586,0.8912470799684528
root,sentiment_neutral,continuous,0.05155487772030756,0.07308544700872155,2.7087068260374854,0.2683192640542984,0.030024308431893586,0.8912470799684528
root,sentiment_neutral,continuous,0.07308544700872155,0.09461601629713552,2.556365289868026,0.2683192640542984,0.030024308431893586,0.8912470799684528
root,sentiment_neutral,continuous,0.09461601629713552,0.11614658558554951,2.469976491918269,0.2683192640542984,0.030024308431893586,0.8912470799684528
root,sentiment_neutral,continuous,0.11614658558554951,0.13767715487396348,2.261900247394129,0.2683192640542984,0.030024308431893586,0.8912470799684528
root,sentiment_neutral,continuous,0.13767715487396348,0.15920772416237744,2.1021274167773787,0.2683192640542984,0.030024308431893586,0.8912470799684528
root,sentiment_neutral,continuous,0.15920772416237744,0.18073829345079143,1.9163450555951067,0.2683192640542984,0.030024308431893586,0.8912470799684528
root,sentiment_neutral,continuous,0.18073829345079143,0.2022688627392054,1.842032111122199,0.2683192640542984,0.030024308431893586,0.8912470799684528
root,sentiment_neutral,continuous,0.2022688627392054,0.2237994320276194,1.7082688110709654,0.2683192640542984,0.030024308431893586,0.8912470799684528
root,sentiment_neutral,continuous,0.2237994320276194,0.24533000131603339,1.5875102763024904,0.2683192640542984,0.030024308431893586,0.8912470799684528
root,sentiment_neutral,continuous,0.24533000131603339,0.26686057060444734,1.5262020971123436,0.2683192640542984,0.030024308431893586,0.8912470799684528
root,sentiment_neutral,continuous,0.26686057060444734,0.2883911398928613,1.4732541241753965,0.2683192640542984,0.030024308431893586,0.8912470799684528
root,sentiment_neutral,continuous,0.2883911398928613,0.3099217091812753,1.348779942183273,0.2683192640542984,0.030024308431893586,0.8912470799684528
root,sentiment_neutral,continuous,0.3099217091812753,0.3314522784696893,1.3552823248246557,0.2683192640542984,0.030024308431893586,0.8912470799684528
root,sentiment_neutral,continuous,0.3314522784696893,0.3529828477581033,1.2661067914571629,0.2683192640542984,0.030024308431893586,0.8912470799684528
root,sentiment_neutral,continuous,0.3529828477581033,0.37451341704651725,1.186684832051746,0.2683192640542984,0.030024308431893586,0.8912470799684528
root,sentiment_neutral,continuous,0.37451341704651725,0.3960439863349312,1.179717993507411,0.2683192640542984,0.030024308431893586,0.8912470799684528
root,sentiment_neutral,continuous,0.3960439863349312,0.4175745556233452,1.1156230788995252,0.2683192640542984,0.030024308431893586,0.8912470799684528
root,sentiment_neutral,continuous,0.4175745556233452,0.4391051249117592,1.0817177979837638,0.2683192640542984,0.030024308431893586,0.8912470799684528
root,sentiment_neutral,continuous,0.4391051249117592,0.4606356942001732,1.0329499281734154,0.2683192640542984,0.030024308431893586,0.8912470799684528
root,sentiment_neutral,continuous,0.4606356942001732,0.48216626348858715,0.9948645441310529,0.2683192640542984,0.030024308431893586,0.8912470799684528
root,sentiment_neutral,continuous,0.48216626348858715,0.5036968327770012,0.9056890107635612,0.2683192640542984,0.030024308431893586,0.8912470799684528
root,sentiment_neutral,continuous,0.5036968327770012,0.5252274020654152,0.910333569793118,0.2683192640542984,0.030024308431893586,0.8912470799684528
root,sentiment_neutral,continuous,0.5252274020654152,0.5467579713538291,0.8717837298478016,0.2683192640542984,0.030024308431893586,0.8912470799684528
root,sentiment_neutral,continuous,0.5467579713538291,0.5682885406422431,0.7770347256448399,0.2683192640542984,0.030024308431893586,0.8912470799684528
root,sentiment_neutral,continuous,0.5682885406422431,0.5898191099306571,0.7408071652142975,0.2683192640542984,0.030024308431893586,0.8912470799684528
root,sentiment_neutral,continuous,0.5898191099306571,0.6113496792190711,0.7013284134630654,0.2683192640542984,0.030024308431893586,0.8912470799684528
root,sentiment_neutral,continuous,0.6113496792190711,0.632880248507485,0.675318882897551,0.2683192640542984,0.030024308431893586,0.8912470799684528
root,sentiment_neutral,continuous,0.632880248507485,0.654410817795899,0.6530249995556754,0.2683192640542984,0.030024308431893586,0.8912470799684528
root,sentiment_neutral,continuous,0.654410817795899,0.6759413870843131,0.5945035557832606,0.2683192640542984,0.030024308431893586,0.8912470799684528
root,sentiment_neutral,continuous,0.6759413870843131,0.697471956372727,0.572674128344347,0.2683192640542984,0.030024308431893586,0.8912470799684528
root,sentiment_neutral,continuous,0.697471956372727,0.719002525661141,0.5331953765931119,0.2683192640542984,0.030024308431893586,0.8912470799684528
root,sentiment_neutral,continuous,0.719002525661141,0.740533094949555,0.5127593168630623,0.2683192640542984,0.030024308431893586,0.8912470799684528
root,sentiment_neutral,continuous,0.740533094949555,0.7620636642379689,0.48210522726799043,0.2683192640542984,0.030024308431893586,0.8912470799684528
root,sentiment_neutral,continuous,0.7620636642379689,0.7835942335263829,0.45145113767291356,0.2683192640542984,0.030024308431893586,0.8912470799684528
root,sentiment_neutral,continuous,0.7835942335263829,0.8051248028147969,0.43008616613695266,0.2683192640542984,0.030024308431893586,0.8912470799684528
root,sentiment_neutral,continuous,0.8051248028147969,0.8266553721032108,0.3975742529300576,0.2683192640542984,0.030024308431893586,0.8912470799684528
root,sentiment_neutral,continuous,0.8266553721032108,0.8481859413916248,0.3371949855458182,0.2683192640542984,0.030024308431893586,0.8912470799684528
root,sentiment_neutral,continuous,0.8481859413916248,0.8697165106800389,0.2967873219886747,0.2683192640542984,0.030024308431893586,0.8912470799684528
root,sentiment_neutral,continuous,0.8697165106800389,0.8912470799684528,0.45470232899360563,0.2683192640542984,0.030024308431893586,0.8912470799684528
root,toxicity_mean_probability,continuous,0.000624953567457851,0.02558166876235191,28.51977892289368,0.0033757275668904185,0.000624953567457851,0.9988935613632202
root,toxicity_mean_probability,continuous,0.02558166876235191,0.05053838395724596,1.2910352884337903,0.0033757275668904185,0.000624953567457851,0.9988935613632202
root,toxicity_mean_probability,continuous,0.05053838395724596,0.07549509915214002,0.7016147703437512,0.0033757275668904185,0.000624953567457851,0.9988935613632202
root,toxicity_mean_probability,continuous,0.07549509915214002,0.10045181434703408,0.4331499524509394,0.0033757275668904185,0.000624953567457851,0.9988935613632202
root,toxicity_mean_probability,continuous,0.10045181434703408,0.12540852954192813,0.32536333153576596,0.0033757275668904185,0.000624953567457851,0.9988935613632202
root,toxicity_mean_probability,continuous,0.12540852954192813,0.15036524473682217,0.2616530240059794,0.0033757275668904185,0.000624953567457851,0.9988935613632202
root,toxicity_mean_probability,continuous,0.15036524473682217,0.17532195993171623,0.22559058578157157,0.0033757275668904185,0.000624953567457851,0.9988935613632202
root,toxicity_mean_probability,continuous,0.17532195993171623,0.2002786751266103,0.20675797915326988,0.0033757275668904185,0.000624953567457851,0.9988935613632202
root,toxicity_mean_probability,continuous,0.2002786751266103,0.22523539032150436,0.17951080360593974,0.0033757275668904185,0.000624953567457851,0.9988935613632202
root,toxicity_mean_probability,continuous,0.22523539032150436,0.2501921055163984,0.14545183417177704,0.0033757275668904185,0.000624953567457851,0.9988935613632202
root,toxicity_mean_probability,continuous,0.2501921055163984,0.2751488207112925,0.12541714626932843,0.0033757275668904185,0.000624953567457851,0.9988935613632202
root,toxicity_mean_probability,continuous,0.2751488207112925,0.3001055359061865,0.1270199213015246,0.0033757275668904185,0.000624953567457851,0.9988935613632202
root,toxicity_mean_probability,continuous,0.3001055359061865,0.32506225110108056,0.12862269633372023,0.0033757275668904185,0.000624953567457851,0.9988935613632202
root,toxicity_mean_probability,continuous,0.32506225110108056,0.3500189662959746,0.11539980231810411,0.0033757275668904185,0.000624953567457851,0.9988935613632202
root,toxicity_mean_probability,continuous,0.3500189662959746,0.3749756814908687,0.11019078346346747,0.0033757275668904185,0.000624953567457851,0.9988935613632202
root,toxicity_mean_probability,continuous,0.3749756814908687,0.39993239668576275,0.10418037709273287,0.0033757275668904185,0.000624953567457851,0.9988935613632202
root,toxicity_mean_probability,continuous,0.39993239668576275,0.4248891118806568,0.10337898957663494,0.0033757275668904185,0.000624953567457851,0.9988935613632202
root,toxicity_mean_probability,continuous,0.4248891118806568,0.4498458270755509,0.09416303314150856,0.0033757275668904185,0.000624953567457851,0.9988935613632202
root,toxicity_mean_probability,continuous,0.4498458270755509,0.47480254227044494,0.10778662091517363,0.0033757275668904185,0.000624953567457851,0.9988935613632202
root,toxicity_mean_probability,continuous,0.47480254227044494,0.499759257465339,0.0993720519961452,0.0033757275668904185,0.000624953567457851,0.9988935613632202
root,toxicity_mean_probability,continuous,0.499759257465339,0.5247159726602331,0.09736858320590035,0.0033757275668904185,0.000624953567457851,0.9988935613632202
root,toxicity_mean_probability,continuous,0.5247159726602331,0.5496726878551271,0.08414568919028424,0.0033757275668904185,0.000624953567457851,0.9988935613632202
root,toxicity_mean_probability,continuous,0.5496726878551271,0.5746294030500212,0.09776927696394933,0.0033757275668904185,0.000624953567457851,0.9988935613632202
root,toxicity_mean_probability,continuous,0.5746294030500212,0.5995861182449151,0.09456372689955796,0.0033757275668904185,0.000624953567457851,0.9988935613632202
root,toxicity_mean_probability,continuous,0.5995861182449151,0.6245428334398092,0.09256025810931268,0.0033757275668904185,0.000624953567457851,0.9988935613632202
root,toxicity_mean_probability,continuous,0.6245428334398092,0.6494995486347033,0.08895401428687191,0.0033757275668904185,0.000624953567457851,0.9988935613632202
root,toxicity_mean_probability,continuous,0.6494995486347033,0.6744562638295973,0.10498176460883082,0.0033757275668904185,0.000624953567457851,0.9988935613632202
root,toxicity_mean_probability,continuous,0.6744562638295973,0.6994129790244914,0.1037796833346839,0.0033757275668904185,0.000624953567457851,0.9988935613632202
root,toxicity_mean_probability,continuous,0.6994129790244914,0.7243696942193855,0.11259494601176129,0.0033757275668904185,0.000624953567457851,0.9988935613632202
root,toxicity_mean_probability,continuous,0.7243696942193855,0.7493264094142795,0.11299563976981028,0.0033757275668904185,0.000624953567457851,0.9988935613632202
root,toxicity_mean_probability,continuous,0.7493264094142795,0.7742831246091736,0.1186053523824959,0.0033757275668904185,0.000624953567457851,0.9988935613632202
root,toxicity_mean_probability,continuous,0.7742831246091736,0.7992398398040677,0.12341367747908356,0.0033757275668904185,0.000624953567457851,0.9988935613632202
root,toxicity_mean_probability,continuous,0.7992398398040677,0.8241965549989617,0.14545183417177704,0.0033757275668904185,0.000624953567457851,0.9988935613632202
root,toxicity_mean_probability,continuous,0.8241965549989617,0.8491532701938558,0.16107889073568699,0.0033757275668904185,0.000624953567457851,0.9988935613632202
root,toxicity_mean_probability,continuous,0.8491532701938558,0.8741099853887498,0.18672329125082124,0.0033757275668904185,0.000624953567457851,0.9988935613632202
root,toxicity_mean_probability,continuous,0.8741099853887498,0.8990667005836439,0.24402249865182432,0.0033757275668904185,0.000624953567457851,0.9988935613632202
root,toxicity_mean_probability,continuous,0.8990667005836439,0.924023415778538,0.32015431268112915,0.0033757275668904185,0.000624953567457851,0.9988935613632202
root,toxicity_mean_probability,continuous,0.924023415778538,0.948980130973432,0.4900484660938935,0.0033757275668904185,0.000624953567457851,0.9988935613632202
root,toxicity_mean_probability,continuous,0.948980130973432,0.9739368461683261,1.096298122021989,0.0033757275668904185,0.000624953567457851,0.9988935613632202
root,toxicity_mean_probability,continuous,0.9739368461683261,0.9988935613632202,2.7884278622628003,0.0033757275668904185,0.000624953567457851,0.9988935613632202
root,aqua_score_expected,continuous,1.1121491969583674,1.1608484010776028,0.21889474772318682,2.2515771144361247,1.1121491969583674,3.0601173617277855
root,aqua_score_expected,continuous,1.1608484010776028,1.2095476051968383,0.1975391625794604,2.2515771144361247,1.1121491969583674,3.0601173617277855
root,aqua_score_expected,continuous,1.2095476051968383,1.258246809316074,0.26386468182391537,2.2515771144361247,1.1121491969583674,3.0601173617277855
root,aqua_score_expected,continuous,1.258246809316074,1.3069460134353093,0.30801324726527224,2.2515771144361247,1.1121491969583674,3.0601173617277855
root,aqua_score_expected,continuous,1.3069460134353093,1.3556452175545446,0.2989781920121576,2.2515771144361247,1.1121491969583674,3.0601173617277855
root,aqua_score_expected,continuous,1.3556452175545446,1.4043444216737802,0.3057544834519922,2.2515771144361247,1.1121491969583674,3.0601173617277855
root,aqua_score_expected,continuous,1.4043444216737802,1.4530436257930157,0.30986132674886246,2.2515771144361247,1.1121491969583674,3.0601173617277855
root,aqua_score_expected,continuous,1.4530436257930157,1.501742829912251,0.3211551458152572,2.2515771144361247,1.1121491969583674,3.0601173617277855
root,aqua_score_expected,continuous,1.501742829912251,1.5504420340314864,0.32300322529884884,2.2515771144361247,1.1121491969583674,3.0601173617277855
root,aqua_score_expected,continuous,1.5504420340314864,1.599141238150722,0.35154578621209576,2.2515771144361247,1.1121491969583674,3.0601173617277855
root,aqua_score_expected,continuous,1.599141238150722,1.6478404422699575,0.3667411064105159,2.2515771144361247,1.1121491969583674,3.0601173617277855
root,aqua_score_expected,continuous,1.6478404422699575,1.6965396463891929,0.38994477103783465,2.2515771144361247,1.1121491969583674,3.0601173617277855
root,aqua_score_expected,continuous,1.6965396463891929,1.7452388505084282,0.42793307153388493,2.2515771144361247,1.1121491969583674,3.0601173617277855
root,aqua_score_expected,continuous,1.7452388505084282,1.7939380546276638,0.44189633874324197,2.2515771144361247,1.1121491969583674,3.0601173617277855
root,aqua_score_expected,continuous,1.7939380546276638,1.8426372587468993,0.4757777959424217,2.2515771144361247,1.1121491969583674,3.0601173617277855
root,aqua_score_expected,continuous,1.8426372587468993,1.8913364628661347,0.5191049927244056,2.2515771144361247,1.1121491969583674,3.0601173617277855
root,aqua_score_expected,continuous,1.8913364628661347,1.94003566698537,0.5427193416814097,2.2515771144361247,1.1121491969583674,3.0601173617277855
root,aqua_score_expected,continuous,1.94003566698537,1.9887348711046056,0.5778328518696482,2.2515771144361247,1.1121491969583674,3.0601173617277855
root,aqua_score_expected,continuous,1.9887348711046056,2.037434075223841,0.6180799161789768,2.2515771144361247,1.1121491969583674,3.0601173617277855
root,aqua_score_expected,continuous,2.037434075223841,2.0861332793430765,0.6373820796742701,2.2515771144361247,1.1121491969583674,3.0601173617277855
root,aqua_score_expected,continuous,2.0861332793430765,2.134832483462312,0.6706475103789193,2.2515771144361247,1.1121491969583674,3.0601173617277855
root,aqua_score_expected,continuous,2.134832483462312,2.1835316875815476,0.6926191220171692,2.2515771144361247,1.1121491969583674,3.0601173617277855
root,aqua_score_expected,continuous,2.1835316875815476,2.232230891700783,0.7209563407655806,2.2515771144361247,1.1121491969583674,3.0601173617277855
root,aqua_score_expected,continuous,2.232230891700783,2.2809300958200183,0.7265005792163556,2.2515771144361247,1.1121491969583674,3.0601173617277855
root,aqua_score_expected,continuous,2.2809300958200183,2.3296292999392536,0.7704438024928677,2.2515771144361247,1.1121491969583674,3.0601173617277855
root,aqua_score_expected,continuous,2.3296292999392536,2.378328504058489,0.7961115730983069,2.2515771144361247,1.1121491969583674,3.0601173617277855
root,aqua_score_expected,continuous,2.378328504058489,2.4270277081777247,0.8180831847365557,2.2515771144361247,1.1121491969583674,3.0601173617277855
root,aqua_score_expected,continuous,2.4270277081777247,2.47572691229696,0.8119229197912577,2.2515771144361247,1.1121491969583674,3.0601173617277855
root,aqua_score_expected,continuous,2.47572691229696,2.5244261164161954,0.8540180635841782,2.2515771144361247,1.1121491969583674,3.0601173617277855
root,aqua_score_expected,continuous,2.5244261164161954,2.573125320535431,0.8359479530779413,2.2515771144361247,1.1121491969583674,3.0601173617277855
root,aqua_score_expected,continuous,2.573125320535431,2.6218245246546665,0.8254755026709297,2.2515771144361247,1.1121491969583674,3.0601173617277855
root,aqua_score_expected,continuous,2.6218245246546665,2.670523728773902,0.7872818600100359,2.2515771144361247,1.1121491969583674,3.0601173617277855
root,aqua_score_expected,continuous,2.670523728773902,2.719222932893137,0.7308127646780693,2.2515771144361247,1.1121491969583674,3.0601173617277855
root,aqua_score_expected,continuous,2.719222932893137,2.7679221370123726,0.6525773998726901,2.2515771144361247,1.1121491969583674,3.0601173617277855
root,aqua_score_expected,continuous,2.7679221370123726,2.8166213411316083,0.5359430502415689,2.2515771144361247,1.1121491969583674,3.0601173617277855
root,aqua_score_expected,continuous,2.8166213411316083,2.8653205452508437,0.45154742049088914,2.2515771144361247,1.1121491969583674,3.0601173617277855
root,aqua_score_expected,continuous,2.8653205452508437,2.914019749370079,0.33552909735430325,2.2515771144361247,1.1121491969583674,3.0601173617277855
root,aqua_score_expected,continuous,2.914019749370079,2.962718953489315,0.2577044168786088,2.2515771144361247,1.1121491969583674,3.0601173617277855
root,aqua_score_expected,continuous,2.962718953489315,3.01141815760855,0.1577027825998194,2.2515771144361247,1.1121491969583674,3.0601173617277855
root,aqua_score_expected,continuous,3.01141815760855,3.0601173617277855,0.20636887566773243,2.2515771144361247,1.1121491969583674,3.0601173617277855
all,log_words,continuous,0.6931471805599453,0.7978885491106059,0.15753088038008006,3.1354942159291497,0.6931471805599453,4.882801922586371
all,log_words,continuous,0.7978885491106059,0.9026299176612665,0.0,3.1354942159291497,0.6931471805599453,4.882801922586371
all,log_words,continuous,0.9026299176612665,1.007371286211927,0.0,3.1354942159291497,0.6931471805599453,4.882801922586371
all,log_words,continuous,1.007371286211927,1.112112654762588,0.1532345836424412,3.1354942159291497,0.6931471805599453,4.882801922586371
all,log_words,continuous,1.112112654762588,1.2168540233132483,0.0,3.1354942159291497,0.6931471805599453,4.882801922586371
all,log_words,continuous,1.2168540233132483,1.3215953918639092,0.0,3.1354942159291497,0.6931471805599453,4.882801922586371
all,log_words,continuous,1.3215953918639092,1.4263367604145696,0.16650536689870318,3.1354942159291497,0.6931471805599453,4.882801922586371
all,log_words,continuous,1.4263367604145696,1.5310781289652304,0.0,3.1354942159291497,0.6931471805599453,4.882801922586371
all,log_words,continuous,1.5310781289652304,1.6358194975158908,0.21042306688345286,3.1354942159291497,0.6931471805599453,4.882801922586371
all,log_words,continuous,1.6358194975158908,1.7405608660665517,0.0,3.1354942159291497,0.6931471805599453,4.882801922586371
all,log_words,continuous,1.7405608660665517,1.845302234617212,0.24183376969863254,3.1354942159291497,0.6931471805599453,4.882801922586371
all,log_words,continuous,1.845302234617212,1.950043603167873,0.27076216773206435,3.1354942159291497,0.6931471805599453,4.882801922586371
all,log_words,continuous,1.950043603167873,2.0547849717185334,0.0,3.1354942159291497,0.6931471805599453,4.882801922586371
all,log_words,continuous,2.0547849717185334,2.159526340269194,0.273244472513811,3.1354942159291497,0.6931471805599453,4.882801922586371
all,log_words,continuous,2.159526340269194,2.2642677088198546,0.27773171577312356,3.1354942159291497,0.6931471805599453,4.882801922586371
all,log_words,continuous,2.2642677088198546,2.3690090773705155,0.2663703977335894,3.1354942159291497,0.6931471805599453,4.882801922586371
all,log_words,continuous,2.3690090773705155,2.473750445921176,0.2646518790385351,3.1354942159291497,0.6931471805599453,4.882801922586371
all,log_words,continuous,2.473750445921176,2.5784918144718367,0.5073449080846931,3.1354942159291497,0.6931471805599453,4.882801922586371
all,log_words,continuous,2.5784918144718367,2.683233183022497,0.24517533382790693,3.1354942159291497,0.6931471805599453,4.882801922586371
all,log_words,continuous,2.683233183022497,2.787974551573158,0.45302062266877474,3.1354942159291497,0.6931471805599453,4.882801922586371
all,log_words,continuous,2.787974551573158,2.892715920123819,0.41769551615930234,3.1354942159291497,0.6931471805599453,4.882801922586371
all,log_words,continuous,2.892715920123819,2.9974572886744792,0.376928433782156,3.1354942159291497,0.6931471805599453,4.882801922586371
all,log_words,continuous,2.9974572886744792,3.1021986572251397,0.3508642335738154,3.1354942159291497,0.6931471805599453,4.882801922586371
all,log_words,continuous,3.1021986572251397,3.2069400257758005,0.3304329557548218,3.1354942159291497,0.6931471805599453,4.882801922586371
all,log_words,continuous,3.2069400257758005,3.3116813943264614,0.42772020854712556,3.1354942159291497,0.6931471805599453,4.882801922586371
all,log_words,continuous,3.3116813943264614,3.4164227628771218,0.38933995769088964,3.1354942159291497,0.6931471805599453,4.882801922586371
all,log_words,continuous,3.4164227628771218,3.521164131427782,0.3416988005335198,3.1354942159291497,0.6931471805599453,4.882801922586371
all,log_words,continuous,3.521164131427782,3.625905499978443,0.3948774068193998,3.1354942159291497,0.6931471805599453,4.882801922586371
all,log_words,continuous,3.625905499978443,3.730646868529104,0.33807081662173477,3.1354942159291497,0.6931471805599453,4.882801922586371
all,log_words,continuous,3.730646868529104,3.8353882370797643,0.35964777357076533,3.1354942159291497,0.6931471805599453,4.882801922586371
all,log_words,continuous,3.8353882370797643,3.9401296056304247,0.3013136111997174,3.1354942159291497,0.6931471805599453,4.882801922586371
all,log_words,continuous,3.9401296056304247,4.0448709741810855,0.30054982511302486,3.1354942159291497,0.6931471805599453,4.882801922586371
all,log_words,continuous,4.0448709741810855,4.149612342731746,0.2468938525229613,3.1354942159291497,0.6931471805599453,4.882801922586371
all,log_words,continuous,4.149612342731746,4.254353711282406,0.2475621653488183,3.1354942159291497,0.6931471805599453,4.882801922586371
all,log_words,continuous,4.254353711282406,4.359095079833067,0.2203522860104388,3.1354942159291497,0.6931471805599453,4.882801922586371
all,log_words,continuous,4.359095079833067,4.463836448383728,0.1916148344986788,3.1354942159291497,0.6931471805599453,4.882801922586371
all,log_words,continuous,4.463836448383728,4.568577816934389,0.19906174884391895,3.1354942159291497,0.6931471805599453,4.882801922586371
all,log_words,continuous,4.568577816934389,4.673319185485049,0.21491031014276515,3.1354942159291497,0.6931471805599453,4.882801922586371
all,log_words,continuous,4.673319185485049,4.77806055403571,0.22398026992222247,3.1354942159291497,0.6931471805599453,4.882801922586371
all,log_words,continuous,4.77806055403571,4.882801922586371,0.18598191210933052,3.1354942159291497,0.6931471805599453,4.882801922586371
all,sentiment_positive,continuous,0.011299902643077075,0.034212289973278534,15.086162564316284,0.04967459477484226,0.011299902643077075,0.9277953958511355
all,sentiment_positive,continuous,0.034212289973278534,0.05712467730347999,8.89387897748184,0.04967459477484226,0.011299902643077075,0.9277953958511355
all,sentiment_positive,continuous,0.05712467730347999,0.08003706463368146,4.061994878958849,0.04967459477484226,0.011299902643077075,0.9277953958511355
all,sentiment_positive,continuous,0.08003706463368146,0.10294945196388292,2.2725698221487853,0.04967459477484226,0.011299902643077075,0.9277953958511355
all,sentiment_positive,continuous,0.10294945196388292,0.12586183929408437,1.4812947909300898,0.04967459477484226,0.011299902643077075,0.9277953958511355
all,sentiment_positive,continuous,0.12586183929408437,0.14877422662428583,1.0714728084070035,0.04967459477484226,0.011299902643077075,0.9277953958511355
all,sentiment_positive,continuous,0.14877422662428583,0.17168661395448728,0.8663435945775568,0.04967459477484226,0.011299902643077075,0.9277953958511355
all,sentiment_positive,continuous,0.17168661395448728,0.19459900128468874,0.7135877970449902,0.04967459477484226,0.011299902643077075,0.9277953958511355
all,sentiment_positive,continuous,0.19459900128468874,0.2175113886148902,0.6001120617350835,0.04967459477484226,0.011299902643077075,0.9277953958511355
all,sentiment_positive,continuous,0.2175113886148902,0.24042377594509165,0.5603955543766161,0.04967459477484226,0.011299902643077075,0.9277953958511355
all,sentiment_positive,continuous,0.24042377594509165,0.26333616327529313,0.46568695990642417,0.04967459477484226,0.011299902643077075,0.9277953958511355
all,sentiment_positive,continuous,0.26333616327529313,0.2862485506054946,0.4573945023260854,0.04967459477484226,0.011299902643077075,0.9277953958511355
all,sentiment_positive,continuous,0.2862485506054946,0.30916093793569605,0.3792708230165728,0.04967459477484226,0.011299902643077075,0.9277953958511355
all,sentiment_positive,continuous,0.30916093793569605,0.3320733252658975,0.32602451644807806,0.04967459477484226,0.011299902643077075,0.9277953958511355
all,sentiment_positive,continuous,0.3320733252658975,0.35498571259609896,0.2889266799044547,0.04967459477484226,0.011299902643077075,0.9277953958511355
all,sentiment_positive,continuous,0.35498571259609896,0.3778980999263004,0.3011471437070601,0.04967459477484226,0.011299902643077075,0.9277953958511355
all,sentiment_positive,continuous,0.3778980999263004,0.40081048725650187,0.26623153284247336,0.04967459477484226,0.011299902643077075,0.9277953958511355
all,sentiment_positive,continuous,0.40081048725650187,0.4237228745867033,0.24571861145952872,0.04967459477484226,0.011299902643077075,0.9277953958511355
all,sentiment_positive,continuous,0.4237228745867033,0.4466352619169048,0.2321888122495014,0.04967459477484226,0.011299902643077075,0.9277953958511355
all,sentiment_positive,continuous,0.4466352619169048,0.46954764924710624,0.23437103792853806,0.04967459477484226,0.011299902643077075,0.9277953958511355
all,sentiment_positive,continuous,0.46954764924710624,0.4924600365773077,0.2334981476569234,0.04967459477484226,0.011299902643077075,0.9277953958511355
all,sentiment_positive,continuous,0.4924600365773077,0.5153724239075093,0.21909545817528034,0.04967459477484226,0.011299902643077075,0.9277953958511355
all,sentiment_positive,continuous,0.5153724239075093,0.5382848112377107,0.21211233600236457,0.04967459477484226,0.011299902643077075,0.9277953958511355
all,sentiment_positive,continuous,0.5382848112377107,0.5611971985679122,0.1929087500268409,0.04967459477484226,0.011299902643077075,0.9277953958511355
all,sentiment_positive,continuous,0.5611971985679122,0.5841095858981136,0.21385811654559392,0.04967459477484226,0.011299902643077075,0.9277953958511355
all,sentiment_positive,continuous,0.5841095858981136,0.6070219732283151,0.2086207749159049,0.04967459477484226,0.011299902643077075,0.9277953958511355
all,sentiment_positive,continuous,0.6070219732283151,0.6299343605585165,0.2125487811381719,0.04967459477484226,0.011299902643077075,0.9277953958511355
all,sentiment_positive,continuous,0.6299343605585165,0.652846747888718,0.20993011032332687,0.04967459477484226,0.011299902643077075,0.9277953958511355
all,sentiment_positive,continuous,0.652846747888718,0.6757591352189194,0.20032831733556652,0.04967459477484226,0.011299902643077075,0.9277953958511355
all,sentiment_positive,continuous,0.6757591352189194,0.6986715225491209,0.20993011032332687,0.04967459477484226,0.011299902643077075,0.9277953958511355
all,sentiment_positive,continuous,0.6986715225491209,0.7215839098793223,0.18898074380457583,0.04967459477484226,0.011299902643077075,0.9277953958511355
all,sentiment_positive,continuous,0.7215839098793223,0.7444962972095238,0.2121123360023635,0.04967459477484226,0.011299902643077075,0.9277953958511355
all,sentiment_positive,continuous,0.7444962972095238,0.7674086845397253,0.22084123871851016,0.04967459477484226,0.011299902643077075,0.9277953958511355
all,sentiment_positive,continuous,0.7674086845397253,0.7903210718699267,0.2522652884966393,0.04967459477484226,0.011299902643077075,0.9277953958511355
all,sentiment_positive,continuous,0.7903210718699267,0.8132334592001282,0.21516745195301487,0.04967459477484226,0.011299902643077075,0.9277953958511355
all,sentiment_positive,continuous,0.8132334592001282,0.8361458465303296,0.262303526620208,0.04967459477484226,0.011299902643077075,0.9277953958511355
all,sentiment_positive,continuous,0.8361458465303296,0.8590582338605312,0.2540110690398674,0.04967459477484226,0.011299902643077075,0.9277953958511355
all,sentiment_positive,continuous,0.8590582338605312,0.8819706211907326,0.2762697709660427,0.04967459477484226,0.011299902643077075,0.9277953958511355
all,sentiment_positive,continuous,0.8819706211907326,0.9048830085209341,0.29983780829963735,0.04967459477484226,0.011299902643077075,0.9277953958511355
all,sentiment_positive,continuous,0.9048830085209341,0.9277953958511355,0.5451199746233607,0.04967459477484226,0.011299902643077075,0.9277953958511355
all,sentiment_negative,continuous,0.016131680188700558,0.03956951771047898,1.715175299881919,0.501321405172348,0.016131680188700558,0.9536451810598373
all,sentiment_negative,continuous,0.03956951771047898,0.0630073552322574,1.3764068451291227,0.501321405172348,0.016131680188700558,0.9536451810598373
all,sentiment_negative,continuous,0.0630073552322574,0.08644519275403581,1.2949146853586133,0.501321405172348,0.016131680188700558,0.9536451810598373
all,sentiment_negative,continuous,0.08644519275403581,0.10988303027581423,1.2198224334234846,0.501321405172348,0.016131680188700558,0.9536451810598373
all,sentiment_negative,continuous,0.10988303027581423,0.13332086779759264,1.1024907897748457,0.501321405172348,0.016131680188700558,0.9536451810598373
all,sentiment_negative,continuous,0.13332086779759264,0.15675870531937108,1.0896909741040839,0.501321405172348,0.016131680188700558,0.9536451810598373
all,sentiment_negative,continuous,0.15675870531937108,0.1801965428411495,1.0184386668701846,0.501321405172348,0.016131680188700558,0.9536451810598373
all,sentiment_negative,continuous,0.1801965428411495,0.2036343803629279,0.9885724303050766,0.501321405172348,0.016131680188700558,0.9536451810598373
all,sentiment_negative,continuous,0.2036343803629279,0.22707221788470633,0.9296932782195778,0.501321405172348,0.016131680188700558,0.9536451810598373
all,sentiment_negative,continuous,0.22707221788470633,0.25051005540648474,0.9241466914289149,0.501321405172348,0.016131680188700558,0.9536451810598373
all,sentiment_negative,continuous,0.25051005540648474,0.27394789292826316,0.9245733519512735,0.501321405172348,0.016131680188700558,0.9536451810598373
all,sentiment_negative,continuous,0.27394789292826316,0.2973857304500416,0.9800392198579028,0.501321405172348,0.016131680188700558,0.9536451810598373
all,sentiment_negative,continuous,0.2973857304500416,0.32082356797182,0.9203067467276866,0.501321405172348,0.016131680188700558,0.9536451810598373
all,sentiment_negative,continuous,0.32082356797182,0.3442614054935984,0.9224400493394802,0.501321405172348,0.016131680188700558,0.9536451810598373
all,sentiment_negative,continuous,0.3442614054935984,0.3676992430153768,0.9109202152357956,0.501321405172348,0.016131680188700558,0.9536451810598373
all,sentiment_negative,continuous,0.3676992430153768,0.39113708053715524,0.9254266729959909,0.501321405172348,0.016131680188700558,0.9536451810598373
all,sentiment_negative,continuous,0.39113708053715524,0.41457491805893365,0.8712407866564377,0.501321405172348,0.016131680188700558,0.9536451810598373
all,sentiment_negative,continuous,0.41457491805893365,0.43801275558071207,0.8870272259837092,0.501321405172348,0.016131680188700558,0.9536451810598373
all,sentiment_negative,continuous,0.43801275558071207,0.4614505931024905,0.8294280554652864,0.501321405172348,0.016131680188700558,0.9536451810598373
all,sentiment_negative,continuous,0.4614505931024905,0.4848884306242689,0.883187281282481,0.501321405172348,0.016131680188700558,0.9536451810598373
all,sentiment_negative,continuous,0.4848884306242689,0.5083262681460473,0.8767873734471007,0.501321405172348,0.016131680188700558,0.9536451810598373
all,sentiment_negative,continuous,0.5083262681460473,0.5317641056678258,0.8614275946421839,0.501321405172348,0.016131680188700558,0.9536451810598373
all,sentiment_negative,continuous,0.5317641056678258,0.5552019431896043,0.8076683688249935,0.501321405172348,0.016131680188700558,0.9536451810598373
all,sentiment_negative,continuous,0.5552019431896043,0.5786397807113827,0.8511877421055796,0.501321405172348,0.016131680188700558,0.9536451810598373
all,sentiment_negative,continuous,0.5786397807113827,0.6020776182331611,0.8746540708353072,0.501321405172348,0.016131680188700558,0.9536451810598373
all,sentiment_negative,continuous,0.6020776182331611,0.6255154557549395,0.8563076683738838,0.501321405172348,0.016131680188700558,0.9536451810598373
all,sentiment_negative,continuous,0.6255154557549395,0.6489532932767179,0.9002537021768283,0.501321405172348,0.016131680188700558,0.9536451810598373
all,sentiment_negative,continuous,0.6489532932767179,0.6723911307984963,0.9096402336687196,0.501321405172348,0.016131680188700558,0.9536451810598373
all,sentiment_negative,continuous,0.6723911307984963,0.6958289683202747,0.9309732597866538,0.501321405172348,0.016131680188700558,0.9536451810598373
all,sentiment_negative,continuous,0.6958289683202747,0.7192668058420532,1.015025382691315,0.501321405172348,0.016131680188700558,0.9536451810598373
all,sentiment_negative,continuous,0.7192668058420532,0.7427046433638316,1.0026522275429133,0.501321405172348,0.016131680188700558,0.9536451810598373
all,sentiment_negative,continuous,0.7427046433638316,0.76614248088561,1.0943842398500307,0.501321405172348,0.016131680188700558,0.9536451810598373
all,sentiment_negative,continuous,0.76614248088561,0.7895803184073884,1.151130089323736,0.501321405172348,0.016131680188700558,0.9536451810598373
all,sentiment_negative,continuous,0.7895803184073884,0.8130181559291668,1.2211024149905607,0.501321405172348,0.016131680188700558,0.9536451810598373
all,sentiment_negative,continuous,0.8130181559291668,0.8364559934509452,1.2765682828971898,0.501321405172348,0.016131680188700558,0.9536451810598373
all,sentiment_negative,continuous,0.8364559934509452,0.8598938309727236,1.2961946669256896,0.501321405172348,0.016131680188700558,0.9536451810598373
all,sentiment_negative,continuous,0.8598938309727236,0.8833316684945021,1.430166070946317,0.501321405172348,0.016131680188700558,0.9536451810598373
all,sentiment_negative,continuous,0.8833316684945021,0.9067695060162805,1.5547509434750533,0.501321405172348,0.016131680188700558,0.9536451810598373
all,sentiment_negative,continuous,0.9067695060162805,0.9302073435380589,1.5641374749669443,0.501321405172348,0.016131680188700558,0.9536451810598373
all,sentiment_negative,continuous,0.9302073435380589,0.9536451810598373,1.4770987284057724,0.501321405172348,0.016131680188700558,0.9536451810598373
all,toxicity_probability,continuous,0.0006223941224743612,0.0255733215727887,30.90145653043797,0.002551804296672344,0.0006223941224743612,0.9986594921350479
all,toxicity_probability,continuous,0.0255733215727887,0.05052424902310304,1.1578727908022528,0.002551804296672344,0.0006223941224743612,0.9986594921350479
all,toxicity_probability,continuous,0.05052424902310304,0.07547517647341738,0.5763312818184975,0.002551804296672344,0.0006223941224743612,0.9986594921350479
all,toxicity_probability,continuous,0.07547517647341738,0.10042610392373172,0.371128488848351,0.002551804296672344,0.0006223941224743612,0.9986594921350479
all,toxicity_probability,continuous,0.10042610392373172,0.12537703137404604,0.27013023918335716,0.002551804296672344,0.0006223941224743612,0.9986594921350479
all,toxicity_probability,continuous,0.12537703137404604,0.1503279588243604,0.22363898140105803,0.002551804296672344,0.0006223941224743612,0.9986594921350479
all,toxicity_probability,continuous,0.1503279588243604,0.17527888627467472,0.18516345771915577,0.002551804296672344,0.0006223941224743612,0.9986594921350479
all,toxicity_probability,continuous,0.17527888627467472,0.20022981372498908,0.14748950744729275,0.002551804296672344,0.0006223941224743612,0.9986594921350479
all,toxicity_probability,continuous,0.20022981372498908,0.22518074117530343,0.15470366813764946,0.002551804296672344,0.0006223941224743612,0.9986594921350479
all,toxicity_probability,continuous,0.22518074117530343,0.25013166862561775,0.12865253231136148,0.002551804296672344,0.0006223941224743612,0.9986594921350479
all,toxicity_probability,continuous,0.25013166862561775,0.27508259607593205,0.12264073173606435,0.002551804296672344,0.0006223941224743612,0.9986594921350479
all,toxicity_probability,continuous,0.27508259607593205,0.3000335235262464,0.12063679821096499,0.002551804296672344,0.0006223941224743612,0.9986594921350479
all,toxicity_probability,continuous,0.3000335235262464,0.32498445097656076,0.0973911693198156,0.002551804296672344,0.0006223941224743612,0.9986594921350479
all,toxicity_probability,continuous,0.32498445097656076,0.34993537842687505,0.10179982307503382,0.002551804296672344,0.0006223941224743612,0.9986594921350479
all,toxicity_probability,continuous,0.34993537842687505,0.3748863058771894,0.1001966762549543,0.002551804296672344,0.0006223941224743612,0.9986594921350479
all,toxicity_probability,continuous,0.3748863058771894,0.39983723332750376,0.08656992828428052,0.002551804296672344,0.0006223941224743612,0.9986594921350479
all,toxicity_probability,continuous,0.39983723332750376,0.4247881607778181,0.0949864490896967,0.002551804296672344,0.0006223941224743612,0.9986594921350479
all,toxicity_probability,continuous,0.4247881607778181,0.44973908822813247,0.07815340747886436,0.002551804296672344,0.0006223941224743612,0.9986594921350479
all,toxicity_probability,continuous,0.44973908822813247,0.47469001567844676,0.07935576759392399,0.002551804296672344,0.0006223941224743612,0.9986594921350479
all,toxicity_probability,continuous,0.47469001567844676,0.4996409431287611,0.08697071498930034,0.002551804296672344,0.0006223941224743612,0.9986594921350479
all,toxicity_probability,continuous,0.4996409431287611,0.5245918705790754,0.07414554042866636,0.002551804296672344,0.0006223941224743612,0.9986594921350479
all,toxicity_probability,continuous,0.5245918705790754,0.5495427980293898,0.07374475372364638,0.002551804296672344,0.0006223941224743612,0.9986594921350479
all,toxicity_probability,continuous,0.5495427980293898,0.5744937254797041,0.07494711383870582,0.002551804296672344,0.0006223941224743612,0.9986594921350479
all,toxicity_probability,continuous,0.5744937254797041,0.5994446529300185,0.07855419418388418,0.002551804296672344,0.0006223941224743612,0.9986594921350479
all,toxicity_probability,continuous,0.5994446529300185,0.6243955803803328,0.07053846008348784,0.002551804296672344,0.0006223941224743612,0.9986594921350479
all,toxicity_probability,continuous,0.6243955803803328,0.6493465078306472,0.078954980888904,0.002551804296672344,0.0006223941224743612,0.9986594921350479
all,toxicity_probability,continuous,0.6493465078306472,0.6742974352809615,0.08456599475918145,0.002551804296672344,0.0006223941224743612,0.9986594921350479
all,toxicity_probability,continuous,0.6742974352809615,0.6992483627312758,0.07735183406882508,0.002551804296672344,0.0006223941224743612,0.9986594921350479
all,toxicity_probability,continuous,0.6992483627312758,0.7241992901815901,0.08376442134914182,0.002551804296672344,0.0006223941224743612,0.9986594921350479
all,toxicity_probability,continuous,0.7241992901815901,0.7491502176319045,0.08777228839933998,0.002551804296672344,0.0006223941224743612,0.9986594921350479
all,toxicity_probability,continuous,0.7491502176319045,0.7741011450822188,0.09658959590977596,0.002551804296672344,0.0006223941224743612,0.9986594921350479
all,toxicity_probability,continuous,0.7741011450822188,0.7990520725325332,0.10300218319009304,0.002551804296672344,0.0006223941224743612,0.9986594921350479
all,toxicity_probability,continuous,0.7990520725325332,0.8240029999828475,0.11222027740554884,0.002551804296672344,0.0006223941224743612,0.9986594921350479
all,toxicity_probability,continuous,0.8240029999828475,0.8489539274331619,0.12344230514610371,0.002551804296672344,0.0006223941224743612,0.9986594921350479
all,toxicity_probability,continuous,0.8489539274331619,0.8739048548834762,0.14989422767741165,0.002551804296672344,0.0006223941224743612,0.9986594921350479
all,toxicity_probability,continuous,0.8739048548834762,0.8988557823337906,0.1855642444241754,0.002551804296672344,0.0006223941224743612,0.9986594921350479
all,toxicity_probability,continuous,0.8988557823337906,0.9238067097841048,0.239269662896832,0.002551804296672344,0.0006223941224743612,0.9986594921350479
all,toxicity_probability,continuous,0.9238067097841048,0.9487576372344192,0.3667198350931328,0.002551804296672344,0.0006223941224743612,0.9986594921350479
all,toxicity_probability,continuous,0.9487576372344192,0.9737085646847335,0.826822972455883,0.002551804296672344,0.0006223941224743612,0.9986594921350479
all,toxicity_probability,continuous,0.9737085646847335,0.9986594921350479,2.0055366719191654,0.002551804296672344,0.0006223941224743612,0.9986594921350479
all,lexdiv_length_adjusted,continuous,-0.854379707131536,-0.8181556398556128,0.16839633036057342,0.0232678900880805,-0.854379707131536,0.5945829839053905
all,lexdiv_length_adjusted,continuous,-0.8181556398556128,-0.7819315725796897,0.02898625358665617,0.0232678900880805,-0.854379707131536,0.5945829839053905
all,lexdiv_length_adjusted,continuous,-0.7819315725796897,-0.7457075053037665,0.04002863590538221,0.0232678900880805,-0.854379707131536,0.5945829839053905
all,lexdiv_length_adjusted,continuous,-0.7457075053037665,-0.7094834380278433,0.04002863590538221,0.0232678900880805,-0.854379707131536,0.5945829839053905
all,lexdiv_length_adjusted,continuous,-0.7094834380278433,-0.6732593707519201,0.05521191159363063,0.0232678900880805,-0.854379707131536,0.5945829839053905
all,lexdiv_length_adjusted,continuous,-0.6732593707519201,-0.637035303475997,0.06432187700657988,0.0232678900880805,-0.854379707131536,0.5945829839053905
all,lexdiv_length_adjusted,continuous,-0.637035303475997,-0.6008112362000738,0.08502634385419117,0.0232678900880805,-0.854379707131536,0.5945829839053905
all,lexdiv_length_adjusted,continuous,-0.6008112362000738,-0.5645871689241506,0.09247995191933131,0.0232678900880805,-0.854379707131536,0.5945829839053905
all,lexdiv_length_adjusted,continuous,-0.5645871689241506,-0.5283631016482275,0.11014776362929345,0.0232678900880805,-0.854379707131536,0.5945829839053905
all,lexdiv_length_adjusted,continuous,-0.5283631016482275,-0.49213903437230433,0.14686368483905748,0.0232678900880805,-0.854379707131536,0.5945829839053905
all,lexdiv_length_adjusted,continuous,-0.49213903437230433,-0.4559149670963812,0.17364146196196859,0.0232678900880805,-0.854379707131536,0.5945829839053905
all,lexdiv_length_adjusted,continuous,-0.4559149670963812,-0.41969089982045804,0.20373195378049735,0.0232678900880805,-0.854379707131536,0.5945829839053905
all,lexdiv_length_adjusted,continuous,-0.41969089982045804,-0.38346683254453484,0.2710904859247264,0.0232678900880805,-0.854379707131536,0.5945829839053905
all,lexdiv_length_adjusted,continuous,-0.38346683254453484,-0.34724276526861164,0.25535509112054167,0.0232678900880805,-0.854379707131536,0.5945829839053905
all,lexdiv_length_adjusted,continuous,-0.34724276526861164,-0.31101869799268855,0.4582588662271357,0.0232678900880805,-0.854379707131536,0.5945829839053905
all,lexdiv_length_adjusted,continuous,-0.31101869799268855,-0.27479463071676535,0.44528406700263107,0.0232678900880805,-0.854379707131536,0.5945829839053905
all,lexdiv_length_adjusted,continuous,-0.27479463071676535,-0.23857056344084215,0.5214765050018413,0.0232678900880805,-0.854379707131536,0.5945829839053905
all,lexdiv_length_adjusted,continuous,-0.23857056344084215,-0.20234649616491907,0.6661317133771555,0.0232678900880805,-0.854379707131536,0.5945829839053905
all,lexdiv_length_adjusted,continuous,-0.20234649616491907,-0.16612242888899587,0.8215532445132238,0.0232678900880805,-0.854379707131536,0.5945829839053905
all,lexdiv_length_adjusted,continuous,-0.16612242888899587,-0.12989836161307267,0.9866368601781793,0.0232678900880805,-0.854379707131536,0.5945829839053905
all,lexdiv_length_adjusted,continuous,-0.12989836161307267,-0.09367429433714958,1.1012015767349663,0.0232678900880805,-0.854379707131536,0.5945829839053905
all,lexdiv_length_adjusted,continuous,-0.09367429433714958,-0.05745022706122638,1.166627691973415,0.0232678900880805,-0.854379707131536,0.5945829839053905
all,lexdiv_length_adjusted,continuous,-0.05745022706122638,-0.021226159785303178,1.0934719091118545,0.0232678900880805,-0.854379707131536,0.5945829839053905
all,lexdiv_length_adjusted,continuous,-0.021226159785303178,0.01499790749061991,3.819007924931442,0.0232678900880805,-0.854379707131536,0.5945829839053905
all,lexdiv_length_adjusted,continuous,0.01499790749061991,0.05122197476654311,4.591422568126323,0.0232678900880805,-0.854379707131536,0.5945829839053905
all,lexdiv_length_adjusted,continuous,0.05122197476654311,0.08744604204246631,2.268381387824314,0.0232678900880805,-0.854379707131536,0.5945829839053905
all,lexdiv_length_adjusted,continuous,0.08744604204246631,0.12367010931838951,1.9729976607983906,0.0232678900880805,-0.854379707131536,0.5945829839053905
all,lexdiv_length_adjusted,continuous,0.12367010931838951,0.1598941765943127,1.542896869484008,0.0232678900880805,-0.854379707131536,0.5945829839053905
all,lexdiv_length_adjusted,continuous,0.1598941765943127,0.1961182438702358,0.9443997478090548,0.0232678900880805,-0.854379707131536,0.5945829839053905
all,lexdiv_length_adjusted,continuous,0.1961182438702358,0.2323423111461589,0.9060274692514814,0.0232678900880805,-0.854379707131536,0.5945829839053905
all,lexdiv_length_adjusted,continuous,0.2323423111461589,0.2685663784220822,0.5976689430010497,0.0232678900880805,-0.854379707131536,0.5945829839053905
all,lexdiv_length_adjusted,continuous,0.2685663784220822,0.3047904456980053,0.4853127029080147,0.0232678900880805,-0.854379707131536,0.5945829839053905
all,lexdiv_length_adjusted,continuous,0.3047904456980053,0.3410145129739284,0.3492153408297148,0.0232678900880805,-0.854379707131536,0.5945829839053905
all,lexdiv_length_adjusted,continuous,0.3410145129739284,0.3772385802498517,0.28931041675062363,0.0232678900880805,-0.854379707131536,0.5945829839053905
all,lexdiv_length_adjusted,continuous,0.3772385802498517,0.4134626475257748,0.22305612283826842,0.0232678900880805,-0.854379707131536,0.5945829839053905
all,lexdiv_length_adjusted,continuous,0.4134626475257748,0.44968671480169786,0.14990033997670763,0.0232678900880805,-0.854379707131536,0.5945829839053905
all,lexdiv_length_adjusted,continuous,0.44968671480169786,0.4859107820776212,0.11097594230319723,0.0232678900880805,-0.854379707131536,0.5945829839053905
all,lexdiv_length_adjusted,continuous,0.4859107820776212,0.5221348493535443,0.0971729644047902,0.0232678900880805,-0.854379707131536,0.5945829839053905
all,lexdiv_length_adjusted,continuous,0.5221348493535443,0.5583589166294674,0.06984306816594296,0.0232678900880805,-0.854379707131536,0.5945829839053905
all,lexdiv_length_adjusted,continuous,0.5583589166294674,0.5945829839053905,0.19241351190380276,0.0232678900880805,-0.854379707131536,0.5945829839053905
all,reading_level_length_adjusted,continuous,-7.516798385071684,-7.081025273769018,0.018541758980599482,-0.261053794149948,-7.516798385071684,9.914126067034992
all,reading_level_length_adjusted,continuous,-7.081025273769018,-6.645252162466351,0.010900167717555389,-0.261053794149948,-7.516798385071684,9.914126067034992
all,reading_level_length_adjusted,continuous,-6.645252162466351,-6.209479051163683,0.008307075186852721,-0.261053794149948,-7.516798385071684,9.914126067034992
all,reading_level_length_adjusted,continuous,-6.209479051163683,-5.773705939861017,0.02239697619438754,-0.261053794149948,-7.516798385071684,9.914126067034992
all,reading_level_length_adjusted,continuous,-5.773705939861017,-5.337932828558349,0.0190007134108123,-0.261053794149948,-7.516798385071684,9.914126067034992
all,reading_level_length_adjusted,continuous,-5.337932828558349,-4.902159717255683,0.025586709484366855,-0.261053794149948,-7.516798385071684,9.914126067034992
all,reading_level_length_adjusted,continuous,-4.902159717255683,-4.466386605953016,0.03715236112573089,-0.261053794149948,-7.516798385071684,9.914126067034992
all,reading_level_length_adjusted,continuous,-4.466386605953016,-4.030613494650349,0.05202248466462751,-0.261053794149948,-7.516798385071684,9.914126067034992
all,reading_level_length_adjusted,continuous,-4.030613494650349,-3.594840383347682,0.06645660149482191,-0.261053794149948,-7.516798385071684,9.914126067034992
all,reading_level_length_adjusted,continuous,-3.594840383347682,-3.1590672720450153,0.08093661376803758,-0.261053794149948,-7.516798385071684,9.914126067034992
all,reading_level_length_adjusted,continuous,-3.1590672720450153,-2.7232941607423484,0.07809109630071787,-0.261053794149948,-7.516798385071684,9.914126067034992
all,reading_level_length_adjusted,continuous,-2.7232941607423484,-2.2875210494396807,0.11664326843859774,-0.261053794149948,-7.516798385071684,9.914126067034992
all,reading_level_length_adjusted,continuous,-2.2875210494396807,-1.8517479381370139,0.1312609670408775,-0.261053794149948,-7.516798385071684,9.914126067034992
all,reading_level_length_adjusted,continuous,-1.8517479381370139,-1.415974826834347,0.14110553956894334,-0.261053794149948,-7.516798385071684,9.914126067034992
all,reading_level_length_adjusted,continuous,-1.415974826834347,-0.9802017155316802,0.13059548311706887,-0.261053794149948,-7.516798385071684,9.914126067034992
all,reading_level_length_adjusted,continuous,-0.9802017155316802,-0.5444286042290134,0.1225408328668332,-0.261053794149948,-7.516798385071684,9.914126067034992
all,reading_level_length_adjusted,continuous,-0.5444286042290134,-0.10865549292634658,0.1227014669174077,-0.261053794149948,-7.516798385071684,9.914126067034992
all,reading_level_length_adjusted,continuous,-0.10865549292634658,0.32711761837632025,0.14737026754134883,-0.261053794149948,-7.516798385071684,9.914126067034992
all,reading_level_length_adjusted,continuous,0.32711761837632025,0.762890729678988,0.1181807657798108,-0.261053794149948,-7.516798385071684,9.914126067034992
all,reading_level_length_adjusted,continuous,0.762890729678988,1.198663840981654,0.09383323325701912,-0.261053794149948,-7.516798385071684,9.914126067034992
all,reading_level_length_adjusted,continuous,1.198663840981654,1.6344369522843216,0.1103096973016603,-0.261053794149948,-7.516798385071684,9.914126067034992
all,reading_level_length_adjusted,continuous,1.6344369522843216,2.0702100635869876,0.09695412338246655,-0.261053794149948,-7.516798385071684,9.914126067034992
all,reading_level_length_adjusted,continuous,2.0702100635869876,2.5059831748896553,0.08297896098248464,-0.261053794149948,-7.516798385071684,9.914126067034992
all,reading_level_length_adjusted,continuous,2.5059831748896553,2.941756286192323,0.08061534566688842,-0.261053794149948,-7.516798385071684,9.914126067034992
all,reading_level_length_adjusted,continuous,2.941756286192323,3.377529397494989,0.06411593390073646,-0.261053794149948,-7.516798385071684,9.914126067034992
all,reading_level_length_adjusted,continuous,3.377529397494989,3.8133025087976566,0.07751740326295165,-0.261053794149948,-7.516798385071684,9.914126067034992
all,reading_level_length_adjusted,continuous,3.8133025087976566,4.249075620100323,0.0465150315020733,-0.261053794149948,-7.516798385071684,9.914126067034992
all,reading_level_length_adjusted,continuous,4.249075620100323,4.68484873140299,0.03846038125183746,-0.261053794149948,-7.516798385071684,9.914126067034992
all,reading_level_length_adjusted,continuous,4.68484873140299,5.120621842705656,0.03276934631719816,-0.261053794149948,-7.516798385071684,9.914126067034992
all,reading_level_length_adjusted,continuous,5.120621842705656,5.556394954008324,0.026825886445941523,-0.261053794149948,-7.516798385071684,9.914126067034992
all,reading_level_length_adjusted,continuous,5.556394954008324,5.99216806531099,0.02147906733396182,-0.261053794149948,-7.516798385071684,9.914126067034992
all,reading_level_length_adjusted,continuous,5.99216806531099,6.427941176613658,0.01574213695630101,-0.261053794149948,-7.516798385071684,9.914126067034992
all,reading_level_length_adjusted,continuous,6.427941176613658,6.863714287916325,0.010900167717555366,-0.261053794149948,-7.516798385071684,9.914126067034992
all,reading_level_length_adjusted,continuous,6.863714287916325,7.299487399218991,0.009454461262384903,-0.261053794149948,-7.516798385071684,9.914126067034992
all,reading_level_length_adjusted,continuous,7.299487399218991,7.735260510521659,0.0070908459467886485,-0.261053794149948,-7.516798385071684,9.914126067034992
all,reading_level_length_adjusted,continuous,7.735260510521659,8.171033621824325,0.005668087213128813,-0.261053794149948,-7.516798385071684,9.914126067034992
all,reading_level_length_adjusted,continuous,8.171033621824325,8.60680673312699,0.004199433036447663,-0.261053794149948,-7.516798385071684,9.914126067034992
all,reading_level_length_adjusted,continuous,8.60680673312699,9.04257984442966,0.0036257399986815595,-0.261053794149948,-7.516798385071684,9.914126067034992
all,reading_level_length_adjusted,continuous,9.04257984442966,9.478352955732326,0.0025930925307026554,-0.261053794149948,-7.516798385071684,9.914126067034992
all,reading_level_length_adjusted,continuous,9.478352955732326,9.914126067034992,0.013332626197683564,-0.261053794149948,-7.516798385071684,9.914126067034992
all,url_present,binary,0.0,0.0,0.97369,0.0,0.0,0.0
all,url_present,binary,1.0,1.0,0.02631,0.0,1.0,1.0
all,article_similarity_top3,continuous,0.32447888657450674,0.3339866491667926,0.7951397530827933,0.49533963203430176,0.32447888657450674,0.704789390265942
all,article_similarity_top3,continuous,0.3339866491667926,0.3434944117590785,0.47224569991292614,0.49533963203430176,0.32447888657450674,0.704789390265942
all,article_similarity_top3,continuous,0.3434944117590785,0.3530021743513644,0.631063296097455,0.49533963203430176,0.32447888657450674,0.704789390265942
all,article_similarity_top3,continuous,0.3530021743513644,0.36250993694365025,0.8056574746844177,0.49533963203430176,0.32447888657450674,0.704789390265942
all,article_similarity_top3,continuous,0.36250993694365025,0.37201769953593616,1.1401210216160622,0.49533963203430176,0.32447888657450674,0.704789390265942
all,article_similarity_top3,continuous,0.37201769953593616,0.381525462128222,1.5723993794428255,0.49533963203430176,0.32447888657450674,0.704789390265942
all,article_similarity_top3,continuous,0.381525462128222,0.39103322472050794,1.9794352054256725,0.49533963203430176,0.32447888657450674,0.704789390265942
all,article_similarity_top3,continuous,0.39103322472050794,0.4005409873127938,2.5074248298272215,0.49533963203430176,0.32447888657450674,0.704789390265942
all,article_similarity_top3,continuous,0.4005409873127938,0.41004874990507967,3.0059648337442106,0.49533963203430176,0.32447888657450674,0.704789390265942
all,article_similarity_top3,continuous,0.41004874990507967,0.4195565124973656,3.3677744568400656,0.49533963203430176,0.32447888657450674,0.704789390265942
all,article_similarity_top3,continuous,0.4195565124973656,0.42906427508965145,3.8589520556359376,0.49533963203430176,0.32447888657450674,0.704789390265942
all,article_similarity_top3,continuous,0.42906427508965145,0.4385720376819373,4.220761678731812,0.49533963203430176,0.32447888657450674,0.704789390265942
all,article_similarity_top3,continuous,0.4385720376819373,0.44807980027422323,4.466876364209793,0.49533963203430176,0.32447888657450674,0.704789390265942
all,article_similarity_top3,continuous,0.44807980027422323,0.4575875628665091,4.687748517843929,0.49533963203430176,0.32447888657450674,0.704789390265942
all,article_similarity_top3,continuous,0.4575875628665091,0.46709532545879495,4.830789531626019,0.49533963203430176,0.32447888657450674,0.704789390265942
all,article_similarity_top3,continuous,0.46709532545879495,0.47660308805108087,4.806598771942255,0.49533963203430176,0.32447888657450674,0.704789390265942
all,article_similarity_top3,continuous,0.47660308805108087,0.48611085064336673,4.822375354344719,0.49533963203430176,0.32447888657450674,0.704789390265942
all,article_similarity_top3,continuous,0.48611085064336673,0.4956186132356526,4.755061936094323,0.49533963203430176,0.32447888657450674,0.704789390265942
all,article_similarity_top3,continuous,0.4956186132356526,0.5051263758279385,4.481601174452067,0.49533963203430176,0.32447888657450674,0.704789390265942
all,article_similarity_top3,continuous,0.5051263758279385,0.5146341384202244,4.357492059552902,0.49533963203430176,0.32447888657450674,0.704789390265942
all,article_similarity_top3,continuous,0.5146341384202244,0.5241419010125102,4.482652946612282,0.49533963203430176,0.32447888657450674,0.704789390265942
all,article_similarity_top3,continuous,0.5241419010125102,0.5336496636047962,4.174483703684641,0.49533963203430176,0.32447888657450674,0.704789390265942
all,article_similarity_top3,continuous,0.5336496636047962,0.543157426197082,4.064047626867635,0.49533963203430176,0.32447888657450674,0.704789390265942
all,article_similarity_top3,continuous,0.543157426197082,0.5526651887893679,3.7832244601042206,0.49533963203430176,0.32447888657450674,0.704789390265942
all,article_similarity_top3,continuous,0.5526651887893679,0.5621729513816538,3.5118672427823165,0.49533963203430176,0.32447888657450674,0.704789390265942
all,article_similarity_top3,continuous,0.5621729513816538,0.5716807139739397,3.2352511646596005,0.49533963203430176,0.32447888657450674,0.704789390265942
all,article_similarity_top3,continuous,0.5716807139739397,0.5811884765662255,2.936547871173508,0.49533963203430176,0.32447888657450674,0.704789390265942
all,article_similarity_top3,continuous,0.5811884765662255,0.5906962391585114,2.748280654504401,0.49533963203430176,0.32447888657450674,0.704789390265942
all,article_similarity_top3,continuous,0.5906962391585114,0.6002040017507972,2.4716645763817136,0.49533963203430176,0.32447888657450674,0.704789390265942
all,article_similarity_top3,continuous,0.6002040017507972,0.6097117643430832,2.181375460176857,0.49533963203430176,0.32447888657450674,0.704789390265942
all,article_similarity_top3,continuous,0.6097117643430832,0.6192195269353691,1.9068629263744654,0.49533963203430176,0.32447888657450674,0.704789390265942
all,article_similarity_top3,continuous,0.6192195269353691,0.628727289527655,1.616573810169638,0.49533963203430176,0.32447888657450674,0.704789390265942
all,article_similarity_top3,continuous,0.628727289527655,0.6382350521199408,1.431461909981069,0.49533963203430176,0.32447888657450674,0.704789390265942
all,article_similarity_top3,continuous,0.6382350521199408,0.6477428147122267,1.1916578574640206,0.49533963203430176,0.32447888657450674,0.704789390265942
all,article_similarity_top3,continuous,0.6477428147122267,0.6572505773045125,0.9728892481502489,0.49533963203430176,0.32447888657450674,0.704789390265942
all,article_similarity_top3,continuous,0.6572505773045125,0.6667583398967984,0.7793631706803524,0.49533963203430176,0.32447888657450674,0.704789390265942
all,article_similarity_top3,continuous,0.6667583398967984,0.6762661024890844,0.5479732954446203,0.49533963203430176,0.32447888657450674,0.704789390265942
all,article_similarity_top3,continuous,0.6762661024890844,0.6857738650813703,0.41860531974464277,0.49533963203430176,0.32447888657450674,0.704789390265942
all,article_similarity_top3,continuous,0.6857738650813703,0.6952816276736561,0.34813658501376477,0.49533963203430176,0.32447888657450674,0.704789390265942
all,article_similarity_top3,continuous,0.6952816276736561,0.704789390265942,0.8088127911649001,0.49533963203430176,0.32447888657450674,0.704789390265942
all,novelty_prior_all_model,continuous,0.11029077410697936,0.12186857762932779,0.5139144042749406,0.35529258847236633,0.11029077410697936,0.5734029150009166
all,novelty_prior_all_model,continuous,0.12186857762932779,0.13344638115167623,0.0906907772249894,0.35529258847236633,0.11029077410697936,0.5734029150009166
all,novelty_prior_all_model,continuous,0.13344638115167623,0.14502418467402467,0.1191935929242718,0.35529258847236633,0.11029077410697936,0.5734029150009166
all,novelty_prior_all_model,continuous,0.14502418467402467,0.15660198819637308,0.14165035680855523,0.35529258847236633,0.11029077410697936,0.5734029150009166
all,novelty_prior_all_model,continuous,0.15660198819637308,0.1681797917187215,0.17706294601069403,0.35529258847236633,0.11029077410697936,0.5734029150009166
all,novelty_prior_all_model,continuous,0.1681797917187215,0.17975759524106993,0.24788812441497102,0.35529258847236633,0.11029077410697936,0.5734029150009166
all,novelty_prior_all_model,continuous,0.17975759524106993,0.19133539876341837,0.3731277691542421,0.35529258847236633,0.11029077410697936,0.5734029150009166
all,novelty_prior_all_model,continuous,0.19133539876341837,0.2029132022857668,0.48022925844851533,0.35529258847236633,0.11029077410697936,0.5734029150009166
all,novelty_prior_all_model,continuous,0.2029132022857668,0.21449100580811523,0.7393457648056297,0.35529258847236633,0.11029077410697936,0.5734029150009166
all,novelty_prior_all_model,continuous,0.21449100580811523,0.22606880933046364,0.9475026915791773,0.35529258847236633,0.11029077410697936,0.5734029150009166
all,novelty_prior_all_model,continuous,0.22606880933046364,0.23764661285281208,1.3094020787912755,0.35529258847236633,0.11029077410697936,0.5734029150009166
all,novelty_prior_all_model,continuous,0.23764661285281208,0.24922441637516052,1.6358888768012374,0.35529258847236633,0.11029077410697936,0.5734029150009166
all,novelty_prior_all_model,continuous,0.24922441637516052,0.26080221989750896,2.109208361746896,0.35529258847236633,0.11029077410697936,0.5734029150009166
all,novelty_prior_all_model,continuous,0.26080221989750896,0.2723800234198574,2.5557524743689872,0.35529258847236633,0.11029077410697936,0.5734029150009166
all,novelty_prior_all_model,continuous,0.2723800234198574,0.2839578269422058,3.1871330281925006,0.35529258847236633,0.11029077410697936,0.5734029150009166
all,novelty_prior_all_model,continuous,0.2839578269422058,0.2955356304645542,3.56803429253744,0.35529258847236633,0.11029077410697936,0.5734029150009166
all,novelty_prior_all_model,continuous,0.2955356304645542,0.30711343398690266,4.044808664234528,0.35529258847236633,0.11029077410697936,0.5734029150009166
all,novelty_prior_all_model,continuous,0.30711343398690266,0.3186912375092511,4.5259016443709,0.35529258847236633,0.11029077410697936,0.5734029150009166
all,novelty_prior_all_model,continuous,0.3186912375092511,0.33026904103159954,4.994038799189417,0.35529258847236633,0.11029077410697936,0.5734029150009166
all,novelty_prior_all_model,continuous,0.33026904103159954,0.3418468445539479,5.155554754818708,0.35529258847236633,0.11029077410697936,0.5734029150009166
all,novelty_prior_all_model,continuous,0.3418468445539479,0.35342464807629637,5.220333881407962,0.35529258847236633,0.11029077410697936,0.5734029150009166
all,novelty_prior_all_model,continuous,0.35342464807629637,0.3650024515986448,5.546820679417923,0.35529258847236633,0.11029077410697936,0.5734029150009166
all,novelty_prior_all_model,continuous,0.3650024515986448,0.37658025512099325,5.391350775603655,0.35529258847236633,0.11029077410697936,0.5734029150009166
all,novelty_prior_all_model,continuous,0.37658025512099325,0.3881580586433417,5.003539737755844,0.35529258847236633,0.11029077410697936,0.5734029150009166
all,novelty_prior_all_model,continuous,0.3881580586433417,0.39973586216569007,4.625229638474481,0.35529258847236633,0.11029077410697936,0.5734029150009166
all,novelty_prior_all_model,continuous,0.39973586216569007,0.4113136656880385,4.205460898175938,0.35529258847236633,0.11029077410697936,0.5734029150009166
all,novelty_prior_all_model,continuous,0.4113136656880385,0.42289146921038695,3.752870733738847,0.35529258847236633,0.11029077410697936,0.5734029150009166
all,novelty_prior_all_model,continuous,0.42289146921038695,0.4344692727327354,3.2061349053253396,0.35529258847236633,0.11029077410697936,0.5734029150009166
all,novelty_prior_all_model,continuous,0.4344692727327354,0.44604707625508383,2.7241782035011104,0.35529258847236633,0.11029077410697936,0.5734029150009166
all,novelty_prior_all_model,continuous,0.44604707625508383,0.4576248797774322,2.2560410486826044,0.35529258847236633,0.11029077410697936,0.5734029150009166
all,novelty_prior_all_model,continuous,0.4576248797774322,0.46920268329978065,1.7809941203612205,0.35529258847236633,0.11029077410697936,0.5734029150009166
all,novelty_prior_all_model,continuous,0.46920268329978065,0.4807804868221291,1.3862733090105521,0.35529258847236633,0.11029077410697936,0.5734029150009166
all,novelty_prior_all_model,continuous,0.4807804868221291,0.49235829034447753,1.1297479677170108,0.35529258847236633,0.11029077410697936,0.5734029150009166
all,novelty_prior_all_model,continuous,0.49235829034447753,0.503936093866826,0.8101709432099015,0.35529258847236633,0.11029077410697936,0.5734029150009166
all,novelty_prior_all_model,continuous,0.503936093866826,0.5155138973891744,0.5640102621706511,0.35529258847236633,0.11029077410697936,0.5734029150009166
all,novelty_prior_all_model,continuous,0.5155138973891744,0.5270917009115228,0.4750469283213754,0.35529258847236633,0.11029077410697936,0.5734029150009166
all,novelty_prior_all_model,continuous,0.5270917009115228,0.5386695044338713,0.3273505196978173,0.35529258847236633,0.11029077410697936,0.5734029150009166
all,novelty_prior_all_model,continuous,0.5386695044338713,0.5502473079562197,0.2660262798599702,0.35529258847236633,0.11029077410697936,0.5734029150009166
all,novelty_prior_all_model,continuous,0.5502473079562197,0.5618251114785682,0.20642948339783204,0.35529258847236633,0.11029077410697936,0.5734029150009166
all,novelty_prior_all_model,continuous,0.5618251114785682,0.5734029150009166,0.5778298091763638,0.35529258847236633,0.11029077410697936,0.5734029150009166
all,log_hours_since_article,continuous,0.15227937288109017,0.2865360775202145,0.14800005745269573,1.7141330315836671,0.15227937288109017,5.522547558446064
all,log_hours_since_article,continuous,0.2865360775202145,0.42079278215933885,0.16796181658572157,1.7141330315836671,0.15227937288109017,5.522547558446064
all,log_hours_since_article,continuous,0.42079278215933885,0.5550494867984632,0.19984104385786738,1.7141330315836671,0.15227937288109017,5.522547558446064
all,log_hours_since_article,continuous,0.5550494867984632,0.6893061914375875,0.24073285641022274,1.7141330315836671,0.15227937288109017,5.522547558446064
all,log_hours_since_article,continuous,0.6893061914375875,0.8235628960767118,0.2701541058786751,1.7141330315836671,0.15227937288109017,5.522547558446064
all,log_hours_since_article,continuous,0.8235628960767118,0.9578196007158363,0.31521703227972214,1.7141330315836671,0.15227937288109017,5.522547558446064
all,log_hours_since_article,continuous,0.9578196007158363,1.0920763053549605,0.35640678153555594,1.7141330315836671,0.15227937288109017,5.522547558446064
all,log_hours_since_article,continuous,1.0920763053549605,1.226333009994085,0.3967027206809543,1.7141330315836671,0.15227937288109017,5.522547558446064
all,log_hours_since_article,continuous,1.226333009994085,1.360589714633209,0.43714762817809394,1.7141330315836671,0.15227937288109017,5.522547558446064
all,log_hours_since_article,continuous,1.360589714633209,1.4948464192723336,0.4709634440228453,1.7141330315836671,0.15227937288109017,5.522547558446064
all,log_hours_since_article,continuous,1.4948464192723336,1.6291031239114577,0.45174652664851594,1.7141330315836671,0.15227937288109017,5.522547558446064
all,log_hours_since_article,continuous,1.6291031239114577,1.7633598285505823,0.4183776158589786,1.7141330315836671,0.15227937288109017,5.522547558446064
all,log_hours_since_article,continuous,1.7633598285505823,1.8976165331897068,0.37666647737205894,1.7141330315836671,0.15227937288109017,5.522547558446064
all,log_hours_since_article,continuous,1.8976165331897068,2.031873237828831,0.3171536208523299,1.7141330315836671,0.15227937288109017,5.522547558446064
all,log_hours_since_article,continuous,2.031873237828831,2.166129942467955,0.26814303313019905,1.7141330315836671,0.15227937288109017,5.522547558446064
all,log_hours_since_article,continuous,2.166129942467955,2.3003866471070795,0.2303050717884924,1.7141330315836671,0.15227937288109017,5.522547558446064
all,log_hours_since_article,continuous,2.3003866471070795,2.434643351746204,0.2027459267167776,1.7141330315836671,0.15227937288109017,5.522547558446064
all,log_hours_since_article,continuous,2.434643351746204,2.568900056385328,0.18918980670852933,1.7141330315836671,0.15227937288109017,5.522547558446064
all,log_hours_since_article,continuous,2.568900056385328,2.7031567610244527,0.17570817087614932,1.7141330315836671,0.15227937288109017,5.522547558446064
all,log_hours_since_article,continuous,2.7031567610244527,2.8374134656635768,0.17876202208679937,1.7141330315836671,0.15227937288109017,5.522547558446064
all,log_hours_since_article,continuous,2.8374134656635768,2.9716701703027013,0.16505693372681085,1.7141330315836671,0.15227937288109017,5.522547558446064
all,log_hours_since_article,continuous,2.9716701703027013,3.1059268749418254,0.18144345241810136,1.7141330315836671,0.15227937288109017,5.522547558446064
all,log_hours_since_article,continuous,3.1059268749418254,3.24018357958095,0.2057997779274271,1.7141330315836671,0.15227937288109017,5.522547558446064
all,log_hours_since_article,continuous,3.24018357958095,3.3744402842200745,0.20431009441003709,1.7141330315836671,0.15227937288109017,5.522547558446064
all,log_hours_since_article,continuous,3.3744402842200745,3.5086969888591986,0.15820438954681743,1.7141330315836671,0.15227937288109017,5.522547558446064
all,log_hours_since_article,continuous,3.5086969888591986,3.642953693498323,0.10412887786556028,1.7141330315836671,0.15227937288109017,5.522547558446064
all,log_hours_since_article,continuous,3.642953693498323,3.777210398137447,0.07731457455254073,1.7141330315836671,0.15227937288109017,5.522547558446064
all,log_hours_since_article,continuous,3.777210398137447,3.9114671027765717,0.09675494445447985,1.7141330315836671,0.15227937288109017,5.522547558446064
all,log_hours_since_article,continuous,3.9114671027765717,4.045723807415696,0.10211780511708414,1.7141330315836671,0.15227937288109017,5.522547558446064
all,log_hours_since_article,continuous,4.045723807415696,4.17998051205482,0.04774435673234917,1.7141330315836671,0.15227937288109017,5.522547558446064
all,log_hours_since_article,continuous,4.17998051205482,4.314237216693945,0.053479638274300634,1.7141330315836671,0.15227937288109017,5.522547558446064
all,log_hours_since_article,continuous,4.314237216693945,4.448493921333069,0.05444793256060413,1.7141330315836671,0.15227937288109017,5.522547558446064
all,log_hours_since_article,continuous,4.448493921333069,4.582750625972194,0.03038954375475579,1.7141330315836671,0.15227937288109017,5.522547558446064
all,log_hours_since_article,continuous,4.582750625972194,4.7170073306113185,0.03113438551345079,1.7141330315836671,0.15227937288109017,5.522547558446064
all,log_hours_since_article,continuous,4.7170073306113185,4.851264035250442,0.022419736936719496,1.7141330315836671,0.15227937288109017,5.522547558446064
all,log_hours_since_article,continuous,4.851264035250442,4.985520739889567,0.016609971218898387,1.7141330315836671,0.15227937288109017,5.522547558446064
all,log_hours_since_article,continuous,4.985520739889567,5.119777444528691,0.01742929715346288,1.7141330315836671,0.15227937288109017,5.522547558446064
all,log_hours_since_article,continuous,5.119777444528691,5.254034149167816,0.013630604184118406,1.7141330315836671,0.15227937288109017,5.522547558446064
all,log_hours_since_article,continuous,5.254034149167816,5.388290853806939,0.008789132752600999,1.7141330315836671,0.15227937288109017,5.522547558446064
all,log_hours_since_article,continuous,5.388290853806939,5.522547558446064,0.04528637892865569,1.7141330315836671,0.15227937288109017,5.522547558446064
all,prior_reply_composition,continuous,-2.5649493574615367,-2.4555285945489347,0.05026468335258301,0.4883859678547431,-2.5649493574615367,1.8118811590425525
all,prior_reply_composition,continuous,-2.4555285945489347,-2.346107831636332,0.012520475671461534,0.4883859678547431,-2.5649493574615367,1.8118811590425525
all,prior_reply_composition,continuous,-2.346107831636332,-2.23668706872373,0.00566620066883663,0.4883859678547431,-2.5649493574615367,1.8118811590425525
all,prior_reply_composition,continuous,-2.23668706872373,-2.1272663058111276,0.01855223767377147,0.4883859678547431,-2.5649493574615367,1.8118811590425525
all,prior_reply_composition,continuous,-2.1272663058111276,-2.0178455428985256,0.011149620670936592,0.4883859678547431,-2.5649493574615367,1.8118811590425525
all,prior_reply_composition,continuous,-2.0178455428985256,-1.9084247799859233,0.02632041601007977,0.4883859678547431,-2.5649493574615367,1.8118811590425525
all,prior_reply_composition,continuous,-1.9084247799859233,-1.799004017073321,0.014531063005564875,0.4883859678547431,-2.5649493574615367,1.8118811590425525
all,prior_reply_composition,continuous,-1.799004017073321,-1.689583254160719,0.01608469867282656,0.4883859678547431,-2.5649493574615367,1.8118811590425525
all,prior_reply_composition,continuous,-1.689583254160719,-1.5801624912481165,0.04441570201700953,0.4883859678547431,-2.5649493574615367,1.8118811590425525
all,prior_reply_composition,continuous,-1.5801624912481165,-1.4707417283355144,0.021933680008399854,0.4883859678547431,-2.5649493574615367,1.8118811590425525
all,prior_reply_composition,continuous,-1.4707417283355144,-1.3613209654229121,0.03207800701228473,0.4883859678547431,-2.5649493574615367,1.8118811590425525
all,prior_reply_composition,continuous,-1.3613209654229121,-1.2519002025103099,0.04130843068248632,0.4883859678547431,-2.5649493574615367,1.8118811590425525
all,prior_reply_composition,continuous,-1.2519002025103099,-1.1424794395977076,0.04487265368385128,0.4883859678547431,-2.5649493574615367,1.8118811590425525
all,prior_reply_composition,continuous,-1.1424794395977076,-1.0330586766851055,0.07823012536329282,0.4883859678547431,-2.5649493574615367,1.8118811590425525
all,prior_reply_composition,continuous,-1.0330586766851055,-0.9236379137725033,0.06845135969288108,0.4883859678547431,-2.5649493574615367,1.8118811590425525
all,prior_reply_composition,continuous,-0.9236379137725033,-0.814217150859901,0.08279964203170928,0.4883859678547431,-2.5649493574615367,1.8118811590425525
all,prior_reply_composition,continuous,-0.814217150859901,-0.7047963879472987,0.10601278670726574,0.4883859678547431,-2.5649493574615367,1.8118811590425525
all,prior_reply_composition,continuous,-0.7047963879472987,-0.5953756250346964,0.13132790905029387,0.4883859678547431,-2.5649493574615367,1.8118811590425525
all,prior_reply_composition,continuous,-0.5953756250346964,-0.48595486212209416,0.153901321392272,0.4883859678547431,-2.5649493574615367,1.8118811590425525
all,prior_reply_composition,continuous,-0.48595486212209416,-0.3765340992094921,0.18616210907129377,0.4883859678547431,-2.5649493574615367,1.8118811590425525
all,prior_reply_composition,continuous,-0.3765340992094921,-0.2671133362968896,0.2406307477588191,0.4883859678547431,-2.5649493574615367,1.8118811590425525
all,prior_reply_composition,continuous,-0.2671133362968896,-0.15769257338428755,0.28998152777771974,0.4883859678547431,-2.5649493574615367,1.8118811590425525
all,prior_reply_composition,continuous,-0.15769257338428755,-0.048271810471685495,0.34362765346493107,0.4883859678547431,-2.5649493574615367,1.8118811590425525
all,prior_reply_composition,continuous,-0.048271810471685495,0.061148952440917004,0.4238683661623255,0.4883859678547431,-2.5649493574615367,1.8118811590425525
all,prior_reply_composition,continuous,0.061148952440917004,0.17056971535351906,0.4679185068458636,0.4883859678547431,-2.5649493574615367,1.8118811590425525
all,prior_reply_composition,continuous,0.17056971535351906,0.27999047826612156,0.5216560228664411,0.4883859678547431,-2.5649493574615367,1.8118811590425525
all,prior_reply_composition,continuous,0.27999047826612156,0.3894112411787236,0.5848067432239612,0.4883859678547431,-2.5649493574615367,1.8118811590425525
all,prior_reply_composition,continuous,0.3894112411787236,0.49883200409132566,0.6135033079016176,0.4883859678547431,-2.5649493574615367,1.8118811590425525
all,prior_reply_composition,continuous,0.49883200409132566,0.6082527670039282,0.6538064449170496,0.4883859678547431,-2.5649493574615367,1.8118811590425525
all,prior_reply_composition,continuous,0.6082527670039282,0.7176735299165302,0.6378131365775941,0.4883859678547431,-2.5649493574615367,1.8118811590425525
all,prior_reply_composition,continuous,0.7176735299165302,0.8270942928291327,0.6337005715760166,0.4883859678547431,-2.5649493574615367,1.8118811590425525
all,prior_reply_composition,continuous,0.8270942928291327,0.9365150557417348,0.6092993525666742,0.4883859678547431,-2.5649493574615367,1.8118811590425525
all,prior_reply_composition,continuous,0.9365150557417348,1.0459358186543368,0.5186401418652883,0.4883859678547431,-2.5649493574615367,1.8118811590425525
all,prior_reply_composition,continuous,1.0459358186543368,1.1553565815669393,0.43053986049821374,0.4883859678547431,-2.5649493574615367,1.8118811590425525
all,prior_reply_composition,continuous,1.1553565815669393,1.2647773444795414,0.3328435941274678,0.4883859678547431,-2.5649493574615367,1.8118811590425525
all,prior_reply_composition,continuous,1.2647773444795414,1.3741981073921439,0.23825459909124244,0.4883859678547431,-2.5649493574615367,1.8118811590425525
all,prior_reply_composition,continuous,1.3741981073921439,1.483618870304746,0.1688893360646789,0.4883859678547431,-2.5649493574615367,1.8118811590425525
all,prior_reply_composition,continuous,1.483618870304746,1.5930396332173484,0.11661406537799208,0.4883859678547431,-2.5649493574615367,1.8118811590425525
all,prior_reply_composition,continuous,1.5930396332173484,1.70246039612995,0.07640231869592647,0.4883859678547431,-2.5649493574615367,1.8118811590425525
all,prior_reply_composition,continuous,1.70246039612995,1.8118811590425525,0.08965391703433405,0.4883859678547431,-2.5649493574615367,1.8118811590425525
all,discussion_pace,continuous,-0.22860532137547754,-0.06658627628778299,0.04129144198065706,3.7859005089859896,-0.22860532137547754,6.252156482132305
all,discussion_pace,continuous,-0.06658627628778299,0.09543276879991155,0.003332941505165144,3.7859005089859896,-0.22860532137547754,6.252156482132305
all,discussion_pace,continuous,0.09543276879991155,0.2574518138876061,0.005246296813685877,3.7859005089859896,-0.22860532137547754,6.252156482132305
all,discussion_pace,continuous,0.2574518138876061,0.4194708589753007,0.007097930983222063,3.7859005089859896,-0.22860532137547754,6.252156482132305
all,discussion_pace,continuous,0.4194708589753007,0.5814899040629953,0.00790030579002108,3.7859005089859896,-0.22860532137547754,6.252156482132305
all,discussion_pace,continuous,0.5814899040629953,0.7435089491506898,0.013393487159645119,3.7859005089859896,-0.22860532137547754,6.252156482132305
all,discussion_pace,continuous,0.7435089491506898,0.9055279942383843,0.0216023986445889,3.7859005089859896,-0.22860532137547754,6.252156482132305
all,discussion_pace,continuous,0.9055279942383843,1.0675470393260789,0.022589936868341525,3.7859005089859896,-0.22860532137547754,6.252156482132305
all,discussion_pace,continuous,1.0675470393260789,1.2295660844137735,0.028391723932888253,3.7859005089859896,-0.22860532137547754,6.252156482132305
all,discussion_pace,continuous,1.2295660844137735,1.391585129501468,0.042957912733239616,3.7859005089859896,-0.22860532137547754,6.252156482132305
all,discussion_pace,continuous,1.391585129501468,1.5536041745891624,0.049253468909662736,3.7859005089859896,-0.22860532137547754,6.252156482132305
all,discussion_pace,continuous,1.5536041745891624,1.715623219676857,0.06036327392687981,3.7859005089859896,-0.22860532137547754,6.252156482132305
all,discussion_pace,continuous,1.715623219676857,1.8776422647645516,0.07752175056458184,3.7859005089859896,-0.22860532137547754,6.252156482132305
all,discussion_pace,continuous,1.8776422647645516,2.039661309852246,0.08702680596820118,3.7859005089859896,-0.22860532137547754,6.252156482132305
all,discussion_pace,continuous,2.039661309852246,2.2016803549399406,0.10412356146691831,3.7859005089859896,-0.22860532137547754,6.252156482132305
all,discussion_pace,continuous,2.2016803549399406,2.363699400027635,0.1323918431218378,3.7859005089859896,-0.22860532137547754,6.252156482132305
all,discussion_pace,continuous,2.363699400027635,2.5257184451153294,0.15973430769198893,3.7859005089859896,-0.22860532137547754,6.252156482132305
all,discussion_pace,continuous,2.5257184451153294,2.687737490203024,0.1926316747707481,3.7859005089859896,-0.22860532137547754,6.252156482132305
all,discussion_pace,continuous,2.687737490203024,2.8497565352907186,0.2222578214833277,3.7859005089859896,-0.22860532137547754,6.252156482132305
all,discussion_pace,continuous,2.8497565352907186,3.0117755803784134,0.25410592919934955,3.7859005089859896,-0.22860532137547754,6.252156482132305
all,discussion_pace,continuous,3.0117755803784134,3.173794625466108,0.2830531433830994,3.7859005089859896,-0.22860532137547754,6.252156482132305
all,discussion_pace,continuous,3.173794625466108,3.335813670553802,0.3063837339192554,3.7859005089859896,-0.22860532137547754,6.252156482132305
all,discussion_pace,continuous,3.335813670553802,3.497832715641497,0.33020809356728686,3.7859005089859896,-0.22860532137547754,6.252156482132305
all,discussion_pace,continuous,3.497832715641497,3.6598517607291914,0.35594580852384083,3.7859005089859896,-0.22860532137547754,6.252156482132305
all,discussion_pace,continuous,3.6598517607291914,3.821870805816886,0.35810604838829874,3.7859005089859896,-0.22860532137547754,6.252156482132305
all,discussion_pace,continuous,3.821870805816886,3.9838898509045806,0.36180931672737215,3.7859005089859896,-0.22860532137547754,6.252156482132305
all,discussion_pace,continuous,3.9838898509045806,4.145908895992275,0.3510081174050767,3.7859005089859896,-0.22860532137547754,6.252156482132305
all,discussion_pace,continuous,4.145908895992275,4.30792794107997,0.35687162560860897,3.7859005089859896,-0.22860532137547754,6.252156482132305
all,discussion_pace,continuous,4.30792794107997,4.469946986167664,0.33415824646229836,3.7859005089859896,-0.22860532137547754,6.252156482132305
all,discussion_pace,continuous,4.469946986167664,4.631966031255359,0.3118151941498932,3.7859005089859896,-0.22860532137547754,6.252156482132305
all,discussion_pace,continuous,4.631966031255359,4.793985076343054,0.2825593742712231,3.7859005089859896,-0.22860532137547754,6.252156482132305
all,discussion_pace,continuous,4.793985076343054,4.956004121430748,0.23447860700226658,3.7859005089859896,-0.22860532137547754,6.252156482132305
all,discussion_pace,continuous,4.956004121430748,5.118023166518443,0.20744474812703814,3.7859005089859896,-0.22860532137547754,6.252156482132305
all,discussion_pace,continuous,5.118023166518443,5.280042211606137,0.16831354601083998,3.7859005089859896,-0.22860532137547754,6.252156482132305
all,discussion_pace,continuous,5.280042211606137,5.442061256693832,0.1296143918675328,3.7859005089859896,-0.22860532137547754,6.252156482132305
all,discussion_pace,continuous,5.442061256693832,5.604080301781527,0.09393957353446952,3.7859005089859896,-0.22860532137547754,6.252156482132305
all,discussion_pace,continuous,5.604080301781527,5.766099346869221,0.06381965771001412,3.7859005089859896,-0.22860532137547754,6.252156482132305
all,discussion_pace,continuous,5.766099346869221,5.928118391956915,0.03746473136361564,3.7859005089859896,-0.22860532137547754,6.252156482132305
all,discussion_pace,continuous,5.928118391956915,6.09013743704461,0.02413296534295505,3.7859005089859896,-0.22860532137547754,6.252156482132305
all,discussion_pace,continuous,6.09013743704461,6.252156482132305,0.047772161574033516,3.7859005089859896,-0.22860532137547754,6.252156482132305
all,vienna_overnight,binary,0.0,0.0,0.96362,0.0,0.0,0.0
all,vienna_overnight,binary,1.0,1.0,0.03638,0.0,1.0,1.0
all,vienna_weekday_shoulder_evening,binary,0.0,0.0,0.71102,0.0,0.0,0.0
all,vienna_weekday_shoulder_evening,binary,1.0,1.0,0.28898,0.0,1.0,1.0
all,vienna_weekend_day_evening,binary,0.0,0.0,0.76082,0.0,0.0,0.0
all,vienna_weekend_day_evening,binary,1.0,1.0,0.23918,0.0,1.0,1.0
all,log_author_prior_30d_comments,continuous,0.0,0.18695424235399463,0.12174101915753445,4.605170185988092,0.0,7.478169694159785
all,log_author_prior_30d_comments,continuous,0.18695424235399463,0.37390848470798926,0.0,4.605170185988092,0.0,7.478169694159785
all,log_author_prior_30d_comments,continuous,0.37390848470798926,0.5608627270619839,0.0,4.605170185988092,0.0,7.478169694159785
all,log_author_prior_30d_comments,continuous,0.5608627270619839,0.7478169694159785,0.06691476931725643,4.605170185988092,0.0,7.478169694159785
all,log_author_prior_30d_comments,continuous,0.7478169694159785,0.9347712117699731,0.0,4.605170185988092,0.0,7.478169694159785
all,log_author_prior_30d_comments,continuous,0.9347712117699731,1.1217254541239678,0.06108446567570487,4.605170185988092,0.0,7.478169694159785
all,log_author_prior_30d_comments,continuous,1.1217254541239678,1.3086796964779623,0.0,4.605170185988092,0.0,7.478169694159785
all,log_author_prior_30d_comments,continuous,1.3086796964779623,1.495633938831957,0.05380995837982409,4.605170185988092,0.0,7.478169694159785
all,log_author_prior_30d_comments,continuous,1.495633938831957,1.6825881811859518,0.04872850107755441,4.605170185988092,0.0,7.478169694159785
all,log_author_prior_30d_comments,continuous,1.6825881811859518,1.8695424235399463,0.0470168523020531,4.605170185988092,0.0,7.478169694159785
all,log_author_prior_30d_comments,continuous,1.8695424235399463,2.056496665893941,0.043754021823753576,4.605170185988092,0.0,7.478169694159785
all,log_author_prior_30d_comments,continuous,2.056496665893941,2.2434509082479357,0.08504754853272393,4.605170185988092,0.0,7.478169694159785
all,log_author_prior_30d_comments,continuous,2.2434509082479357,2.4304051506019304,0.08071493756973612,4.605170185988092,0.0,7.478169694159785
all,log_author_prior_30d_comments,continuous,2.4304051506019304,2.6173593929559247,0.0782544424549531,4.605170185988092,0.0,7.478169694159785
all,log_author_prior_30d_comments,continuous,2.6173593929559247,2.8043136353099194,0.10842225212316442,4.605170185988092,0.0,7.478169694159785
all,log_author_prior_30d_comments,continuous,2.8043136353099194,2.991267877663914,0.09927562897907903,4.605170185988092,0.0,7.478169694159785
all,log_author_prior_30d_comments,continuous,2.991267877663914,3.178222120017909,0.1616438312364099,4.605170185988092,0.0,7.478169694159785
all,log_author_prior_30d_comments,continuous,3.178222120017909,3.3651763623719035,0.12152706306059674,4.605170185988092,0.0,7.478169694159785
all,log_author_prior_30d_comments,continuous,3.3651763623719035,3.552130604725898,0.16576248610246047,4.605170185988092,0.0,7.478169694159785
all,log_author_prior_30d_comments,continuous,3.552130604725898,3.7390848470798925,0.20406062745430306,4.605170185988092,0.0,7.478169694159785
all,log_author_prior_30d_comments,continuous,3.7390848470798925,3.9260390894338872,0.19047441529876097,4.605170185988092,0.0,7.478169694159785
all,log_author_prior_30d_comments,continuous,3.9260390894338872,4.112993331787882,0.2418773675880363,4.605170185988092,0.0,7.478169694159785
all,log_author_prior_30d_comments,continuous,4.112993331787882,4.299947574141877,0.2394703614974875,4.605170185988092,0.0,7.478169694159785
all,log_author_prior_30d_comments,continuous,4.299947574141877,4.486901816495871,0.27193819920777895,4.605170185988092,0.0,7.478169694159785
all,log_author_prior_30d_comments,continuous,4.486901816495871,4.673856058849866,0.29049889061712186,4.605170185988092,0.0,7.478169694159785
all,log_author_prior_30d_comments,continuous,4.673856058849866,4.860810301203861,0.2935477649984837,4.605170185988092,0.0,7.478169694159785
all,log_author_prior_30d_comments,continuous,4.860810301203861,5.047764543557855,0.2892686430597316,4.605170185988092,0.0,7.478169694159785
all,log_author_prior_30d_comments,continuous,5.047764543557855,5.234718785911849,0.30167809668211515,4.605170185988092,0.0,7.478169694159785
all,log_author_prior_30d_comments,continuous,5.234718785911849,5.421673028265844,0.286540702823775,4.605170185988092,0.0,7.478169694159785
all,log_author_prior_30d_comments,continuous,5.421673028265844,5.608627270619839,0.24273319197578694,4.605170185988092,0.0,7.478169694159785
all,log_author_prior_30d_comments,continuous,5.608627270619839,5.7955815129738335,0.22497483592996032,4.605170185988092,0.0,7.478169694159785
all,log_author_prior_30d_comments,continuous,5.7955815129738335,5.982535755327828,0.20165362136375425,4.605170185988092,0.0,7.478169694159785
all,log_author_prior_30d_comments,continuous,5.982535755327828,6.169489997681823,0.16816949219300883,4.605170185988092,0.0,7.478169694159785
all,log_author_prior_30d_comments,continuous,6.169489997681823,6.356444240035818,0.16688575561138286,4.605170185988092,0.0,7.478169694159785
all,log_author_prior_30d_comments,continuous,6.356444240035818,6.543398482389812,0.13340162644063744,4.605170185988092,0.0,7.478169694159785
all,log_author_prior_30d_comments,continuous,6.543398482389812,6.730352724743807,0.09467557289491911,4.605170185988092,0.0,7.478169694159785
all,log_author_prior_30d_comments,continuous,6.730352724743807,6.917306967097802,0.05985421811831326,4.605170185988092,0.0,7.478169694159785
all,log_author_prior_30d_comments,continuous,6.917306967097802,7.104261209451796,0.03647951452787296,4.605170185988092,0.0,7.478169694159785
all,log_author_prior_30d_comments,continuous,7.104261209451796,7.29121545180579,0.02396308285701907,4.605170185988092,0.0,7.478169694159785
all,log_author_prior_30d_comments,continuous,7.29121545180579,7.478169694159785,0.04305866450870615,4.605170185988092,0.0,7.478169694159785
all,author_prior_30d_upvote_reception,continuous,-0.8472978603872037,-0.7455207171057562,0.055316938739685254,1.5511457544347258,-0.8472978603872037,3.2237878708706957
all,author_prior_30d_upvote_reception,continuous,-0.7455207171057562,-0.6437435738243087,0.0029476166291128912,1.5511457544347258,-0.8472978603872037,3.2237878708706957
all,author_prior_30d_upvote_reception,continuous,-0.6437435738243087,-0.5419664305428612,0.006583010471685457,1.5511457544347258,-0.8472978603872037,3.2237878708706957
all,author_prior_30d_upvote_reception,continuous,-0.5419664305428612,-0.4401892872614137,0.012379989842274142,1.5511457544347258,-0.8472978603872037,3.2237878708706957
all,author_prior_30d_upvote_reception,continuous,-0.4401892872614137,-0.3384121439799662,0.009923642651346733,1.5511457544347258,-0.8472978603872037,3.2237878708706957
all,author_prior_30d_upvote_reception,continuous,-0.3384121439799662,-0.23663500069851873,0.01709617644885477,1.5511457544347258,-0.8472978603872037,3.2237878708706957
all,author_prior_30d_upvote_reception,continuous,-0.23663500069851873,-0.13485785741707124,0.01817696921286283,1.5511457544347258,-0.8472978603872037,3.2237878708706957
all,author_prior_30d_upvote_reception,continuous,-0.13485785741707124,-0.033080714135623746,0.019356015864507987,1.5511457544347258,-0.8472978603872037,3.2237878708706957
all,author_prior_30d_upvote_reception,continuous,-0.033080714135623746,0.06869642914582375,0.28552579747340207,1.5511457544347258,-0.8472978603872037,3.2237878708706957
all,author_prior_30d_upvote_reception,continuous,0.06869642914582375,0.17047357242727124,0.03881028561665307,1.5511457544347258,-0.8472978603872037,3.2237878708706957
all,author_prior_30d_upvote_reception,continuous,0.17047357242727124,0.27225071570871884,0.06150693366082226,1.5511457544347258,-0.8472978603872037,3.2237878708706957
all,author_prior_30d_upvote_reception,continuous,0.27225071570871884,0.3740278589901662,0.07457470071655622,1.5511457544347258,-0.8472978603872037,3.2237878708706957
all,author_prior_30d_upvote_reception,continuous,0.3740278589901662,0.4758050022716136,0.09088484606431424,1.5511457544347258,-0.8472978603872037,3.2237878708706957
all,author_prior_30d_upvote_reception,continuous,0.4758050022716136,0.5775821455530612,0.1343130643999106,1.5511457544347258,-0.8472978603872037,3.2237878708706957
all,author_prior_30d_upvote_reception,continuous,0.5775821455530612,0.6793592888345088,0.1552411424666121,1.5511457544347258,-0.8472978603872037,3.2237878708706957
all,author_prior_30d_upvote_reception,continuous,0.6793592888345088,0.7811364321159562,0.1918898425552494,1.5511457544347258,-0.8472978603872037,3.2237878708706957
all,author_prior_30d_upvote_reception,continuous,0.7811364321159562,0.8829135753974036,0.28267643473192655,1.5511457544347258,-0.8472978603872037,3.2237878708706957
all,author_prior_30d_upvote_reception,continuous,0.8829135753974036,0.9846907186788512,0.3433973372916514,1.5511457544347258,-0.8472978603872037,3.2237878708706957
all,author_prior_30d_upvote_reception,continuous,0.9846907186788512,1.0864678619602988,0.4102099808848769,1.5511457544347258,-0.8472978603872037,3.2237878708706957
all,author_prior_30d_upvote_reception,continuous,1.0864678619602988,1.1882450052417461,0.5093481535107082,1.5511457544347258,-0.8472978603872037,3.2237878708706957
all,author_prior_30d_upvote_reception,continuous,1.1882450052417461,1.2900221485231935,0.5601454134190871,1.5511457544347258,-0.8472978603872037,3.2237878708706957
all,author_prior_30d_upvote_reception,continuous,1.2900221485231935,1.3917992918046413,0.5968923673953586,1.5511457544347258,-0.8472978603872037,3.2237878708706957
all,author_prior_30d_upvote_reception,continuous,1.3917992918046413,1.4935764350860887,0.6486721661801109,1.5511457544347258,-0.8472978603872037,3.2237878708706957
all,author_prior_30d_upvote_reception,continuous,1.4935764350860887,1.595353578367536,0.673235638089385,1.5511457544347258,-0.8472978603872037,3.2237878708706957
all,author_prior_30d_upvote_reception,continuous,1.595353578367536,1.6971307216489835,0.6687159592580787,1.5511457544347258,-0.8472978603872037,3.2237878708706957
all,author_prior_30d_upvote_reception,continuous,1.6971307216489835,1.7989078649304309,0.640615347393869,1.5511457544347258,-0.8472978603872037,3.2237878708706957
all,author_prior_30d_upvote_reception,continuous,1.7989078649304309,1.9006850082118787,0.5811717453734232,1.5511457544347258,-0.8472978603872037,3.2237878708706957
all,author_prior_30d_upvote_reception,continuous,1.9006850082118787,2.002462151493326,0.5357784492850883,1.5511457544347258,-0.8472978603872037,3.2237878708706957
all,author_prior_30d_upvote_reception,continuous,2.002462151493326,2.1042392947747732,0.46542866573692604,1.5511457544347258,-0.8472978603872037,3.2237878708706957
all,author_prior_30d_upvote_reception,continuous,2.1042392947747732,2.2060164380562215,0.39704395994150343,1.5511457544347258,-0.8472978603872037,3.2237878708706957
all,author_prior_30d_upvote_reception,continuous,2.2060164380562215,2.307793581337669,0.33671607293232964,1.5511457544347258,-0.8472978603872037,3.2237878708706957
all,author_prior_30d_upvote_reception,continuous,2.307793581337669,2.4095707246191163,0.2618466105528621,1.5511457544347258,-0.8472978603872037,3.2237878708706957
all,author_prior_30d_upvote_reception,continuous,2.4095707246191163,2.5113478679005636,0.20014316911676552,1.5511457544347258,-0.8472978603872037,3.2237878708706957
all,author_prior_30d_upvote_reception,continuous,2.5113478679005636,2.613125011182011,0.15032844808475762,1.5511457544347258,-0.8472978603872037,3.2237878708706957
all,author_prior_30d_upvote_reception,continuous,2.613125011182011,2.7149021544634584,0.12242434399582222,1.5511457544347258,-0.8472978603872037,3.2237878708706957
all,author_prior_30d_upvote_reception,continuous,2.7149021544634584,2.8166792977449058,0.07958564898604815,1.5511457544347258,-0.8472978603872037,3.2237878708706957
all,author_prior_30d_upvote_reception,continuous,2.8166792977449058,2.918456441026353,0.05688900094187887,1.5511457544347258,-0.8472978603872037,3.2237878708706957
all,author_prior_30d_upvote_reception,continuous,2.918456441026353,3.0202335843078014,0.03704171563918505,1.5511457544347258,-0.8472978603872037,3.2237878708706957
all,author_prior_30d_upvote_reception,continuous,3.0202335843078014,3.122010727589249,0.02741283465074992,1.5511457544347258,-0.8472978603872037,3.2237878708706957
all,author_prior_30d_upvote_reception,continuous,3.122010727589249,3.2237878708706957,0.06514232750339526,1.5511457544347258,-0.8472978603872037,3.2237878708706957
all,author_prior_30d_downvote_reception,continuous,-3.1354942159291497,-3.0035900503351387,0.05268976888411143,-0.2006706954621511,-3.1354942159291497,2.140672407831298
all,author_prior_30d_downvote_reception,continuous,-3.0035900503351387,-2.8716858847411273,0.01167514303331386,-0.2006706954621511,-3.1354942159291497,2.140672407831298
all,author_prior_30d_downvote_reception,continuous,-2.8716858847411273,-2.739781719147116,0.01872571642356184,-0.2006706954621511,-3.1354942159291497,2.140672407831298
all,author_prior_30d_downvote_reception,continuous,-2.739781719147116,-2.607877553553105,0.027368354772898163,-0.2006706954621511,-3.1354942159291497,2.140672407831298
all,author_prior_30d_downvote_reception,continuous,-2.607877553553105,-2.475973387959094,0.030628297308174124,-0.2006706954621511,-3.1354942159291497,2.140672407831298
all,author_prior_30d_downvote_reception,continuous,-2.475973387959094,-2.3440692223650825,0.038588622103615286,-0.2006706954621511,-3.1354942159291497,2.140672407831298
all,author_prior_30d_downvote_reception,continuous,-2.3440692223650825,-2.212165056771071,0.02926367020038409,-0.2006706954621511,-3.1354942159291497,2.140672407831298
all,author_prior_30d_downvote_reception,continuous,-2.212165056771071,-2.08026089117706,0.0648956002371214,-0.2006706954621511,-3.1354942159291497,2.140672407831298
all,author_prior_30d_downvote_reception,continuous,-2.08026089117706,-1.948356725583049,0.050567015605327,-0.2006706954621511,-3.1354942159291497,2.140672407831298
all,author_prior_30d_downvote_reception,continuous,-1.948356725583049,-1.8164525599890378,0.11030735787968632,-0.2006706954621511,-3.1354942159291497,2.140672407831298
all,author_prior_30d_downvote_reception,continuous,-1.8164525599890378,-1.6845483943950266,0.08801844845245074,-0.2006706954621511,-3.1354942159291497,2.140672407831298
all,author_prior_30d_downvote_reception,continuous,-1.6845483943950266,-1.5526442288010154,0.15420286318026255,-0.2006706954621511,-3.1354942159291497,2.140672407831298
all,author_prior_30d_downvote_reception,continuous,-1.5526442288010154,-1.4207400632070042,0.14108728042205929,-0.2006706954621511,-3.1354942159291497,2.140672407831298
all,author_prior_30d_downvote_reception,continuous,-1.4207400632070042,-1.288835897612993,0.16959282445144902,-0.2006706954621511,-3.1354942159291497,2.140672407831298
all,author_prior_30d_downvote_reception,continuous,-1.288835897612993,-1.1569317320189818,0.1965063035217505,-0.2006706954621511,-3.1354942159291497,2.140672407831298
all,author_prior_30d_downvote_reception,continuous,-1.1569317320189818,-1.0250275664249706,0.3170483647098613,-0.2006706954621511,-3.1354942159291497,2.140672407831298
all,author_prior_30d_downvote_reception,continuous,-1.0250275664249706,-0.8931234008309596,0.2683008519149213,-0.2006706954621511,-3.1354942159291497,2.140672407831298
all,author_prior_30d_downvote_reception,continuous,-0.8931234008309596,-0.7612192352369482,0.33069463578776015,-0.2006706954621511,-3.1354942159291497,2.140672407831298
all,author_prior_30d_downvote_reception,continuous,-0.7612192352369482,-0.6293150696429368,0.3507849793191119,-0.2006706954621511,-3.1354942159291497,2.140672407831298
all,author_prior_30d_downvote_reception,continuous,-0.6293150696429368,-0.49741090404892585,0.39187541778701,-0.2006706954621511,-3.1354942159291497,2.140672407831298
all,author_prior_30d_downvote_reception,continuous,-0.49741090404892585,-0.3655067384549149,0.41765170760081993,-0.2006706954621511,-3.1354942159291497,2.140672407831298
all,author_prior_30d_downvote_reception,continuous,-0.3655067384549149,-0.23360257286090347,0.4283412866118396,-0.2006706954621511,-3.1354942159291497,2.140672407831298
all,author_prior_30d_downvote_reception,continuous,-0.23360257286090347,-0.10169840726689205,0.42257952771228213,-0.2006706954621511,-3.1354942159291497,2.140672407831298
all,author_prior_30d_downvote_reception,continuous,-0.10169840726689205,0.030205758327118915,0.6218908980667137,-0.2006706954621511,-3.1354942159291497,2.140672407831298
all,author_prior_30d_downvote_reception,continuous,0.030205758327118915,0.16210992392112988,0.394453046768391,-0.2006706954621511,-3.1354942159291497,2.140672407831298
all,author_prior_30d_downvote_reception,continuous,0.16210992392112988,0.2940140895151413,0.37656126913292165,-0.2006706954621511,-3.1354942159291497,2.140672407831298
all,author_prior_30d_downvote_reception,continuous,0.2940140895151413,0.4259182551091527,0.34047446339358794,-0.2006706954621511,-3.1354942159291497,2.140672407831298
all,author_prior_30d_downvote_reception,continuous,0.4259182551091527,0.5578224207031637,0.3073443497211334,-0.2006706954621511,-3.1354942159291497,2.140672407831298
all,author_prior_30d_downvote_reception,continuous,0.5578224207031637,0.6897265862971746,0.27209148276989337,-0.2006706954621511,-3.1354942159291497,2.140672407831298
all,author_prior_30d_downvote_reception,continuous,0.6897265862971746,0.8216307518911861,0.24563287940218767,-0.2006706954621511,-3.1354942159291497,2.140672407831298
all,author_prior_30d_downvote_reception,continuous,0.8216307518911861,0.9535349174851975,0.21174463955873774,-0.2006706954621511,-3.1354942159291497,2.140672407831298
all,author_prior_30d_downvote_reception,continuous,0.9535349174851975,1.0854390830792084,0.16511988004258227,-0.2006706954621511,-3.1354942159291497,2.140672407831298
all,author_prior_30d_downvote_reception,continuous,1.0854390830792084,1.2173432486732194,0.135325521522502,-0.2006706954621511,-3.1354942159291497,2.140672407831298
all,author_prior_30d_downvote_reception,continuous,1.2173432486732194,1.3492474142672304,0.10318097187233907,-0.2006706954621511,-3.1354942159291497,2.140672407831298
all,author_prior_30d_downvote_reception,continuous,1.3492474142672304,1.4811515798612422,0.08202925170159449,-0.2006706954621511,-3.1354942159291497,2.140672407831298
all,author_prior_30d_downvote_reception,continuous,1.4811515798612422,1.6130557454552532,0.06466816238582308,-0.2006706954621511,-3.1354942159291497,2.140672407831298
all,author_prior_30d_downvote_reception,continuous,1.6130557454552532,1.7449599110492642,0.04419875576897404,-0.2006706954621511,-3.1354942159291497,2.140672407831298
all,author_prior_30d_downvote_reception,continuous,1.7449599110492642,1.876864076643276,0.02956692066878175,-0.2006706954621511,-3.1354942159291497,2.140672407831298
all,author_prior_30d_downvote_reception,continuous,1.876864076643276,2.008768242237287,0.020924282319445688,-0.2006706954621511,-3.1354942159291497,2.140672407831298
all,author_prior_30d_downvote_reception,continuous,2.008768242237287,2.140672407831298,0.05466089692869689,-0.2006706954621511,-3.1354942159291497,2.140672407831298
all,log_author_prior_comments_story,continuous,0.0,0.09460474084795653,5.03811960931232,0.6931471805599453,0.0,3.784189633918261
all,log_author_prior_comments_story,continuous,0.09460474084795653,0.18920948169591306,0.0,0.6931471805599453,0.0,3.784189633918261
all,log_author_prior_comments_story,continuous,0.18920948169591306,0.28381422254386957,0.0,0.6931471805599453,0.0,3.784189633918261
all,log_author_prior_comments_story,continuous,0.28381422254386957,0.3784189633918261,0.0,0.6931471805599453,0.0,3.784189633918261
all,log_author_prior_comments_story,continuous,0.3784189633918261,0.4730237042397827,0.0,0.6931471805599453,0.0,3.784189633918261
all,log_author_prior_comments_story,continuous,0.4730237042397827,0.5676284450877391,0.0,0.6931471805599453,0.0,3.784189633918261
all,log_author_prior_comments_story,continuous,0.5676284450877391,0.6622331859356957,0.0,0.6931471805599453,0.0,3.784189633918261
all,log_author_prior_comments_story,continuous,0.6622331859356957,0.7568379267836522,1.911320705276322,0.6931471805599453,0.0,3.784189633918261
all,log_author_prior_comments_story,continuous,0.7568379267836522,0.8514426676316088,0.0,0.6931471805599453,0.0,3.784189633918261
all,log_author_prior_comments_story,continuous,0.8514426676316088,0.9460474084795654,0.0,0.6931471805599453,0.0,3.784189633918261
all,log_author_prior_comments_story,continuous,0.9460474084795654,1.0406521493275218,0.0,0.6931471805599453,0.0,3.784189633918261
all,log_author_prior_comments_story,continuous,1.0406521493275218,1.1352568901754783,1.003332382174697,0.6931471805599453,0.0,3.784189633918261
all,log_author_prior_comments_story,continuous,1.1352568901754783,1.229861631023435,0.0,0.6931471805599453,0.0,3.784189633918261
all,log_author_prior_comments_story,continuous,1.229861631023435,1.3244663718713914,0.0,0.6931471805599453,0.0,3.784189633918261
all,log_author_prior_comments_story,continuous,1.3244663718713914,1.419071112719348,0.617728027963434,0.6931471805599453,0.0,3.784189633918261
all,log_author_prior_comments_story,continuous,1.419071112719348,1.5136758535673045,0.0,0.6931471805599453,0.0,3.784189633918261
all,log_author_prior_comments_story,continuous,1.5136758535673045,1.608280594415261,0.0,0.6931471805599453,0.0,3.784189633918261
all,log_author_prior_comments_story,continuous,1.608280594415261,1.7028853352632176,0.4142498531123713,0.6931471805599453,0.0,3.784189633918261
all,log_author_prior_comments_story,continuous,1.7028853352632176,1.797490076111174,0.29543973958894626,0.6931471805599453,0.0,3.784189633918261
all,log_author_prior_comments_story,continuous,1.797490076111174,1.8920948169591307,0.0,0.6931471805599453,0.0,3.784189633918261
all,log_author_prior_comments_story,continuous,1.8920948169591307,1.9866995578070872,0.21373136080459723,0.6931471805599453,0.0,3.784189633918261
all,log_author_prior_comments_story,continuous,1.9866995578070872,2.0813042986550436,0.1678562813836303,0.6931471805599453,0.0,3.784189633918261
all,log_author_prior_comments_story,continuous,2.0813042986550436,2.1759090395030003,0.0,0.6931471805599453,0.0,3.784189633918261
all,log_author_prior_comments_story,continuous,2.1759090395030003,2.2705137803509565,0.12874619063303663,0.6931471805599453,0.0,3.784189633918261
all,log_author_prior_comments_story,continuous,2.2705137803509565,2.365118521198913,0.10274326543128984,0.6931471805599453,0.0,3.784189633918261
all,log_author_prior_comments_story,continuous,2.365118521198913,2.45972326204687,0.07779736970928942,0.6931471805599453,0.0,3.784189633918261
all,log_author_prior_comments_story,continuous,2.45972326204687,2.5543280028948265,0.07367495473828088,0.6931471805599453,0.0,3.784189633918261
all,log_author_prior_comments_story,continuous,2.5543280028948265,2.6489327437427828,0.10411740375495983,0.6931471805599453,0.0,3.784189633918261
all,log_author_prior_comments_story,continuous,2.6489327437427828,2.7435374845907394,0.04154125855400916,0.6931471805599453,0.0,3.784189633918261
all,log_author_prior_comments_story,continuous,2.7435374845907394,2.838142225438696,0.0716665987267639,0.6931471805599453,0.0,3.784189633918261
all,log_author_prior_comments_story,continuous,2.838142225438696,2.9327469662866523,0.030970963756551506,0.6931471805599453,0.0,3.784189633918261
all,log_author_prior_comments_story,continuous,2.9327469662866523,3.027351707134609,0.04820054427640758,0.6931471805599453,0.0,3.784189633918261
all,log_author_prior_comments_story,continuous,3.027351707134609,3.1219564479825657,0.03583329936338195,0.6931471805599453,0.0,3.784189633918261
all,log_author_prior_comments_story,continuous,3.1219564479825657,3.216561188830522,0.025580113409848,0.6931471805599453,0.0,3.784189633918261
all,log_author_prior_comments_story,continuous,3.216561188830522,3.3111659296784786,0.03213369618427172,0.6931471805599453,0.0,3.784189633918261
all,log_author_prior_comments_story,continuous,3.3111659296784786,3.4057706705264352,0.025791519305797036,0.6931471805599453,0.0,3.784189633918261
all,log_author_prior_comments_story,continuous,3.4057706705264352,3.5003754113743915,0.01849801589555124,0.6931471805599453,0.0,3.784189633918261
all,log_author_prior_comments_story,continuous,3.5003754113743915,3.594980152222348,0.013741383236695142,0.6931471805599453,0.0,3.784189633918261
all,log_author_prior_comments_story,continuous,3.594980152222348,3.689584893070305,0.015009818612390079,0.6931471805599453,0.0,3.784189633918261
all,log_author_prior_comments_story,continuous,3.689584893070305,3.784189633918261,0.0624704422529759,0.6931471805599453,0.0,3.784189633918261
all,is_reply,binary,0.0,0.0,0.29582,1.0,0.0,0.0
all,is_reply,binary,1.0,1.0,0.70418,1.0,1.0,1.0
all,reply_depth_centered,continuous,-0.40436918239429664,-0.35399660688074003,6.334994721763212,0.0,-0.40436918239429664,1.6105338381479681
all,reply_depth_centered,continuous,-0.35399660688074003,-0.3036240313671834,0.0,0.0,-0.40436918239429664,1.6105338381479681
all,reply_depth_centered,continuous,-0.3036240313671834,-0.2532514558536268,0.0,0.0,-0.40436918239429664,1.6105338381479681
all,reply_depth_centered,continuous,-0.2532514558536268,-0.20287888034007018,0.0,0.0,-0.40436918239429664,1.6105338381479681
all,reply_depth_centered,continuous,-0.20287888034007018,-0.15250630482651356,0.0,0.0,-0.40436918239429664,1.6105338381479681
all,reply_depth_centered,continuous,-0.15250630482651356,-0.10213372931295694,0.0,0.0,-0.40436918239429664,1.6105338381479681
all,reply_depth_centered,continuous,-0.10213372931295694,-0.05176115379940033,0.0,0.0,-0.40436918239429664,1.6105338381479681
all,reply_depth_centered,continuous,-0.05176115379940033,-0.0013885782858437112,0.0,0.0,-0.40436918239429664,1.6105338381479681
all,reply_depth_centered,continuous,-0.0013885782858437112,0.048983997227712905,9.388640449260368,0.0,-0.40436918239429664,1.6105338381479681
all,reply_depth_centered,continuous,0.048983997227712905,0.09935657274126952,0.0,0.0,-0.40436918239429664,1.6105338381479681
all,reply_depth_centered,continuous,0.09935657274126952,0.14972914825482608,0.0,0.0,-0.40436918239429664,1.6105338381479681
all,reply_depth_centered,continuous,0.14972914825482608,0.20010172376838276,0.0,0.0,-0.40436918239429664,1.6105338381479681
all,reply_depth_centered,continuous,0.20010172376838276,0.2504742992819394,0.0,0.0,-0.40436918239429664,1.6105338381479681
all,reply_depth_centered,continuous,0.2504742992819394,0.300846874795496,1.7318947683451575,0.0,-0.40436918239429664,1.6105338381479681
all,reply_depth_centered,continuous,0.300846874795496,0.35121945030905255,0.0,0.0,-0.40436918239429664,1.6105338381479681
all,reply_depth_centered,continuous,0.35121945030905255,0.4015920258226092,0.0,0.0,-0.40436918239429664,1.6105338381479681
all,reply_depth_centered,continuous,0.4015920258226092,0.4519646013361659,0.0,0.0,-0.40436918239429664,1.6105338381479681
all,reply_depth_centered,continuous,0.4519646013361659,0.5023371768497225,0.0,0.0,-0.40436918239429664,1.6105338381479681
all,reply_depth_centered,continuous,0.5023371768497225,0.552709752363279,0.8711089229136351,0.0,-0.40436918239429664,1.6105338381479681
all,reply_depth_centered,continuous,0.552709752363279,0.6030823278768357,0.0,0.0,-0.40436918239429664,1.6105338381479681
all,reply_depth_centered,continuous,0.6030823278768357,0.6534549033903924,0.0,0.0,-0.40436918239429664,1.6105338381479681
all,reply_depth_centered,continuous,0.6534549033903924,0.7038274789039488,0.5169479569888583,0.0,-0.40436918239429664,1.6105338381479681
all,reply_depth_centered,continuous,0.7038274789039488,0.7542000544175055,0.0,0.0,-0.40436918239429664,1.6105338381479681
all,reply_depth_centered,continuous,0.7542000544175055,0.8045726299310622,0.0,0.0,-0.40436918239429664,1.6105338381479681
all,reply_depth_centered,continuous,0.8045726299310622,0.8549452054446188,0.30195001635178575,0.0,-0.40436918239429664,1.6105338381479681
all,reply_depth_centered,continuous,0.8549452054446188,0.9053177809581755,0.0,0.0,-0.40436918239429664,1.6105338381479681
all,reply_depth_centered,continuous,0.9053177809581755,0.955690356471732,0.0,0.0,-0.40436918239429664,1.6105338381479681
all,reply_depth_centered,continuous,0.955690356471732,1.0060629319852885,0.20328521810928948,0.0,-0.40436918239429664,1.6105338381479681
all,reply_depth_centered,continuous,1.0060629319852885,1.0564355074988452,0.0,0.0,-0.40436918239429664,1.6105338381479681
all,reply_depth_centered,continuous,1.0564355074988452,1.1068080830124019,0.13459704870908004,0.0,-0.40436918239429664,1.6105338381479681
all,reply_depth_centered,continuous,1.1068080830124019,1.1571806585259585,0.0,0.0,-0.40436918239429664,1.6105338381479681
all,reply_depth_centered,continuous,1.1571806585259585,1.2075532340395152,0.0925106558973913,0.0,-0.40436918239429664,1.6105338381479681
all,reply_depth_centered,continuous,1.2075532340395152,1.2579258095530719,0.0,0.0,-0.40436918239429664,1.6105338381479681
all,reply_depth_centered,continuous,1.2579258095530719,1.3082983850666285,0.06134290273024444,0.0,-0.40436918239429664,1.6105338381479681
all,reply_depth_centered,continuous,1.3082983850666285,1.3586709605801848,0.0,0.0,-0.40436918239429664,1.6105338381479681
all,reply_depth_centered,continuous,1.3586709605801848,1.4090435360937414,0.05141686668975182,0.0,-0.40436918239429664,1.6105338381479681
all,reply_depth_centered,continuous,1.4090435360937414,1.4594161116072981,0.0,0.0,-0.40436918239429664,1.6105338381479681
all,reply_depth_centered,continuous,1.4594161116072981,1.5097886871208548,0.035336688304153756,0.0,-0.40436918239429664,1.6105338381479681
all,reply_depth_centered,continuous,1.5097886871208548,1.5601612626344115,0.024815090101231573,0.0,-0.40436918239429664,1.6105338381479681
all,reply_depth_centered,continuous,1.5601612626344115,1.6105338381479681,0.10323077482112335,0.0,-0.40436918239429664,1.6105338381479681
all,aqua_relevance_expected,continuous,0.8311611535791906,0.8655788173092942,0.20774216565275513,1.7362401199540025,0.8311611535791906,2.2078677027833336
all,aqua_relevance_expected,continuous,0.8655788173092942,0.8999964810393978,0.07379931479132841,1.7362401199540025,0.8311611535791906,2.2078677027833336
all,aqua_relevance_expected,continuous,0.8999964810393978,0.9344141447695014,0.10692184190239706,1.7362401199540025,0.8311611535791906,2.2078677027833336
all,aqua_relevance_expected,continuous,0.9344141447695014,0.9688318084996049,0.13917272356317445,1.7362401199540025,0.8311611535791906,2.2078677027833336
all,aqua_relevance_expected,continuous,0.9688318084996049,1.0032494722297085,0.1467269841323655,1.7362401199540025,0.8311611535791906,2.2078677027833336
all,aqua_relevance_expected,continuous,1.0032494722297085,1.0376671359598122,0.17055195977365997,1.7362401199540025,0.8311611535791906,2.2078677027833336
all,aqua_relevance_expected,continuous,1.0376671359598122,1.0720847996899157,0.21733026560595994,1.7362401199540025,0.8311611535791906,2.2078677027833336
all,aqua_relevance_expected,continuous,1.0720847996899157,1.1065024634200191,0.24580401698214188,1.7362401199540025,0.8311611535791906,2.2078677027833336
all,aqua_relevance_expected,continuous,1.1065024634200191,1.1409201271501228,0.25335827755133133,1.7362401199540025,0.8311611535791906,2.2078677027833336
all,aqua_relevance_expected,continuous,1.1409201271501228,1.1753377908802265,0.30943413485340354,1.7362401199540025,0.8311611535791906,2.2078677027833336
all,aqua_relevance_expected,continuous,1.1753377908802265,1.20975545461033,0.33500240139528314,1.7362401199540025,0.8311611535791906,2.2078677027833336
all,aqua_relevance_expected,continuous,1.20975545461033,1.2441731183404334,0.3861389344790384,1.7362401199540025,0.8311611535791906,2.2078677027833336
all,aqua_relevance_expected,continuous,1.2441731183404334,1.2785907820705371,0.43436998272848665,1.7362401199540025,0.8311611535791906,2.2078677027833336
all,aqua_relevance_expected,continuous,1.2785907820705371,1.3130084458006408,0.4767900613093288,1.7362401199540025,0.8311611535791906,2.2078677027833336
all,aqua_relevance_expected,continuous,1.3130084458006408,1.3474261095307443,0.5151424611221483,1.7362401199540025,0.8311611535791906,2.2078677027833336
all,aqua_relevance_expected,continuous,1.3474261095307443,1.3818437732608477,0.5485555367166476,1.7362401199540025,0.8311611535791906,2.2078677027833336
all,aqua_relevance_expected,continuous,1.3818437732608477,1.4162614369909514,0.6081179758198814,1.7362401199540025,0.8311611535791906,2.2078677027833336
all,aqua_relevance_expected,continuous,1.4162614369909514,1.450679100721055,0.6607072513207883,1.7362401199540025,0.8311611535791906,2.2078677027833336
all,aqua_relevance_expected,continuous,1.450679100721055,1.4850967644511586,0.7650141568723162,1.7362401199540025,0.8311611535791906,2.2078677027833336
all,aqua_relevance_expected,continuous,1.4850967644511586,1.519514428181262,0.8280631777767191,1.7362401199540025,0.8311611535791906,2.2078677027833336
all,aqua_relevance_expected,continuous,1.519514428181262,1.5539320919113657,0.9166804652229935,1.7362401199540025,0.8311611535791906,2.2078677027833336
all,aqua_relevance_expected,continuous,1.5539320919113657,1.5883497556414694,0.9843782618622828,1.7362401199540025,0.8311611535791906,2.2078677027833336
all,aqua_relevance_expected,continuous,1.5883497556414694,1.6227674193715729,1.084908037129217,1.7362401199540025,0.8311611535791906,2.2078677027833336
all,aqua_relevance_expected,continuous,1.6227674193715729,1.6571850831016763,1.1755591639595107,1.7362401199540025,0.8311611535791906,2.2078677027833336
all,aqua_relevance_expected,continuous,1.6571850831016763,1.69160274683178,1.2441286060490835,1.7362401199540025,0.8311611535791906,2.2078677027833336
all,aqua_relevance_expected,continuous,1.69160274683178,1.7260204105618837,1.2871297815967866,1.7362401199540025,0.8311611535791906,2.2078677027833336
all,aqua_relevance_expected,continuous,1.7260204105618837,1.7604380742919872,1.3696455508910363,1.7362401199540025,0.8311611535791906,2.2078677027833336
all,aqua_relevance_expected,continuous,1.7604380742919872,1.7948557380220906,1.4280457960605522,1.7362401199540025,0.8311611535791906,2.2078677027833336
all,aqua_relevance_expected,continuous,1.7948557380220906,1.8292734017521943,1.4385055414640386,1.7362401199540025,0.8311611535791906,2.2078677027833336
all,aqua_relevance_expected,continuous,1.8292734017521943,1.863691065482298,1.4835405563957544,1.7362401199540025,0.8311611535791906,2.2078677027833336
all,aqua_relevance_expected,continuous,1.863691065482298,1.8981087292124013,1.4428637687155133,1.7362401199540025,0.8311611535791906,2.2078677027833336
all,aqua_relevance_expected,continuous,1.8981087292124013,1.932526392942505,1.3783620053939403,1.7362401199540025,0.8311611535791906,2.2078677027833336
all,aqua_relevance_expected,continuous,1.932526392942505,1.9669440566726086,1.3217050511250072,1.7362401199540025,0.8311611535791906,2.2078677027833336
all,aqua_relevance_expected,continuous,1.9669440566726086,2.0013617204027123,1.183694521495555,1.7362401199540025,0.8311611535791906,2.2078677027833336
all,aqua_relevance_expected,continuous,2.0013617204027123,2.0357793841328156,1.0805498098777677,1.7362401199540025,0.8311611535791906,2.2078677027833336
all,aqua_relevance_expected,continuous,2.0357793841328156,2.0701970478629192,0.8882067138468119,1.7362401199540025,0.8311611535791906,2.2078677027833336
all,aqua_relevance_expected,continuous,2.0701970478629192,2.104614711593023,0.7257901116092037,1.7362401199540025,0.8311611535791906,2.2078677027833336
all,aqua_relevance_expected,continuous,2.104614711593023,2.1390323753231266,0.5102031369038278,1.7362401199540025,0.8311611535791906,2.2078677027833336
all,aqua_relevance_expected,continuous,2.1390323753231266,2.17345003905323,0.3492392770833764,1.7362401199540025,0.8311611535791906,2.2078677027833336
all,aqua_relevance_expected,continuous,2.17345003905323,2.2078677027833336,0.332968562011268,1.7362401199540025,0.8311611535791906,2.2078677027833336
all,aqua_fact_expected,continuous,0.11971851342120461,0.18396541821001433,0.20872600857708093,1.8312641309556406,0.11971851342120461,2.6895947049735924
all,aqua_fact_expected,continuous,0.18396541821001433,0.248212322998824,0.1299673506054159,1.8312641309556406,0.11971851342120461,2.6895947049735924
all,aqua_fact_expected,continuous,0.248212322998824,0.31245922778763374,0.13525943434264226,1.8312641309556406,0.11971851342120461,2.6895947049735924
all,aqua_fact_expected,continuous,0.31245922778763374,0.3767061325764434,0.13759417716788938,1.8312641309556406,0.11971851342120461,2.6895947049735924
all,aqua_fact_expected,continuous,0.3767061325764434,0.4409530373652531,0.14553230277372914,1.8312641309556406,0.11971851342120461,2.6895947049735924
all,aqua_fact_expected,continuous,0.4409530373652531,0.5051999421540628,0.14132976568828445,1.8312641309556406,0.11971851342120461,2.6895947049735924
all,aqua_fact_expected,continuous,0.5051999421540628,0.5694468469428726,0.15020178842422288,1.8312641309556406,0.11971851342120461,2.6895947049735924
all,aqua_fact_expected,continuous,0.5694468469428726,0.6336937517316823,0.1447540551653135,1.8312641309556406,0.11971851342120461,2.6895947049735924
all,aqua_fact_expected,continuous,0.6336937517316823,0.697940656520492,0.16592239011421955,1.8312641309556406,0.11971851342120461,2.6895947049735924
all,aqua_fact_expected,continuous,0.697940656520492,0.7621875613093017,0.17354921667669307,1.8312641309556406,0.11971851342120461,2.6895947049735924
all,aqua_fact_expected,continuous,0.7621875613093017,0.8264344660981114,0.1799308470657012,1.8312641309556406,0.11971851342120461,2.6895947049735924
all,aqua_fact_expected,continuous,0.8264344660981114,0.8906813708869211,0.20016528488450877,1.8312641309556406,0.11971851342120461,2.6895947049735924
all,aqua_fact_expected,continuous,0.8906813708869211,0.9549282756757308,0.21526328848777265,1.8312641309556406,0.11971851342120461,2.6895947049735924
all,aqua_fact_expected,continuous,0.9549282756757308,1.0191751804645406,0.21432939135767348,1.8312641309556406,0.11971851342120461,2.6895947049735924
all,aqua_fact_expected,continuous,1.0191751804645406,1.0834220852533503,0.2586895050373667,1.8312641309556406,0.11971851342120461,2.6895947049735924
all,aqua_fact_expected,continuous,1.0834220852533503,1.14766899004216,0.25931210312409925,1.8312641309556406,0.11971851342120461,2.6895947049735924
all,aqua_fact_expected,continuous,1.14766899004216,1.2119158948309696,0.2997809787617137,1.8312641309556406,0.11971851342120461,2.6895947049735924
all,aqua_fact_expected,continuous,1.2119158948309696,1.2761627996197793,0.3198597670588379,1.8312641309556406,0.11971851342120461,2.6895947049735924
all,aqua_fact_expected,continuous,1.2761627996197793,1.340409704408589,0.34071680296437773,1.8312641309556406,0.11971851342120461,2.6895947049735924
all,aqua_fact_expected,continuous,1.340409704408589,1.4046566091973987,0.37511534725635,1.8312641309556406,0.11971851342120461,2.6895947049735924
all,aqua_fact_expected,continuous,1.4046566091973987,1.4689035139862086,0.4090469429832716,1.8312641309556406,0.11971851342120461,2.6895947049735924
all,aqua_fact_expected,continuous,1.4689035139862086,1.5331504187750182,0.44655847770890794,1.8312641309556406,0.11971851342120461,2.6895947049735924
all,aqua_fact_expected,continuous,1.5331504187750182,1.597397323563828,0.494654179908996,1.8312641309556406,0.11971851342120461,2.6895947049735924
all,aqua_fact_expected,continuous,1.597397323563828,1.6616442283526376,0.5422829335440347,1.8312641309556406,0.11971851342120461,2.6895947049735924
all,aqua_fact_expected,continuous,1.6616442283526376,1.7258911331414473,0.6087452793027324,1.8312641309556406,0.11971851342120461,2.6895947049735924
all,aqua_fact_expected,continuous,1.7258911331414473,1.790138037930257,0.629446665686589,1.8312641309556406,0.11971851342120461,2.6895947049735924
all,aqua_fact_expected,continuous,1.790138037930257,1.8543849427190666,0.7194120892194398,1.8312641309556406,0.11971851342120461,2.6895947049735924
all,aqua_fact_expected,continuous,1.8543849427190666,1.9186318475078765,0.7524097878162613,1.8312641309556406,0.11971851342120461,2.6895947049735924
all,aqua_fact_expected,continuous,1.9186318475078765,1.9828787522966862,0.8057975737535785,1.8312641309556406,0.11971851342120461,2.6895947049735924
all,aqua_fact_expected,continuous,1.9828787522966862,2.0471256570854957,0.8082879661005115,1.8312641309556406,0.11971851342120461,2.6895947049735924
all,aqua_fact_expected,continuous,2.0471256570854957,2.1113725618743056,0.810934007969119,1.8312641309556406,0.11971851342120461,2.6895947049735924
all,aqua_fact_expected,continuous,2.1113725618743056,2.175619466663115,0.768130389506263,1.8312641309556406,0.11971851342120461,2.6895947049735924
all,aqua_fact_expected,continuous,2.175619466663115,2.239866371451925,0.7469620545573517,1.8312641309556406,0.11971851342120461,2.6895947049735924
all,aqua_fact_expected,continuous,2.239866371451925,2.3041132762407344,0.6451672673765876,1.8312641309556406,0.11971851342120461,2.6895947049735924
all,aqua_fact_expected,continuous,2.3041132762407344,2.3683601810295443,0.587265645310458,1.8312641309556406,0.11971851342120461,2.6895947049735924
all,aqua_fact_expected,continuous,2.3683601810295443,2.4326070858183537,0.47831098013226875,1.8312641309556406,0.11971851342120461,2.6895947049735924
all,aqua_fact_expected,continuous,2.4326070858183537,2.4968539906071636,0.4151172743289137,1.8312641309556406,0.11971851342120461,2.6895947049735924
all,aqua_fact_expected,continuous,2.4968539906071636,2.561100895395973,0.2957340911979533,1.8312641309556406,0.11971851342120461,2.6895947049735924
all,aqua_fact_expected,continuous,2.561100895395973,2.625347800184783,0.19954268679777556,1.8312641309556406,0.11971851342120461,2.6895947049735924
all,aqua_fact_expected,continuous,2.625347800184783,2.6895947049735924,0.20514606957836973,1.8312641309556406,0.11971851342120461,2.6895947049735924
all,aqua_opinion_expected,continuous,0.24681478473604204,0.30821898301642847,0.18614362405332374,1.7067931341687732,0.24681478473604204,2.702982715951498
all,aqua_opinion_expected,continuous,0.30821898301642847,0.3696231812968148,0.1372870298136064,1.7067931341687732,0.24681478473604204,2.702982715951498
all,aqua_opinion_expected,continuous,0.3696231812968148,0.4310273795772013,0.1540611271692425,1.7067931341687732,0.24681478473604204,2.702982715951498
all,aqua_opinion_expected,continuous,0.4310273795772013,0.4924315778575876,0.17669801583364525,1.7067931341687732,0.24681478473604204,2.702982715951498
all,aqua_opinion_expected,continuous,0.4924315778575876,0.5538357761379741,0.1933092578751489,1.7067931341687732,0.24681478473604204,2.702982715951498
all,aqua_opinion_expected,continuous,0.5538357761379741,0.6152399744183604,0.2025920107806956,1.7067931341687732,0.24681478473604204,2.702982715951498
all,aqua_opinion_expected,continuous,0.6152399744183604,0.6766441726987469,0.22734601852881875,1.7067931341687732,0.24681478473604204,2.702982715951498
all,aqua_opinion_expected,continuous,0.6766441726987469,0.7380483709791332,0.22702030790055436,1.7067931341687732,0.24681478473604204,2.702982715951498
all,aqua_opinion_expected,continuous,0.7380483709791332,0.7994525692595196,0.2571485410150469,1.7067931341687732,0.24681478473604204,2.702982715951498
all,aqua_opinion_expected,continuous,0.7994525692595196,0.860856767539906,0.265291306721666,1.7067931341687732,0.24681478473604204,2.702982715951498
all,aqua_opinion_expected,continuous,0.860856767539906,0.9222609658202925,0.30388801617104283,1.7067931341687732,0.24681478473604204,2.702982715951498
all,aqua_opinion_expected,continuous,0.9222609658202925,0.9836651641006788,0.33271340677247674,1.7067931341687732,0.24681478473604204,2.702982715951498
all,aqua_opinion_expected,continuous,0.9836651641006788,1.0450693623810652,0.3442761340758766,1.7067931341687732,0.24681478473604204,2.702982715951498
all,aqua_opinion_expected,continuous,1.0450693623810652,1.1064735606614517,0.37798718410128035,1.7067931341687732,0.24681478473604204,2.702982715951498
all,aqua_opinion_expected,continuous,1.1064735606614517,1.167877758941838,0.3916670304884027,1.7067931341687732,0.24681478473604204,2.702982715951498
all,aqua_opinion_expected,continuous,1.167877758941838,1.2292819572222244,0.4019269152787433,1.7067931341687732,0.24681478473604204,2.702982715951498
all,aqua_opinion_expected,continuous,1.2292819572222244,1.2906861555026108,0.4341722674769569,1.7067931341687732,0.24681478473604204,2.702982715951498
all,aqua_opinion_expected,continuous,1.2906861555026108,1.3520903537829971,0.46218338150772836,1.7067931341687732,0.24681478473604204,2.702982715951498
all,aqua_opinion_expected,continuous,1.3520903537829971,1.4134945520633837,0.4783060576068334,1.7067931341687732,0.24681478473604204,2.702982715951498
all,aqua_opinion_expected,continuous,1.4134945520633837,1.47489875034377,0.5159256351714177,1.7067931341687732,0.24681478473604204,2.702982715951498
all,aqua_opinion_expected,continuous,1.47489875034377,1.5363029486241564,0.5175541883127416,1.7067931341687732,0.24681478473604204,2.702982715951498
all,aqua_opinion_expected,continuous,1.5363029486241564,1.597707146904543,0.5450767364011139,1.7067931341687732,0.24681478473604204,2.702982715951498
all,aqua_opinion_expected,continuous,1.597707146904543,1.6591113451849293,0.5571280296469129,1.7067931341687732,0.24681478473604204,2.702982715951498
all,aqua_opinion_expected,continuous,1.6591113451849293,1.7205155434653157,0.577159233285197,1.7067931341687732,0.24681478473604204,2.702982715951498
all,aqua_opinion_expected,continuous,1.7205155434653157,1.781919741745702,0.5882333946461997,1.7067931341687732,0.24681478473604204,2.702982715951498
all,aqua_opinion_expected,continuous,1.781919741745702,1.8433239400260883,0.6081017429703516,1.7067931341687732,0.24681478473604204,2.702982715951498
all,aqua_opinion_expected,continuous,1.8433239400260883,1.904728138306475,0.6256901168966476,1.7067931341687732,0.24681478473604204,2.702982715951498
all,aqua_opinion_expected,continuous,1.904728138306475,1.9661323365868613,0.6067989004572925,1.7067931341687732,0.24681478473604204,2.702982715951498
all,aqua_opinion_expected,continuous,1.9661323365868613,2.027536534867248,0.6180359171324252,1.7067931341687732,0.24681478473604204,2.702982715951498
all,aqua_opinion_expected,continuous,2.027536534867248,2.088940733147634,0.6118474151953965,1.7067931341687732,0.24681478473604204,2.702982715951498
all,aqua_opinion_expected,continuous,2.088940733147634,2.1503449314280205,0.5838363011646251,1.7067931341687732,0.24681478473604204,2.702982715951498
all,aqua_opinion_expected,continuous,2.1503449314280205,2.211749129708407,0.5965390156669518,1.7067931341687732,0.24681478473604204,2.702982715951498
all,aqua_opinion_expected,continuous,2.211749129708407,2.273153327988793,0.5454024470293807,1.7067931341687732,0.24681478473604204,2.702982715951498
all,aqua_opinion_expected,continuous,2.273153327988793,2.3345575262691796,0.5348168516107752,1.7067931341687732,0.24681478473604204,2.702982715951498
all,aqua_opinion_expected,continuous,2.3345575262691796,2.395961724549566,0.49003164022436735,1.7067931341687732,0.24681478473604204,2.702982715951498
all,aqua_opinion_expected,continuous,2.395961724549566,2.4573659228299523,0.436289386560678,1.7067931341687732,0.24681478473604204,2.702982715951498
all,aqua_opinion_expected,continuous,2.4573659228299523,2.518770121110339,0.36903014182399746,1.7067931341687732,0.24681478473604204,2.702982715951498
all,aqua_opinion_expected,continuous,2.518770121110339,2.5801743193907254,0.3279906026626374,1.7067931341687732,0.24681478473604204,2.702982715951498
all,aqua_opinion_expected,continuous,2.5801743193907254,2.6415785176711117,0.23728019269089506,1.7067931341687732,0.24681478473604204,2.702982715951498
all,aqua_opinion_expected,continuous,2.6415785176711117,2.702982715951498,0.2387458905180866,1.7067931341687732,0.24681478473604204,2.702982715951498
all,aqua_justification_expected,continuous,0.002251158593599605,0.06572313741664935,1.3448454197082893,1.758386877187733,0.002251158593599605,2.54113031151559
all,aqua_justification_expected,continuous,0.06572313741664935,0.12919511623969912,0.39844354105462315,1.758386877187733,0.002251158593599605,2.54113031151559
all,aqua_justification_expected,continuous,0.12919511623969912,0.19266709506274887,0.2876860047314124,1.758386877187733,0.002251158593599605,2.54113031151559
all,aqua_justification_expected,continuous,0.19266709506274887,0.2561390738857986,0.2438871496846805,1.758386877187733,0.002251158593599605,2.54113031151559
all,aqua_justification_expected,continuous,0.2561390738857986,0.3196110527088484,0.21032903412729212,1.758386877187733,0.002251158593599605,2.54113031151559
all,aqua_justification_expected,continuous,0.3196110527088484,0.3830830315318981,0.19221080272306862,1.758386877187733,0.002251158593599605,2.54113031151559
all,aqua_justification_expected,continuous,0.3830830315318981,0.4465550103549478,0.18953245547200945,1.758386877187733,0.002251158593599605,2.54113031151559
all,aqua_justification_expected,continuous,0.4465550103549478,0.5100269891779976,0.19205325288477085,1.758386877187733,0.002251158593599605,2.54113031151559
all,aqua_justification_expected,continuous,0.5100269891779976,0.5734989680010474,0.1742501211571424,1.758386877187733,0.002251158593599605,2.54113031151559
all,aqua_justification_expected,continuous,0.5734989680010474,0.6369709468240972,0.18086721436564146,1.758386877187733,0.002251158593599605,2.54113031151559
all,aqua_justification_expected,continuous,0.6369709468240972,0.7004429256471468,0.18197006323372497,1.758386877187733,0.002251158593599605,2.54113031151559
all,aqua_justification_expected,continuous,0.7004429256471468,0.7639149044701966,0.18433331080818863,1.758386877187733,0.002251158593599605,2.54113031151559
all,aqua_justification_expected,continuous,0.7639149044701966,0.8273868832932464,0.18622390886775977,1.758386877187733,0.002251158593599605,2.54113031151559
all,aqua_justification_expected,continuous,0.8273868832932464,0.8908588621162961,0.18732675773584329,1.758386877187733,0.002251158593599605,2.54113031151559
all,aqua_justification_expected,continuous,0.8908588621162961,0.9543308409393458,0.18307291210180782,1.758386877187733,0.002251158593599605,2.54113031151559
all,aqua_justification_expected,continuous,0.9543308409393458,1.0178028197623956,0.1993005454464603,1.758386877187733,0.002251158593599605,2.54113031151559
all,aqua_justification_expected,continuous,1.0178028197623956,1.0812747985854454,0.19835524641667474,1.758386877187733,0.002251158593599605,2.54113031151559
all,aqua_justification_expected,continuous,1.0812747985854454,1.1447467774084952,0.20670538784644737,1.758386877187733,0.002251158593599605,2.54113031151559
all,aqua_justification_expected,continuous,1.1447467774084952,1.208218756231545,0.22450851957407586,1.758386877187733,0.002251158593599605,2.54113031151559
all,aqua_justification_expected,continuous,1.208218756231545,1.2716907350545947,0.2391606545357524,1.758386877187733,0.002251158593599605,2.54113031151559
all,aqua_justification_expected,continuous,1.2716907350545947,1.3351627138776443,0.23632475744639647,1.758386877187733,0.002251158593599605,2.54113031151559
all,aqua_justification_expected,continuous,1.3351627138776443,1.398634692700694,0.27319141960803334,1.758386877187733,0.002251158593599605,2.54113031151559
all,aqua_justification_expected,continuous,1.398634692700694,1.4621066715237439,0.28453500796546033,1.758386877187733,0.002251158593599605,2.54113031151559
all,aqua_justification_expected,continuous,1.4621066715237439,1.5255786503467936,0.2968238953526729,1.758386877187733,0.002251158593599605,2.54113031151559
all,aqua_justification_expected,continuous,1.5255786503467936,1.5890506291698434,0.33369055751431065,1.758386877187733,0.002251158593599605,2.54113031151559
all,aqua_justification_expected,continuous,1.5890506291698434,1.6525226079928932,0.36913927113127,1.758386877187733,0.002251158593599605,2.54113031151559
all,aqua_justification_expected,continuous,1.6525226079928932,1.715994586815943,0.39450479509718317,1.758386877187733,0.002251158593599605,2.54113031151559
all,aqua_justification_expected,continuous,1.715994586815943,1.7794665656389925,0.4360979524077503,1.758386877187733,0.002251158593599605,2.54113031151559
all,aqua_justification_expected,continuous,1.7794665656389925,1.8429385444620423,0.46445692330131627,1.758386877187733,0.002251158593599605,2.54113031151559
all,aqua_justification_expected,continuous,1.8429385444620423,1.906410523285092,0.5164483699395233,1.758386877187733,0.002251158593599605,2.54113031151559
all,aqua_justification_expected,continuous,1.906410523285092,1.9698825021081419,0.5690700159309207,1.758386877187733,0.002251158593599605,2.54113031151559
all,aqua_justification_expected,continuous,1.9698825021081419,2.033354480931192,0.6462694366967411,1.758386877187733,0.002251158593599605,2.54113031151559
all,aqua_justification_expected,continuous,2.033354480931192,2.0968264597542414,0.6927466389945369,1.758386877187733,0.002251158593599605,2.54113031151559
all,aqua_justification_expected,continuous,2.0968264597542414,2.1602984385772914,0.7987776801688146,1.758386877187733,0.002251158593599605,2.54113031151559
all,aqua_justification_expected,continuous,2.1602984385772914,2.223770417400341,0.838007589904922,1.758386877187733,0.002251158593599605,2.54113031151559
all,aqua_justification_expected,continuous,2.223770417400341,2.287242396223391,0.8744016025516608,1.758386877187733,0.002251158593599605,2.54113031151559
all,aqua_justification_expected,continuous,2.287242396223391,2.3507143750464405,0.8515568759985153,1.758386877187733,0.002251158593599605,2.54113031151559
all,aqua_justification_expected,continuous,2.3507143750464405,2.4141863538694905,0.6834511985349738,1.758386877187733,0.002251158593599605,2.54113031151559
all,aqua_justification_expected,continuous,2.4141863538694905,2.47765833269254,0.4758005116587449,1.758386877187733,0.002251158593599605,2.54113031151559
all,aqua_justification_expected,continuous,2.47765833269254,2.54113031151559,0.31462702708030027,1.758386877187733,0.002251158593599605,2.54113031151559
all,aqua_solution_proposal_expected,continuous,0.041937858376702816,0.08869378185651489,0.7222614267170011,0.6854122030954916,0.041937858376702816,1.9121747975691854
all,aqua_solution_proposal_expected,continuous,0.08869378185651489,0.13544970533632694,0.7496376371463103,0.6854122030954916,0.041937858376702816,1.9121747975691854
all,aqua_solution_proposal_expected,continuous,0.13544970533632694,0.18220562881613905,0.8694085577745357,0.6854122030954916,0.041937858376702816,1.9121747975691854
all,aqua_solution_proposal_expected,continuous,0.18220562881613905,0.2289615522959511,0.9100451201305422,0.6854122030954916,0.041937858376702816,1.9121747975691854
all,aqua_solution_proposal_expected,continuous,0.2289615522959511,0.27571747577576317,0.9277968815807972,0.6854122030954916,0.041937858376702816,1.9121747975691854
all,aqua_solution_proposal_expected,continuous,0.27571747577576317,0.3224733992555753,0.9055537106069826,0.6854122030954916,0.041937858376702816,1.9121747975691854
all,aqua_solution_proposal_expected,continuous,0.3224733992555753,0.36922932273538733,0.8655587781829153,0.6854122030954916,0.041937858376702816,1.9121747975691854
all,aqua_solution_proposal_expected,continuous,0.36922932273538733,0.4159852462151994,0.7996847718373906,0.6854122030954916,0.041937858376702816,1.9121747975691854
all,aqua_solution_proposal_expected,continuous,0.4159852462151994,0.46274116969501145,0.7646090022248386,0.6854122030954916,0.041937858376702816,1.9121747975691854
all,aqua_solution_proposal_expected,continuous,0.46274116969501145,0.5094970931748235,0.734238518779824,0.6854122030954916,0.041937858376702816,1.9121747975691854
all,aqua_solution_proposal_expected,continuous,0.5094970931748235,0.5562530166546356,0.6861162738845545,0.6854122030954916,0.041937858376702816,1.9121747975691854
all,aqua_solution_proposal_expected,continuous,0.5562530166546356,0.6030089401344477,0.6516821342039378,0.6854122030954916,0.041937858376702816,1.9121747975691854
all,aqua_solution_proposal_expected,continuous,0.6030089401344477,0.6497648636142598,0.6407744253610116,0.6854122030954916,0.041937858376702816,1.9121747975691854
all,aqua_solution_proposal_expected,continuous,0.6497648636142598,0.6965207870940718,0.6086929287641651,0.6854122030954916,0.041937858376702816,1.9121747975691854
all,aqua_solution_proposal_expected,continuous,0.6965207870940718,0.7432767105738839,0.602276629444796,0.6854122030954916,0.041937858376702816,1.9121747975691854
all,aqua_solution_proposal_expected,continuous,0.7432767105738839,0.790032634053696,0.5746865423715081,0.6854122030954916,0.041937858376702816,1.9121747975691854
all,aqua_solution_proposal_expected,continuous,0.790032634053696,0.836788557533508,0.548807468450052,0.6854122030954916,0.041937858376702816,1.9121747975691854
all,aqua_solution_proposal_expected,continuous,0.836788557533508,0.8835444810133201,0.5357609931673345,0.6854122030954916,0.041937858376702816,1.9121747975691854
all,aqua_solution_proposal_expected,continuous,0.8835444810133201,0.9303004044931321,0.5372581296751873,0.6854122030954916,0.041937858376702816,1.9121747975691854
all,aqua_solution_proposal_expected,continuous,0.9303004044931321,0.9770563279729442,0.5507323582458628,0.6854122030954916,0.041937858376702816,1.9121747975691854
all,aqua_solution_proposal_expected,continuous,0.9770563279729442,1.0238122514527563,0.5430327990626184,0.6854122030954916,0.041937858376702816,1.9121747975691854
all,aqua_solution_proposal_expected,continuous,1.0238122514527563,1.0705681749325682,0.545385442146391,0.6854122030954916,0.041937858376702816,1.9121747975691854
all,aqua_solution_proposal_expected,continuous,1.0705681749325682,1.1173240984123802,0.5259226675443016,0.6854122030954916,0.041937858376702816,1.9121747975691854
all,aqua_solution_proposal_expected,continuous,1.1173240984123802,1.1640800218921925,0.5145872054134134,0.6854122030954916,0.041937858376702816,1.9121747975691854
all,aqua_solution_proposal_expected,continuous,1.1640800218921925,1.2108359453720046,0.4946966775233711,0.6854122030954916,0.041937858376702816,1.9121747975691854
all,aqua_solution_proposal_expected,continuous,1.2108359453720046,1.2575918688518166,0.49982971697886647,0.6854122030954916,0.041937858376702816,1.9121747975691854
all,aqua_solution_proposal_expected,continuous,1.2575918688518166,1.3043477923316287,0.48656936505217,0.6854122030954916,0.041937858376702816,1.9121747975691854
all,aqua_solution_proposal_expected,continuous,1.3043477923316287,1.3511037158114407,0.442083023104543,0.6854122030954916,0.041937858376702816,1.9121747975691854
all,aqua_solution_proposal_expected,continuous,1.3511037158114407,1.3978596392912528,0.4219786185705193,0.6854122030954916,0.041937858376702816,1.9121747975691854
all,aqua_solution_proposal_expected,continuous,1.3978596392912528,1.4446155627710648,0.3969550512249792,0.6854122030954916,0.041937858376702816,1.9121747975691854
all,aqua_solution_proposal_expected,continuous,1.4446155627710648,1.491371486250877,0.3824114394344088,0.6854122030954916,0.041937858376702816,1.9121747975691854
all,aqua_solution_proposal_expected,continuous,1.491371486250877,1.538127409730689,0.3443413968061511,0.6854122030954916,0.041937858376702816,1.9121747975691854
all,aqua_solution_proposal_expected,continuous,1.538127409730689,1.584883333210501,0.31568192651296834,0.6854122030954916,0.041937858376702816,1.9121747975691854
all,aqua_solution_proposal_expected,continuous,1.584883333210501,1.631639256690313,0.274831487512984,0.6854122030954916,0.041937858376702816,1.9121747975691854
all,aqua_solution_proposal_expected,continuous,1.631639256690313,1.6783951801701251,0.23077289885331492,0.6854122030954916,0.041937858376702816,1.9121747975691854
all,aqua_solution_proposal_expected,continuous,1.6783951801701251,1.7251511036499372,0.19612488252872085,0.6854122030954916,0.041937858376702816,1.9121747975691854
all,aqua_solution_proposal_expected,continuous,1.7251511036499372,1.7719070271297492,0.17452334148684429,0.6854122030954916,0.041937858376702816,1.9121747975691854
all,aqua_solution_proposal_expected,continuous,1.7719070271297492,1.8186629506095613,0.1353839156386917,0.6854122030954916,0.041937858376702816,1.9121747975691854
all,aqua_solution_proposal_expected,continuous,1.8186629506095613,1.8654188740893733,0.0992387628062448,0.6854122030954916,0.041937858376702816,1.9121747975691854
all,aqua_solution_proposal_expected,continuous,1.8654188740893733,1.9121747975691854,0.17773149114652895,0.6854122030954916,0.041937858376702816,1.9121747975691854
all,aqua_additional_knowledge_expected,continuous,0.007342175717447779,0.08150625777861875,1.7474766274745388,0.9311145661136304,0.007342175717447779,2.9739054581642868
all,aqua_additional_knowledge_expected,continuous,0.08150625777861875,0.15567033983978973,0.7747685726441899,0.9311145661136304,0.007342175717447779,2.9739054581642868
all,aqua_additional_knowledge_expected,continuous,0.15567033983978973,0.2298344219009607,0.5597048981980564,0.9311145661136304,0.007342175717447779,2.9739054581642868
all,aqua_additional_knowledge_expected,continuous,0.2298344219009607,0.3039985039621317,0.48473599350084623,0.9311145661136304,0.007342175717447779,2.9739054581642868
all,aqua_additional_knowledge_expected,continuous,0.3039985039621317,0.37816258602330266,0.44266711172831097,0.9311145661136304,0.007342175717447779,2.9739054581642868
all,aqua_additional_knowledge_expected,continuous,0.37816258602330266,0.45232666808447364,0.3867101055244581,0.9311145661136304,0.007342175717447779,2.9739054581642868
all,aqua_additional_knowledge_expected,continuous,0.45232666808447364,0.5264907501456446,0.37996829754809025,0.9311145661136304,0.007342175717447779,2.9739054581642868
all,aqua_additional_knowledge_expected,continuous,0.5264907501456446,0.6006548322068156,0.3645969753619716,0.9311145661136304,0.007342175717447779,2.9739054581642868
all,aqua_additional_knowledge_expected,continuous,0.6006548322068156,0.6748189142679866,0.35785516738560386,0.9311145661136304,0.007342175717447779,2.9739054581642868
all,aqua_additional_knowledge_expected,continuous,0.6748189142679866,0.7489829963291575,0.36163057985236985,0.9311145661136304,0.007342175717447779,2.9739054581642868
all,aqua_additional_knowledge_expected,continuous,0.7489829963291575,0.8231470783903285,0.36257443296906133,0.9311145661136304,0.007342175717447779,2.9739054581642868
all,aqua_additional_knowledge_expected,continuous,0.8231470783903285,0.8973111604514995,0.3550236080355294,0.9311145661136304,0.007342175717447779,2.9739054581642868
all,aqua_additional_knowledge_expected,continuous,0.8973111604514995,0.9714752425126705,0.3663498454358273,0.9311145661136304,0.007342175717447779,2.9739054581642868
all,aqua_additional_knowledge_expected,continuous,0.9714752425126705,1.0456393245738416,0.37592321276226903,0.9311145661136304,0.007342175717447779,2.9739054581642868
all,aqua_additional_knowledge_expected,continuous,1.0456393245738416,1.1198034066350127,0.39560929205326306,0.9311145661136304,0.007342175717447779,2.9739054581642868
all,aqua_additional_knowledge_expected,continuous,1.1198034066350127,1.1939674886961835,0.3632486137666986,0.9311145661136304,0.007342175717447779,2.9739054581642868
all,aqua_additional_knowledge_expected,continuous,1.1939674886961835,1.2681315707573544,0.37430517884794184,0.9311145661136304,0.007342175717447779,2.9739054581642868
all,aqua_additional_knowledge_expected,continuous,1.2681315707573544,1.3422956528185255,0.3788896082718709,0.9311145661136304,0.007342175717447779,2.9739054581642868
all,aqua_additional_knowledge_expected,continuous,1.3422956528185255,1.4164597348796966,0.3643273030429164,0.9311145661136304,0.007342175717447779,2.9739054581642868
all,aqua_additional_knowledge_expected,continuous,1.4164597348796966,1.4906238169408674,0.35367524644025633,0.9311145661136304,0.007342175717447779,2.9739054581642868
all,aqua_additional_knowledge_expected,continuous,1.4906238169408674,1.5647878990020383,0.3338543309897349,0.9311145661136304,0.007342175717447779,2.9739054581642868
all,aqua_additional_knowledge_expected,continuous,1.5647878990020383,1.6389519810632094,0.3552932803545836,0.9311145661136304,0.007342175717447779,2.9739054581642868
all,aqua_additional_knowledge_expected,continuous,1.6389519810632094,1.7131160631243805,0.3536752464402553,0.9311145661136304,0.007342175717447779,2.9739054581642868
all,aqua_additional_knowledge_expected,continuous,1.7131160631243805,1.7872801451855513,0.34180966440184896,0.9311145661136304,0.007342175717447779,2.9739054581642868
all,aqua_additional_knowledge_expected,continuous,1.7872801451855513,1.8614442272467222,0.3321014609158793,0.9311145661136304,0.007342175717447779,2.9739054581642868
all,aqua_additional_knowledge_expected,continuous,1.8614442272467222,1.9356083093078933,0.33843876041366405,0.9311145661136304,0.007342175717447779,2.9739054581642868
all,aqua_additional_knowledge_expected,continuous,1.9356083093078933,2.009772391369064,0.29043708762192605,0.9311145661136304,0.007342175717447779,2.9739054581642868
all,aqua_additional_knowledge_expected,continuous,2.009772391369064,2.083936473430235,0.20629932407685558,0.9311145661136304,0.007342175717447779,2.9739054581642868
all,aqua_additional_knowledge_expected,continuous,2.083936473430235,2.158100555491406,0.1425218206204159,0.9311145661136304,0.007342175717447779,2.9739054581642868
all,aqua_additional_knowledge_expected,continuous,2.158100555491406,2.232264637552577,0.10368900667653659,0.9311145661136304,0.007342175717447779,2.9739054581642868
all,aqua_additional_knowledge_expected,continuous,2.232264637552577,2.306428719613748,0.09330662239293076,0.9311145661136304,0.007342175717447779,2.9739054581642868
all,aqua_additional_knowledge_expected,continuous,2.306428719613748,2.380592801674919,0.07847464484492153,0.9311145661136304,0.007342175717447779,2.9739054581642868
all,aqua_additional_knowledge_expected,continuous,2.380592801674919,2.45475688373609,0.06930578599706129,0.9311145661136304,0.007342175717447779,2.9739054581642868
all,aqua_additional_knowledge_expected,continuous,2.45475688373609,2.5289209657972607,0.06660906280651416,0.9311145661136304,0.007342175717447779,2.9739054581642868
all,aqua_additional_knowledge_expected,continuous,2.5289209657972607,2.603085047858432,0.0676877520827326,0.9311145661136304,0.007342175717447779,2.9739054581642868
all,aqua_additional_knowledge_expected,continuous,2.603085047858432,2.677249129919603,0.06256397802069345,0.9311145661136304,0.007342175717447779,2.9739054581642868
all,aqua_additional_knowledge_expected,continuous,2.677249129919603,2.7514132119807737,0.061889797223056674,0.9311145661136304,0.007342175717447779,2.9739054581642868
all,aqua_additional_knowledge_expected,continuous,2.7514132119807737,2.825577294041945,0.06903611367800616,0.9311145661136304,0.007342175717447779,2.9739054581642868
all,aqua_additional_knowledge_expected,continuous,2.825577294041945,2.899741376103116,0.0912840800000204,0.9311145661136304,0.007342175717447779,2.9739054581642868
all,aqua_additional_knowledge_expected,continuous,2.899741376103116,2.9739054581642868,0.475297462333932,0.9311145661136304,0.007342175717447779,2.9739054581642868
all,aqua_question_expected,continuous,0.02161872669874384,0.08325976993347933,7.390854795644908,0.09196348929219891,0.02161872669874384,2.487260456088164
all,aqua_question_expected,continuous,0.08325976993347933,0.14490081316821485,2.7927820647751673,0.09196348929219891,0.02161872669874384,2.487260456088164
all,aqua_question_expected,continuous,0.14490081316821485,0.20654185640295034,0.7978450301809049,0.09196348929219891,0.02161872669874384,2.487260456088164
all,aqua_question_expected,continuous,0.20654185640295034,0.2681828996376858,0.40151818822646196,0.09196348929219891,0.02161872669874384,2.487260456088164
all,aqua_question_expected,continuous,0.2681828996376858,0.32982394287242134,0.2775747959820105,0.09196348929219891,0.02161872669874384,2.487260456088164
all,aqua_question_expected,continuous,0.32982394287242134,0.3914649861071568,0.2018135863247349,0.09196348929219891,0.02161872669874384,2.487260456088164
all,aqua_question_expected,continuous,0.3914649861071568,0.4531060293418923,0.13805736492150258,0.09196348929219891,0.02161872669874384,2.487260456088164
all,aqua_question_expected,continuous,0.4531060293418923,0.5147470725766279,0.10447584372438025,0.09196348929219891,0.02161872669874384,2.487260456088164
all,aqua_question_expected,continuous,0.5147470725766279,0.5763881158113634,0.08549498391731124,0.09196348929219891,0.02161872669874384,2.487260456088164
all,aqua_question_expected,continuous,0.5763881158113634,0.6380291590460989,0.06910979724625159,0.09196348929219891,0.02161872669874384,2.487260456088164
all,aqua_question_expected,continuous,0.6380291590460989,0.6996702022808344,0.05710480899220789,0.09196348929219891,0.02161872669874384,2.487260456088164
all,aqua_question_expected,continuous,0.6996702022808344,0.7613112455155698,0.051751233149188496,0.09196348929219891,0.02161872669874384,2.487260456088164
all,aqua_question_expected,continuous,0.7613112455155698,0.8229522887503053,0.04688434601917068,0.09196348929219891,0.02161872669874384,2.487260456088164
all,aqua_question_expected,continuous,0.8229522887503053,0.8845933319850409,0.04153077017615119,0.09196348929219891,0.02161872669874384,2.487260456088164
all,aqua_question_expected,continuous,0.8845933319850409,0.9462343752197764,0.04071962232114824,0.09196348929219891,0.02161872669874384,2.487260456088164
all,aqua_question_expected,continuous,0.9462343752197764,1.0078754184545118,0.0408818518921489,0.09196348929219891,0.02161872669874384,2.487260456088164
all,aqua_question_expected,continuous,1.0078754184545118,1.0695164616892472,0.03341929162612172,0.09196348929219891,0.02161872669874384,2.487260456088164
all,aqua_question_expected,continuous,1.0695164616892472,1.1311575049239828,0.02741679749909976,0.09196348929219891,0.02161872669874384,2.487260456088164
all,aqua_question_expected,continuous,1.1311575049239828,1.1927985481587182,0.03569050562013,0.09196348929219891,0.02161872669874384,2.487260456088164
all,aqua_question_expected,continuous,1.1927985481587182,1.2544395913934538,0.03066138891911157,0.09196348929219891,0.02161872669874384,2.487260456088164
all,aqua_question_expected,continuous,1.2544395913934538,1.3160806346281892,0.03650165347513295,0.09196348929219891,0.02161872669874384,2.487260456088164
all,aqua_question_expected,continuous,1.3160806346281892,1.3777216778629249,0.043964213741159976,0.09196348929219891,0.02161872669874384,2.487260456088164
all,aqua_question_expected,continuous,1.3777216778629249,1.4393627210976603,0.05126454443618673,0.09196348929219891,0.02161872669874384,2.487260456088164
all,aqua_question_expected,continuous,1.4393627210976603,1.5010037643323957,0.0640806805452334,0.09196348929219891,0.02161872669874384,2.487260456088164
all,aqua_question_expected,continuous,1.5010037643323957,1.5626448075671313,0.0968510538873524,0.09196348929219891,0.02161872669874384,2.487260456088164
all,aqua_question_expected,continuous,1.5626448075671313,1.6242858508018667,0.11988765296943668,0.09196348929219891,0.02161872669874384,2.487260456088164
all,aqua_question_expected,continuous,1.6242858508018667,1.6859268940366023,0.16012058657758263,0.09196348929219891,0.02161872669874384,2.487260456088164
all,aqua_question_expected,continuous,1.6859268940366023,1.7475679372713377,0.2063560143127516,0.09196348929219891,0.02161872669874384,2.487260456088164
all,aqua_question_expected,continuous,1.7475679372713377,1.8092089805060734,0.24707563663389906,0.09196348929219891,0.02161872669874384,2.487260456088164
all,aqua_question_expected,continuous,1.8092089805060734,1.8708500237408088,0.2508069167669135,0.09196348929219891,0.02161872669874384,2.487260456088164
all,aqua_question_expected,continuous,1.8708500237408088,1.9324910669755444,0.24366881564288664,0.09196348929219891,0.02161872669874384,2.487260456088164
all,aqua_question_expected,continuous,1.9324910669755444,1.9941321102102798,0.22128113484480597,0.09196348929219891,0.02161872669874384,2.487260456088164
all,aqua_question_expected,continuous,1.9941321102102798,2.0557731534450157,0.2099250648747631,0.09196348929219891,0.02161872669874384,2.487260456088164
all,aqua_question_expected,continuous,2.0557731534450157,2.117414196679751,0.21754985471179317,0.09196348929219891,0.02161872669874384,2.487260456088164
all,aqua_question_expected,continuous,2.117414196679751,2.1790552399144865,0.24301989735888427,0.09196348929219891,0.02161872669874384,2.487260456088164
all,aqua_question_expected,continuous,2.1790552399144865,2.240696283149222,0.2525914420479191,0.09196348929219891,0.02161872669874384,2.487260456088164
all,aqua_question_expected,continuous,2.240696283149222,2.3023373263839577,0.24561557049489371,0.09196348929219891,0.02161872669874384,2.487260456088164
all,aqua_question_expected,continuous,2.3023373263839577,2.363978369618693,0.23150159781784405,0.09196348929219891,0.02161872669874384,2.487260456088164
all,aqua_question_expected,continuous,2.363978369618693,2.4256194128534285,0.19662224005271545,0.09196348929219891,0.02161872669874384,2.487260456088164
all,aqua_question_expected,continuous,2.4256194128534285,2.487260456088164,0.21868546170879574,0.09196348929219891,0.02161872669874384,2.487260456088164
all,aqua_referencing_users_expected,continuous,0.12176284528737467,0.19273211735970888,0.5725012926522421,0.5394970339571308,0.12176284528737467,2.960533728180743
all,aqua_referencing_users_expected,continuous,0.19273211735970888,0.2637013894320431,1.0822993917947017,0.5394970339571308,0.12176284528737467,2.960533728180743
all,aqua_referencing_users_expected,continuous,0.2637013894320431,0.3346706615043773,1.4469642565212586,0.5394970339571308,0.12176284528737467,2.960533728180743
all,aqua_referencing_users_expected,continuous,0.3346706615043773,0.4056399335767115,1.49642228106493,0.5394970339571308,0.12176284528737467,2.960533728180743
all,aqua_referencing_users_expected,continuous,0.4056399335767115,0.47660920564904574,1.3808793177435323,0.5394970339571308,0.12176284528737467,2.960533728180743
all,aqua_referencing_users_expected,continuous,0.47660920564904574,0.5475784777213799,1.190797052474551,0.5394970339571308,0.12176284528737467,2.960533728180743
all,aqua_referencing_users_expected,continuous,0.5475784777213799,0.6185477497937141,1.0342504277793403,0.5394970339571308,0.12176284528737467,2.960533728180743
all,aqua_referencing_users_expected,continuous,0.6185477497937141,0.6895170218660484,0.8758720243973255,0.5394970339571308,0.12176284528737467,2.960533728180743
all,aqua_referencing_users_expected,continuous,0.6895170218660484,0.7604862939383825,0.7325705686682275,0.5394970339571308,0.12176284528737467,2.960533728180743
all,aqua_referencing_users_expected,continuous,0.7604862939383825,0.8314555660107168,0.6027960940109006,0.5394970339571308,0.12176284528737467,2.960533728180743
all,aqua_referencing_users_expected,continuous,0.8314555660107168,0.902424838083051,0.4835895733158986,0.5394970339571308,0.12176284528737467,2.960533728180743
all,aqua_referencing_users_expected,continuous,0.902424838083051,0.9733941101553851,0.41567285585136976,0.5394970339571308,0.12176284528737467,2.960533728180743
all,aqua_referencing_users_expected,continuous,0.9733941101553851,1.0443633822277194,0.35550597129254374,0.5394970339571308,0.12176284528737467,2.960533728180743
all,aqua_referencing_users_expected,continuous,1.0443633822277194,1.1153326543000535,0.30928878596398574,0.5394970339571308,0.12176284528737467,2.960533728180743
all,aqua_referencing_users_expected,continuous,1.1153326543000535,1.1863019263723877,0.2651851914278904,0.5394970339571308,0.12176284528737467,2.960533728180743
all,aqua_referencing_users_expected,continuous,1.1863019263723877,1.257271198444722,0.23939938375982242,0.5394970339571308,0.12176284528737467,2.960533728180743
all,aqua_referencing_users_expected,continuous,1.257271198444722,1.3282404705170563,0.19247766816710854,0.5394970339571308,0.12176284528737467,2.960533728180743
all,aqua_referencing_users_expected,continuous,1.3282404705170563,1.3992097425893903,0.1697917936613225,0.5394970339571308,0.12176284528737467,2.960533728180743
all,aqua_referencing_users_expected,continuous,1.3992097425893903,1.4701790146617246,0.1500649462649858,0.5394970339571308,0.12176284528737467,2.960533728180743
all,aqua_referencing_users_expected,continuous,1.4701790146617246,1.541148286734059,0.12906994439317088,0.5394970339571308,0.12176284528737467,2.960533728180743
all,aqua_referencing_users_expected,continuous,1.541148286734059,1.612117558806393,0.10553863357039878,0.5394970339571308,0.12176284528737467,2.960533728180743
all,aqua_referencing_users_expected,continuous,1.612117558806393,1.6830868308787272,0.09750698855903302,0.5394970339571308,0.12176284528737467,2.960533728180743
all,aqua_referencing_users_expected,continuous,1.6830868308787272,1.7540561029510615,0.08468453775141452,0.5394970339571308,0.12176284528737467,2.960533728180743
all,aqua_referencing_users_expected,continuous,1.7540561029510615,1.8250253750233956,0.07425748984192278,0.5394970339571308,0.12176284528737467,2.960533728180743
all,aqua_referencing_users_expected,continuous,1.8250253750233956,1.8959946470957298,0.06735309325320489,0.5394970339571308,0.12176284528737467,2.960533728180743
all,aqua_referencing_users_expected,continuous,1.8959946470957298,1.9669639191680641,0.055235172709741244,0.5394970339571308,0.12176284528737467,2.960533728180743
all,aqua_referencing_users_expected,continuous,1.9669639191680641,2.0379331912403984,0.04353997032477053,0.5394970339571308,0.12176284528737467,2.960533728180743
all,aqua_referencing_users_expected,continuous,2.0379331912403984,2.1089024633127322,0.038467352422855754,0.5394970339571308,0.12176284528737467,2.960533728180743
all,aqua_referencing_users_expected,continuous,2.1089024633127322,2.1798717353850665,0.03114023767564494,0.5394970339571308,0.12176284528737467,2.960533728180743
all,aqua_referencing_users_expected,continuous,2.1798717353850665,2.250841007457401,0.02705396214354673,0.5394970339571308,0.12176284528737467,2.960533728180743
all,aqua_referencing_users_expected,continuous,2.250841007457401,2.321810279529735,0.02536308950957506,0.5394970339571308,0.12176284528737467,2.960533728180743
all,aqua_referencing_users_expected,continuous,2.321810279529735,2.3927795516020693,0.018881411079350326,0.5394970339571308,0.12176284528737467,2.960533728180743
all,aqua_referencing_users_expected,continuous,2.3927795516020693,2.4637488236744036,0.01958594134350519,0.5394970339571308,0.12176284528737467,2.960533728180743
all,aqua_referencing_users_expected,continuous,2.4637488236744036,2.534718095746738,0.01803597476236449,0.5394970339571308,0.12176284528737467,2.960533728180743
all,aqua_referencing_users_expected,continuous,2.534718095746738,2.605687367819072,0.020431377660491024,0.5394970339571308,0.12176284528737467,2.960533728180743
all,aqua_referencing_users_expected,continuous,2.605687367819072,2.676656639891406,0.019726847396336285,0.5394970339571308,0.12176284528737467,2.960533728180743
all,aqua_referencing_users_expected,continuous,2.676656639891406,2.7476259119637403,0.020008659501998104,0.5394970339571308,0.12176284528737467,2.960533728180743
all,aqua_referencing_users_expected,continuous,2.7476259119637403,2.8185951840360746,0.027476680302039654,0.5394970339571308,0.12176284528737467,2.960533728180743
all,aqua_referencing_users_expected,continuous,2.8185951840360746,2.889564456108409,0.03790372821153162,0.5394970339571308,0.12176284528737467,2.960533728180743
all,aqua_referencing_users_expected,continuous,2.889564456108409,2.960533728180743,0.13301531387243812,0.5394970339571308,0.12176284528737467,2.960533728180743
all,aqua_referencing_medium_expected,continuous,0.03797248459557454,0.10751348355072712,1.69396473691685,0.22281485601661688,0.03797248459557454,2.8196124428016778
all,aqua_referencing_medium_expected,continuous,0.10751348355072712,0.17705448250587968,3.37570646851639,0.22281485601661688,0.03797248459557454,2.8196124428016778
all,aqua_referencing_medium_expected,continuous,0.17705448250587968,0.24659548146103225,3.0406523227594917,0.22281485601661688,0.03797248459557454,2.8196124428016778
all,aqua_referencing_medium_expected,continuous,0.24659548146103225,0.31613648041618486,2.104226315390854,0.22281485601661688,0.03797248459557454,2.8196124428016778
all,aqua_referencing_medium_expected,continuous,0.31613648041618486,0.38567747937133745,1.2792453565035908,0.22281485601661688,0.03797248459557454,2.8196124428016778
all,aqua_referencing_medium_expected,continuous,0.38567747937133745,0.45521847832649,0.756100728922649,0.22281485601661688,0.03797248459557454,2.8196124428016778
all,aqua_referencing_medium_expected,continuous,0.45521847832649,0.5247594772816425,0.4490875953642892,0.22281485601661688,0.03797248459557454,2.8196124428016778
all,aqua_referencing_medium_expected,continuous,0.5247594772816425,0.5943004762367952,0.2906199264269059,0.22281485601661688,0.03797248459557454,2.8196124428016778
all,aqua_referencing_medium_expected,continuous,0.5943004762367952,0.6638414751919477,0.19082268301261984,0.22281485601661688,0.03797248459557454,2.8196124428016778
all,aqua_referencing_medium_expected,continuous,0.6638414751919477,0.7333824741471003,0.14106786136803298,0.22281485601661688,0.03797248459557454,2.8196124428016778
all,aqua_referencing_medium_expected,continuous,0.7333824741471003,0.8029234731022529,0.0997972434142865,0.22281485601661688,0.03797248459557454,2.8196124428016778
all,aqua_referencing_medium_expected,continuous,0.8029234731022529,0.8724644720574054,0.08872463859742762,0.22281485601661688,0.03797248459557454,2.8196124428016778
all,aqua_referencing_medium_expected,continuous,0.8724644720574054,0.942005471012558,0.07319423184131375,0.22281485601661688,0.03797248459557454,2.8196124428016778
all,aqua_referencing_medium_expected,continuous,0.942005471012558,1.0115464699677106,0.05967702596099264,0.22281485601661688,0.03797248459557454,2.8196124428016778
all,aqua_referencing_medium_expected,continuous,1.0115464699677106,1.0810874689228631,0.049179621394360204,0.22281485601661688,0.03797248459557454,2.8196124428016778
all,aqua_referencing_medium_expected,continuous,1.0810874689228631,1.1506284678780156,0.04659122026834125,0.22281485601661688,0.03797248459557454,2.8196124428016778
all,aqua_referencing_medium_expected,continuous,1.1506284678780156,1.2201694668331682,0.03724421620216167,0.22281485601661688,0.03797248459557454,2.8196124428016778
all,aqua_referencing_medium_expected,continuous,1.2201694668331682,1.2897104657883207,0.036093815701708803,0.22281485601661688,0.03797248459557454,2.8196124428016778
all,aqua_referencing_medium_expected,continuous,1.2897104657883207,1.3592514647434735,0.03523101532636904,0.22281485601661688,0.03797248459557454,2.8196124428016778
all,aqua_referencing_medium_expected,continuous,1.3592514647434735,1.428792463698626,0.03206741395012376,0.22281485601661688,0.03797248459557454,2.8196124428016778
all,aqua_referencing_medium_expected,continuous,1.428792463698626,1.4983334626537785,0.03077321338711428,0.22281485601661688,0.03797248459557454,2.8196124428016778
all,aqua_referencing_medium_expected,continuous,1.4983334626537785,1.567874461608931,0.03077321338711428,0.22281485601661688,0.03797248459557454,2.8196124428016778
all,aqua_referencing_medium_expected,continuous,1.567874461608931,1.6374154605640836,0.025308811009963145,0.22281485601661688,0.03797248459557454,2.8196124428016778
all,aqua_referencing_medium_expected,continuous,1.6374154605640836,1.7069564595192361,0.02387081038439706,0.22281485601661688,0.03797248459557454,2.8196124428016778
all,aqua_referencing_medium_expected,continuous,1.7069564595192361,1.776497458474389,0.02645921151041593,0.22281485601661688,0.03797248459557454,2.8196124428016778
all,aqua_referencing_medium_expected,continuous,1.776497458474389,1.8460384574295414,0.022001409571161142,0.22281485601661688,0.03797248459557454,2.8196124428016778
all,aqua_referencing_medium_expected,continuous,1.8460384574295414,1.915579456384694,0.02372701032184045,0.22281485601661688,0.03797248459557454,2.8196124428016778
all,aqua_referencing_medium_expected,continuous,1.915579456384694,1.9851204553398465,0.02315181007161401,0.22281485601661688,0.03797248459557454,2.8196124428016778
all,aqua_referencing_medium_expected,continuous,1.9851204553398465,2.0546614542949992,0.021570009383491247,0.22281485601661688,0.03797248459557454,2.8196124428016778
all,aqua_referencing_medium_expected,continuous,2.0546614542949992,2.124202453250152,0.020851009070708207,0.22281485601661688,0.03797248459557454,2.8196124428016778
all,aqua_referencing_medium_expected,continuous,2.124202453250152,2.1937434522053043,0.020994809133264947,0.22281485601661688,0.03797248459557454,2.8196124428016778
all,aqua_referencing_medium_expected,continuous,2.1937434522053043,2.263284451160457,0.020275808820481772,0.22281485601661688,0.03797248459557454,2.8196124428016778
all,aqua_referencing_medium_expected,continuous,2.263284451160457,2.33282545011561,0.019988208695368558,0.22281485601661688,0.03797248459557454,2.8196124428016778
all,aqua_referencing_medium_expected,continuous,2.33282545011561,2.402366449070762,0.01926920838258564,0.22281485601661688,0.03797248459557454,2.8196124428016778
all,aqua_referencing_medium_expected,continuous,2.402366449070762,2.471907448025915,0.019269208382585515,0.22281485601661688,0.03797248459557454,2.8196124428016778
all,aqua_referencing_medium_expected,continuous,2.471907448025915,2.541448446981067,0.017831207757019546,0.22281485601661688,0.03797248459557454,2.8196124428016778
all,aqua_referencing_medium_expected,continuous,2.541448446981067,2.61098944593622,0.017256007506792997,0.22281485601661688,0.03797248459557454,2.8196124428016778
all,aqua_referencing_medium_expected,continuous,2.61098944593622,2.6805304448913727,0.015386606693557089,0.22281485601661688,0.03797248459557454,2.8196124428016778
all,aqua_referencing_medium_expected,continuous,2.6805304448913727,2.750071443846525,0.015674206818670405,0.22281485601661688,0.03797248459557454,2.8196124428016778
all,aqua_referencing_medium_expected,continuous,2.750071443846525,2.8196124428016778,0.08628003753396499,0.22281485601661688,0.03797248459557454,2.8196124428016778
all,aqua_referencing_contents_expected,continuous,0.09530081463599217,0.1611357765488276,0.45659629969557847,0.8216817187124512,0.09530081463599217,2.7286992911494092
all,aqua_referencing_contents_expected,continuous,0.1611357765488276,0.226970738461663,0.6577052487298257,0.8216817187124512,0.09530081463599217,2.7286992911494092
all,aqua_referencing_contents_expected,continuous,0.226970738461663,0.29280570037449843,0.7834742893645353,0.8216817187124512,0.09530081463599217,2.7286992911494092
all,aqua_referencing_contents_expected,continuous,0.29280570037449843,0.3586406622873338,0.8243340380731556,0.8216817187124512,0.09530081463599217,2.7286992911494092
all,aqua_referencing_contents_expected,continuous,0.3586406622873338,0.42447562420016927,0.8103597002248539,0.8216817187124512,0.09530081463599217,2.7286992911494092
all,aqua_referencing_contents_expected,continuous,0.42447562420016927,0.49031058611300465,0.768740476633175,0.8216817187124512,0.09530081463599217,2.7286992911494092
all,aqua_referencing_contents_expected,continuous,0.49031058611300465,0.55614554802584,0.7333489470825862,0.8216817187124512,0.09530081463599217,2.7286992911494092
all,aqua_referencing_contents_expected,continuous,0.55614554802584,0.6219805099386755,0.7105647005907904,0.8216817187124512,0.09530081463599217,2.7286992911494092
all,aqua_referencing_contents_expected,continuous,0.6219805099386755,0.6878154718515109,0.6499586049226148,0.8216817187124512,0.09530081463599217,2.7286992911494092
all,aqua_referencing_contents_expected,continuous,0.6878154718515109,0.7536504337643464,0.6188201347171611,0.8216817187124512,0.09530081463599217,2.7286992911494092
all,aqua_referencing_contents_expected,continuous,0.7536504337643464,0.8194853956771817,0.5642898381134652,0.8216817187124512,0.09530081463599217,2.7286992911494092
all,aqua_referencing_contents_expected,continuous,0.8194853956771817,0.8853203575900171,0.5287464135862636,0.8216817187124512,0.09530081463599217,2.7286992911494092
all,aqua_referencing_contents_expected,continuous,0.8853203575900171,0.9511553195028526,0.4977598383574219,0.8216817187124512,0.09530081463599217,2.7286992911494092
all,aqua_referencing_contents_expected,continuous,0.9511553195028526,1.016990281415688,0.4734566420995077,0.8216817187124512,0.09530081463599217,2.7286992911494092
all,aqua_referencing_contents_expected,continuous,1.016990281415688,1.0828252433285235,0.4512799755141587,0.8216817187124512,0.09530081463599217,2.7286992911494092
all,aqua_referencing_contents_expected,continuous,1.0828252433285235,1.1486602052413588,0.42515403953690156,0.8216817187124512,0.09530081463599217,2.7286992911494092
all,aqua_referencing_contents_expected,continuous,1.1486602052413588,1.2144951671541941,0.39705346886368725,0.8216817187124512,0.09530081463599217,2.7286992911494092
all,aqua_referencing_contents_expected,continuous,1.2144951671541941,1.2803301290670297,0.3650036287985605,0.8216817187124512,0.09530081463599217,2.7286992911494092
all,aqua_referencing_contents_expected,continuous,1.2803301290670297,1.346165090979865,0.3513330809034846,0.8216817187124512,0.09530081463599217,2.7286992911494092
all,aqua_referencing_contents_expected,continuous,1.346165090979865,1.4120000528927006,0.3369030581253464,0.8216817187124512,0.09530081463599217,2.7286992911494092
all,aqua_referencing_contents_expected,continuous,1.4120000528927006,1.477835014805536,0.3305234691076448,0.8216817187124512,0.09530081463599217,2.7286992911494092
all,aqua_referencing_contents_expected,continuous,1.477835014805536,1.5436699767183713,0.3059164828965058,0.8216817187124512,0.09530081463599217,2.7286992911494092
all,aqua_referencing_contents_expected,continuous,1.5436699767183713,1.6095049386312068,0.28298034142809747,0.8216817187124512,0.09530081463599217,2.7286992911494092
all,aqua_referencing_contents_expected,continuous,1.6095049386312068,1.6753399005440421,0.2720439031120367,0.8216817187124512,0.09530081463599217,2.7286992911494092
all,aqua_referencing_contents_expected,continuous,1.6753399005440421,1.7411748624568775,0.260651779866139,0.8216817187124512,0.09530081463599217,2.7286992911494092
all,aqua_referencing_contents_expected,continuous,1.7411748624568775,1.807009824369713,0.23877890323401466,0.8216817187124512,0.09530081463599217,2.7286992911494092
all,aqua_referencing_contents_expected,continuous,1.807009824369713,1.8728447862825484,0.22845004482440157,0.8216817187124512,0.09530081463599217,2.7286992911494092
all,aqua_referencing_contents_expected,continuous,1.8728447862825484,1.9386797481953837,0.2217666658534749,0.8216817187124512,0.09530081463599217,2.7286992911494092
all,aqua_referencing_contents_expected,continuous,1.9386797481953837,2.0045147101082192,0.2061214832624414,0.8216817187124512,0.09530081463599217,2.7286992911494092
all,aqua_referencing_contents_expected,continuous,2.0045147101082192,2.0703496720210546,0.1892611408585135,0.8216817187124512,0.09530081463599217,2.7286992911494092
all,aqua_referencing_contents_expected,continuous,2.0703496720210546,2.1361846339338904,0.17635006784649493,0.8216817187124512,0.09530081463599217,2.7286992911494092
all,aqua_referencing_contents_expected,continuous,2.1361846339338904,2.2020195958467257,0.1617681500917471,0.8216817187124512,0.09530081463599217,2.7286992911494092
all,aqua_referencing_contents_expected,continuous,2.2020195958467257,2.267854557759561,0.13640168899754826,0.8216817187124512,0.09530081463599217,2.7286992911494092
all,aqua_referencing_contents_expected,continuous,2.267854557759561,2.3336895196723964,0.13594600406771234,0.8216817187124512,0.09530081463599217,2.7286992911494092
all,aqua_referencing_contents_expected,continuous,2.3336895196723964,2.399524481585232,0.12333872100891809,0.8216817187124512,0.09530081463599217,2.7286992911494092
all,aqua_referencing_contents_expected,continuous,2.399524481585232,2.4653594434980675,0.10860490827755792,0.8216817187124512,0.09530081463599217,2.7286992911494092
all,aqua_referencing_contents_expected,continuous,2.4653594434980675,2.531194405410903,0.10070636949373553,0.8216817187124512,0.09530081463599217,2.7286992911494092
all,aqua_referencing_contents_expected,continuous,2.531194405410903,2.597029367323738,0.0925040407566892,0.8216817187124512,0.09530081463599217,2.7286992911494092
all,aqua_referencing_contents_expected,continuous,2.597029367323738,2.6628643292365735,0.07792212300194015,0.8216817187124512,0.09530081463599217,2.7286992911494092
all,aqua_referencing_contents_expected,continuous,2.6628643292365735,2.7286992911494092,0.1345789492782037,0.8216817187124512,0.09530081463599217,2.7286992911494092
all,aqua_referencing_personal_expected,continuous,0.014327507492029316,0.019792086046667996,7.610833952546217,0.040381616905267065,0.014327507492029316,0.23291064967757655
all,aqua_referencing_personal_expected,continuous,0.019792086046667996,0.025256664601306676,15.992084133518008,0.040381616905267065,0.014327507492029316,0.23291064967757655
all,aqua_referencing_personal_expected,continuous,0.025256664601306676,0.03072124315594536,23.20032528261142,0.040381616905267065,0.014327507492029316,0.23291064967757655
all,aqua_referencing_personal_expected,continuous,0.03072124315594536,0.03618582171058404,25.674441056557676,0.040381616905267065,0.014327507492029316,0.23291064967757655
all,aqua_referencing_personal_expected,continuous,0.03618582171058404,0.04165040026522272,24.37516428177822,0.040381616905267065,0.014327507492029316,0.23291064967757655
all,aqua_referencing_personal_expected,continuous,0.04165040026522272,0.0471149788198614,20.594451863898804,0.040381616905267065,0.014327507492029316,0.23291064967757655
all,aqua_referencing_personal_expected,continuous,0.0471149788198614,0.05257955737450008,15.876796194347435,0.040381616905267065,0.014327507492029316,0.23291064967757655
all,aqua_referencing_personal_expected,continuous,0.05257955737450008,0.05804413592913876,12.121703318505926,0.040381616905267065,0.014327507492029316,0.23291064967757655
all,aqua_referencing_personal_expected,continuous,0.05804413592913876,0.06350871448377744,8.893641021729891,0.040381616905267065,0.014327507492029316,0.23291064967757655
all,aqua_referencing_personal_expected,continuous,0.06350871448377744,0.06897329303841612,6.580562369164751,0.040381616905267065,0.014327507492029316,0.23291064967757655
all,aqua_referencing_personal_expected,continuous,0.06897329303841612,0.0744378715930548,4.73778530972401,0.040381616905267065,0.014327507492029316,0.23291064967757655
all,aqua_referencing_personal_expected,continuous,0.0744378715930548,0.07990245014769348,3.626995165651984,0.040381616905267065,0.014327507492029316,0.23291064967757655
all,aqua_referencing_personal_expected,continuous,0.07990245014769348,0.08536702870233218,2.5491444327715445,0.040381616905267065,0.014327507492029316,0.23291064967757655
all,aqua_referencing_personal_expected,continuous,0.08536702870233218,0.09083160725697084,1.9123158164007734,0.040381616905267065,0.014327507492029316,0.23291064967757655
all,aqua_referencing_personal_expected,continuous,0.09083160725697084,0.09629618581160954,1.546322358716407,0.040381616905267065,0.014327507492029316,0.23291064967757655
all,aqua_referencing_personal_expected,continuous,0.09629618581160954,0.1017607643662482,1.1034702749183412,0.040381616905267065,0.014327507492029316,0.23291064967757655
all,aqua_referencing_personal_expected,continuous,0.1017607643662482,0.1072253429208869,0.7630963592718837,0.040381616905267065,0.014327507492029316,0.23291064967757655
all,aqua_referencing_personal_expected,continuous,0.1072253429208869,0.11268992147552556,0.6020592378907699,0.040381616905267065,0.014327507492029316,0.23291064967757655
all,aqua_referencing_personal_expected,continuous,0.11268992147552556,0.11815450003016426,0.5361804155075826,0.040381616905267065,0.014327507492029316,0.23291064967757655
all,aqua_referencing_personal_expected,continuous,0.11815450003016426,0.12361907858480292,0.45017195295176105,0.040381616905267065,0.014327507492029316,0.23291064967757655
all,aqua_referencing_personal_expected,continuous,0.12361907858480292,0.12908365713944162,0.35135371937698245,0.040381616905267065,0.014327507492029316,0.23291064967757655
all,aqua_referencing_personal_expected,continuous,0.12908365713944162,0.13454823569408028,0.24887555122536384,0.040381616905267065,0.014327507492029316,0.23291064967757655
all,aqua_referencing_personal_expected,continuous,0.13454823569408028,0.14001281424871898,0.20129640172639618,0.040381616905267065,0.014327507492029316,0.23291064967757655
all,aqua_referencing_personal_expected,continuous,0.14001281424871898,0.14547739280335767,0.2104462381685051,0.040381616905267065,0.014327507492029316,0.23291064967757655
all,aqua_referencing_personal_expected,continuous,0.14547739280335767,0.15094197135799634,0.1537172522274306,0.040381616905267065,0.014327507492029316,0.23291064967757655
all,aqua_referencing_personal_expected,continuous,0.15094197135799634,0.15640654991263503,0.12992767747794665,0.040381616905267065,0.014327507492029316,0.23291064967757655
all,aqua_referencing_personal_expected,continuous,0.15640654991263503,0.1618711284672737,0.1024781681516204,0.040381616905267065,0.014327507492029316,0.23291064967757655
all,aqua_referencing_personal_expected,continuous,0.1618711284672737,0.1673357070219124,0.06770878967160598,0.040381616905267065,0.014327507492029316,0.23291064967757655
all,aqua_referencing_personal_expected,continuous,0.1673357070219124,0.17280028557655105,0.10064820086319862,0.040381616905267065,0.014327507492029316,0.23291064967757655
all,aqua_referencing_personal_expected,continuous,0.17280028557655105,0.17826486413118975,0.08600846255582383,0.040381616905267065,0.014327507492029316,0.23291064967757655
all,aqua_referencing_personal_expected,continuous,0.17826486413118975,0.18372944268582841,0.08234852797898068,0.040381616905267065,0.014327507492029316,0.23291064967757655
all,aqua_referencing_personal_expected,continuous,0.18372944268582841,0.1891940212404671,0.09698826628635454,0.040381616905267065,0.014327507492029316,0.23291064967757655
all,aqua_referencing_personal_expected,continuous,0.1891940212404671,0.1946585997951058,0.10979803730530703,0.040381616905267065,0.014327507492029316,0.23291064967757655
all,aqua_referencing_personal_expected,continuous,0.1946585997951058,0.20012317834974447,0.16652702324638313,0.040381616905267065,0.014327507492029316,0.23291064967757655
all,aqua_referencing_personal_expected,continuous,0.20012317834974447,0.20558775690438316,0.1646970559579605,0.040381616905267065,0.014327507492029316,0.23291064967757655
all,aqua_referencing_personal_expected,continuous,0.20558775690438316,0.21105233545902183,0.20678630359166258,0.040381616905267065,0.014327507492029316,0.23291064967757655
all,aqua_referencing_personal_expected,continuous,0.21105233545902183,0.21651691401366052,0.22874591105272296,0.040381616905267065,0.014327507492029316,0.23291064967757655
all,aqua_referencing_personal_expected,continuous,0.21651691401366052,0.2219814925682992,0.21776610732219334,0.040381616905267065,0.014327507492029316,0.23291064967757655
all,aqua_referencing_personal_expected,continuous,0.2219814925682992,0.22744607112293788,0.21776610732219226,0.040381616905267065,0.014327507492029316,0.23291064967757655
all,aqua_referencing_personal_expected,continuous,0.22744607112293788,0.23291064967757655,1.1053002422067628,0.040381616905267065,0.014327507492029316,0.23291064967757655
all,aqua_referencing_format_expected,continuous,0.02119900485548218,0.023547843780810592,4.5980164427366805,0.052201902117557264,0.02119900485548218,0.1151525618686187
all,aqua_referencing_format_expected,continuous,0.023547843780810592,0.025896682706139006,3.959403047912142,0.052201902117557264,0.02119900485548218,0.1151525618686187
all,aqua_referencing_format_expected,continuous,0.025896682706139006,0.028245521631467416,6.0583124055688025,0.052201902117557264,0.02119900485548218,0.1151525618686187
all,aqua_referencing_format_expected,continuous,0.028245521631467416,0.030594360556795833,8.255142483765196,0.052201902117557264,0.02119900485548218,0.1151525618686187
all,aqua_referencing_format_expected,continuous,0.030594360556795833,0.03294319948212424,10.554150705133562,0.052201902117557264,0.02119900485548218,0.1151525618686187
all,aqua_referencing_format_expected,continuous,0.03294319948212424,0.03529203840745265,13.347019951832884,0.052201902117557264,0.02119900485548218,0.1151525618686187
all,aqua_referencing_format_expected,continuous,0.03529203840745265,0.03764087733278107,16.595433420173663,0.052201902117557264,0.02119900485548218,0.1151525618686187
all,aqua_referencing_format_expected,continuous,0.03764087733278107,0.03998971625810949,19.158401844736144,0.052201902117557264,0.02119900485548218,0.1151525618686187
all,aqua_referencing_format_expected,continuous,0.03998971625810949,0.0423385551834379,20.963549040773565,0.052201902117557264,0.02119900485548218,0.1151525618686187
all,aqua_referencing_format_expected,continuous,0.0423385551834379,0.04468739410876631,23.841566740116157,0.052201902117557264,0.02119900485548218,0.1151525618686187
all,aqua_referencing_format_expected,continuous,0.04468739410876631,0.047036233034094724,26.123545270955773,0.052201902117557264,0.02119900485548218,0.1151525618686187
all,aqua_referencing_format_expected,continuous,0.047036233034094724,0.049385071959423134,26.70681217156226,0.052201902117557264,0.02119900485548218,0.1151525618686187
all,aqua_referencing_format_expected,continuous,0.049385071959423134,0.051733910884751544,27.162356393203762,0.052201902117557264,0.02119900485548218,0.1151525618686187
all,aqua_referencing_format_expected,continuous,0.051733910884751544,0.05408274981007996,26.76215866578031,0.052201902117557264,0.02119900485548218,0.1151525618686187
all,aqua_referencing_format_expected,continuous,0.05408274981007996,0.05643158873540838,25.123050952397328,0.052201902117557264,0.02119900485548218,0.1151525618686187
all,aqua_referencing_format_expected,continuous,0.05643158873540838,0.05878042766073679,23.492458084278745,0.052201902117557264,0.02119900485548218,0.1151525618686187
all,aqua_referencing_format_expected,continuous,0.05878042766073679,0.0611292665860652,21.491469447161847,0.052201902117557264,0.02119900485548218,0.1151525618686187
all,aqua_referencing_format_expected,continuous,0.0611292665860652,0.06347810551139361,18.50275875938295,0.052201902117557264,0.02119900485548218,0.1151525618686187
all,aqua_referencing_format_expected,continuous,0.06347810551139361,0.06582694443672202,16.280384145393654,0.052201902117557264,0.02119900485548218,0.1151525618686187
all,aqua_referencing_format_expected,continuous,0.06582694443672202,0.06817578336205043,13.657811803980787,0.052201902117557264,0.02119900485548218,0.1151525618686187
all,aqua_referencing_format_expected,continuous,0.06817578336205043,0.07052462228737885,11.793060691093137,0.052201902117557264,0.02119900485548218,0.1151525618686187
all,aqua_referencing_format_expected,continuous,0.07052462228737885,0.07287346121270727,9.477022779196144,0.052201902117557264,0.02119900485548218,0.1151525618686187
all,aqua_referencing_format_expected,continuous,0.07287346121270727,0.07522230013803569,8.174251453754087,0.052201902117557264,0.02119900485548218,0.1151525618686187
all,aqua_referencing_format_expected,continuous,0.07522230013803569,0.07757113906336409,6.599005079853598,0.052201902117557264,0.02119900485548218,0.1151525618686187
all,aqua_referencing_format_expected,continuous,0.07757113906336409,0.0799199779886925,5.739005708156515,0.052201902117557264,0.02119900485548218,0.1151525618686187
all,aqua_referencing_format_expected,continuous,0.0799199779886925,0.08226881691402091,4.913065717516809,0.052201902117557264,0.02119900485548218,0.1151525618686187
all,aqua_referencing_format_expected,continuous,0.08226881691402091,0.08461765583934933,3.882769440533191,0.052201902117557264,0.02119900485548218,0.1151525618686187
all,aqua_referencing_format_expected,continuous,0.08461765583934933,0.08696649476467774,3.19306697412269,0.052201902117557264,0.02119900485548218,0.1151525618686187
all,aqua_referencing_format_expected,continuous,0.08696649476467774,0.08931533369000616,2.341582447689973,0.052201902117557264,0.02119900485548218,0.1151525618686187
all,aqua_referencing_format_expected,continuous,0.08931533369000616,0.09166417261533458,2.086137089760158,0.052201902117557264,0.02119900485548218,0.1151525618686187
all,aqua_referencing_format_expected,continuous,0.09166417261533458,0.09401301154066298,1.634850290750827,0.052201902117557264,0.02119900485548218,0.1151525618686187
all,aqua_referencing_format_expected,continuous,0.09401301154066298,0.0963618504659914,1.4943553438894193,0.052201902117557264,0.02119900485548218,0.1151525618686187
all,aqua_referencing_format_expected,continuous,0.0963618504659914,0.09871068939131981,1.3198010159707119,0.052201902117557264,0.02119900485548218,0.1151525618686187
all,aqua_referencing_format_expected,continuous,0.09871068939131981,0.10105952831664822,1.3453455517637014,0.052201902117557264,0.02119900485548218,0.1151525618686187
all,aqua_referencing_format_expected,continuous,0.10105952831664822,0.10340836724197663,1.4304940044069652,0.052201902117557264,0.02119900485548218,0.1151525618686187
all,aqua_referencing_format_expected,continuous,0.10340836724197663,0.10575720616730505,1.4347514270391288,0.052201902117557264,0.02119900485548218,0.1151525618686187
all,aqua_referencing_format_expected,continuous,0.10575720616730505,0.10810604509263347,1.2644545217525853,0.052201902117557264,0.02119900485548218,0.1151525618686187
all,aqua_referencing_format_expected,continuous,0.10810604509263347,0.11045488401796187,1.153761533316339,0.052201902117557264,0.02119900485548218,0.1151525618686187
all,aqua_referencing_format_expected,continuous,0.11045488401796187,0.11280372294329029,0.8770290622256989,0.052201902117557264,0.02119900485548218,0.1151525618686187
all,aqua_referencing_format_expected,continuous,0.11280372294329029,0.1151525618686187,2.954651306721529,0.052201902117557264,0.02119900485548218,0.1151525618686187
all,aqua_polite_address_expected,continuous,0.005933038518452722,0.06230332828557109,11.978650505250329,0.03797574880429372,0.005933038518452722,2.2607446292031876
all,aqua_polite_address_expected,continuous,0.06230332828557109,0.11867361805268947,2.692553127313096,0.03797574880429372,0.005933038518452722,2.2607446292031876
all,aqua_polite_address_expected,continuous,0.11867361805268947,0.17504390781980783,1.0700672330974172,0.03797574880429372,0.005933038518452722,2.2607446292031876
all,aqua_polite_address_expected,continuous,0.17504390781980783,0.23141419758692622,0.49387718450650003,0.03797574880429372,0.005933038518452722,2.2607446292031876
all,aqua_polite_address_expected,continuous,0.23141419758692622,0.2877844873540446,0.2746127448333556,0.03797574880429372,0.005933038518452722,2.2607446292031876
all,aqua_polite_address_expected,continuous,0.2877844873540446,0.34415477712116294,0.18342996005018733,0.03797574880429372,0.005933038518452722,2.2607446292031876
all,aqua_polite_address_expected,continuous,0.34415477712116294,0.4005250668882813,0.13304881048127695,0.03797574880429372,0.005933038518452722,2.2607446292031876
all,aqua_polite_address_expected,continuous,0.4005250668882813,0.4568953566553997,0.09224717526701869,0.03797574880429372,0.005933038518452722,2.2607446292031876
all,aqua_polite_address_expected,continuous,0.4568953566553997,0.513265646422518,0.0707819671760394,0.03797574880429372,0.005933038518452722,2.2607446292031876
all,aqua_polite_address_expected,continuous,0.513265646422518,0.5696359361896365,0.06102505440741231,0.03797574880429372,0.005933038518452722,2.2607446292031876
all,aqua_polite_address_expected,continuous,0.5696359361896365,0.6260062259567548,0.05180033688071055,0.03797574880429372,0.005933038518452722,2.2607446292031876
all,aqua_polite_address_expected,continuous,0.6260062259567548,0.6823765157238731,0.03867285424655787,0.03797574880429372,0.005933038518452722,2.2607446292031876
all,aqua_polite_address_expected,continuous,0.6823765157238731,0.7387468054909916,0.039205049488482906,0.03797574880429372,0.005933038518452722,2.2607446292031876
all,aqua_polite_address_expected,continuous,0.7387468054909916,0.7951170952581099,0.030512527203706213,0.03797574880429372,0.005933038518452722,2.2607446292031876
all,aqua_polite_address_expected,continuous,0.7951170952581099,0.8514873850252284,0.031222120859606295,0.03797574880429372,0.005933038518452722,2.2607446292031876
all,aqua_polite_address_expected,continuous,0.8514873850252284,0.9078576747923467,0.025013176370480093,0.03797574880429372,0.005933038518452722,2.2607446292031876
all,aqua_polite_address_expected,continuous,0.9078576747923467,0.964227964559465,0.022174801746879517,0.03797574880429372,0.005933038518452722,2.2607446292031876
all,aqua_polite_address_expected,continuous,0.964227964559465,1.0205982543265832,0.021820004918929485,0.03797574880429372,0.005933038518452722,2.2607446292031876
all,aqua_polite_address_expected,continuous,1.0205982543265832,1.0769685440937018,0.02075561443507914,0.03797574880429372,0.005933038518452722,2.2607446292031876
all,aqua_polite_address_expected,continuous,1.0769685440937018,1.1333388338608201,0.01596585725775325,0.03797574880429372,0.005933038518452722,2.2607446292031876
all,aqua_polite_address_expected,continuous,1.1333388338608201,1.1897091236279385,0.015611060429803179,0.03797574880429372,0.005933038518452722,2.2607446292031876
all,aqua_polite_address_expected,continuous,1.1897091236279385,1.2460794133950568,0.016675450913653394,0.03797574880429372,0.005933038518452722,2.2607446292031876
all,aqua_polite_address_expected,continuous,1.2460794133950568,1.3024497031621751,0.017562442983528576,0.03797574880429372,0.005933038518452722,2.2607446292031876
all,aqua_polite_address_expected,continuous,1.3024497031621751,1.3588199929292935,0.01596585725775325,0.03797574880429372,0.005933038518452722,2.2607446292031876
all,aqua_polite_address_expected,continuous,1.3588199929292935,1.415190282696412,0.014191873118002834,0.03797574880429372,0.005933038518452722,2.2607446292031876
all,aqua_polite_address_expected,continuous,1.415190282696412,1.4715605724635303,0.015078865187878071,0.03797574880429372,0.005933038518452722,2.2607446292031876
all,aqua_polite_address_expected,continuous,1.4715605724635303,1.5279308622306487,0.014014474704027852,0.03797574880429372,0.005933038518452722,2.2607446292031876
all,aqua_polite_address_expected,continuous,1.5279308622306487,1.584301151997767,0.015078865187878071,0.03797574880429372,0.005933038518452722,2.2607446292031876
all,aqua_polite_address_expected,continuous,1.584301151997767,1.6406714417648853,0.013837076290052817,0.03797574880429372,0.005933038518452722,2.2607446292031876
all,aqua_polite_address_expected,continuous,1.6406714417648853,1.6970417315320039,0.01436927153197787,0.03797574880429372,0.005933038518452722,2.2607446292031876
all,aqua_polite_address_expected,continuous,1.6970417315320039,1.7534120212991222,0.010643904838502166,0.03797574880429372,0.005933038518452722,2.2607446292031876
all,aqua_polite_address_expected,continuous,1.7534120212991222,1.8097823110662405,0.01596585725775325,0.03797574880429372,0.005933038518452722,2.2607446292031876
all,aqua_polite_address_expected,continuous,1.8097823110662405,1.8661526008333589,0.014724068359927999,0.03797574880429372,0.005933038518452722,2.2607446292031876
all,aqua_polite_address_expected,continuous,1.8661526008333589,1.9225228906004772,0.014014474704027852,0.03797574880429372,0.005933038518452722,2.2607446292031876
all,aqua_polite_address_expected,continuous,1.9225228906004772,1.9788931803675958,0.02199740333290439,0.03797574880429372,0.005933038518452722,2.2607446292031876
all,aqua_polite_address_expected,continuous,1.9788931803675958,2.035263470134714,0.01720764615557857,0.03797574880429372,0.005933038518452722,2.2607446292031876
all,aqua_polite_address_expected,continuous,2.035263470134714,2.0916337599018324,0.012772685806202552,0.03797574880429372,0.005933038518452722,2.2607446292031876
all,aqua_polite_address_expected,continuous,2.0916337599018324,2.148004049668951,0.016498052499678294,0.03797574880429372,0.005933038518452722,2.2607446292031876
all,aqua_polite_address_expected,continuous,2.148004049668951,2.204374339436069,0.01401447470402791,0.03797574880429372,0.005933038518452722,2.2607446292031876
all,aqua_polite_address_expected,continuous,2.204374339436069,2.2607446292031876,0.10218148644962041,0.03797574880429372,0.005933038518452722,2.2607446292031876
all,aqua_respect_expected,continuous,0.09191382499986325,0.14870066503524573,0.5464294188700405,0.4879795308700161,0.09191382499986325,2.3633874264151626
all,aqua_respect_expected,continuous,0.14870066503524573,0.2054875050706282,0.5584040242465029,0.4879795308700161,0.09191382499986325,2.3633874264151626
all,aqua_respect_expected,continuous,0.2054875050706282,0.26227434510601066,0.6614208499116576,0.4879795308700161,0.09191382499986325,2.3633874264151626
all,aqua_respect_expected,continuous,0.26227434510601066,0.31906118514139314,1.0539413702665783,0.4879795308700161,0.09191382499986325,2.3633874264151626
all,aqua_respect_expected,continuous,0.31906118514139314,0.3758480251767756,1.6503823762971381,0.4879795308700161,0.09191382499986325,2.3633874264151626
all,aqua_respect_expected,continuous,0.3758480251767756,0.4326348652121581,2.1446870423519897,0.4879795308700161,0.09191382499986325,2.3633874264151626
all,aqua_respect_expected,continuous,0.4326348652121581,0.4894217052475406,2.246647285189809,0.4879795308700161,0.09191382499986325,2.3633874264151626
all,aqua_respect_expected,continuous,0.4894217052475406,0.5462085452829231,1.9847908411486388,0.4879795308700161,0.09191382499986325,2.3633874264151626
all,aqua_respect_expected,continuous,0.5462085452829231,0.6029953853183055,1.5778303554868072,0.4879795308700161,0.09191382499986325,2.3633874264151626
all,aqua_respect_expected,continuous,0.6029953853183055,0.659782225353688,1.2113722115394807,0.4879795308700161,0.09191382499986325,2.3633874264151626
all,aqua_respect_expected,continuous,0.659782225353688,0.7165690653890705,0.9746976582164597,0.4879795308700161,0.09191382499986325,2.3633874264151626
all,aqua_respect_expected,continuous,0.7165690653890705,0.773355905424453,0.7787015437458328,0.4879795308700161,0.09191382499986325,2.3633874264151626
all,aqua_respect_expected,continuous,0.773355905424453,0.8301427454598355,0.5402660190439201,0.4879795308700161,0.09191382499986325,2.3633874264151626
all,aqua_respect_expected,continuous,0.8301427454598355,0.8869295854952179,0.3680430181883289,0.4879795308700161,0.09191382499986325,2.3633874264151626
all,aqua_respect_expected,continuous,0.8869295854952179,0.9437164255306004,0.24442282739014384,0.4879795308700161,0.09191382499986325,2.3633874264151626
all,aqua_respect_expected,continuous,0.9437164255306004,1.000503265565983,0.18278882912894043,0.4879795308700161,0.09191382499986325,2.3633874264151626
all,aqua_respect_expected,continuous,1.000503265565983,1.0572901056013655,0.12995968776219438,0.4879795308700161,0.09191382499986325,2.3633874264151626
all,aqua_respect_expected,continuous,1.0572901056013655,1.1140769456367479,0.1077714483881616,0.4879795308700161,0.09191382499986325,2.3633874264151626
all,aqua_respect_expected,continuous,1.1140769456367479,1.1708637856721305,0.08699198611724121,0.4879795308700161,0.09191382499986325,2.3633874264151626
all,aqua_respect_expected,continuous,1.1708637856721305,1.2276506257075128,0.06497984388109744,0.4879795308700161,0.09191382499986325,2.3633874264151626
all,aqua_respect_expected,continuous,1.2276506257075128,1.2844374657428952,0.05864034691708793,0.4879795308700161,0.09191382499986325,2.3633874264151626
all,aqua_respect_expected,continuous,1.2844374657428952,1.3412243057782778,0.04261550736917485,0.4879795308700161,0.09191382499986325,2.3633874264151626
all,aqua_respect_expected,continuous,1.3412243057782778,1.3980111458136604,0.036276010405165364,0.4879795308700161,0.09191382499986325,2.3633874264151626
all,aqua_respect_expected,continuous,1.3980111458136604,1.4547979858490427,0.03416284475049568,0.4879795308700161,0.09191382499986325,2.3633874264151626
all,aqua_respect_expected,continuous,1.4547979858490427,1.511584825884425,0.02641457068337294,0.4879795308700161,0.09191382499986325,2.3633874264151626
all,aqua_respect_expected,continuous,1.511584825884425,1.5683716659198077,0.025710182131816233,0.4879795308700161,0.09191382499986325,2.3633874264151626
all,aqua_respect_expected,continuous,1.5683716659198077,1.6251585059551903,0.021836045098254882,0.4879795308700161,0.09191382499986325,2.3633874264151626
all,aqua_respect_expected,continuous,1.6251585059551903,1.6819453459905727,0.018138005202582755,0.4879795308700161,0.09191382499986325,2.3633874264151626
all,aqua_respect_expected,continuous,1.6819453459905727,1.738732186025955,0.016553130961580377,0.4879795308700161,0.09191382499986325,2.3633874264151626
all,aqua_respect_expected,continuous,1.738732186025955,1.7955190260613376,0.013735576755353878,0.4879795308700161,0.09191382499986325,2.3633874264151626
all,aqua_respect_expected,continuous,1.7955190260613376,1.8523058660967202,0.012678993928018963,0.4879795308700161,0.09191382499986325,2.3633874264151626
all,aqua_respect_expected,continuous,1.8523058660967202,1.9090927061321026,0.011622411100684094,0.4879795308700161,0.09191382499986325,2.3633874264151626
all,aqua_respect_expected,continuous,1.9090927061321026,1.965879546167485,0.013559479617464777,0.4879795308700161,0.09191382499986325,2.3633874264151626
all,aqua_respect_expected,continuous,1.965879546167485,2.0226663862028675,0.009509245446014222,0.4879795308700161,0.09191382499986325,2.3633874264151626
all,aqua_respect_expected,continuous,2.0226663862028675,2.0794532262382504,0.013735576755353822,0.4879795308700161,0.09191382499986325,2.3633874264151626
all,aqua_respect_expected,continuous,2.0794532262382504,2.1362400662736327,0.011622411100684094,0.4879795308700161,0.09191382499986325,2.3633874264151626
all,aqua_respect_expected,continuous,2.1362400662736327,2.193026906309015,0.01144631396279494,0.4879795308700161,0.09191382499986325,2.3633874264151626
all,aqua_respect_expected,continuous,2.193026906309015,2.249813746344398,0.008628759756568427,0.4879795308700161,0.09191382499986325,2.3633874264151626
all,aqua_respect_expected,continuous,2.249813746344398,2.3066005863797803,0.011270216824905787,0.4879795308700161,0.09191382499986325,2.3633874264151626
all,aqua_respect_expected,continuous,2.3066005863797803,2.3633874264151626,0.09702952297692327,0.4879795308700161,0.09191382499986325,2.3633874264151626
all,aqua_screaming_expected,continuous,0.0021800130197237367,0.07479066010337032,11.727343498523677,0.006101054844862096,0.0021800130197237367,2.9066058963655874
all,aqua_screaming_expected,continuous,0.07479066010337032,0.1474013071870169,0.2550590132968404,0.006101054844862096,0.0021800130197237367,2.9066058963655874
all,aqua_screaming_expected,continuous,0.1474013071870169,0.2200119542706635,0.11651183868743357,0.006101054844862096,0.0021800130197237367,2.9066058963655874
all,aqua_screaming_expected,continuous,0.2200119542706635,0.2926226013543101,0.06886042475616638,0.006101054844862096,0.0021800130197237367,2.9066058963655874
all,aqua_screaming_expected,continuous,0.2926226013543101,0.36523324843795674,0.059770848688352425,0.006101054844862096,0.0021800130197237367,2.9066058963655874
all,aqua_screaming_expected,continuous,0.36523324843795674,0.4378438955216033,0.0490286224263905,0.006101054844862096,0.0021800130197237367,2.9066058963655874
all,aqua_screaming_expected,continuous,0.4378438955216033,0.5104545426052498,0.04517243864004522,0.006101054844862096,0.0021800130197237367,2.9066058963655874
all,aqua_screaming_expected,continuous,0.5104545426052498,0.5830651896888964,0.039525883810039505,0.006101054844862096,0.0021800130197237367,2.9066058963655874
all,aqua_screaming_expected,continuous,0.5830651896888964,0.655675836772543,0.041453975703212166,0.006101054844862096,0.0021800130197237367,2.9066058963655874
all,aqua_screaming_expected,continuous,0.655675836772543,0.7282864838561897,0.03511881662564485,0.006101054844862096,0.0021800130197237367,2.9066058963655874
all,aqua_screaming_expected,continuous,0.7282864838561897,0.8008971309398362,0.038561837863453234,0.006101054844862096,0.0021800130197237367,2.9066058963655874
all,aqua_screaming_expected,continuous,0.8008971309398362,0.8735077780234828,0.03980132550906417,0.006101054844862096,0.0021800130197237367,2.9066058963655874
all,aqua_screaming_expected,continuous,0.8735077780234828,0.9461184251071294,0.04944178497492746,0.006101054844862096,0.0021800130197237367,2.9066058963655874
all,aqua_screaming_expected,continuous,0.9461184251071294,1.018729072190776,0.08882994793545464,0.006101054844862096,0.0021800130197237367,2.9066058963655874
all,aqua_screaming_expected,continuous,1.018729072190776,1.0913397192744227,0.0639024741737223,0.006101054844862096,0.0021800130197237367,2.9066058963655874
all,aqua_screaming_expected,continuous,1.0913397192744227,1.1639503663580693,0.048890901576878205,0.006101054844862096,0.0021800130197237367,2.9066058963655874
all,aqua_screaming_expected,continuous,1.1639503663580693,1.2365610134417158,0.05288480621273586,0.006101054844862096,0.0021800130197237367,2.9066058963655874
all,aqua_screaming_expected,continuous,1.2365610134417158,1.3091716605253625,0.04792685563029173,0.006101054844862096,0.0021800130197237367,2.9066058963655874
all,aqua_screaming_expected,continuous,1.3091716605253625,1.381782307609009,0.05949540698932785,0.006101054844862096,0.0021800130197237367,2.9066058963655874
all,aqua_screaming_expected,continuous,1.381782307609009,1.4543929546926557,0.060734894634938655,0.006101054844862096,0.0021800130197237367,2.9066058963655874
all,aqua_screaming_expected,continuous,1.4543929546926557,1.5270036017763022,0.06445335757177183,0.006101054844862096,0.0021800130197237367,2.9066058963655874
all,aqua_screaming_expected,continuous,1.5270036017763022,1.5996142488599487,0.06459107842128417,0.006101054844862096,0.0021800130197237367,2.9066058963655874
all,aqua_screaming_expected,continuous,1.5996142488599487,1.6722248959435955,0.060459452935913996,0.006101054844862096,0.0021800130197237367,2.9066058963655874
all,aqua_screaming_expected,continuous,1.6722248959435955,1.744835543027242,0.05825591934371685,0.006101054844862096,0.0021800130197237367,2.9066058963655874
all,aqua_screaming_expected,continuous,1.744835543027242,1.8174461901108885,0.045723322038094545,0.006101054844862096,0.0021800130197237367,2.9066058963655874
all,aqua_screaming_expected,continuous,1.8174461901108885,1.8900568371945352,0.06321386992616064,0.006101054844862096,0.0021800130197237367,2.9066058963655874
all,aqua_screaming_expected,continuous,1.8900568371945352,1.9626674842781817,0.07230344599397481,0.006101054844862096,0.0021800130197237367,2.9066058963655874
all,aqua_screaming_expected,continuous,1.9626674842781817,2.035278131361828,0.07974037186764105,0.006101054844862096,0.0021800130197237367,2.9066058963655874
all,aqua_screaming_expected,continuous,2.035278131361828,2.1078887784454747,0.04462155524199575,0.006101054844862096,0.0021800130197237367,2.9066058963655874
all,aqua_screaming_expected,continuous,2.1078887784454747,2.1804994255291215,0.03195123708686115,0.006101054844862096,0.0021800130197237367,2.9066058963655874
all,aqua_screaming_expected,continuous,2.1804994255291215,2.2531100726127677,0.02148445252392401,0.006101054844862096,0.0021800130197237367,2.9066058963655874
all,aqua_screaming_expected,continuous,2.2531100726127677,2.3257207196964145,0.015424735145381245,0.006101054844862096,0.0021800130197237367,2.9066058963655874
all,aqua_screaming_expected,continuous,2.3257207196964145,2.398331366780061,0.011706272208548266,0.006101054844862096,0.0021800130197237367,2.9066058963655874
all,aqua_screaming_expected,continuous,2.398331366780061,2.4709420138637075,0.010191342863912671,0.006101054844862096,0.0021800130197237367,2.9066058963655874
all,aqua_screaming_expected,continuous,2.4709420138637075,2.543552660947354,0.00908957606781395,0.006101054844862096,0.0021800130197237367,2.9066058963655874
all,aqua_screaming_expected,continuous,2.543552660947354,2.616163308031001,0.011293109660011269,0.006101054844862096,0.0021800130197237367,2.9066058963655874
all,aqua_screaming_expected,continuous,2.616163308031001,2.6887739551146472,0.008400971820252338,0.006101054844862096,0.0021800130197237367,2.9066058963655874
all,aqua_screaming_expected,continuous,2.6887739551146472,2.761384602198294,0.009640459465863279,0.006101054844862096,0.0021800130197237367,2.9066058963655874
all,aqua_screaming_expected,continuous,2.761384602198294,2.8339952492819407,0.013496643252208592,0.006101054844862096,0.0021800130197237367,2.9066058963655874
all,aqua_screaming_expected,continuous,2.8339952492819407,2.9066058963655874,0.08772818113935583,0.006101054844862096,0.0021800130197237367,2.9066058963655874
all,aqua_vulgarity_expected,continuous,0.06700154953626221,0.11374938133132367,0.4569195870653517,1.0076342183727824,0.06700154953626221,1.936914821338721
all,aqua_vulgarity_expected,continuous,0.11374938133132367,0.16049721312638515,0.49670752863564893,1.0076342183727824,0.06700154953626221,1.936914821338721
all,aqua_vulgarity_expected,continuous,0.16049721312638515,0.20724504492144663,0.5527529086970356,1.0076342183727824,0.06700154953626221,1.936914821338721
all,aqua_vulgarity_expected,continuous,0.20724504492144663,0.2539928767165081,0.5692242608524815,1.0076342183727824,0.06700154953626221,1.936914821338721
all,aqua_vulgarity_expected,continuous,0.2539928767165081,0.3007407085115696,0.5662294695514912,1.0076342183727824,0.06700154953626221,1.936914821338721
all,aqua_vulgarity_expected,continuous,0.3007407085115696,0.347488540306631,0.5441963621227788,1.0076342183727824,0.06700154953626221,1.936914821338721
all,aqua_vulgarity_expected,continuous,0.347488540306631,0.3942363721016925,0.5435546211297089,1.0076342183727824,0.06700154953626221,1.936914821338721
all,aqua_vulgarity_expected,continuous,0.3942363721016925,0.44098420389675397,0.5343563335623821,1.0076342183727824,0.06700154953626221,1.936914821338721
all,aqua_vulgarity_expected,continuous,0.44098420389675397,0.48773203569181545,0.5429128801366396,1.0076342183727824,0.06700154953626221,1.936914821338721
all,aqua_vulgarity_expected,continuous,0.48773203569181545,0.5344798674868769,0.5335006789049563,1.0076342183727824,0.06700154953626221,1.936914821338721
all,aqua_vulgarity_expected,continuous,0.5344798674868769,0.5812276992819384,0.5131788807910947,1.0076342183727824,0.06700154953626221,1.936914821338721
all,aqua_vulgarity_expected,continuous,0.5812276992819384,0.6279755310769999,0.5018414565802034,1.0076342183727824,0.06700154953626221,1.936914821338721
all,aqua_vulgarity_expected,continuous,0.6279755310769999,0.6747233628720614,0.5101840894901045,1.0076342183727824,0.06700154953626221,1.936914821338721
all,aqua_vulgarity_expected,continuous,0.6747233628720614,0.7214711946671228,0.5163875857564413,1.0076342183727824,0.06700154953626221,1.936914821338721
all,aqua_vulgarity_expected,continuous,0.7214711946671228,0.7682190264621843,0.5031249385663421,1.0076342183727824,0.06700154953626221,1.936914821338721
all,aqua_vulgarity_expected,continuous,0.7682190264621843,0.8149668582572458,0.5287945782891147,1.0076342183727824,0.06700154953626221,1.936914821338721
all,aqua_vulgarity_expected,continuous,0.8149668582572458,0.8617146900523073,0.5424850528079267,1.0076342183727824,0.06700154953626221,1.936914821338721
all,aqua_vulgarity_expected,continuous,0.8617146900523073,0.9084625218473688,0.5367093838703029,1.0076342183727824,0.06700154953626221,1.936914821338721
all,aqua_vulgarity_expected,continuous,0.9084625218473688,0.9552103536424302,0.5585285776346596,1.0076342183727824,0.06700154953626221,1.936914821338721
all,aqua_vulgarity_expected,continuous,0.9552103536424302,1.0019581854374917,0.5717912248247586,1.0076342183727824,0.06700154953626221,1.936914821338721
all,aqua_vulgarity_expected,continuous,1.0019581854374917,1.048706017232553,0.5953217279039683,1.0076342183727824,0.06700154953626221,1.936914821338721
all,aqua_vulgarity_expected,continuous,1.048706017232553,1.0954538490276144,0.5918991092742653,1.0076342183727824,0.06700154953626221,1.936914821338721
all,aqua_vulgarity_expected,continuous,1.0954538490276144,1.142201680822676,0.5993860875267377,1.0076342183727824,0.06700154953626221,1.936914821338721
all,aqua_vulgarity_expected,continuous,1.142201680822676,1.1889495126177374,0.5604538006138688,1.0076342183727824,0.06700154953626221,1.936914821338721
all,aqua_vulgarity_expected,continuous,1.1889495126177374,1.235697344412799,0.574572102461391,1.0076342183727824,0.06700154953626221,1.936914821338721
all,aqua_vulgarity_expected,continuous,1.235697344412799,1.2824451762078604,0.58740692232278,1.0076342183727824,0.06700154953626221,1.936914821338721
all,aqua_vulgarity_expected,continuous,1.2824451762078604,1.329193008002922,0.5591703186277276,1.0076342183727824,0.06700154953626221,1.936914821338721
all,aqua_vulgarity_expected,continuous,1.329193008002922,1.3759408397979833,0.5739303614683244,1.0076342183727824,0.06700154953626221,1.936914821338721
all,aqua_vulgarity_expected,continuous,1.3759408397979833,1.422688671593045,0.583342562700005,1.0076342183727824,0.06700154953626221,1.936914821338721
all,aqua_vulgarity_expected,continuous,1.422688671593045,1.4694365033881063,0.5957495552326811,1.0076342183727824,0.06700154953626221,1.936914821338721
all,aqua_vulgarity_expected,continuous,1.4694365033881063,1.5161843351831679,0.6085843750940646,1.0076342183727824,0.06700154953626221,1.936914821338721
all,aqua_vulgarity_expected,continuous,1.5161843351831679,1.5629321669782292,0.6105095980732754,1.0076342183727824,0.06700154953626221,1.936914821338721
all,aqua_vulgarity_expected,continuous,1.5629321669782292,1.6096799987732906,0.5867651813297108,1.0076342183727824,0.06700154953626221,1.936914821338721
all,aqua_vulgarity_expected,continuous,1.6096799987732906,1.6564278305683522,0.5856956130079258,1.0076342183727824,0.06700154953626221,1.936914821338721
all,aqua_vulgarity_expected,continuous,1.6564278305683522,1.7031756623634136,0.5613094552712946,1.0076342183727824,0.06700154953626221,1.936914821338721
all,aqua_vulgarity_expected,continuous,1.7031756623634136,1.7499234941584751,0.5399180888356482,1.0076342183727824,0.06700154953626221,1.936914821338721
all,aqua_vulgarity_expected,continuous,1.7499234941584751,1.7966713259535365,0.47317702555644187,1.0076342183727824,0.06700154953626221,1.936914821338721
all,aqua_vulgarity_expected,continuous,1.7966713259535365,1.843419157748598,0.4042968256336668,1.0076342183727824,0.06700154953626221,1.936914821338721
all,aqua_vulgarity_expected,continuous,1.843419157748598,1.8901669895436595,0.297126079791093,1.0076342183727824,0.06700154953626221,1.936914821338721
all,aqua_vulgarity_expected,continuous,1.8901669895436595,1.936914821338721,0.2793712456495073,1.0076342183727824,0.06700154953626221,1.936914821338721
all,aqua_insult_expected,continuous,0.47471504335190473,0.4981843070390118,0.2688622908722282,1.0218981089250474,0.47471504335190473,1.4134855908361867
all,aqua_insult_expected,continuous,0.4981843070390118,0.5216535707261188,0.07073080869221851,1.0218981089250474,0.47471504335190473,1.4134855908361867
all,aqua_insult_expected,continuous,0.5216535707261188,0.5451228344132258,0.10183532094843532,1.0218981089250474,0.47471504335190473,1.4134855908361867
all,aqua_insult_expected,continuous,0.5451228344132258,0.568592098100333,0.1256963166518338,1.0218981089250474,0.47471504335190473,1.4134855908361867
all,aqua_insult_expected,continuous,0.568592098100333,0.59206136178744,0.14188770659342662,1.0218981089250474,0.47471504335190473,1.4134855908361867
all,aqua_insult_expected,continuous,0.59206136178744,0.615530625474547,0.2002619282249565,1.0218981089250474,0.47471504335190473,1.4134855908361867
all,aqua_insult_expected,continuous,0.615530625474547,0.6389998891616541,0.23647951098904327,1.0218981089250474,0.47471504335190473,1.4134855908361867
all,aqua_insult_expected,continuous,0.6389998891616541,0.6624691528487612,0.3003928923374333,1.0218981089250474,0.47471504335190473,1.4134855908361867
all,aqua_insult_expected,continuous,0.6624691528487612,0.6859384165358682,0.3626019168498681,1.0218981089250474,0.47471504335190473,1.4134855908361867
all,aqua_insult_expected,continuous,0.6859384165358682,0.7094076802229752,0.43588926079602236,1.0218981089250474,0.47471504335190473,1.4134855908361867
all,aqua_insult_expected,continuous,0.7094076802229752,0.7328769439100823,0.5428376522523263,1.0218981089250474,0.47471504335190473,1.4134855908361867
all,aqua_insult_expected,continuous,0.7328769439100823,0.7563462075971893,0.6425425271558178,1.0218981089250474,0.47471504335190473,1.4134855908361867
all,aqua_insult_expected,continuous,0.7563462075971893,0.7798154712842964,0.8053086049897148,1.0218981089250474,0.47471504335190473,1.4134855908361867
all,aqua_insult_expected,continuous,0.7798154712842964,0.8032847349714034,0.9109787288190574,1.0218981089250474,0.47471504335190473,1.4134855908361867
all,aqua_insult_expected,continuous,0.8032847349714034,0.8267539986585104,1.0959014455204004,1.0218981089250474,0.47471504335190473,1.4134855908361867
all,aqua_insult_expected,continuous,0.8267539986585104,0.8502232623456175,1.253554452846424,1.0218981089250474,0.47471504335190473,1.4134855908361867
all,aqua_insult_expected,continuous,0.8502232623456175,0.8736925260327246,1.3737116097813973,1.0218981089250474,0.47471504335190473,1.4134855908361867
all,aqua_insult_expected,continuous,0.8736925260327246,0.8971617897198316,1.6042258718445985,1.0218981089250474,0.47471504335190473,1.4134855908361867
all,aqua_insult_expected,continuous,0.8971617897198316,0.9206310534069386,1.777644179903231,1.0218981089250474,0.47471504335190473,1.4134855908361867
all,aqua_insult_expected,continuous,0.9206310534069386,0.9441003170940457,1.8995056936741528,1.0218981089250474,0.47471504335190473,1.4134855908361867
all,aqua_insult_expected,continuous,0.9441003170940457,0.9675695807811527,2.0793153398676334,1.0218981089250474,0.47471504335190473,1.4134855908361867
all,aqua_insult_expected,continuous,0.9675695807811527,0.9910388444682598,2.153454862231756,1.0218981089250474,0.47471504335190473,1.4134855908361867
all,aqua_insult_expected,continuous,0.9910388444682598,1.0145081081553669,2.2348379011487167,1.0218981089250474,0.47471504335190473,1.4134855908361867
all,aqua_insult_expected,continuous,1.0145081081553669,1.0379773718424739,2.1875419989509077,1.0218981089250474,0.47471504335190473,1.4134855908361867
all,aqua_insult_expected,continuous,1.0379773718424739,1.061446635529581,2.206289924146415,1.0218981089250474,0.47471504335190473,1.4134855908361867
all,aqua_insult_expected,continuous,1.061446635529581,1.0849158992166879,2.2859686062274505,1.0218981089250474,0.47471504335190473,1.4134855908361867
all,aqua_insult_expected,continuous,1.0849158992166879,1.108385162903795,2.2702033054948045,1.0218981089250474,0.47471504335190473,1.4134855908361867
all,aqua_insult_expected,continuous,1.108385162903795,1.131854426590902,2.219498689625103,1.0218981089250474,0.47471504335190473,1.4134855908361867
all,aqua_insult_expected,continuous,1.131854426590902,1.155323690278009,2.0575847902091806,1.0218981089250474,0.47471504335190473,1.4134855908361867
all,aqua_insult_expected,continuous,1.155323690278009,1.1787929539651163,1.8317575094448508,1.0218981089250474,0.47471504335190473,1.4134855908361867
all,aqua_insult_expected,continuous,1.1787929539651163,1.2022622176522233,1.6050780502625768,1.0218981089250474,0.47471504335190473,1.4134855908361867
all,aqua_insult_expected,continuous,1.2022622176522233,1.2257314813393303,1.30596342555211,1.0218981089250474,0.47471504335190473,1.4134855908361867
all,aqua_insult_expected,continuous,1.2257314813393303,1.2492007450264373,1.0098314253045677,1.0218981089250474,0.47471504335190473,1.4134855908361867
all,aqua_insult_expected,continuous,1.2492007450264373,1.2726700087135443,0.7908215718840835,1.0218981089250474,0.47471504335190473,1.4134855908361867
all,aqua_insult_expected,continuous,1.2726700087135443,1.2961392724006515,0.6161249961984774,1.0218981089250474,0.47471504335190473,1.4134855908361867
all,aqua_insult_expected,continuous,1.2961392724006515,1.3196085360877585,0.4674198622612283,1.0218981089250474,0.47471504335190473,1.4134855908361867
all,aqua_insult_expected,continuous,1.3196085360877585,1.3430777997748655,0.3502453297891792,1.0218981089250474,0.47471504335190473,1.4134855908361867
all,aqua_insult_expected,continuous,1.3430777997748655,1.3665470634619727,0.2637492203643551,1.0218981089250474,0.47471504335190473,1.4134855908361867
all,aqua_insult_expected,continuous,1.3665470634619727,1.3900163271490795,0.188757519582248,1.0218981089250474,0.47471504335190473,1.4134855908361867
all,aqua_insult_expected,continuous,1.3900163271490795,1.4134855908361867,0.3336278506385946,1.0218981089250474,0.47471504335190473,1.4134855908361867
all,aqua_sarcasm_expected,continuous,0.7789959866592091,0.8001440731103332,0.2804036201433629,1.2660597474661928,0.7789959866592091,1.624919444704172
all,aqua_sarcasm_expected,continuous,0.8001440731103332,0.8212921595614573,0.09504406011604713,1.2660597474661928,0.7789959866592091,1.624919444704172
all,aqua_sarcasm_expected,continuous,0.8212921595614573,0.8424402460125813,0.08369551562457926,1.2660597474661928,0.7789959866592091,1.624919444704172
all,aqua_sarcasm_expected,continuous,0.8424402460125813,0.8635883324637054,0.11632258103755021,1.2660597474661928,0.7789959866592091,1.624919444704172
all,aqua_sarcasm_expected,continuous,0.8635883324637054,0.8847364189148295,0.13192682971331915,1.2660597474661928,0.7789959866592091,1.624919444704172
all,aqua_sarcasm_expected,continuous,0.8847364189148295,0.9058845053659536,0.13192682971331915,1.2660597474661928,0.7789959866592091,1.624919444704172
all,aqua_sarcasm_expected,continuous,0.9058845053659536,0.9270325918170776,0.20190952074404042,1.2660597474661928,0.7789959866592091,1.624919444704172
all,aqua_sarcasm_expected,continuous,0.9270325918170776,0.9481806782682016,0.22649803380888958,1.2660597474661928,0.7789959866592091,1.624919444704172
all,aqua_sarcasm_expected,continuous,0.9481806782682016,0.9693287647193257,0.2922250206553091,1.2660597474661928,0.7789959866592091,1.624919444704172
all,aqua_sarcasm_expected,continuous,0.9693287647193257,0.9904768511704498,0.41280330587715985,1.2660597474661928,0.7789959866592091,1.624919444704172
all,aqua_sarcasm_expected,continuous,0.9904768511704498,1.011624937621574,0.5130487822184606,1.2660597474661928,0.7789959866592091,1.624919444704172
all,aqua_sarcasm_expected,continuous,1.011624937621574,1.032773024072698,0.6369370595836624,1.2660597474661928,0.7789959866592091,1.624919444704172
all,aqua_sarcasm_expected,continuous,1.032773024072698,1.053921110523822,0.8312808840000583,1.2660597474661928,0.7789959866592091,1.624919444704172
all,aqua_sarcasm_expected,continuous,1.053921110523822,1.0750691969749462,1.026570420457399,1.2660597474661928,0.7789959866592091,1.624919444704172
all,aqua_sarcasm_expected,continuous,1.0750691969749462,1.0962172834260702,1.2639441427372902,1.2660597474661928,0.7789959866592091,1.624919444704172
all,aqua_sarcasm_expected,continuous,1.0962172834260702,1.1173653698771941,1.4634893833789422,1.2660597474661928,0.7789959866592091,1.624919444704172
all,aqua_sarcasm_expected,continuous,1.1173653698771941,1.1385134563283184,1.6776931606553902,1.2660597474661928,0.7789959866592091,1.624919444704172
all,aqua_sarcasm_expected,continuous,1.1385134563283184,1.1596615427794423,1.9703910373311964,1.2660597474661928,0.7789959866592091,1.624919444704172
all,aqua_sarcasm_expected,continuous,1.1596615427794423,1.1808096292305665,2.153386317256101,1.2660597474661928,0.7789959866592091,1.624919444704172
all,aqua_sarcasm_expected,continuous,1.1808096292305665,1.2019577156816905,2.3444201495291748,1.2660597474661928,0.7789959866592091,1.624919444704172
all,aqua_sarcasm_expected,continuous,1.2019577156816905,1.2231058021328147,2.408255712293659,1.2660597474661928,0.7789959866592091,1.624919444704172
all,aqua_sarcasm_expected,continuous,1.2231058021328147,1.2442538885839387,2.6300251858977957,1.2660597474661928,0.7789959866592091,1.624919444704172
all,aqua_sarcasm_expected,continuous,1.2442538885839387,1.2654019750350627,2.662179395290289,1.2660597474661928,0.7789959866592091,1.624919444704172
all,aqua_sarcasm_expected,continuous,1.2654019750350627,1.286550061486187,2.746347766935317,1.2660597474661928,0.7789959866592091,1.624919444704172
all,aqua_sarcasm_expected,continuous,1.286550061486187,1.3076981479373109,2.762897727652071,1.2660597474661928,0.7789959866592091,1.624919444704172
all,aqua_sarcasm_expected,continuous,1.3076981479373109,1.3288462343884349,2.640900874368786,1.2660597474661928,0.7789959866592091,1.624919444704172
all,aqua_sarcasm_expected,continuous,1.3288462343884349,1.349994320839559,2.485804099652025,1.2660597474661928,0.7789959866592091,1.624919444704172
all,aqua_sarcasm_expected,continuous,1.349994320839559,1.3711424072906833,2.2526860815564484,1.2660597474661928,0.7789959866592091,1.624919444704172
all,aqua_sarcasm_expected,continuous,1.3711424072906833,1.3922904937418072,1.9013540583414301,1.2660597474661928,0.7789959866592091,1.624919444704172
all,aqua_sarcasm_expected,continuous,1.3922904937418072,1.4134385801929312,1.6871502810649646,1.2660597474661928,0.7789959866592091,1.624919444704172
all,aqua_sarcasm_expected,continuous,1.4134385801929312,1.4345866666440554,1.4838221922594743,1.2660597474661928,0.7789959866592091,1.624919444704172
all,aqua_sarcasm_expected,continuous,1.4345866666440554,1.4557347530951794,1.3083926086622077,1.2660597474661928,0.7789959866592091,1.624919444704172
all,aqua_sarcasm_expected,continuous,1.4557347530951794,1.4768828395463034,1.0445389492355681,1.2660597474661928,0.7789959866592091,1.624919444704172
all,aqua_sarcasm_expected,continuous,1.4768828395463034,1.4980309259974276,0.8870778944164351,1.2660597474661928,0.7789959866592091,1.624919444704172
all,aqua_sarcasm_expected,continuous,1.4980309259974276,1.5191790124485516,0.7055011825529505,1.2660597474661928,0.7789959866592091,1.624919444704172
all,aqua_sarcasm_expected,continuous,1.5191790124485516,1.5403270988996756,0.5612800963072067,1.2660597474661928,0.7789959866592091,1.624919444704172
all,aqua_sarcasm_expected,continuous,1.5403270988996756,1.5614751853507998,0.4024004734266452,1.2660597474661928,0.7789959866592091,1.624919444704172
all,aqua_sarcasm_expected,continuous,1.5614751853507998,1.582623271801924,0.28702360443005126,1.2660597474661928,0.7789959866592091,1.624919444704172
all,aqua_sarcasm_expected,continuous,1.582623271801924,1.603771358253048,0.20190952074404148,1.2660597474661928,0.7789959866592091,1.624919444704172
all,aqua_sarcasm_expected,continuous,1.603771358253048,1.624919444704172,0.37213768811606707,1.2660597474661928,0.7789959866592091,1.624919444704172
all,aqua_discrimination_expected,continuous,0.41330738496997,0.44441152545787965,0.22247841899665546,1.1702436452738256,0.41330738496997,1.6574730044863555
all,aqua_discrimination_expected,continuous,0.44441152545787965,0.47551566594578926,0.0617281162534074,1.1702436452738256,0.41330738496997,1.6574730044863555
all,aqua_discrimination_expected,continuous,0.47551566594578926,0.5066198064336989,0.06494312230827237,1.1702436452738256,0.41330738496997,1.6574730044863555
all,aqua_discrimination_expected,continuous,0.5066198064336989,0.5377239469216085,0.07233763623446167,1.1702436452738256,0.41330738496997,1.6574730044863555
all,aqua_discrimination_expected,continuous,0.5377239469216085,0.5688280874095182,0.10062968951727334,1.1702436452738256,0.41330738496997,1.6574730044863555
all,aqua_discrimination_expected,continuous,0.5688280874095182,0.5999322278974278,0.10480919738859779,1.1702436452738256,0.41330738496997,1.6574730044863555
all,aqua_discrimination_expected,continuous,0.5999322278974278,0.6310363683853375,0.12667123856167956,1.1702436452738256,0.41330738496997,1.6574730044863555
all,aqua_discrimination_expected,continuous,0.6310363683853375,0.662140508873247,0.14467527246892384,1.1702436452738256,0.41330738496997,1.6574730044863555
all,aqua_discrimination_expected,continuous,0.662140508873247,0.6932446493611568,0.16203630516519354,1.1702436452738256,0.41330738496997,1.6574730044863555
all,aqua_discrimination_expected,continuous,0.6932446493611568,0.7243487898490664,0.22858693050089968,1.1702436452738256,0.41330738496997,1.6574730044863555
all,aqua_discrimination_expected,continuous,0.7243487898490664,0.755452930336976,0.2790625255622788,1.1702436452738256,0.41330738496997,1.6574730044863555
all,aqua_discrimination_expected,continuous,0.755452930336976,0.7865570708248857,0.3488281569528485,1.1702436452738256,0.41330738496997,1.6574730044863555
all,aqua_discrimination_expected,continuous,0.7865570708248857,0.8176612113127952,0.4192367895543927,1.1702436452738256,0.41330738496997,1.6574730044863555
all,aqua_discrimination_expected,continuous,0.8176612113127952,0.848765351800705,0.5314405008691765,1.1702436452738256,0.41330738496997,1.6574730044863555
all,aqua_discrimination_expected,continuous,0.848765351800705,0.8798694922886146,0.6548967333759953,1.1702436452738256,0.41330738496997,1.6574730044863555
all,aqua_discrimination_expected,continuous,0.8798694922886146,0.9109736327765242,0.7648499404523748,1.1702436452738256,0.41330738496997,1.6574730044863555
all,aqua_discrimination_expected,continuous,0.9109736327765242,0.9420777732644339,0.9005231959676762,1.1702436452738256,0.41330738496997,1.6574730044863555
all,aqua_discrimination_expected,continuous,0.9420777732644339,0.9731819137523435,1.0336244466390856,1.1702436452738256,0.41330738496997,1.6574730044863555
all,aqua_discrimination_expected,continuous,0.9731819137523435,1.0042860542402532,1.2278108123529294,1.1702436452738256,0.41330738496997,1.6574730044863555
all,aqua_discrimination_expected,continuous,1.0042860542402532,1.0353901947281627,1.3461230351719646,1.1702436452738256,0.41330738496997,1.6574730044863555
all,aqua_discrimination_expected,continuous,1.0353901947281627,1.0664943352160723,1.5088023415481326,1.1702436452738256,0.41330738496997,1.6574730044863555
all,aqua_discrimination_expected,continuous,1.0664943352160723,1.097598475703982,1.5721379608289612,1.1702436452738256,0.41330738496997,1.6574730044863555
all,aqua_discrimination_expected,continuous,1.097598475703982,1.1287026161918918,1.7007382030235594,1.1702436452738256,0.41330738496997,1.6574730044863555
all,aqua_discrimination_expected,continuous,1.1287026161918918,1.1598067566798014,1.8454134754924953,1.1702436452738256,0.41330738496997,1.6574730044863555
all,aqua_discrimination_expected,continuous,1.1598067566798014,1.190910897167711,1.9817297322187704,1.1702436452738256,0.41330738496997,1.6574730044863555
all,aqua_discrimination_expected,continuous,1.190910897167711,1.2220150376556207,1.9425066583494035,1.1702436452738256,0.41330738496997,1.6574730044863555
all,aqua_discrimination_expected,continuous,1.2220150376556207,1.2531191781435302,1.8856010511783077,1.1702436452738256,0.41330738496997,1.6574730044863555
all,aqua_discrimination_expected,continuous,1.2531191781435302,1.2842233186314398,1.7422117811313298,1.1702436452738256,0.41330738496997,1.6574730044863555
all,aqua_discrimination_expected,continuous,1.2842233186314398,1.3153274591193496,1.6139330395422058,1.1702436452738256,0.41330738496997,1.6574730044863555
all,aqua_discrimination_expected,continuous,1.3153274591193496,1.346431599607259,1.4528612361934818,1.1702436452738256,0.41330738496997,1.6574730044863555
all,aqua_discrimination_expected,continuous,1.346431599607259,1.3775357400951687,1.2618898765345026,1.1702436452738256,0.41330738496997,1.6574730044863555
all,aqua_discrimination_expected,continuous,1.3775357400951687,1.4086398805830784,1.0812065362510832,1.1702436452738256,0.41330738496997,1.6574730044863555
all,aqua_discrimination_expected,continuous,1.4086398805830784,1.439744021070988,0.9165982262420042,1.1702436452738256,0.41330738496997,1.6574730044863555
all,aqua_discrimination_expected,continuous,1.439744021070988,1.4708481615588977,0.7519899162329122,1.1702436452738256,0.41330738496997,1.6574730044863555
all,aqua_discrimination_expected,continuous,1.4708481615588977,1.5019523020468073,0.5912396134896688,1.1702436452738256,0.41330738496997,1.6574730044863555
all,aqua_discrimination_expected,continuous,1.5019523020468073,1.533056442534717,0.4652113761389585,1.1702436452738256,0.41330738496997,1.6574730044863555
all,aqua_discrimination_expected,continuous,1.533056442534717,1.5641605830226266,0.3401476406047143,1.1702436452738256,0.41330738496997,1.6574730044863555
all,aqua_discrimination_expected,continuous,1.5641605830226266,1.5952647235105362,0.2604154904440629,1.1702436452738256,0.41330738496997,1.6574730044863555
all,aqua_discrimination_expected,continuous,1.5952647235105362,1.626368863998446,0.18325534512730224,1.1702436452738256,0.41330738496997,1.6574730044863555
all,aqua_discrimination_expected,continuous,1.626368863998446,1.6574730044863555,0.25687898378371143,1.1702436452738256,0.41330738496997,1.6574730044863555
all,aqua_storytelling_expected,continuous,0.02132092594240438,0.0903082572255662,2.9163325534974818,0.30259771362170695,0.02132092594240438,2.780814177268877
all,aqua_storytelling_expected,continuous,0.0903082572255662,0.159295588508728,2.028343427659937,0.30259771362170695,0.02132092594240438,2.780814177268877
all,aqua_storytelling_expected,continuous,0.159295588508728,0.2282829197918898,1.318937815213161,0.30259771362170695,0.02132092594240438,2.780814177268877
all,aqua_storytelling_expected,continuous,0.2282829197918898,0.2972702510750516,0.920748763845917,0.30259771362170695,0.02132092594240438,2.780814177268877
all,aqua_storytelling_expected,continuous,0.2972702510750516,0.36625758235821343,0.7040423088790332,0.30259771362170695,0.02132092594240438,2.780814177268877
all,aqua_storytelling_expected,continuous,0.36625758235821343,0.43524491364137524,0.5414037520410108,0.30259771362170695,0.02132092594240438,2.780814177268877
all,aqua_storytelling_expected,continuous,0.43524491364137524,0.5042322449245371,0.46225878587919195,0.30259771362170695,0.02132092594240438,2.780814177268877
all,aqua_storytelling_expected,continuous,0.5042322449245371,0.5732195762076989,0.4039872173864249,0.30259771362170695,0.02132092594240438,2.780814177268877
all,aqua_storytelling_expected,continuous,0.5732195762076989,0.6422069074908607,0.3316550962971439,0.30259771362170695,0.02132092594240438,2.780814177268877
all,aqua_storytelling_expected,continuous,0.6422069074908607,0.7111942387740225,0.29802573338589505,0.30259771362170695,0.02132092594240438,2.780814177268877
all,aqua_storytelling_expected,continuous,0.7111942387740225,0.7801815700571844,0.26816517838711373,0.30259771362170695,0.02132092594240438,2.780814177268877
all,aqua_storytelling_expected,continuous,0.7801815700571844,0.8491689013403462,0.2443926977084723,0.30259771362170695,0.02132092594240438,2.780814177268877
all,aqua_storytelling_expected,continuous,0.8491689013403462,0.918156232623508,0.22728810795188886,0.30259771362170695,0.02132092594240438,2.780814177268877
all,aqua_storytelling_expected,continuous,0.918156232623508,0.9871435639066698,0.20641471028283784,0.30259771362170695,0.02132092594240438,2.780814177268877
all,aqua_storytelling_expected,continuous,0.9871435639066698,1.0561308951898316,0.20931379329242825,0.30259771362170695,0.02132092594240438,2.780814177268877
all,aqua_storytelling_expected,continuous,1.0561308951898316,1.1251182264729933,0.17669910943453634,0.30259771362170695,0.02132092594240438,2.780814177268877
all,aqua_storytelling_expected,continuous,1.1251182264729933,1.194105557756155,0.17264039322110974,0.30259771362170695,0.02132092594240438,2.780814177268877
all,aqua_storytelling_expected,continuous,1.194105557756155,1.263092889039317,0.16640736475048976,0.30259771362170695,0.02132092594240438,2.780814177268877
all,aqua_storytelling_expected,continuous,1.263092889039317,1.3320802203224789,0.15495598686260764,0.30259771362170695,0.02132092594240438,2.780814177268877
all,aqua_storytelling_expected,continuous,1.3320802203224789,1.4010675516056406,0.14147525086801266,0.30259771362170695,0.02132092594240438,2.780814177268877
all,aqua_storytelling_expected,continuous,1.4010675516056406,1.4700548828888023,0.13611194730027038,0.30259771362170695,0.02132092594240438,2.780814177268877
all,aqua_storytelling_expected,continuous,1.4700548828888023,1.5390422141719642,0.13379268089259763,0.30259771362170695,0.02132092594240438,2.780814177268877
all,aqua_storytelling_expected,continuous,1.5390422141719642,1.608029545455126,0.1288642397762939,0.30259771362170695,0.02132092594240438,2.780814177268877
all,aqua_storytelling_expected,continuous,1.608029545455126,1.6770168767382878,0.11610827453409646,0.30259771362170695,0.02132092594240438,2.780814177268877
all,aqua_storytelling_expected,continuous,1.6770168767382878,1.7460042080214495,0.12176148640279778,0.30259771362170695,0.02132092594240438,2.780814177268877
all,aqua_storytelling_expected,continuous,1.7460042080214495,1.8149915393046114,0.11871744924272745,0.30259771362170695,0.02132092594240438,2.780814177268877
all,aqua_storytelling_expected,continuous,1.8149915393046114,1.8839788705877734,0.12234130300471548,0.30259771362170695,0.02132092594240438,2.780814177268877
all,aqua_storytelling_expected,continuous,1.8839788705877734,1.952966201870935,0.11248442077210842,0.30259771362170695,0.02132092594240438,2.780814177268877
all,aqua_storytelling_expected,continuous,1.952966201870935,2.0219535331540968,0.10755597965580471,0.30259771362170695,0.02132092594240438,2.780814177268877
all,aqua_storytelling_expected,continuous,2.0219535331540968,2.090940864437259,0.11581836623313668,0.30259771362170695,0.02132092594240438,2.780814177268877
all,aqua_storytelling_expected,continuous,2.090940864437259,2.1599281957204206,0.11262937492258795,0.30259771362170695,0.02132092594240438,2.780814177268877
all,aqua_storytelling_expected,continuous,2.1599281957204206,2.2289155270035823,0.11726790773793264,0.30259771362170695,0.02132092594240438,2.780814177268877
all,aqua_storytelling_expected,continuous,2.2289155270035823,2.297902858286744,0.12683488166958104,0.30259771362170695,0.02132092594240438,2.780814177268877
all,aqua_storytelling_expected,continuous,2.297902858286744,2.3668901895699057,0.12755965242197864,0.30259771362170695,0.02132092594240438,2.780814177268877
all,aqua_storytelling_expected,continuous,2.3668901895699057,2.435877520853068,0.13480735994595383,0.30259771362170695,0.02132092594240438,2.780814177268877
all,aqua_storytelling_expected,continuous,2.435877520853068,2.5048648521362296,0.1333578184411595,0.30259771362170695,0.02132092594240438,2.780814177268877
all,aqua_storytelling_expected,continuous,2.5048648521362296,2.5738521834193913,0.13596699314979088,0.30259771362170695,0.02132092594240438,2.780814177268877
all,aqua_storytelling_expected,continuous,2.5738521834193913,2.6428395147025534,0.14915782084342633,0.30259771362170695,0.02132092594240438,2.780814177268877
all,aqua_storytelling_expected,continuous,2.6428395147025534,2.711826845985715,0.14901286669294778,0.30259771362170695,0.02132092594240438,2.780814177268877
all,aqua_storytelling_expected,continuous,2.711826845985715,2.780814177268877,0.20177617746749346,0.30259771362170695,0.02132092594240438,2.780814177268877
all,sentiment_neutral,continuous,0.03185845036059618,0.053468162077479064,1.9778144456507853,0.3058914840221405,0.03185845036059618,0.8962469190359117
all,sentiment_neutral,continuous,0.053468162077479064,0.07507787379436195,2.295264307540452,0.3058914840221405,0.03185845036059618,0.8962469190359117
all,sentiment_neutral,continuous,0.07507787379436195,0.09668758551124484,2.2448240233626477,0.3058914840221405,0.03185845036059618,0.8962469190359117
all,sentiment_neutral,continuous,0.09668758551124484,0.11829729722812773,2.111087857056359,0.3058914840221405,0.03185845036059618,0.8962469190359117
all,sentiment_neutral,continuous,0.11829729722812773,0.13990700894501062,2.0250154455235925,0.3058914840221405,0.03185845036059618,0.8962469190359117
all,sentiment_neutral,continuous,0.13990700894501062,0.1615167206618935,1.945421602600821,0.3058914840221405,0.03185845036059618,0.8962469190359117
all,sentiment_neutral,continuous,0.1615167206618935,0.18312643237877638,1.8070578872873921,0.3058914840221405,0.03185845036059618,0.8962469190359117
all,sentiment_neutral,continuous,0.18312643237877638,0.20473614409565927,1.7001615052225043,0.3058914840221405,0.03185845036059618,0.8962469190359117
all,sentiment_neutral,continuous,0.20473614409565927,0.22634585581254216,1.6760982503853867,0.3058914840221405,0.03185845036059618,0.8962469190359117
all,sentiment_neutral,continuous,0.22634585581254216,0.24795556752942505,1.5206126037455496,0.3058914840221405,0.03185845036059618,0.8962469190359117
all,sentiment_neutral,continuous,0.24795556752942505,0.26956527924630796,1.477576397979164,0.3058914840221405,0.03185845036059618,0.8962469190359117
all,sentiment_neutral,continuous,0.26956527924630796,0.2911749909631908,1.4549014078441918,0.3058914840221405,0.03185845036059618,0.8962469190359117
all,sentiment_neutral,continuous,0.2911749909631908,0.31278470268007375,1.3132984082257653,0.3058914840221405,0.03185845036059618,0.8962469190359117
all,sentiment_neutral,continuous,0.31278470268007375,0.3343944143969566,1.3216279964386168,0.3058914840221405,0.03185845036059618,0.8962469190359117
all,sentiment_neutral,continuous,0.3343944143969566,0.3560041261138395,1.2619326142465332,0.3058914840221405,0.03185845036059618,0.8962469190359117
all,sentiment_neutral,continuous,0.3560041261138395,0.3776138378307224,1.2239867123880046,0.3058914840221405,0.03185845036059618,0.8962469190359117
all,sentiment_neutral,continuous,0.3776138378307224,0.39922354954760525,1.1749346929123419,0.3058914840221405,0.03185845036059618,0.8962469190359117
all,sentiment_neutral,continuous,0.39922354954760525,0.42083326126448817,1.1453183792666555,0.3058914840221405,0.03185845036059618,0.8962469190359117
all,sentiment_neutral,continuous,0.42083326126448817,0.44244297298137103,1.1064469676066992,0.3058914840221405,0.03185845036059618,0.8962469190359117
all,sentiment_neutral,continuous,0.44244297298137103,0.46405268469825395,1.0962663597909927,0.3058914840221405,0.03185845036059618,0.8962469190359117
all,sentiment_neutral,continuous,0.46405268469825395,0.4856623964151368,1.0476770952160464,0.3058914840221405,0.03185845036059618,0.8962469190359117
all,sentiment_neutral,continuous,0.4856623964151368,0.5072721081320197,1.0018643600453776,0.3058914840221405,0.03185845036059618,0.8962469190359117
all,sentiment_neutral,continuous,0.5072721081320197,0.5288818198489026,0.9569771346761413,0.3058914840221405,0.03185845036059618,0.8962469190359117
all,sentiment_neutral,continuous,0.5288818198489026,0.5504915315657855,0.9194939877183235,0.3058914840221405,0.03185845036059618,0.8962469190359117
all,sentiment_neutral,continuous,0.5504915315657855,0.5721012432826683,0.9144036838104715,0.3058914840221405,0.03185845036059618,0.8962469190359117
all,sentiment_neutral,continuous,0.5721012432826683,0.5937109549995513,0.8088955664477208,0.3058914840221405,0.03185845036059618,0.8962469190359117
all,sentiment_neutral,continuous,0.5937109549995513,0.6153206667164342,0.8371236153912668,0.3058914840221405,0.03185845036059618,0.8962469190359117
all,sentiment_neutral,continuous,0.6153206667164342,0.636930378433317,0.7663221155820551,0.3058914840221405,0.03185845036059618,0.8962469190359117
all,sentiment_neutral,continuous,0.636930378433317,0.6585400901501999,0.7653966057806276,0.3058914840221405,0.03185845036059618,0.8962469190359117
all,sentiment_neutral,continuous,0.6585400901501999,0.6801498018670828,0.6899675569642744,0.3058914840221405,0.03185845036059618,0.8962469190359117
all,sentiment_neutral,continuous,0.6801498018670828,0.7017595135839657,0.6996854098792676,0.3058914840221405,0.03185845036059618,0.8962469190359117
all,sentiment_neutral,continuous,0.7017595135839657,0.7233692253008486,0.6899675569642779,0.3058914840221405,0.03185845036059618,0.8962469190359117
all,sentiment_neutral,continuous,0.7233692253008486,0.7449789370177314,0.6608139982193084,0.3058914840221405,0.03185845036059618,0.8962469190359117
all,sentiment_neutral,continuous,0.7449789370177314,0.7665886487346143,0.6085226944386488,0.3058914840221405,0.03185845036059618,0.8962469190359117
all,sentiment_neutral,continuous,0.7665886487346143,0.7881983604514973,0.5955655572186593,0.3058914840221405,0.03185845036059618,0.8962469190359117
all,sentiment_neutral,continuous,0.7881983604514973,0.8098080721683801,0.5678002631758343,0.3058914840221405,0.03185845036059618,0.8962469190359117
all,sentiment_neutral,continuous,0.8098080721683801,0.831417783885263,0.5247640574094509,0.3058914840221405,0.03185845036059618,0.8962469190359117
all,sentiment_neutral,continuous,0.831417783885263,0.8530274956021459,0.452111537997384,0.3058914840221405,0.03185845036059618,0.8962469190359117
all,sentiment_neutral,continuous,0.8530274956021459,0.8746372073190288,0.3924161558053016,0.3058914840221405,0.03185845036059618,0.8962469190359117
all,sentiment_neutral,continuous,0.8746372073190288,0.8962469190359117,0.4960732535651951,0.3058914840221405,0.03185845036059618,0.8962469190359117
all,toxicity_mean_probability,continuous,0.0006223941224743612,0.0255733215727887,30.90145653043797,0.002551804296672344,0.0006223941224743612,0.9986594921350479
all,toxicity_mean_probability,continuous,0.0255733215727887,0.05052424902310304,1.1578727908022528,0.002551804296672344,0.0006223941224743612,0.9986594921350479
all,toxicity_mean_probability,continuous,0.05052424902310304,0.07547517647341738,0.5763312818184975,0.002551804296672344,0.0006223941224743612,0.9986594921350479
all,toxicity_mean_probability,continuous,0.07547517647341738,0.10042610392373172,0.371128488848351,0.002551804296672344,0.0006223941224743612,0.9986594921350479
all,toxicity_mean_probability,continuous,0.10042610392373172,0.12537703137404604,0.27013023918335716,0.002551804296672344,0.0006223941224743612,0.9986594921350479
all,toxicity_mean_probability,continuous,0.12537703137404604,0.1503279588243604,0.22363898140105803,0.002551804296672344,0.0006223941224743612,0.9986594921350479
all,toxicity_mean_probability,continuous,0.1503279588243604,0.17527888627467472,0.18516345771915577,0.002551804296672344,0.0006223941224743612,0.9986594921350479
all,toxicity_mean_probability,continuous,0.17527888627467472,0.20022981372498908,0.14748950744729275,0.002551804296672344,0.0006223941224743612,0.9986594921350479
all,toxicity_mean_probability,continuous,0.20022981372498908,0.22518074117530343,0.15470366813764946,0.002551804296672344,0.0006223941224743612,0.9986594921350479
all,toxicity_mean_probability,continuous,0.22518074117530343,0.25013166862561775,0.12865253231136148,0.002551804296672344,0.0006223941224743612,0.9986594921350479
all,toxicity_mean_probability,continuous,0.25013166862561775,0.27508259607593205,0.12264073173606435,0.002551804296672344,0.0006223941224743612,0.9986594921350479
all,toxicity_mean_probability,continuous,0.27508259607593205,0.3000335235262464,0.12063679821096499,0.002551804296672344,0.0006223941224743612,0.9986594921350479
all,toxicity_mean_probability,continuous,0.3000335235262464,0.32498445097656076,0.0973911693198156,0.002551804296672344,0.0006223941224743612,0.9986594921350479
all,toxicity_mean_probability,continuous,0.32498445097656076,0.34993537842687505,0.10179982307503382,0.002551804296672344,0.0006223941224743612,0.9986594921350479
all,toxicity_mean_probability,continuous,0.34993537842687505,0.3748863058771894,0.1001966762549543,0.002551804296672344,0.0006223941224743612,0.9986594921350479
all,toxicity_mean_probability,continuous,0.3748863058771894,0.39983723332750376,0.08656992828428052,0.002551804296672344,0.0006223941224743612,0.9986594921350479
all,toxicity_mean_probability,continuous,0.39983723332750376,0.4247881607778181,0.0949864490896967,0.002551804296672344,0.0006223941224743612,0.9986594921350479
all,toxicity_mean_probability,continuous,0.4247881607778181,0.44973908822813247,0.07815340747886436,0.002551804296672344,0.0006223941224743612,0.9986594921350479
all,toxicity_mean_probability,continuous,0.44973908822813247,0.47469001567844676,0.07935576759392399,0.002551804296672344,0.0006223941224743612,0.9986594921350479
all,toxicity_mean_probability,continuous,0.47469001567844676,0.4996409431287611,0.08697071498930034,0.002551804296672344,0.0006223941224743612,0.9986594921350479
all,toxicity_mean_probability,continuous,0.4996409431287611,0.5245918705790754,0.07414554042866636,0.002551804296672344,0.0006223941224743612,0.9986594921350479
all,toxicity_mean_probability,continuous,0.5245918705790754,0.5495427980293898,0.07374475372364638,0.002551804296672344,0.0006223941224743612,0.9986594921350479
all,toxicity_mean_probability,continuous,0.5495427980293898,0.5744937254797041,0.07494711383870582,0.002551804296672344,0.0006223941224743612,0.9986594921350479
all,toxicity_mean_probability,continuous,0.5744937254797041,0.5994446529300185,0.07855419418388418,0.002551804296672344,0.0006223941224743612,0.9986594921350479
all,toxicity_mean_probability,continuous,0.5994446529300185,0.6243955803803328,0.07053846008348784,0.002551804296672344,0.0006223941224743612,0.9986594921350479
all,toxicity_mean_probability,continuous,0.6243955803803328,0.6493465078306472,0.078954980888904,0.002551804296672344,0.0006223941224743612,0.9986594921350479
all,toxicity_mean_probability,continuous,0.6493465078306472,0.6742974352809615,0.08456599475918145,0.002551804296672344,0.0006223941224743612,0.9986594921350479
all,toxicity_mean_probability,continuous,0.6742974352809615,0.6992483627312758,0.07735183406882508,0.002551804296672344,0.0006223941224743612,0.9986594921350479
all,toxicity_mean_probability,continuous,0.6992483627312758,0.7241992901815901,0.08376442134914182,0.002551804296672344,0.0006223941224743612,0.9986594921350479
all,toxicity_mean_probability,continuous,0.7241992901815901,0.7491502176319045,0.08777228839933998,0.002551804296672344,0.0006223941224743612,0.9986594921350479
all,toxicity_mean_probability,continuous,0.7491502176319045,0.7741011450822188,0.09658959590977596,0.002551804296672344,0.0006223941224743612,0.9986594921350479
all,toxicity_mean_probability,continuous,0.7741011450822188,0.7990520725325332,0.10300218319009304,0.002551804296672344,0.0006223941224743612,0.9986594921350479
all,toxicity_mean_probability,continuous,0.7990520725325332,0.8240029999828475,0.11222027740554884,0.002551804296672344,0.0006223941224743612,0.9986594921350479
all,toxicity_mean_probability,continuous,0.8240029999828475,0.8489539274331619,0.12344230514610371,0.002551804296672344,0.0006223941224743612,0.9986594921350479
all,toxicity_mean_probability,continuous,0.8489539274331619,0.8739048548834762,0.14989422767741165,0.002551804296672344,0.0006223941224743612,0.9986594921350479
all,toxicity_mean_probability,continuous,0.8739048548834762,0.8988557823337906,0.1855642444241754,0.002551804296672344,0.0006223941224743612,0.9986594921350479
all,toxicity_mean_probability,continuous,0.8988557823337906,0.9238067097841048,0.239269662896832,0.002551804296672344,0.0006223941224743612,0.9986594921350479
all,toxicity_mean_probability,continuous,0.9238067097841048,0.9487576372344192,0.3667198350931328,0.002551804296672344,0.0006223941224743612,0.9986594921350479
all,toxicity_mean_probability,continuous,0.9487576372344192,0.9737085646847335,0.826822972455883,0.002551804296672344,0.0006223941224743612,0.9986594921350479
all,toxicity_mean_probability,continuous,0.9737085646847335,0.9986594921350479,2.0055366719191654,0.002551804296672344,0.0006223941224743612,0.9986594921350479
all,aqua_score_expected,continuous,1.0656415160892172,1.1148644001656176,0.24297641685189558,2.136258714171424,1.0656415160892172,3.0345568791452373
all,aqua_score_expected,continuous,1.1148644001656176,1.1640872842420182,0.2118933133582993,2.136258714171424,1.0656415160892172,3.0345568791452373
all,aqua_score_expected,continuous,1.1640872842420182,1.2133101683184186,0.3321625765492051,2.136258714171424,1.0656415160892172,3.0345568791452373
all,aqua_score_expected,continuous,1.2133101683184186,1.2625330523948193,0.4095655989744309,2.136258714171424,1.0656415160892172,3.0345568791452373
all,aqua_score_expected,continuous,1.2625330523948193,1.3117559364712197,0.46604339486475627,2.136258714171424,1.0656415160892172,3.0345568791452373
all,aqua_score_expected,continuous,1.3117559364712197,1.3609788205476203,0.4280529350392489,2.136258714171424,1.0656415160892172,3.0345568791452373
all,aqua_score_expected,continuous,1.3609788205476203,1.4102017046240207,0.41403506483625685,2.136258714171424,1.0656415160892172,3.0345568791452373
all,aqua_score_expected,continuous,1.4102017046240207,1.4594245887004211,0.41728558546303807,2.136258714171424,1.0656415160892172,3.0345568791452373
all,aqua_score_expected,continuous,1.4594245887004211,1.5086474727768218,0.40611192080847586,2.136258714171424,1.0656415160892172,3.0345568791452373
all,aqua_score_expected,continuous,1.5086474727768218,1.5578703568532224,0.4158634826888194,2.136258714171424,1.0656415160892172,3.0345568791452373
all,aqua_score_expected,continuous,1.5578703568532224,1.6070932409296228,0.44369606555563545,2.136258714171424,1.0656415160892172,3.0345568791452373
all,aqua_score_expected,continuous,1.6070932409296228,1.6563161250060232,0.4510097369658932,2.136258714171424,1.0656415160892172,3.0345568791452373
all,aqua_score_expected,continuous,1.6563161250060232,1.7055390090824236,0.46157392900293215,2.136258714171424,1.0656415160892172,3.0345568791452373
all,aqua_score_expected,continuous,1.7055390090824236,1.7547618931588242,0.4881875666347011,2.136258714171424,1.0656415160892172,3.0345568791452373
all,aqua_score_expected,continuous,1.7547618931588242,1.8039847772352249,0.5111443685613433,2.136258714171424,1.0656415160892172,3.0345568791452373
all,aqua_score_expected,continuous,1.8039847772352249,1.8532076613116253,0.5365390609580738,2.136258714171424,1.0656415160892172,3.0345568791452373
all,aqua_score_expected,continuous,1.8532076613116253,1.9024305453880257,0.570060054921755,2.136258714171424,1.0656415160892172,3.0345568791452373
all,aqua_score_expected,continuous,1.9024305453880257,1.9516534294644263,0.5875316032907014,2.136258714171424,1.0656415160892172,3.0345568791452373
all,aqua_score_expected,continuous,1.9516534294644263,2.000876313540827,0.6052063091988241,2.136258714171424,1.0656415160892172,3.0345568791452373
all,aqua_score_expected,continuous,2.000876313540827,2.0500991976172274,0.6326325769872935,2.136258714171424,1.0656415160892172,3.0345568791452373
all,aqua_score_expected,continuous,2.0500991976172274,2.0993220816936278,0.6236936452636451,2.136258714171424,1.0656415160892172,3.0345568791452373
all,aqua_score_expected,continuous,2.0993220816936278,2.1485449657700286,0.6706230368127927,2.136258714171424,1.0656415160892172,3.0345568791452373
all,aqua_score_expected,continuous,2.1485449657700286,2.1977678498464286,0.6915482633477091,2.136258714171424,1.0656415160892172,3.0345568791452373
all,aqua_score_expected,continuous,2.1977678498464286,2.2469907339228294,0.7029250855414307,2.136258714171424,1.0656415160892172,3.0345568791452373
all,aqua_score_expected,continuous,2.2469907339228294,2.29621361799923,0.7307576684082512,2.136258714171424,1.0656415160892172,3.0345568791452373
all,aqua_score_expected,continuous,2.29621361799923,2.3454365020756303,0.705362976011523,2.136258714171424,1.0656415160892172,3.0345568791452373
all,aqua_score_expected,continuous,2.3454365020756303,2.394659386152031,0.7189745311361628,2.136258714171424,1.0656415160892172,3.0345568791452373
all,aqua_score_expected,continuous,2.394659386152031,2.443882270228431,0.7289292505556935,2.136258714171424,1.0656415160892172,3.0345568791452373
all,aqua_score_expected,continuous,2.443882270228431,2.493105154304832,0.7451818536895861,2.136258714171424,1.0656415160892172,3.0345568791452373
all,aqua_score_expected,continuous,2.493105154304832,2.5423280383812323,0.7295387231732082,2.136258714171424,1.0656415160892172,3.0345568791452373
all,aqua_score_expected,continuous,2.5423280383812323,2.5915509224576327,0.7037377156981324,2.136258714171424,1.0656415160892172,3.0345568791452373
all,aqua_score_expected,continuous,2.5915509224576327,2.6407738065340336,0.6517293856696271,2.136258714171424,1.0656415160892172,3.0345568791452373
all,aqua_score_expected,continuous,2.6407738065340336,2.6899966906104336,0.610285247678178,2.136258714171424,1.0656415160892172,3.0345568791452373
all,aqua_score_expected,continuous,2.6899966906104336,2.7392195746868344,0.5507600887002366,2.136258714171424,1.0656415160892172,3.0345568791452373
all,aqua_score_expected,continuous,2.7392195746868344,2.788442458763235,0.47071601826575427,2.136258714171424,1.0656415160892172,3.0345568791452373
all,aqua_score_expected,continuous,2.788442458763235,2.8376653428396352,0.3780761804024897,2.136258714171424,1.0656415160892172,3.0345568791452373
all,aqua_score_expected,continuous,2.8376653428396352,2.886888226916036,0.2980321099679997,2.136258714171424,1.0656415160892172,3.0345568791452373
all,aqua_score_expected,continuous,2.886888226916036,2.9361111109924365,0.21900382722938416,2.136258714171424,1.0656415160892172,3.0345568791452373
all,aqua_score_expected,continuous,2.9361111109924365,2.985333995068837,0.156228147624672,2.136258714171424,1.0656415160892172,3.0345568791452373
all,aqua_score_expected,continuous,2.985333995068837,3.0345568791452373,0.1980786006944801,2.136258714171424,1.0656415160892172,3.0345568791452373
