feature,n,sorting policy,rank,prob
lexdiv,10,chron_pinned_rh,40,0.018
lexdiv,10,chron_pinned_rh,41,0.084
lexdiv,10,chron_pinned_rh,42,0.302
lexdiv,10,chron_pinned_rh,43,0.368
lexdiv,10,chron_pinned_rh,44,0.162
lexdiv,10,chron_pinned_rh,45,0.054
lexdiv,10,chron_pinned_rh,46,0.012
lexdiv,10,chron_pinned_rl,47,0.022
lexdiv,10,chron_pinned_rl,48,0.062
lexdiv,10,chron_pinned_rl,49,0.109
lexdiv,10,chron_pinned_rl,50,0.58
lexdiv,10,chron_pinned_rl,51,0.121
lexdiv,10,chron_pinned_rl,52,0.093
lexdiv,10,chron_pinned_rl,53,0.009
lexdiv,10,chron_pinned_rl,54,0.002
lexdiv,10,chron_pinned_rl,55,0.001
lexdiv,10,chron_pinned_rl,56,0.001
lexdiv,10,chron_pinned_rt,57,0.77
lexdiv,10,chron_pinned_rt,58,0.225
lexdiv,10,chron_pinned_rt,59,0.005
lexdiv,10,chron_rh,61,0.003
lexdiv,10,chron_rh,62,0.14
lexdiv,10,chron_rh,63,0.857
lexdiv,10,chron_rl,64,1.0
lexdiv,10,chron_rt,65,1.0
lexdiv,10,least-neg-abs_pinned_rh,30,0.281
lexdiv,10,least-neg-abs_pinned_rh,31,0.324
lexdiv,10,least-neg-abs_pinned_rh,32,0.395
lexdiv,10,least-neg-abs_pinned_rl,31,0.001
lexdiv,10,least-neg-abs_pinned_rl,32,0.002
lexdiv,10,least-neg-abs_pinned_rl,33,0.524
lexdiv,10,least-neg-abs_pinned_rl,34,0.358
lexdiv,10,least-neg-abs_pinned_rl,35,0.097
lexdiv,10,least-neg-abs_pinned_rl,36,0.018
lexdiv,10,least-neg-abs_pinned_rt,59,0.012
lexdiv,10,least-neg-abs_pinned_rt,60,0.057
lexdiv,10,least-neg-abs_pinned_rt,61,0.861
lexdiv,10,least-neg-abs_pinned_rt,62,0.06
lexdiv,10,least-neg-abs_pinned_rt,63,0.01
lexdiv,10,least-neg-abs_rh,41,0.002
lexdiv,10,least-neg-abs_rh,42,0.014
lexdiv,10,least-neg-abs_rh,43,0.065
lexdiv,10,least-neg-abs_rh,44,0.263
lexdiv,10,least-neg-abs_rh,45,0.513
lexdiv,10,least-neg-abs_rh,46,0.139
lexdiv,10,least-neg-abs_rh,47,0.003
lexdiv,10,least-neg-abs_rh,48,0.001
lexdiv,10,least-neg-abs_rl,48,0.004
lexdiv,10,least-neg-abs_rl,49,0.006
lexdiv,10,least-neg-abs_rl,50,0.027
lexdiv,10,least-neg-abs_rl,51,0.235
lexdiv,10,least-neg-abs_rl,52,0.44
lexdiv,10,least-neg-abs_rl,53,0.143
lexdiv,10,least-neg-abs_rl,54,0.073
lexdiv,10,least-neg-abs_rl,55,0.04
lexdiv,10,least-neg-abs_rl,56,0.032
lexdiv,10,least-neg-abs_rt,66,1.0
lexdiv,10,neg-abs_pinned_rh,19,0.09
lexdiv,10,neg-abs_pinned_rh,20,0.229
lexdiv,10,neg-abs_pinned_rh,21,0.142
lexdiv,10,neg-abs_pinned_rh,22,0.4
lexdiv,10,neg-abs_pinned_rh,23,0.134
lexdiv,10,neg-abs_pinned_rh,24,0.005
lexdiv,10,neg-abs_pinned_rl,24,0.007
lexdiv,10,neg-abs_pinned_rl,25,0.068
lexdiv,10,neg-abs_pinned_rl,26,0.199
lexdiv,10,neg-abs_pinned_rl,27,0.481
lexdiv,10,neg-abs_pinned_rl,28,0.218
lexdiv,10,neg-abs_pinned_rl,29,0.027
lexdiv,10,neg-abs_pinned_rt,51,0.016
lexdiv,10,neg-abs_pinned_rt,52,0.025
lexdiv,10,neg-abs_pinned_rt,53,0.1
lexdiv,10,neg-abs_pinned_rt,54,0.203
lexdiv,10,neg-abs_pinned_rt,55,0.205
lexdiv,10,neg-abs_pinned_rt,56,0.451
lexdiv,10,neg-abs_rh,30,0.368
lexdiv,10,neg-abs_rh,31,0.377
lexdiv,10,neg-abs_rh,32,0.253
lexdiv,10,neg-abs_rh,33,0.002
lexdiv,10,neg-abs_rl,35,0.012
lexdiv,10,neg-abs_rl,36,0.089
lexdiv,10,neg-abs_rl,37,0.418
lexdiv,10,neg-abs_rl,38,0.423
lexdiv,10,neg-abs_rl,39,0.051
lexdiv,10,neg-abs_rl,40,0.007
lexdiv,10,neg-abs_rt,57,0.23
lexdiv,10,neg-abs_rt,58,0.747
lexdiv,10,neg-abs_rt,59,0.022
lexdiv,10,neg-abs_rt,60,0.001
lexdiv,10,pin-pred-lr_pinned_rh,9,0.307
lexdiv,10,pin-pred-lr_pinned_rh,10,0.257
lexdiv,10,pin-pred-lr_pinned_rh,11,0.239
lexdiv,10,pin-pred-lr_pinned_rh,12,0.178
lexdiv,10,pin-pred-lr_pinned_rh,13,0.016
lexdiv,10,pin-pred-lr_pinned_rh,14,0.002
lexdiv,10,pin-pred-lr_pinned_rh,15,0.001
lexdiv,10,pin-pred-lr_pinned_rl,9,0.252
lexdiv,10,pin-pred-lr_pinned_rl,10,0.298
lexdiv,10,pin-pred-lr_pinned_rl,11,0.178
lexdiv,10,pin-pred-lr_pinned_rl,12,0.256
lexdiv,10,pin-pred-lr_pinned_rl,13,0.009
lexdiv,10,pin-pred-lr_pinned_rl,14,0.007
lexdiv,10,pin-pred-lr_pinned_rt,36,0.004
lexdiv,10,pin-pred-lr_pinned_rt,37,0.462
lexdiv,10,pin-pred-lr_pinned_rt,38,0.474
lexdiv,10,pin-pred-lr_pinned_rt,39,0.056
lexdiv,10,pin-pred-lr_pinned_rt,40,0.004
lexdiv,10,pin-pred-lr_rh,9,0.385
lexdiv,10,pin-pred-lr_rh,10,0.033
lexdiv,10,pin-pred-lr_rh,11,0.511
lexdiv,10,pin-pred-lr_rh,12,0.033
lexdiv,10,pin-pred-lr_rh,13,0.036
lexdiv,10,pin-pred-lr_rh,14,0.002
lexdiv,10,pin-pred-lr_rl,9,0.385
lexdiv,10,pin-pred-lr_rl,10,0.033
lexdiv,10,pin-pred-lr_rl,11,0.511
lexdiv,10,pin-pred-lr_rl,12,0.033
lexdiv,10,pin-pred-lr_rl,13,0.036
lexdiv,10,pin-pred-lr_rl,14,0.002
lexdiv,10,pin-pred-lr_rt,33,0.015
lexdiv,10,pin-pred-lr_rt,34,0.129
lexdiv,10,pin-pred-lr_rt,35,0.713
lexdiv,10,pin-pred-lr_rt,36,0.137
lexdiv,10,pin-pred-lr_rt,37,0.006
lexdiv,10,pin-pred-xgb_pinned_rh,7,0.034
lexdiv,10,pin-pred-xgb_pinned_rh,8,0.966
lexdiv,10,pin-pred-xgb_pinned_rl,5,0.032
lexdiv,10,pin-pred-xgb_pinned_rl,6,0.894
lexdiv,10,pin-pred-xgb_pinned_rl,7,0.074
lexdiv,10,pin-pred-xgb_pinned_rt,34,0.011
lexdiv,10,pin-pred-xgb_pinned_rt,35,0.138
lexdiv,10,pin-pred-xgb_pinned_rt,36,0.752
lexdiv,10,pin-pred-xgb_pinned_rt,37,0.093
lexdiv,10,pin-pred-xgb_pinned_rt,38,0.006
lexdiv,10,pin-pred-xgb_rh,6,0.074
lexdiv,10,pin-pred-xgb_rh,7,0.892
lexdiv,10,pin-pred-xgb_rh,8,0.034
lexdiv,10,pin-pred-xgb_rl,5,0.968
lexdiv,10,pin-pred-xgb_rl,6,0.032
lexdiv,10,pin-pred-xgb_rt,32,0.001
lexdiv,10,pin-pred-xgb_rt,33,0.457
lexdiv,10,pin-pred-xgb_rt,34,0.502
lexdiv,10,pin-pred-xgb_rt,35,0.04
lexdiv,10,pos-abs_pinned_rh,17,1.0
lexdiv,10,pos-abs_pinned_rl,19,0.885
lexdiv,10,pos-abs_pinned_rl,20,0.112
lexdiv,10,pos-abs_pinned_rl,21,0.003
lexdiv,10,pos-abs_pinned_rt,45,0.001
lexdiv,10,pos-abs_pinned_rt,46,0.004
lexdiv,10,pos-abs_pinned_rt,47,0.411
lexdiv,10,pos-abs_pinned_rt,48,0.398
lexdiv,10,pos-abs_pinned_rt,49,0.154
lexdiv,10,pos-abs_pinned_rt,50,0.026
lexdiv,10,pos-abs_pinned_rt,51,0.006
lexdiv,10,pos-abs_rh,19,0.025
lexdiv,10,pos-abs_rh,20,0.365
lexdiv,10,pos-abs_rh,21,0.374
lexdiv,10,pos-abs_rh,22,0.236
lexdiv,10,pos-abs_rl,23,0.005
lexdiv,10,pos-abs_rl,24,0.923
lexdiv,10,pos-abs_rl,25,0.072
lexdiv,10,pos-abs_rt,50,0.005
lexdiv,10,pos-abs_rt,51,0.083
lexdiv,10,pos-abs_rt,52,0.105
lexdiv,10,pos-abs_rt,53,0.328
lexdiv,10,pos-abs_rt,54,0.248
lexdiv,10,pos-abs_rt,55,0.209
lexdiv,10,pos-abs_rt,56,0.022
lexdiv,10,pos-rel_pinned_rh,18,1.0
lexdiv,10,pos-rel_pinned_rl,20,0.294
lexdiv,10,pos-rel_pinned_rl,21,0.48
lexdiv,10,pos-rel_pinned_rl,22,0.225
lexdiv,10,pos-rel_pinned_rl,23,0.001
lexdiv,10,pos-rel_pinned_rt,47,0.108
lexdiv,10,pos-rel_pinned_rt,48,0.411
lexdiv,10,pos-rel_pinned_rt,49,0.361
lexdiv,10,pos-rel_pinned_rt,50,0.093
lexdiv,10,pos-rel_pinned_rt,51,0.021
lexdiv,10,pos-rel_pinned_rt,52,0.006
lexdiv,10,pos-rel_rh,21,0.001
lexdiv,10,pos-rel_rh,22,0.139
lexdiv,10,pos-rel_rh,23,0.859
lexdiv,10,pos-rel_rh,24,0.001
lexdiv,10,pos-rel_rl,25,0.494
lexdiv,10,pos-rel_rl,26,0.364
lexdiv,10,pos-rel_rl,27,0.113
lexdiv,10,pos-rel_rl,28,0.023
lexdiv,10,pos-rel_rl,29,0.006
lexdiv,10,pos-rel_rt,51,0.004
lexdiv,10,pos-rel_rt,52,0.033
lexdiv,10,pos-rel_rt,53,0.063
lexdiv,10,pos-rel_rt,54,0.251
lexdiv,10,pos-rel_rt,55,0.276
lexdiv,10,pos-rel_rt,56,0.373
lexdiv,10,pred-nb_pinned_rh,3,0.002
lexdiv,10,pred-nb_pinned_rh,4,0.998
lexdiv,10,pred-nb_pinned_rl,3,0.998
lexdiv,10,pred-nb_pinned_rl,4,0.002
lexdiv,10,pred-nb_pinned_rt,28,0.001
lexdiv,10,pred-nb_pinned_rt,29,0.003
lexdiv,10,pred-nb_pinned_rt,30,0.347
lexdiv,10,pred-nb_pinned_rt,31,0.298
lexdiv,10,pred-nb_pinned_rt,32,0.349
lexdiv,10,pred-nb_pinned_rt,33,0.002
lexdiv,10,pred-nb_rh,1,0.002
lexdiv,10,pred-nb_rh,2,0.998
lexdiv,10,pred-nb_rl,1,0.998
lexdiv,10,pred-nb_rl,2,0.002
lexdiv,10,pred-nb_rt,23,0.001
lexdiv,10,pred-nb_rt,24,0.064
lexdiv,10,pred-nb_rt,25,0.349
lexdiv,10,pred-nb_rt,26,0.35
lexdiv,10,pred-nb_rt,27,0.149
lexdiv,10,pred-nb_rt,28,0.068
lexdiv,10,pred-nb_rt,29,0.019
lexdiv,10,pred-xgb_pinned_rh,10,0.025
lexdiv,10,pred-xgb_pinned_rh,11,0.001
lexdiv,10,pred-xgb_pinned_rh,12,0.021
lexdiv,10,pred-xgb_pinned_rh,14,0.952
lexdiv,10,pred-xgb_pinned_rh,15,0.001
lexdiv,10,pred-xgb_pinned_rl,9,0.057
lexdiv,10,pred-xgb_pinned_rl,10,0.001
lexdiv,10,pred-xgb_pinned_rl,11,0.038
lexdiv,10,pred-xgb_pinned_rl,12,0.001
lexdiv,10,pred-xgb_pinned_rl,13,0.903
lexdiv,10,pred-xgb_pinned_rt,37,0.001
lexdiv,10,pred-xgb_pinned_rt,38,0.013
lexdiv,10,pred-xgb_pinned_rt,39,0.285
lexdiv,10,pred-xgb_pinned_rt,40,0.434
lexdiv,10,pred-xgb_pinned_rt,41,0.17
lexdiv,10,pred-xgb_pinned_rt,42,0.069
lexdiv,10,pred-xgb_pinned_rt,43,0.024
lexdiv,10,pred-xgb_pinned_rt,44,0.004
lexdiv,10,pred-xgb_rh,16,1.0
lexdiv,10,pred-xgb_rl,13,0.003
lexdiv,10,pred-xgb_rl,14,0.001
lexdiv,10,pred-xgb_rl,15,0.996
lexdiv,10,pred-xgb_rt,40,0.006
lexdiv,10,pred-xgb_rt,41,0.04
lexdiv,10,pred-xgb_rt,42,0.076
lexdiv,10,pred-xgb_rt,43,0.19
lexdiv,10,pred-xgb_rt,44,0.361
lexdiv,10,pred-xgb_rt,45,0.228
lexdiv,10,pred-xgb_rt,46,0.099
lexdiv,10,random_pinned_rh,26,0.003
lexdiv,10,random_pinned_rh,27,0.023
lexdiv,10,random_pinned_rh,28,0.136
lexdiv,10,random_pinned_rh,29,0.835
lexdiv,10,random_pinned_rh,30,0.003
lexdiv,10,random_pinned_rl,38,0.001
lexdiv,10,random_pinned_rl,39,0.019
lexdiv,10,random_pinned_rl,40,0.182
lexdiv,10,random_pinned_rl,41,0.437
lexdiv,10,random_pinned_rl,42,0.263
lexdiv,10,random_pinned_rl,43,0.079
lexdiv,10,random_pinned_rl,44,0.017
lexdiv,10,random_pinned_rl,45,0.002
lexdiv,10,random_pinned_rt,50,0.005
lexdiv,10,random_pinned_rt,51,0.06
lexdiv,10,random_pinned_rt,52,0.081
lexdiv,10,random_pinned_rt,53,0.291
lexdiv,10,random_pinned_rt,54,0.188
lexdiv,10,random_pinned_rt,55,0.258
lexdiv,10,random_pinned_rt,56,0.117
lexdiv,10,random_rh,46,0.007
lexdiv,10,random_rh,47,0.446
lexdiv,10,random_rh,48,0.099
lexdiv,10,random_rh,49,0.356
lexdiv,10,random_rh,50,0.087
lexdiv,10,random_rh,51,0.003
lexdiv,10,random_rh,52,0.002
lexdiv,10,random_rl,61,0.067
lexdiv,10,random_rl,62,0.8
lexdiv,10,random_rl,63,0.133
lexdiv,10,random_rt,58,0.013
lexdiv,10,random_rt,59,0.48
lexdiv,10,random_rt,60,0.473
lexdiv,10,random_rt,61,0.034
lexdiv,10,rev-chron_pinned_rh,25,0.017
lexdiv,10,rev-chron_pinned_rh,26,0.084
lexdiv,10,rev-chron_pinned_rh,27,0.234
lexdiv,10,rev-chron_pinned_rh,28,0.554
lexdiv,10,rev-chron_pinned_rh,29,0.11
lexdiv,10,rev-chron_pinned_rh,30,0.001
lexdiv,10,rev-chron_pinned_rl,37,0.02
lexdiv,10,rev-chron_pinned_rl,38,0.083
lexdiv,10,rev-chron_pinned_rl,39,0.578
lexdiv,10,rev-chron_pinned_rl,40,0.262
lexdiv,10,rev-chron_pinned_rl,41,0.049
lexdiv,10,rev-chron_pinned_rl,42,0.008
lexdiv,10,rev-chron_pinned_rt,43,0.005
lexdiv,10,rev-chron_pinned_rt,44,0.049
lexdiv,10,rev-chron_pinned_rt,45,0.199
lexdiv,10,rev-chron_pinned_rt,46,0.739
lexdiv,10,rev-chron_pinned_rt,47,0.007
lexdiv,10,rev-chron_pinned_rt,48,0.001
lexdiv,10,rev-chron_rh,39,0.011
lexdiv,10,rev-chron_rh,40,0.087
lexdiv,10,rev-chron_rh,41,0.218
lexdiv,10,rev-chron_rh,42,0.268
lexdiv,10,rev-chron_rh,43,0.269
lexdiv,10,rev-chron_rh,44,0.144
lexdiv,10,rev-chron_rh,45,0.003
lexdiv,10,rev-chron_rl,58,0.015
lexdiv,10,rev-chron_rl,59,0.481
lexdiv,10,rev-chron_rl,60,0.469
lexdiv,10,rev-chron_rl,61,0.035
lexdiv,10,rev-chron_rt,47,0.003
lexdiv,10,rev-chron_rt,48,0.024
lexdiv,10,rev-chron_rt,49,0.014
lexdiv,10,rev-chron_rt,50,0.177
lexdiv,10,rev-chron_rt,51,0.451
lexdiv,10,rev-chron_rt,52,0.215
lexdiv,10,rev-chron_rt,53,0.066
lexdiv,10,rev-chron_rt,54,0.035
lexdiv,10,rev-chron_rt,55,0.011
lexdiv,10,rev-chron_rt,56,0.004
sentcomp,10,chron_pinned_rh,4,0.011
sentcomp,10,chron_pinned_rh,5,0.083
sentcomp,10,chron_pinned_rh,6,0.141
sentcomp,10,chron_pinned_rh,7,0.163
sentcomp,10,chron_pinned_rh,8,0.173
sentcomp,10,chron_pinned_rh,9,0.132
sentcomp,10,chron_pinned_rh,10,0.087
sentcomp,10,chron_pinned_rh,11,0.053
sentcomp,10,chron_pinned_rh,12,0.058
sentcomp,10,chron_pinned_rh,13,0.029
sentcomp,10,chron_pinned_rh,14,0.015
sentcomp,10,chron_pinned_rh,15,0.021
sentcomp,10,chron_pinned_rh,16,0.011
sentcomp,10,chron_pinned_rh,17,0.009
sentcomp,10,chron_pinned_rh,18,0.006
sentcomp,10,chron_pinned_rh,19,0.005
sentcomp,10,chron_pinned_rh,20,0.002
sentcomp,10,chron_pinned_rh,24,0.001
sentcomp,10,chron_pinned_rl,4,0.006
sentcomp,10,chron_pinned_rl,5,0.07
sentcomp,10,chron_pinned_rl,6,0.138
sentcomp,10,chron_pinned_rl,7,0.181
sentcomp,10,chron_pinned_rl,8,0.181
sentcomp,10,chron_pinned_rl,9,0.128
sentcomp,10,chron_pinned_rl,10,0.093
sentcomp,10,chron_pinned_rl,11,0.05
sentcomp,10,chron_pinned_rl,12,0.043
sentcomp,10,chron_pinned_rl,13,0.034
sentcomp,10,chron_pinned_rl,14,0.028
sentcomp,10,chron_pinned_rl,15,0.016
sentcomp,10,chron_pinned_rl,16,0.012
sentcomp,10,chron_pinned_rl,17,0.008
sentcomp,10,chron_pinned_rl,18,0.005
sentcomp,10,chron_pinned_rl,19,0.002
sentcomp,10,chron_pinned_rl,20,0.003
sentcomp,10,chron_pinned_rl,21,0.001
sentcomp,10,chron_pinned_rl,23,0.001
sentcomp,10,chron_pinned_rt,3,0.005
sentcomp,10,chron_pinned_rt,4,0.025
sentcomp,10,chron_pinned_rt,5,0.208
sentcomp,10,chron_pinned_rt,6,0.188
sentcomp,10,chron_pinned_rt,7,0.19
sentcomp,10,chron_pinned_rt,8,0.122
sentcomp,10,chron_pinned_rt,9,0.087
sentcomp,10,chron_pinned_rt,10,0.058
sentcomp,10,chron_pinned_rt,11,0.044
sentcomp,10,chron_pinned_rt,12,0.017
sentcomp,10,chron_pinned_rt,13,0.023
sentcomp,10,chron_pinned_rt,14,0.012
sentcomp,10,chron_pinned_rt,15,0.006
sentcomp,10,chron_pinned_rt,16,0.007
sentcomp,10,chron_pinned_rt,17,0.003
sentcomp,10,chron_pinned_rt,18,0.002
sentcomp,10,chron_pinned_rt,19,0.001
sentcomp,10,chron_pinned_rt,20,0.001
sentcomp,10,chron_pinned_rt,21,0.001
sentcomp,10,chron_rh,2,0.285
sentcomp,10,chron_rh,3,0.524
sentcomp,10,chron_rh,4,0.155
sentcomp,10,chron_rh,5,0.027
sentcomp,10,chron_rh,6,0.003
sentcomp,10,chron_rh,7,0.003
sentcomp,10,chron_rh,8,0.003
sentcomp,10,chron_rl,2,0.606
sentcomp,10,chron_rl,3,0.314
sentcomp,10,chron_rl,4,0.062
sentcomp,10,chron_rl,5,0.013
sentcomp,10,chron_rl,6,0.005
sentcomp,10,chron_rt,2,0.068
sentcomp,10,chron_rt,3,0.112
sentcomp,10,chron_rt,4,0.604
sentcomp,10,chron_rt,5,0.128
sentcomp,10,chron_rt,6,0.055
sentcomp,10,chron_rt,7,0.018
sentcomp,10,chron_rt,8,0.006
sentcomp,10,chron_rt,9,0.004
sentcomp,10,chron_rt,10,0.002
sentcomp,10,chron_rt,11,0.003
sentcomp,10,least-neg-abs_pinned_rh,6,0.001
sentcomp,10,least-neg-abs_pinned_rh,7,0.002
sentcomp,10,least-neg-abs_pinned_rh,8,0.004
sentcomp,10,least-neg-abs_pinned_rh,9,0.011
sentcomp,10,least-neg-abs_pinned_rh,10,0.034
sentcomp,10,least-neg-abs_pinned_rh,11,0.035
sentcomp,10,least-neg-abs_pinned_rh,12,0.057
sentcomp,10,least-neg-abs_pinned_rh,13,0.052
sentcomp,10,least-neg-abs_pinned_rh,14,0.057
sentcomp,10,least-neg-abs_pinned_rh,15,0.054
sentcomp,10,least-neg-abs_pinned_rh,16,0.085
sentcomp,10,least-neg-abs_pinned_rh,17,0.082
sentcomp,10,least-neg-abs_pinned_rh,18,0.066
sentcomp,10,least-neg-abs_pinned_rh,19,0.079
sentcomp,10,least-neg-abs_pinned_rh,20,0.079
sentcomp,10,least-neg-abs_pinned_rh,21,0.07
sentcomp,10,least-neg-abs_pinned_rh,22,0.068
sentcomp,10,least-neg-abs_pinned_rh,23,0.064
sentcomp,10,least-neg-abs_pinned_rh,24,0.046
sentcomp,10,least-neg-abs_pinned_rh,25,0.025
sentcomp,10,least-neg-abs_pinned_rh,26,0.021
sentcomp,10,least-neg-abs_pinned_rh,27,0.003
sentcomp,10,least-neg-abs_pinned_rh,28,0.005
sentcomp,10,least-neg-abs_pinned_rl,11,0.003
sentcomp,10,least-neg-abs_pinned_rl,12,0.004
sentcomp,10,least-neg-abs_pinned_rl,13,0.006
sentcomp,10,least-neg-abs_pinned_rl,14,0.012
sentcomp,10,least-neg-abs_pinned_rl,15,0.006
sentcomp,10,least-neg-abs_pinned_rl,16,0.022
sentcomp,10,least-neg-abs_pinned_rl,17,0.02
sentcomp,10,least-neg-abs_pinned_rl,18,0.028
sentcomp,10,least-neg-abs_pinned_rl,19,0.025
sentcomp,10,least-neg-abs_pinned_rl,20,0.048
sentcomp,10,least-neg-abs_pinned_rl,21,0.056
sentcomp,10,least-neg-abs_pinned_rl,22,0.069
sentcomp,10,least-neg-abs_pinned_rl,23,0.083
sentcomp,10,least-neg-abs_pinned_rl,24,0.101
sentcomp,10,least-neg-abs_pinned_rl,25,0.123
sentcomp,10,least-neg-abs_pinned_rl,26,0.151
sentcomp,10,least-neg-abs_pinned_rl,27,0.131
sentcomp,10,least-neg-abs_pinned_rl,28,0.066
sentcomp,10,least-neg-abs_pinned_rl,29,0.026
sentcomp,10,least-neg-abs_pinned_rl,30,0.007
sentcomp,10,least-neg-abs_pinned_rl,31,0.007
sentcomp,10,least-neg-abs_pinned_rl,32,0.003
sentcomp,10,least-neg-abs_pinned_rl,33,0.001
sentcomp,10,least-neg-abs_pinned_rl,39,0.002
sentcomp,10,least-neg-abs_pinned_rt,41,0.001
sentcomp,10,least-neg-abs_pinned_rt,42,0.002
sentcomp,10,least-neg-abs_pinned_rt,43,0.001
sentcomp,10,least-neg-abs_pinned_rt,45,0.001
sentcomp,10,least-neg-abs_pinned_rt,46,0.001
sentcomp,10,least-neg-abs_pinned_rt,47,0.003
sentcomp,10,least-neg-abs_pinned_rt,48,0.01
sentcomp,10,least-neg-abs_pinned_rt,49,0.008
sentcomp,10,least-neg-abs_pinned_rt,50,0.019
sentcomp,10,least-neg-abs_pinned_rt,51,0.057
sentcomp,10,least-neg-abs_pinned_rt,52,0.635
sentcomp,10,least-neg-abs_pinned_rt,53,0.206
sentcomp,10,least-neg-abs_pinned_rt,54,0.037
sentcomp,10,least-neg-abs_pinned_rt,55,0.01
sentcomp,10,least-neg-abs_pinned_rt,56,0.009
sentcomp,10,least-neg-abs_rh,2,0.039
sentcomp,10,least-neg-abs_rh,3,0.035
sentcomp,10,least-neg-abs_rh,4,0.11
sentcomp,10,least-neg-abs_rh,5,0.334
sentcomp,10,least-neg-abs_rh,6,0.14
sentcomp,10,least-neg-abs_rh,7,0.09
sentcomp,10,least-neg-abs_rh,8,0.118
sentcomp,10,least-neg-abs_rh,9,0.054
sentcomp,10,least-neg-abs_rh,10,0.032
sentcomp,10,least-neg-abs_rh,11,0.015
sentcomp,10,least-neg-abs_rh,12,0.01
sentcomp,10,least-neg-abs_rh,13,0.006
sentcomp,10,least-neg-abs_rh,14,0.001
sentcomp,10,least-neg-abs_rh,15,0.006
sentcomp,10,least-neg-abs_rh,16,0.006
sentcomp,10,least-neg-abs_rh,17,0.002
sentcomp,10,least-neg-abs_rh,18,0.001
sentcomp,10,least-neg-abs_rh,23,0.001
sentcomp,10,least-neg-abs_rl,3,0.006
sentcomp,10,least-neg-abs_rl,4,0.009
sentcomp,10,least-neg-abs_rl,5,0.041
sentcomp,10,least-neg-abs_rl,6,0.186
sentcomp,10,least-neg-abs_rl,7,0.128
sentcomp,10,least-neg-abs_rl,8,0.083
sentcomp,10,least-neg-abs_rl,9,0.162
sentcomp,10,least-neg-abs_rl,10,0.098
sentcomp,10,least-neg-abs_rl,11,0.074
sentcomp,10,least-neg-abs_rl,12,0.056
sentcomp,10,least-neg-abs_rl,13,0.04
sentcomp,10,least-neg-abs_rl,14,0.03
sentcomp,10,least-neg-abs_rl,15,0.019
sentcomp,10,least-neg-abs_rl,16,0.016
sentcomp,10,least-neg-abs_rl,17,0.01
sentcomp,10,least-neg-abs_rl,18,0.017
sentcomp,10,least-neg-abs_rl,19,0.009
sentcomp,10,least-neg-abs_rl,20,0.003
sentcomp,10,least-neg-abs_rl,21,0.008
sentcomp,10,least-neg-abs_rl,22,0.002
sentcomp,10,least-neg-abs_rl,23,0.001
sentcomp,10,least-neg-abs_rl,24,0.001
sentcomp,10,least-neg-abs_rl,25,0.001
sentcomp,10,least-neg-abs_rt,1,1.0
sentcomp,10,neg-abs_pinned_rh,52,0.007
sentcomp,10,neg-abs_pinned_rh,53,0.034
sentcomp,10,neg-abs_pinned_rh,54,0.146
sentcomp,10,neg-abs_pinned_rh,55,0.418
sentcomp,10,neg-abs_pinned_rh,56,0.394
sentcomp,10,neg-abs_pinned_rh,59,0.001
sentcomp,10,neg-abs_pinned_rl,52,0.013
sentcomp,10,neg-abs_pinned_rl,53,0.026
sentcomp,10,neg-abs_pinned_rl,54,0.14
sentcomp,10,neg-abs_pinned_rl,55,0.437
sentcomp,10,neg-abs_pinned_rl,56,0.384
sentcomp,10,neg-abs_pinned_rt,26,0.001
sentcomp,10,neg-abs_pinned_rt,28,0.003
sentcomp,10,neg-abs_pinned_rt,29,0.004
sentcomp,10,neg-abs_pinned_rt,30,0.008
sentcomp,10,neg-abs_pinned_rt,31,0.007
sentcomp,10,neg-abs_pinned_rt,32,0.033
sentcomp,10,neg-abs_pinned_rt,33,0.013
sentcomp,10,neg-abs_pinned_rt,34,0.023
sentcomp,10,neg-abs_pinned_rt,35,0.021
sentcomp,10,neg-abs_pinned_rt,36,0.036
sentcomp,10,neg-abs_pinned_rt,37,0.043
sentcomp,10,neg-abs_pinned_rt,38,0.048
sentcomp,10,neg-abs_pinned_rt,39,0.043
sentcomp,10,neg-abs_pinned_rt,40,0.07
sentcomp,10,neg-abs_pinned_rt,41,0.078
sentcomp,10,neg-abs_pinned_rt,42,0.076
sentcomp,10,neg-abs_pinned_rt,43,0.066
sentcomp,10,neg-abs_pinned_rt,44,0.065
sentcomp,10,neg-abs_pinned_rt,45,0.069
sentcomp,10,neg-abs_pinned_rt,46,0.065
sentcomp,10,neg-abs_pinned_rt,47,0.068
sentcomp,10,neg-abs_pinned_rt,48,0.057
sentcomp,10,neg-abs_pinned_rt,49,0.052
sentcomp,10,neg-abs_pinned_rt,50,0.038
sentcomp,10,neg-abs_pinned_rt,51,0.013
sentcomp,10,neg-abs_rh,57,0.097
sentcomp,10,neg-abs_rh,58,0.122
sentcomp,10,neg-abs_rh,59,0.052
sentcomp,10,neg-abs_rh,60,0.066
sentcomp,10,neg-abs_rh,61,0.315
sentcomp,10,neg-abs_rh,62,0.34
sentcomp,10,neg-abs_rh,63,0.002
sentcomp,10,neg-abs_rh,64,0.006
sentcomp,10,neg-abs_rl,57,0.145
sentcomp,10,neg-abs_rl,58,0.098
sentcomp,10,neg-abs_rl,59,0.054
sentcomp,10,neg-abs_rl,60,0.05
sentcomp,10,neg-abs_rl,61,0.31
sentcomp,10,neg-abs_rl,62,0.335
sentcomp,10,neg-abs_rl,63,0.003
sentcomp,10,neg-abs_rl,64,0.005
sentcomp,10,neg-abs_rt,43,0.001
sentcomp,10,neg-abs_rt,48,0.001
sentcomp,10,neg-abs_rt,49,0.002
sentcomp,10,neg-abs_rt,50,0.002
sentcomp,10,neg-abs_rt,51,0.012
sentcomp,10,neg-abs_rt,52,0.129
sentcomp,10,neg-abs_rt,53,0.559
sentcomp,10,neg-abs_rt,54,0.204
sentcomp,10,neg-abs_rt,55,0.048
sentcomp,10,neg-abs_rt,56,0.042
sentcomp,10,pin-pred-lr_pinned_rh,22,0.001
sentcomp,10,pin-pred-lr_pinned_rh,24,0.003
sentcomp,10,pin-pred-lr_pinned_rh,25,0.001
sentcomp,10,pin-pred-lr_pinned_rh,26,0.003
sentcomp,10,pin-pred-lr_pinned_rh,27,0.002
sentcomp,10,pin-pred-lr_pinned_rh,28,0.01
sentcomp,10,pin-pred-lr_pinned_rh,29,0.025
sentcomp,10,pin-pred-lr_pinned_rh,30,0.044
sentcomp,10,pin-pred-lr_pinned_rh,31,0.069
sentcomp,10,pin-pred-lr_pinned_rh,32,0.107
sentcomp,10,pin-pred-lr_pinned_rh,33,0.148
sentcomp,10,pin-pred-lr_pinned_rh,34,0.142
sentcomp,10,pin-pred-lr_pinned_rh,35,0.151
sentcomp,10,pin-pred-lr_pinned_rh,36,0.085
sentcomp,10,pin-pred-lr_pinned_rh,37,0.084
sentcomp,10,pin-pred-lr_pinned_rh,38,0.048
sentcomp,10,pin-pred-lr_pinned_rh,39,0.032
sentcomp,10,pin-pred-lr_pinned_rh,40,0.024
sentcomp,10,pin-pred-lr_pinned_rh,41,0.009
sentcomp,10,pin-pred-lr_pinned_rh,42,0.008
sentcomp,10,pin-pred-lr_pinned_rh,43,0.002
sentcomp,10,pin-pred-lr_pinned_rh,44,0.002
sentcomp,10,pin-pred-lr_pinned_rl,22,0.001
sentcomp,10,pin-pred-lr_pinned_rl,23,0.001
sentcomp,10,pin-pred-lr_pinned_rl,25,0.002
sentcomp,10,pin-pred-lr_pinned_rl,26,0.005
sentcomp,10,pin-pred-lr_pinned_rl,27,0.01
sentcomp,10,pin-pred-lr_pinned_rl,28,0.017
sentcomp,10,pin-pred-lr_pinned_rl,29,0.028
sentcomp,10,pin-pred-lr_pinned_rl,30,0.064
sentcomp,10,pin-pred-lr_pinned_rl,31,0.094
sentcomp,10,pin-pred-lr_pinned_rl,32,0.142
sentcomp,10,pin-pred-lr_pinned_rl,33,0.132
sentcomp,10,pin-pred-lr_pinned_rl,34,0.157
sentcomp,10,pin-pred-lr_pinned_rl,35,0.114
sentcomp,10,pin-pred-lr_pinned_rl,36,0.084
sentcomp,10,pin-pred-lr_pinned_rl,37,0.061
sentcomp,10,pin-pred-lr_pinned_rl,38,0.04
sentcomp,10,pin-pred-lr_pinned_rl,39,0.022
sentcomp,10,pin-pred-lr_pinned_rl,40,0.012
sentcomp,10,pin-pred-lr_pinned_rl,41,0.009
sentcomp,10,pin-pred-lr_pinned_rl,42,0.003
sentcomp,10,pin-pred-lr_pinned_rl,43,0.002
sentcomp,10,pin-pred-lr_pinned_rt,4,0.001
sentcomp,10,pin-pred-lr_pinned_rt,5,0.001
sentcomp,10,pin-pred-lr_pinned_rt,6,0.01
sentcomp,10,pin-pred-lr_pinned_rt,7,0.012
sentcomp,10,pin-pred-lr_pinned_rt,8,0.024
sentcomp,10,pin-pred-lr_pinned_rt,9,0.026
sentcomp,10,pin-pred-lr_pinned_rt,10,0.035
sentcomp,10,pin-pred-lr_pinned_rt,11,0.066
sentcomp,10,pin-pred-lr_pinned_rt,12,0.074
sentcomp,10,pin-pred-lr_pinned_rt,13,0.068
sentcomp,10,pin-pred-lr_pinned_rt,14,0.072
sentcomp,10,pin-pred-lr_pinned_rt,15,0.082
sentcomp,10,pin-pred-lr_pinned_rt,16,0.081
sentcomp,10,pin-pred-lr_pinned_rt,17,0.079
sentcomp,10,pin-pred-lr_pinned_rt,18,0.072
sentcomp,10,pin-pred-lr_pinned_rt,19,0.072
sentcomp,10,pin-pred-lr_pinned_rt,20,0.055
sentcomp,10,pin-pred-lr_pinned_rt,21,0.039
sentcomp,10,pin-pred-lr_pinned_rt,22,0.041
sentcomp,10,pin-pred-lr_pinned_rt,23,0.028
sentcomp,10,pin-pred-lr_pinned_rt,24,0.018
sentcomp,10,pin-pred-lr_pinned_rt,25,0.014
sentcomp,10,pin-pred-lr_pinned_rt,26,0.014
sentcomp,10,pin-pred-lr_pinned_rt,27,0.005
sentcomp,10,pin-pred-lr_pinned_rt,28,0.004
sentcomp,10,pin-pred-lr_pinned_rt,29,0.006
sentcomp,10,pin-pred-lr_pinned_rt,30,0.001
sentcomp,10,pin-pred-lr_rh,20,0.002
sentcomp,10,pin-pred-lr_rh,21,0.004
sentcomp,10,pin-pred-lr_rh,22,0.002
sentcomp,10,pin-pred-lr_rh,23,0.003
sentcomp,10,pin-pred-lr_rh,24,0.002
sentcomp,10,pin-pred-lr_rh,25,0.007
sentcomp,10,pin-pred-lr_rh,26,0.013
sentcomp,10,pin-pred-lr_rh,27,0.015
sentcomp,10,pin-pred-lr_rh,28,0.038
sentcomp,10,pin-pred-lr_rh,29,0.071
sentcomp,10,pin-pred-lr_rh,30,0.132
sentcomp,10,pin-pred-lr_rh,31,0.119
sentcomp,10,pin-pred-lr_rh,32,0.18
sentcomp,10,pin-pred-lr_rh,33,0.096
sentcomp,10,pin-pred-lr_rh,34,0.119
sentcomp,10,pin-pred-lr_rh,35,0.069
sentcomp,10,pin-pred-lr_rh,36,0.041
sentcomp,10,pin-pred-lr_rh,37,0.034
sentcomp,10,pin-pred-lr_rh,38,0.015
sentcomp,10,pin-pred-lr_rh,39,0.016
sentcomp,10,pin-pred-lr_rh,40,0.012
sentcomp,10,pin-pred-lr_rh,41,0.005
sentcomp,10,pin-pred-lr_rh,42,0.004
sentcomp,10,pin-pred-lr_rh,43,0.001
sentcomp,10,pin-pred-lr_rl,20,0.002
sentcomp,10,pin-pred-lr_rl,21,0.004
sentcomp,10,pin-pred-lr_rl,22,0.002
sentcomp,10,pin-pred-lr_rl,23,0.003
sentcomp,10,pin-pred-lr_rl,24,0.002
sentcomp,10,pin-pred-lr_rl,25,0.007
sentcomp,10,pin-pred-lr_rl,26,0.013
sentcomp,10,pin-pred-lr_rl,27,0.015
sentcomp,10,pin-pred-lr_rl,28,0.038
sentcomp,10,pin-pred-lr_rl,29,0.071
sentcomp,10,pin-pred-lr_rl,30,0.132
sentcomp,10,pin-pred-lr_rl,31,0.119
sentcomp,10,pin-pred-lr_rl,32,0.18
sentcomp,10,pin-pred-lr_rl,33,0.096
sentcomp,10,pin-pred-lr_rl,34,0.119
sentcomp,10,pin-pred-lr_rl,35,0.069
sentcomp,10,pin-pred-lr_rl,36,0.041
sentcomp,10,pin-pred-lr_rl,37,0.034
sentcomp,10,pin-pred-lr_rl,38,0.015
sentcomp,10,pin-pred-lr_rl,39,0.016
sentcomp,10,pin-pred-lr_rl,40,0.012
sentcomp,10,pin-pred-lr_rl,41,0.005
sentcomp,10,pin-pred-lr_rl,42,0.004
sentcomp,10,pin-pred-lr_rl,43,0.001
sentcomp,10,pin-pred-lr_rt,3,0.002
sentcomp,10,pin-pred-lr_rt,4,0.002
sentcomp,10,pin-pred-lr_rt,5,0.017
sentcomp,10,pin-pred-lr_rt,6,0.012
sentcomp,10,pin-pred-lr_rt,7,0.022
sentcomp,10,pin-pred-lr_rt,8,0.04
sentcomp,10,pin-pred-lr_rt,9,0.044
sentcomp,10,pin-pred-lr_rt,10,0.082
sentcomp,10,pin-pred-lr_rt,11,0.083
sentcomp,10,pin-pred-lr_rt,12,0.077
sentcomp,10,pin-pred-lr_rt,13,0.078
sentcomp,10,pin-pred-lr_rt,14,0.086
sentcomp,10,pin-pred-lr_rt,15,0.069
sentcomp,10,pin-pred-lr_rt,16,0.059
sentcomp,10,pin-pred-lr_rt,17,0.052
sentcomp,10,pin-pred-lr_rt,18,0.046
sentcomp,10,pin-pred-lr_rt,19,0.045
sentcomp,10,pin-pred-lr_rt,20,0.042
sentcomp,10,pin-pred-lr_rt,21,0.032
sentcomp,10,pin-pred-lr_rt,22,0.035
sentcomp,10,pin-pred-lr_rt,23,0.019
sentcomp,10,pin-pred-lr_rt,24,0.028
sentcomp,10,pin-pred-lr_rt,25,0.009
sentcomp,10,pin-pred-lr_rt,26,0.009
sentcomp,10,pin-pred-lr_rt,27,0.006
sentcomp,10,pin-pred-lr_rt,28,0.003
sentcomp,10,pin-pred-lr_rt,30,0.001
sentcomp,10,pin-pred-xgb_pinned_rh,32,0.001
sentcomp,10,pin-pred-xgb_pinned_rh,33,0.002
sentcomp,10,pin-pred-xgb_pinned_rh,34,0.006
sentcomp,10,pin-pred-xgb_pinned_rh,35,0.013
sentcomp,10,pin-pred-xgb_pinned_rh,36,0.013
sentcomp,10,pin-pred-xgb_pinned_rh,37,0.04
sentcomp,10,pin-pred-xgb_pinned_rh,38,0.064
sentcomp,10,pin-pred-xgb_pinned_rh,39,0.127
sentcomp,10,pin-pred-xgb_pinned_rh,40,0.135
sentcomp,10,pin-pred-xgb_pinned_rh,41,0.147
sentcomp,10,pin-pred-xgb_pinned_rh,42,0.114
sentcomp,10,pin-pred-xgb_pinned_rh,43,0.111
sentcomp,10,pin-pred-xgb_pinned_rh,44,0.074
sentcomp,10,pin-pred-xgb_pinned_rh,45,0.059
sentcomp,10,pin-pred-xgb_pinned_rh,46,0.036
sentcomp,10,pin-pred-xgb_pinned_rh,47,0.028
sentcomp,10,pin-pred-xgb_pinned_rh,48,0.013
sentcomp,10,pin-pred-xgb_pinned_rh,49,0.012
sentcomp,10,pin-pred-xgb_pinned_rh,50,0.004
sentcomp,10,pin-pred-xgb_pinned_rh,51,0.001
sentcomp,10,pin-pred-xgb_pinned_rl,30,0.001
sentcomp,10,pin-pred-xgb_pinned_rl,31,0.002
sentcomp,10,pin-pred-xgb_pinned_rl,32,0.008
sentcomp,10,pin-pred-xgb_pinned_rl,33,0.011
sentcomp,10,pin-pred-xgb_pinned_rl,34,0.028
sentcomp,10,pin-pred-xgb_pinned_rl,35,0.029
sentcomp,10,pin-pred-xgb_pinned_rl,36,0.065
sentcomp,10,pin-pred-xgb_pinned_rl,37,0.073
sentcomp,10,pin-pred-xgb_pinned_rl,38,0.14
sentcomp,10,pin-pred-xgb_pinned_rl,39,0.151
sentcomp,10,pin-pred-xgb_pinned_rl,40,0.139
sentcomp,10,pin-pred-xgb_pinned_rl,41,0.096
sentcomp,10,pin-pred-xgb_pinned_rl,42,0.099
sentcomp,10,pin-pred-xgb_pinned_rl,43,0.061
sentcomp,10,pin-pred-xgb_pinned_rl,44,0.038
sentcomp,10,pin-pred-xgb_pinned_rl,45,0.026
sentcomp,10,pin-pred-xgb_pinned_rl,46,0.013
sentcomp,10,pin-pred-xgb_pinned_rl,47,0.013
sentcomp,10,pin-pred-xgb_pinned_rl,48,0.004
sentcomp,10,pin-pred-xgb_pinned_rl,49,0.002
sentcomp,10,pin-pred-xgb_pinned_rl,50,0.001
sentcomp,10,pin-pred-xgb_pinned_rt,9,0.001
sentcomp,10,pin-pred-xgb_pinned_rt,10,0.002
sentcomp,10,pin-pred-xgb_pinned_rt,11,0.002
sentcomp,10,pin-pred-xgb_pinned_rt,12,0.006
sentcomp,10,pin-pred-xgb_pinned_rt,13,0.011
sentcomp,10,pin-pred-xgb_pinned_rt,14,0.016
sentcomp,10,pin-pred-xgb_pinned_rt,15,0.017
sentcomp,10,pin-pred-xgb_pinned_rt,16,0.02
sentcomp,10,pin-pred-xgb_pinned_rt,17,0.024
sentcomp,10,pin-pred-xgb_pinned_rt,18,0.044
sentcomp,10,pin-pred-xgb_pinned_rt,19,0.064
sentcomp,10,pin-pred-xgb_pinned_rt,20,0.083
sentcomp,10,pin-pred-xgb_pinned_rt,21,0.069
sentcomp,10,pin-pred-xgb_pinned_rt,22,0.071
sentcomp,10,pin-pred-xgb_pinned_rt,23,0.086
sentcomp,10,pin-pred-xgb_pinned_rt,24,0.092
sentcomp,10,pin-pred-xgb_pinned_rt,25,0.086
sentcomp,10,pin-pred-xgb_pinned_rt,26,0.084
sentcomp,10,pin-pred-xgb_pinned_rt,27,0.073
sentcomp,10,pin-pred-xgb_pinned_rt,28,0.068
sentcomp,10,pin-pred-xgb_pinned_rt,29,0.044
sentcomp,10,pin-pred-xgb_pinned_rt,30,0.017
sentcomp,10,pin-pred-xgb_pinned_rt,31,0.007
sentcomp,10,pin-pred-xgb_pinned_rt,32,0.004
sentcomp,10,pin-pred-xgb_pinned_rt,33,0.004
sentcomp,10,pin-pred-xgb_pinned_rt,35,0.003
sentcomp,10,pin-pred-xgb_pinned_rt,37,0.002
sentcomp,10,pin-pred-xgb_rh,24,0.001
sentcomp,10,pin-pred-xgb_rh,26,0.001
sentcomp,10,pin-pred-xgb_rh,27,0.003
sentcomp,10,pin-pred-xgb_rh,28,0.003
sentcomp,10,pin-pred-xgb_rh,29,0.008
sentcomp,10,pin-pred-xgb_rh,30,0.025
sentcomp,10,pin-pred-xgb_rh,31,0.06
sentcomp,10,pin-pred-xgb_rh,32,0.051
sentcomp,10,pin-pred-xgb_rh,33,0.093
sentcomp,10,pin-pred-xgb_rh,34,0.064
sentcomp,10,pin-pred-xgb_rh,35,0.106
sentcomp,10,pin-pred-xgb_rh,36,0.091
sentcomp,10,pin-pred-xgb_rh,37,0.167
sentcomp,10,pin-pred-xgb_rh,38,0.125
sentcomp,10,pin-pred-xgb_rh,39,0.078
sentcomp,10,pin-pred-xgb_rh,40,0.047
sentcomp,10,pin-pred-xgb_rh,41,0.033
sentcomp,10,pin-pred-xgb_rh,42,0.023
sentcomp,10,pin-pred-xgb_rh,43,0.006
sentcomp,10,pin-pred-xgb_rh,44,0.01
sentcomp,10,pin-pred-xgb_rh,45,0.002
sentcomp,10,pin-pred-xgb_rh,46,0.003
sentcomp,10,pin-pred-xgb_rl,23,0.001
sentcomp,10,pin-pred-xgb_rl,24,0.002
sentcomp,10,pin-pred-xgb_rl,26,0.004
sentcomp,10,pin-pred-xgb_rl,27,0.013
sentcomp,10,pin-pred-xgb_rl,28,0.015
sentcomp,10,pin-pred-xgb_rl,29,0.028
sentcomp,10,pin-pred-xgb_rl,30,0.081
sentcomp,10,pin-pred-xgb_rl,31,0.07
sentcomp,10,pin-pred-xgb_rl,32,0.12
sentcomp,10,pin-pred-xgb_rl,33,0.075
sentcomp,10,pin-pred-xgb_rl,34,0.12
sentcomp,10,pin-pred-xgb_rl,35,0.082
sentcomp,10,pin-pred-xgb_rl,36,0.147
sentcomp,10,pin-pred-xgb_rl,37,0.11
sentcomp,10,pin-pred-xgb_rl,38,0.06
sentcomp,10,pin-pred-xgb_rl,39,0.032
sentcomp,10,pin-pred-xgb_rl,40,0.019
sentcomp,10,pin-pred-xgb_rl,41,0.012
sentcomp,10,pin-pred-xgb_rl,42,0.002
sentcomp,10,pin-pred-xgb_rl,43,0.006
sentcomp,10,pin-pred-xgb_rl,44,0.001
sentcomp,10,pin-pred-xgb_rt,2,0.001
sentcomp,10,pin-pred-xgb_rt,3,0.002
sentcomp,10,pin-pred-xgb_rt,4,0.003
sentcomp,10,pin-pred-xgb_rt,5,0.018
sentcomp,10,pin-pred-xgb_rt,6,0.037
sentcomp,10,pin-pred-xgb_rt,7,0.058
sentcomp,10,pin-pred-xgb_rt,8,0.044
sentcomp,10,pin-pred-xgb_rt,9,0.08
sentcomp,10,pin-pred-xgb_rt,10,0.089
sentcomp,10,pin-pred-xgb_rt,11,0.104
sentcomp,10,pin-pred-xgb_rt,12,0.093
sentcomp,10,pin-pred-xgb_rt,13,0.074
sentcomp,10,pin-pred-xgb_rt,14,0.077
sentcomp,10,pin-pred-xgb_rt,15,0.064
sentcomp,10,pin-pred-xgb_rt,16,0.059
sentcomp,10,pin-pred-xgb_rt,17,0.036
sentcomp,10,pin-pred-xgb_rt,18,0.027
sentcomp,10,pin-pred-xgb_rt,19,0.023
sentcomp,10,pin-pred-xgb_rt,20,0.023
sentcomp,10,pin-pred-xgb_rt,21,0.024
sentcomp,10,pin-pred-xgb_rt,22,0.016
sentcomp,10,pin-pred-xgb_rt,23,0.013
sentcomp,10,pin-pred-xgb_rt,24,0.014
sentcomp,10,pin-pred-xgb_rt,25,0.01
sentcomp,10,pin-pred-xgb_rt,26,0.005
sentcomp,10,pin-pred-xgb_rt,27,0.004
sentcomp,10,pin-pred-xgb_rt,28,0.001
sentcomp,10,pin-pred-xgb_rt,29,0.001
sentcomp,10,pos-abs_pinned_rh,34,0.001
sentcomp,10,pos-abs_pinned_rh,35,0.004
sentcomp,10,pos-abs_pinned_rh,36,0.003
sentcomp,10,pos-abs_pinned_rh,37,0.009
sentcomp,10,pos-abs_pinned_rh,38,0.01
sentcomp,10,pos-abs_pinned_rh,39,0.019
sentcomp,10,pos-abs_pinned_rh,40,0.055
sentcomp,10,pos-abs_pinned_rh,41,0.093
sentcomp,10,pos-abs_pinned_rh,42,0.105
sentcomp,10,pos-abs_pinned_rh,43,0.153
sentcomp,10,pos-abs_pinned_rh,44,0.161
sentcomp,10,pos-abs_pinned_rh,45,0.184
sentcomp,10,pos-abs_pinned_rh,46,0.12
sentcomp,10,pos-abs_pinned_rh,47,0.059
sentcomp,10,pos-abs_pinned_rh,48,0.018
sentcomp,10,pos-abs_pinned_rh,49,0.006
sentcomp,10,pos-abs_pinned_rl,39,0.001
sentcomp,10,pos-abs_pinned_rl,40,0.006
sentcomp,10,pos-abs_pinned_rl,41,0.007
sentcomp,10,pos-abs_pinned_rl,42,0.028
sentcomp,10,pos-abs_pinned_rl,43,0.038
sentcomp,10,pos-abs_pinned_rl,44,0.119
sentcomp,10,pos-abs_pinned_rl,45,0.134
sentcomp,10,pos-abs_pinned_rl,46,0.203
sentcomp,10,pos-abs_pinned_rl,47,0.195
sentcomp,10,pos-abs_pinned_rl,48,0.167
sentcomp,10,pos-abs_pinned_rl,49,0.08
sentcomp,10,pos-abs_pinned_rl,50,0.02
sentcomp,10,pos-abs_pinned_rl,51,0.002
sentcomp,10,pos-abs_pinned_rt,7,0.002
sentcomp,10,pos-abs_pinned_rt,8,0.001
sentcomp,10,pos-abs_pinned_rt,9,0.006
sentcomp,10,pos-abs_pinned_rt,10,0.01
sentcomp,10,pos-abs_pinned_rt,11,0.019
sentcomp,10,pos-abs_pinned_rt,12,0.023
sentcomp,10,pos-abs_pinned_rt,13,0.047
sentcomp,10,pos-abs_pinned_rt,14,0.064
sentcomp,10,pos-abs_pinned_rt,15,0.077
sentcomp,10,pos-abs_pinned_rt,16,0.072
sentcomp,10,pos-abs_pinned_rt,17,0.094
sentcomp,10,pos-abs_pinned_rt,18,0.089
sentcomp,10,pos-abs_pinned_rt,19,0.077
sentcomp,10,pos-abs_pinned_rt,20,0.079
sentcomp,10,pos-abs_pinned_rt,21,0.076
sentcomp,10,pos-abs_pinned_rt,22,0.061
sentcomp,10,pos-abs_pinned_rt,23,0.055
sentcomp,10,pos-abs_pinned_rt,24,0.046
sentcomp,10,pos-abs_pinned_rt,25,0.033
sentcomp,10,pos-abs_pinned_rt,26,0.028
sentcomp,10,pos-abs_pinned_rt,27,0.024
sentcomp,10,pos-abs_pinned_rt,28,0.011
sentcomp,10,pos-abs_pinned_rt,30,0.003
sentcomp,10,pos-abs_pinned_rt,31,0.001
sentcomp,10,pos-abs_pinned_rt,32,0.001
sentcomp,10,pos-abs_pinned_rt,33,0.001
sentcomp,10,pos-abs_rh,38,0.002
sentcomp,10,pos-abs_rh,40,0.002
sentcomp,10,pos-abs_rh,41,0.006
sentcomp,10,pos-abs_rh,42,0.007
sentcomp,10,pos-abs_rh,43,0.009
sentcomp,10,pos-abs_rh,44,0.021
sentcomp,10,pos-abs_rh,45,0.051
sentcomp,10,pos-abs_rh,46,0.088
sentcomp,10,pos-abs_rh,47,0.109
sentcomp,10,pos-abs_rh,48,0.148
sentcomp,10,pos-abs_rh,49,0.205
sentcomp,10,pos-abs_rh,50,0.314
sentcomp,10,pos-abs_rh,51,0.029
sentcomp,10,pos-abs_rh,52,0.009
sentcomp,10,pos-abs_rl,42,0.002
sentcomp,10,pos-abs_rl,44,0.002
sentcomp,10,pos-abs_rl,45,0.001
sentcomp,10,pos-abs_rl,46,0.002
sentcomp,10,pos-abs_rl,47,0.046
sentcomp,10,pos-abs_rl,48,0.071
sentcomp,10,pos-abs_rl,49,0.111
sentcomp,10,pos-abs_rl,50,0.22
sentcomp,10,pos-abs_rl,51,0.464
sentcomp,10,pos-abs_rl,52,0.057
sentcomp,10,pos-abs_rl,53,0.023
sentcomp,10,pos-abs_rl,54,0.001
sentcomp,10,pos-abs_rt,7,0.004
sentcomp,10,pos-abs_rt,8,0.01
sentcomp,10,pos-abs_rt,9,0.017
sentcomp,10,pos-abs_rt,10,0.018
sentcomp,10,pos-abs_rt,11,0.025
sentcomp,10,pos-abs_rt,12,0.045
sentcomp,10,pos-abs_rt,13,0.039
sentcomp,10,pos-abs_rt,14,0.069
sentcomp,10,pos-abs_rt,15,0.064
sentcomp,10,pos-abs_rt,16,0.076
sentcomp,10,pos-abs_rt,17,0.061
sentcomp,10,pos-abs_rt,18,0.077
sentcomp,10,pos-abs_rt,19,0.061
sentcomp,10,pos-abs_rt,20,0.055
sentcomp,10,pos-abs_rt,21,0.062
sentcomp,10,pos-abs_rt,22,0.056
sentcomp,10,pos-abs_rt,23,0.054
sentcomp,10,pos-abs_rt,24,0.051
sentcomp,10,pos-abs_rt,25,0.045
sentcomp,10,pos-abs_rt,26,0.031
sentcomp,10,pos-abs_rt,27,0.028
sentcomp,10,pos-abs_rt,28,0.024
sentcomp,10,pos-abs_rt,29,0.013
sentcomp,10,pos-abs_rt,30,0.008
sentcomp,10,pos-abs_rt,31,0.002
sentcomp,10,pos-abs_rt,33,0.003
sentcomp,10,pos-abs_rt,34,0.001
sentcomp,10,pos-abs_rt,35,0.001
sentcomp,10,pos-rel_pinned_rh,26,0.003
sentcomp,10,pos-rel_pinned_rh,28,0.003
sentcomp,10,pos-rel_pinned_rh,29,0.003
sentcomp,10,pos-rel_pinned_rh,30,0.015
sentcomp,10,pos-rel_pinned_rh,31,0.012
sentcomp,10,pos-rel_pinned_rh,32,0.029
sentcomp,10,pos-rel_pinned_rh,33,0.041
sentcomp,10,pos-rel_pinned_rh,34,0.063
sentcomp,10,pos-rel_pinned_rh,35,0.067
sentcomp,10,pos-rel_pinned_rh,36,0.129
sentcomp,10,pos-rel_pinned_rh,37,0.107
sentcomp,10,pos-rel_pinned_rh,38,0.154
sentcomp,10,pos-rel_pinned_rh,39,0.111
sentcomp,10,pos-rel_pinned_rh,40,0.122
sentcomp,10,pos-rel_pinned_rh,41,0.073
sentcomp,10,pos-rel_pinned_rh,42,0.039
sentcomp,10,pos-rel_pinned_rh,43,0.018
sentcomp,10,pos-rel_pinned_rh,44,0.008
sentcomp,10,pos-rel_pinned_rh,45,0.003
sentcomp,10,pos-rel_pinned_rl,31,0.001
sentcomp,10,pos-rel_pinned_rl,32,0.004
sentcomp,10,pos-rel_pinned_rl,33,0.002
sentcomp,10,pos-rel_pinned_rl,34,0.007
sentcomp,10,pos-rel_pinned_rl,35,0.009
sentcomp,10,pos-rel_pinned_rl,36,0.012
sentcomp,10,pos-rel_pinned_rl,37,0.022
sentcomp,10,pos-rel_pinned_rl,38,0.038
sentcomp,10,pos-rel_pinned_rl,39,0.082
sentcomp,10,pos-rel_pinned_rl,40,0.093
sentcomp,10,pos-rel_pinned_rl,41,0.147
sentcomp,10,pos-rel_pinned_rl,42,0.156
sentcomp,10,pos-rel_pinned_rl,43,0.152
sentcomp,10,pos-rel_pinned_rl,44,0.136
sentcomp,10,pos-rel_pinned_rl,45,0.07
sentcomp,10,pos-rel_pinned_rl,46,0.048
sentcomp,10,pos-rel_pinned_rl,47,0.02
sentcomp,10,pos-rel_pinned_rl,48,0.001
sentcomp,10,pos-rel_pinned_rt,5,0.002
sentcomp,10,pos-rel_pinned_rt,6,0.006
sentcomp,10,pos-rel_pinned_rt,7,0.011
sentcomp,10,pos-rel_pinned_rt,8,0.025
sentcomp,10,pos-rel_pinned_rt,9,0.043
sentcomp,10,pos-rel_pinned_rt,10,0.06
sentcomp,10,pos-rel_pinned_rt,11,0.075
sentcomp,10,pos-rel_pinned_rt,12,0.088
sentcomp,10,pos-rel_pinned_rt,13,0.101
sentcomp,10,pos-rel_pinned_rt,14,0.093
sentcomp,10,pos-rel_pinned_rt,15,0.083
sentcomp,10,pos-rel_pinned_rt,16,0.08
sentcomp,10,pos-rel_pinned_rt,17,0.074
sentcomp,10,pos-rel_pinned_rt,18,0.063
sentcomp,10,pos-rel_pinned_rt,19,0.053
sentcomp,10,pos-rel_pinned_rt,20,0.039
sentcomp,10,pos-rel_pinned_rt,21,0.03
sentcomp,10,pos-rel_pinned_rt,22,0.025
sentcomp,10,pos-rel_pinned_rt,23,0.019
sentcomp,10,pos-rel_pinned_rt,24,0.016
sentcomp,10,pos-rel_pinned_rt,25,0.009
sentcomp,10,pos-rel_pinned_rt,26,0.004
sentcomp,10,pos-rel_pinned_rt,27,0.001
sentcomp,10,pos-rel_rh,22,0.001
sentcomp,10,pos-rel_rh,29,0.002
sentcomp,10,pos-rel_rh,31,0.003
sentcomp,10,pos-rel_rh,32,0.005
sentcomp,10,pos-rel_rh,33,0.007
sentcomp,10,pos-rel_rh,34,0.009
sentcomp,10,pos-rel_rh,35,0.018
sentcomp,10,pos-rel_rh,36,0.024
sentcomp,10,pos-rel_rh,37,0.026
sentcomp,10,pos-rel_rh,38,0.061
sentcomp,10,pos-rel_rh,39,0.089
sentcomp,10,pos-rel_rh,40,0.086
sentcomp,10,pos-rel_rh,41,0.109
sentcomp,10,pos-rel_rh,42,0.104
sentcomp,10,pos-rel_rh,43,0.125
sentcomp,10,pos-rel_rh,44,0.101
sentcomp,10,pos-rel_rh,45,0.091
sentcomp,10,pos-rel_rh,46,0.078
sentcomp,10,pos-rel_rh,47,0.047
sentcomp,10,pos-rel_rh,48,0.014
sentcomp,10,pos-rel_rl,29,0.001
sentcomp,10,pos-rel_rl,37,0.002
sentcomp,10,pos-rel_rl,38,0.004
sentcomp,10,pos-rel_rl,39,0.004
sentcomp,10,pos-rel_rl,40,0.007
sentcomp,10,pos-rel_rl,41,0.022
sentcomp,10,pos-rel_rl,42,0.018
sentcomp,10,pos-rel_rl,43,0.048
sentcomp,10,pos-rel_rl,44,0.064
sentcomp,10,pos-rel_rl,45,0.114
sentcomp,10,pos-rel_rl,46,0.108
sentcomp,10,pos-rel_rl,47,0.169
sentcomp,10,pos-rel_rl,48,0.193
sentcomp,10,pos-rel_rl,49,0.193
sentcomp,10,pos-rel_rl,50,0.045
sentcomp,10,pos-rel_rl,51,0.006
sentcomp,10,pos-rel_rl,52,0.002
sentcomp,10,pos-rel_rt,4,0.002
sentcomp,10,pos-rel_rt,5,0.02
sentcomp,10,pos-rel_rt,6,0.022
sentcomp,10,pos-rel_rt,7,0.025
sentcomp,10,pos-rel_rt,8,0.045
sentcomp,10,pos-rel_rt,9,0.057
sentcomp,10,pos-rel_rt,10,0.076
sentcomp,10,pos-rel_rt,11,0.081
sentcomp,10,pos-rel_rt,12,0.082
sentcomp,10,pos-rel_rt,13,0.086
sentcomp,10,pos-rel_rt,14,0.087
sentcomp,10,pos-rel_rt,15,0.071
sentcomp,10,pos-rel_rt,16,0.063
sentcomp,10,pos-rel_rt,17,0.056
sentcomp,10,pos-rel_rt,18,0.047
sentcomp,10,pos-rel_rt,19,0.037
sentcomp,10,pos-rel_rt,20,0.033
sentcomp,10,pos-rel_rt,21,0.024
sentcomp,10,pos-rel_rt,22,0.019
sentcomp,10,pos-rel_rt,23,0.023
sentcomp,10,pos-rel_rt,24,0.022
sentcomp,10,pos-rel_rt,25,0.008
sentcomp,10,pos-rel_rt,26,0.004
sentcomp,10,pos-rel_rt,27,0.005
sentcomp,10,pos-rel_rt,28,0.004
sentcomp,10,pos-rel_rt,29,0.001
sentcomp,10,pred-nb_pinned_rh,61,0.002
sentcomp,10,pred-nb_pinned_rh,62,0.01
sentcomp,10,pred-nb_pinned_rh,63,0.69
sentcomp,10,pred-nb_pinned_rh,64,0.298
sentcomp,10,pred-nb_pinned_rl,61,0.001
sentcomp,10,pred-nb_pinned_rl,62,0.003
sentcomp,10,pred-nb_pinned_rl,63,0.305
sentcomp,10,pred-nb_pinned_rl,64,0.691
sentcomp,10,pred-nb_pinned_rt,34,0.001
sentcomp,10,pred-nb_pinned_rt,35,0.002
sentcomp,10,pred-nb_pinned_rt,36,0.002
sentcomp,10,pred-nb_pinned_rt,37,0.005
sentcomp,10,pred-nb_pinned_rt,38,0.007
sentcomp,10,pred-nb_pinned_rt,39,0.008
sentcomp,10,pred-nb_pinned_rt,40,0.01
sentcomp,10,pred-nb_pinned_rt,41,0.01
sentcomp,10,pred-nb_pinned_rt,42,0.032
sentcomp,10,pred-nb_pinned_rt,43,0.032
sentcomp,10,pred-nb_pinned_rt,44,0.053
sentcomp,10,pred-nb_pinned_rt,45,0.047
sentcomp,10,pred-nb_pinned_rt,46,0.063
sentcomp,10,pred-nb_pinned_rt,47,0.09
sentcomp,10,pred-nb_pinned_rt,48,0.105
sentcomp,10,pred-nb_pinned_rt,49,0.128
sentcomp,10,pred-nb_pinned_rt,50,0.165
sentcomp,10,pred-nb_pinned_rt,51,0.221
sentcomp,10,pred-nb_pinned_rt,52,0.016
sentcomp,10,pred-nb_pinned_rt,53,0.003
sentcomp,10,pred-nb_rh,65,0.7
sentcomp,10,pred-nb_rh,66,0.3
sentcomp,10,pred-nb_rl,65,0.3
sentcomp,10,pred-nb_rl,66,0.7
sentcomp,10,pred-nb_rt,51,0.002
sentcomp,10,pred-nb_rt,52,0.123
sentcomp,10,pred-nb_rt,53,0.146
sentcomp,10,pred-nb_rt,54,0.472
sentcomp,10,pred-nb_rt,55,0.087
sentcomp,10,pred-nb_rt,56,0.17
sentcomp,10,pred-xgb_pinned_rh,57,0.653
sentcomp,10,pred-xgb_pinned_rh,58,0.111
sentcomp,10,pred-xgb_pinned_rh,59,0.204
sentcomp,10,pred-xgb_pinned_rh,60,0.018
sentcomp,10,pred-xgb_pinned_rh,61,0.012
sentcomp,10,pred-xgb_pinned_rh,62,0.002
sentcomp,10,pred-xgb_pinned_rl,57,0.019
sentcomp,10,pred-xgb_pinned_rl,58,0.562
sentcomp,10,pred-xgb_pinned_rl,59,0.126
sentcomp,10,pred-xgb_pinned_rl,60,0.228
sentcomp,10,pred-xgb_pinned_rl,61,0.04
sentcomp,10,pred-xgb_pinned_rl,62,0.025
sentcomp,10,pred-xgb_pinned_rt,29,0.003
sentcomp,10,pred-xgb_pinned_rt,30,0.005
sentcomp,10,pred-xgb_pinned_rt,31,0.018
sentcomp,10,pred-xgb_pinned_rt,32,0.011
sentcomp,10,pred-xgb_pinned_rt,33,0.016
sentcomp,10,pred-xgb_pinned_rt,34,0.016
sentcomp,10,pred-xgb_pinned_rt,35,0.018
sentcomp,10,pred-xgb_pinned_rt,36,0.024
sentcomp,10,pred-xgb_pinned_rt,37,0.037
sentcomp,10,pred-xgb_pinned_rt,38,0.046
sentcomp,10,pred-xgb_pinned_rt,39,0.051
sentcomp,10,pred-xgb_pinned_rt,40,0.049
sentcomp,10,pred-xgb_pinned_rt,41,0.073
sentcomp,10,pred-xgb_pinned_rt,42,0.08
sentcomp,10,pred-xgb_pinned_rt,43,0.08
sentcomp,10,pred-xgb_pinned_rt,44,0.078
sentcomp,10,pred-xgb_pinned_rt,45,0.074
sentcomp,10,pred-xgb_pinned_rt,46,0.096
sentcomp,10,pred-xgb_pinned_rt,47,0.057
sentcomp,10,pred-xgb_pinned_rt,48,0.078
sentcomp,10,pred-xgb_pinned_rt,49,0.061
sentcomp,10,pred-xgb_pinned_rt,50,0.024
sentcomp,10,pred-xgb_pinned_rt,51,0.005
sentcomp,10,pred-xgb_rh,56,0.001
sentcomp,10,pred-xgb_rh,57,0.083
sentcomp,10,pred-xgb_rh,58,0.061
sentcomp,10,pred-xgb_rh,59,0.513
sentcomp,10,pred-xgb_rh,60,0.119
sentcomp,10,pred-xgb_rh,61,0.217
sentcomp,10,pred-xgb_rh,62,0.006
sentcomp,10,pred-xgb_rl,57,0.003
sentcomp,10,pred-xgb_rl,58,0.046
sentcomp,10,pred-xgb_rl,59,0.05
sentcomp,10,pred-xgb_rl,60,0.519
sentcomp,10,pred-xgb_rl,61,0.103
sentcomp,10,pred-xgb_rl,62,0.279
sentcomp,10,pred-xgb_rt,30,0.001
sentcomp,10,pred-xgb_rt,32,0.001
sentcomp,10,pred-xgb_rt,33,0.004
sentcomp,10,pred-xgb_rt,34,0.002
sentcomp,10,pred-xgb_rt,35,0.001
sentcomp,10,pred-xgb_rt,36,0.006
sentcomp,10,pred-xgb_rt,37,0.004
sentcomp,10,pred-xgb_rt,38,0.007
sentcomp,10,pred-xgb_rt,39,0.018
sentcomp,10,pred-xgb_rt,40,0.016
sentcomp,10,pred-xgb_rt,41,0.019
sentcomp,10,pred-xgb_rt,42,0.047
sentcomp,10,pred-xgb_rt,43,0.047
sentcomp,10,pred-xgb_rt,44,0.035
sentcomp,10,pred-xgb_rt,45,0.053
sentcomp,10,pred-xgb_rt,46,0.058
sentcomp,10,pred-xgb_rt,47,0.085
sentcomp,10,pred-xgb_rt,48,0.114
sentcomp,10,pred-xgb_rt,49,0.137
sentcomp,10,pred-xgb_rt,50,0.146
sentcomp,10,pred-xgb_rt,51,0.187
sentcomp,10,pred-xgb_rt,52,0.009
sentcomp,10,pred-xgb_rt,53,0.003
sentcomp,10,random_pinned_rh,10,0.002
sentcomp,10,random_pinned_rh,11,0.002
sentcomp,10,random_pinned_rh,12,0.002
sentcomp,10,random_pinned_rh,13,0.003
sentcomp,10,random_pinned_rh,14,0.004
sentcomp,10,random_pinned_rh,15,0.011
sentcomp,10,random_pinned_rh,16,0.012
sentcomp,10,random_pinned_rh,17,0.005
sentcomp,10,random_pinned_rh,18,0.013
sentcomp,10,random_pinned_rh,19,0.024
sentcomp,10,random_pinned_rh,20,0.043
sentcomp,10,random_pinned_rh,21,0.04
sentcomp,10,random_pinned_rh,22,0.046
sentcomp,10,random_pinned_rh,23,0.056
sentcomp,10,random_pinned_rh,24,0.058
sentcomp,10,random_pinned_rh,25,0.088
sentcomp,10,random_pinned_rh,26,0.098
sentcomp,10,random_pinned_rh,27,0.124
sentcomp,10,random_pinned_rh,28,0.146
sentcomp,10,random_pinned_rh,29,0.098
sentcomp,10,random_pinned_rh,30,0.05
sentcomp,10,random_pinned_rh,31,0.033
sentcomp,10,random_pinned_rh,32,0.011
sentcomp,10,random_pinned_rh,33,0.012
sentcomp,10,random_pinned_rh,34,0.008
sentcomp,10,random_pinned_rh,35,0.004
sentcomp,10,random_pinned_rh,36,0.005
sentcomp,10,random_pinned_rh,37,0.002
sentcomp,10,random_pinned_rl,9,0.002
sentcomp,10,random_pinned_rl,10,0.001
sentcomp,10,random_pinned_rl,11,0.004
sentcomp,10,random_pinned_rl,12,0.007
sentcomp,10,random_pinned_rl,13,0.018
sentcomp,10,random_pinned_rl,14,0.012
sentcomp,10,random_pinned_rl,15,0.015
sentcomp,10,random_pinned_rl,16,0.013
sentcomp,10,random_pinned_rl,17,0.036
sentcomp,10,random_pinned_rl,18,0.038
sentcomp,10,random_pinned_rl,19,0.039
sentcomp,10,random_pinned_rl,20,0.039
sentcomp,10,random_pinned_rl,21,0.046
sentcomp,10,random_pinned_rl,22,0.052
sentcomp,10,random_pinned_rl,23,0.076
sentcomp,10,random_pinned_rl,24,0.074
sentcomp,10,random_pinned_rl,25,0.116
sentcomp,10,random_pinned_rl,26,0.106
sentcomp,10,random_pinned_rl,27,0.106
sentcomp,10,random_pinned_rl,28,0.092
sentcomp,10,random_pinned_rl,29,0.061
sentcomp,10,random_pinned_rl,30,0.021
sentcomp,10,random_pinned_rl,31,0.01
sentcomp,10,random_pinned_rl,32,0.004
sentcomp,10,random_pinned_rl,33,0.006
sentcomp,10,random_pinned_rl,34,0.005
sentcomp,10,random_pinned_rl,35,0.001
sentcomp,10,random_pinned_rt,7,0.002
sentcomp,10,random_pinned_rt,8,0.006
sentcomp,10,random_pinned_rt,9,0.005
sentcomp,10,random_pinned_rt,10,0.012
sentcomp,10,random_pinned_rt,11,0.023
sentcomp,10,random_pinned_rt,12,0.034
sentcomp,10,random_pinned_rt,13,0.024
sentcomp,10,random_pinned_rt,14,0.037
sentcomp,10,random_pinned_rt,15,0.05
sentcomp,10,random_pinned_rt,16,0.053
sentcomp,10,random_pinned_rt,17,0.065
sentcomp,10,random_pinned_rt,18,0.066
sentcomp,10,random_pinned_rt,19,0.062
sentcomp,10,random_pinned_rt,20,0.063
sentcomp,10,random_pinned_rt,21,0.067
sentcomp,10,random_pinned_rt,22,0.081
sentcomp,10,random_pinned_rt,23,0.074
sentcomp,10,random_pinned_rt,24,0.071
sentcomp,10,random_pinned_rt,25,0.059
sentcomp,10,random_pinned_rt,26,0.047
sentcomp,10,random_pinned_rt,27,0.033
sentcomp,10,random_pinned_rt,28,0.034
sentcomp,10,random_pinned_rt,29,0.015
sentcomp,10,random_pinned_rt,30,0.007
sentcomp,10,random_pinned_rt,31,0.005
sentcomp,10,random_pinned_rt,32,0.003
sentcomp,10,random_pinned_rt,33,0.002
sentcomp,10,random_rh,5,0.001
sentcomp,10,random_rh,6,0.003
sentcomp,10,random_rh,7,0.004
sentcomp,10,random_rh,8,0.003
sentcomp,10,random_rh,9,0.01
sentcomp,10,random_rh,10,0.018
sentcomp,10,random_rh,11,0.022
sentcomp,10,random_rh,12,0.025
sentcomp,10,random_rh,13,0.036
sentcomp,10,random_rh,14,0.032
sentcomp,10,random_rh,15,0.038
sentcomp,10,random_rh,16,0.044
sentcomp,10,random_rh,17,0.051
sentcomp,10,random_rh,18,0.051
sentcomp,10,random_rh,19,0.056
sentcomp,10,random_rh,20,0.047
sentcomp,10,random_rh,21,0.072
sentcomp,10,random_rh,22,0.056
sentcomp,10,random_rh,23,0.053
sentcomp,10,random_rh,24,0.064
sentcomp,10,random_rh,25,0.066
sentcomp,10,random_rh,26,0.067
sentcomp,10,random_rh,27,0.058
sentcomp,10,random_rh,28,0.048
sentcomp,10,random_rh,29,0.034
sentcomp,10,random_rh,30,0.011
sentcomp,10,random_rh,31,0.013
sentcomp,10,random_rh,32,0.002
sentcomp,10,random_rh,33,0.009
sentcomp,10,random_rh,35,0.004
sentcomp,10,random_rh,36,0.001
sentcomp,10,random_rh,45,0.001
sentcomp,10,random_rl,2,0.001
sentcomp,10,random_rl,4,0.003
sentcomp,10,random_rl,5,0.014
sentcomp,10,random_rl,6,0.014
sentcomp,10,random_rl,7,0.039
sentcomp,10,random_rl,8,0.042
sentcomp,10,random_rl,9,0.053
sentcomp,10,random_rl,10,0.064
sentcomp,10,random_rl,11,0.074
sentcomp,10,random_rl,12,0.069
sentcomp,10,random_rl,13,0.076
sentcomp,10,random_rl,14,0.054
sentcomp,10,random_rl,15,0.06
sentcomp,10,random_rl,16,0.042
sentcomp,10,random_rl,17,0.045
sentcomp,10,random_rl,18,0.048
sentcomp,10,random_rl,19,0.047
sentcomp,10,random_rl,20,0.063
sentcomp,10,random_rl,21,0.039
sentcomp,10,random_rl,22,0.033
sentcomp,10,random_rl,23,0.027
sentcomp,10,random_rl,24,0.024
sentcomp,10,random_rl,25,0.022
sentcomp,10,random_rl,26,0.014
sentcomp,10,random_rl,27,0.016
sentcomp,10,random_rl,28,0.007
sentcomp,10,random_rl,29,0.005
sentcomp,10,random_rl,30,0.002
sentcomp,10,random_rl,31,0.001
sentcomp,10,random_rl,34,0.001
sentcomp,10,random_rl,38,0.001
sentcomp,10,random_rt,4,0.007
sentcomp,10,random_rt,5,0.023
sentcomp,10,random_rt,6,0.038
sentcomp,10,random_rt,7,0.038
sentcomp,10,random_rt,8,0.058
sentcomp,10,random_rt,9,0.063
sentcomp,10,random_rt,10,0.087
sentcomp,10,random_rt,11,0.09
sentcomp,10,random_rt,12,0.058
sentcomp,10,random_rt,13,0.066
sentcomp,10,random_rt,14,0.057
sentcomp,10,random_rt,15,0.049
sentcomp,10,random_rt,16,0.063
sentcomp,10,random_rt,17,0.052
sentcomp,10,random_rt,18,0.042
sentcomp,10,random_rt,19,0.041
sentcomp,10,random_rt,20,0.037
sentcomp,10,random_rt,21,0.029
sentcomp,10,random_rt,22,0.023
sentcomp,10,random_rt,23,0.014
sentcomp,10,random_rt,24,0.024
sentcomp,10,random_rt,25,0.01
sentcomp,10,random_rt,26,0.008
sentcomp,10,random_rt,27,0.009
sentcomp,10,random_rt,28,0.007
sentcomp,10,random_rt,29,0.001
sentcomp,10,random_rt,30,0.001
sentcomp,10,random_rt,31,0.002
sentcomp,10,random_rt,35,0.002
sentcomp,10,random_rt,36,0.001
sentcomp,10,rev-chron_pinned_rh,17,0.001
sentcomp,10,rev-chron_pinned_rh,19,0.001
sentcomp,10,rev-chron_pinned_rh,20,0.002
sentcomp,10,rev-chron_pinned_rh,21,0.003
sentcomp,10,rev-chron_pinned_rh,22,0.005
sentcomp,10,rev-chron_pinned_rh,23,0.003
sentcomp,10,rev-chron_pinned_rh,24,0.013
sentcomp,10,rev-chron_pinned_rh,25,0.027
sentcomp,10,rev-chron_pinned_rh,26,0.039
sentcomp,10,rev-chron_pinned_rh,27,0.082
sentcomp,10,rev-chron_pinned_rh,28,0.145
sentcomp,10,rev-chron_pinned_rh,29,0.288
sentcomp,10,rev-chron_pinned_rh,30,0.119
sentcomp,10,rev-chron_pinned_rh,31,0.084
sentcomp,10,rev-chron_pinned_rh,32,0.034
sentcomp,10,rev-chron_pinned_rh,33,0.04
sentcomp,10,rev-chron_pinned_rh,34,0.026
sentcomp,10,rev-chron_pinned_rh,35,0.032
sentcomp,10,rev-chron_pinned_rh,36,0.023
sentcomp,10,rev-chron_pinned_rh,37,0.016
sentcomp,10,rev-chron_pinned_rh,38,0.006
sentcomp,10,rev-chron_pinned_rh,39,0.004
sentcomp,10,rev-chron_pinned_rh,40,0.002
sentcomp,10,rev-chron_pinned_rh,41,0.001
sentcomp,10,rev-chron_pinned_rh,42,0.002
sentcomp,10,rev-chron_pinned_rh,46,0.001
sentcomp,10,rev-chron_pinned_rh,47,0.001
sentcomp,10,rev-chron_pinned_rl,20,0.001
sentcomp,10,rev-chron_pinned_rl,23,0.001
sentcomp,10,rev-chron_pinned_rl,25,0.002
sentcomp,10,rev-chron_pinned_rl,26,0.006
sentcomp,10,rev-chron_pinned_rl,27,0.011
sentcomp,10,rev-chron_pinned_rl,28,0.031
sentcomp,10,rev-chron_pinned_rl,29,0.041
sentcomp,10,rev-chron_pinned_rl,30,0.131
sentcomp,10,rev-chron_pinned_rl,31,0.167
sentcomp,10,rev-chron_pinned_rl,32,0.051
sentcomp,10,rev-chron_pinned_rl,33,0.055
sentcomp,10,rev-chron_pinned_rl,34,0.055
sentcomp,10,rev-chron_pinned_rl,35,0.086
sentcomp,10,rev-chron_pinned_rl,36,0.065
sentcomp,10,rev-chron_pinned_rl,37,0.072
sentcomp,10,rev-chron_pinned_rl,38,0.055
sentcomp,10,rev-chron_pinned_rl,39,0.05
sentcomp,10,rev-chron_pinned_rl,40,0.036
sentcomp,10,rev-chron_pinned_rl,41,0.026
sentcomp,10,rev-chron_pinned_rl,42,0.014
sentcomp,10,rev-chron_pinned_rl,43,0.015
sentcomp,10,rev-chron_pinned_rl,44,0.015
sentcomp,10,rev-chron_pinned_rl,45,0.007
sentcomp,10,rev-chron_pinned_rl,46,0.002
sentcomp,10,rev-chron_pinned_rl,47,0.003
sentcomp,10,rev-chron_pinned_rl,49,0.001
sentcomp,10,rev-chron_pinned_rl,50,0.001
sentcomp,10,rev-chron_pinned_rt,7,0.002
sentcomp,10,rev-chron_pinned_rt,8,0.002
sentcomp,10,rev-chron_pinned_rt,9,0.003
sentcomp,10,rev-chron_pinned_rt,10,0.017
sentcomp,10,rev-chron_pinned_rt,11,0.018
sentcomp,10,rev-chron_pinned_rt,12,0.024
sentcomp,10,rev-chron_pinned_rt,13,0.02
sentcomp,10,rev-chron_pinned_rt,14,0.034
sentcomp,10,rev-chron_pinned_rt,15,0.056
sentcomp,10,rev-chron_pinned_rt,16,0.044
sentcomp,10,rev-chron_pinned_rt,17,0.065
sentcomp,10,rev-chron_pinned_rt,18,0.07
sentcomp,10,rev-chron_pinned_rt,19,0.077
sentcomp,10,rev-chron_pinned_rt,20,0.069
sentcomp,10,rev-chron_pinned_rt,21,0.086
sentcomp,10,rev-chron_pinned_rt,22,0.111
sentcomp,10,rev-chron_pinned_rt,23,0.078
sentcomp,10,rev-chron_pinned_rt,24,0.064
sentcomp,10,rev-chron_pinned_rt,25,0.064
sentcomp,10,rev-chron_pinned_rt,26,0.047
sentcomp,10,rev-chron_pinned_rt,27,0.025
sentcomp,10,rev-chron_pinned_rt,28,0.013
sentcomp,10,rev-chron_pinned_rt,29,0.004
sentcomp,10,rev-chron_pinned_rt,30,0.002
sentcomp,10,rev-chron_pinned_rt,31,0.002
sentcomp,10,rev-chron_pinned_rt,35,0.001
sentcomp,10,rev-chron_pinned_rt,39,0.001
sentcomp,10,rev-chron_pinned_rt,40,0.001
sentcomp,10,rev-chron_rh,7,0.002
sentcomp,10,rev-chron_rh,9,0.001
sentcomp,10,rev-chron_rh,11,0.007
sentcomp,10,rev-chron_rh,12,0.011
sentcomp,10,rev-chron_rh,13,0.016
sentcomp,10,rev-chron_rh,14,0.012
sentcomp,10,rev-chron_rh,15,0.02
sentcomp,10,rev-chron_rh,16,0.017
sentcomp,10,rev-chron_rh,17,0.031
sentcomp,10,rev-chron_rh,18,0.032
sentcomp,10,rev-chron_rh,19,0.04
sentcomp,10,rev-chron_rh,20,0.025
sentcomp,10,rev-chron_rh,21,0.044
sentcomp,10,rev-chron_rh,22,0.057
sentcomp,10,rev-chron_rh,23,0.087
sentcomp,10,rev-chron_rh,24,0.073
sentcomp,10,rev-chron_rh,25,0.089
sentcomp,10,rev-chron_rh,26,0.096
sentcomp,10,rev-chron_rh,27,0.105
sentcomp,10,rev-chron_rh,28,0.106
sentcomp,10,rev-chron_rh,29,0.044
sentcomp,10,rev-chron_rh,30,0.021
sentcomp,10,rev-chron_rh,31,0.01
sentcomp,10,rev-chron_rh,32,0.02
sentcomp,10,rev-chron_rh,33,0.007
sentcomp,10,rev-chron_rh,34,0.004
sentcomp,10,rev-chron_rh,35,0.002
sentcomp,10,rev-chron_rh,36,0.006
sentcomp,10,rev-chron_rh,37,0.003
sentcomp,10,rev-chron_rh,38,0.005
sentcomp,10,rev-chron_rh,40,0.001
sentcomp,10,rev-chron_rh,41,0.001
sentcomp,10,rev-chron_rh,42,0.003
sentcomp,10,rev-chron_rh,43,0.001
sentcomp,10,rev-chron_rh,48,0.001
sentcomp,10,rev-chron_rl,15,0.001
sentcomp,10,rev-chron_rl,18,0.001
sentcomp,10,rev-chron_rl,19,0.003
sentcomp,10,rev-chron_rl,20,0.003
sentcomp,10,rev-chron_rl,21,0.003
sentcomp,10,rev-chron_rl,22,0.004
sentcomp,10,rev-chron_rl,23,0.003
sentcomp,10,rev-chron_rl,24,0.014
sentcomp,10,rev-chron_rl,25,0.015
sentcomp,10,rev-chron_rl,26,0.024
sentcomp,10,rev-chron_rl,27,0.049
sentcomp,10,rev-chron_rl,28,0.061
sentcomp,10,rev-chron_rl,29,0.097
sentcomp,10,rev-chron_rl,30,0.151
sentcomp,10,rev-chron_rl,31,0.064
sentcomp,10,rev-chron_rl,32,0.05
sentcomp,10,rev-chron_rl,33,0.038
sentcomp,10,rev-chron_rl,34,0.043
sentcomp,10,rev-chron_rl,35,0.039
sentcomp,10,rev-chron_rl,36,0.066
sentcomp,10,rev-chron_rl,37,0.04
sentcomp,10,rev-chron_rl,38,0.031
sentcomp,10,rev-chron_rl,39,0.042
sentcomp,10,rev-chron_rl,40,0.04
sentcomp,10,rev-chron_rl,41,0.011
sentcomp,10,rev-chron_rl,42,0.027
sentcomp,10,rev-chron_rl,43,0.02
sentcomp,10,rev-chron_rl,44,0.016
sentcomp,10,rev-chron_rl,45,0.013
sentcomp,10,rev-chron_rl,46,0.015
sentcomp,10,rev-chron_rl,47,0.007
sentcomp,10,rev-chron_rl,48,0.005
sentcomp,10,rev-chron_rl,49,0.002
sentcomp,10,rev-chron_rl,50,0.001
sentcomp,10,rev-chron_rl,51,0.001
sentcomp,10,rev-chron_rt,6,0.001
sentcomp,10,rev-chron_rt,7,0.004
sentcomp,10,rev-chron_rt,8,0.01
sentcomp,10,rev-chron_rt,9,0.011
sentcomp,10,rev-chron_rt,10,0.023
sentcomp,10,rev-chron_rt,11,0.028
sentcomp,10,rev-chron_rt,12,0.037
sentcomp,10,rev-chron_rt,13,0.047
sentcomp,10,rev-chron_rt,14,0.039
sentcomp,10,rev-chron_rt,15,0.045
sentcomp,10,rev-chron_rt,16,0.043
sentcomp,10,rev-chron_rt,17,0.039
sentcomp,10,rev-chron_rt,18,0.049
sentcomp,10,rev-chron_rt,19,0.057
sentcomp,10,rev-chron_rt,20,0.061
sentcomp,10,rev-chron_rt,21,0.073
sentcomp,10,rev-chron_rt,22,0.06
sentcomp,10,rev-chron_rt,23,0.074
sentcomp,10,rev-chron_rt,24,0.074
sentcomp,10,rev-chron_rt,25,0.067
sentcomp,10,rev-chron_rt,26,0.06
sentcomp,10,rev-chron_rt,27,0.046
sentcomp,10,rev-chron_rt,28,0.02
sentcomp,10,rev-chron_rt,29,0.01
sentcomp,10,rev-chron_rt,31,0.005
sentcomp,10,rev-chron_rt,32,0.006
sentcomp,10,rev-chron_rt,33,0.002
sentcomp,10,rev-chron_rt,34,0.003
sentcomp,10,rev-chron_rt,35,0.002
sentcomp,10,rev-chron_rt,36,0.002
sentcomp,10,rev-chron_rt,39,0.001
sentcomp,10,rev-chron_rt,43,0.001
sim,10,chron_pinned_rh,27,0.001
sim,10,chron_pinned_rh,28,0.028
sim,10,chron_pinned_rh,29,0.633
sim,10,chron_pinned_rh,30,0.206
sim,10,chron_pinned_rh,31,0.132
sim,10,chron_pinned_rl,34,0.022
sim,10,chron_pinned_rl,35,0.358
sim,10,chron_pinned_rl,36,0.576
sim,10,chron_pinned_rl,37,0.043
sim,10,chron_pinned_rl,38,0.001
sim,10,chron_pinned_rt,46,0.001
sim,10,chron_pinned_rt,47,0.001
sim,10,chron_pinned_rt,48,0.001
sim,10,chron_pinned_rt,49,0.01
sim,10,chron_pinned_rt,50,0.024
sim,10,chron_pinned_rt,51,0.038
sim,10,chron_pinned_rt,52,0.057
sim,10,chron_pinned_rt,53,0.115
sim,10,chron_pinned_rt,54,0.171
sim,10,chron_pinned_rt,55,0.204
sim,10,chron_pinned_rt,56,0.177
sim,10,chron_pinned_rt,57,0.157
sim,10,chron_pinned_rt,58,0.032
sim,10,chron_pinned_rt,59,0.012
sim,10,chron_rh,34,0.001
sim,10,chron_rh,35,0.034
sim,10,chron_rh,36,0.134
sim,10,chron_rh,37,0.808
sim,10,chron_rh,38,0.022
sim,10,chron_rh,39,0.001
sim,10,chron_rl,42,0.663
sim,10,chron_rl,43,0.284
sim,10,chron_rl,44,0.045
sim,10,chron_rl,45,0.008
sim,10,chron_rt,60,0.016
sim,10,chron_rt,61,0.776
sim,10,chron_rt,62,0.208
sim,10,least-neg-abs_pinned_rh,21,0.003
sim,10,least-neg-abs_pinned_rh,22,0.385
sim,10,least-neg-abs_pinned_rh,23,0.048
sim,10,least-neg-abs_pinned_rh,24,0.322
sim,10,least-neg-abs_pinned_rh,25,0.094
sim,10,least-neg-abs_pinned_rh,26,0.102
sim,10,least-neg-abs_pinned_rh,27,0.044
sim,10,least-neg-abs_pinned_rh,28,0.002
sim,10,least-neg-abs_pinned_rl,33,0.016
sim,10,least-neg-abs_pinned_rl,34,0.932
sim,10,least-neg-abs_pinned_rl,35,0.039
sim,10,least-neg-abs_pinned_rl,36,0.011
sim,10,least-neg-abs_pinned_rl,37,0.002
sim,10,least-neg-abs_pinned_rt,65,1.0
sim,10,least-neg-abs_rh,26,0.002
sim,10,least-neg-abs_rh,27,0.001
sim,10,least-neg-abs_rh,28,0.01
sim,10,least-neg-abs_rh,29,0.299
sim,10,least-neg-abs_rh,30,0.603
sim,10,least-neg-abs_rh,31,0.082
sim,10,least-neg-abs_rh,32,0.003
sim,10,least-neg-abs_rl,38,0.005
sim,10,least-neg-abs_rl,39,0.978
sim,10,least-neg-abs_rl,40,0.017
sim,10,least-neg-abs_rt,56,0.002
sim,10,least-neg-abs_rt,57,0.001
sim,10,least-neg-abs_rt,58,0.016
sim,10,least-neg-abs_rt,59,0.067
sim,10,least-neg-abs_rt,60,0.885
sim,10,least-neg-abs_rt,61,0.028
sim,10,least-neg-abs_rt,62,0.001
sim,10,neg-abs_pinned_rh,23,0.003
sim,10,neg-abs_pinned_rh,24,0.002
sim,10,neg-abs_pinned_rh,25,0.026
sim,10,neg-abs_pinned_rh,26,0.054
sim,10,neg-abs_pinned_rh,27,0.098
sim,10,neg-abs_pinned_rh,28,0.78
sim,10,neg-abs_pinned_rh,29,0.033
sim,10,neg-abs_pinned_rh,30,0.004
sim,10,neg-abs_pinned_rl,33,0.001
sim,10,neg-abs_pinned_rl,34,0.028
sim,10,neg-abs_pinned_rl,35,0.569
sim,10,neg-abs_pinned_rl,36,0.277
sim,10,neg-abs_pinned_rl,37,0.124
sim,10,neg-abs_pinned_rl,38,0.001
sim,10,neg-abs_pinned_rt,60,0.014
sim,10,neg-abs_pinned_rt,61,0.195
sim,10,neg-abs_pinned_rt,62,0.791
sim,10,neg-abs_rh,30,0.005
sim,10,neg-abs_rh,31,0.023
sim,10,neg-abs_rh,32,0.471
sim,10,neg-abs_rh,33,0.494
sim,10,neg-abs_rh,34,0.007
sim,10,neg-abs_rl,39,0.017
sim,10,neg-abs_rl,40,0.891
sim,10,neg-abs_rl,41,0.092
sim,10,neg-abs_rt,63,0.025
sim,10,neg-abs_rt,64,0.975
sim,10,pin-pred-lr_pinned_rh,7,0.001
sim,10,pin-pred-lr_pinned_rh,9,0.025
sim,10,pin-pred-lr_pinned_rh,10,0.029
sim,10,pin-pred-lr_pinned_rh,11,0.032
sim,10,pin-pred-lr_pinned_rh,12,0.093
sim,10,pin-pred-lr_pinned_rh,13,0.254
sim,10,pin-pred-lr_pinned_rh,14,0.192
sim,10,pin-pred-lr_pinned_rh,15,0.252
sim,10,pin-pred-lr_pinned_rh,16,0.122
sim,10,pin-pred-lr_pinned_rl,8,0.002
sim,10,pin-pred-lr_pinned_rl,9,0.013
sim,10,pin-pred-lr_pinned_rl,10,0.034
sim,10,pin-pred-lr_pinned_rl,11,0.032
sim,10,pin-pred-lr_pinned_rl,12,0.053
sim,10,pin-pred-lr_pinned_rl,13,0.183
sim,10,pin-pred-lr_pinned_rl,14,0.252
sim,10,pin-pred-lr_pinned_rl,15,0.203
sim,10,pin-pred-lr_pinned_rl,16,0.228
sim,10,pin-pred-lr_pinned_rt,46,0.004
sim,10,pin-pred-lr_pinned_rt,47,0.012
sim,10,pin-pred-lr_pinned_rt,48,0.036
sim,10,pin-pred-lr_pinned_rt,49,0.09
sim,10,pin-pred-lr_pinned_rt,50,0.156
sim,10,pin-pred-lr_pinned_rt,51,0.197
sim,10,pin-pred-lr_pinned_rt,52,0.177
sim,10,pin-pred-lr_pinned_rt,53,0.165
sim,10,pin-pred-lr_pinned_rt,54,0.099
sim,10,pin-pred-lr_pinned_rt,55,0.04
sim,10,pin-pred-lr_pinned_rt,56,0.015
sim,10,pin-pred-lr_pinned_rt,57,0.009
sim,10,pin-pred-lr_rh,5,0.001
sim,10,pin-pred-lr_rh,9,0.023
sim,10,pin-pred-lr_rh,10,0.055
sim,10,pin-pred-lr_rh,11,0.073
sim,10,pin-pred-lr_rh,12,0.15
sim,10,pin-pred-lr_rh,13,0.293
sim,10,pin-pred-lr_rh,14,0.059
sim,10,pin-pred-lr_rh,15,0.346
sim,10,pin-pred-lr_rl,5,0.001
sim,10,pin-pred-lr_rl,9,0.023
sim,10,pin-pred-lr_rl,10,0.055
sim,10,pin-pred-lr_rl,11,0.073
sim,10,pin-pred-lr_rl,12,0.15
sim,10,pin-pred-lr_rl,13,0.293
sim,10,pin-pred-lr_rl,14,0.059
sim,10,pin-pred-lr_rl,15,0.346
sim,10,pin-pred-lr_rt,43,0.003
sim,10,pin-pred-lr_rt,44,0.082
sim,10,pin-pred-lr_rt,45,0.622
sim,10,pin-pred-lr_rt,46,0.165
sim,10,pin-pred-lr_rt,47,0.067
sim,10,pin-pred-lr_rt,48,0.045
sim,10,pin-pred-lr_rt,49,0.012
sim,10,pin-pred-lr_rt,50,0.004
sim,10,pin-pred-xgb_pinned_rh,6,0.009
sim,10,pin-pred-xgb_pinned_rh,7,0.006
sim,10,pin-pred-xgb_pinned_rh,8,0.007
sim,10,pin-pred-xgb_pinned_rh,9,0.043
sim,10,pin-pred-xgb_pinned_rh,10,0.363
sim,10,pin-pred-xgb_pinned_rh,11,0.378
sim,10,pin-pred-xgb_pinned_rh,12,0.029
sim,10,pin-pred-xgb_pinned_rh,13,0.06
sim,10,pin-pred-xgb_pinned_rh,14,0.047
sim,10,pin-pred-xgb_pinned_rh,15,0.058
sim,10,pin-pred-xgb_pinned_rl,8,0.005
sim,10,pin-pred-xgb_pinned_rl,10,0.003
sim,10,pin-pred-xgb_pinned_rl,11,0.02
sim,10,pin-pred-xgb_pinned_rl,12,0.542
sim,10,pin-pred-xgb_pinned_rl,13,0.009
sim,10,pin-pred-xgb_pinned_rl,14,0.115
sim,10,pin-pred-xgb_pinned_rl,15,0.011
sim,10,pin-pred-xgb_pinned_rl,16,0.293
sim,10,pin-pred-xgb_pinned_rl,17,0.001
sim,10,pin-pred-xgb_pinned_rl,18,0.001
sim,10,pin-pred-xgb_pinned_rt,44,0.001
sim,10,pin-pred-xgb_pinned_rt,45,0.031
sim,10,pin-pred-xgb_pinned_rt,46,0.148
sim,10,pin-pred-xgb_pinned_rt,47,0.24
sim,10,pin-pred-xgb_pinned_rt,48,0.23
sim,10,pin-pred-xgb_pinned_rt,49,0.189
sim,10,pin-pred-xgb_pinned_rt,50,0.087
sim,10,pin-pred-xgb_pinned_rt,51,0.043
sim,10,pin-pred-xgb_pinned_rt,52,0.022
sim,10,pin-pred-xgb_pinned_rt,53,0.006
sim,10,pin-pred-xgb_pinned_rt,54,0.002
sim,10,pin-pred-xgb_pinned_rt,55,0.001
sim,10,pin-pred-xgb_rh,5,0.045
sim,10,pin-pred-xgb_rh,6,0.037
sim,10,pin-pred-xgb_rh,7,0.036
sim,10,pin-pred-xgb_rh,8,0.063
sim,10,pin-pred-xgb_rh,9,0.736
sim,10,pin-pred-xgb_rh,10,0.024
sim,10,pin-pred-xgb_rh,11,0.034
sim,10,pin-pred-xgb_rh,12,0.004
sim,10,pin-pred-xgb_rh,13,0.018
sim,10,pin-pred-xgb_rh,14,0.003
sim,10,pin-pred-xgb_rl,6,0.01
sim,10,pin-pred-xgb_rl,7,0.009
sim,10,pin-pred-xgb_rl,8,0.016
sim,10,pin-pred-xgb_rl,9,0.02
sim,10,pin-pred-xgb_rl,10,0.417
sim,10,pin-pred-xgb_rl,11,0.335
sim,10,pin-pred-xgb_rl,12,0.044
sim,10,pin-pred-xgb_rl,13,0.03
sim,10,pin-pred-xgb_rl,14,0.039
sim,10,pin-pred-xgb_rl,15,0.071
sim,10,pin-pred-xgb_rl,16,0.009
sim,10,pin-pred-xgb_rt,42,0.029
sim,10,pin-pred-xgb_rt,43,0.141
sim,10,pin-pred-xgb_rt,44,0.726
sim,10,pin-pred-xgb_rt,45,0.091
sim,10,pin-pred-xgb_rt,46,0.012
sim,10,pin-pred-xgb_rt,47,0.001
sim,10,pos-abs_pinned_rh,17,0.003
sim,10,pos-abs_pinned_rh,18,0.714
sim,10,pos-abs_pinned_rh,19,0.269
sim,10,pos-abs_pinned_rh,20,0.014
sim,10,pos-abs_pinned_rl,21,0.108
sim,10,pos-abs_pinned_rl,22,0.302
sim,10,pos-abs_pinned_rl,23,0.359
sim,10,pos-abs_pinned_rl,24,0.198
sim,10,pos-abs_pinned_rl,25,0.032
sim,10,pos-abs_pinned_rl,26,0.001
sim,10,pos-abs_pinned_rt,46,0.002
sim,10,pos-abs_pinned_rt,47,0.03
sim,10,pos-abs_pinned_rt,48,0.076
sim,10,pos-abs_pinned_rt,49,0.168
sim,10,pos-abs_pinned_rt,50,0.22
sim,10,pos-abs_pinned_rt,51,0.197
sim,10,pos-abs_pinned_rt,52,0.166
sim,10,pos-abs_pinned_rt,53,0.078
sim,10,pos-abs_pinned_rt,54,0.049
sim,10,pos-abs_pinned_rt,55,0.011
sim,10,pos-abs_pinned_rt,56,0.003
sim,10,pos-abs_rh,18,0.001
sim,10,pos-abs_rh,19,0.022
sim,10,pos-abs_rh,20,0.977
sim,10,pos-abs_rl,22,0.001
sim,10,pos-abs_rl,23,0.024
sim,10,pos-abs_rl,24,0.124
sim,10,pos-abs_rl,25,0.338
sim,10,pos-abs_rl,26,0.379
sim,10,pos-abs_rl,27,0.121
sim,10,pos-abs_rl,28,0.013
sim,10,pos-abs_rt,48,0.001
sim,10,pos-abs_rt,49,0.001
sim,10,pos-abs_rt,50,0.007
sim,10,pos-abs_rt,51,0.023
sim,10,pos-abs_rt,52,0.036
sim,10,pos-abs_rt,53,0.061
sim,10,pos-abs_rt,54,0.137
sim,10,pos-abs_rt,55,0.207
sim,10,pos-abs_rt,56,0.243
sim,10,pos-abs_rt,57,0.174
sim,10,pos-abs_rt,58,0.088
sim,10,pos-abs_rt,59,0.022
sim,10,pos-rel_pinned_rh,16,0.002
sim,10,pos-rel_pinned_rh,17,0.978
sim,10,pos-rel_pinned_rh,18,0.019
sim,10,pos-rel_pinned_rh,19,0.001
sim,10,pos-rel_pinned_rl,21,0.102
sim,10,pos-rel_pinned_rl,22,0.256
sim,10,pos-rel_pinned_rl,23,0.365
sim,10,pos-rel_pinned_rl,24,0.231
sim,10,pos-rel_pinned_rl,25,0.044
sim,10,pos-rel_pinned_rl,26,0.002
sim,10,pos-rel_pinned_rt,44,0.011
sim,10,pos-rel_pinned_rt,45,0.107
sim,10,pos-rel_pinned_rt,46,0.267
sim,10,pos-rel_pinned_rt,47,0.258
sim,10,pos-rel_pinned_rt,48,0.196
sim,10,pos-rel_pinned_rt,49,0.098
sim,10,pos-rel_pinned_rt,50,0.051
sim,10,pos-rel_pinned_rt,51,0.008
sim,10,pos-rel_pinned_rt,52,0.003
sim,10,pos-rel_pinned_rt,53,0.001
sim,10,pos-rel_rh,17,0.018
sim,10,pos-rel_rh,18,0.265
sim,10,pos-rel_rh,19,0.708
sim,10,pos-rel_rh,20,0.009
sim,10,pos-rel_rl,23,0.009
sim,10,pos-rel_rl,24,0.027
sim,10,pos-rel_rl,25,0.157
sim,10,pos-rel_rl,26,0.349
sim,10,pos-rel_rl,27,0.356
sim,10,pos-rel_rl,28,0.097
sim,10,pos-rel_rl,29,0.005
sim,10,pos-rel_rt,46,0.006
sim,10,pos-rel_rt,47,0.022
sim,10,pos-rel_rt,48,0.042
sim,10,pos-rel_rt,49,0.056
sim,10,pos-rel_rt,50,0.119
sim,10,pos-rel_rt,51,0.122
sim,10,pos-rel_rt,52,0.167
sim,10,pos-rel_rt,53,0.188
sim,10,pos-rel_rt,54,0.134
sim,10,pos-rel_rt,55,0.09
sim,10,pos-rel_rt,56,0.041
sim,10,pos-rel_rt,57,0.012
sim,10,pos-rel_rt,58,0.001
sim,10,pred-nb_pinned_rh,3,0.852
sim,10,pred-nb_pinned_rh,4,0.148
sim,10,pred-nb_pinned_rl,3,0.148
sim,10,pred-nb_pinned_rl,4,0.852
sim,10,pred-nb_pinned_rt,46,0.001
sim,10,pred-nb_pinned_rt,47,0.006
sim,10,pred-nb_pinned_rt,48,0.016
sim,10,pred-nb_pinned_rt,49,0.059
sim,10,pred-nb_pinned_rt,50,0.116
sim,10,pred-nb_pinned_rt,51,0.154
sim,10,pred-nb_pinned_rt,52,0.19
sim,10,pred-nb_pinned_rt,53,0.164
sim,10,pred-nb_pinned_rt,54,0.148
sim,10,pred-nb_pinned_rt,55,0.087
sim,10,pred-nb_pinned_rt,56,0.047
sim,10,pred-nb_pinned_rt,57,0.009
sim,10,pred-nb_pinned_rt,58,0.003
sim,10,pred-nb_rh,1,0.842
sim,10,pred-nb_rh,2,0.158
sim,10,pred-nb_rl,1,0.158
sim,10,pred-nb_rl,2,0.842
sim,10,pred-nb_rt,44,0.001
sim,10,pred-nb_rt,45,0.018
sim,10,pred-nb_rt,46,0.153
sim,10,pred-nb_rt,47,0.144
sim,10,pred-nb_rt,48,0.16
sim,10,pred-nb_rt,49,0.167
sim,10,pred-nb_rt,50,0.102
sim,10,pred-nb_rt,51,0.101
sim,10,pred-nb_rt,52,0.072
sim,10,pred-nb_rt,53,0.046
sim,10,pred-nb_rt,54,0.024
sim,10,pred-nb_rt,55,0.007
sim,10,pred-nb_rt,56,0.004
sim,10,pred-nb_rt,57,0.001
sim,10,pred-xgb_pinned_rh,5,0.543
sim,10,pred-xgb_pinned_rh,6,0.321
sim,10,pred-xgb_pinned_rh,7,0.114
sim,10,pred-xgb_pinned_rh,8,0.013
sim,10,pred-xgb_pinned_rh,9,0.007
sim,10,pred-xgb_pinned_rh,10,0.002
sim,10,pred-xgb_pinned_rl,6,0.148
sim,10,pred-xgb_pinned_rl,7,0.395
sim,10,pred-xgb_pinned_rl,8,0.374
sim,10,pred-xgb_pinned_rl,9,0.044
sim,10,pred-xgb_pinned_rl,10,0.025
sim,10,pred-xgb_pinned_rl,11,0.01
sim,10,pred-xgb_pinned_rl,12,0.004
sim,10,pred-xgb_pinned_rt,53,0.007
sim,10,pred-xgb_pinned_rt,54,0.02
sim,10,pred-xgb_pinned_rt,55,0.061
sim,10,pred-xgb_pinned_rt,56,0.127
sim,10,pred-xgb_pinned_rt,57,0.245
sim,10,pred-xgb_pinned_rt,58,0.485
sim,10,pred-xgb_pinned_rt,59,0.053
sim,10,pred-xgb_pinned_rt,60,0.002
sim,10,pred-xgb_rh,5,0.411
sim,10,pred-xgb_rh,6,0.385
sim,10,pred-xgb_rh,7,0.164
sim,10,pred-xgb_rh,8,0.019
sim,10,pred-xgb_rh,9,0.014
sim,10,pred-xgb_rh,10,0.006
sim,10,pred-xgb_rh,11,0.001
sim,10,pred-xgb_rl,6,0.089
sim,10,pred-xgb_rl,7,0.275
sim,10,pred-xgb_rl,8,0.501
sim,10,pred-xgb_rl,9,0.075
sim,10,pred-xgb_rl,10,0.019
sim,10,pred-xgb_rl,11,0.03
sim,10,pred-xgb_rl,12,0.008
sim,10,pred-xgb_rl,13,0.003
sim,10,pred-xgb_rt,55,0.006
sim,10,pred-xgb_rt,56,0.016
sim,10,pred-xgb_rt,57,0.018
sim,10,pred-xgb_rt,58,0.154
sim,10,pred-xgb_rt,59,0.729
sim,10,pred-xgb_rt,60,0.076
sim,10,pred-xgb_rt,61,0.001
sim,10,random_pinned_rh,21,0.007
sim,10,random_pinned_rh,22,0.01
sim,10,random_pinned_rh,23,0.061
sim,10,random_pinned_rh,24,0.071
sim,10,random_pinned_rh,25,0.295
sim,10,random_pinned_rh,26,0.107
sim,10,random_pinned_rh,27,0.379
sim,10,random_pinned_rh,28,0.068
sim,10,random_pinned_rh,29,0.002
sim,10,random_pinned_rl,42,0.307
sim,10,random_pinned_rl,43,0.571
sim,10,random_pinned_rl,44,0.116
sim,10,random_pinned_rl,45,0.005
sim,10,random_pinned_rl,46,0.001
sim,10,random_pinned_rt,42,0.001
sim,10,random_pinned_rt,43,0.001
sim,10,random_pinned_rt,44,0.018
sim,10,random_pinned_rt,45,0.116
sim,10,random_pinned_rt,46,0.235
sim,10,random_pinned_rt,47,0.208
sim,10,random_pinned_rt,48,0.172
sim,10,random_pinned_rt,49,0.108
sim,10,random_pinned_rt,50,0.064
sim,10,random_pinned_rt,51,0.038
sim,10,random_pinned_rt,52,0.016
sim,10,random_pinned_rt,53,0.016
sim,10,random_pinned_rt,54,0.006
sim,10,random_pinned_rt,55,0.001
sim,10,random_rh,30,0.002
sim,10,random_rh,31,0.025
sim,10,random_rh,32,0.479
sim,10,random_rh,33,0.484
sim,10,random_rh,34,0.01
sim,10,random_rl,63,0.975
sim,10,random_rl,64,0.025
sim,10,random_rt,45,0.002
sim,10,random_rt,46,0.005
sim,10,random_rt,47,0.011
sim,10,random_rt,48,0.023
sim,10,random_rt,49,0.037
sim,10,random_rt,50,0.042
sim,10,random_rt,51,0.06
sim,10,random_rt,52,0.073
sim,10,random_rt,53,0.102
sim,10,random_rt,54,0.138
sim,10,random_rt,55,0.17
sim,10,random_rt,56,0.136
sim,10,random_rt,57,0.114
sim,10,random_rt,58,0.064
sim,10,random_rt,59,0.022
sim,10,random_rt,60,0.001
sim,10,rev-chron_pinned_rh,21,0.78
sim,10,rev-chron_pinned_rh,22,0.046
sim,10,rev-chron_pinned_rh,23,0.131
sim,10,rev-chron_pinned_rh,24,0.025
sim,10,rev-chron_pinned_rh,25,0.014
sim,10,rev-chron_pinned_rh,26,0.004
sim,10,rev-chron_pinned_rl,48,0.002
sim,10,rev-chron_pinned_rl,49,0.005
sim,10,rev-chron_pinned_rl,50,0.008
sim,10,rev-chron_pinned_rl,51,0.019
sim,10,rev-chron_pinned_rl,52,0.021
sim,10,rev-chron_pinned_rl,53,0.051
sim,10,rev-chron_pinned_rl,54,0.072
sim,10,rev-chron_pinned_rl,55,0.115
sim,10,rev-chron_pinned_rl,56,0.189
sim,10,rev-chron_pinned_rl,57,0.26
sim,10,rev-chron_pinned_rl,58,0.157
sim,10,rev-chron_pinned_rl,59,0.095
sim,10,rev-chron_pinned_rl,60,0.006
sim,10,rev-chron_pinned_rt,40,0.092
sim,10,rev-chron_pinned_rt,41,0.908
sim,10,rev-chron_rh,28,0.002
sim,10,rev-chron_rh,29,0.028
sim,10,rev-chron_rh,30,0.18
sim,10,rev-chron_rh,31,0.738
sim,10,rev-chron_rh,32,0.047
sim,10,rev-chron_rh,33,0.005
sim,10,rev-chron_rl,66,1.0
sim,10,rev-chron_rt,36,0.002
sim,10,rev-chron_rt,37,0.023
sim,10,rev-chron_rt,38,0.971
sim,10,rev-chron_rt,39,0.004
smog,10,chron_pinned_rh,37,0.001
smog,10,chron_pinned_rh,38,0.005
smog,10,chron_pinned_rh,39,0.037
smog,10,chron_pinned_rh,40,0.195
smog,10,chron_pinned_rh,41,0.181
smog,10,chron_pinned_rh,42,0.252
smog,10,chron_pinned_rh,43,0.207
smog,10,chron_pinned_rh,44,0.106
smog,10,chron_pinned_rh,45,0.015
smog,10,chron_pinned_rh,46,0.001
smog,10,chron_pinned_rl,46,0.003
smog,10,chron_pinned_rl,47,0.005
smog,10,chron_pinned_rl,48,0.021
smog,10,chron_pinned_rl,49,0.076
smog,10,chron_pinned_rl,50,0.285
smog,10,chron_pinned_rl,51,0.136
smog,10,chron_pinned_rl,52,0.187
smog,10,chron_pinned_rl,53,0.11
smog,10,chron_pinned_rl,54,0.113
smog,10,chron_pinned_rl,55,0.046
smog,10,chron_pinned_rl,56,0.018
smog,10,chron_pinned_rt,57,0.731
smog,10,chron_pinned_rt,58,0.199
smog,10,chron_pinned_rt,59,0.07
smog,10,chron_rh,59,0.018
smog,10,chron_rh,60,0.381
smog,10,chron_rh,61,0.421
smog,10,chron_rh,62,0.168
smog,10,chron_rh,63,0.012
smog,10,chron_rl,64,1.0
smog,10,chron_rt,65,0.994
smog,10,chron_rt,66,0.006
smog,10,least-neg-abs_pinned_rh,29,0.001
smog,10,least-neg-abs_pinned_rh,30,0.006
smog,10,least-neg-abs_pinned_rh,31,0.106
smog,10,least-neg-abs_pinned_rh,32,0.865
smog,10,least-neg-abs_pinned_rh,33,0.021
smog,10,least-neg-abs_pinned_rh,34,0.001
smog,10,least-neg-abs_pinned_rl,33,0.154
smog,10,least-neg-abs_pinned_rl,34,0.199
smog,10,least-neg-abs_pinned_rl,35,0.208
smog,10,least-neg-abs_pinned_rl,36,0.222
smog,10,least-neg-abs_pinned_rl,37,0.178
smog,10,least-neg-abs_pinned_rl,38,0.034
smog,10,least-neg-abs_pinned_rl,39,0.005
smog,10,least-neg-abs_pinned_rt,59,0.001
smog,10,least-neg-abs_pinned_rt,60,0.525
smog,10,least-neg-abs_pinned_rt,61,0.345
smog,10,least-neg-abs_pinned_rt,62,0.126
smog,10,least-neg-abs_pinned_rt,63,0.003
smog,10,least-neg-abs_rh,38,0.003
smog,10,least-neg-abs_rh,39,0.019
smog,10,least-neg-abs_rh,40,0.073
smog,10,least-neg-abs_rh,41,0.206
smog,10,least-neg-abs_rh,42,0.253
smog,10,least-neg-abs_rh,43,0.257
smog,10,least-neg-abs_rh,44,0.162
smog,10,least-neg-abs_rh,45,0.019
smog,10,least-neg-abs_rh,46,0.006
smog,10,least-neg-abs_rh,48,0.002
smog,10,least-neg-abs_rl,48,0.001
smog,10,least-neg-abs_rl,49,0.009
smog,10,least-neg-abs_rl,50,0.048
smog,10,least-neg-abs_rl,51,0.125
smog,10,least-neg-abs_rl,52,0.142
smog,10,least-neg-abs_rl,53,0.176
smog,10,least-neg-abs_rl,54,0.232
smog,10,least-neg-abs_rl,55,0.157
smog,10,least-neg-abs_rl,56,0.11
smog,10,least-neg-abs_rt,65,0.006
smog,10,least-neg-abs_rt,66,0.994
smog,10,neg-abs_pinned_rh,19,0.003
smog,10,neg-abs_pinned_rh,20,0.009
smog,10,neg-abs_pinned_rh,21,0.029
smog,10,neg-abs_pinned_rh,22,0.039
smog,10,neg-abs_pinned_rh,23,0.257
smog,10,neg-abs_pinned_rh,24,0.317
smog,10,neg-abs_pinned_rh,25,0.345
smog,10,neg-abs_pinned_rh,26,0.001
smog,10,neg-abs_pinned_rl,26,0.133
smog,10,neg-abs_pinned_rl,27,0.811
smog,10,neg-abs_pinned_rl,28,0.053
smog,10,neg-abs_pinned_rl,29,0.003
smog,10,neg-abs_pinned_rt,50,0.006
smog,10,neg-abs_pinned_rt,51,0.013
smog,10,neg-abs_pinned_rt,52,0.028
smog,10,neg-abs_pinned_rt,53,0.059
smog,10,neg-abs_pinned_rt,54,0.09
smog,10,neg-abs_pinned_rt,55,0.217
smog,10,neg-abs_pinned_rt,56,0.587
smog,10,neg-abs_rh,26,0.001
smog,10,neg-abs_rh,27,0.008
smog,10,neg-abs_rh,28,0.418
smog,10,neg-abs_rh,29,0.338
smog,10,neg-abs_rh,30,0.159
smog,10,neg-abs_rh,31,0.075
smog,10,neg-abs_rh,32,0.001
smog,10,neg-abs_rl,33,0.112
smog,10,neg-abs_rl,34,0.195
smog,10,neg-abs_rl,35,0.213
smog,10,neg-abs_rl,36,0.217
smog,10,neg-abs_rl,37,0.198
smog,10,neg-abs_rl,38,0.054
smog,10,neg-abs_rl,39,0.011
smog,10,neg-abs_rt,57,0.081
smog,10,neg-abs_rt,58,0.278
smog,10,neg-abs_rt,59,0.626
smog,10,neg-abs_rt,60,0.015
smog,10,pin-pred-lr_pinned_rh,9,0.001
smog,10,pin-pred-lr_pinned_rh,11,0.002
smog,10,pin-pred-lr_pinned_rh,12,0.002
smog,10,pin-pred-lr_pinned_rh,13,0.139
smog,10,pin-pred-lr_pinned_rh,14,0.037
smog,10,pin-pred-lr_pinned_rh,15,0.621
smog,10,pin-pred-lr_pinned_rh,16,0.198
smog,10,pin-pred-lr_pinned_rl,10,0.001
smog,10,pin-pred-lr_pinned_rl,11,0.002
smog,10,pin-pred-lr_pinned_rl,12,0.003
smog,10,pin-pred-lr_pinned_rl,13,0.039
smog,10,pin-pred-lr_pinned_rl,14,0.129
smog,10,pin-pred-lr_pinned_rl,15,0.196
smog,10,pin-pred-lr_pinned_rl,16,0.63
smog,10,pin-pred-lr_pinned_rt,35,0.001
smog,10,pin-pred-lr_pinned_rt,36,0.019
smog,10,pin-pred-lr_pinned_rt,37,0.071
smog,10,pin-pred-lr_pinned_rt,38,0.698
smog,10,pin-pred-lr_pinned_rt,39,0.158
smog,10,pin-pred-lr_pinned_rt,40,0.039
smog,10,pin-pred-lr_pinned_rt,41,0.009
smog,10,pin-pred-lr_pinned_rt,42,0.003
smog,10,pin-pred-lr_pinned_rt,43,0.002
smog,10,pin-pred-lr_rh,9,0.004
smog,10,pin-pred-lr_rh,11,0.004
smog,10,pin-pred-lr_rh,12,0.005
smog,10,pin-pred-lr_rh,13,0.808
smog,10,pin-pred-lr_rh,14,0.014
smog,10,pin-pred-lr_rh,15,0.165
smog,10,pin-pred-lr_rl,9,0.004
smog,10,pin-pred-lr_rl,11,0.004
smog,10,pin-pred-lr_rl,12,0.005
smog,10,pin-pred-lr_rl,13,0.808
smog,10,pin-pred-lr_rl,14,0.014
smog,10,pin-pred-lr_rl,15,0.165
smog,10,pin-pred-lr_rt,33,0.02
smog,10,pin-pred-lr_rt,34,0.158
smog,10,pin-pred-lr_rt,35,0.21
smog,10,pin-pred-lr_rt,36,0.281
smog,10,pin-pred-lr_rt,37,0.316
smog,10,pin-pred-lr_rt,38,0.012
smog,10,pin-pred-lr_rt,39,0.003
smog,10,pin-pred-xgb_pinned_rh,7,0.012
smog,10,pin-pred-xgb_pinned_rh,8,0.977
smog,10,pin-pred-xgb_pinned_rh,9,0.005
smog,10,pin-pred-xgb_pinned_rh,10,0.005
smog,10,pin-pred-xgb_pinned_rh,12,0.001
smog,10,pin-pred-xgb_pinned_rl,5,0.011
smog,10,pin-pred-xgb_pinned_rl,6,0.308
smog,10,pin-pred-xgb_pinned_rl,7,0.681
smog,10,pin-pred-xgb_pinned_rt,32,0.001
smog,10,pin-pred-xgb_pinned_rt,33,0.016
smog,10,pin-pred-xgb_pinned_rt,34,0.245
smog,10,pin-pred-xgb_pinned_rt,35,0.288
smog,10,pin-pred-xgb_pinned_rt,36,0.239
smog,10,pin-pred-xgb_pinned_rt,37,0.207
smog,10,pin-pred-xgb_pinned_rt,38,0.004
smog,10,pin-pred-xgb_rh,6,0.681
smog,10,pin-pred-xgb_rh,7,0.306
smog,10,pin-pred-xgb_rh,8,0.012
smog,10,pin-pred-xgb_rh,9,0.001
smog,10,pin-pred-xgb_rl,5,0.989
smog,10,pin-pred-xgb_rl,6,0.011
smog,10,pin-pred-xgb_rt,32,0.021
smog,10,pin-pred-xgb_rt,33,0.677
smog,10,pin-pred-xgb_rt,34,0.202
smog,10,pin-pred-xgb_rt,35,0.078
smog,10,pin-pred-xgb_rt,36,0.021
smog,10,pin-pred-xgb_rt,37,0.001
smog,10,pos-abs_pinned_rh,17,0.986
smog,10,pos-abs_pinned_rh,18,0.014
smog,10,pos-abs_pinned_rl,19,0.096
smog,10,pos-abs_pinned_rl,20,0.46
smog,10,pos-abs_pinned_rl,21,0.432
smog,10,pos-abs_pinned_rl,22,0.012
smog,10,pos-abs_pinned_rt,40,0.001
smog,10,pos-abs_pinned_rt,42,0.005
smog,10,pos-abs_pinned_rt,43,0.013
smog,10,pos-abs_pinned_rt,44,0.062
smog,10,pos-abs_pinned_rt,45,0.284
smog,10,pos-abs_pinned_rt,46,0.302
smog,10,pos-abs_pinned_rt,47,0.204
smog,10,pos-abs_pinned_rt,48,0.105
smog,10,pos-abs_pinned_rt,49,0.018
smog,10,pos-abs_pinned_rt,50,0.003
smog,10,pos-abs_pinned_rt,51,0.003
smog,10,pos-abs_rh,18,0.011
smog,10,pos-abs_rh,19,0.89
smog,10,pos-abs_rh,20,0.088
smog,10,pos-abs_rh,21,0.011
smog,10,pos-abs_rl,22,0.01
smog,10,pos-abs_rl,23,0.653
smog,10,pos-abs_rl,24,0.337
smog,10,pos-abs_rt,47,0.003
smog,10,pos-abs_rt,48,0.016
smog,10,pos-abs_rt,49,0.087
smog,10,pos-abs_rt,50,0.22
smog,10,pos-abs_rt,51,0.25
smog,10,pos-abs_rt,52,0.174
smog,10,pos-abs_rt,53,0.162
smog,10,pos-abs_rt,54,0.065
smog,10,pos-abs_rt,55,0.019
smog,10,pos-abs_rt,56,0.004
smog,10,pos-rel_pinned_rh,17,0.014
smog,10,pos-rel_pinned_rh,18,0.975
smog,10,pos-rel_pinned_rh,19,0.011
smog,10,pos-rel_pinned_rl,20,0.008
smog,10,pos-rel_pinned_rl,21,0.141
smog,10,pos-rel_pinned_rl,22,0.781
smog,10,pos-rel_pinned_rl,23,0.07
smog,10,pos-rel_pinned_rt,42,0.001
smog,10,pos-rel_pinned_rt,44,0.006
smog,10,pos-rel_pinned_rt,45,0.048
smog,10,pos-rel_pinned_rt,46,0.185
smog,10,pos-rel_pinned_rt,47,0.281
smog,10,pos-rel_pinned_rt,48,0.285
smog,10,pos-rel_pinned_rt,49,0.154
smog,10,pos-rel_pinned_rt,50,0.029
smog,10,pos-rel_pinned_rt,51,0.01
smog,10,pos-rel_pinned_rt,52,0.001
smog,10,pos-rel_rh,20,0.435
smog,10,pos-rel_rh,21,0.387
smog,10,pos-rel_rh,22,0.158
smog,10,pos-rel_rh,23,0.02
smog,10,pos-rel_rl,24,0.345
smog,10,pos-rel_rl,25,0.651
smog,10,pos-rel_rl,26,0.004
smog,10,pos-rel_rt,49,0.007
smog,10,pos-rel_rt,50,0.057
smog,10,pos-rel_rt,51,0.166
smog,10,pos-rel_rt,52,0.217
smog,10,pos-rel_rt,53,0.178
smog,10,pos-rel_rt,54,0.212
smog,10,pos-rel_rt,55,0.105
smog,10,pos-rel_rt,56,0.058
smog,10,pred-nb_pinned_rh,3,0.127
smog,10,pred-nb_pinned_rh,4,0.873
smog,10,pred-nb_pinned_rl,3,0.873
smog,10,pred-nb_pinned_rl,4,0.127
smog,10,pred-nb_pinned_rt,27,0.003
smog,10,pred-nb_pinned_rt,28,0.06
smog,10,pred-nb_pinned_rt,29,0.12
smog,10,pred-nb_pinned_rt,30,0.245
smog,10,pred-nb_pinned_rt,31,0.469
smog,10,pred-nb_pinned_rt,32,0.103
smog,10,pred-nb_rh,1,0.119
smog,10,pred-nb_rh,2,0.881
smog,10,pred-nb_rl,1,0.881
smog,10,pred-nb_rl,2,0.119
smog,10,pred-nb_rt,24,0.001
smog,10,pred-nb_rt,25,0.004
smog,10,pred-nb_rt,26,0.858
smog,10,pred-nb_rt,27,0.124
smog,10,pred-nb_rt,28,0.012
smog,10,pred-nb_rt,29,0.001
smog,10,pred-xgb_pinned_rh,8,0.001
smog,10,pred-xgb_pinned_rh,9,0.099
smog,10,pred-xgb_pinned_rh,10,0.201
smog,10,pred-xgb_pinned_rh,11,0.243
smog,10,pred-xgb_pinned_rh,12,0.447
smog,10,pred-xgb_pinned_rh,13,0.002
smog,10,pred-xgb_pinned_rh,14,0.005
smog,10,pred-xgb_pinned_rh,15,0.001
smog,10,pred-xgb_pinned_rh,16,0.001
smog,10,pred-xgb_pinned_rl,7,0.001
smog,10,pred-xgb_pinned_rl,8,0.001
smog,10,pred-xgb_pinned_rl,9,0.258
smog,10,pred-xgb_pinned_rl,10,0.187
smog,10,pred-xgb_pinned_rl,11,0.369
smog,10,pred-xgb_pinned_rl,12,0.177
smog,10,pred-xgb_pinned_rl,13,0.003
smog,10,pred-xgb_pinned_rl,14,0.004
smog,10,pred-xgb_pinned_rt,35,0.002
smog,10,pred-xgb_pinned_rt,36,0.001
smog,10,pred-xgb_pinned_rt,37,0.024
smog,10,pred-xgb_pinned_rt,38,0.129
smog,10,pred-xgb_pinned_rt,39,0.594
smog,10,pred-xgb_pinned_rt,40,0.143
smog,10,pred-xgb_pinned_rt,41,0.07
smog,10,pred-xgb_pinned_rt,42,0.028
smog,10,pred-xgb_pinned_rt,43,0.008
smog,10,pred-xgb_pinned_rt,44,0.001
smog,10,pred-xgb_rh,8,0.001
smog,10,pred-xgb_rh,9,0.181
smog,10,pred-xgb_rh,10,0.367
smog,10,pred-xgb_rh,11,0.178
smog,10,pred-xgb_rh,12,0.264
smog,10,pred-xgb_rh,13,0.003
smog,10,pred-xgb_rh,14,0.002
smog,10,pred-xgb_rh,16,0.004
smog,10,pred-xgb_rl,8,0.008
smog,10,pred-xgb_rl,9,0.451
smog,10,pred-xgb_rl,10,0.235
smog,10,pred-xgb_rl,11,0.202
smog,10,pred-xgb_rl,12,0.097
smog,10,pred-xgb_rl,13,0.001
smog,10,pred-xgb_rl,14,0.001
smog,10,pred-xgb_rl,15,0.004
smog,10,pred-xgb_rl,16,0.001
smog,10,pred-xgb_rt,39,0.003
smog,10,pred-xgb_rt,40,0.174
smog,10,pred-xgb_rt,41,0.232
smog,10,pred-xgb_rt,42,0.199
smog,10,pred-xgb_rt,43,0.178
smog,10,pred-xgb_rt,44,0.169
smog,10,pred-xgb_rt,45,0.03
smog,10,pred-xgb_rt,46,0.01
smog,10,pred-xgb_rt,47,0.005
smog,10,random_pinned_rh,27,0.005
smog,10,random_pinned_rh,28,0.056
smog,10,random_pinned_rh,29,0.157
smog,10,random_pinned_rh,30,0.465
smog,10,random_pinned_rh,31,0.308
smog,10,random_pinned_rh,32,0.009
smog,10,random_pinned_rl,39,0.006
smog,10,random_pinned_rl,40,0.032
smog,10,random_pinned_rl,41,0.073
smog,10,random_pinned_rl,42,0.127
smog,10,random_pinned_rl,43,0.255
smog,10,random_pinned_rl,44,0.373
smog,10,random_pinned_rl,45,0.082
smog,10,random_pinned_rl,46,0.035
smog,10,random_pinned_rl,47,0.015
smog,10,random_pinned_rl,48,0.002
smog,10,random_pinned_rt,49,0.001
smog,10,random_pinned_rt,50,0.033
smog,10,random_pinned_rt,51,0.052
smog,10,random_pinned_rt,52,0.059
smog,10,random_pinned_rt,53,0.124
smog,10,random_pinned_rt,54,0.166
smog,10,random_pinned_rt,55,0.377
smog,10,random_pinned_rt,56,0.188
smog,10,random_rh,41,0.001
smog,10,random_rh,42,0.003
smog,10,random_rh,43,0.015
smog,10,random_rh,44,0.054
smog,10,random_rh,45,0.251
smog,10,random_rh,46,0.154
smog,10,random_rh,47,0.148
smog,10,random_rh,48,0.227
smog,10,random_rh,49,0.112
smog,10,random_rh,50,0.02
smog,10,random_rh,51,0.014
smog,10,random_rh,52,0.001
smog,10,random_rl,60,0.073
smog,10,random_rl,61,0.225
smog,10,random_rl,62,0.657
smog,10,random_rl,63,0.045
smog,10,random_rt,57,0.188
smog,10,random_rt,58,0.523
smog,10,random_rt,59,0.285
smog,10,random_rt,60,0.004
smog,10,rev-chron_pinned_rh,26,0.003
smog,10,rev-chron_pinned_rh,27,0.049
smog,10,rev-chron_pinned_rh,28,0.401
smog,10,rev-chron_pinned_rh,29,0.38
smog,10,rev-chron_pinned_rh,30,0.125
smog,10,rev-chron_pinned_rh,31,0.042
smog,10,rev-chron_pinned_rl,44,0.004
smog,10,rev-chron_pinned_rl,45,0.046
smog,10,rev-chron_pinned_rl,46,0.071
smog,10,rev-chron_pinned_rl,47,0.111
smog,10,rev-chron_pinned_rl,48,0.144
smog,10,rev-chron_pinned_rl,49,0.437
smog,10,rev-chron_pinned_rl,50,0.103
smog,10,rev-chron_pinned_rl,51,0.058
smog,10,rev-chron_pinned_rl,52,0.018
smog,10,rev-chron_pinned_rl,53,0.008
smog,10,rev-chron_pinned_rt,42,0.001
smog,10,rev-chron_pinned_rt,43,0.009
smog,10,rev-chron_pinned_rt,44,0.05
smog,10,rev-chron_pinned_rt,45,0.224
smog,10,rev-chron_pinned_rt,46,0.23
smog,10,rev-chron_pinned_rt,47,0.225
smog,10,rev-chron_pinned_rt,48,0.182
smog,10,rev-chron_pinned_rt,49,0.063
smog,10,rev-chron_pinned_rt,50,0.009
smog,10,rev-chron_pinned_rt,51,0.004
smog,10,rev-chron_pinned_rt,52,0.003
smog,10,rev-chron_rh,37,0.004
smog,10,rev-chron_rh,38,0.061
smog,10,rev-chron_rh,39,0.164
smog,10,rev-chron_rh,40,0.343
smog,10,rev-chron_rh,41,0.228
smog,10,rev-chron_rh,42,0.128
smog,10,rev-chron_rh,43,0.056
smog,10,rev-chron_rh,44,0.013
smog,10,rev-chron_rh,45,0.001
smog,10,rev-chron_rh,46,0.002
smog,10,rev-chron_rl,60,0.002
smog,10,rev-chron_rl,61,0.009
smog,10,rev-chron_rl,62,0.049
smog,10,rev-chron_rl,63,0.94
smog,10,rev-chron_rt,46,0.001
smog,10,rev-chron_rt,47,0.003
smog,10,rev-chron_rt,48,0.015
smog,10,rev-chron_rt,49,0.036
smog,10,rev-chron_rt,50,0.187
smog,10,rev-chron_rt,51,0.169
smog,10,rev-chron_rt,52,0.17
smog,10,rev-chron_rt,53,0.183
smog,10,rev-chron_rt,54,0.122
smog,10,rev-chron_rt,55,0.079
smog,10,rev-chron_rt,56,0.035
lexdiv,N,chron_pinned_rh,36,0.037
lexdiv,N,chron_pinned_rh,37,0.041
lexdiv,N,chron_pinned_rh,38,0.512
lexdiv,N,chron_pinned_rh,39,0.41
lexdiv,N,chron_pinned_rl,62,0.254
lexdiv,N,chron_pinned_rl,63,0.745
lexdiv,N,chron_pinned_rl,64,0.001
lexdiv,N,chron_pinned_rt,60,0.015
lexdiv,N,chron_pinned_rt,61,0.857
lexdiv,N,chron_pinned_rt,62,0.128
lexdiv,N,chron_rh,40,0.943
lexdiv,N,chron_rh,41,0.051
lexdiv,N,chron_rh,42,0.006
lexdiv,N,chron_rl,63,0.003
lexdiv,N,chron_rl,64,0.542
lexdiv,N,chron_rl,65,0.34
lexdiv,N,chron_rl,66,0.115
lexdiv,N,chron_rt,64,0.17
lexdiv,N,chron_rt,65,0.494
lexdiv,N,chron_rt,66,0.336
lexdiv,N,least-neg-abs_pinned_rh,34,0.006
lexdiv,N,least-neg-abs_pinned_rh,35,0.517
lexdiv,N,least-neg-abs_pinned_rh,36,0.041
lexdiv,N,least-neg-abs_pinned_rh,37,0.436
lexdiv,N,least-neg-abs_pinned_rl,61,0.128
lexdiv,N,least-neg-abs_pinned_rl,62,0.618
lexdiv,N,least-neg-abs_pinned_rl,63,0.251
lexdiv,N,least-neg-abs_pinned_rl,64,0.003
lexdiv,N,least-neg-abs_pinned_rt,58,0.001
lexdiv,N,least-neg-abs_pinned_rt,59,0.999
lexdiv,N,least-neg-abs_rh,36,0.054
lexdiv,N,least-neg-abs_rh,37,0.028
lexdiv,N,least-neg-abs_rh,38,0.398
lexdiv,N,least-neg-abs_rh,39,0.52
lexdiv,N,least-neg-abs_rl,63,0.001
lexdiv,N,least-neg-abs_rl,64,0.284
lexdiv,N,least-neg-abs_rl,65,0.166
lexdiv,N,least-neg-abs_rl,66,0.549
lexdiv,N,least-neg-abs_rt,60,0.985
lexdiv,N,least-neg-abs_rt,61,0.015
lexdiv,N,neg-abs_pinned_rh,23,0.105
lexdiv,N,neg-abs_pinned_rh,24,0.308
lexdiv,N,neg-abs_pinned_rh,25,0.495
lexdiv,N,neg-abs_pinned_rh,26,0.038
lexdiv,N,neg-abs_pinned_rh,27,0.054
lexdiv,N,neg-abs_pinned_rl,27,0.005
lexdiv,N,neg-abs_pinned_rl,28,0.052
lexdiv,N,neg-abs_pinned_rl,29,0.104
lexdiv,N,neg-abs_pinned_rl,30,0.721
lexdiv,N,neg-abs_pinned_rl,31,0.088
lexdiv,N,neg-abs_pinned_rl,32,0.03
lexdiv,N,neg-abs_pinned_rt,48,0.007
lexdiv,N,neg-abs_pinned_rt,49,0.1
lexdiv,N,neg-abs_pinned_rt,50,0.697
lexdiv,N,neg-abs_pinned_rt,51,0.187
lexdiv,N,neg-abs_pinned_rt,52,0.008
lexdiv,N,neg-abs_pinned_rt,53,0.001
lexdiv,N,neg-abs_rh,25,0.016
lexdiv,N,neg-abs_rh,26,0.744
lexdiv,N,neg-abs_rh,27,0.064
lexdiv,N,neg-abs_rh,28,0.176
lexdiv,N,neg-abs_rl,29,0.001
lexdiv,N,neg-abs_rl,30,0.004
lexdiv,N,neg-abs_rl,31,0.282
lexdiv,N,neg-abs_rl,32,0.314
lexdiv,N,neg-abs_rl,33,0.394
lexdiv,N,neg-abs_rl,34,0.003
lexdiv,N,neg-abs_rl,35,0.002
lexdiv,N,neg-abs_rt,51,0.016
lexdiv,N,neg-abs_rt,52,0.394
lexdiv,N,neg-abs_rt,53,0.45
lexdiv,N,neg-abs_rt,54,0.14
lexdiv,N,pin-pred-lr_pinned_rh,15,0.007
lexdiv,N,pin-pred-lr_pinned_rh,16,0.034
lexdiv,N,pin-pred-lr_pinned_rh,17,0.826
lexdiv,N,pin-pred-lr_pinned_rh,18,0.133
lexdiv,N,pin-pred-lr_pinned_rl,3,0.059
lexdiv,N,pin-pred-lr_pinned_rl,4,0.033
lexdiv,N,pin-pred-lr_pinned_rl,5,0.567
lexdiv,N,pin-pred-lr_pinned_rl,6,0.154
lexdiv,N,pin-pred-lr_pinned_rl,7,0.169
lexdiv,N,pin-pred-lr_pinned_rl,8,0.018
lexdiv,N,pin-pred-lr_pinned_rt,32,0.001
lexdiv,N,pin-pred-lr_pinned_rt,33,0.001
lexdiv,N,pin-pred-lr_pinned_rt,34,0.039
lexdiv,N,pin-pred-lr_pinned_rt,35,0.243
lexdiv,N,pin-pred-lr_pinned_rt,36,0.219
lexdiv,N,pin-pred-lr_pinned_rt,37,0.396
lexdiv,N,pin-pred-lr_pinned_rt,38,0.037
lexdiv,N,pin-pred-lr_pinned_rt,39,0.064
lexdiv,N,pin-pred-lr_rh,15,0.002
lexdiv,N,pin-pred-lr_rh,16,0.011
lexdiv,N,pin-pred-lr_rh,17,0.163
lexdiv,N,pin-pred-lr_rh,18,0.824
lexdiv,N,pin-pred-lr_rl,3,0.004
lexdiv,N,pin-pred-lr_rl,4,0.056
lexdiv,N,pin-pred-lr_rl,5,0.071
lexdiv,N,pin-pred-lr_rl,6,0.566
lexdiv,N,pin-pred-lr_rl,7,0.138
lexdiv,N,pin-pred-lr_rl,8,0.165
lexdiv,N,pin-pred-lr_rt,31,0.001
lexdiv,N,pin-pred-lr_rt,32,0.001
lexdiv,N,pin-pred-lr_rt,33,0.01
lexdiv,N,pin-pred-lr_rt,34,0.251
lexdiv,N,pin-pred-lr_rt,35,0.196
lexdiv,N,pin-pred-lr_rt,36,0.385
lexdiv,N,pin-pred-lr_rt,37,0.097
lexdiv,N,pin-pred-lr_rt,38,0.053
lexdiv,N,pin-pred-lr_rt,39,0.006
lexdiv,N,pin-pred-xgb_pinned_rh,11,0.608
lexdiv,N,pin-pred-xgb_pinned_rh,12,0.392
lexdiv,N,pin-pred-xgb_pinned_rl,1,0.591
lexdiv,N,pin-pred-xgb_pinned_rl,2,0.409
lexdiv,N,pin-pred-xgb_pinned_rt,19,0.025
lexdiv,N,pin-pred-xgb_pinned_rt,20,0.959
lexdiv,N,pin-pred-xgb_pinned_rt,21,0.01
lexdiv,N,pin-pred-xgb_pinned_rt,22,0.006
lexdiv,N,pin-pred-xgb_rh,11,0.392
lexdiv,N,pin-pred-xgb_rh,12,0.608
lexdiv,N,pin-pred-xgb_rl,1,0.409
lexdiv,N,pin-pred-xgb_rl,2,0.591
lexdiv,N,pin-pred-xgb_rt,19,0.963
lexdiv,N,pin-pred-xgb_rt,20,0.034
lexdiv,N,pin-pred-xgb_rt,21,0.003
lexdiv,N,pos-abs_pinned_rh,19,0.012
lexdiv,N,pos-abs_pinned_rh,20,0.004
lexdiv,N,pos-abs_pinned_rh,21,0.984
lexdiv,N,pos-abs_pinned_rl,13,0.645
lexdiv,N,pos-abs_pinned_rl,14,0.076
lexdiv,N,pos-abs_pinned_rl,15,0.27
lexdiv,N,pos-abs_pinned_rl,16,0.002
lexdiv,N,pos-abs_pinned_rl,17,0.007
lexdiv,N,pos-abs_pinned_rt,46,0.007
lexdiv,N,pos-abs_pinned_rt,47,0.051
lexdiv,N,pos-abs_pinned_rt,48,0.933
lexdiv,N,pos-abs_pinned_rt,49,0.009
lexdiv,N,pos-abs_rh,20,0.003
lexdiv,N,pos-abs_rh,21,0.003
lexdiv,N,pos-abs_rh,22,0.993
lexdiv,N,pos-abs_rh,23,0.001
lexdiv,N,pos-abs_rl,14,0.406
lexdiv,N,pos-abs_rl,15,0.088
lexdiv,N,pos-abs_rl,16,0.459
lexdiv,N,pos-abs_rl,17,0.004
lexdiv,N,pos-abs_rl,18,0.043
lexdiv,N,pos-abs_rt,47,0.001
lexdiv,N,pos-abs_rt,48,0.007
lexdiv,N,pos-abs_rt,49,0.869
lexdiv,N,pos-abs_rt,50,0.109
lexdiv,N,pos-abs_rt,51,0.014
lexdiv,N,pos-rel_pinned_rh,23,0.839
lexdiv,N,pos-rel_pinned_rh,24,0.123
lexdiv,N,pos-rel_pinned_rh,25,0.032
lexdiv,N,pos-rel_pinned_rh,26,0.006
lexdiv,N,pos-rel_pinned_rl,40,0.057
lexdiv,N,pos-rel_pinned_rl,41,0.943
lexdiv,N,pos-rel_pinned_rt,50,0.016
lexdiv,N,pos-rel_pinned_rt,51,0.059
lexdiv,N,pos-rel_pinned_rt,52,0.516
lexdiv,N,pos-rel_pinned_rt,53,0.409
lexdiv,N,pos-rel_rh,24,0.495
lexdiv,N,pos-rel_rh,25,0.41
lexdiv,N,pos-rel_rh,26,0.061
lexdiv,N,pos-rel_rh,27,0.034
lexdiv,N,pos-rel_rl,41,0.006
lexdiv,N,pos-rel_rl,42,0.994
lexdiv,N,pos-rel_rt,52,0.005
lexdiv,N,pos-rel_rt,53,0.136
lexdiv,N,pos-rel_rt,54,0.859
lexdiv,N,pred-nb_pinned_rh,10,1.0
lexdiv,N,pred-nb_pinned_rl,4,0.904
lexdiv,N,pred-nb_pinned_rl,5,0.008
lexdiv,N,pred-nb_pinned_rl,6,0.086
lexdiv,N,pred-nb_pinned_rl,7,0.002
lexdiv,N,pred-nb_pinned_rt,24,0.034
lexdiv,N,pred-nb_pinned_rt,25,0.015
lexdiv,N,pred-nb_pinned_rt,26,0.039
lexdiv,N,pred-nb_pinned_rt,27,0.088
lexdiv,N,pred-nb_pinned_rt,28,0.467
lexdiv,N,pred-nb_pinned_rt,29,0.266
lexdiv,N,pred-nb_pinned_rt,30,0.071
lexdiv,N,pred-nb_pinned_rt,31,0.013
lexdiv,N,pred-nb_pinned_rt,32,0.004
lexdiv,N,pred-nb_pinned_rt,33,0.003
lexdiv,N,pred-nb_rh,9,1.0
lexdiv,N,pred-nb_rl,3,0.937
lexdiv,N,pred-nb_rl,4,0.005
lexdiv,N,pred-nb_rl,5,0.058
lexdiv,N,pred-nb_rt,22,0.001
lexdiv,N,pred-nb_rt,23,0.055
lexdiv,N,pred-nb_rt,24,0.04
lexdiv,N,pred-nb_rt,25,0.032
lexdiv,N,pred-nb_rt,26,0.112
lexdiv,N,pred-nb_rt,27,0.503
lexdiv,N,pred-nb_rt,28,0.199
lexdiv,N,pred-nb_rt,29,0.049
lexdiv,N,pred-nb_rt,30,0.006
lexdiv,N,pred-nb_rt,31,0.002
lexdiv,N,pred-nb_rt,32,0.001
lexdiv,N,pred-xgb_pinned_rh,13,0.355
lexdiv,N,pred-xgb_pinned_rh,14,0.239
lexdiv,N,pred-xgb_pinned_rh,15,0.406
lexdiv,N,pred-xgb_pinned_rl,4,0.002
lexdiv,N,pred-xgb_pinned_rl,5,0.296
lexdiv,N,pred-xgb_pinned_rl,6,0.013
lexdiv,N,pred-xgb_pinned_rl,7,0.689
lexdiv,N,pred-xgb_pinned_rt,43,0.992
lexdiv,N,pred-xgb_pinned_rt,44,0.008
lexdiv,N,pred-xgb_rh,14,0.279
lexdiv,N,pred-xgb_rh,15,0.227
lexdiv,N,pred-xgb_rh,16,0.494
lexdiv,N,pred-xgb_rl,6,0.181
lexdiv,N,pred-xgb_rl,7,0.002
lexdiv,N,pred-xgb_rl,8,0.817
lexdiv,N,pred-xgb_rt,44,0.955
lexdiv,N,pred-xgb_rt,45,0.045
lexdiv,N,random_pinned_rh,29,0.001
lexdiv,N,random_pinned_rh,30,0.003
lexdiv,N,random_pinned_rh,31,0.038
lexdiv,N,random_pinned_rh,32,0.361
lexdiv,N,random_pinned_rh,33,0.585
lexdiv,N,random_pinned_rh,34,0.007
lexdiv,N,random_pinned_rh,35,0.005
lexdiv,N,random_pinned_rl,56,0.962
lexdiv,N,random_pinned_rl,57,0.038
lexdiv,N,random_pinned_rt,55,1.0
lexdiv,N,random_rh,33,0.003
lexdiv,N,random_rh,34,0.694
lexdiv,N,random_rh,35,0.037
lexdiv,N,random_rh,36,0.264
lexdiv,N,random_rh,37,0.002
lexdiv,N,random_rl,58,0.999
lexdiv,N,random_rl,59,0.001
lexdiv,N,random_rt,56,0.038
lexdiv,N,random_rt,57,0.962
lexdiv,N,rev-chron_pinned_rh,27,0.252
lexdiv,N,rev-chron_pinned_rh,28,0.096
lexdiv,N,rev-chron_pinned_rh,29,0.572
lexdiv,N,rev-chron_pinned_rh,30,0.079
lexdiv,N,rev-chron_pinned_rh,31,0.001
lexdiv,N,rev-chron_pinned_rl,46,0.902
lexdiv,N,rev-chron_pinned_rl,47,0.096
lexdiv,N,rev-chron_pinned_rl,48,0.002
lexdiv,N,rev-chron_pinned_rt,43,0.008
lexdiv,N,rev-chron_pinned_rt,44,0.037
lexdiv,N,rev-chron_pinned_rt,45,0.955
lexdiv,N,rev-chron_rh,28,0.01
lexdiv,N,rev-chron_rh,29,0.007
lexdiv,N,rev-chron_rh,30,0.116
lexdiv,N,rev-chron_rh,31,0.575
lexdiv,N,rev-chron_rh,32,0.288
lexdiv,N,rev-chron_rh,33,0.004
lexdiv,N,rev-chron_rl,48,0.002
lexdiv,N,rev-chron_rl,49,0.014
lexdiv,N,rev-chron_rl,50,0.178
lexdiv,N,rev-chron_rl,51,0.724
lexdiv,N,rev-chron_rl,52,0.077
lexdiv,N,rev-chron_rl,53,0.004
lexdiv,N,rev-chron_rl,54,0.001
lexdiv,N,rev-chron_rt,46,0.091
lexdiv,N,rev-chron_rt,47,0.852
lexdiv,N,rev-chron_rt,48,0.049
lexdiv,N,rev-chron_rt,49,0.008
sentcomp,N,chron_pinned_rh,15,0.001
sentcomp,N,chron_pinned_rh,16,0.007
sentcomp,N,chron_pinned_rh,17,0.051
sentcomp,N,chron_pinned_rh,18,0.079
sentcomp,N,chron_pinned_rh,19,0.153
sentcomp,N,chron_pinned_rh,20,0.175
sentcomp,N,chron_pinned_rh,21,0.478
sentcomp,N,chron_pinned_rh,22,0.018
sentcomp,N,chron_pinned_rh,23,0.032
sentcomp,N,chron_pinned_rh,24,0.004
sentcomp,N,chron_pinned_rh,25,0.002
sentcomp,N,chron_pinned_rl,4,0.112
sentcomp,N,chron_pinned_rl,5,0.887
sentcomp,N,chron_pinned_rl,7,0.001
sentcomp,N,chron_pinned_rt,6,0.025
sentcomp,N,chron_pinned_rt,7,0.118
sentcomp,N,chron_pinned_rt,8,0.107
sentcomp,N,chron_pinned_rt,9,0.204
sentcomp,N,chron_pinned_rt,10,0.133
sentcomp,N,chron_pinned_rt,11,0.408
sentcomp,N,chron_pinned_rt,12,0.005
sentcomp,N,chron_rh,14,0.002
sentcomp,N,chron_rh,15,0.005
sentcomp,N,chron_rh,16,0.048
sentcomp,N,chron_rh,17,0.084
sentcomp,N,chron_rh,18,0.162
sentcomp,N,chron_rh,19,0.139
sentcomp,N,chron_rh,20,0.441
sentcomp,N,chron_rh,21,0.073
sentcomp,N,chron_rh,22,0.032
sentcomp,N,chron_rh,23,0.013
sentcomp,N,chron_rh,24,0.001
sentcomp,N,chron_rl,4,0.887
sentcomp,N,chron_rl,5,0.113
sentcomp,N,chron_rt,6,0.173
sentcomp,N,chron_rt,7,0.087
sentcomp,N,chron_rt,8,0.22
sentcomp,N,chron_rt,9,0.088
sentcomp,N,chron_rt,10,0.335
sentcomp,N,chron_rt,11,0.096
sentcomp,N,chron_rt,13,0.001
sentcomp,N,least-neg-abs_pinned_rh,11,0.001
sentcomp,N,least-neg-abs_pinned_rh,13,0.04
sentcomp,N,least-neg-abs_pinned_rh,14,0.148
sentcomp,N,least-neg-abs_pinned_rh,15,0.221
sentcomp,N,least-neg-abs_pinned_rh,16,0.2
sentcomp,N,least-neg-abs_pinned_rh,17,0.15
sentcomp,N,least-neg-abs_pinned_rh,18,0.094
sentcomp,N,least-neg-abs_pinned_rh,19,0.142
sentcomp,N,least-neg-abs_pinned_rh,20,0.003
sentcomp,N,least-neg-abs_pinned_rh,21,0.001
sentcomp,N,least-neg-abs_pinned_rl,1,0.005
sentcomp,N,least-neg-abs_pinned_rl,2,0.349
sentcomp,N,least-neg-abs_pinned_rl,3,0.646
sentcomp,N,least-neg-abs_pinned_rt,40,0.001
sentcomp,N,least-neg-abs_pinned_rt,42,0.001
sentcomp,N,least-neg-abs_pinned_rt,44,0.002
sentcomp,N,least-neg-abs_pinned_rt,45,0.001
sentcomp,N,least-neg-abs_pinned_rt,46,0.004
sentcomp,N,least-neg-abs_pinned_rt,47,0.004
sentcomp,N,least-neg-abs_pinned_rt,48,0.062
sentcomp,N,least-neg-abs_pinned_rt,49,0.007
sentcomp,N,least-neg-abs_pinned_rt,50,0.104
sentcomp,N,least-neg-abs_pinned_rt,51,0.02
sentcomp,N,least-neg-abs_pinned_rt,52,0.415
sentcomp,N,least-neg-abs_pinned_rt,53,0.043
sentcomp,N,least-neg-abs_pinned_rt,54,0.083
sentcomp,N,least-neg-abs_pinned_rt,55,0.03
sentcomp,N,least-neg-abs_pinned_rt,56,0.214
sentcomp,N,least-neg-abs_pinned_rt,57,0.003
sentcomp,N,least-neg-abs_pinned_rt,58,0.006
sentcomp,N,least-neg-abs_rh,10,0.001
sentcomp,N,least-neg-abs_rh,12,0.08
sentcomp,N,least-neg-abs_rh,13,0.21
sentcomp,N,least-neg-abs_rh,14,0.251
sentcomp,N,least-neg-abs_rh,15,0.168
sentcomp,N,least-neg-abs_rh,16,0.125
sentcomp,N,least-neg-abs_rh,17,0.078
sentcomp,N,least-neg-abs_rh,18,0.087
sentcomp,N,least-neg-abs_rl,1,0.501
sentcomp,N,least-neg-abs_rl,2,0.49
sentcomp,N,least-neg-abs_rl,3,0.009
sentcomp,N,least-neg-abs_rt,1,0.494
sentcomp,N,least-neg-abs_rt,2,0.161
sentcomp,N,least-neg-abs_rt,3,0.345
sentcomp,N,neg-abs_pinned_rh,36,0.001
sentcomp,N,neg-abs_pinned_rh,37,0.002
sentcomp,N,neg-abs_pinned_rh,38,0.025
sentcomp,N,neg-abs_pinned_rh,39,0.02
sentcomp,N,neg-abs_pinned_rh,40,0.163
sentcomp,N,neg-abs_pinned_rh,41,0.065
sentcomp,N,neg-abs_pinned_rh,42,0.37
sentcomp,N,neg-abs_pinned_rh,43,0.103
sentcomp,N,neg-abs_pinned_rh,44,0.194
sentcomp,N,neg-abs_pinned_rh,45,0.019
sentcomp,N,neg-abs_pinned_rh,46,0.038
sentcomp,N,neg-abs_pinned_rl,59,0.002
sentcomp,N,neg-abs_pinned_rl,60,0.056
sentcomp,N,neg-abs_pinned_rl,61,0.856
sentcomp,N,neg-abs_pinned_rl,62,0.036
sentcomp,N,neg-abs_pinned_rl,63,0.05
sentcomp,N,neg-abs_pinned_rt,49,0.001
sentcomp,N,neg-abs_pinned_rt,51,0.001
sentcomp,N,neg-abs_pinned_rt,52,0.001
sentcomp,N,neg-abs_pinned_rt,53,0.04
sentcomp,N,neg-abs_pinned_rt,54,0.008
sentcomp,N,neg-abs_pinned_rt,55,0.046
sentcomp,N,neg-abs_pinned_rt,56,0.022
sentcomp,N,neg-abs_pinned_rt,57,0.417
sentcomp,N,neg-abs_pinned_rt,58,0.084
sentcomp,N,neg-abs_pinned_rt,59,0.379
sentcomp,N,neg-abs_pinned_rt,60,0.001
sentcomp,N,neg-abs_rh,41,0.02
sentcomp,N,neg-abs_rh,42,0.005
sentcomp,N,neg-abs_rh,43,0.197
sentcomp,N,neg-abs_rh,44,0.084
sentcomp,N,neg-abs_rh,45,0.508
sentcomp,N,neg-abs_rh,46,0.026
sentcomp,N,neg-abs_rh,47,0.146
sentcomp,N,neg-abs_rh,48,0.003
sentcomp,N,neg-abs_rh,49,0.011
sentcomp,N,neg-abs_rl,61,0.008
sentcomp,N,neg-abs_rl,62,0.771
sentcomp,N,neg-abs_rl,63,0.099
sentcomp,N,neg-abs_rl,64,0.122
sentcomp,N,neg-abs_rt,56,0.002
sentcomp,N,neg-abs_rt,57,0.002
sentcomp,N,neg-abs_rt,58,0.043
sentcomp,N,neg-abs_rt,59,0.029
sentcomp,N,neg-abs_rt,60,0.867
sentcomp,N,neg-abs_rt,61,0.049
sentcomp,N,neg-abs_rt,62,0.008
sentcomp,N,pin-pred-lr_pinned_rh,22,0.004
sentcomp,N,pin-pred-lr_pinned_rh,23,0.021
sentcomp,N,pin-pred-lr_pinned_rh,24,0.078
sentcomp,N,pin-pred-lr_pinned_rh,25,0.19
sentcomp,N,pin-pred-lr_pinned_rh,26,0.143
sentcomp,N,pin-pred-lr_pinned_rh,27,0.193
sentcomp,N,pin-pred-lr_pinned_rh,28,0.117
sentcomp,N,pin-pred-lr_pinned_rh,29,0.155
sentcomp,N,pin-pred-lr_pinned_rh,30,0.045
sentcomp,N,pin-pred-lr_pinned_rh,31,0.052
sentcomp,N,pin-pred-lr_pinned_rh,33,0.002
sentcomp,N,pin-pred-lr_pinned_rl,35,0.001
sentcomp,N,pin-pred-lr_pinned_rl,36,0.007
sentcomp,N,pin-pred-lr_pinned_rl,37,0.046
sentcomp,N,pin-pred-lr_pinned_rl,38,0.074
sentcomp,N,pin-pred-lr_pinned_rl,39,0.383
sentcomp,N,pin-pred-lr_pinned_rl,40,0.111
sentcomp,N,pin-pred-lr_pinned_rl,41,0.247
sentcomp,N,pin-pred-lr_pinned_rl,42,0.056
sentcomp,N,pin-pred-lr_pinned_rl,43,0.029
sentcomp,N,pin-pred-lr_pinned_rl,44,0.023
sentcomp,N,pin-pred-lr_pinned_rl,45,0.016
sentcomp,N,pin-pred-lr_pinned_rl,46,0.003
sentcomp,N,pin-pred-lr_pinned_rl,47,0.004
sentcomp,N,pin-pred-lr_pinned_rt,12,0.001
sentcomp,N,pin-pred-lr_pinned_rt,13,0.014
sentcomp,N,pin-pred-lr_pinned_rt,14,0.041
sentcomp,N,pin-pred-lr_pinned_rt,15,0.06
sentcomp,N,pin-pred-lr_pinned_rt,16,0.098
sentcomp,N,pin-pred-lr_pinned_rt,17,0.12
sentcomp,N,pin-pred-lr_pinned_rt,18,0.188
sentcomp,N,pin-pred-lr_pinned_rt,19,0.173
sentcomp,N,pin-pred-lr_pinned_rt,20,0.088
sentcomp,N,pin-pred-lr_pinned_rt,21,0.182
sentcomp,N,pin-pred-lr_pinned_rt,22,0.013
sentcomp,N,pin-pred-lr_pinned_rt,23,0.008
sentcomp,N,pin-pred-lr_pinned_rt,24,0.006
sentcomp,N,pin-pred-lr_pinned_rt,25,0.002
sentcomp,N,pin-pred-lr_pinned_rt,26,0.002
sentcomp,N,pin-pred-lr_pinned_rt,27,0.003
sentcomp,N,pin-pred-lr_pinned_rt,29,0.001
sentcomp,N,pin-pred-lr_rh,21,0.001
sentcomp,N,pin-pred-lr_rh,22,0.02
sentcomp,N,pin-pred-lr_rh,23,0.075
sentcomp,N,pin-pred-lr_rh,24,0.191
sentcomp,N,pin-pred-lr_rh,25,0.133
sentcomp,N,pin-pred-lr_rh,26,0.204
sentcomp,N,pin-pred-lr_rh,27,0.109
sentcomp,N,pin-pred-lr_rh,28,0.152
sentcomp,N,pin-pred-lr_rh,29,0.048
sentcomp,N,pin-pred-lr_rh,30,0.051
sentcomp,N,pin-pred-lr_rh,31,0.014
sentcomp,N,pin-pred-lr_rh,32,0.002
sentcomp,N,pin-pred-lr_rl,34,0.001
sentcomp,N,pin-pred-lr_rl,36,0.042
sentcomp,N,pin-pred-lr_rl,37,0.027
sentcomp,N,pin-pred-lr_rl,38,0.381
sentcomp,N,pin-pred-lr_rl,39,0.138
sentcomp,N,pin-pred-lr_rl,40,0.245
sentcomp,N,pin-pred-lr_rl,41,0.083
sentcomp,N,pin-pred-lr_rl,42,0.03
sentcomp,N,pin-pred-lr_rl,43,0.029
sentcomp,N,pin-pred-lr_rl,44,0.017
sentcomp,N,pin-pred-lr_rl,45,0.004
sentcomp,N,pin-pred-lr_rl,46,0.003
sentcomp,N,pin-pred-lr_rt,12,0.016
sentcomp,N,pin-pred-lr_rt,13,0.044
sentcomp,N,pin-pred-lr_rt,14,0.079
sentcomp,N,pin-pred-lr_rt,15,0.111
sentcomp,N,pin-pred-lr_rt,16,0.124
sentcomp,N,pin-pred-lr_rt,17,0.174
sentcomp,N,pin-pred-lr_rt,18,0.17
sentcomp,N,pin-pred-lr_rt,19,0.092
sentcomp,N,pin-pred-lr_rt,20,0.146
sentcomp,N,pin-pred-lr_rt,21,0.027
sentcomp,N,pin-pred-lr_rt,22,0.008
sentcomp,N,pin-pred-lr_rt,23,0.003
sentcomp,N,pin-pred-lr_rt,24,0.003
sentcomp,N,pin-pred-lr_rt,25,0.002
sentcomp,N,pin-pred-lr_rt,28,0.001
sentcomp,N,pin-pred-xgb_pinned_rh,37,0.001
sentcomp,N,pin-pred-xgb_pinned_rh,38,0.002
sentcomp,N,pin-pred-xgb_pinned_rh,39,0.02
sentcomp,N,pin-pred-xgb_pinned_rh,40,0.019
sentcomp,N,pin-pred-xgb_pinned_rh,41,0.172
sentcomp,N,pin-pred-xgb_pinned_rh,42,0.156
sentcomp,N,pin-pred-xgb_pinned_rh,43,0.193
sentcomp,N,pin-pred-xgb_pinned_rh,44,0.274
sentcomp,N,pin-pred-xgb_pinned_rh,45,0.108
sentcomp,N,pin-pred-xgb_pinned_rh,46,0.047
sentcomp,N,pin-pred-xgb_pinned_rh,47,0.007
sentcomp,N,pin-pred-xgb_pinned_rh,48,0.001
sentcomp,N,pin-pred-xgb_pinned_rl,64,0.001
sentcomp,N,pin-pred-xgb_pinned_rl,65,0.012
sentcomp,N,pin-pred-xgb_pinned_rl,66,0.987
sentcomp,N,pin-pred-xgb_pinned_rt,53,0.001
sentcomp,N,pin-pred-xgb_pinned_rt,54,0.015
sentcomp,N,pin-pred-xgb_pinned_rt,55,0.006
sentcomp,N,pin-pred-xgb_pinned_rt,56,0.025
sentcomp,N,pin-pred-xgb_pinned_rt,57,0.028
sentcomp,N,pin-pred-xgb_pinned_rt,58,0.361
sentcomp,N,pin-pred-xgb_pinned_rt,59,0.494
sentcomp,N,pin-pred-xgb_pinned_rt,60,0.068
sentcomp,N,pin-pred-xgb_pinned_rt,61,0.002
sentcomp,N,pin-pred-xgb_rh,36,0.001
sentcomp,N,pin-pred-xgb_rh,37,0.003
sentcomp,N,pin-pred-xgb_rh,38,0.032
sentcomp,N,pin-pred-xgb_rh,39,0.012
sentcomp,N,pin-pred-xgb_rh,40,0.2
sentcomp,N,pin-pred-xgb_rh,41,0.148
sentcomp,N,pin-pred-xgb_rh,42,0.231
sentcomp,N,pin-pred-xgb_rh,43,0.228
sentcomp,N,pin-pred-xgb_rh,44,0.1
sentcomp,N,pin-pred-xgb_rh,45,0.039
sentcomp,N,pin-pred-xgb_rh,46,0.005
sentcomp,N,pin-pred-xgb_rh,47,0.001
sentcomp,N,pin-pred-xgb_rl,63,0.001
sentcomp,N,pin-pred-xgb_rl,65,0.987
sentcomp,N,pin-pred-xgb_rl,66,0.012
sentcomp,N,pin-pred-xgb_rt,52,0.003
sentcomp,N,pin-pred-xgb_rt,53,0.021
sentcomp,N,pin-pred-xgb_rt,54,0.011
sentcomp,N,pin-pred-xgb_rt,55,0.03
sentcomp,N,pin-pred-xgb_rt,56,0.034
sentcomp,N,pin-pred-xgb_rt,57,0.414
sentcomp,N,pin-pred-xgb_rt,58,0.437
sentcomp,N,pin-pred-xgb_rt,59,0.049
sentcomp,N,pin-pred-xgb_rt,60,0.001
sentcomp,N,pos-abs_pinned_rh,32,0.019
sentcomp,N,pos-abs_pinned_rh,33,0.02
sentcomp,N,pos-abs_pinned_rh,34,0.586
sentcomp,N,pos-abs_pinned_rh,35,0.092
sentcomp,N,pos-abs_pinned_rh,36,0.227
sentcomp,N,pos-abs_pinned_rh,37,0.033
sentcomp,N,pos-abs_pinned_rh,38,0.02
sentcomp,N,pos-abs_pinned_rh,39,0.002
sentcomp,N,pos-abs_pinned_rh,40,0.001
sentcomp,N,pos-abs_pinned_rl,31,0.002
sentcomp,N,pos-abs_pinned_rl,32,0.006
sentcomp,N,pos-abs_pinned_rl,33,0.011
sentcomp,N,pos-abs_pinned_rl,34,0.257
sentcomp,N,pos-abs_pinned_rl,35,0.069
sentcomp,N,pos-abs_pinned_rl,36,0.445
sentcomp,N,pos-abs_pinned_rl,37,0.053
sentcomp,N,pos-abs_pinned_rl,38,0.118
sentcomp,N,pos-abs_pinned_rl,39,0.01
sentcomp,N,pos-abs_pinned_rl,40,0.021
sentcomp,N,pos-abs_pinned_rl,41,0.005
sentcomp,N,pos-abs_pinned_rl,42,0.001
sentcomp,N,pos-abs_pinned_rl,43,0.001
sentcomp,N,pos-abs_pinned_rl,44,0.001
sentcomp,N,pos-abs_pinned_rt,18,0.002
sentcomp,N,pos-abs_pinned_rt,19,0.003
sentcomp,N,pos-abs_pinned_rt,20,0.015
sentcomp,N,pos-abs_pinned_rt,21,0.018
sentcomp,N,pos-abs_pinned_rt,22,0.129
sentcomp,N,pos-abs_pinned_rt,23,0.157
sentcomp,N,pos-abs_pinned_rt,24,0.079
sentcomp,N,pos-abs_pinned_rt,25,0.087
sentcomp,N,pos-abs_pinned_rt,26,0.064
sentcomp,N,pos-abs_pinned_rt,27,0.079
sentcomp,N,pos-abs_pinned_rt,28,0.047
sentcomp,N,pos-abs_pinned_rt,29,0.042
sentcomp,N,pos-abs_pinned_rt,30,0.061
sentcomp,N,pos-abs_pinned_rt,31,0.082
sentcomp,N,pos-abs_pinned_rt,32,0.056
sentcomp,N,pos-abs_pinned_rt,33,0.069
sentcomp,N,pos-abs_pinned_rt,34,0.004
sentcomp,N,pos-abs_pinned_rt,35,0.005
sentcomp,N,pos-abs_pinned_rt,36,0.001
sentcomp,N,pos-abs_rh,32,0.002
sentcomp,N,pos-abs_rh,33,0.014
sentcomp,N,pos-abs_rh,34,0.034
sentcomp,N,pos-abs_rh,35,0.533
sentcomp,N,pos-abs_rh,36,0.102
sentcomp,N,pos-abs_rh,37,0.253
sentcomp,N,pos-abs_rh,38,0.025
sentcomp,N,pos-abs_rh,39,0.035
sentcomp,N,pos-abs_rh,41,0.002
sentcomp,N,pos-abs_rl,33,0.004
sentcomp,N,pos-abs_rl,34,0.009
sentcomp,N,pos-abs_rl,35,0.208
sentcomp,N,pos-abs_rl,36,0.051
sentcomp,N,pos-abs_rl,37,0.47
sentcomp,N,pos-abs_rl,38,0.052
sentcomp,N,pos-abs_rl,39,0.147
sentcomp,N,pos-abs_rl,40,0.016
sentcomp,N,pos-abs_rl,41,0.03
sentcomp,N,pos-abs_rl,42,0.007
sentcomp,N,pos-abs_rl,43,0.003
sentcomp,N,pos-abs_rl,44,0.001
sentcomp,N,pos-abs_rl,45,0.001
sentcomp,N,pos-abs_rl,46,0.001
sentcomp,N,pos-abs_rt,19,0.004
sentcomp,N,pos-abs_rt,20,0.015
sentcomp,N,pos-abs_rt,21,0.019
sentcomp,N,pos-abs_rt,22,0.133
sentcomp,N,pos-abs_rt,23,0.157
sentcomp,N,pos-abs_rt,24,0.09
sentcomp,N,pos-abs_rt,25,0.072
sentcomp,N,pos-abs_rt,26,0.091
sentcomp,N,pos-abs_rt,27,0.057
sentcomp,N,pos-abs_rt,28,0.037
sentcomp,N,pos-abs_rt,29,0.038
sentcomp,N,pos-abs_rt,30,0.076
sentcomp,N,pos-abs_rt,31,0.072
sentcomp,N,pos-abs_rt,32,0.081
sentcomp,N,pos-abs_rt,33,0.055
sentcomp,N,pos-abs_rt,34,0.001
sentcomp,N,pos-abs_rt,35,0.001
sentcomp,N,pos-abs_rt,37,0.001
sentcomp,N,pos-rel_pinned_rh,24,0.001
sentcomp,N,pos-rel_pinned_rh,26,0.025
sentcomp,N,pos-rel_pinned_rh,27,0.021
sentcomp,N,pos-rel_pinned_rh,28,0.133
sentcomp,N,pos-rel_pinned_rh,29,0.078
sentcomp,N,pos-rel_pinned_rh,30,0.181
sentcomp,N,pos-rel_pinned_rh,31,0.097
sentcomp,N,pos-rel_pinned_rh,32,0.381
sentcomp,N,pos-rel_pinned_rh,33,0.078
sentcomp,N,pos-rel_pinned_rh,34,0.005
sentcomp,N,pos-rel_pinned_rl,6,0.094
sentcomp,N,pos-rel_pinned_rl,7,0.097
sentcomp,N,pos-rel_pinned_rl,8,0.233
sentcomp,N,pos-rel_pinned_rl,9,0.164
sentcomp,N,pos-rel_pinned_rl,10,0.276
sentcomp,N,pos-rel_pinned_rl,11,0.134
sentcomp,N,pos-rel_pinned_rl,12,0.002
sentcomp,N,pos-rel_pinned_rt,6,0.03
sentcomp,N,pos-rel_pinned_rt,7,0.473
sentcomp,N,pos-rel_pinned_rt,8,0.091
sentcomp,N,pos-rel_pinned_rt,9,0.27
sentcomp,N,pos-rel_pinned_rt,10,0.039
sentcomp,N,pos-rel_pinned_rt,11,0.097
sentcomp,N,pos-rel_rh,24,0.001
sentcomp,N,pos-rel_rh,25,0.001
sentcomp,N,pos-rel_rh,26,0.007
sentcomp,N,pos-rel_rh,27,0.02
sentcomp,N,pos-rel_rh,28,0.052
sentcomp,N,pos-rel_rh,29,0.13
sentcomp,N,pos-rel_rh,30,0.087
sentcomp,N,pos-rel_rh,31,0.182
sentcomp,N,pos-rel_rh,32,0.126
sentcomp,N,pos-rel_rh,33,0.387
sentcomp,N,pos-rel_rh,34,0.003
sentcomp,N,pos-rel_rh,35,0.004
sentcomp,N,pos-rel_rl,6,0.062
sentcomp,N,pos-rel_rl,7,0.128
sentcomp,N,pos-rel_rl,8,0.158
sentcomp,N,pos-rel_rl,9,0.227
sentcomp,N,pos-rel_rl,10,0.162
sentcomp,N,pos-rel_rl,11,0.256
sentcomp,N,pos-rel_rl,12,0.006
sentcomp,N,pos-rel_rl,13,0.001
sentcomp,N,pos-rel_rt,4,0.001
sentcomp,N,pos-rel_rt,6,0.616
sentcomp,N,pos-rel_rt,7,0.096
sentcomp,N,pos-rel_rt,8,0.191
sentcomp,N,pos-rel_rt,9,0.047
sentcomp,N,pos-rel_rt,10,0.047
sentcomp,N,pos-rel_rt,11,0.002
sentcomp,N,pred-nb_pinned_rh,50,0.013
sentcomp,N,pred-nb_pinned_rh,51,0.003
sentcomp,N,pred-nb_pinned_rh,52,0.279
sentcomp,N,pred-nb_pinned_rh,53,0.483
sentcomp,N,pred-nb_pinned_rh,54,0.118
sentcomp,N,pred-nb_pinned_rh,55,0.09
sentcomp,N,pred-nb_pinned_rh,56,0.013
sentcomp,N,pred-nb_pinned_rh,57,0.001
sentcomp,N,pred-nb_pinned_rl,50,0.002
sentcomp,N,pred-nb_pinned_rl,51,0.005
sentcomp,N,pred-nb_pinned_rl,52,0.084
sentcomp,N,pred-nb_pinned_rl,53,0.117
sentcomp,N,pred-nb_pinned_rl,54,0.221
sentcomp,N,pred-nb_pinned_rl,55,0.437
sentcomp,N,pred-nb_pinned_rl,56,0.065
sentcomp,N,pred-nb_pinned_rl,57,0.032
sentcomp,N,pred-nb_pinned_rl,58,0.031
sentcomp,N,pred-nb_pinned_rl,59,0.006
sentcomp,N,pred-nb_pinned_rt,60,0.001
sentcomp,N,pred-nb_pinned_rt,61,0.085
sentcomp,N,pred-nb_pinned_rt,62,0.135
sentcomp,N,pred-nb_pinned_rt,63,0.778
sentcomp,N,pred-nb_pinned_rt,65,0.001
sentcomp,N,pred-nb_rh,51,0.007
sentcomp,N,pred-nb_rh,52,0.002
sentcomp,N,pred-nb_rh,53,0.232
sentcomp,N,pred-nb_rh,54,0.451
sentcomp,N,pred-nb_rh,55,0.154
sentcomp,N,pred-nb_rh,56,0.127
sentcomp,N,pred-nb_rh,57,0.021
sentcomp,N,pred-nb_rh,58,0.004
sentcomp,N,pred-nb_rh,59,0.002
sentcomp,N,pred-nb_rl,51,0.001
sentcomp,N,pred-nb_rl,52,0.001
sentcomp,N,pred-nb_rl,53,0.054
sentcomp,N,pred-nb_rl,54,0.088
sentcomp,N,pred-nb_rl,55,0.2
sentcomp,N,pred-nb_rl,56,0.495
sentcomp,N,pred-nb_rl,57,0.082
sentcomp,N,pred-nb_rl,58,0.034
sentcomp,N,pred-nb_rl,59,0.039
sentcomp,N,pred-nb_rl,60,0.006
sentcomp,N,pred-nb_rt,62,0.05
sentcomp,N,pred-nb_rt,63,0.072
sentcomp,N,pred-nb_rt,64,0.877
sentcomp,N,pred-nb_rt,66,0.001
sentcomp,N,pred-xgb_pinned_rh,46,0.007
sentcomp,N,pred-xgb_pinned_rh,47,0.017
sentcomp,N,pred-xgb_pinned_rh,48,0.155
sentcomp,N,pred-xgb_pinned_rh,49,0.077
sentcomp,N,pred-xgb_pinned_rh,50,0.486
sentcomp,N,pred-xgb_pinned_rh,51,0.226
sentcomp,N,pred-xgb_pinned_rh,52,0.032
sentcomp,N,pred-xgb_pinned_rl,42,0.004
sentcomp,N,pred-xgb_pinned_rl,43,0.004
sentcomp,N,pred-xgb_pinned_rl,44,0.028
sentcomp,N,pred-xgb_pinned_rl,45,0.038
sentcomp,N,pred-xgb_pinned_rl,46,0.272
sentcomp,N,pred-xgb_pinned_rl,47,0.137
sentcomp,N,pred-xgb_pinned_rl,48,0.31
sentcomp,N,pred-xgb_pinned_rl,49,0.16
sentcomp,N,pred-xgb_pinned_rl,50,0.029
sentcomp,N,pred-xgb_pinned_rl,51,0.013
sentcomp,N,pred-xgb_pinned_rl,52,0.005
sentcomp,N,pred-xgb_pinned_rt,37,0.001
sentcomp,N,pred-xgb_pinned_rt,38,0.005
sentcomp,N,pred-xgb_pinned_rt,39,0.002
sentcomp,N,pred-xgb_pinned_rt,40,0.006
sentcomp,N,pred-xgb_pinned_rt,41,0.016
sentcomp,N,pred-xgb_pinned_rt,42,0.022
sentcomp,N,pred-xgb_pinned_rt,43,0.034
sentcomp,N,pred-xgb_pinned_rt,44,0.017
sentcomp,N,pred-xgb_pinned_rt,45,0.038
sentcomp,N,pred-xgb_pinned_rt,46,0.149
sentcomp,N,pred-xgb_pinned_rt,47,0.23
sentcomp,N,pred-xgb_pinned_rt,48,0.101
sentcomp,N,pred-xgb_pinned_rt,49,0.161
sentcomp,N,pred-xgb_pinned_rt,50,0.065
sentcomp,N,pred-xgb_pinned_rt,51,0.121
sentcomp,N,pred-xgb_pinned_rt,52,0.02
sentcomp,N,pred-xgb_pinned_rt,53,0.002
sentcomp,N,pred-xgb_pinned_rt,54,0.002
sentcomp,N,pred-xgb_pinned_rt,55,0.006
sentcomp,N,pred-xgb_pinned_rt,56,0.002
sentcomp,N,pred-xgb_rh,46,0.002
sentcomp,N,pred-xgb_rh,47,0.007
sentcomp,N,pred-xgb_rh,48,0.045
sentcomp,N,pred-xgb_rh,49,0.155
sentcomp,N,pred-xgb_rh,50,0.146
sentcomp,N,pred-xgb_rh,51,0.5
sentcomp,N,pred-xgb_rh,52,0.142
sentcomp,N,pred-xgb_rh,53,0.003
sentcomp,N,pred-xgb_rl,40,0.001
sentcomp,N,pred-xgb_rl,41,0.001
sentcomp,N,pred-xgb_rl,43,0.005
sentcomp,N,pred-xgb_rl,44,0.019
sentcomp,N,pred-xgb_rl,45,0.032
sentcomp,N,pred-xgb_rl,46,0.123
sentcomp,N,pred-xgb_rl,47,0.267
sentcomp,N,pred-xgb_rl,48,0.145
sentcomp,N,pred-xgb_rl,49,0.323
sentcomp,N,pred-xgb_rl,50,0.055
sentcomp,N,pred-xgb_rl,51,0.023
sentcomp,N,pred-xgb_rl,52,0.006
sentcomp,N,pred-xgb_rt,38,0.003
sentcomp,N,pred-xgb_rt,39,0.005
sentcomp,N,pred-xgb_rt,40,0.026
sentcomp,N,pred-xgb_rt,41,0.011
sentcomp,N,pred-xgb_rt,42,0.021
sentcomp,N,pred-xgb_rt,43,0.028
sentcomp,N,pred-xgb_rt,44,0.02
sentcomp,N,pred-xgb_rt,45,0.045
sentcomp,N,pred-xgb_rt,46,0.27
sentcomp,N,pred-xgb_rt,47,0.123
sentcomp,N,pred-xgb_rt,48,0.168
sentcomp,N,pred-xgb_rt,49,0.089
sentcomp,N,pred-xgb_rt,50,0.098
sentcomp,N,pred-xgb_rt,51,0.074
sentcomp,N,pred-xgb_rt,52,0.01
sentcomp,N,pred-xgb_rt,53,0.004
sentcomp,N,pred-xgb_rt,54,0.003
sentcomp,N,pred-xgb_rt,55,0.001
sentcomp,N,pred-xgb_rt,56,0.001
sentcomp,N,random_pinned_rh,19,0.004
sentcomp,N,random_pinned_rh,20,0.019
sentcomp,N,random_pinned_rh,21,0.02
sentcomp,N,random_pinned_rh,22,0.363
sentcomp,N,random_pinned_rh,23,0.13
sentcomp,N,random_pinned_rh,24,0.243
sentcomp,N,random_pinned_rh,25,0.08
sentcomp,N,random_pinned_rh,26,0.084
sentcomp,N,random_pinned_rh,27,0.04
sentcomp,N,random_pinned_rh,28,0.008
sentcomp,N,random_pinned_rh,29,0.008
sentcomp,N,random_pinned_rh,31,0.001
sentcomp,N,random_pinned_rl,10,0.004
sentcomp,N,random_pinned_rl,11,0.005
sentcomp,N,random_pinned_rl,12,0.618
sentcomp,N,random_pinned_rl,13,0.212
sentcomp,N,random_pinned_rl,14,0.08
sentcomp,N,random_pinned_rl,15,0.053
sentcomp,N,random_pinned_rl,16,0.015
sentcomp,N,random_pinned_rl,17,0.008
sentcomp,N,random_pinned_rl,18,0.003
sentcomp,N,random_pinned_rl,19,0.001
sentcomp,N,random_pinned_rl,21,0.001
sentcomp,N,random_pinned_rt,12,0.017
sentcomp,N,random_pinned_rt,13,0.059
sentcomp,N,random_pinned_rt,14,0.107
sentcomp,N,random_pinned_rt,15,0.117
sentcomp,N,random_pinned_rt,16,0.128
sentcomp,N,random_pinned_rt,17,0.173
sentcomp,N,random_pinned_rt,18,0.091
sentcomp,N,random_pinned_rt,19,0.157
sentcomp,N,random_pinned_rt,20,0.032
sentcomp,N,random_pinned_rt,21,0.099
sentcomp,N,random_pinned_rt,22,0.012
sentcomp,N,random_pinned_rt,23,0.007
sentcomp,N,random_pinned_rt,25,0.001
sentcomp,N,random_rh,20,0.006
sentcomp,N,random_rh,21,0.01
sentcomp,N,random_rh,22,0.107
sentcomp,N,random_rh,23,0.235
sentcomp,N,random_rh,24,0.102
sentcomp,N,random_rh,25,0.218
sentcomp,N,random_rh,26,0.078
sentcomp,N,random_rh,27,0.164
sentcomp,N,random_rh,28,0.028
sentcomp,N,random_rh,29,0.041
sentcomp,N,random_rh,30,0.005
sentcomp,N,random_rh,31,0.004
sentcomp,N,random_rh,32,0.001
sentcomp,N,random_rh,33,0.001
sentcomp,N,random_rl,10,0.003
sentcomp,N,random_rl,12,0.227
sentcomp,N,random_rl,13,0.316
sentcomp,N,random_rl,14,0.142
sentcomp,N,random_rl,15,0.137
sentcomp,N,random_rl,16,0.073
sentcomp,N,random_rl,17,0.049
sentcomp,N,random_rl,18,0.026
sentcomp,N,random_rl,19,0.015
sentcomp,N,random_rl,20,0.006
sentcomp,N,random_rl,21,0.006
sentcomp,N,random_rt,11,0.001
sentcomp,N,random_rt,12,0.028
sentcomp,N,random_rt,13,0.103
sentcomp,N,random_rt,14,0.15
sentcomp,N,random_rt,15,0.127
sentcomp,N,random_rt,16,0.182
sentcomp,N,random_rt,17,0.113
sentcomp,N,random_rt,18,0.095
sentcomp,N,random_rt,19,0.116
sentcomp,N,random_rt,20,0.033
sentcomp,N,random_rt,21,0.042
sentcomp,N,random_rt,22,0.006
sentcomp,N,random_rt,23,0.002
sentcomp,N,random_rt,27,0.001
sentcomp,N,random_rt,31,0.001
sentcomp,N,rev-chron_pinned_rh,23,0.005
sentcomp,N,rev-chron_pinned_rh,24,0.017
sentcomp,N,rev-chron_pinned_rh,25,0.028
sentcomp,N,rev-chron_pinned_rh,26,0.107
sentcomp,N,rev-chron_pinned_rh,27,0.101
sentcomp,N,rev-chron_pinned_rh,28,0.146
sentcomp,N,rev-chron_pinned_rh,29,0.163
sentcomp,N,rev-chron_pinned_rh,30,0.217
sentcomp,N,rev-chron_pinned_rh,31,0.144
sentcomp,N,rev-chron_pinned_rh,32,0.048
sentcomp,N,rev-chron_pinned_rh,33,0.024
sentcomp,N,rev-chron_pinned_rl,28,0.001
sentcomp,N,rev-chron_pinned_rl,30,0.001
sentcomp,N,rev-chron_pinned_rl,32,0.003
sentcomp,N,rev-chron_pinned_rl,33,0.002
sentcomp,N,rev-chron_pinned_rl,34,0.062
sentcomp,N,rev-chron_pinned_rl,35,0.027
sentcomp,N,rev-chron_pinned_rl,36,0.088
sentcomp,N,rev-chron_pinned_rl,37,0.037
sentcomp,N,rev-chron_pinned_rl,38,0.2
sentcomp,N,rev-chron_pinned_rl,39,0.059
sentcomp,N,rev-chron_pinned_rl,40,0.152
sentcomp,N,rev-chron_pinned_rl,41,0.059
sentcomp,N,rev-chron_pinned_rl,42,0.053
sentcomp,N,rev-chron_pinned_rl,43,0.088
sentcomp,N,rev-chron_pinned_rl,44,0.109
sentcomp,N,rev-chron_pinned_rl,45,0.014
sentcomp,N,rev-chron_pinned_rl,46,0.034
sentcomp,N,rev-chron_pinned_rl,47,0.004
sentcomp,N,rev-chron_pinned_rl,48,0.005
sentcomp,N,rev-chron_pinned_rl,49,0.001
sentcomp,N,rev-chron_pinned_rl,50,0.001
sentcomp,N,rev-chron_pinned_rt,18,0.001
sentcomp,N,rev-chron_pinned_rt,19,0.001
sentcomp,N,rev-chron_pinned_rt,20,0.012
sentcomp,N,rev-chron_pinned_rt,21,0.008
sentcomp,N,rev-chron_pinned_rt,22,0.054
sentcomp,N,rev-chron_pinned_rt,23,0.088
sentcomp,N,rev-chron_pinned_rt,24,0.081
sentcomp,N,rev-chron_pinned_rt,25,0.081
sentcomp,N,rev-chron_pinned_rt,26,0.065
sentcomp,N,rev-chron_pinned_rt,27,0.044
sentcomp,N,rev-chron_pinned_rt,28,0.066
sentcomp,N,rev-chron_pinned_rt,29,0.082
sentcomp,N,rev-chron_pinned_rt,30,0.054
sentcomp,N,rev-chron_pinned_rt,31,0.073
sentcomp,N,rev-chron_pinned_rt,32,0.123
sentcomp,N,rev-chron_pinned_rt,33,0.135
sentcomp,N,rev-chron_pinned_rt,34,0.011
sentcomp,N,rev-chron_pinned_rt,35,0.011
sentcomp,N,rev-chron_pinned_rt,36,0.004
sentcomp,N,rev-chron_pinned_rt,37,0.004
sentcomp,N,rev-chron_pinned_rt,38,0.001
sentcomp,N,rev-chron_pinned_rt,39,0.001
sentcomp,N,rev-chron_rh,23,0.004
sentcomp,N,rev-chron_rh,24,0.014
sentcomp,N,rev-chron_rh,25,0.036
sentcomp,N,rev-chron_rh,26,0.069
sentcomp,N,rev-chron_rh,27,0.117
sentcomp,N,rev-chron_rh,28,0.141
sentcomp,N,rev-chron_rh,29,0.152
sentcomp,N,rev-chron_rh,30,0.16
sentcomp,N,rev-chron_rh,31,0.212
sentcomp,N,rev-chron_rh,32,0.045
sentcomp,N,rev-chron_rh,33,0.049
sentcomp,N,rev-chron_rh,34,0.001
sentcomp,N,rev-chron_rl,27,0.001
sentcomp,N,rev-chron_rl,31,0.001
sentcomp,N,rev-chron_rl,32,0.001
sentcomp,N,rev-chron_rl,33,0.001
sentcomp,N,rev-chron_rl,34,0.012
sentcomp,N,rev-chron_rl,35,0.042
sentcomp,N,rev-chron_rl,36,0.025
sentcomp,N,rev-chron_rl,37,0.066
sentcomp,N,rev-chron_rl,38,0.061
sentcomp,N,rev-chron_rl,39,0.166
sentcomp,N,rev-chron_rl,40,0.038
sentcomp,N,rev-chron_rl,41,0.141
sentcomp,N,rev-chron_rl,42,0.043
sentcomp,N,rev-chron_rl,43,0.058
sentcomp,N,rev-chron_rl,44,0.111
sentcomp,N,rev-chron_rl,45,0.137
sentcomp,N,rev-chron_rl,46,0.016
sentcomp,N,rev-chron_rl,47,0.053
sentcomp,N,rev-chron_rl,48,0.005
sentcomp,N,rev-chron_rl,49,0.015
sentcomp,N,rev-chron_rl,50,0.001
sentcomp,N,rev-chron_rl,51,0.006
sentcomp,N,rev-chron_rt,18,0.002
sentcomp,N,rev-chron_rt,20,0.009
sentcomp,N,rev-chron_rt,21,0.015
sentcomp,N,rev-chron_rt,22,0.101
sentcomp,N,rev-chron_rt,23,0.063
sentcomp,N,rev-chron_rt,24,0.089
sentcomp,N,rev-chron_rt,25,0.067
sentcomp,N,rev-chron_rt,26,0.061
sentcomp,N,rev-chron_rt,27,0.05
sentcomp,N,rev-chron_rt,28,0.071
sentcomp,N,rev-chron_rt,29,0.062
sentcomp,N,rev-chron_rt,30,0.062
sentcomp,N,rev-chron_rt,31,0.063
sentcomp,N,rev-chron_rt,32,0.106
sentcomp,N,rev-chron_rt,33,0.148
sentcomp,N,rev-chron_rt,34,0.014
sentcomp,N,rev-chron_rt,35,0.007
sentcomp,N,rev-chron_rt,36,0.006
sentcomp,N,rev-chron_rt,37,0.003
sentcomp,N,rev-chron_rt,38,0.001
sim,N,chron_pinned_rh,21,0.007
sim,N,chron_pinned_rh,22,0.02
sim,N,chron_pinned_rh,23,0.027
sim,N,chron_pinned_rh,24,0.057
sim,N,chron_pinned_rh,25,0.084
sim,N,chron_pinned_rh,26,0.103
sim,N,chron_pinned_rh,27,0.1
sim,N,chron_pinned_rh,28,0.17
sim,N,chron_pinned_rh,29,0.432
sim,N,chron_pinned_rl,38,1.0
sim,N,chron_pinned_rt,50,0.002
sim,N,chron_pinned_rt,51,0.149
sim,N,chron_pinned_rt,52,0.199
sim,N,chron_pinned_rt,53,0.212
sim,N,chron_pinned_rt,54,0.337
sim,N,chron_pinned_rt,55,0.101
sim,N,chron_rh,26,0.002
sim,N,chron_rh,27,0.014
sim,N,chron_rh,28,0.016
sim,N,chron_rh,29,0.05
sim,N,chron_rh,30,0.918
sim,N,chron_rl,39,1.0
sim,N,chron_rt,51,0.114
sim,N,chron_rt,52,0.194
sim,N,chron_rt,53,0.155
sim,N,chron_rt,54,0.216
sim,N,chron_rt,55,0.321
sim,N,least-neg-abs_pinned_rh,21,0.118
sim,N,least-neg-abs_pinned_rh,22,0.576
sim,N,least-neg-abs_pinned_rh,23,0.193
sim,N,least-neg-abs_pinned_rh,24,0.077
sim,N,least-neg-abs_pinned_rh,25,0.024
sim,N,least-neg-abs_pinned_rh,26,0.011
sim,N,least-neg-abs_pinned_rh,27,0.001
sim,N,least-neg-abs_pinned_rl,48,0.058
sim,N,least-neg-abs_pinned_rl,49,0.066
sim,N,least-neg-abs_pinned_rl,50,0.871
sim,N,least-neg-abs_pinned_rl,52,0.003
sim,N,least-neg-abs_pinned_rl,54,0.002
sim,N,least-neg-abs_pinned_rt,63,0.002
sim,N,least-neg-abs_pinned_rt,64,0.998
sim,N,least-neg-abs_rh,23,0.118
sim,N,least-neg-abs_rh,24,0.148
sim,N,least-neg-abs_rh,25,0.22
sim,N,least-neg-abs_rh,26,0.183
sim,N,least-neg-abs_rh,27,0.196
sim,N,least-neg-abs_rh,28,0.088
sim,N,least-neg-abs_rh,29,0.04
sim,N,least-neg-abs_rh,30,0.007
sim,N,least-neg-abs_rl,51,0.382
sim,N,least-neg-abs_rl,52,0.035
sim,N,least-neg-abs_rl,53,0.222
sim,N,least-neg-abs_rl,54,0.053
sim,N,least-neg-abs_rl,55,0.308
sim,N,least-neg-abs_rt,37,1.0
sim,N,neg-abs_pinned_rh,21,0.004
sim,N,neg-abs_pinned_rh,22,0.074
sim,N,neg-abs_pinned_rh,23,0.263
sim,N,neg-abs_pinned_rh,24,0.256
sim,N,neg-abs_pinned_rh,25,0.171
sim,N,neg-abs_pinned_rh,26,0.151
sim,N,neg-abs_pinned_rh,27,0.06
sim,N,neg-abs_pinned_rh,28,0.018
sim,N,neg-abs_pinned_rh,29,0.003
sim,N,neg-abs_pinned_rl,35,1.0
sim,N,neg-abs_pinned_rt,59,0.001
sim,N,neg-abs_pinned_rt,60,0.004
sim,N,neg-abs_pinned_rt,61,0.992
sim,N,neg-abs_pinned_rt,62,0.003
sim,N,neg-abs_rh,23,0.001
sim,N,neg-abs_rh,24,0.014
sim,N,neg-abs_rh,25,0.053
sim,N,neg-abs_rh,26,0.089
sim,N,neg-abs_rh,27,0.226
sim,N,neg-abs_rh,28,0.234
sim,N,neg-abs_rh,29,0.323
sim,N,neg-abs_rh,30,0.06
sim,N,neg-abs_rl,36,1.0
sim,N,neg-abs_rt,62,0.534
sim,N,neg-abs_rt,63,0.466
sim,N,pin-pred-lr_pinned_rh,13,0.594
sim,N,pin-pred-lr_pinned_rh,14,0.405
sim,N,pin-pred-lr_pinned_rh,16,0.001
sim,N,pin-pred-lr_pinned_rl,7,0.676
sim,N,pin-pred-lr_pinned_rl,8,0.305
sim,N,pin-pred-lr_pinned_rl,9,0.012
sim,N,pin-pred-lr_pinned_rl,10,0.007
sim,N,pin-pred-lr_pinned_rt,50,0.001
sim,N,pin-pred-lr_pinned_rt,51,0.142
sim,N,pin-pred-lr_pinned_rt,52,0.294
sim,N,pin-pred-lr_pinned_rt,53,0.207
sim,N,pin-pred-lr_pinned_rt,54,0.214
sim,N,pin-pred-lr_pinned_rt,55,0.142
sim,N,pin-pred-lr_rh,13,0.405
sim,N,pin-pred-lr_rh,14,0.594
sim,N,pin-pred-lr_rh,15,0.001
sim,N,pin-pred-lr_rl,7,0.303
sim,N,pin-pred-lr_rl,8,0.68
sim,N,pin-pred-lr_rl,9,0.007
sim,N,pin-pred-lr_rl,10,0.01
sim,N,pin-pred-lr_rt,50,0.002
sim,N,pin-pred-lr_rt,51,0.213
sim,N,pin-pred-lr_rt,52,0.275
sim,N,pin-pred-lr_rt,53,0.204
sim,N,pin-pred-lr_rt,54,0.178
sim,N,pin-pred-lr_rt,55,0.128
sim,N,pin-pred-xgb_pinned_rh,14,0.001
sim,N,pin-pred-xgb_pinned_rh,15,0.303
sim,N,pin-pred-xgb_pinned_rh,16,0.696
sim,N,pin-pred-xgb_pinned_rl,1,0.01
sim,N,pin-pred-xgb_pinned_rl,2,0.047
sim,N,pin-pred-xgb_pinned_rl,3,0.288
sim,N,pin-pred-xgb_pinned_rl,4,0.655
sim,N,pin-pred-xgb_pinned_rt,57,0.081
sim,N,pin-pred-xgb_pinned_rt,58,0.109
sim,N,pin-pred-xgb_pinned_rt,59,0.262
sim,N,pin-pred-xgb_pinned_rt,60,0.547
sim,N,pin-pred-xgb_pinned_rt,61,0.001
sim,N,pin-pred-xgb_rh,13,0.001
sim,N,pin-pred-xgb_rh,15,0.695
sim,N,pin-pred-xgb_rh,16,0.303
sim,N,pin-pred-xgb_rh,17,0.001
sim,N,pin-pred-xgb_rl,1,0.046
sim,N,pin-pred-xgb_rl,2,0.019
sim,N,pin-pred-xgb_rl,3,0.655
sim,N,pin-pred-xgb_rl,4,0.28
sim,N,pin-pred-xgb_rt,56,0.17
sim,N,pin-pred-xgb_rt,57,0.145
sim,N,pin-pred-xgb_rt,58,0.309
sim,N,pin-pred-xgb_rt,59,0.376
sim,N,pos-abs_pinned_rh,15,0.001
sim,N,pos-abs_pinned_rh,17,0.693
sim,N,pos-abs_pinned_rh,18,0.259
sim,N,pos-abs_pinned_rh,19,0.044
sim,N,pos-abs_pinned_rh,20,0.003
sim,N,pos-abs_pinned_rl,31,1.0
sim,N,pos-abs_pinned_rt,48,0.942
sim,N,pos-abs_pinned_rt,49,0.058
sim,N,pos-abs_rh,18,0.194
sim,N,pos-abs_rh,19,0.487
sim,N,pos-abs_rh,20,0.319
sim,N,pos-abs_rl,32,1.0
sim,N,pos-abs_rt,49,0.876
sim,N,pos-abs_rt,50,0.124
sim,N,pos-rel_pinned_rh,17,0.304
sim,N,pos-rel_pinned_rh,18,0.502
sim,N,pos-rel_pinned_rh,19,0.192
sim,N,pos-rel_pinned_rh,20,0.002
sim,N,pos-rel_pinned_rl,33,1.0
sim,N,pos-rel_pinned_rt,42,0.037
sim,N,pos-rel_pinned_rt,43,0.963
sim,N,pos-rel_rh,17,0.002
sim,N,pos-rel_rh,18,0.045
sim,N,pos-rel_rh,19,0.277
sim,N,pos-rel_rh,20,0.676
sim,N,pos-rel_rl,34,1.0
sim,N,pos-rel_rt,41,0.086
sim,N,pos-rel_rt,42,0.905
sim,N,pos-rel_rt,43,0.009
sim,N,pred-nb_pinned_rh,8,0.015
sim,N,pred-nb_pinned_rh,9,0.002
sim,N,pred-nb_pinned_rh,10,0.983
sim,N,pred-nb_pinned_rl,2,0.933
sim,N,pred-nb_pinned_rl,3,0.002
sim,N,pred-nb_pinned_rl,4,0.065
sim,N,pred-nb_pinned_rt,65,0.967
sim,N,pred-nb_pinned_rt,66,0.033
sim,N,pred-nb_rh,7,0.021
sim,N,pred-nb_rh,9,0.979
sim,N,pred-nb_rl,1,0.944
sim,N,pred-nb_rl,2,0.001
sim,N,pred-nb_rl,3,0.055
sim,N,pred-nb_rt,65,0.033
sim,N,pred-nb_rt,66,0.967
sim,N,pred-xgb_pinned_rh,11,0.896
sim,N,pred-xgb_pinned_rh,12,0.104
sim,N,pred-xgb_pinned_rl,5,1.0
sim,N,pred-xgb_pinned_rt,56,0.469
sim,N,pred-xgb_pinned_rt,57,0.286
sim,N,pred-xgb_pinned_rt,58,0.123
sim,N,pred-xgb_pinned_rt,59,0.107
sim,N,pred-xgb_pinned_rt,60,0.015
sim,N,pred-xgb_rh,11,0.104
sim,N,pred-xgb_rh,12,0.896
sim,N,pred-xgb_rl,6,1.0
sim,N,pred-xgb_rt,56,0.064
sim,N,pred-xgb_rt,57,0.416
sim,N,pred-xgb_rt,58,0.246
sim,N,pred-xgb_rt,59,0.137
sim,N,pred-xgb_rt,60,0.134
sim,N,pred-xgb_rt,61,0.003
sim,N,random_pinned_rh,21,0.097
sim,N,random_pinned_rh,22,0.112
sim,N,random_pinned_rh,23,0.268
sim,N,random_pinned_rh,24,0.247
sim,N,random_pinned_rh,25,0.121
sim,N,random_pinned_rh,26,0.093
sim,N,random_pinned_rh,27,0.048
sim,N,random_pinned_rh,28,0.013
sim,N,random_pinned_rh,29,0.001
sim,N,random_pinned_rl,44,0.235
sim,N,random_pinned_rl,45,0.704
sim,N,random_pinned_rl,46,0.061
sim,N,random_pinned_rt,44,0.008
sim,N,random_pinned_rt,45,0.066
sim,N,random_pinned_rt,46,0.921
sim,N,random_pinned_rt,47,0.005
sim,N,random_rh,21,0.016
sim,N,random_rh,22,0.025
sim,N,random_rh,23,0.076
sim,N,random_rh,24,0.102
sim,N,random_rh,25,0.145
sim,N,random_rh,26,0.112
sim,N,random_rh,27,0.174
sim,N,random_rh,28,0.262
sim,N,random_rh,29,0.086
sim,N,random_rh,30,0.002
sim,N,random_rl,46,0.005
sim,N,random_rl,47,0.995
sim,N,random_rt,44,0.757
sim,N,random_rt,45,0.23
sim,N,random_rt,46,0.013
sim,N,rev-chron_pinned_rh,21,0.758
sim,N,rev-chron_pinned_rh,22,0.193
sim,N,rev-chron_pinned_rh,23,0.036
sim,N,rev-chron_pinned_rh,24,0.013
sim,N,rev-chron_pinned_rl,56,0.297
sim,N,rev-chron_pinned_rl,57,0.072
sim,N,rev-chron_pinned_rl,58,0.213
sim,N,rev-chron_pinned_rl,59,0.117
sim,N,rev-chron_pinned_rl,60,0.3
sim,N,rev-chron_pinned_rl,61,0.001
sim,N,rev-chron_pinned_rt,41,0.914
sim,N,rev-chron_pinned_rt,42,0.058
sim,N,rev-chron_pinned_rt,43,0.028
sim,N,rev-chron_rh,23,0.018
sim,N,rev-chron_rh,24,0.086
sim,N,rev-chron_rh,25,0.182
sim,N,rev-chron_rh,26,0.256
sim,N,rev-chron_rh,27,0.181
sim,N,rev-chron_rh,28,0.199
sim,N,rev-chron_rh,29,0.065
sim,N,rev-chron_rh,30,0.013
sim,N,rev-chron_rl,61,0.003
sim,N,rev-chron_rl,62,0.463
sim,N,rev-chron_rl,63,0.532
sim,N,rev-chron_rl,64,0.002
sim,N,rev-chron_rt,40,1.0
smog,N,chron_pinned_rh,34,0.007
smog,N,chron_pinned_rh,35,0.012
smog,N,chron_pinned_rh,36,0.107
smog,N,chron_pinned_rh,37,0.251
smog,N,chron_pinned_rh,38,0.523
smog,N,chron_pinned_rh,39,0.1
smog,N,chron_pinned_rl,59,0.003
smog,N,chron_pinned_rl,60,0.313
smog,N,chron_pinned_rl,61,0.684
smog,N,chron_pinned_rt,61,0.003
smog,N,chron_pinned_rt,62,0.365
smog,N,chron_pinned_rt,63,0.632
smog,N,chron_rh,38,0.005
smog,N,chron_rh,39,0.048
smog,N,chron_rh,40,0.946
smog,N,chron_rh,41,0.001
smog,N,chron_rl,61,0.004
smog,N,chron_rl,62,0.628
smog,N,chron_rl,63,0.368
smog,N,chron_rt,64,0.674
smog,N,chron_rt,65,0.325
smog,N,chron_rt,66,0.001
smog,N,least-neg-abs_pinned_rh,29,0.001
smog,N,least-neg-abs_pinned_rh,32,0.016
smog,N,least-neg-abs_pinned_rh,33,0.064
smog,N,least-neg-abs_pinned_rh,34,0.14
smog,N,least-neg-abs_pinned_rh,35,0.275
smog,N,least-neg-abs_pinned_rh,36,0.28
smog,N,least-neg-abs_pinned_rh,37,0.217
smog,N,least-neg-abs_pinned_rh,38,0.007
smog,N,least-neg-abs_pinned_rl,64,0.326
smog,N,least-neg-abs_pinned_rl,65,0.674
smog,N,least-neg-abs_pinned_rt,58,0.002
smog,N,least-neg-abs_pinned_rt,59,0.93
smog,N,least-neg-abs_pinned_rt,60,0.062
smog,N,least-neg-abs_pinned_rt,61,0.006
smog,N,least-neg-abs_rh,35,0.006
smog,N,least-neg-abs_rh,36,0.017
smog,N,least-neg-abs_rh,37,0.066
smog,N,least-neg-abs_rh,38,0.248
smog,N,least-neg-abs_rh,39,0.657
smog,N,least-neg-abs_rh,40,0.005
smog,N,least-neg-abs_rh,42,0.001
smog,N,least-neg-abs_rl,65,0.001
smog,N,least-neg-abs_rl,66,0.999
smog,N,least-neg-abs_rt,59,0.065
smog,N,least-neg-abs_rt,60,0.625
smog,N,least-neg-abs_rt,61,0.303
smog,N,least-neg-abs_rt,62,0.007
smog,N,neg-abs_pinned_rh,22,0.003
smog,N,neg-abs_pinned_rh,23,0.828
smog,N,neg-abs_pinned_rh,24,0.036
smog,N,neg-abs_pinned_rh,25,0.096
smog,N,neg-abs_pinned_rh,26,0.005
smog,N,neg-abs_pinned_rh,27,0.032
smog,N,neg-abs_pinned_rl,28,0.001
smog,N,neg-abs_pinned_rl,30,0.023
smog,N,neg-abs_pinned_rl,31,0.032
smog,N,neg-abs_pinned_rl,32,0.277
smog,N,neg-abs_pinned_rl,33,0.137
smog,N,neg-abs_pinned_rl,34,0.199
smog,N,neg-abs_pinned_rl,35,0.094
smog,N,neg-abs_pinned_rl,36,0.147
smog,N,neg-abs_pinned_rl,37,0.054
smog,N,neg-abs_pinned_rl,38,0.033
smog,N,neg-abs_pinned_rl,39,0.003
smog,N,neg-abs_pinned_rt,49,0.081
smog,N,neg-abs_pinned_rt,50,0.147
smog,N,neg-abs_pinned_rt,51,0.274
smog,N,neg-abs_pinned_rt,52,0.498
smog,N,neg-abs_rh,24,0.749
smog,N,neg-abs_rh,25,0.057
smog,N,neg-abs_rh,26,0.115
smog,N,neg-abs_rh,27,0.013
smog,N,neg-abs_rh,28,0.066
smog,N,neg-abs_rl,31,0.001
smog,N,neg-abs_rl,32,0.004
smog,N,neg-abs_rl,33,0.089
smog,N,neg-abs_rl,34,0.064
smog,N,neg-abs_rl,35,0.109
smog,N,neg-abs_rl,36,0.123
smog,N,neg-abs_rl,37,0.262
smog,N,neg-abs_rl,38,0.138
smog,N,neg-abs_rl,39,0.163
smog,N,neg-abs_rl,40,0.047
smog,N,neg-abs_rt,50,0.002
smog,N,neg-abs_rt,51,0.012
smog,N,neg-abs_rt,52,0.042
smog,N,neg-abs_rt,53,0.925
smog,N,neg-abs_rt,54,0.019
smog,N,pin-pred-lr_pinned_rh,17,0.377
smog,N,pin-pred-lr_pinned_rh,18,0.623
smog,N,pin-pred-lr_pinned_rl,7,0.41
smog,N,pin-pred-lr_pinned_rl,8,0.59
smog,N,pin-pred-lr_pinned_rt,40,0.001
smog,N,pin-pred-lr_pinned_rt,41,0.274
smog,N,pin-pred-lr_pinned_rt,42,0.725
smog,N,pin-pred-lr_rh,17,0.623
smog,N,pin-pred-lr_rh,18,0.377
smog,N,pin-pred-lr_rl,7,0.59
smog,N,pin-pred-lr_rl,8,0.41
smog,N,pin-pred-lr_rt,39,0.001
smog,N,pin-pred-lr_rt,41,0.725
smog,N,pin-pred-lr_rt,42,0.274
smog,N,pin-pred-xgb_pinned_rh,13,0.064
smog,N,pin-pred-xgb_pinned_rh,14,0.636
smog,N,pin-pred-xgb_pinned_rh,15,0.08
smog,N,pin-pred-xgb_pinned_rh,16,0.22
smog,N,pin-pred-xgb_pinned_rl,1,0.078
smog,N,pin-pred-xgb_pinned_rl,2,0.922
smog,N,pin-pred-xgb_pinned_rt,24,0.003
smog,N,pin-pred-xgb_pinned_rt,25,0.005
smog,N,pin-pred-xgb_pinned_rt,26,0.055
smog,N,pin-pred-xgb_pinned_rt,27,0.105
smog,N,pin-pred-xgb_pinned_rt,28,0.35
smog,N,pin-pred-xgb_pinned_rt,29,0.325
smog,N,pin-pred-xgb_pinned_rt,30,0.075
smog,N,pin-pred-xgb_pinned_rt,31,0.07
smog,N,pin-pred-xgb_pinned_rt,32,0.009
smog,N,pin-pred-xgb_pinned_rt,33,0.002
smog,N,pin-pred-xgb_pinned_rt,35,0.001
smog,N,pin-pred-xgb_rh,13,0.667
smog,N,pin-pred-xgb_rh,14,0.109
smog,N,pin-pred-xgb_rh,15,0.204
smog,N,pin-pred-xgb_rh,16,0.02
smog,N,pin-pred-xgb_rl,1,0.922
smog,N,pin-pred-xgb_rl,2,0.078
smog,N,pin-pred-xgb_rt,22,0.001
smog,N,pin-pred-xgb_rt,23,0.002
smog,N,pin-pred-xgb_rt,24,0.004
smog,N,pin-pred-xgb_rt,25,0.065
smog,N,pin-pred-xgb_rt,26,0.094
smog,N,pin-pred-xgb_rt,27,0.357
smog,N,pin-pred-xgb_rt,28,0.327
smog,N,pin-pred-xgb_rt,29,0.077
smog,N,pin-pred-xgb_rt,30,0.06
smog,N,pin-pred-xgb_rt,31,0.011
smog,N,pin-pred-xgb_rt,32,0.001
smog,N,pin-pred-xgb_rt,34,0.001
smog,N,pos-abs_pinned_rh,19,0.998
smog,N,pos-abs_pinned_rh,20,0.002
smog,N,pos-abs_pinned_rl,9,0.001
smog,N,pos-abs_pinned_rl,10,0.002
smog,N,pos-abs_pinned_rl,11,0.997
smog,N,pos-abs_pinned_rt,45,0.004
smog,N,pos-abs_pinned_rt,46,0.53
smog,N,pos-abs_pinned_rt,47,0.465
smog,N,pos-abs_pinned_rt,48,0.001
smog,N,pos-abs_rh,20,0.998
smog,N,pos-abs_rh,21,0.002
smog,N,pos-abs_rl,11,0.001
smog,N,pos-abs_rl,12,0.999
smog,N,pos-abs_rt,46,0.001
smog,N,pos-abs_rt,47,0.302
smog,N,pos-abs_rt,48,0.691
smog,N,pos-abs_rt,49,0.006
smog,N,pos-rel_pinned_rh,21,0.959
smog,N,pos-rel_pinned_rh,22,0.018
smog,N,pos-rel_pinned_rh,23,0.02
smog,N,pos-rel_pinned_rh,25,0.003
smog,N,pos-rel_pinned_rl,28,0.001
smog,N,pos-rel_pinned_rl,29,0.001
smog,N,pos-rel_pinned_rl,30,0.029
smog,N,pos-rel_pinned_rl,31,0.054
smog,N,pos-rel_pinned_rl,32,0.455
smog,N,pos-rel_pinned_rl,33,0.196
smog,N,pos-rel_pinned_rl,34,0.121
smog,N,pos-rel_pinned_rl,35,0.075
smog,N,pos-rel_pinned_rl,36,0.049
smog,N,pos-rel_pinned_rl,37,0.012
smog,N,pos-rel_pinned_rl,38,0.006
smog,N,pos-rel_pinned_rl,39,0.001
smog,N,pos-rel_pinned_rt,48,0.023
smog,N,pos-rel_pinned_rt,49,0.768
smog,N,pos-rel_pinned_rt,50,0.123
smog,N,pos-rel_pinned_rt,51,0.079
smog,N,pos-rel_pinned_rt,52,0.007
smog,N,pos-rel_rh,22,0.942
smog,N,pos-rel_rh,23,0.023
smog,N,pos-rel_rh,24,0.032
smog,N,pos-rel_rh,26,0.003
smog,N,pos-rel_rl,30,0.001
smog,N,pos-rel_rl,31,0.008
smog,N,pos-rel_rl,32,0.014
smog,N,pos-rel_rl,33,0.293
smog,N,pos-rel_rl,34,0.189
smog,N,pos-rel_rl,35,0.179
smog,N,pos-rel_rl,36,0.133
smog,N,pos-rel_rl,37,0.115
smog,N,pos-rel_rl,38,0.04
smog,N,pos-rel_rl,39,0.027
smog,N,pos-rel_rl,40,0.001
smog,N,pos-rel_rt,49,0.002
smog,N,pos-rel_rt,50,0.474
smog,N,pos-rel_rt,51,0.234
smog,N,pos-rel_rt,52,0.241
smog,N,pos-rel_rt,53,0.049
smog,N,pred-nb_pinned_rh,10,0.997
smog,N,pred-nb_pinned_rh,11,0.002
smog,N,pred-nb_pinned_rh,12,0.001
smog,N,pred-nb_pinned_rl,4,1.0
smog,N,pred-nb_pinned_rt,22,0.022
smog,N,pred-nb_pinned_rt,23,0.013
smog,N,pred-nb_pinned_rt,24,0.096
smog,N,pred-nb_pinned_rt,25,0.055
smog,N,pred-nb_pinned_rt,26,0.443
smog,N,pred-nb_pinned_rt,27,0.175
smog,N,pred-nb_pinned_rt,28,0.083
smog,N,pred-nb_pinned_rt,29,0.077
smog,N,pred-nb_pinned_rt,30,0.016
smog,N,pred-nb_pinned_rt,31,0.019
smog,N,pred-nb_pinned_rt,34,0.001
smog,N,pred-nb_rh,9,0.999
smog,N,pred-nb_rh,10,0.001
smog,N,pred-nb_rl,3,1.0
smog,N,pred-nb_rt,19,0.002
smog,N,pred-nb_rt,21,0.039
smog,N,pred-nb_rt,22,0.014
smog,N,pred-nb_rt,23,0.114
smog,N,pred-nb_rt,24,0.08
smog,N,pred-nb_rt,25,0.48
smog,N,pred-nb_rt,26,0.159
smog,N,pred-nb_rt,27,0.045
smog,N,pred-nb_rt,28,0.045
smog,N,pred-nb_rt,29,0.012
smog,N,pred-nb_rt,30,0.01
smog,N,pred-xgb_pinned_rh,13,0.229
smog,N,pred-xgb_pinned_rh,14,0.071
smog,N,pred-xgb_pinned_rh,15,0.628
smog,N,pred-xgb_pinned_rh,16,0.072
smog,N,pred-xgb_pinned_rl,5,1.0
smog,N,pred-xgb_pinned_rt,43,1.0
smog,N,pred-xgb_rh,13,0.04
smog,N,pred-xgb_rh,14,0.184
smog,N,pred-xgb_rh,15,0.088
smog,N,pred-xgb_rh,16,0.688
smog,N,pred-xgb_rl,6,1.0
smog,N,pred-xgb_rt,44,0.999
smog,N,pred-xgb_rt,45,0.001
smog,N,random_pinned_rh,26,0.003
smog,N,random_pinned_rh,27,0.032
smog,N,random_pinned_rh,28,0.013
smog,N,random_pinned_rh,29,0.045
smog,N,random_pinned_rh,30,0.091
smog,N,random_pinned_rh,31,0.692
smog,N,random_pinned_rh,32,0.097
smog,N,random_pinned_rh,33,0.024
smog,N,random_pinned_rh,34,0.003
smog,N,random_pinned_rl,55,0.003
smog,N,random_pinned_rl,56,0.866
smog,N,random_pinned_rl,57,0.131
smog,N,random_pinned_rt,54,0.01
smog,N,random_pinned_rt,55,0.987
smog,N,random_pinned_rt,56,0.003
smog,N,random_rh,28,0.001
smog,N,random_rh,30,0.001
smog,N,random_rh,31,0.001
smog,N,random_rh,32,0.112
smog,N,random_rh,33,0.194
smog,N,random_rh,34,0.275
smog,N,random_rh,35,0.249
smog,N,random_rh,36,0.144
smog,N,random_rh,37,0.023
smog,N,random_rl,58,0.998
smog,N,random_rl,59,0.002
smog,N,random_rt,56,0.131
smog,N,random_rt,57,0.869
smog,N,rev-chron_pinned_rh,25,0.239
smog,N,rev-chron_pinned_rh,26,0.062
smog,N,rev-chron_pinned_rh,27,0.224
smog,N,rev-chron_pinned_rh,28,0.037
smog,N,rev-chron_pinned_rh,29,0.438
smog,N,rev-chron_pinned_rl,47,0.001
smog,N,rev-chron_pinned_rl,48,0.005
smog,N,rev-chron_pinned_rl,49,0.122
smog,N,rev-chron_pinned_rl,50,0.252
smog,N,rev-chron_pinned_rl,51,0.401
smog,N,rev-chron_pinned_rl,52,0.212
smog,N,rev-chron_pinned_rl,53,0.007
smog,N,rev-chron_pinned_rt,44,0.001
smog,N,rev-chron_pinned_rt,45,0.995
smog,N,rev-chron_pinned_rt,46,0.003
smog,N,rev-chron_pinned_rt,47,0.001
smog,N,rev-chron_rh,26,0.061
smog,N,rev-chron_rh,27,0.017
smog,N,rev-chron_rh,28,0.076
smog,N,rev-chron_rh,29,0.024
smog,N,rev-chron_rh,30,0.694
smog,N,rev-chron_rh,31,0.112
smog,N,rev-chron_rh,32,0.015
smog,N,rev-chron_rh,33,0.001
smog,N,rev-chron_rl,53,0.019
smog,N,rev-chron_rl,54,0.971
smog,N,rev-chron_rl,55,0.01
smog,N,rev-chron_rt,46,0.466
smog,N,rev-chron_rt,47,0.231
smog,N,rev-chron_rt,48,0.28
smog,N,rev-chron_rt,49,0.021
smog,N,rev-chron_rt,50,0.002
