policy_id,ordering,reply_mode,pinned,deployable,outcome,depth,mean_forum,n_stories
chronological__hidden__pinned,chronological,hidden,True,True,aqua_additional_knowledge_expected,full,0.10690130859041833,2556
chronological__hidden__pinned,chronological,hidden,True,True,aqua_discrimination_expected,full,0.07217831339404766,2556
chronological__hidden__pinned,chronological,hidden,True,True,aqua_fact_expected,full,0.1169730213515976,2556
chronological__hidden__pinned,chronological,hidden,True,True,aqua_insult_expected,full,0.08026860414303882,2556
chronological__hidden__pinned,chronological,hidden,True,True,aqua_justification_expected,full,0.12252087433824618,2556
chronological__hidden__pinned,chronological,hidden,True,True,aqua_opinion_expected,full,0.0686399771208132,2556
chronological__hidden__pinned,chronological,hidden,True,True,aqua_polite_address_expected,full,0.06561684740763168,2556
chronological__hidden__pinned,chronological,hidden,True,True,aqua_question_expected,full,-0.026274735501361415,2556
chronological__hidden__pinned,chronological,hidden,True,True,aqua_referencing_contents_expected,full,-0.1378099424680611,2556
chronological__hidden__pinned,chronological,hidden,True,True,aqua_referencing_format_expected,full,0.08696806972747366,2556
chronological__hidden__pinned,chronological,hidden,True,True,aqua_referencing_medium_expected,full,0.05434573185661608,2556
chronological__hidden__pinned,chronological,hidden,True,True,aqua_referencing_personal_expected,full,0.02917754937652091,2556
chronological__hidden__pinned,chronological,hidden,True,True,aqua_referencing_users_expected,full,-0.08984615019712569,2556
chronological__hidden__pinned,chronological,hidden,True,True,aqua_relevance_expected,full,0.05762563696198317,2556
chronological__hidden__pinned,chronological,hidden,True,True,aqua_respect_expected,full,0.02131742766156414,2556
chronological__hidden__pinned,chronological,hidden,True,True,aqua_sarcasm_expected,full,0.04615737457643822,2556
chronological__hidden__pinned,chronological,hidden,True,True,aqua_screaming_expected,full,0.05344281864560667,2556
chronological__hidden__pinned,chronological,hidden,True,True,aqua_solution_proposal_expected,full,0.09918304979754156,2556
chronological__hidden__pinned,chronological,hidden,True,True,aqua_storytelling_expected,full,0.08843136800844749,2556
chronological__hidden__pinned,chronological,hidden,True,True,aqua_vulgarity_expected,full,0.10457406568966678,2556
chronological__hidden__pinned,chronological,hidden,True,True,article_similarity_top3,full,0.23444562187216542,2556
chronological__hidden__pinned,chronological,hidden,True,True,author_prior_30d_downvote_reception,full,0.09968948625060255,2556
chronological__hidden__pinned,chronological,hidden,True,True,author_prior_30d_upvote_reception,full,0.1631597654403644,2556
chronological__hidden__pinned,chronological,hidden,True,True,discussion_pace,full,-0.06181213109862356,2556
chronological__hidden__pinned,chronological,hidden,True,True,is_reply,full,-0.9900498399913525,2556
chronological__hidden__pinned,chronological,hidden,True,True,lexdiv_length_adjusted,full,0.03268698779475444,2556
chronological__hidden__pinned,chronological,hidden,True,True,log_author_prior_30d_comments,full,-0.07566013705647476,2556
chronological__hidden__pinned,chronological,hidden,True,True,log_author_prior_comments_story,full,-0.485111572084496,2556
chronological__hidden__pinned,chronological,hidden,True,True,log_hours_since_article,full,-0.3479802306898518,2556
chronological__hidden__pinned,chronological,hidden,True,True,log_words,full,0.13621189185672627,2556
chronological__hidden__pinned,chronological,hidden,True,True,novelty_prior_all_model,full,0.05332055635220323,2556
chronological__hidden__pinned,chronological,hidden,True,True,prior_reply_composition,full,-0.30763996371336083,2556
chronological__hidden__pinned,chronological,hidden,True,True,reading_level_length_adjusted,full,0.025290816179499576,2556
chronological__hidden__pinned,chronological,hidden,True,True,reply_depth_centered,full,0.1074546658739326,2556
chronological__hidden__pinned,chronological,hidden,True,True,sentiment_negative,full,0.03923777444271383,2556
chronological__hidden__pinned,chronological,hidden,True,True,sentiment_positive,full,-0.011172216449199109,2556
chronological__hidden__pinned,chronological,hidden,True,True,toxicity_probability,full,0.04200090738945756,2556
chronological__hidden__pinned,chronological,hidden,True,True,url_present,full,-0.032975168438592696,2556
chronological__hidden__pinned,chronological,hidden,True,True,vienna_overnight,full,-0.14824981087127423,2556
chronological__hidden__pinned,chronological,hidden,True,True,vienna_weekday_shoulder_evening,full,-0.09346474506950322,2556
chronological__hidden__pinned,chronological,hidden,True,True,vienna_weekend_day_evening,full,-0.14411376846480264,2556
chronological__hidden__unpinned,chronological,hidden,False,True,aqua_additional_knowledge_expected,full,0.09517912453976182,2556
chronological__hidden__unpinned,chronological,hidden,False,True,aqua_discrimination_expected,full,0.06470402554928818,2556
chronological__hidden__unpinned,chronological,hidden,False,True,aqua_fact_expected,full,0.1067041139755961,2556
chronological__hidden__unpinned,chronological,hidden,False,True,aqua_insult_expected,full,0.07661599019099015,2556
chronological__hidden__unpinned,chronological,hidden,False,True,aqua_justification_expected,full,0.1067844140172671,2556
chronological__hidden__unpinned,chronological,hidden,False,True,aqua_opinion_expected,full,0.06075419446031058,2556
chronological__hidden__unpinned,chronological,hidden,False,True,aqua_polite_address_expected,full,0.0580161990210213,2556
chronological__hidden__unpinned,chronological,hidden,False,True,aqua_question_expected,full,-0.02210418714314985,2556
chronological__hidden__unpinned,chronological,hidden,False,True,aqua_referencing_contents_expected,full,-0.13687280130730212,2556
chronological__hidden__unpinned,chronological,hidden,False,True,aqua_referencing_format_expected,full,0.08308389953373192,2556
chronological__hidden__unpinned,chronological,hidden,False,True,aqua_referencing_medium_expected,full,0.05012811139096283,2556
chronological__hidden__unpinned,chronological,hidden,False,True,aqua_referencing_personal_expected,full,0.02768411726348261,2556
chronological__hidden__unpinned,chronological,hidden,False,True,aqua_referencing_users_expected,full,-0.0918459037509954,2556
chronological__hidden__unpinned,chronological,hidden,False,True,aqua_relevance_expected,full,0.04883143971264893,2556
chronological__hidden__unpinned,chronological,hidden,False,True,aqua_respect_expected,full,0.018126971499749803,2556
chronological__hidden__unpinned,chronological,hidden,False,True,aqua_sarcasm_expected,full,0.047355750121054536,2556
chronological__hidden__unpinned,chronological,hidden,False,True,aqua_screaming_expected,full,0.05365951297338103,2556
chronological__hidden__unpinned,chronological,hidden,False,True,aqua_solution_proposal_expected,full,0.08562117115418226,2556
chronological__hidden__unpinned,chronological,hidden,False,True,aqua_storytelling_expected,full,0.0746937039438611,2556
chronological__hidden__unpinned,chronological,hidden,False,True,aqua_vulgarity_expected,full,0.09961770277889458,2556
chronological__hidden__unpinned,chronological,hidden,False,True,article_similarity_top3,full,0.22573757043943324,2556
chronological__hidden__unpinned,chronological,hidden,False,True,author_prior_30d_downvote_reception,full,0.10230101158082426,2556
chronological__hidden__unpinned,chronological,hidden,False,True,author_prior_30d_upvote_reception,full,0.16144441463627224,2556
chronological__hidden__unpinned,chronological,hidden,False,True,discussion_pace,full,-0.08684515729821288,2556
chronological__hidden__unpinned,chronological,hidden,False,True,is_reply,full,-0.9890825343495632,2556
chronological__hidden__unpinned,chronological,hidden,False,True,lexdiv_length_adjusted,full,0.03126547752580293,2556
chronological__hidden__unpinned,chronological,hidden,False,True,log_author_prior_30d_comments,full,-0.07327607568997978,2556
chronological__hidden__unpinned,chronological,hidden,False,True,log_author_prior_comments_story,full,-0.4882776902577205,2556
chronological__hidden__unpinned,chronological,hidden,False,True,log_hours_since_article,full,-0.3638323862110144,2556
chronological__hidden__unpinned,chronological,hidden,False,True,log_words,full,0.1228365033959403,2556
chronological__hidden__unpinned,chronological,hidden,False,True,novelty_prior_all_model,full,0.06483989458636052,2556
chronological__hidden__unpinned,chronological,hidden,False,True,prior_reply_composition,full,-0.31446261936333114,2556
chronological__hidden__unpinned,chronological,hidden,False,True,reading_level_length_adjusted,full,0.025015473193618413,2556
chronological__hidden__unpinned,chronological,hidden,False,True,reply_depth_centered,full,0.10826590439831695,2556
chronological__hidden__unpinned,chronological,hidden,False,True,sentiment_negative,full,0.0399969511142645,2556
chronological__hidden__unpinned,chronological,hidden,False,True,sentiment_positive,full,-0.01261420690540058,2556
chronological__hidden__unpinned,chronological,hidden,False,True,toxicity_probability,full,0.04249019872248474,2556
chronological__hidden__unpinned,chronological,hidden,False,True,url_present,full,-0.04161976031495433,2556
chronological__hidden__unpinned,chronological,hidden,False,True,vienna_overnight,full,-0.1454997016215254,2556
chronological__hidden__unpinned,chronological,hidden,False,True,vienna_weekday_shoulder_evening,full,-0.09618542057016759,2556
chronological__hidden__unpinned,chronological,hidden,False,True,vienna_weekend_day_evening,full,-0.14448299603664078,2556
chronological__loose__pinned,chronological,loose,True,True,aqua_additional_knowledge_expected,full,0.0035470231563443453,2556
chronological__loose__pinned,chronological,loose,True,True,aqua_discrimination_expected,full,-0.007334423275103427,2556
chronological__loose__pinned,chronological,loose,True,True,aqua_fact_expected,full,0.006365527056471268,2556
chronological__loose__pinned,chronological,loose,True,True,aqua_insult_expected,full,0.011692301259571236,2556
chronological__loose__pinned,chronological,loose,True,True,aqua_justification_expected,full,-0.004204699522248094,2556
chronological__loose__pinned,chronological,loose,True,True,aqua_opinion_expected,full,-0.0072825173724690075,2556
chronological__loose__pinned,chronological,loose,True,True,aqua_polite_address_expected,full,0.007436542577868965,2556
chronological__loose__pinned,chronological,loose,True,True,aqua_question_expected,full,0.0004354550557740372,2556
chronological__loose__pinned,chronological,loose,True,True,aqua_referencing_contents_expected,full,-0.07944764670320145,2556
chronological__loose__pinned,chronological,loose,True,True,aqua_referencing_format_expected,full,0.011686904772857129,2556
chronological__loose__pinned,chronological,loose,True,True,aqua_referencing_medium_expected,full,0.0055187196589356075,2556
chronological__loose__pinned,chronological,loose,True,True,aqua_referencing_personal_expected,full,-0.010562377274393827,2556
chronological__loose__pinned,chronological,loose,True,True,aqua_referencing_users_expected,full,-0.06621639179480364,2556
chronological__loose__pinned,chronological,loose,True,True,aqua_relevance_expected,full,-0.009272602061900724,2556
chronological__loose__pinned,chronological,loose,True,True,aqua_respect_expected,full,0.0005303815059271728,2556
chronological__loose__pinned,chronological,loose,True,True,aqua_sarcasm_expected,full,0.01214076928260568,2556
chronological__loose__pinned,chronological,loose,True,True,aqua_screaming_expected,full,0.009493232155367445,2556
chronological__loose__pinned,chronological,loose,True,True,aqua_solution_proposal_expected,full,-0.007388049844045908,2556
chronological__loose__pinned,chronological,loose,True,True,aqua_storytelling_expected,full,-0.016648519765397104,2556
chronological__loose__pinned,chronological,loose,True,True,aqua_vulgarity_expected,full,0.02053813515756364,2556
chronological__loose__pinned,chronological,loose,True,True,article_similarity_top3,full,0.10150059359484595,2556
chronological__loose__pinned,chronological,loose,True,True,author_prior_30d_downvote_reception,full,0.07298274301448329,2556
chronological__loose__pinned,chronological,loose,True,True,author_prior_30d_upvote_reception,full,0.16993485302238473,2556
chronological__loose__pinned,chronological,loose,True,True,discussion_pace,full,0.11933631860725467,2556
chronological__loose__pinned,chronological,loose,True,True,is_reply,full,-0.5461737103221237,2556
chronological__loose__pinned,chronological,loose,True,True,lexdiv_length_adjusted,full,0.017891871870483203,2556
chronological__loose__pinned,chronological,loose,True,True,log_author_prior_30d_comments,full,-0.0004996598301294392,2556
chronological__loose__pinned,chronological,loose,True,True,log_author_prior_comments_story,full,-0.3875247306931635,2556
chronological__loose__pinned,chronological,loose,True,True,log_hours_since_article,full,-0.794090035952395,2556
chronological__loose__pinned,chronological,loose,True,True,log_words,full,-0.003508035465064671,2556
chronological__loose__pinned,chronological,loose,True,True,novelty_prior_all_model,full,0.2103138426894193,2556
chronological__loose__pinned,chronological,loose,True,True,prior_reply_composition,full,-0.748853286040609,2556
chronological__loose__pinned,chronological,loose,True,True,reading_level_length_adjusted,full,0.021179640871607255,2556
chronological__loose__pinned,chronological,loose,True,True,reply_depth_centered,full,-0.18269085596688242,2556
chronological__loose__pinned,chronological,loose,True,True,sentiment_negative,full,0.005737279142940495,2556
chronological__loose__pinned,chronological,loose,True,True,sentiment_positive,full,0.007713486377755154,2556
chronological__loose__pinned,chronological,loose,True,True,toxicity_probability,full,0.005038346436364523,2556
chronological__loose__pinned,chronological,loose,True,True,url_present,full,-0.03672185925469764,2556
chronological__loose__pinned,chronological,loose,True,True,vienna_overnight,full,-0.34576225842737757,2556
chronological__loose__pinned,chronological,loose,True,True,vienna_weekday_shoulder_evening,full,-0.17575274158539503,2556
chronological__loose__pinned,chronological,loose,True,True,vienna_weekend_day_evening,full,-0.2987828846945327,2556
chronological__loose__unpinned,chronological,loose,False,True,aqua_additional_knowledge_expected,full,-0.030971239964788604,2556
chronological__loose__unpinned,chronological,loose,False,True,aqua_discrimination_expected,full,-0.024641986043213063,2556
chronological__loose__unpinned,chronological,loose,False,True,aqua_fact_expected,full,-0.01954609431488007,2556
chronological__loose__unpinned,chronological,loose,False,True,aqua_insult_expected,full,-0.007299384085982822,2556
chronological__loose__unpinned,chronological,loose,False,True,aqua_justification_expected,full,-0.03873328602242702,2556
chronological__loose__unpinned,chronological,loose,False,True,aqua_opinion_expected,full,-0.026149050862147437,2556
chronological__loose__unpinned,chronological,loose,False,True,aqua_polite_address_expected,full,-0.014421156278706477,2556
chronological__loose__unpinned,chronological,loose,False,True,aqua_question_expected,full,-0.0002363054222471746,2556
chronological__loose__unpinned,chronological,loose,False,True,aqua_referencing_contents_expected,full,-0.07111699225216313,2556
chronological__loose__unpinned,chronological,loose,False,True,aqua_referencing_format_expected,full,-0.01418491315644449,2556
chronological__loose__unpinned,chronological,loose,False,True,aqua_referencing_medium_expected,full,-0.01311956351733468,2556
chronological__loose__unpinned,chronological,loose,False,True,aqua_referencing_personal_expected,full,-0.029331403947544188,2556
chronological__loose__unpinned,chronological,loose,False,True,aqua_referencing_users_expected,full,-0.0730346185958971,2556
chronological__loose__unpinned,chronological,loose,False,True,aqua_relevance_expected,full,-0.01594838035066864,2556
chronological__loose__unpinned,chronological,loose,False,True,aqua_respect_expected,full,-0.0042254086530992135,2556
chronological__loose__unpinned,chronological,loose,False,True,aqua_sarcasm_expected,full,0.004448048652451476,2556
chronological__loose__unpinned,chronological,loose,False,True,aqua_screaming_expected,full,-0.0005222344844849328,2556
chronological__loose__unpinned,chronological,loose,False,True,aqua_solution_proposal_expected,full,-0.03851695243190408,2556
chronological__loose__unpinned,chronological,loose,False,True,aqua_storytelling_expected,full,-0.05114498164522579,2556
chronological__loose__unpinned,chronological,loose,False,True,aqua_vulgarity_expected,full,-0.005567975687217778,2556
chronological__loose__unpinned,chronological,loose,False,True,article_similarity_top3,full,0.07137607706305737,2556
chronological__loose__unpinned,chronological,loose,False,True,author_prior_30d_downvote_reception,full,0.07220425353144129,2556
chronological__loose__unpinned,chronological,loose,False,True,author_prior_30d_upvote_reception,full,0.18608801260005145,2556
chronological__loose__unpinned,chronological,loose,False,True,discussion_pace,full,0.21884671189625415,2556
chronological__loose__unpinned,chronological,loose,False,True,is_reply,full,-0.37746608323013536,2556
chronological__loose__unpinned,chronological,loose,False,True,lexdiv_length_adjusted,full,0.012813708116349654,2556
chronological__loose__unpinned,chronological,loose,False,True,log_author_prior_30d_comments,full,0.015642815920507234,2556
chronological__loose__unpinned,chronological,loose,False,True,log_author_prior_comments_story,full,-0.4338147454718726,2556
chronological__loose__unpinned,chronological,loose,False,True,log_hours_since_article,full,-1.0,2556
chronological__loose__unpinned,chronological,loose,False,True,log_words,full,-0.04182267780577935,2556
chronological__loose__unpinned,chronological,loose,False,True,novelty_prior_all_model,full,0.2578967134553867,2556
chronological__loose__unpinned,chronological,loose,False,True,prior_reply_composition,full,-0.9382929706407235,2556
chronological__loose__unpinned,chronological,loose,False,True,reading_level_length_adjusted,full,0.020834492764813587,2556
chronological__loose__unpinned,chronological,loose,False,True,reply_depth_centered,full,-0.2636423979567878,2556
chronological__loose__unpinned,chronological,loose,False,True,sentiment_negative,full,-0.0013117478019572465,2556
chronological__loose__unpinned,chronological,loose,False,True,sentiment_positive,full,0.018007497144671352,2556
chronological__loose__unpinned,chronological,loose,False,True,toxicity_probability,full,-0.01419766731463499,2556
chronological__loose__unpinned,chronological,loose,False,True,url_present,full,-0.06355346282575179,2556
chronological__loose__unpinned,chronological,loose,False,True,vienna_overnight,full,-0.38441679071179974,2556
chronological__loose__unpinned,chronological,loose,False,True,vienna_weekday_shoulder_evening,full,-0.18686339448575187,2556
chronological__loose__unpinned,chronological,loose,False,True,vienna_weekend_day_evening,full,-0.356913653419339,2556
chronological__trees__pinned,chronological,trees,True,True,aqua_additional_knowledge_expected,full,-0.017169889502415707,2556
chronological__trees__pinned,chronological,trees,True,True,aqua_discrimination_expected,full,-0.014504807551171294,2556
chronological__trees__pinned,chronological,trees,True,True,aqua_fact_expected,full,-0.016005874677578826,2556
chronological__trees__pinned,chronological,trees,True,True,aqua_insult_expected,full,-0.0022894238132224578,2556
chronological__trees__pinned,chronological,trees,True,True,aqua_justification_expected,full,-0.016963751680730013,2556
chronological__trees__pinned,chronological,trees,True,True,aqua_opinion_expected,full,-0.005836717221667063,2556
chronological__trees__pinned,chronological,trees,True,True,aqua_polite_address_expected,full,0.003410883479699723,2556
chronological__trees__pinned,chronological,trees,True,True,aqua_question_expected,full,-0.0011366165801433156,2556
chronological__trees__pinned,chronological,trees,True,True,aqua_referencing_contents_expected,full,-0.02325827072246467,2556
chronological__trees__pinned,chronological,trees,True,True,aqua_referencing_format_expected,full,-0.0013186731695333355,2556
chronological__trees__pinned,chronological,trees,True,True,aqua_referencing_medium_expected,full,-0.004890112244857331,2556
chronological__trees__pinned,chronological,trees,True,True,aqua_referencing_personal_expected,full,-0.006573087484817935,2556
chronological__trees__pinned,chronological,trees,True,True,aqua_referencing_users_expected,full,-0.018416545503556633,2556
chronological__trees__pinned,chronological,trees,True,True,aqua_relevance_expected,full,-0.01900694315144188,2556
chronological__trees__pinned,chronological,trees,True,True,aqua_respect_expected,full,0.004394987717944108,2556
chronological__trees__pinned,chronological,trees,True,True,aqua_sarcasm_expected,full,-0.0017735492662865825,2556
chronological__trees__pinned,chronological,trees,True,True,aqua_screaming_expected,full,-0.015464033963394845,2556
chronological__trees__pinned,chronological,trees,True,True,aqua_solution_proposal_expected,full,-0.02080843141248746,2556
chronological__trees__pinned,chronological,trees,True,True,aqua_storytelling_expected,full,-0.01976025611911983,2556
chronological__trees__pinned,chronological,trees,True,True,aqua_vulgarity_expected,full,-0.001297267614043525,2556
chronological__trees__pinned,chronological,trees,True,True,article_similarity_top3,full,0.02294256173197282,2556
chronological__trees__pinned,chronological,trees,True,True,author_prior_30d_downvote_reception,full,0.029868349044841806,2556
chronological__trees__pinned,chronological,trees,True,True,author_prior_30d_upvote_reception,full,0.10034165913006429,2556
chronological__trees__pinned,chronological,trees,True,True,discussion_pace,full,0.02489196469128367,2556
chronological__trees__pinned,chronological,trees,True,True,is_reply,full,-0.23926671032003066,2556
chronological__trees__pinned,chronological,trees,True,True,lexdiv_length_adjusted,full,0.005835393579986927,2556
chronological__trees__pinned,chronological,trees,True,True,log_author_prior_30d_comments,full,0.03191073074109186,2556
chronological__trees__pinned,chronological,trees,True,True,log_author_prior_comments_story,full,-0.11319470580339483,2556
chronological__trees__pinned,chronological,trees,True,True,log_hours_since_article,full,-0.6102693973534516,2556
chronological__trees__pinned,chronological,trees,True,True,log_words,full,-0.02001895303836922,2556
chronological__trees__pinned,chronological,trees,True,True,novelty_prior_all_model,full,0.17530799584233725,2556
chronological__trees__pinned,chronological,trees,True,True,prior_reply_composition,full,-0.6225590284638115,2556
chronological__trees__pinned,chronological,trees,True,True,reading_level_length_adjusted,full,0.006161488384851454,2556
chronological__trees__pinned,chronological,trees,True,True,reply_depth_centered,full,-0.03667509051633277,2556
chronological__trees__pinned,chronological,trees,True,True,sentiment_negative,full,-0.0020122264994954005,2556
chronological__trees__pinned,chronological,trees,True,True,sentiment_positive,full,0.005770038042452716,2556
chronological__trees__pinned,chronological,trees,True,True,toxicity_probability,full,-0.010231483017336451,2556
chronological__trees__pinned,chronological,trees,True,True,url_present,full,-0.038649827071872145,2556
chronological__trees__pinned,chronological,trees,True,True,vienna_overnight,full,-0.2452680856141087,2556
chronological__trees__pinned,chronological,trees,True,True,vienna_weekday_shoulder_evening,full,-0.1067649570556,2556
chronological__trees__pinned,chronological,trees,True,True,vienna_weekend_day_evening,full,-0.20410918754315227,2556
chronological__trees__unpinned,chronological,trees,False,True,aqua_additional_knowledge_expected,full,-0.06431636072524412,2556
chronological__trees__unpinned,chronological,trees,False,True,aqua_discrimination_expected,full,-0.03136192244420341,2556
chronological__trees__unpinned,chronological,trees,False,True,aqua_fact_expected,full,-0.05261103338136926,2556
chronological__trees__unpinned,chronological,trees,False,True,aqua_insult_expected,full,-0.030023729815808746,2556
chronological__trees__unpinned,chronological,trees,False,True,aqua_justification_expected,full,-0.05477492679194556,2556
chronological__trees__unpinned,chronological,trees,False,True,aqua_opinion_expected,full,-0.019753227406148065,2556
chronological__trees__unpinned,chronological,trees,False,True,aqua_polite_address_expected,full,-0.029376753061305324,2556
chronological__trees__unpinned,chronological,trees,False,True,aqua_question_expected,full,-0.004478304629345911,2556
chronological__trees__unpinned,chronological,trees,False,True,aqua_referencing_contents_expected,full,0.02335321563486016,2556
chronological__trees__unpinned,chronological,trees,False,True,aqua_referencing_format_expected,full,-0.03835690629283033,2556
chronological__trees__unpinned,chronological,trees,False,True,aqua_referencing_medium_expected,full,-0.031120285779303872,2556
chronological__trees__unpinned,chronological,trees,False,True,aqua_referencing_personal_expected,full,-0.02674645444273112,2556
chronological__trees__unpinned,chronological,trees,False,True,aqua_referencing_users_expected,full,0.0028210032251000192,2556
chronological__trees__unpinned,chronological,trees,False,True,aqua_relevance_expected,full,-0.02482025804790151,2556
chronological__trees__unpinned,chronological,trees,False,True,aqua_respect_expected,full,-0.0016388025517708675,2556
chronological__trees__unpinned,chronological,trees,False,True,aqua_sarcasm_expected,full,-0.017788835746127763,2556
chronological__trees__unpinned,chronological,trees,False,True,aqua_screaming_expected,full,-0.038739589302426124,2556
chronological__trees__unpinned,chronological,trees,False,True,aqua_solution_proposal_expected,full,-0.05587067144004528,2556
chronological__trees__unpinned,chronological,trees,False,True,aqua_storytelling_expected,full,-0.05748570199376713,2556
chronological__trees__unpinned,chronological,trees,False,True,aqua_vulgarity_expected,full,-0.04293928869854059,2556
chronological__trees__unpinned,chronological,trees,False,True,article_similarity_top3,full,-0.06044067476344948,2556
chronological__trees__unpinned,chronological,trees,False,True,author_prior_30d_downvote_reception,full,-0.0023367998197414575,2556
chronological__trees__unpinned,chronological,trees,False,True,author_prior_30d_upvote_reception,full,0.059193642658641396,2556
chronological__trees__unpinned,chronological,trees,False,True,discussion_pace,full,0.011083417030572229,2556
chronological__trees__unpinned,chronological,trees,False,True,is_reply,full,0.20285980133762205,2556
chronological__trees__unpinned,chronological,trees,False,True,lexdiv_length_adjusted,full,-0.009286560181749516,2556
chronological__trees__unpinned,chronological,trees,False,True,log_author_prior_30d_comments,full,0.05746817770482881,2556
chronological__trees__unpinned,chronological,trees,False,True,log_author_prior_comments_story,full,-0.02012028890131709,2556
chronological__trees__unpinned,chronological,trees,False,True,log_hours_since_article,full,-0.6197500212093524,2556
chronological__trees__unpinned,chronological,trees,False,True,log_words,full,-0.06422709192851099,2556
chronological__trees__unpinned,chronological,trees,False,True,novelty_prior_all_model,full,0.1858538484392173,2556
chronological__trees__unpinned,chronological,trees,False,True,prior_reply_composition,full,-0.6824822301779705,2556
chronological__trees__unpinned,chronological,trees,False,True,reading_level_length_adjusted,full,-0.005344215263756504,2556
chronological__trees__unpinned,chronological,trees,False,True,reply_depth_centered,full,-0.012016927691447259,2556
chronological__trees__unpinned,chronological,trees,False,True,sentiment_negative,full,-0.012787117432981925,2556
chronological__trees__unpinned,chronological,trees,False,True,sentiment_positive,full,0.009208478767120259,2556
chronological__trees__unpinned,chronological,trees,False,True,toxicity_probability,full,-0.04167200066023172,2556
chronological__trees__unpinned,chronological,trees,False,True,url_present,full,-0.0690641474689068,2556
chronological__trees__unpinned,chronological,trees,False,True,vienna_overnight,full,-0.1848186453211278,2556
chronological__trees__unpinned,chronological,trees,False,True,vienna_weekday_shoulder_evening,full,-0.07355097551511243,2556
chronological__trees__unpinned,chronological,trees,False,True,vienna_weekend_day_evening,full,-0.17335191640238007,2556
neural_metadata_audience__hidden__pinned,neural_metadata_audience,hidden,True,True,aqua_additional_knowledge_expected,full,0.1462171835935329,2556
neural_metadata_audience__hidden__pinned,neural_metadata_audience,hidden,True,True,aqua_discrimination_expected,full,0.10984946137598772,2556
neural_metadata_audience__hidden__pinned,neural_metadata_audience,hidden,True,True,aqua_fact_expected,full,0.17087326089596666,2556
neural_metadata_audience__hidden__pinned,neural_metadata_audience,hidden,True,True,aqua_insult_expected,full,0.1003764913366557,2556
neural_metadata_audience__hidden__pinned,neural_metadata_audience,hidden,True,True,aqua_justification_expected,full,0.18861659649395607,2556
neural_metadata_audience__hidden__pinned,neural_metadata_audience,hidden,True,True,aqua_opinion_expected,full,0.1018084085200327,2556
neural_metadata_audience__hidden__pinned,neural_metadata_audience,hidden,True,True,aqua_polite_address_expected,full,0.0850166671332156,2556
neural_metadata_audience__hidden__pinned,neural_metadata_audience,hidden,True,True,aqua_question_expected,full,-0.04063260367545823,2556
neural_metadata_audience__hidden__pinned,neural_metadata_audience,hidden,True,True,aqua_referencing_contents_expected,full,-0.1349174043520598,2556
neural_metadata_audience__hidden__pinned,neural_metadata_audience,hidden,True,True,aqua_referencing_format_expected,full,0.10685858224388006,2556
neural_metadata_audience__hidden__pinned,neural_metadata_audience,hidden,True,True,aqua_referencing_medium_expected,full,0.0688131947089148,2556
neural_metadata_audience__hidden__pinned,neural_metadata_audience,hidden,True,True,aqua_referencing_personal_expected,full,0.04096951239597822,2556
neural_metadata_audience__hidden__pinned,neural_metadata_audience,hidden,True,True,aqua_referencing_users_expected,full,-0.07680674079052612,2556
neural_metadata_audience__hidden__pinned,neural_metadata_audience,hidden,True,True,aqua_relevance_expected,full,0.09581224384979789,2556
neural_metadata_audience__hidden__pinned,neural_metadata_audience,hidden,True,True,aqua_respect_expected,full,0.025843497867890673,2556
neural_metadata_audience__hidden__pinned,neural_metadata_audience,hidden,True,True,aqua_sarcasm_expected,full,0.04915209825834634,2556
neural_metadata_audience__hidden__pinned,neural_metadata_audience,hidden,True,True,aqua_screaming_expected,full,0.05122560961002523,2556
neural_metadata_audience__hidden__pinned,neural_metadata_audience,hidden,True,True,aqua_solution_proposal_expected,full,0.14531101787496417,2556
neural_metadata_audience__hidden__pinned,neural_metadata_audience,hidden,True,True,aqua_storytelling_expected,full,0.1265920523439272,2556
neural_metadata_audience__hidden__pinned,neural_metadata_audience,hidden,True,True,aqua_vulgarity_expected,full,0.12330092514029059,2556
neural_metadata_audience__hidden__pinned,neural_metadata_audience,hidden,True,True,article_similarity_top3,full,0.2702812304423112,2556
neural_metadata_audience__hidden__pinned,neural_metadata_audience,hidden,True,True,author_prior_30d_downvote_reception,full,0.09076132161961808,2556
neural_metadata_audience__hidden__pinned,neural_metadata_audience,hidden,True,True,author_prior_30d_upvote_reception,full,0.182898540748956,2556
neural_metadata_audience__hidden__pinned,neural_metadata_audience,hidden,True,True,discussion_pace,full,-0.04276993204833351,2556
neural_metadata_audience__hidden__pinned,neural_metadata_audience,hidden,True,True,is_reply,full,-0.997529121714584,2556
neural_metadata_audience__hidden__pinned,neural_metadata_audience,hidden,True,True,lexdiv_length_adjusted,full,0.03719079440060885,2556
neural_metadata_audience__hidden__pinned,neural_metadata_audience,hidden,True,True,log_author_prior_30d_comments,full,-0.0806125141842439,2556
neural_metadata_audience__hidden__pinned,neural_metadata_audience,hidden,True,True,log_author_prior_comments_story,full,-0.4858146884944703,2556
neural_metadata_audience__hidden__pinned,neural_metadata_audience,hidden,True,True,log_hours_since_article,full,-0.3271969443882848,2556
neural_metadata_audience__hidden__pinned,neural_metadata_audience,hidden,True,True,log_words,full,0.1938049905203922,2556
neural_metadata_audience__hidden__pinned,neural_metadata_audience,hidden,True,True,novelty_prior_all_model,full,0.0166175289047666,2556
neural_metadata_audience__hidden__pinned,neural_metadata_audience,hidden,True,True,prior_reply_composition,full,-0.2885008703396357,2556
neural_metadata_audience__hidden__pinned,neural_metadata_audience,hidden,True,True,reading_level_length_adjusted,full,0.02941355484027484,2556
neural_metadata_audience__hidden__pinned,neural_metadata_audience,hidden,True,True,reply_depth_centered,full,0.11001624893383564,2556
neural_metadata_audience__hidden__pinned,neural_metadata_audience,hidden,True,True,sentiment_negative,full,0.053814392001237665,2556
neural_metadata_audience__hidden__pinned,neural_metadata_audience,hidden,True,True,sentiment_positive,full,-0.023445458691483054,2556
neural_metadata_audience__hidden__pinned,neural_metadata_audience,hidden,True,True,toxicity_probability,full,0.047902600550397134,2556
neural_metadata_audience__hidden__pinned,neural_metadata_audience,hidden,True,True,url_present,full,-0.04275963585259627,2556
neural_metadata_audience__hidden__pinned,neural_metadata_audience,hidden,True,True,vienna_overnight,full,-0.1460934243778229,2556
neural_metadata_audience__hidden__pinned,neural_metadata_audience,hidden,True,True,vienna_weekday_shoulder_evening,full,-0.085465402490868,2556
neural_metadata_audience__hidden__pinned,neural_metadata_audience,hidden,True,True,vienna_weekend_day_evening,full,-0.1420023385085337,2556
neural_metadata_audience__hidden__unpinned,neural_metadata_audience,hidden,False,True,aqua_additional_knowledge_expected,full,0.14817631195568354,2556
neural_metadata_audience__hidden__unpinned,neural_metadata_audience,hidden,False,True,aqua_discrimination_expected,full,0.11180063635499318,2556
neural_metadata_audience__hidden__unpinned,neural_metadata_audience,hidden,False,True,aqua_fact_expected,full,0.17360271350330875,2556
neural_metadata_audience__hidden__unpinned,neural_metadata_audience,hidden,False,True,aqua_insult_expected,full,0.10210435541704344,2556
neural_metadata_audience__hidden__unpinned,neural_metadata_audience,hidden,False,True,aqua_justification_expected,full,0.1921995387576429,2556
neural_metadata_audience__hidden__unpinned,neural_metadata_audience,hidden,False,True,aqua_opinion_expected,full,0.10508556248613751,2556
neural_metadata_audience__hidden__unpinned,neural_metadata_audience,hidden,False,True,aqua_polite_address_expected,full,0.08623995073717347,2556
neural_metadata_audience__hidden__unpinned,neural_metadata_audience,hidden,False,True,aqua_question_expected,full,-0.04004321393061198,2556
neural_metadata_audience__hidden__unpinned,neural_metadata_audience,hidden,False,True,aqua_referencing_contents_expected,full,-0.13211921077044278,2556
neural_metadata_audience__hidden__unpinned,neural_metadata_audience,hidden,False,True,aqua_referencing_format_expected,full,0.10866045071147319,2556
neural_metadata_audience__hidden__unpinned,neural_metadata_audience,hidden,False,True,aqua_referencing_medium_expected,full,0.06966901814551982,2556
neural_metadata_audience__hidden__unpinned,neural_metadata_audience,hidden,False,True,aqua_referencing_personal_expected,full,0.042839064465389286,2556
neural_metadata_audience__hidden__unpinned,neural_metadata_audience,hidden,False,True,aqua_referencing_users_expected,full,-0.0734576040659358,2556
neural_metadata_audience__hidden__unpinned,neural_metadata_audience,hidden,False,True,aqua_relevance_expected,full,0.09658096459175643,2556
neural_metadata_audience__hidden__unpinned,neural_metadata_audience,hidden,False,True,aqua_respect_expected,full,0.02644697871655925,2556
neural_metadata_audience__hidden__unpinned,neural_metadata_audience,hidden,False,True,aqua_sarcasm_expected,full,0.049885894911007075,2556
neural_metadata_audience__hidden__unpinned,neural_metadata_audience,hidden,False,True,aqua_screaming_expected,full,0.05141905867564815,2556
neural_metadata_audience__hidden__unpinned,neural_metadata_audience,hidden,False,True,aqua_solution_proposal_expected,full,0.1469508631161614,2556
neural_metadata_audience__hidden__unpinned,neural_metadata_audience,hidden,False,True,aqua_storytelling_expected,full,0.12825629097448393,2556
neural_metadata_audience__hidden__unpinned,neural_metadata_audience,hidden,False,True,aqua_vulgarity_expected,full,0.12457602606198372,2556
neural_metadata_audience__hidden__unpinned,neural_metadata_audience,hidden,False,True,article_similarity_top3,full,0.2716124099528061,2556
neural_metadata_audience__hidden__unpinned,neural_metadata_audience,hidden,False,True,author_prior_30d_downvote_reception,full,0.09087952986940402,2556
neural_metadata_audience__hidden__unpinned,neural_metadata_audience,hidden,False,True,author_prior_30d_upvote_reception,full,0.18698388172910277,2556
neural_metadata_audience__hidden__unpinned,neural_metadata_audience,hidden,False,True,discussion_pace,full,-0.05756230118015783,2556
neural_metadata_audience__hidden__unpinned,neural_metadata_audience,hidden,False,True,is_reply,full,-0.9975493608970506,2556
neural_metadata_audience__hidden__unpinned,neural_metadata_audience,hidden,False,True,lexdiv_length_adjusted,full,0.038285084150235196,2556
neural_metadata_audience__hidden__unpinned,neural_metadata_audience,hidden,False,True,log_author_prior_30d_comments,full,-0.07998838798601327,2556
neural_metadata_audience__hidden__unpinned,neural_metadata_audience,hidden,False,True,log_author_prior_comments_story,full,-0.4869217721591514,2556
neural_metadata_audience__hidden__unpinned,neural_metadata_audience,hidden,False,True,log_hours_since_article,full,-0.337817295988449,2556
neural_metadata_audience__hidden__unpinned,neural_metadata_audience,hidden,False,True,log_words,full,0.19694833444483598,2556
neural_metadata_audience__hidden__unpinned,neural_metadata_audience,hidden,False,True,novelty_prior_all_model,full,0.018600394214433894,2556
neural_metadata_audience__hidden__unpinned,neural_metadata_audience,hidden,False,True,prior_reply_composition,full,-0.29393069612855127,2556
neural_metadata_audience__hidden__unpinned,neural_metadata_audience,hidden,False,True,reading_level_length_adjusted,full,0.028939521094476495,2556
neural_metadata_audience__hidden__unpinned,neural_metadata_audience,hidden,False,True,reply_depth_centered,full,0.1109903095258957,2556
neural_metadata_audience__hidden__unpinned,neural_metadata_audience,hidden,False,True,sentiment_negative,full,0.05901566438871942,2556
neural_metadata_audience__hidden__unpinned,neural_metadata_audience,hidden,False,True,sentiment_positive,full,-0.026537375763975423,2556
neural_metadata_audience__hidden__unpinned,neural_metadata_audience,hidden,False,True,toxicity_probability,full,0.05144064010716041,2556
neural_metadata_audience__hidden__unpinned,neural_metadata_audience,hidden,False,True,url_present,full,-0.05325546762781318,2556
neural_metadata_audience__hidden__unpinned,neural_metadata_audience,hidden,False,True,vienna_overnight,full,-0.14438022263230382,2556
neural_metadata_audience__hidden__unpinned,neural_metadata_audience,hidden,False,True,vienna_weekday_shoulder_evening,full,-0.08544084586272598,2556
neural_metadata_audience__hidden__unpinned,neural_metadata_audience,hidden,False,True,vienna_weekend_day_evening,full,-0.14225960662073367,2556
neural_metadata_audience__loose__pinned,neural_metadata_audience,loose,True,True,aqua_additional_knowledge_expected,full,0.1740306643060981,2556
neural_metadata_audience__loose__pinned,neural_metadata_audience,loose,True,True,aqua_discrimination_expected,full,0.12772056551917702,2556
neural_metadata_audience__loose__pinned,neural_metadata_audience,loose,True,True,aqua_fact_expected,full,0.2071810165297335,2556
neural_metadata_audience__loose__pinned,neural_metadata_audience,loose,True,True,aqua_insult_expected,full,0.1096418553731522,2556
neural_metadata_audience__loose__pinned,neural_metadata_audience,loose,True,True,aqua_justification_expected,full,0.20105141913787378,2556
neural_metadata_audience__loose__pinned,neural_metadata_audience,loose,True,True,aqua_opinion_expected,full,0.07094686140819438,2556
neural_metadata_audience__loose__pinned,neural_metadata_audience,loose,True,True,aqua_polite_address_expected,full,0.09161024632992845,2556
neural_metadata_audience__loose__pinned,neural_metadata_audience,loose,True,True,aqua_question_expected,full,-0.04444736320187381,2556
neural_metadata_audience__loose__pinned,neural_metadata_audience,loose,True,True,aqua_referencing_contents_expected,full,-0.14037124818155183,2556
neural_metadata_audience__loose__pinned,neural_metadata_audience,loose,True,True,aqua_referencing_format_expected,full,0.11297905802078652,2556
neural_metadata_audience__loose__pinned,neural_metadata_audience,loose,True,True,aqua_referencing_medium_expected,full,0.07451313388881695,2556
neural_metadata_audience__loose__pinned,neural_metadata_audience,loose,True,True,aqua_referencing_personal_expected,full,0.04791692390780521,2556
neural_metadata_audience__loose__pinned,neural_metadata_audience,loose,True,True,aqua_referencing_users_expected,full,-0.07299061030824115,2556
neural_metadata_audience__loose__pinned,neural_metadata_audience,loose,True,True,aqua_relevance_expected,full,0.11048303910698672,2556
neural_metadata_audience__loose__pinned,neural_metadata_audience,loose,True,True,aqua_respect_expected,full,0.0050733209692079406,2556
neural_metadata_audience__loose__pinned,neural_metadata_audience,loose,True,True,aqua_sarcasm_expected,full,0.04562231192709904,2556
neural_metadata_audience__loose__pinned,neural_metadata_audience,loose,True,True,aqua_screaming_expected,full,0.03903623788574737,2556
neural_metadata_audience__loose__pinned,neural_metadata_audience,loose,True,True,aqua_solution_proposal_expected,full,0.15671552977174752,2556
neural_metadata_audience__loose__pinned,neural_metadata_audience,loose,True,True,aqua_storytelling_expected,full,0.12792943230512546,2556
neural_metadata_audience__loose__pinned,neural_metadata_audience,loose,True,True,aqua_vulgarity_expected,full,0.11466633318334493,2556
neural_metadata_audience__loose__pinned,neural_metadata_audience,loose,True,True,article_similarity_top3,full,0.2761656670595273,2556
neural_metadata_audience__loose__pinned,neural_metadata_audience,loose,True,True,author_prior_30d_downvote_reception,full,0.07769908865326317,2556
neural_metadata_audience__loose__pinned,neural_metadata_audience,loose,True,True,author_prior_30d_upvote_reception,full,0.23839831136436943,2556
neural_metadata_audience__loose__pinned,neural_metadata_audience,loose,True,True,discussion_pace,full,0.08127704882285304,2556
neural_metadata_audience__loose__pinned,neural_metadata_audience,loose,True,True,is_reply,full,-0.9011468224229842,2556
neural_metadata_audience__loose__pinned,neural_metadata_audience,loose,True,True,lexdiv_length_adjusted,full,0.038495388748218215,2556
neural_metadata_audience__loose__pinned,neural_metadata_audience,loose,True,True,log_author_prior_30d_comments,full,-0.09279364918061277,2556
neural_metadata_audience__loose__pinned,neural_metadata_audience,loose,True,True,log_author_prior_comments_story,full,-0.5892703694550779,2556
neural_metadata_audience__loose__pinned,neural_metadata_audience,loose,True,True,log_hours_since_article,full,-0.6091772238030247,2556
neural_metadata_audience__loose__pinned,neural_metadata_audience,loose,True,True,log_words,full,0.203745594720582,2556
neural_metadata_audience__loose__pinned,neural_metadata_audience,loose,True,True,novelty_prior_all_model,full,0.07847809324697771,2556
neural_metadata_audience__loose__pinned,neural_metadata_audience,loose,True,True,prior_reply_composition,full,-0.585690592039368,2556
neural_metadata_audience__loose__pinned,neural_metadata_audience,loose,True,True,reading_level_length_adjusted,full,0.06561403152575745,2556
neural_metadata_audience__loose__pinned,neural_metadata_audience,loose,True,True,reply_depth_centered,full,-0.24596599925809054,2556
neural_metadata_audience__loose__pinned,neural_metadata_audience,loose,True,True,sentiment_negative,full,0.05586994407829286,2556
neural_metadata_audience__loose__pinned,neural_metadata_audience,loose,True,True,sentiment_positive,full,-0.04064177368908847,2556
neural_metadata_audience__loose__pinned,neural_metadata_audience,loose,True,True,toxicity_probability,full,0.06544589709357336,2556
neural_metadata_audience__loose__pinned,neural_metadata_audience,loose,True,True,url_present,full,0.037945046271811986,2556
neural_metadata_audience__loose__pinned,neural_metadata_audience,loose,True,True,vienna_overnight,full,-0.25482104832936237,2556
neural_metadata_audience__loose__pinned,neural_metadata_audience,loose,True,True,vienna_weekday_shoulder_evening,full,-0.13711919649170357,2556
neural_metadata_audience__loose__pinned,neural_metadata_audience,loose,True,True,vienna_weekend_day_evening,full,-0.24088710487211173,2556
neural_metadata_audience__loose__unpinned,neural_metadata_audience,loose,False,True,aqua_additional_knowledge_expected,full,0.22079073816067338,2556
neural_metadata_audience__loose__unpinned,neural_metadata_audience,loose,False,True,aqua_discrimination_expected,full,0.15507691107624152,2556
neural_metadata_audience__loose__unpinned,neural_metadata_audience,loose,False,True,aqua_fact_expected,full,0.2515986057454873,2556
neural_metadata_audience__loose__unpinned,neural_metadata_audience,loose,False,True,aqua_insult_expected,full,0.12255567793186806,2556
neural_metadata_audience__loose__unpinned,neural_metadata_audience,loose,False,True,aqua_justification_expected,full,0.2419138064852688,2556
neural_metadata_audience__loose__unpinned,neural_metadata_audience,loose,False,True,aqua_opinion_expected,full,0.07102328825630205,2556
neural_metadata_audience__loose__unpinned,neural_metadata_audience,loose,False,True,aqua_polite_address_expected,full,0.11858696324057583,2556
neural_metadata_audience__loose__unpinned,neural_metadata_audience,loose,False,True,aqua_question_expected,full,-0.05598270526494523,2556
neural_metadata_audience__loose__unpinned,neural_metadata_audience,loose,False,True,aqua_referencing_contents_expected,full,-0.15310966673964566,2556
neural_metadata_audience__loose__unpinned,neural_metadata_audience,loose,False,True,aqua_referencing_format_expected,full,0.12435777933541671,2556
neural_metadata_audience__loose__unpinned,neural_metadata_audience,loose,False,True,aqua_referencing_medium_expected,full,0.082322064210683,2556
neural_metadata_audience__loose__unpinned,neural_metadata_audience,loose,False,True,aqua_referencing_personal_expected,full,0.051488064334904916,2556
neural_metadata_audience__loose__unpinned,neural_metadata_audience,loose,False,True,aqua_referencing_users_expected,full,-0.07716108505678387,2556
neural_metadata_audience__loose__unpinned,neural_metadata_audience,loose,False,True,aqua_relevance_expected,full,0.14472996619446063,2556
neural_metadata_audience__loose__unpinned,neural_metadata_audience,loose,False,True,aqua_respect_expected,full,0.004882337351750646,2556
neural_metadata_audience__loose__unpinned,neural_metadata_audience,loose,False,True,aqua_sarcasm_expected,full,0.04339617033753215,2556
neural_metadata_audience__loose__unpinned,neural_metadata_audience,loose,False,True,aqua_screaming_expected,full,0.038181914493995994,2556
neural_metadata_audience__loose__unpinned,neural_metadata_audience,loose,False,True,aqua_solution_proposal_expected,full,0.19464506566897322,2556
neural_metadata_audience__loose__unpinned,neural_metadata_audience,loose,False,True,aqua_storytelling_expected,full,0.1653530977449425,2556
neural_metadata_audience__loose__unpinned,neural_metadata_audience,loose,False,True,aqua_vulgarity_expected,full,0.12118244831939358,2556
neural_metadata_audience__loose__unpinned,neural_metadata_audience,loose,False,True,article_similarity_top3,full,0.3091980902616251,2556
neural_metadata_audience__loose__unpinned,neural_metadata_audience,loose,False,True,author_prior_30d_downvote_reception,full,0.07544075150802847,2556
neural_metadata_audience__loose__unpinned,neural_metadata_audience,loose,False,True,author_prior_30d_upvote_reception,full,0.2739161907839164,2556
neural_metadata_audience__loose__unpinned,neural_metadata_audience,loose,False,True,discussion_pace,full,0.13239304728499396,2556
neural_metadata_audience__loose__unpinned,neural_metadata_audience,loose,False,True,is_reply,full,-0.880935949905773,2556
neural_metadata_audience__loose__unpinned,neural_metadata_audience,loose,False,True,lexdiv_length_adjusted,full,0.04323122267186885,2556
neural_metadata_audience__loose__unpinned,neural_metadata_audience,loose,False,True,log_author_prior_30d_comments,full,-0.1300888142310486,2556
neural_metadata_audience__loose__unpinned,neural_metadata_audience,loose,False,True,log_author_prior_comments_story,full,-0.7187979248239398,2556
neural_metadata_audience__loose__unpinned,neural_metadata_audience,loose,False,True,log_hours_since_article,full,-0.7245745392430047,2556
neural_metadata_audience__loose__unpinned,neural_metadata_audience,loose,False,True,log_words,full,0.241091450682424,2556
neural_metadata_audience__loose__unpinned,neural_metadata_audience,loose,False,True,novelty_prior_all_model,full,0.08454783444278598,2556
neural_metadata_audience__loose__unpinned,neural_metadata_audience,loose,False,True,prior_reply_composition,full,-0.7119439873183377,2556
neural_metadata_audience__loose__unpinned,neural_metadata_audience,loose,False,True,reading_level_length_adjusted,full,0.08597544807741749,2556
neural_metadata_audience__loose__unpinned,neural_metadata_audience,loose,False,True,reply_depth_centered,full,-0.41586031927033745,2556
neural_metadata_audience__loose__unpinned,neural_metadata_audience,loose,False,True,sentiment_negative,full,0.06336863087758063,2556
neural_metadata_audience__loose__unpinned,neural_metadata_audience,loose,False,True,sentiment_positive,full,-0.045341565239207564,2556
neural_metadata_audience__loose__unpinned,neural_metadata_audience,loose,False,True,toxicity_probability,full,0.06943559080195888,2556
neural_metadata_audience__loose__unpinned,neural_metadata_audience,loose,False,True,url_present,full,0.05186437720722248,2556
neural_metadata_audience__loose__unpinned,neural_metadata_audience,loose,False,True,vienna_overnight,full,-0.2705326465586776,2556
neural_metadata_audience__loose__unpinned,neural_metadata_audience,loose,False,True,vienna_weekday_shoulder_evening,full,-0.14642345371915033,2556
neural_metadata_audience__loose__unpinned,neural_metadata_audience,loose,False,True,vienna_weekend_day_evening,full,-0.27734355575639036,2556
neural_metadata_audience__trees__pinned,neural_metadata_audience,trees,True,True,aqua_additional_knowledge_expected,full,0.08099707691797216,2556
neural_metadata_audience__trees__pinned,neural_metadata_audience,trees,True,True,aqua_discrimination_expected,full,0.07259754116168891,2556
neural_metadata_audience__trees__pinned,neural_metadata_audience,trees,True,True,aqua_fact_expected,full,0.09488036245522921,2556
neural_metadata_audience__trees__pinned,neural_metadata_audience,trees,True,True,aqua_insult_expected,full,0.04117926342165099,2556
neural_metadata_audience__trees__pinned,neural_metadata_audience,trees,True,True,aqua_justification_expected,full,0.11196697480991255,2556
neural_metadata_audience__trees__pinned,neural_metadata_audience,trees,True,True,aqua_opinion_expected,full,0.06012721761953278,2556
neural_metadata_audience__trees__pinned,neural_metadata_audience,trees,True,True,aqua_polite_address_expected,full,0.05221902796712713,2556
neural_metadata_audience__trees__pinned,neural_metadata_audience,trees,True,True,aqua_question_expected,full,-0.02679422950484144,2556
neural_metadata_audience__trees__pinned,neural_metadata_audience,trees,True,True,aqua_referencing_contents_expected,full,-0.015456203410117731,2556
neural_metadata_audience__trees__pinned,neural_metadata_audience,trees,True,True,aqua_referencing_format_expected,full,0.044346778728667595,2556
neural_metadata_audience__trees__pinned,neural_metadata_audience,trees,True,True,aqua_referencing_medium_expected,full,0.03253666652139233,2556
neural_metadata_audience__trees__pinned,neural_metadata_audience,trees,True,True,aqua_referencing_personal_expected,full,0.02019107503958686,2556
neural_metadata_audience__trees__pinned,neural_metadata_audience,trees,True,True,aqua_referencing_users_expected,full,0.008788690008024607,2556
neural_metadata_audience__trees__pinned,neural_metadata_audience,trees,True,True,aqua_relevance_expected,full,0.06595782266892262,2556
neural_metadata_audience__trees__pinned,neural_metadata_audience,trees,True,True,aqua_respect_expected,full,0.011079428363091101,2556
neural_metadata_audience__trees__pinned,neural_metadata_audience,trees,True,True,aqua_sarcasm_expected,full,0.008271913507788968,2556
neural_metadata_audience__trees__pinned,neural_metadata_audience,trees,True,True,aqua_screaming_expected,full,-0.02023860711379304,2556
neural_metadata_audience__trees__pinned,neural_metadata_audience,trees,True,True,aqua_solution_proposal_expected,full,0.08930151843413697,2556
neural_metadata_audience__trees__pinned,neural_metadata_audience,trees,True,True,aqua_storytelling_expected,full,0.08252432865029301,2556
neural_metadata_audience__trees__pinned,neural_metadata_audience,trees,True,True,aqua_vulgarity_expected,full,0.035778257237405804,2556
neural_metadata_audience__trees__pinned,neural_metadata_audience,trees,True,True,article_similarity_top3,full,0.09937759410613253,2556
neural_metadata_audience__trees__pinned,neural_metadata_audience,trees,True,True,author_prior_30d_downvote_reception,full,0.006690363172351014,2556
neural_metadata_audience__trees__pinned,neural_metadata_audience,trees,True,True,author_prior_30d_upvote_reception,full,0.13328012216258345,2556
neural_metadata_audience__trees__pinned,neural_metadata_audience,trees,True,True,discussion_pace,full,0.06259604920348488,2556
neural_metadata_audience__trees__pinned,neural_metadata_audience,trees,True,True,is_reply,full,-0.23384200291620594,2556
neural_metadata_audience__trees__pinned,neural_metadata_audience,trees,True,True,lexdiv_length_adjusted,full,0.013694732474341558,2556
neural_metadata_audience__trees__pinned,neural_metadata_audience,trees,True,True,log_author_prior_30d_comments,full,0.017953890248633978,2556
neural_metadata_audience__trees__pinned,neural_metadata_audience,trees,True,True,log_author_prior_comments_story,full,-0.08643324246175227,2556
neural_metadata_audience__trees__pinned,neural_metadata_audience,trees,True,True,log_hours_since_article,full,-0.5215579270282075,2556
neural_metadata_audience__trees__pinned,neural_metadata_audience,trees,True,True,log_words,full,0.10785878500938204,2556
neural_metadata_audience__trees__pinned,neural_metadata_audience,trees,True,True,novelty_prior_all_model,full,0.08530363757324137,2556
neural_metadata_audience__trees__pinned,neural_metadata_audience,trees,True,True,prior_reply_composition,full,-0.5192513235230094,2556
neural_metadata_audience__trees__pinned,neural_metadata_audience,trees,True,True,reading_level_length_adjusted,full,0.015820020950469787,2556
neural_metadata_audience__trees__pinned,neural_metadata_audience,trees,True,True,reply_depth_centered,full,-0.03413824907358862,2556
neural_metadata_audience__trees__pinned,neural_metadata_audience,trees,True,True,sentiment_negative,full,0.028165181928284863,2556
neural_metadata_audience__trees__pinned,neural_metadata_audience,trees,True,True,sentiment_positive,full,-0.020742804788123025,2556
neural_metadata_audience__trees__pinned,neural_metadata_audience,trees,True,True,toxicity_probability,full,0.003039728322780859,2556
neural_metadata_audience__trees__pinned,neural_metadata_audience,trees,True,True,url_present,full,-0.05808003333964377,2556
neural_metadata_audience__trees__pinned,neural_metadata_audience,trees,True,True,vienna_overnight,full,-0.22762591196221438,2556
neural_metadata_audience__trees__pinned,neural_metadata_audience,trees,True,True,vienna_weekday_shoulder_evening,full,-0.09187135647457657,2556
neural_metadata_audience__trees__pinned,neural_metadata_audience,trees,True,True,vienna_weekend_day_evening,full,-0.19395734623938593,2556
neural_metadata_audience__trees__unpinned,neural_metadata_audience,trees,False,True,aqua_additional_knowledge_expected,full,0.07862536768611765,2556
neural_metadata_audience__trees__unpinned,neural_metadata_audience,trees,False,True,aqua_discrimination_expected,full,0.08654711629983186,2556
neural_metadata_audience__trees__unpinned,neural_metadata_audience,trees,False,True,aqua_fact_expected,full,0.09794745577871923,2556
neural_metadata_audience__trees__unpinned,neural_metadata_audience,trees,False,True,aqua_insult_expected,full,0.030267942069695002,2556
neural_metadata_audience__trees__unpinned,neural_metadata_audience,trees,False,True,aqua_justification_expected,full,0.12612815697645255,2556
neural_metadata_audience__trees__unpinned,neural_metadata_audience,trees,False,True,aqua_opinion_expected,full,0.07186531374241284,2556
neural_metadata_audience__trees__unpinned,neural_metadata_audience,trees,False,True,aqua_polite_address_expected,full,0.04423949255584716,2556
neural_metadata_audience__trees__unpinned,neural_metadata_audience,trees,False,True,aqua_question_expected,full,-0.04056105458585502,2556
neural_metadata_audience__trees__unpinned,neural_metadata_audience,trees,False,True,aqua_referencing_contents_expected,full,0.03183417002096455,2556
neural_metadata_audience__trees__unpinned,neural_metadata_audience,trees,False,True,aqua_referencing_format_expected,full,0.02367505829955758,2556
neural_metadata_audience__trees__unpinned,neural_metadata_audience,trees,False,True,aqua_referencing_medium_expected,full,0.018766719420322077,2556
neural_metadata_audience__trees__unpinned,neural_metadata_audience,trees,False,True,aqua_referencing_personal_expected,full,0.008773469164020487,2556
neural_metadata_audience__trees__unpinned,neural_metadata_audience,trees,False,True,aqua_referencing_users_expected,full,0.03982512068123161,2556
neural_metadata_audience__trees__unpinned,neural_metadata_audience,trees,False,True,aqua_relevance_expected,full,0.09107335183067108,2556
neural_metadata_audience__trees__unpinned,neural_metadata_audience,trees,False,True,aqua_respect_expected,full,0.011917079561159635,2556
neural_metadata_audience__trees__unpinned,neural_metadata_audience,trees,False,True,aqua_sarcasm_expected,full,-0.006124797659157274,2556
neural_metadata_audience__trees__unpinned,neural_metadata_audience,trees,False,True,aqua_screaming_expected,full,-0.045272729751531196,2556
neural_metadata_audience__trees__unpinned,neural_metadata_audience,trees,False,True,aqua_solution_proposal_expected,full,0.10195539288941667,2556
neural_metadata_audience__trees__unpinned,neural_metadata_audience,trees,False,True,aqua_storytelling_expected,full,0.0974916140308284,2556
neural_metadata_audience__trees__unpinned,neural_metadata_audience,trees,False,True,aqua_vulgarity_expected,full,0.01054816996262607,2556
neural_metadata_audience__trees__unpinned,neural_metadata_audience,trees,False,True,article_similarity_top3,full,0.04511756871861342,2556
neural_metadata_audience__trees__unpinned,neural_metadata_audience,trees,False,True,author_prior_30d_downvote_reception,full,-0.03412699545764093,2556
neural_metadata_audience__trees__unpinned,neural_metadata_audience,trees,False,True,author_prior_30d_upvote_reception,full,0.10096269416546796,2556
neural_metadata_audience__trees__unpinned,neural_metadata_audience,trees,False,True,discussion_pace,full,0.05788169839016753,2556
neural_metadata_audience__trees__unpinned,neural_metadata_audience,trees,False,True,is_reply,full,0.21688070644778398,2556
neural_metadata_audience__trees__unpinned,neural_metadata_audience,trees,False,True,lexdiv_length_adjusted,full,0.0026466425952789735,2556
neural_metadata_audience__trees__unpinned,neural_metadata_audience,trees,False,True,log_author_prior_30d_comments,full,0.033901288446041615,2556
neural_metadata_audience__trees__unpinned,neural_metadata_audience,trees,False,True,log_author_prior_comments_story,full,0.0031939646063743,2556
neural_metadata_audience__trees__unpinned,neural_metadata_audience,trees,False,True,log_hours_since_article,full,-0.4809942006908867,2556
neural_metadata_audience__trees__unpinned,neural_metadata_audience,trees,False,True,log_words,full,0.11228909370755626,2556
neural_metadata_audience__trees__unpinned,neural_metadata_audience,trees,False,True,novelty_prior_all_model,full,0.06224224355141692,2556
neural_metadata_audience__trees__unpinned,neural_metadata_audience,trees,False,True,prior_reply_composition,full,-0.5238771455817361,2556
neural_metadata_audience__trees__unpinned,neural_metadata_audience,trees,False,True,reading_level_length_adjusted,full,0.0069745432165638265,2556
neural_metadata_audience__trees__unpinned,neural_metadata_audience,trees,False,True,reply_depth_centered,full,-0.008868060008030112,2556
neural_metadata_audience__trees__unpinned,neural_metadata_audience,trees,False,True,sentiment_negative,full,0.028364572433104633,2556
neural_metadata_audience__trees__unpinned,neural_metadata_audience,trees,False,True,sentiment_positive,full,-0.025485672590414035,2556
neural_metadata_audience__trees__unpinned,neural_metadata_audience,trees,False,True,toxicity_probability,full,-0.02390770176274853,2556
neural_metadata_audience__trees__unpinned,neural_metadata_audience,trees,False,True,url_present,full,-0.09032758617356705,2556
neural_metadata_audience__trees__unpinned,neural_metadata_audience,trees,False,True,vienna_overnight,full,-0.16584656113659674,2556
neural_metadata_audience__trees__unpinned,neural_metadata_audience,trees,False,True,vienna_weekday_shoulder_evening,full,-0.05733574981923978,2556
neural_metadata_audience__trees__unpinned,neural_metadata_audience,trees,False,True,vienna_weekend_day_evening,full,-0.1590673826889181,2556
neural_metadata_editor__hidden__pinned,neural_metadata_editor,hidden,True,True,aqua_additional_knowledge_expected,full,0.15678325698473602,2556
neural_metadata_editor__hidden__pinned,neural_metadata_editor,hidden,True,True,aqua_discrimination_expected,full,0.10745093163363179,2556
neural_metadata_editor__hidden__pinned,neural_metadata_editor,hidden,True,True,aqua_fact_expected,full,0.17756268108804468,2556
neural_metadata_editor__hidden__pinned,neural_metadata_editor,hidden,True,True,aqua_insult_expected,full,0.09588144709600994,2556
neural_metadata_editor__hidden__pinned,neural_metadata_editor,hidden,True,True,aqua_justification_expected,full,0.19469598306547486,2556
neural_metadata_editor__hidden__pinned,neural_metadata_editor,hidden,True,True,aqua_opinion_expected,full,0.10165540642408873,2556
neural_metadata_editor__hidden__pinned,neural_metadata_editor,hidden,True,True,aqua_polite_address_expected,full,0.0934546254626902,2556
neural_metadata_editor__hidden__pinned,neural_metadata_editor,hidden,True,True,aqua_question_expected,full,-0.04003187154904125,2556
neural_metadata_editor__hidden__pinned,neural_metadata_editor,hidden,True,True,aqua_referencing_contents_expected,full,-0.1306736381475976,2556
neural_metadata_editor__hidden__pinned,neural_metadata_editor,hidden,True,True,aqua_referencing_format_expected,full,0.11726494779996584,2556
neural_metadata_editor__hidden__pinned,neural_metadata_editor,hidden,True,True,aqua_referencing_medium_expected,full,0.07017063656277947,2556
neural_metadata_editor__hidden__pinned,neural_metadata_editor,hidden,True,True,aqua_referencing_personal_expected,full,0.04769768339770832,2556
neural_metadata_editor__hidden__pinned,neural_metadata_editor,hidden,True,True,aqua_referencing_users_expected,full,-0.07316102813386016,2556
neural_metadata_editor__hidden__pinned,neural_metadata_editor,hidden,True,True,aqua_relevance_expected,full,0.09613701843796116,2556
neural_metadata_editor__hidden__pinned,neural_metadata_editor,hidden,True,True,aqua_respect_expected,full,0.027981633625221294,2556
neural_metadata_editor__hidden__pinned,neural_metadata_editor,hidden,True,True,aqua_sarcasm_expected,full,0.04182019446377076,2556
neural_metadata_editor__hidden__pinned,neural_metadata_editor,hidden,True,True,aqua_screaming_expected,full,0.046964220476285234,2556
neural_metadata_editor__hidden__pinned,neural_metadata_editor,hidden,True,True,aqua_solution_proposal_expected,full,0.15373157301256654,2556
neural_metadata_editor__hidden__pinned,neural_metadata_editor,hidden,True,True,aqua_storytelling_expected,full,0.12776250610143364,2556
neural_metadata_editor__hidden__pinned,neural_metadata_editor,hidden,True,True,aqua_vulgarity_expected,full,0.12152599170968346,2556
neural_metadata_editor__hidden__pinned,neural_metadata_editor,hidden,True,True,article_similarity_top3,full,0.2819927387444556,2556
neural_metadata_editor__hidden__pinned,neural_metadata_editor,hidden,True,True,author_prior_30d_downvote_reception,full,0.08494147165524966,2556
neural_metadata_editor__hidden__pinned,neural_metadata_editor,hidden,True,True,author_prior_30d_upvote_reception,full,0.17544051122117096,2556
neural_metadata_editor__hidden__pinned,neural_metadata_editor,hidden,True,True,discussion_pace,full,-0.040738743926240786,2556
neural_metadata_editor__hidden__pinned,neural_metadata_editor,hidden,True,True,is_reply,full,-0.998923861624601,2556
neural_metadata_editor__hidden__pinned,neural_metadata_editor,hidden,True,True,lexdiv_length_adjusted,full,0.0365099933221743,2556
neural_metadata_editor__hidden__pinned,neural_metadata_editor,hidden,True,True,log_author_prior_30d_comments,full,-0.08311564839679085,2556
neural_metadata_editor__hidden__pinned,neural_metadata_editor,hidden,True,True,log_author_prior_comments_story,full,-0.47982386254074694,2556
neural_metadata_editor__hidden__pinned,neural_metadata_editor,hidden,True,True,log_hours_since_article,full,-0.3178770338191351,2556
neural_metadata_editor__hidden__pinned,neural_metadata_editor,hidden,True,True,log_words,full,0.20233590699916473,2556
neural_metadata_editor__hidden__pinned,neural_metadata_editor,hidden,True,True,novelty_prior_all_model,full,0.009434601382621343,2556
neural_metadata_editor__hidden__pinned,neural_metadata_editor,hidden,True,True,prior_reply_composition,full,-0.281117838712847,2556
neural_metadata_editor__hidden__pinned,neural_metadata_editor,hidden,True,True,reading_level_length_adjusted,full,0.03107299718504741,2556
neural_metadata_editor__hidden__pinned,neural_metadata_editor,hidden,True,True,reply_depth_centered,full,0.11112725439984723,2556
neural_metadata_editor__hidden__pinned,neural_metadata_editor,hidden,True,True,sentiment_negative,full,0.03338944354252994,2556
neural_metadata_editor__hidden__pinned,neural_metadata_editor,hidden,True,True,sentiment_positive,full,-0.004925886576479695,2556
neural_metadata_editor__hidden__pinned,neural_metadata_editor,hidden,True,True,toxicity_probability,full,0.025979641182090892,2556
neural_metadata_editor__hidden__pinned,neural_metadata_editor,hidden,True,True,url_present,full,0.01073148707246029,2556
neural_metadata_editor__hidden__pinned,neural_metadata_editor,hidden,True,True,vienna_overnight,full,-0.14087390353494617,2556
neural_metadata_editor__hidden__pinned,neural_metadata_editor,hidden,True,True,vienna_weekday_shoulder_evening,full,-0.08545015741198254,2556
neural_metadata_editor__hidden__pinned,neural_metadata_editor,hidden,True,True,vienna_weekend_day_evening,full,-0.14159475870327412,2556
neural_metadata_editor__hidden__unpinned,neural_metadata_editor,hidden,False,True,aqua_additional_knowledge_expected,full,0.16054756676702314,2556
neural_metadata_editor__hidden__unpinned,neural_metadata_editor,hidden,False,True,aqua_discrimination_expected,full,0.10854731648067512,2556
neural_metadata_editor__hidden__unpinned,neural_metadata_editor,hidden,False,True,aqua_fact_expected,full,0.18098250444981573,2556
neural_metadata_editor__hidden__unpinned,neural_metadata_editor,hidden,False,True,aqua_insult_expected,full,0.0967845362365998,2556
neural_metadata_editor__hidden__unpinned,neural_metadata_editor,hidden,False,True,aqua_justification_expected,full,0.19890052397512734,2556
neural_metadata_editor__hidden__unpinned,neural_metadata_editor,hidden,False,True,aqua_opinion_expected,full,0.10412569691038989,2556
neural_metadata_editor__hidden__unpinned,neural_metadata_editor,hidden,False,True,aqua_polite_address_expected,full,0.09721434310545699,2556
neural_metadata_editor__hidden__unpinned,neural_metadata_editor,hidden,False,True,aqua_question_expected,full,-0.03958886621210092,2556
neural_metadata_editor__hidden__unpinned,neural_metadata_editor,hidden,False,True,aqua_referencing_contents_expected,full,-0.12736530357662718,2556
neural_metadata_editor__hidden__unpinned,neural_metadata_editor,hidden,False,True,aqua_referencing_format_expected,full,0.12124992857304334,2556
neural_metadata_editor__hidden__unpinned,neural_metadata_editor,hidden,False,True,aqua_referencing_medium_expected,full,0.0706926565131613,2556
neural_metadata_editor__hidden__unpinned,neural_metadata_editor,hidden,False,True,aqua_referencing_personal_expected,full,0.05093401285954728,2556
neural_metadata_editor__hidden__unpinned,neural_metadata_editor,hidden,False,True,aqua_referencing_users_expected,full,-0.06881489737927723,2556
neural_metadata_editor__hidden__unpinned,neural_metadata_editor,hidden,False,True,aqua_relevance_expected,full,0.0965542057357528,2556
neural_metadata_editor__hidden__unpinned,neural_metadata_editor,hidden,False,True,aqua_respect_expected,full,0.029412722946398677,2556
neural_metadata_editor__hidden__unpinned,neural_metadata_editor,hidden,False,True,aqua_sarcasm_expected,full,0.04104742793007424,2556
neural_metadata_editor__hidden__unpinned,neural_metadata_editor,hidden,False,True,aqua_screaming_expected,full,0.04570363169395753,2556
neural_metadata_editor__hidden__unpinned,neural_metadata_editor,hidden,False,True,aqua_solution_proposal_expected,full,0.1572330071977208,2556
neural_metadata_editor__hidden__unpinned,neural_metadata_editor,hidden,False,True,aqua_storytelling_expected,full,0.12940874674250938,2556
neural_metadata_editor__hidden__unpinned,neural_metadata_editor,hidden,False,True,aqua_vulgarity_expected,full,0.12229924695641418,2556
neural_metadata_editor__hidden__unpinned,neural_metadata_editor,hidden,False,True,article_similarity_top3,full,0.28528993372046874,2556
neural_metadata_editor__hidden__unpinned,neural_metadata_editor,hidden,False,True,author_prior_30d_downvote_reception,full,0.08428102027509918,2556
neural_metadata_editor__hidden__unpinned,neural_metadata_editor,hidden,False,True,author_prior_30d_upvote_reception,full,0.1774890127568593,2556
neural_metadata_editor__hidden__unpinned,neural_metadata_editor,hidden,False,True,discussion_pace,full,-0.05360727912287382,2556
neural_metadata_editor__hidden__unpinned,neural_metadata_editor,hidden,False,True,is_reply,full,-0.9989931542891262,2556
neural_metadata_editor__hidden__unpinned,neural_metadata_editor,hidden,False,True,lexdiv_length_adjusted,full,0.03784629283380591,2556
neural_metadata_editor__hidden__unpinned,neural_metadata_editor,hidden,False,True,log_author_prior_30d_comments,full,-0.08181517235284246,2556
neural_metadata_editor__hidden__unpinned,neural_metadata_editor,hidden,False,True,log_author_prior_comments_story,full,-0.4796008048327077,2556
neural_metadata_editor__hidden__unpinned,neural_metadata_editor,hidden,False,True,log_hours_since_article,full,-0.32676824070601374,2556
neural_metadata_editor__hidden__unpinned,neural_metadata_editor,hidden,False,True,log_words,full,0.206588342834516,2556
neural_metadata_editor__hidden__unpinned,neural_metadata_editor,hidden,False,True,novelty_prior_all_model,full,0.011146214035713482,2556
neural_metadata_editor__hidden__unpinned,neural_metadata_editor,hidden,False,True,prior_reply_composition,full,-0.2855303870907098,2556
neural_metadata_editor__hidden__unpinned,neural_metadata_editor,hidden,False,True,reading_level_length_adjusted,full,0.03039226743500448,2556
neural_metadata_editor__hidden__unpinned,neural_metadata_editor,hidden,False,True,reply_depth_centered,full,0.11212838811079232,2556
neural_metadata_editor__hidden__unpinned,neural_metadata_editor,hidden,False,True,sentiment_negative,full,0.031161505482428038,2556
neural_metadata_editor__hidden__unpinned,neural_metadata_editor,hidden,False,True,sentiment_positive,full,-0.0015385795927640438,2556
neural_metadata_editor__hidden__unpinned,neural_metadata_editor,hidden,False,True,toxicity_probability,full,0.022515785197672424,2556
neural_metadata_editor__hidden__unpinned,neural_metadata_editor,hidden,False,True,url_present,full,0.011675680995946782,2556
neural_metadata_editor__hidden__unpinned,neural_metadata_editor,hidden,False,True,vienna_overnight,full,-0.1395358937847014,2556
neural_metadata_editor__hidden__unpinned,neural_metadata_editor,hidden,False,True,vienna_weekday_shoulder_evening,full,-0.0853263104645853,2556
neural_metadata_editor__hidden__unpinned,neural_metadata_editor,hidden,False,True,vienna_weekend_day_evening,full,-0.14184633946349948,2556
neural_metadata_editor__loose__pinned,neural_metadata_editor,loose,True,True,aqua_additional_knowledge_expected,full,0.2518160123257374,2556
neural_metadata_editor__loose__pinned,neural_metadata_editor,loose,True,True,aqua_discrimination_expected,full,0.1364821374590377,2556
neural_metadata_editor__loose__pinned,neural_metadata_editor,loose,True,True,aqua_fact_expected,full,0.26005397360256266,2556
neural_metadata_editor__loose__pinned,neural_metadata_editor,loose,True,True,aqua_insult_expected,full,0.09520156615449715,2556
neural_metadata_editor__loose__pinned,neural_metadata_editor,loose,True,True,aqua_justification_expected,full,0.26074341616221847,2556
neural_metadata_editor__loose__pinned,neural_metadata_editor,loose,True,True,aqua_opinion_expected,full,0.09634490298998173,2556
neural_metadata_editor__loose__pinned,neural_metadata_editor,loose,True,True,aqua_polite_address_expected,full,0.1360644465437599,2556
neural_metadata_editor__loose__pinned,neural_metadata_editor,loose,True,True,aqua_question_expected,full,-0.05891845383168827,2556
neural_metadata_editor__loose__pinned,neural_metadata_editor,loose,True,True,aqua_referencing_contents_expected,full,-0.14105327651869734,2556
neural_metadata_editor__loose__pinned,neural_metadata_editor,loose,True,True,aqua_referencing_format_expected,full,0.17189539648986576,2556
neural_metadata_editor__loose__pinned,neural_metadata_editor,loose,True,True,aqua_referencing_medium_expected,full,0.10693211900996491,2556
neural_metadata_editor__loose__pinned,neural_metadata_editor,loose,True,True,aqua_referencing_personal_expected,full,0.07716725024541626,2556
neural_metadata_editor__loose__pinned,neural_metadata_editor,loose,True,True,aqua_referencing_users_expected,full,-0.07931127889686265,2556
neural_metadata_editor__loose__pinned,neural_metadata_editor,loose,True,True,aqua_relevance_expected,full,0.1343522432012215,2556
neural_metadata_editor__loose__pinned,neural_metadata_editor,loose,True,True,aqua_respect_expected,full,0.01716570398310211,2556
neural_metadata_editor__loose__pinned,neural_metadata_editor,loose,True,True,aqua_sarcasm_expected,full,0.011045154675638765,2556
neural_metadata_editor__loose__pinned,neural_metadata_editor,loose,True,True,aqua_screaming_expected,full,0.04394534879202657,2556
neural_metadata_editor__loose__pinned,neural_metadata_editor,loose,True,True,aqua_solution_proposal_expected,full,0.2303232733012503,2556
neural_metadata_editor__loose__pinned,neural_metadata_editor,loose,True,True,aqua_storytelling_expected,full,0.1543207784342413,2556
neural_metadata_editor__loose__pinned,neural_metadata_editor,loose,True,True,aqua_vulgarity_expected,full,0.12292275730840384,2556
neural_metadata_editor__loose__pinned,neural_metadata_editor,loose,True,True,article_similarity_top3,full,0.3504357019970019,2556
neural_metadata_editor__loose__pinned,neural_metadata_editor,loose,True,True,author_prior_30d_downvote_reception,full,0.06788921462383557,2556
neural_metadata_editor__loose__pinned,neural_metadata_editor,loose,True,True,author_prior_30d_upvote_reception,full,0.21330408751705843,2556
neural_metadata_editor__loose__pinned,neural_metadata_editor,loose,True,True,discussion_pace,full,0.05174937009176983,2556
neural_metadata_editor__loose__pinned,neural_metadata_editor,loose,True,True,is_reply,full,-0.9597581427321656,2556
neural_metadata_editor__loose__pinned,neural_metadata_editor,loose,True,True,lexdiv_length_adjusted,full,0.028579988024286327,2556
neural_metadata_editor__loose__pinned,neural_metadata_editor,loose,True,True,log_author_prior_30d_comments,full,-0.10000485928079123,2556
neural_metadata_editor__loose__pinned,neural_metadata_editor,loose,True,True,log_author_prior_comments_story,full,-0.5512141080204467,2556
neural_metadata_editor__loose__pinned,neural_metadata_editor,loose,True,True,log_hours_since_article,full,-0.533681231609411,2556
neural_metadata_editor__loose__pinned,neural_metadata_editor,loose,True,True,log_words,full,0.27353714679294705,2556
neural_metadata_editor__loose__pinned,neural_metadata_editor,loose,True,True,novelty_prior_all_model,full,0.009328245364269601,2556
neural_metadata_editor__loose__pinned,neural_metadata_editor,loose,True,True,prior_reply_composition,full,-0.5204668979176743,2556
neural_metadata_editor__loose__pinned,neural_metadata_editor,loose,True,True,reading_level_length_adjusted,full,0.08671287478715844,2556
neural_metadata_editor__loose__pinned,neural_metadata_editor,loose,True,True,reply_depth_centered,full,-0.16472204300814755,2556
neural_metadata_editor__loose__pinned,neural_metadata_editor,loose,True,True,sentiment_negative,full,0.009057317079235176,2556
neural_metadata_editor__loose__pinned,neural_metadata_editor,loose,True,True,sentiment_positive,full,-0.012231203155772419,2556
neural_metadata_editor__loose__pinned,neural_metadata_editor,loose,True,True,toxicity_probability,full,0.03237142762023708,2556
neural_metadata_editor__loose__pinned,neural_metadata_editor,loose,True,True,url_present,full,0.2656879863502692,2556
neural_metadata_editor__loose__pinned,neural_metadata_editor,loose,True,True,vienna_overnight,full,-0.1939079515610988,2556
neural_metadata_editor__loose__pinned,neural_metadata_editor,loose,True,True,vienna_weekday_shoulder_evening,full,-0.1248037086361295,2556
neural_metadata_editor__loose__pinned,neural_metadata_editor,loose,True,True,vienna_weekend_day_evening,full,-0.21819535924526637,2556
neural_metadata_editor__loose__unpinned,neural_metadata_editor,loose,False,True,aqua_additional_knowledge_expected,full,0.3483859404457233,2556
neural_metadata_editor__loose__unpinned,neural_metadata_editor,loose,False,True,aqua_discrimination_expected,full,0.16733522435722453,2556
neural_metadata_editor__loose__unpinned,neural_metadata_editor,loose,False,True,aqua_fact_expected,full,0.3290924852218336,2556
neural_metadata_editor__loose__unpinned,neural_metadata_editor,loose,False,True,aqua_insult_expected,full,0.0964919245374408,2556
neural_metadata_editor__loose__unpinned,neural_metadata_editor,loose,False,True,aqua_justification_expected,full,0.33394050882619514,2556
neural_metadata_editor__loose__unpinned,neural_metadata_editor,loose,False,True,aqua_opinion_expected,full,0.11238428027860337,2556
neural_metadata_editor__loose__unpinned,neural_metadata_editor,loose,False,True,aqua_polite_address_expected,full,0.19257063181683984,2556
neural_metadata_editor__loose__unpinned,neural_metadata_editor,loose,False,True,aqua_question_expected,full,-0.07745767274859805,2556
neural_metadata_editor__loose__unpinned,neural_metadata_editor,loose,False,True,aqua_referencing_contents_expected,full,-0.15074018877900655,2556
neural_metadata_editor__loose__unpinned,neural_metadata_editor,loose,False,True,aqua_referencing_format_expected,full,0.21787147466774093,2556
neural_metadata_editor__loose__unpinned,neural_metadata_editor,loose,False,True,aqua_referencing_medium_expected,full,0.13581764114039951,2556
neural_metadata_editor__loose__unpinned,neural_metadata_editor,loose,False,True,aqua_referencing_personal_expected,full,0.0967277461440607,2556
neural_metadata_editor__loose__unpinned,neural_metadata_editor,loose,False,True,aqua_referencing_users_expected,full,-0.08428031372499509,2556
neural_metadata_editor__loose__unpinned,neural_metadata_editor,loose,False,True,aqua_relevance_expected,full,0.17794701431238893,2556
neural_metadata_editor__loose__unpinned,neural_metadata_editor,loose,False,True,aqua_respect_expected,full,0.022181509031196117,2556
neural_metadata_editor__loose__unpinned,neural_metadata_editor,loose,False,True,aqua_sarcasm_expected,full,-0.014611809572698564,2556
neural_metadata_editor__loose__unpinned,neural_metadata_editor,loose,False,True,aqua_screaming_expected,full,0.0415321206628347,2556
neural_metadata_editor__loose__unpinned,neural_metadata_editor,loose,False,True,aqua_solution_proposal_expected,full,0.316299880103538,2556
neural_metadata_editor__loose__unpinned,neural_metadata_editor,loose,False,True,aqua_storytelling_expected,full,0.20402590698743,2556
neural_metadata_editor__loose__unpinned,neural_metadata_editor,loose,False,True,aqua_vulgarity_expected,full,0.1307457885478771,2556
neural_metadata_editor__loose__unpinned,neural_metadata_editor,loose,False,True,article_similarity_top3,full,0.41869228522959057,2556
neural_metadata_editor__loose__unpinned,neural_metadata_editor,loose,False,True,author_prior_30d_downvote_reception,full,0.06014167281226484,2556
neural_metadata_editor__loose__unpinned,neural_metadata_editor,loose,False,True,author_prior_30d_upvote_reception,full,0.2352067199060973,2556
neural_metadata_editor__loose__unpinned,neural_metadata_editor,loose,False,True,discussion_pace,full,0.08874074224251441,2556
neural_metadata_editor__loose__unpinned,neural_metadata_editor,loose,False,True,is_reply,full,-0.953502532282774,2556
neural_metadata_editor__loose__unpinned,neural_metadata_editor,loose,False,True,lexdiv_length_adjusted,full,0.027017441806627344,2556
neural_metadata_editor__loose__unpinned,neural_metadata_editor,loose,False,True,log_author_prior_30d_comments,full,-0.13193099809020695,2556
neural_metadata_editor__loose__unpinned,neural_metadata_editor,loose,False,True,log_author_prior_comments_story,full,-0.6493498884124848,2556
neural_metadata_editor__loose__unpinned,neural_metadata_editor,loose,False,True,log_hours_since_article,full,-0.6226281824525874,2556
neural_metadata_editor__loose__unpinned,neural_metadata_editor,loose,False,True,log_words,full,0.34830826358907185,2556
neural_metadata_editor__loose__unpinned,neural_metadata_editor,loose,False,True,novelty_prior_all_model,full,-0.01730355095381648,2556
neural_metadata_editor__loose__unpinned,neural_metadata_editor,loose,False,True,prior_reply_composition,full,-0.6230870484600916,2556
neural_metadata_editor__loose__unpinned,neural_metadata_editor,loose,False,True,reading_level_length_adjusted,full,0.11798299984300008,2556
neural_metadata_editor__loose__unpinned,neural_metadata_editor,loose,False,True,reply_depth_centered,full,-0.2929271864838175,2556
neural_metadata_editor__loose__unpinned,neural_metadata_editor,loose,False,True,sentiment_negative,full,-0.014304177125014864,2556
neural_metadata_editor__loose__unpinned,neural_metadata_editor,loose,False,True,sentiment_positive,full,-0.005579310511682006,2556
neural_metadata_editor__loose__unpinned,neural_metadata_editor,loose,False,True,toxicity_probability,full,0.02326509260773267,2556
neural_metadata_editor__loose__unpinned,neural_metadata_editor,loose,False,True,url_present,full,0.40160912901490226,2556
neural_metadata_editor__loose__unpinned,neural_metadata_editor,loose,False,True,vienna_overnight,full,-0.19620453787761954,2556
neural_metadata_editor__loose__unpinned,neural_metadata_editor,loose,False,True,vienna_weekday_shoulder_evening,full,-0.1362874442446519,2556
neural_metadata_editor__loose__unpinned,neural_metadata_editor,loose,False,True,vienna_weekend_day_evening,full,-0.2507455714735227,2556
neural_metadata_editor__trees__pinned,neural_metadata_editor,trees,True,True,aqua_additional_knowledge_expected,full,0.11169464410925928,2556
neural_metadata_editor__trees__pinned,neural_metadata_editor,trees,True,True,aqua_discrimination_expected,full,0.07105880447024213,2556
neural_metadata_editor__trees__pinned,neural_metadata_editor,trees,True,True,aqua_fact_expected,full,0.11348074110812156,2556
neural_metadata_editor__trees__pinned,neural_metadata_editor,trees,True,True,aqua_insult_expected,full,0.03321247942719612,2556
neural_metadata_editor__trees__pinned,neural_metadata_editor,trees,True,True,aqua_justification_expected,full,0.1301333480939938,2556
neural_metadata_editor__trees__pinned,neural_metadata_editor,trees,True,True,aqua_opinion_expected,full,0.0632115323458047,2556
neural_metadata_editor__trees__pinned,neural_metadata_editor,trees,True,True,aqua_polite_address_expected,full,0.08288927104853945,2556
neural_metadata_editor__trees__pinned,neural_metadata_editor,trees,True,True,aqua_question_expected,full,-0.02745954301658342,2556
neural_metadata_editor__trees__pinned,neural_metadata_editor,trees,True,True,aqua_referencing_contents_expected,full,-0.009159918991640884,2556
neural_metadata_editor__trees__pinned,neural_metadata_editor,trees,True,True,aqua_referencing_format_expected,full,0.07217444444507226,2556
neural_metadata_editor__trees__pinned,neural_metadata_editor,trees,True,True,aqua_referencing_medium_expected,full,0.04044197057010499,2556
neural_metadata_editor__trees__pinned,neural_metadata_editor,trees,True,True,aqua_referencing_personal_expected,full,0.037283209318986786,2556
neural_metadata_editor__trees__pinned,neural_metadata_editor,trees,True,True,aqua_referencing_users_expected,full,0.015713041839200744,2556
neural_metadata_editor__trees__pinned,neural_metadata_editor,trees,True,True,aqua_relevance_expected,full,0.07163662316854782,2556
neural_metadata_editor__trees__pinned,neural_metadata_editor,trees,True,True,aqua_respect_expected,full,0.0180774126412153,2556
neural_metadata_editor__trees__pinned,neural_metadata_editor,trees,True,True,aqua_sarcasm_expected,full,-0.006534599227680299,2556
neural_metadata_editor__trees__pinned,neural_metadata_editor,trees,True,True,aqua_screaming_expected,full,-0.02604185597592507,2556
neural_metadata_editor__trees__pinned,neural_metadata_editor,trees,True,True,aqua_solution_proposal_expected,full,0.11431335491891384,2556
neural_metadata_editor__trees__pinned,neural_metadata_editor,trees,True,True,aqua_storytelling_expected,full,0.09088144715134222,2556
neural_metadata_editor__trees__pinned,neural_metadata_editor,trees,True,True,aqua_vulgarity_expected,full,0.03444775722055945,2556
neural_metadata_editor__trees__pinned,neural_metadata_editor,trees,True,True,article_similarity_top3,full,0.1322124430715776,2556
neural_metadata_editor__trees__pinned,neural_metadata_editor,trees,True,True,author_prior_30d_downvote_reception,full,-0.005314211022438365,2556
neural_metadata_editor__trees__pinned,neural_metadata_editor,trees,True,True,author_prior_30d_upvote_reception,full,0.11598599809741073,2556
neural_metadata_editor__trees__pinned,neural_metadata_editor,trees,True,True,discussion_pace,full,0.06013078270854127,2556
neural_metadata_editor__trees__pinned,neural_metadata_editor,trees,True,True,is_reply,full,-0.24932441310996037,2556
neural_metadata_editor__trees__pinned,neural_metadata_editor,trees,True,True,lexdiv_length_adjusted,full,0.012599391958040898,2556
neural_metadata_editor__trees__pinned,neural_metadata_editor,trees,True,True,log_author_prior_30d_comments,full,0.011588322060603683,2556
neural_metadata_editor__trees__pinned,neural_metadata_editor,trees,True,True,log_author_prior_comments_story,full,-0.07467403502240176,2556
neural_metadata_editor__trees__pinned,neural_metadata_editor,trees,True,True,log_hours_since_article,full,-0.4877262486287001,2556
neural_metadata_editor__trees__pinned,neural_metadata_editor,trees,True,True,log_words,full,0.13214944487153507,2556
neural_metadata_editor__trees__pinned,neural_metadata_editor,trees,True,True,novelty_prior_all_model,full,0.06325753857508483,2556
neural_metadata_editor__trees__pinned,neural_metadata_editor,trees,True,True,prior_reply_composition,full,-0.48387005111368986,2556
neural_metadata_editor__trees__pinned,neural_metadata_editor,trees,True,True,reading_level_length_adjusted,full,0.020388698371836853,2556
neural_metadata_editor__trees__pinned,neural_metadata_editor,trees,True,True,reply_depth_centered,full,-0.027326985424149464,2556
neural_metadata_editor__trees__pinned,neural_metadata_editor,trees,True,True,sentiment_negative,full,-0.007783193319719102,2556
neural_metadata_editor__trees__pinned,neural_metadata_editor,trees,True,True,sentiment_positive,full,0.01226852648546218,2556
neural_metadata_editor__trees__pinned,neural_metadata_editor,trees,True,True,toxicity_probability,full,-0.042743292602287264,2556
neural_metadata_editor__trees__pinned,neural_metadata_editor,trees,True,True,url_present,full,0.06399394053363226,2556
neural_metadata_editor__trees__pinned,neural_metadata_editor,trees,True,True,vienna_overnight,full,-0.21641794279569054,2556
neural_metadata_editor__trees__pinned,neural_metadata_editor,trees,True,True,vienna_weekday_shoulder_evening,full,-0.09327600311881905,2556
neural_metadata_editor__trees__pinned,neural_metadata_editor,trees,True,True,vienna_weekend_day_evening,full,-0.18669228637478186,2556
neural_metadata_editor__trees__unpinned,neural_metadata_editor,trees,False,True,aqua_additional_knowledge_expected,full,0.12379682758204054,2556
neural_metadata_editor__trees__unpinned,neural_metadata_editor,trees,False,True,aqua_discrimination_expected,full,0.08278660248666975,2556
neural_metadata_editor__trees__unpinned,neural_metadata_editor,trees,False,True,aqua_fact_expected,full,0.1218070148067779,2556
neural_metadata_editor__trees__unpinned,neural_metadata_editor,trees,False,True,aqua_insult_expected,full,0.018288948846012485,2556
neural_metadata_editor__trees__unpinned,neural_metadata_editor,trees,False,True,aqua_justification_expected,full,0.15093376115273088,2556
neural_metadata_editor__trees__unpinned,neural_metadata_editor,trees,False,True,aqua_opinion_expected,full,0.07595464506332537,2556
neural_metadata_editor__trees__unpinned,neural_metadata_editor,trees,False,True,aqua_polite_address_expected,full,0.09017064148574461,2556
neural_metadata_editor__trees__unpinned,neural_metadata_editor,trees,False,True,aqua_question_expected,full,-0.04140436124601625,2556
neural_metadata_editor__trees__unpinned,neural_metadata_editor,trees,False,True,aqua_referencing_contents_expected,full,0.04030379085493187,2556
neural_metadata_editor__trees__unpinned,neural_metadata_editor,trees,False,True,aqua_referencing_format_expected,full,0.06257767454305693,2556
neural_metadata_editor__trees__unpinned,neural_metadata_editor,trees,False,True,aqua_referencing_medium_expected,full,0.030902017200434936,2556
neural_metadata_editor__trees__unpinned,neural_metadata_editor,trees,False,True,aqua_referencing_personal_expected,full,0.031919326978968446,2556
neural_metadata_editor__trees__unpinned,neural_metadata_editor,trees,False,True,aqua_referencing_users_expected,full,0.0488572032268131,2556
neural_metadata_editor__trees__unpinned,neural_metadata_editor,trees,False,True,aqua_relevance_expected,full,0.09766567401636768,2556
neural_metadata_editor__trees__unpinned,neural_metadata_editor,trees,False,True,aqua_respect_expected,full,0.022075551191132043,2556
neural_metadata_editor__trees__unpinned,neural_metadata_editor,trees,False,True,aqua_sarcasm_expected,full,-0.026367014564936,2556
neural_metadata_editor__trees__unpinned,neural_metadata_editor,trees,False,True,aqua_screaming_expected,full,-0.05145991595965585,2556
neural_metadata_editor__trees__unpinned,neural_metadata_editor,trees,False,True,aqua_solution_proposal_expected,full,0.13857682556757925,2556
neural_metadata_editor__trees__unpinned,neural_metadata_editor,trees,False,True,aqua_storytelling_expected,full,0.10956048433893323,2556
neural_metadata_editor__trees__unpinned,neural_metadata_editor,trees,False,True,aqua_vulgarity_expected,full,0.008707255768425246,2556
neural_metadata_editor__trees__unpinned,neural_metadata_editor,trees,False,True,article_similarity_top3,full,0.09038638054133226,2556
neural_metadata_editor__trees__unpinned,neural_metadata_editor,trees,False,True,author_prior_30d_downvote_reception,full,-0.04918976029136889,2556
neural_metadata_editor__trees__unpinned,neural_metadata_editor,trees,False,True,author_prior_30d_upvote_reception,full,0.07722251877771594,2556
neural_metadata_editor__trees__unpinned,neural_metadata_editor,trees,False,True,discussion_pace,full,0.05368125333982282,2556
neural_metadata_editor__trees__unpinned,neural_metadata_editor,trees,False,True,is_reply,full,0.189641928080644,2556
neural_metadata_editor__trees__unpinned,neural_metadata_editor,trees,False,True,lexdiv_length_adjusted,full,0.0021239169335332693,2556
neural_metadata_editor__trees__unpinned,neural_metadata_editor,trees,False,True,log_author_prior_30d_comments,full,0.026608558127752775,2556
neural_metadata_editor__trees__unpinned,neural_metadata_editor,trees,False,True,log_author_prior_comments_story,full,0.01886003943610082,2556
neural_metadata_editor__trees__unpinned,neural_metadata_editor,trees,False,True,log_hours_since_article,full,-0.43517724991933654,2556
neural_metadata_editor__trees__unpinned,neural_metadata_editor,trees,False,True,log_words,full,0.14466768823312584,2556
neural_metadata_editor__trees__unpinned,neural_metadata_editor,trees,False,True,novelty_prior_all_model,full,0.033910626380340404,2556
neural_metadata_editor__trees__unpinned,neural_metadata_editor,trees,False,True,prior_reply_composition,full,-0.47157434060820463,2556
neural_metadata_editor__trees__unpinned,neural_metadata_editor,trees,False,True,reading_level_length_adjusted,full,0.01317581356750184,2556
neural_metadata_editor__trees__unpinned,neural_metadata_editor,trees,False,True,reply_depth_centered,full,0.0011131150206254788,2556
neural_metadata_editor__trees__unpinned,neural_metadata_editor,trees,False,True,sentiment_negative,full,-0.025119990827826275,2556
neural_metadata_editor__trees__unpinned,neural_metadata_editor,trees,False,True,sentiment_positive,full,0.023648458749199307,2556
neural_metadata_editor__trees__unpinned,neural_metadata_editor,trees,False,True,toxicity_probability,full,-0.08575702393486409,2556
neural_metadata_editor__trees__unpinned,neural_metadata_editor,trees,False,True,url_present,full,0.0727199799928404,2556
neural_metadata_editor__trees__unpinned,neural_metadata_editor,trees,False,True,vienna_overnight,full,-0.15590484664640905,2556
neural_metadata_editor__trees__unpinned,neural_metadata_editor,trees,False,True,vienna_weekday_shoulder_evening,full,-0.06050744962102597,2556
neural_metadata_editor__trees__unpinned,neural_metadata_editor,trees,False,True,vienna_weekend_day_evening,full,-0.15413483262412395,2556
neural_metadata_text_audience__hidden__pinned,neural_metadata_text_audience,hidden,True,True,aqua_additional_knowledge_expected,full,0.14236224295441988,2556
neural_metadata_text_audience__hidden__pinned,neural_metadata_text_audience,hidden,True,True,aqua_discrimination_expected,full,0.1107182522028963,2556
neural_metadata_text_audience__hidden__pinned,neural_metadata_text_audience,hidden,True,True,aqua_fact_expected,full,0.16724895719765778,2556
neural_metadata_text_audience__hidden__pinned,neural_metadata_text_audience,hidden,True,True,aqua_insult_expected,full,0.10109151062869277,2556
neural_metadata_text_audience__hidden__pinned,neural_metadata_text_audience,hidden,True,True,aqua_justification_expected,full,0.18582018388969904,2556
neural_metadata_text_audience__hidden__pinned,neural_metadata_text_audience,hidden,True,True,aqua_opinion_expected,full,0.1039795223412231,2556
neural_metadata_text_audience__hidden__pinned,neural_metadata_text_audience,hidden,True,True,aqua_polite_address_expected,full,0.08127443852229935,2556
neural_metadata_text_audience__hidden__pinned,neural_metadata_text_audience,hidden,True,True,aqua_question_expected,full,-0.049972565393768556,2556
neural_metadata_text_audience__hidden__pinned,neural_metadata_text_audience,hidden,True,True,aqua_referencing_contents_expected,full,-0.14610114635814309,2556
neural_metadata_text_audience__hidden__pinned,neural_metadata_text_audience,hidden,True,True,aqua_referencing_format_expected,full,0.1013053871396643,2556
neural_metadata_text_audience__hidden__pinned,neural_metadata_text_audience,hidden,True,True,aqua_referencing_medium_expected,full,0.06408357942639185,2556
neural_metadata_text_audience__hidden__pinned,neural_metadata_text_audience,hidden,True,True,aqua_referencing_personal_expected,full,0.03436647306957744,2556
neural_metadata_text_audience__hidden__pinned,neural_metadata_text_audience,hidden,True,True,aqua_referencing_users_expected,full,-0.09264122076046341,2556
neural_metadata_text_audience__hidden__pinned,neural_metadata_text_audience,hidden,True,True,aqua_relevance_expected,full,0.09865387287548671,2556
neural_metadata_text_audience__hidden__pinned,neural_metadata_text_audience,hidden,True,True,aqua_respect_expected,full,0.027917630422581812,2556
neural_metadata_text_audience__hidden__pinned,neural_metadata_text_audience,hidden,True,True,aqua_sarcasm_expected,full,0.048104466372781235,2556
neural_metadata_text_audience__hidden__pinned,neural_metadata_text_audience,hidden,True,True,aqua_screaming_expected,full,0.054393496100115984,2556
neural_metadata_text_audience__hidden__pinned,neural_metadata_text_audience,hidden,True,True,aqua_solution_proposal_expected,full,0.14464416259960283,2556
neural_metadata_text_audience__hidden__pinned,neural_metadata_text_audience,hidden,True,True,aqua_storytelling_expected,full,0.12545875452140198,2556
neural_metadata_text_audience__hidden__pinned,neural_metadata_text_audience,hidden,True,True,aqua_vulgarity_expected,full,0.12506369106335632,2556
neural_metadata_text_audience__hidden__pinned,neural_metadata_text_audience,hidden,True,True,article_similarity_top3,full,0.2699860137199684,2556
neural_metadata_text_audience__hidden__pinned,neural_metadata_text_audience,hidden,True,True,author_prior_30d_downvote_reception,full,0.09192627869226024,2556
neural_metadata_text_audience__hidden__pinned,neural_metadata_text_audience,hidden,True,True,author_prior_30d_upvote_reception,full,0.1870474316296677,2556
neural_metadata_text_audience__hidden__pinned,neural_metadata_text_audience,hidden,True,True,discussion_pace,full,-0.029231091116320943,2556
neural_metadata_text_audience__hidden__pinned,neural_metadata_text_audience,hidden,True,True,is_reply,full,-0.9976561366015458,2556
neural_metadata_text_audience__hidden__pinned,neural_metadata_text_audience,hidden,True,True,lexdiv_length_adjusted,full,0.0362824311523972,2556
neural_metadata_text_audience__hidden__pinned,neural_metadata_text_audience,hidden,True,True,log_author_prior_30d_comments,full,-0.08025130555603253,2556
neural_metadata_text_audience__hidden__pinned,neural_metadata_text_audience,hidden,True,True,log_author_prior_comments_story,full,-0.48605324180887205,2556
neural_metadata_text_audience__hidden__pinned,neural_metadata_text_audience,hidden,True,True,log_hours_since_article,full,-0.3141810610767358,2556
neural_metadata_text_audience__hidden__pinned,neural_metadata_text_audience,hidden,True,True,log_words,full,0.19078744701266076,2556
neural_metadata_text_audience__hidden__pinned,neural_metadata_text_audience,hidden,True,True,novelty_prior_all_model,full,0.007101174502975895,2556
neural_metadata_text_audience__hidden__pinned,neural_metadata_text_audience,hidden,True,True,prior_reply_composition,full,-0.2732958474136521,2556
neural_metadata_text_audience__hidden__pinned,neural_metadata_text_audience,hidden,True,True,reading_level_length_adjusted,full,0.031796576533039876,2556
neural_metadata_text_audience__hidden__pinned,neural_metadata_text_audience,hidden,True,True,reply_depth_centered,full,0.11015499960272739,2556
neural_metadata_text_audience__hidden__pinned,neural_metadata_text_audience,hidden,True,True,sentiment_negative,full,0.051928495725824794,2556
neural_metadata_text_audience__hidden__pinned,neural_metadata_text_audience,hidden,True,True,sentiment_positive,full,-0.020783655661815507,2556
neural_metadata_text_audience__hidden__pinned,neural_metadata_text_audience,hidden,True,True,toxicity_probability,full,0.05719583251403806,2556
neural_metadata_text_audience__hidden__pinned,neural_metadata_text_audience,hidden,True,True,url_present,full,-0.048033588713528974,2556
neural_metadata_text_audience__hidden__pinned,neural_metadata_text_audience,hidden,True,True,vienna_overnight,full,-0.14658509417275375,2556
neural_metadata_text_audience__hidden__pinned,neural_metadata_text_audience,hidden,True,True,vienna_weekday_shoulder_evening,full,-0.08488467794778415,2556
neural_metadata_text_audience__hidden__pinned,neural_metadata_text_audience,hidden,True,True,vienna_weekend_day_evening,full,-0.1396988533059404,2556
neural_metadata_text_audience__hidden__unpinned,neural_metadata_text_audience,hidden,False,True,aqua_additional_knowledge_expected,full,0.1434064294152125,2556
neural_metadata_text_audience__hidden__unpinned,neural_metadata_text_audience,hidden,False,True,aqua_discrimination_expected,full,0.11349417395926328,2556
neural_metadata_text_audience__hidden__unpinned,neural_metadata_text_audience,hidden,False,True,aqua_fact_expected,full,0.16899682574948502,2556
neural_metadata_text_audience__hidden__unpinned,neural_metadata_text_audience,hidden,False,True,aqua_insult_expected,full,0.10385304868495836,2556
neural_metadata_text_audience__hidden__unpinned,neural_metadata_text_audience,hidden,False,True,aqua_justification_expected,full,0.18864783688973863,2556
neural_metadata_text_audience__hidden__unpinned,neural_metadata_text_audience,hidden,False,True,aqua_opinion_expected,full,0.10822183404830063,2556
neural_metadata_text_audience__hidden__unpinned,neural_metadata_text_audience,hidden,False,True,aqua_polite_address_expected,full,0.08095842654451764,2556
neural_metadata_text_audience__hidden__unpinned,neural_metadata_text_audience,hidden,False,True,aqua_question_expected,full,-0.051948413301096105,2556
neural_metadata_text_audience__hidden__unpinned,neural_metadata_text_audience,hidden,False,True,aqua_referencing_contents_expected,full,-0.14687270837292213,2556
neural_metadata_text_audience__hidden__unpinned,neural_metadata_text_audience,hidden,False,True,aqua_referencing_format_expected,full,0.10174166207220192,2556
neural_metadata_text_audience__hidden__unpinned,neural_metadata_text_audience,hidden,False,True,aqua_referencing_medium_expected,full,0.0642262053585098,2556
neural_metadata_text_audience__hidden__unpinned,neural_metadata_text_audience,hidden,False,True,aqua_referencing_personal_expected,full,0.03459028444531358,2556
neural_metadata_text_audience__hidden__unpinned,neural_metadata_text_audience,hidden,False,True,aqua_referencing_users_expected,full,-0.09309526304248948,2556
neural_metadata_text_audience__hidden__unpinned,neural_metadata_text_audience,hidden,False,True,aqua_relevance_expected,full,0.10011699601198155,2556
neural_metadata_text_audience__hidden__unpinned,neural_metadata_text_audience,hidden,False,True,aqua_respect_expected,full,0.02896812405805649,2556
neural_metadata_text_audience__hidden__unpinned,neural_metadata_text_audience,hidden,False,True,aqua_sarcasm_expected,full,0.049618432157261486,2556
neural_metadata_text_audience__hidden__unpinned,neural_metadata_text_audience,hidden,False,True,aqua_screaming_expected,full,0.05652268027211627,2556
neural_metadata_text_audience__hidden__unpinned,neural_metadata_text_audience,hidden,False,True,aqua_solution_proposal_expected,full,0.14597753303814992,2556
neural_metadata_text_audience__hidden__unpinned,neural_metadata_text_audience,hidden,False,True,aqua_storytelling_expected,full,0.127824181327377,2556
neural_metadata_text_audience__hidden__unpinned,neural_metadata_text_audience,hidden,False,True,aqua_vulgarity_expected,full,0.12850644626215219,2556
neural_metadata_text_audience__hidden__unpinned,neural_metadata_text_audience,hidden,False,True,article_similarity_top3,full,0.2706721659173135,2556
neural_metadata_text_audience__hidden__unpinned,neural_metadata_text_audience,hidden,False,True,author_prior_30d_downvote_reception,full,0.09106490741083702,2556
neural_metadata_text_audience__hidden__unpinned,neural_metadata_text_audience,hidden,False,True,author_prior_30d_upvote_reception,full,0.19199336342180517,2556
neural_metadata_text_audience__hidden__unpinned,neural_metadata_text_audience,hidden,False,True,discussion_pace,full,-0.03735397126221467,2556
neural_metadata_text_audience__hidden__unpinned,neural_metadata_text_audience,hidden,False,True,is_reply,full,-0.9976744411490082,2556
neural_metadata_text_audience__hidden__unpinned,neural_metadata_text_audience,hidden,False,True,lexdiv_length_adjusted,full,0.0366755510569916,2556
neural_metadata_text_audience__hidden__unpinned,neural_metadata_text_audience,hidden,False,True,log_author_prior_30d_comments,full,-0.07981322390543359,2556
neural_metadata_text_audience__hidden__unpinned,neural_metadata_text_audience,hidden,False,True,log_author_prior_comments_story,full,-0.4867378160881107,2556
neural_metadata_text_audience__hidden__unpinned,neural_metadata_text_audience,hidden,False,True,log_hours_since_article,full,-0.32080045267639906,2556
neural_metadata_text_audience__hidden__unpinned,neural_metadata_text_audience,hidden,False,True,log_words,full,0.1935739381785773,2556
neural_metadata_text_audience__hidden__unpinned,neural_metadata_text_audience,hidden,False,True,novelty_prior_all_model,full,0.005945397978505994,2556
neural_metadata_text_audience__hidden__unpinned,neural_metadata_text_audience,hidden,False,True,prior_reply_composition,full,-0.27503120911676787,2556
neural_metadata_text_audience__hidden__unpinned,neural_metadata_text_audience,hidden,False,True,reading_level_length_adjusted,full,0.03217974876637018,2556
neural_metadata_text_audience__hidden__unpinned,neural_metadata_text_audience,hidden,False,True,reply_depth_centered,full,0.11113024154660167,2556
neural_metadata_text_audience__hidden__unpinned,neural_metadata_text_audience,hidden,False,True,sentiment_negative,full,0.05580293677995367,2556
neural_metadata_text_audience__hidden__unpinned,neural_metadata_text_audience,hidden,False,True,sentiment_positive,full,-0.02222080585898673,2556
neural_metadata_text_audience__hidden__unpinned,neural_metadata_text_audience,hidden,False,True,toxicity_probability,full,0.06373963409353092,2556
neural_metadata_text_audience__hidden__unpinned,neural_metadata_text_audience,hidden,False,True,url_present,full,-0.059636508828535176,2556
neural_metadata_text_audience__hidden__unpinned,neural_metadata_text_audience,hidden,False,True,vienna_overnight,full,-0.1459273524373846,2556
neural_metadata_text_audience__hidden__unpinned,neural_metadata_text_audience,hidden,False,True,vienna_weekday_shoulder_evening,full,-0.08338449783568186,2556
neural_metadata_text_audience__hidden__unpinned,neural_metadata_text_audience,hidden,False,True,vienna_weekend_day_evening,full,-0.1399486806927659,2556
neural_metadata_text_audience__loose__pinned,neural_metadata_text_audience,loose,True,True,aqua_additional_knowledge_expected,full,0.15837994571459077,2556
neural_metadata_text_audience__loose__pinned,neural_metadata_text_audience,loose,True,True,aqua_discrimination_expected,full,0.12318643843894218,2556
neural_metadata_text_audience__loose__pinned,neural_metadata_text_audience,loose,True,True,aqua_fact_expected,full,0.18782969675175998,2556
neural_metadata_text_audience__loose__pinned,neural_metadata_text_audience,loose,True,True,aqua_insult_expected,full,0.10823335452670571,2556
neural_metadata_text_audience__loose__pinned,neural_metadata_text_audience,loose,True,True,aqua_justification_expected,full,0.18784149951906398,2556
neural_metadata_text_audience__loose__pinned,neural_metadata_text_audience,loose,True,True,aqua_opinion_expected,full,0.07254204143233899,2556
neural_metadata_text_audience__loose__pinned,neural_metadata_text_audience,loose,True,True,aqua_polite_address_expected,full,0.09286345279593845,2556
neural_metadata_text_audience__loose__pinned,neural_metadata_text_audience,loose,True,True,aqua_question_expected,full,-0.03197772577452904,2556
neural_metadata_text_audience__loose__pinned,neural_metadata_text_audience,loose,True,True,aqua_referencing_contents_expected,full,-0.16496136937703934,2556
neural_metadata_text_audience__loose__pinned,neural_metadata_text_audience,loose,True,True,aqua_referencing_format_expected,full,0.09809543231470619,2556
neural_metadata_text_audience__loose__pinned,neural_metadata_text_audience,loose,True,True,aqua_referencing_medium_expected,full,0.06963086624312893,2556
neural_metadata_text_audience__loose__pinned,neural_metadata_text_audience,loose,True,True,aqua_referencing_personal_expected,full,0.03731129626384297,2556
neural_metadata_text_audience__loose__pinned,neural_metadata_text_audience,loose,True,True,aqua_referencing_users_expected,full,-0.0949515985715454,2556
neural_metadata_text_audience__loose__pinned,neural_metadata_text_audience,loose,True,True,aqua_relevance_expected,full,0.10713140892913264,2556
neural_metadata_text_audience__loose__pinned,neural_metadata_text_audience,loose,True,True,aqua_respect_expected,full,0.01317297304220569,2556
neural_metadata_text_audience__loose__pinned,neural_metadata_text_audience,loose,True,True,aqua_sarcasm_expected,full,0.04023086453634573,2556
neural_metadata_text_audience__loose__pinned,neural_metadata_text_audience,loose,True,True,aqua_screaming_expected,full,0.0694459796042601,2556
neural_metadata_text_audience__loose__pinned,neural_metadata_text_audience,loose,True,True,aqua_solution_proposal_expected,full,0.15068482301104832,2556
neural_metadata_text_audience__loose__pinned,neural_metadata_text_audience,loose,True,True,aqua_storytelling_expected,full,0.12206695214633255,2556
neural_metadata_text_audience__loose__pinned,neural_metadata_text_audience,loose,True,True,aqua_vulgarity_expected,full,0.11985527799721382,2556
neural_metadata_text_audience__loose__pinned,neural_metadata_text_audience,loose,True,True,article_similarity_top3,full,0.27309465637316704,2556
neural_metadata_text_audience__loose__pinned,neural_metadata_text_audience,loose,True,True,author_prior_30d_downvote_reception,full,0.07707926590749334,2556
neural_metadata_text_audience__loose__pinned,neural_metadata_text_audience,loose,True,True,author_prior_30d_upvote_reception,full,0.2379441014893067,2556
neural_metadata_text_audience__loose__pinned,neural_metadata_text_audience,loose,True,True,discussion_pace,full,0.07569637271648764,2556
neural_metadata_text_audience__loose__pinned,neural_metadata_text_audience,loose,True,True,is_reply,full,-0.9110961893112051,2556
neural_metadata_text_audience__loose__pinned,neural_metadata_text_audience,loose,True,True,lexdiv_length_adjusted,full,0.033115970597606875,2556
neural_metadata_text_audience__loose__pinned,neural_metadata_text_audience,loose,True,True,log_author_prior_30d_comments,full,-0.08529716073294175,2556
neural_metadata_text_audience__loose__pinned,neural_metadata_text_audience,loose,True,True,log_author_prior_comments_story,full,-0.578730962137158,2556
neural_metadata_text_audience__loose__pinned,neural_metadata_text_audience,loose,True,True,log_hours_since_article,full,-0.5665977813288592,2556
neural_metadata_text_audience__loose__pinned,neural_metadata_text_audience,loose,True,True,log_words,full,0.1964075629320473,2556
neural_metadata_text_audience__loose__pinned,neural_metadata_text_audience,loose,True,True,novelty_prior_all_model,full,0.06364441808392833,2556
neural_metadata_text_audience__loose__pinned,neural_metadata_text_audience,loose,True,True,prior_reply_composition,full,-0.5454905285877373,2556
neural_metadata_text_audience__loose__pinned,neural_metadata_text_audience,loose,True,True,reading_level_length_adjusted,full,0.06304593928946513,2556
neural_metadata_text_audience__loose__pinned,neural_metadata_text_audience,loose,True,True,reply_depth_centered,full,-0.2165340510422174,2556
neural_metadata_text_audience__loose__pinned,neural_metadata_text_audience,loose,True,True,sentiment_negative,full,0.06281912272319007,2556
neural_metadata_text_audience__loose__pinned,neural_metadata_text_audience,loose,True,True,sentiment_positive,full,-0.04239252820724005,2556
neural_metadata_text_audience__loose__pinned,neural_metadata_text_audience,loose,True,True,toxicity_probability,full,0.11031175632926475,2556
neural_metadata_text_audience__loose__pinned,neural_metadata_text_audience,loose,True,True,url_present,full,0.023967674349735124,2556
neural_metadata_text_audience__loose__pinned,neural_metadata_text_audience,loose,True,True,vienna_overnight,full,-0.2466537979191879,2556
neural_metadata_text_audience__loose__pinned,neural_metadata_text_audience,loose,True,True,vienna_weekday_shoulder_evening,full,-0.13291078268903045,2556
neural_metadata_text_audience__loose__pinned,neural_metadata_text_audience,loose,True,True,vienna_weekend_day_evening,full,-0.21752874474766318,2556
neural_metadata_text_audience__loose__unpinned,neural_metadata_text_audience,loose,False,True,aqua_additional_knowledge_expected,full,0.19459868906811167,2556
neural_metadata_text_audience__loose__unpinned,neural_metadata_text_audience,loose,False,True,aqua_discrimination_expected,full,0.15221665082582758,2556
neural_metadata_text_audience__loose__unpinned,neural_metadata_text_audience,loose,False,True,aqua_fact_expected,full,0.22242921231642443,2556
neural_metadata_text_audience__loose__unpinned,neural_metadata_text_audience,loose,False,True,aqua_insult_expected,full,0.12455172087475365,2556
neural_metadata_text_audience__loose__unpinned,neural_metadata_text_audience,loose,False,True,aqua_justification_expected,full,0.22398199851765585,2556
neural_metadata_text_audience__loose__unpinned,neural_metadata_text_audience,loose,False,True,aqua_opinion_expected,full,0.07807136420335921,2556
neural_metadata_text_audience__loose__unpinned,neural_metadata_text_audience,loose,False,True,aqua_polite_address_expected,full,0.12156899575413567,2556
neural_metadata_text_audience__loose__unpinned,neural_metadata_text_audience,loose,False,True,aqua_question_expected,full,-0.026778033586862496,2556
neural_metadata_text_audience__loose__unpinned,neural_metadata_text_audience,loose,False,True,aqua_referencing_contents_expected,full,-0.18940865210199068,2556
neural_metadata_text_audience__loose__unpinned,neural_metadata_text_audience,loose,False,True,aqua_referencing_format_expected,full,0.10429278915816859,2556
neural_metadata_text_audience__loose__unpinned,neural_metadata_text_audience,loose,False,True,aqua_referencing_medium_expected,full,0.078809618940435,2556
neural_metadata_text_audience__loose__unpinned,neural_metadata_text_audience,loose,False,True,aqua_referencing_personal_expected,full,0.039407535654176755,2556
neural_metadata_text_audience__loose__unpinned,neural_metadata_text_audience,loose,False,True,aqua_referencing_users_expected,full,-0.10237697695809951,2556
neural_metadata_text_audience__loose__unpinned,neural_metadata_text_audience,loose,False,True,aqua_relevance_expected,full,0.13639549463295225,2556
neural_metadata_text_audience__loose__unpinned,neural_metadata_text_audience,loose,False,True,aqua_respect_expected,full,0.01621491195790402,2556
neural_metadata_text_audience__loose__unpinned,neural_metadata_text_audience,loose,False,True,aqua_sarcasm_expected,full,0.03863001092962082,2556
neural_metadata_text_audience__loose__unpinned,neural_metadata_text_audience,loose,False,True,aqua_screaming_expected,full,0.08923460739403523,2556
neural_metadata_text_audience__loose__unpinned,neural_metadata_text_audience,loose,False,True,aqua_solution_proposal_expected,full,0.1854023121801785,2556
neural_metadata_text_audience__loose__unpinned,neural_metadata_text_audience,loose,False,True,aqua_storytelling_expected,full,0.15767871370291403,2556
neural_metadata_text_audience__loose__unpinned,neural_metadata_text_audience,loose,False,True,aqua_vulgarity_expected,full,0.13429403329015982,2556
neural_metadata_text_audience__loose__unpinned,neural_metadata_text_audience,loose,False,True,article_similarity_top3,full,0.3017875642134657,2556
neural_metadata_text_audience__loose__unpinned,neural_metadata_text_audience,loose,False,True,author_prior_30d_downvote_reception,full,0.07050464589478009,2556
neural_metadata_text_audience__loose__unpinned,neural_metadata_text_audience,loose,False,True,author_prior_30d_upvote_reception,full,0.2688289376674569,2556
neural_metadata_text_audience__loose__unpinned,neural_metadata_text_audience,loose,False,True,discussion_pace,full,0.1200467317597002,2556
neural_metadata_text_audience__loose__unpinned,neural_metadata_text_audience,loose,False,True,is_reply,full,-0.8933107653411114,2556
neural_metadata_text_audience__loose__unpinned,neural_metadata_text_audience,loose,False,True,lexdiv_length_adjusted,full,0.0342259705821976,2556
neural_metadata_text_audience__loose__unpinned,neural_metadata_text_audience,loose,False,True,log_author_prior_30d_comments,full,-0.11488110832849123,2556
neural_metadata_text_audience__loose__unpinned,neural_metadata_text_audience,loose,False,True,log_author_prior_comments_story,full,-0.6948397371434586,2556
neural_metadata_text_audience__loose__unpinned,neural_metadata_text_audience,loose,False,True,log_hours_since_article,full,-0.6610200244928263,2556
neural_metadata_text_audience__loose__unpinned,neural_metadata_text_audience,loose,False,True,log_words,full,0.2334718943075408,2556
neural_metadata_text_audience__loose__unpinned,neural_metadata_text_audience,loose,False,True,novelty_prior_all_model,full,0.06423035934908698,2556
neural_metadata_text_audience__loose__unpinned,neural_metadata_text_audience,loose,False,True,prior_reply_composition,full,-0.65376866808876,2556
neural_metadata_text_audience__loose__unpinned,neural_metadata_text_audience,loose,False,True,reading_level_length_adjusted,full,0.07996380677031929,2556
neural_metadata_text_audience__loose__unpinned,neural_metadata_text_audience,loose,False,True,reply_depth_centered,full,-0.36253166167300926,2556
neural_metadata_text_audience__loose__unpinned,neural_metadata_text_audience,loose,False,True,sentiment_negative,full,0.08084351315125314,2556
neural_metadata_text_audience__loose__unpinned,neural_metadata_text_audience,loose,False,True,sentiment_positive,full,-0.0527153613846578,2556
neural_metadata_text_audience__loose__unpinned,neural_metadata_text_audience,loose,False,True,toxicity_probability,full,0.15233202730102438,2556
neural_metadata_text_audience__loose__unpinned,neural_metadata_text_audience,loose,False,True,url_present,full,0.03430840223877438,2556
neural_metadata_text_audience__loose__unpinned,neural_metadata_text_audience,loose,False,True,vienna_overnight,full,-0.26601071687591044,2556
neural_metadata_text_audience__loose__unpinned,neural_metadata_text_audience,loose,False,True,vienna_weekday_shoulder_evening,full,-0.1397149155810444,2556
neural_metadata_text_audience__loose__unpinned,neural_metadata_text_audience,loose,False,True,vienna_weekend_day_evening,full,-0.24622292307272298,2556
neural_metadata_text_audience__trees__pinned,neural_metadata_text_audience,trees,True,True,aqua_additional_knowledge_expected,full,0.06886782732690344,2556
neural_metadata_text_audience__trees__pinned,neural_metadata_text_audience,trees,True,True,aqua_discrimination_expected,full,0.07743154098551686,2556
neural_metadata_text_audience__trees__pinned,neural_metadata_text_audience,trees,True,True,aqua_fact_expected,full,0.0860597415177732,2556
neural_metadata_text_audience__trees__pinned,neural_metadata_text_audience,trees,True,True,aqua_insult_expected,full,0.043896818462088184,2556
neural_metadata_text_audience__trees__pinned,neural_metadata_text_audience,trees,True,True,aqua_justification_expected,full,0.10560532857651835,2556
neural_metadata_text_audience__trees__pinned,neural_metadata_text_audience,trees,True,True,aqua_opinion_expected,full,0.06660749810551621,2556
neural_metadata_text_audience__trees__pinned,neural_metadata_text_audience,trees,True,True,aqua_polite_address_expected,full,0.0422537308634187,2556
neural_metadata_text_audience__trees__pinned,neural_metadata_text_audience,trees,True,True,aqua_question_expected,full,-0.036545275387954226,2556
neural_metadata_text_audience__trees__pinned,neural_metadata_text_audience,trees,True,True,aqua_referencing_contents_expected,full,-0.03531115386526191,2556
neural_metadata_text_audience__trees__pinned,neural_metadata_text_audience,trees,True,True,aqua_referencing_format_expected,full,0.029040511693968526,2556
neural_metadata_text_audience__trees__pinned,neural_metadata_text_audience,trees,True,True,aqua_referencing_medium_expected,full,0.01743872087470933,2556
neural_metadata_text_audience__trees__pinned,neural_metadata_text_audience,trees,True,True,aqua_referencing_personal_expected,full,0.0033948804420019093,2556
neural_metadata_text_audience__trees__pinned,neural_metadata_text_audience,trees,True,True,aqua_referencing_users_expected,full,-0.017712450115030483,2556
neural_metadata_text_audience__trees__pinned,neural_metadata_text_audience,trees,True,True,aqua_relevance_expected,full,0.0703190420200082,2556
neural_metadata_text_audience__trees__pinned,neural_metadata_text_audience,trees,True,True,aqua_respect_expected,full,0.015296313032976114,2556
neural_metadata_text_audience__trees__pinned,neural_metadata_text_audience,trees,True,True,aqua_sarcasm_expected,full,0.008201724538689824,2556
neural_metadata_text_audience__trees__pinned,neural_metadata_text_audience,trees,True,True,aqua_screaming_expected,full,-0.010045411290517427,2556
neural_metadata_text_audience__trees__pinned,neural_metadata_text_audience,trees,True,True,aqua_solution_proposal_expected,full,0.08671379207225964,2556
neural_metadata_text_audience__trees__pinned,neural_metadata_text_audience,trees,True,True,aqua_storytelling_expected,full,0.07751182980483085,2556
neural_metadata_text_audience__trees__pinned,neural_metadata_text_audience,trees,True,True,aqua_vulgarity_expected,full,0.040258064253479296,2556
neural_metadata_text_audience__trees__pinned,neural_metadata_text_audience,trees,True,True,article_similarity_top3,full,0.0976664951771612,2556
neural_metadata_text_audience__trees__pinned,neural_metadata_text_audience,trees,True,True,author_prior_30d_downvote_reception,full,0.010581495402594485,2556
neural_metadata_text_audience__trees__pinned,neural_metadata_text_audience,trees,True,True,author_prior_30d_upvote_reception,full,0.1397817725629983,2556
neural_metadata_text_audience__trees__pinned,neural_metadata_text_audience,trees,True,True,discussion_pace,full,0.09816056456287019,2556
neural_metadata_text_audience__trees__pinned,neural_metadata_text_audience,trees,True,True,is_reply,full,-0.24193378298082027,2556
neural_metadata_text_audience__trees__pinned,neural_metadata_text_audience,trees,True,True,lexdiv_length_adjusted,full,0.012042454301761117,2556
neural_metadata_text_audience__trees__pinned,neural_metadata_text_audience,trees,True,True,log_author_prior_30d_comments,full,0.019065948477359956,2556
neural_metadata_text_audience__trees__pinned,neural_metadata_text_audience,trees,True,True,log_author_prior_comments_story,full,-0.08698688988179923,2556
neural_metadata_text_audience__trees__pinned,neural_metadata_text_audience,trees,True,True,log_hours_since_article,full,-0.4759880303336954,2556
neural_metadata_text_audience__trees__pinned,neural_metadata_text_audience,trees,True,True,log_words,full,0.1007132223048988,2556
neural_metadata_text_audience__trees__pinned,neural_metadata_text_audience,trees,True,True,novelty_prior_all_model,full,0.06319132746128978,2556
neural_metadata_text_audience__trees__pinned,neural_metadata_text_audience,trees,True,True,prior_reply_composition,full,-0.4541220317135171,2556
neural_metadata_text_audience__trees__pinned,neural_metadata_text_audience,trees,True,True,reading_level_length_adjusted,full,0.02018380179943157,2556
neural_metadata_text_audience__trees__pinned,neural_metadata_text_audience,trees,True,True,reply_depth_centered,full,-0.033001586008554726,2556
neural_metadata_text_audience__trees__pinned,neural_metadata_text_audience,trees,True,True,sentiment_negative,full,0.02905594563048225,2556
neural_metadata_text_audience__trees__pinned,neural_metadata_text_audience,trees,True,True,sentiment_positive,full,-0.016834687204428937,2556
neural_metadata_text_audience__trees__pinned,neural_metadata_text_audience,trees,True,True,toxicity_probability,full,0.029896526212828525,2556
neural_metadata_text_audience__trees__pinned,neural_metadata_text_audience,trees,True,True,url_present,full,-0.07200774075553916,2556
neural_metadata_text_audience__trees__pinned,neural_metadata_text_audience,trees,True,True,vienna_overnight,full,-0.2282946873480254,2556
neural_metadata_text_audience__trees__pinned,neural_metadata_text_audience,trees,True,True,vienna_weekday_shoulder_evening,full,-0.09312082741053927,2556
neural_metadata_text_audience__trees__pinned,neural_metadata_text_audience,trees,True,True,vienna_weekend_day_evening,full,-0.18805103693338904,2556
neural_metadata_text_audience__trees__unpinned,neural_metadata_text_audience,trees,False,True,aqua_additional_knowledge_expected,full,0.06050955326997361,2556
neural_metadata_text_audience__trees__unpinned,neural_metadata_text_audience,trees,False,True,aqua_discrimination_expected,full,0.09299087777932386,2556
neural_metadata_text_audience__trees__unpinned,neural_metadata_text_audience,trees,False,True,aqua_fact_expected,full,0.08399444360744616,2556
neural_metadata_text_audience__trees__unpinned,neural_metadata_text_audience,trees,False,True,aqua_insult_expected,full,0.03489524871540289,2556
neural_metadata_text_audience__trees__unpinned,neural_metadata_text_audience,trees,False,True,aqua_justification_expected,full,0.11493391332327937,2556
neural_metadata_text_audience__trees__unpinned,neural_metadata_text_audience,trees,False,True,aqua_opinion_expected,full,0.08067119804697838,2556
neural_metadata_text_audience__trees__unpinned,neural_metadata_text_audience,trees,False,True,aqua_polite_address_expected,full,0.03151011754144545,2556
neural_metadata_text_audience__trees__unpinned,neural_metadata_text_audience,trees,False,True,aqua_question_expected,full,-0.051113392307560054,2556
neural_metadata_text_audience__trees__unpinned,neural_metadata_text_audience,trees,False,True,aqua_referencing_contents_expected,full,0.005603661493741993,2556
neural_metadata_text_audience__trees__unpinned,neural_metadata_text_audience,trees,False,True,aqua_referencing_format_expected,full,0.0036894080509947357,2556
neural_metadata_text_audience__trees__unpinned,neural_metadata_text_audience,trees,False,True,aqua_referencing_medium_expected,full,0.0007004728928524124,2556
neural_metadata_text_audience__trees__unpinned,neural_metadata_text_audience,trees,False,True,aqua_referencing_personal_expected,full,-0.012051255875507268,2556
neural_metadata_text_audience__trees__unpinned,neural_metadata_text_audience,trees,False,True,aqua_referencing_users_expected,full,0.006422690725684668,2556
neural_metadata_text_audience__trees__unpinned,neural_metadata_text_audience,trees,False,True,aqua_relevance_expected,full,0.09441150111909687,2556
neural_metadata_text_audience__trees__unpinned,neural_metadata_text_audience,trees,False,True,aqua_respect_expected,full,0.018637905398481893,2556
neural_metadata_text_audience__trees__unpinned,neural_metadata_text_audience,trees,False,True,aqua_sarcasm_expected,full,-0.005177115415697947,2556
neural_metadata_text_audience__trees__unpinned,neural_metadata_text_audience,trees,False,True,aqua_screaming_expected,full,-0.03054231136311756,2556
neural_metadata_text_audience__trees__unpinned,neural_metadata_text_audience,trees,False,True,aqua_solution_proposal_expected,full,0.09591692332025067,2556
neural_metadata_text_audience__trees__unpinned,neural_metadata_text_audience,trees,False,True,aqua_storytelling_expected,full,0.0905707570660623,2556
neural_metadata_text_audience__trees__unpinned,neural_metadata_text_audience,trees,False,True,aqua_vulgarity_expected,full,0.017510293519552883,2556
neural_metadata_text_audience__trees__unpinned,neural_metadata_text_audience,trees,False,True,article_similarity_top3,full,0.042242955451735814,2556
neural_metadata_text_audience__trees__unpinned,neural_metadata_text_audience,trees,False,True,author_prior_30d_downvote_reception,full,-0.030308935173409764,2556
neural_metadata_text_audience__trees__unpinned,neural_metadata_text_audience,trees,False,True,author_prior_30d_upvote_reception,full,0.10733394041187014,2556
neural_metadata_text_audience__trees__unpinned,neural_metadata_text_audience,trees,False,True,discussion_pace,full,0.10392947186884433,2556
neural_metadata_text_audience__trees__unpinned,neural_metadata_text_audience,trees,False,True,is_reply,full,0.20220452352812987,2556
neural_metadata_text_audience__trees__unpinned,neural_metadata_text_audience,trees,False,True,lexdiv_length_adjusted,full,4.035014266651743e-05,2556
neural_metadata_text_audience__trees__unpinned,neural_metadata_text_audience,trees,False,True,log_author_prior_30d_comments,full,0.03535215008843812,2556
neural_metadata_text_audience__trees__unpinned,neural_metadata_text_audience,trees,False,True,log_author_prior_comments_story,full,0.0017161049494637804,2556
neural_metadata_text_audience__trees__unpinned,neural_metadata_text_audience,trees,False,True,log_hours_since_article,full,-0.4219443480430523,2556
neural_metadata_text_audience__trees__unpinned,neural_metadata_text_audience,trees,False,True,log_words,full,0.10248090784000612,2556
neural_metadata_text_audience__trees__unpinned,neural_metadata_text_audience,trees,False,True,novelty_prior_all_model,full,0.03401843782470985,2556
neural_metadata_text_audience__trees__unpinned,neural_metadata_text_audience,trees,False,True,prior_reply_composition,full,-0.43343017234377595,2556
neural_metadata_text_audience__trees__unpinned,neural_metadata_text_audience,trees,False,True,reading_level_length_adjusted,full,0.011823827081810402,2556
neural_metadata_text_audience__trees__unpinned,neural_metadata_text_audience,trees,False,True,reply_depth_centered,full,-0.006905723006566566,2556
neural_metadata_text_audience__trees__unpinned,neural_metadata_text_audience,trees,False,True,sentiment_negative,full,0.028771994230674332,2556
neural_metadata_text_audience__trees__unpinned,neural_metadata_text_audience,trees,False,True,sentiment_positive,full,-0.017756807545719858,2556
neural_metadata_text_audience__trees__unpinned,neural_metadata_text_audience,trees,False,True,toxicity_probability,full,0.014109476699938117,2556
neural_metadata_text_audience__trees__unpinned,neural_metadata_text_audience,trees,False,True,url_present,full,-0.10726641314154982,2556
neural_metadata_text_audience__trees__unpinned,neural_metadata_text_audience,trees,False,True,vienna_overnight,full,-0.17303169823396744,2556
neural_metadata_text_audience__trees__unpinned,neural_metadata_text_audience,trees,False,True,vienna_weekday_shoulder_evening,full,-0.060858384644390626,2556
neural_metadata_text_audience__trees__unpinned,neural_metadata_text_audience,trees,False,True,vienna_weekend_day_evening,full,-0.1561504934507028,2556
neural_metadata_text_editor__hidden__pinned,neural_metadata_text_editor,hidden,True,True,aqua_additional_knowledge_expected,full,0.15532745823945823,2556
neural_metadata_text_editor__hidden__pinned,neural_metadata_text_editor,hidden,True,True,aqua_discrimination_expected,full,0.11677472138145745,2556
neural_metadata_text_editor__hidden__pinned,neural_metadata_text_editor,hidden,True,True,aqua_fact_expected,full,0.18229926509920183,2556
neural_metadata_text_editor__hidden__pinned,neural_metadata_text_editor,hidden,True,True,aqua_insult_expected,full,0.09896386495426182,2556
neural_metadata_text_editor__hidden__pinned,neural_metadata_text_editor,hidden,True,True,aqua_justification_expected,full,0.204642737369075,2556
neural_metadata_text_editor__hidden__pinned,neural_metadata_text_editor,hidden,True,True,aqua_opinion_expected,full,0.11324879870878658,2556
neural_metadata_text_editor__hidden__pinned,neural_metadata_text_editor,hidden,True,True,aqua_polite_address_expected,full,0.08564685202098878,2556
neural_metadata_text_editor__hidden__pinned,neural_metadata_text_editor,hidden,True,True,aqua_question_expected,full,-0.05522033100133386,2556
neural_metadata_text_editor__hidden__pinned,neural_metadata_text_editor,hidden,True,True,aqua_referencing_contents_expected,full,-0.14086600310703667,2556
neural_metadata_text_editor__hidden__pinned,neural_metadata_text_editor,hidden,True,True,aqua_referencing_format_expected,full,0.10665154835394736,2556
neural_metadata_text_editor__hidden__pinned,neural_metadata_text_editor,hidden,True,True,aqua_referencing_medium_expected,full,0.06359154587695379,2556
neural_metadata_text_editor__hidden__pinned,neural_metadata_text_editor,hidden,True,True,aqua_referencing_personal_expected,full,0.03574079477433628,2556
neural_metadata_text_editor__hidden__pinned,neural_metadata_text_editor,hidden,True,True,aqua_referencing_users_expected,full,-0.08988405236031291,2556
neural_metadata_text_editor__hidden__pinned,neural_metadata_text_editor,hidden,True,True,aqua_relevance_expected,full,0.11503688602231847,2556
neural_metadata_text_editor__hidden__pinned,neural_metadata_text_editor,hidden,True,True,aqua_respect_expected,full,0.02908971962406586,2556
neural_metadata_text_editor__hidden__pinned,neural_metadata_text_editor,hidden,True,True,aqua_sarcasm_expected,full,0.04196186816601595,2556
neural_metadata_text_editor__hidden__pinned,neural_metadata_text_editor,hidden,True,True,aqua_screaming_expected,full,0.05131195789095717,2556
neural_metadata_text_editor__hidden__pinned,neural_metadata_text_editor,hidden,True,True,aqua_solution_proposal_expected,full,0.16243102916439733,2556
neural_metadata_text_editor__hidden__pinned,neural_metadata_text_editor,hidden,True,True,aqua_storytelling_expected,full,0.1332748030912926,2556
neural_metadata_text_editor__hidden__pinned,neural_metadata_text_editor,hidden,True,True,aqua_vulgarity_expected,full,0.12541897806344124,2556
neural_metadata_text_editor__hidden__pinned,neural_metadata_text_editor,hidden,True,True,article_similarity_top3,full,0.28595810993934057,2556
neural_metadata_text_editor__hidden__pinned,neural_metadata_text_editor,hidden,True,True,author_prior_30d_downvote_reception,full,0.08640145625838916,2556
neural_metadata_text_editor__hidden__pinned,neural_metadata_text_editor,hidden,True,True,author_prior_30d_upvote_reception,full,0.18077312508886392,2556
neural_metadata_text_editor__hidden__pinned,neural_metadata_text_editor,hidden,True,True,discussion_pace,full,-0.02201913127687471,2556
neural_metadata_text_editor__hidden__pinned,neural_metadata_text_editor,hidden,True,True,is_reply,full,-0.9988475935748907,2556
neural_metadata_text_editor__hidden__pinned,neural_metadata_text_editor,hidden,True,True,lexdiv_length_adjusted,full,0.038973837886447406,2556
neural_metadata_text_editor__hidden__pinned,neural_metadata_text_editor,hidden,True,True,log_author_prior_30d_comments,full,-0.08590685527643165,2556
neural_metadata_text_editor__hidden__pinned,neural_metadata_text_editor,hidden,True,True,log_author_prior_comments_story,full,-0.4812320779284021,2556
neural_metadata_text_editor__hidden__pinned,neural_metadata_text_editor,hidden,True,True,log_hours_since_article,full,-0.3005387724985302,2556
neural_metadata_text_editor__hidden__pinned,neural_metadata_text_editor,hidden,True,True,log_words,full,0.20796832320335873,2556
neural_metadata_text_editor__hidden__pinned,neural_metadata_text_editor,hidden,True,True,novelty_prior_all_model,full,-0.006959041019227657,2556
neural_metadata_text_editor__hidden__pinned,neural_metadata_text_editor,hidden,True,True,prior_reply_composition,full,-0.2614345272482747,2556
neural_metadata_text_editor__hidden__pinned,neural_metadata_text_editor,hidden,True,True,reading_level_length_adjusted,full,0.030046902102735105,2556
neural_metadata_text_editor__hidden__pinned,neural_metadata_text_editor,hidden,True,True,reply_depth_centered,full,0.11112138630532926,2556
neural_metadata_text_editor__hidden__pinned,neural_metadata_text_editor,hidden,True,True,sentiment_negative,full,0.04403732205661355,2556
neural_metadata_text_editor__hidden__pinned,neural_metadata_text_editor,hidden,True,True,sentiment_positive,full,-0.016334032603613713,2556
neural_metadata_text_editor__hidden__pinned,neural_metadata_text_editor,hidden,True,True,toxicity_probability,full,0.03813147083340667,2556
neural_metadata_text_editor__hidden__pinned,neural_metadata_text_editor,hidden,True,True,url_present,full,-0.017387861816457247,2556
neural_metadata_text_editor__hidden__pinned,neural_metadata_text_editor,hidden,True,True,vienna_overnight,full,-0.14122943683523034,2556
neural_metadata_text_editor__hidden__pinned,neural_metadata_text_editor,hidden,True,True,vienna_weekday_shoulder_evening,full,-0.08391045424876693,2556
neural_metadata_text_editor__hidden__pinned,neural_metadata_text_editor,hidden,True,True,vienna_weekend_day_evening,full,-0.139454626779739,2556
neural_metadata_text_editor__hidden__unpinned,neural_metadata_text_editor,hidden,False,True,aqua_additional_knowledge_expected,full,0.15946693240652995,2556
neural_metadata_text_editor__hidden__unpinned,neural_metadata_text_editor,hidden,False,True,aqua_discrimination_expected,full,0.11956528040447478,2556
neural_metadata_text_editor__hidden__unpinned,neural_metadata_text_editor,hidden,False,True,aqua_fact_expected,full,0.1867529578421025,2556
neural_metadata_text_editor__hidden__unpinned,neural_metadata_text_editor,hidden,False,True,aqua_insult_expected,full,0.10008710117464255,2556
neural_metadata_text_editor__hidden__unpinned,neural_metadata_text_editor,hidden,False,True,aqua_justification_expected,full,0.21056417425032575,2556
neural_metadata_text_editor__hidden__unpinned,neural_metadata_text_editor,hidden,False,True,aqua_opinion_expected,full,0.11753666629373274,2556
neural_metadata_text_editor__hidden__unpinned,neural_metadata_text_editor,hidden,False,True,aqua_polite_address_expected,full,0.08810283453542786,2556
neural_metadata_text_editor__hidden__unpinned,neural_metadata_text_editor,hidden,False,True,aqua_question_expected,full,-0.05708691818192692,2556
neural_metadata_text_editor__hidden__unpinned,neural_metadata_text_editor,hidden,False,True,aqua_referencing_contents_expected,full,-0.14042205476266903,2556
neural_metadata_text_editor__hidden__unpinned,neural_metadata_text_editor,hidden,False,True,aqua_referencing_format_expected,full,0.10871802470218934,2556
neural_metadata_text_editor__hidden__unpinned,neural_metadata_text_editor,hidden,False,True,aqua_referencing_medium_expected,full,0.0638238312788208,2556
neural_metadata_text_editor__hidden__unpinned,neural_metadata_text_editor,hidden,False,True,aqua_referencing_personal_expected,full,0.036881423258171925,2556
neural_metadata_text_editor__hidden__unpinned,neural_metadata_text_editor,hidden,False,True,aqua_referencing_users_expected,full,-0.08897146190197375,2556
neural_metadata_text_editor__hidden__unpinned,neural_metadata_text_editor,hidden,False,True,aqua_relevance_expected,full,0.1190499795362812,2556
neural_metadata_text_editor__hidden__unpinned,neural_metadata_text_editor,hidden,False,True,aqua_respect_expected,full,0.030162912925255053,2556
neural_metadata_text_editor__hidden__unpinned,neural_metadata_text_editor,hidden,False,True,aqua_sarcasm_expected,full,0.04133443879434492,2556
neural_metadata_text_editor__hidden__unpinned,neural_metadata_text_editor,hidden,False,True,aqua_screaming_expected,full,0.05326269760614765,2556
neural_metadata_text_editor__hidden__unpinned,neural_metadata_text_editor,hidden,False,True,aqua_solution_proposal_expected,full,0.16788073791074007,2556
neural_metadata_text_editor__hidden__unpinned,neural_metadata_text_editor,hidden,False,True,aqua_storytelling_expected,full,0.13691168662150577,2556
neural_metadata_text_editor__hidden__unpinned,neural_metadata_text_editor,hidden,False,True,aqua_vulgarity_expected,full,0.1277141003908638,2556
neural_metadata_text_editor__hidden__unpinned,neural_metadata_text_editor,hidden,False,True,article_similarity_top3,full,0.2897655306953929,2556
neural_metadata_text_editor__hidden__unpinned,neural_metadata_text_editor,hidden,False,True,author_prior_30d_downvote_reception,full,0.08523623156282079,2556
neural_metadata_text_editor__hidden__unpinned,neural_metadata_text_editor,hidden,False,True,author_prior_30d_upvote_reception,full,0.18359611806954304,2556
neural_metadata_text_editor__hidden__unpinned,neural_metadata_text_editor,hidden,False,True,discussion_pace,full,-0.026581373137058915,2556
neural_metadata_text_editor__hidden__unpinned,neural_metadata_text_editor,hidden,False,True,is_reply,full,-0.9989083343975168,2556
neural_metadata_text_editor__hidden__unpinned,neural_metadata_text_editor,hidden,False,True,lexdiv_length_adjusted,full,0.04017680438511821,2556
neural_metadata_text_editor__hidden__unpinned,neural_metadata_text_editor,hidden,False,True,log_author_prior_30d_comments,full,-0.08617135538424296,2556
neural_metadata_text_editor__hidden__unpinned,neural_metadata_text_editor,hidden,False,True,log_author_prior_comments_story,full,-0.48069439334071196,2556
neural_metadata_text_editor__hidden__unpinned,neural_metadata_text_editor,hidden,False,True,log_hours_since_article,full,-0.3045152094016136,2556
neural_metadata_text_editor__hidden__unpinned,neural_metadata_text_editor,hidden,False,True,log_words,full,0.21381729165487953,2556
neural_metadata_text_editor__hidden__unpinned,neural_metadata_text_editor,hidden,False,True,novelty_prior_all_model,full,-0.009220162325710489,2556
neural_metadata_text_editor__hidden__unpinned,neural_metadata_text_editor,hidden,False,True,prior_reply_composition,full,-0.2616968165476881,2556
neural_metadata_text_editor__hidden__unpinned,neural_metadata_text_editor,hidden,False,True,reading_level_length_adjusted,full,0.030655206525981204,2556
neural_metadata_text_editor__hidden__unpinned,neural_metadata_text_editor,hidden,False,True,reply_depth_centered,full,0.1121249539288944,2556
neural_metadata_text_editor__hidden__unpinned,neural_metadata_text_editor,hidden,False,True,sentiment_negative,full,0.044260638092985326,2556
neural_metadata_text_editor__hidden__unpinned,neural_metadata_text_editor,hidden,False,True,sentiment_positive,full,-0.01583911802550766,2556
neural_metadata_text_editor__hidden__unpinned,neural_metadata_text_editor,hidden,False,True,toxicity_probability,full,0.03815058259220905,2556
neural_metadata_text_editor__hidden__unpinned,neural_metadata_text_editor,hidden,False,True,url_present,full,-0.017736856619722595,2556
neural_metadata_text_editor__hidden__unpinned,neural_metadata_text_editor,hidden,False,True,vienna_overnight,full,-0.14126047239462905,2556
neural_metadata_text_editor__hidden__unpinned,neural_metadata_text_editor,hidden,False,True,vienna_weekday_shoulder_evening,full,-0.0826723412592966,2556
neural_metadata_text_editor__hidden__unpinned,neural_metadata_text_editor,hidden,False,True,vienna_weekend_day_evening,full,-0.13969321069161905,2556
neural_metadata_text_editor__loose__pinned,neural_metadata_text_editor,loose,True,True,aqua_additional_knowledge_expected,full,0.2584876161660129,2556
neural_metadata_text_editor__loose__pinned,neural_metadata_text_editor,loose,True,True,aqua_discrimination_expected,full,0.17363345469941893,2556
neural_metadata_text_editor__loose__pinned,neural_metadata_text_editor,loose,True,True,aqua_fact_expected,full,0.2825460195063196,2556
neural_metadata_text_editor__loose__pinned,neural_metadata_text_editor,loose,True,True,aqua_insult_expected,full,0.11757820995970378,2556
neural_metadata_text_editor__loose__pinned,neural_metadata_text_editor,loose,True,True,aqua_justification_expected,full,0.2972978343837367,2556
neural_metadata_text_editor__loose__pinned,neural_metadata_text_editor,loose,True,True,aqua_opinion_expected,full,0.13373835868158632,2556
neural_metadata_text_editor__loose__pinned,neural_metadata_text_editor,loose,True,True,aqua_polite_address_expected,full,0.10559726587189565,2556
neural_metadata_text_editor__loose__pinned,neural_metadata_text_editor,loose,True,True,aqua_question_expected,full,-0.09156515945355048,2556
neural_metadata_text_editor__loose__pinned,neural_metadata_text_editor,loose,True,True,aqua_referencing_contents_expected,full,-0.16505823318099933,2556
neural_metadata_text_editor__loose__pinned,neural_metadata_text_editor,loose,True,True,aqua_referencing_format_expected,full,0.14515801455089397,2556
neural_metadata_text_editor__loose__pinned,neural_metadata_text_editor,loose,True,True,aqua_referencing_medium_expected,full,0.0925388625645026,2556
neural_metadata_text_editor__loose__pinned,neural_metadata_text_editor,loose,True,True,aqua_referencing_personal_expected,full,0.04331666503591635,2556
neural_metadata_text_editor__loose__pinned,neural_metadata_text_editor,loose,True,True,aqua_referencing_users_expected,full,-0.11646311749991967,2556
neural_metadata_text_editor__loose__pinned,neural_metadata_text_editor,loose,True,True,aqua_relevance_expected,full,0.19342034042532877,2556
neural_metadata_text_editor__loose__pinned,neural_metadata_text_editor,loose,True,True,aqua_respect_expected,full,0.027844634985962517,2556
neural_metadata_text_editor__loose__pinned,neural_metadata_text_editor,loose,True,True,aqua_sarcasm_expected,full,0.011893216786648182,2556
neural_metadata_text_editor__loose__pinned,neural_metadata_text_editor,loose,True,True,aqua_screaming_expected,full,0.04242095942616659,2556
neural_metadata_text_editor__loose__pinned,neural_metadata_text_editor,loose,True,True,aqua_solution_proposal_expected,full,0.25818263781444306,2556
neural_metadata_text_editor__loose__pinned,neural_metadata_text_editor,loose,True,True,aqua_storytelling_expected,full,0.1816072683299858,2556
neural_metadata_text_editor__loose__pinned,neural_metadata_text_editor,loose,True,True,aqua_vulgarity_expected,full,0.13725446733808758,2556
neural_metadata_text_editor__loose__pinned,neural_metadata_text_editor,loose,True,True,article_similarity_top3,full,0.36832762493795457,2556
neural_metadata_text_editor__loose__pinned,neural_metadata_text_editor,loose,True,True,author_prior_30d_downvote_reception,full,0.061237774764403265,2556
neural_metadata_text_editor__loose__pinned,neural_metadata_text_editor,loose,True,True,author_prior_30d_upvote_reception,full,0.2193168767243667,2556
neural_metadata_text_editor__loose__pinned,neural_metadata_text_editor,loose,True,True,discussion_pace,full,0.055959147148634314,2556
neural_metadata_text_editor__loose__pinned,neural_metadata_text_editor,loose,True,True,is_reply,full,-0.9547656339593353,2556
neural_metadata_text_editor__loose__pinned,neural_metadata_text_editor,loose,True,True,lexdiv_length_adjusted,full,0.0331308934185216,2556
neural_metadata_text_editor__loose__pinned,neural_metadata_text_editor,loose,True,True,log_author_prior_30d_comments,full,-0.09440176916583927,2556
neural_metadata_text_editor__loose__pinned,neural_metadata_text_editor,loose,True,True,log_author_prior_comments_story,full,-0.5389773484350059,2556
neural_metadata_text_editor__loose__pinned,neural_metadata_text_editor,loose,True,True,log_hours_since_article,full,-0.48732615971083004,2556
neural_metadata_text_editor__loose__pinned,neural_metadata_text_editor,loose,True,True,log_words,full,0.30045746298405507,2556
neural_metadata_text_editor__loose__pinned,neural_metadata_text_editor,loose,True,True,novelty_prior_all_model,full,-0.021952190997885906,2556
neural_metadata_text_editor__loose__pinned,neural_metadata_text_editor,loose,True,True,prior_reply_composition,full,-0.4699570800603411,2556
neural_metadata_text_editor__loose__pinned,neural_metadata_text_editor,loose,True,True,reading_level_length_adjusted,full,0.07905362567403267,2556
neural_metadata_text_editor__loose__pinned,neural_metadata_text_editor,loose,True,True,reply_depth_centered,full,-0.12631982831805122,2556
neural_metadata_text_editor__loose__pinned,neural_metadata_text_editor,loose,True,True,sentiment_negative,full,0.048543056195668476,2556
neural_metadata_text_editor__loose__pinned,neural_metadata_text_editor,loose,True,True,sentiment_positive,full,-0.045714216870569924,2556
neural_metadata_text_editor__loose__pinned,neural_metadata_text_editor,loose,True,True,toxicity_probability,full,0.07115806757042835,2556
neural_metadata_text_editor__loose__pinned,neural_metadata_text_editor,loose,True,True,url_present,full,0.19933449051760888,2556
neural_metadata_text_editor__loose__pinned,neural_metadata_text_editor,loose,True,True,vienna_overnight,full,-0.1963567864039802,2556
neural_metadata_text_editor__loose__pinned,neural_metadata_text_editor,loose,True,True,vienna_weekday_shoulder_evening,full,-0.12147213429780919,2556
neural_metadata_text_editor__loose__pinned,neural_metadata_text_editor,loose,True,True,vienna_weekend_day_evening,full,-0.19522033018905843,2556
neural_metadata_text_editor__loose__unpinned,neural_metadata_text_editor,loose,False,True,aqua_additional_knowledge_expected,full,0.36722941533094844,2556
neural_metadata_text_editor__loose__unpinned,neural_metadata_text_editor,loose,False,True,aqua_discrimination_expected,full,0.23349618175903467,2556
neural_metadata_text_editor__loose__unpinned,neural_metadata_text_editor,loose,False,True,aqua_fact_expected,full,0.3715539983159151,2556
neural_metadata_text_editor__loose__unpinned,neural_metadata_text_editor,loose,False,True,aqua_insult_expected,full,0.14015112885743075,2556
neural_metadata_text_editor__loose__unpinned,neural_metadata_text_editor,loose,False,True,aqua_justification_expected,full,0.4015199974959115,2556
neural_metadata_text_editor__loose__unpinned,neural_metadata_text_editor,loose,False,True,aqua_opinion_expected,full,0.1755629107935002,2556
neural_metadata_text_editor__loose__unpinned,neural_metadata_text_editor,loose,False,True,aqua_polite_address_expected,full,0.13405281528047924,2556
neural_metadata_text_editor__loose__unpinned,neural_metadata_text_editor,loose,False,True,aqua_question_expected,full,-0.12890856318881364,2556
neural_metadata_text_editor__loose__unpinned,neural_metadata_text_editor,loose,False,True,aqua_referencing_contents_expected,full,-0.18884836195252633,2556
neural_metadata_text_editor__loose__unpinned,neural_metadata_text_editor,loose,False,True,aqua_referencing_format_expected,full,0.17490078701854012,2556
neural_metadata_text_editor__loose__unpinned,neural_metadata_text_editor,loose,False,True,aqua_referencing_medium_expected,full,0.12006111243744162,2556
neural_metadata_text_editor__loose__unpinned,neural_metadata_text_editor,loose,False,True,aqua_referencing_personal_expected,full,0.04264302911743084,2556
neural_metadata_text_editor__loose__unpinned,neural_metadata_text_editor,loose,False,True,aqua_referencing_users_expected,full,-0.1372643086994118,2556
neural_metadata_text_editor__loose__unpinned,neural_metadata_text_editor,loose,False,True,aqua_relevance_expected,full,0.27274090633366704,2556
neural_metadata_text_editor__loose__unpinned,neural_metadata_text_editor,loose,False,True,aqua_respect_expected,full,0.03764550021192598,2556
neural_metadata_text_editor__loose__unpinned,neural_metadata_text_editor,loose,False,True,aqua_sarcasm_expected,full,-0.007395074960111443,2556
neural_metadata_text_editor__loose__unpinned,neural_metadata_text_editor,loose,False,True,aqua_screaming_expected,full,0.03307254160734093,2556
neural_metadata_text_editor__loose__unpinned,neural_metadata_text_editor,loose,False,True,aqua_solution_proposal_expected,full,0.36627085937623605,2556
neural_metadata_text_editor__loose__unpinned,neural_metadata_text_editor,loose,False,True,aqua_storytelling_expected,full,0.26163708290208776,2556
neural_metadata_text_editor__loose__unpinned,neural_metadata_text_editor,loose,False,True,aqua_vulgarity_expected,full,0.15766172807583542,2556
neural_metadata_text_editor__loose__unpinned,neural_metadata_text_editor,loose,False,True,article_similarity_top3,full,0.4482056844360239,2556
neural_metadata_text_editor__loose__unpinned,neural_metadata_text_editor,loose,False,True,author_prior_30d_downvote_reception,full,0.04356474489381805,2556
neural_metadata_text_editor__loose__unpinned,neural_metadata_text_editor,loose,False,True,author_prior_30d_upvote_reception,full,0.24172510285638962,2556
neural_metadata_text_editor__loose__unpinned,neural_metadata_text_editor,loose,False,True,discussion_pace,full,0.08786703181997148,2556
neural_metadata_text_editor__loose__unpinned,neural_metadata_text_editor,loose,False,True,is_reply,full,-0.9461128900233416,2556
neural_metadata_text_editor__loose__unpinned,neural_metadata_text_editor,loose,False,True,lexdiv_length_adjusted,full,0.0329566750716474,2556
neural_metadata_text_editor__loose__unpinned,neural_metadata_text_editor,loose,False,True,log_author_prior_30d_comments,full,-0.12428814730813424,2556
neural_metadata_text_editor__loose__unpinned,neural_metadata_text_editor,loose,False,True,log_author_prior_comments_story,full,-0.6275952559913017,2556
neural_metadata_text_editor__loose__unpinned,neural_metadata_text_editor,loose,False,True,log_hours_since_article,full,-0.5509783673182654,2556
neural_metadata_text_editor__loose__unpinned,neural_metadata_text_editor,loose,False,True,log_words,full,0.39796030751268485,2556
neural_metadata_text_editor__loose__unpinned,neural_metadata_text_editor,loose,False,True,novelty_prior_all_model,full,-0.061364342492721165,2556
neural_metadata_text_editor__loose__unpinned,neural_metadata_text_editor,loose,False,True,prior_reply_composition,full,-0.5459106487642142,2556
neural_metadata_text_editor__loose__unpinned,neural_metadata_text_editor,loose,False,True,reading_level_length_adjusted,full,0.10867140413174638,2556
neural_metadata_text_editor__loose__unpinned,neural_metadata_text_editor,loose,False,True,reply_depth_centered,full,-0.22318552319310747,2556
neural_metadata_text_editor__loose__unpinned,neural_metadata_text_editor,loose,False,True,sentiment_negative,full,0.06110341205746492,2556
neural_metadata_text_editor__loose__unpinned,neural_metadata_text_editor,loose,False,True,sentiment_positive,full,-0.06368206462598855,2556
neural_metadata_text_editor__loose__unpinned,neural_metadata_text_editor,loose,False,True,toxicity_probability,full,0.08704606804448324,2556
neural_metadata_text_editor__loose__unpinned,neural_metadata_text_editor,loose,False,True,url_present,full,0.3051868853953116,2556
neural_metadata_text_editor__loose__unpinned,neural_metadata_text_editor,loose,False,True,vienna_overnight,full,-0.2035016900543694,2556
neural_metadata_text_editor__loose__unpinned,neural_metadata_text_editor,loose,False,True,vienna_weekday_shoulder_evening,full,-0.13239344754896842,2556
neural_metadata_text_editor__loose__unpinned,neural_metadata_text_editor,loose,False,True,vienna_weekend_day_evening,full,-0.21931723394393215,2556
neural_metadata_text_editor__trees__pinned,neural_metadata_text_editor,trees,True,True,aqua_additional_knowledge_expected,full,0.11007950694633775,2556
neural_metadata_text_editor__trees__pinned,neural_metadata_text_editor,trees,True,True,aqua_discrimination_expected,full,0.09677847675152247,2556
neural_metadata_text_editor__trees__pinned,neural_metadata_text_editor,trees,True,True,aqua_fact_expected,full,0.1262284674579473,2556
neural_metadata_text_editor__trees__pinned,neural_metadata_text_editor,trees,True,True,aqua_insult_expected,full,0.04179054981632993,2556
neural_metadata_text_editor__trees__pinned,neural_metadata_text_editor,trees,True,True,aqua_justification_expected,full,0.15185959235755614,2556
neural_metadata_text_editor__trees__pinned,neural_metadata_text_editor,trees,True,True,aqua_opinion_expected,full,0.0882665548297461,2556
neural_metadata_text_editor__trees__pinned,neural_metadata_text_editor,trees,True,True,aqua_polite_address_expected,full,0.060223077505646795,2556
neural_metadata_text_editor__trees__pinned,neural_metadata_text_editor,trees,True,True,aqua_question_expected,full,-0.048741823432493676,2556
neural_metadata_text_editor__trees__pinned,neural_metadata_text_editor,trees,True,True,aqua_referencing_contents_expected,full,-0.03000669405366513,2556
neural_metadata_text_editor__trees__pinned,neural_metadata_text_editor,trees,True,True,aqua_referencing_format_expected,full,0.04648638074432817,2556
neural_metadata_text_editor__trees__pinned,neural_metadata_text_editor,trees,True,True,aqua_referencing_medium_expected,full,0.01792402969812668,2556
neural_metadata_text_editor__trees__pinned,neural_metadata_text_editor,trees,True,True,aqua_referencing_personal_expected,full,0.007759479840079529,2556
neural_metadata_text_editor__trees__pinned,neural_metadata_text_editor,trees,True,True,aqua_referencing_users_expected,full,-0.015865094082666613,2556
neural_metadata_text_editor__trees__pinned,neural_metadata_text_editor,trees,True,True,aqua_relevance_expected,full,0.11234779709532443,2556
neural_metadata_text_editor__trees__pinned,neural_metadata_text_editor,trees,True,True,aqua_respect_expected,full,0.018409569782207907,2556
neural_metadata_text_editor__trees__pinned,neural_metadata_text_editor,trees,True,True,aqua_sarcasm_expected,full,-0.003504515008301672,2556
neural_metadata_text_editor__trees__pinned,neural_metadata_text_editor,trees,True,True,aqua_screaming_expected,full,-0.015976521024436294,2556
neural_metadata_text_editor__trees__pinned,neural_metadata_text_editor,trees,True,True,aqua_solution_proposal_expected,full,0.13690797035042823,2556
neural_metadata_text_editor__trees__pinned,neural_metadata_text_editor,trees,True,True,aqua_storytelling_expected,full,0.10629558861802044,2556
neural_metadata_text_editor__trees__pinned,neural_metadata_text_editor,trees,True,True,aqua_vulgarity_expected,full,0.044080328693591415,2556
neural_metadata_text_editor__trees__pinned,neural_metadata_text_editor,trees,True,True,article_similarity_top3,full,0.14504457798722703,2556
neural_metadata_text_editor__trees__pinned,neural_metadata_text_editor,trees,True,True,author_prior_30d_downvote_reception,full,-0.001636504669367092,2556
neural_metadata_text_editor__trees__pinned,neural_metadata_text_editor,trees,True,True,author_prior_30d_upvote_reception,full,0.12476046446885308,2556
neural_metadata_text_editor__trees__pinned,neural_metadata_text_editor,trees,True,True,discussion_pace,full,0.10476410240636623,2556
neural_metadata_text_editor__trees__pinned,neural_metadata_text_editor,trees,True,True,is_reply,full,-0.2562561311405822,2556
neural_metadata_text_editor__trees__pinned,neural_metadata_text_editor,trees,True,True,lexdiv_length_adjusted,full,0.017823860344544275,2556
neural_metadata_text_editor__trees__pinned,neural_metadata_text_editor,trees,True,True,log_author_prior_30d_comments,full,0.005251531737498714,2556
neural_metadata_text_editor__trees__pinned,neural_metadata_text_editor,trees,True,True,log_author_prior_comments_story,full,-0.07172987609951034,2556
neural_metadata_text_editor__trees__pinned,neural_metadata_text_editor,trees,True,True,log_hours_since_article,full,-0.4232568520249751,2556
neural_metadata_text_editor__trees__pinned,neural_metadata_text_editor,trees,True,True,log_words,full,0.14779937915789887,2556
neural_metadata_text_editor__trees__pinned,neural_metadata_text_editor,trees,True,True,novelty_prior_all_model,full,0.021374131766748735,2556
neural_metadata_text_editor__trees__pinned,neural_metadata_text_editor,trees,True,True,prior_reply_composition,full,-0.39356242899785926,2556
neural_metadata_text_editor__trees__pinned,neural_metadata_text_editor,trees,True,True,reading_level_length_adjusted,full,0.01684513878855642,2556
neural_metadata_text_editor__trees__pinned,neural_metadata_text_editor,trees,True,True,reply_depth_centered,full,-0.024387775603772463,2556
neural_metadata_text_editor__trees__pinned,neural_metadata_text_editor,trees,True,True,sentiment_negative,full,0.015160070443910056,2556
neural_metadata_text_editor__trees__pinned,neural_metadata_text_editor,trees,True,True,sentiment_positive,full,-0.009152190636557173,2556
neural_metadata_text_editor__trees__pinned,neural_metadata_text_editor,trees,True,True,toxicity_probability,full,-0.014122871114913012,2556
neural_metadata_text_editor__trees__pinned,neural_metadata_text_editor,trees,True,True,url_present,full,-0.0038288029886951545,2556
neural_metadata_text_editor__trees__pinned,neural_metadata_text_editor,trees,True,True,vienna_overnight,full,-0.21317406066539596,2556
neural_metadata_text_editor__trees__pinned,neural_metadata_text_editor,trees,True,True,vienna_weekday_shoulder_evening,full,-0.0885125467956293,2556
neural_metadata_text_editor__trees__pinned,neural_metadata_text_editor,trees,True,True,vienna_weekend_day_evening,full,-0.17891209049697446,2556
neural_metadata_text_editor__trees__unpinned,neural_metadata_text_editor,trees,False,True,aqua_additional_knowledge_expected,full,0.12361843656432422,2556
neural_metadata_text_editor__trees__unpinned,neural_metadata_text_editor,trees,False,True,aqua_discrimination_expected,full,0.11675529535918627,2556
neural_metadata_text_editor__trees__unpinned,neural_metadata_text_editor,trees,False,True,aqua_fact_expected,full,0.13892626657956886,2556
neural_metadata_text_editor__trees__unpinned,neural_metadata_text_editor,trees,False,True,aqua_insult_expected,full,0.029732670321739714,2556
neural_metadata_text_editor__trees__unpinned,neural_metadata_text_editor,trees,False,True,aqua_justification_expected,full,0.179477050055999,2556
neural_metadata_text_editor__trees__unpinned,neural_metadata_text_editor,trees,False,True,aqua_opinion_expected,full,0.10793349602659211,2556
neural_metadata_text_editor__trees__unpinned,neural_metadata_text_editor,trees,False,True,aqua_polite_address_expected,full,0.061202457849885254,2556
neural_metadata_text_editor__trees__unpinned,neural_metadata_text_editor,trees,False,True,aqua_question_expected,full,-0.06583809916427368,2556
neural_metadata_text_editor__trees__unpinned,neural_metadata_text_editor,trees,False,True,aqua_referencing_contents_expected,full,0.013306972182540736,2556
neural_metadata_text_editor__trees__unpinned,neural_metadata_text_editor,trees,False,True,aqua_referencing_format_expected,full,0.029247509025795267,2556
neural_metadata_text_editor__trees__unpinned,neural_metadata_text_editor,trees,False,True,aqua_referencing_medium_expected,full,0.004977737025366642,2556
neural_metadata_text_editor__trees__unpinned,neural_metadata_text_editor,trees,False,True,aqua_referencing_personal_expected,full,-0.006201375387594684,2556
neural_metadata_text_editor__trees__unpinned,neural_metadata_text_editor,trees,False,True,aqua_referencing_users_expected,full,0.009082579205667816,2556
neural_metadata_text_editor__trees__unpinned,neural_metadata_text_editor,trees,False,True,aqua_relevance_expected,full,0.14899430849039666,2556
neural_metadata_text_editor__trees__unpinned,neural_metadata_text_editor,trees,False,True,aqua_respect_expected,full,0.022496196731547707,2556
neural_metadata_text_editor__trees__unpinned,neural_metadata_text_editor,trees,False,True,aqua_sarcasm_expected,full,-0.021877252146235246,2556
neural_metadata_text_editor__trees__unpinned,neural_metadata_text_editor,trees,False,True,aqua_screaming_expected,full,-0.038832824496571036,2556
neural_metadata_text_editor__trees__unpinned,neural_metadata_text_editor,trees,False,True,aqua_solution_proposal_expected,full,0.1692079604619736,2556
neural_metadata_text_editor__trees__unpinned,neural_metadata_text_editor,trees,False,True,aqua_storytelling_expected,full,0.13324674798253688,2556
neural_metadata_text_editor__trees__unpinned,neural_metadata_text_editor,trees,False,True,aqua_vulgarity_expected,full,0.02128623003979467,2556
neural_metadata_text_editor__trees__unpinned,neural_metadata_text_editor,trees,False,True,article_similarity_top3,full,0.10819694222415635,2556
neural_metadata_text_editor__trees__unpinned,neural_metadata_text_editor,trees,False,True,author_prior_30d_downvote_reception,full,-0.044613270267168645,2556
neural_metadata_text_editor__trees__unpinned,neural_metadata_text_editor,trees,False,True,author_prior_30d_upvote_reception,full,0.08614712026039828,2556
neural_metadata_text_editor__trees__unpinned,neural_metadata_text_editor,trees,False,True,discussion_pace,full,0.11077788551225361,2556
neural_metadata_text_editor__trees__unpinned,neural_metadata_text_editor,trees,False,True,is_reply,full,0.1782144649414697,2556
neural_metadata_text_editor__trees__unpinned,neural_metadata_text_editor,trees,False,True,lexdiv_length_adjusted,full,0.007858625552512084,2556
neural_metadata_text_editor__trees__unpinned,neural_metadata_text_editor,trees,False,True,log_author_prior_30d_comments,full,0.016711587699541255,2556
neural_metadata_text_editor__trees__unpinned,neural_metadata_text_editor,trees,False,True,log_author_prior_comments_story,full,0.020665548726012912,2556
neural_metadata_text_editor__trees__unpinned,neural_metadata_text_editor,trees,False,True,log_hours_since_article,full,-0.351095059386935,2556
neural_metadata_text_editor__trees__unpinned,neural_metadata_text_editor,trees,False,True,log_words,full,0.16657425409778098,2556
neural_metadata_text_editor__trees__unpinned,neural_metadata_text_editor,trees,False,True,novelty_prior_all_model,full,-0.01963327199322764,2556
neural_metadata_text_editor__trees__unpinned,neural_metadata_text_editor,trees,False,True,prior_reply_composition,full,-0.34331725284205955,2556
neural_metadata_text_editor__trees__unpinned,neural_metadata_text_editor,trees,False,True,reading_level_length_adjusted,full,0.01003306414536995,2556
neural_metadata_text_editor__trees__unpinned,neural_metadata_text_editor,trees,False,True,reply_depth_centered,full,0.004884968684224521,2556
neural_metadata_text_editor__trees__unpinned,neural_metadata_text_editor,trees,False,True,sentiment_negative,full,0.007455422988213977,2556
neural_metadata_text_editor__trees__unpinned,neural_metadata_text_editor,trees,False,True,sentiment_positive,full,-0.006233819813884498,2556
neural_metadata_text_editor__trees__unpinned,neural_metadata_text_editor,trees,False,True,toxicity_probability,full,-0.05007829270526847,2556
neural_metadata_text_editor__trees__unpinned,neural_metadata_text_editor,trees,False,True,url_present,full,-0.006659300305140799,2556
neural_metadata_text_editor__trees__unpinned,neural_metadata_text_editor,trees,False,True,vienna_overnight,full,-0.16340841881099155,2556
neural_metadata_text_editor__trees__unpinned,neural_metadata_text_editor,trees,False,True,vienna_weekday_shoulder_evening,full,-0.05997616193890449,2556
neural_metadata_text_editor__trees__unpinned,neural_metadata_text_editor,trees,False,True,vienna_weekend_day_evening,full,-0.14629722341689663,2556
random__hidden__pinned,random,hidden,True,False,aqua_additional_knowledge_expected,full,0.11778563375712059,2556
random__hidden__pinned,random,hidden,True,False,aqua_discrimination_expected,full,0.07887326894595799,2556
random__hidden__pinned,random,hidden,True,False,aqua_fact_expected,full,0.12804996212993788,2556
random__hidden__pinned,random,hidden,True,False,aqua_insult_expected,full,0.08442084506772182,2556
random__hidden__pinned,random,hidden,True,False,aqua_justification_expected,full,0.13539371089376404,2556
random__hidden__pinned,random,hidden,True,False,aqua_opinion_expected,full,0.07316148967015867,2556
random__hidden__pinned,random,hidden,True,False,aqua_polite_address_expected,full,0.06706202058469124,2556
random__hidden__pinned,random,hidden,True,False,aqua_question_expected,full,-0.026614586188661356,2556
random__hidden__pinned,random,hidden,True,False,aqua_referencing_contents_expected,full,-0.13745382238083656,2556
random__hidden__pinned,random,hidden,True,False,aqua_referencing_format_expected,full,0.09173230582732593,2556
random__hidden__pinned,random,hidden,True,False,aqua_referencing_medium_expected,full,0.05893967746233305,2556
random__hidden__pinned,random,hidden,True,False,aqua_referencing_personal_expected,full,0.03312911161692663,2556
random__hidden__pinned,random,hidden,True,False,aqua_referencing_users_expected,full,-0.08773593946264845,2556
random__hidden__pinned,random,hidden,True,False,aqua_relevance_expected,full,0.0649297609379787,2556
random__hidden__pinned,random,hidden,True,False,aqua_respect_expected,full,0.020243292223158134,2556
random__hidden__pinned,random,hidden,True,False,aqua_sarcasm_expected,full,0.047651805534101185,2556
random__hidden__pinned,random,hidden,True,False,aqua_screaming_expected,full,0.056426281602030476,2556
random__hidden__pinned,random,hidden,True,False,aqua_solution_proposal_expected,full,0.11041533942763342,2556
random__hidden__pinned,random,hidden,True,False,aqua_storytelling_expected,full,0.0982769575351793,2556
random__hidden__pinned,random,hidden,True,False,aqua_vulgarity_expected,full,0.11051350359859044,2556
random__hidden__pinned,random,hidden,True,False,article_similarity_top3,full,0.2385628836283014,2556
random__hidden__pinned,random,hidden,True,False,author_prior_30d_downvote_reception,full,0.09493538853239857,2556
random__hidden__pinned,random,hidden,True,False,author_prior_30d_upvote_reception,full,0.1461994053576791,2556
random__hidden__pinned,random,hidden,True,False,discussion_pace,full,-0.031087707874744738,2556
random__hidden__pinned,random,hidden,True,False,is_reply,full,-0.9865524938627724,2556
random__hidden__pinned,random,hidden,True,False,lexdiv_length_adjusted,full,0.03422926910382805,2556
random__hidden__pinned,random,hidden,True,False,log_author_prior_30d_comments,full,-0.08624522954282406,2556
random__hidden__pinned,random,hidden,True,False,log_author_prior_comments_story,full,-0.4654513292785143,2556
random__hidden__pinned,random,hidden,True,False,log_hours_since_article,full,-0.20067419262972438,2556
random__hidden__pinned,random,hidden,True,False,log_words,full,0.14904376580742007,2556
random__hidden__pinned,random,hidden,True,False,novelty_prior_all_model,full,-1.9258536880723067e-05,2556
random__hidden__pinned,random,hidden,True,False,prior_reply_composition,full,-0.1990661557047658,2556
random__hidden__pinned,random,hidden,True,False,reading_level_length_adjusted,full,0.02560900336692146,2556
random__hidden__pinned,random,hidden,True,False,reply_depth_centered,full,0.10835547561304949,2556
random__hidden__pinned,random,hidden,True,False,sentiment_negative,full,0.04027156469836649,2556
random__hidden__pinned,random,hidden,True,False,sentiment_positive,full,-0.01351986998908094,2556
random__hidden__pinned,random,hidden,True,False,toxicity_probability,full,0.04654914665913396,2556
random__hidden__pinned,random,hidden,True,False,url_present,full,-0.019166847647760346,2556
random__hidden__pinned,random,hidden,True,False,vienna_overnight,full,-0.07226105497190057,2556
random__hidden__pinned,random,hidden,True,False,vienna_weekday_shoulder_evening,full,-0.0516240403557875,2556
random__hidden__pinned,random,hidden,True,False,vienna_weekend_day_evening,full,-0.10153542823488473,2556
random__hidden__unpinned,random,hidden,False,False,aqua_additional_knowledge_expected,full,0.10980674648709311,2556
random__hidden__unpinned,random,hidden,False,False,aqua_discrimination_expected,full,0.07169141031202476,2556
random__hidden__unpinned,random,hidden,False,False,aqua_fact_expected,full,0.11918559331224364,2556
random__hidden__unpinned,random,hidden,False,False,aqua_insult_expected,full,0.08113585941471103,2556
random__hidden__unpinned,random,hidden,False,False,aqua_justification_expected,full,0.12086190348243767,2556
random__hidden__unpinned,random,hidden,False,False,aqua_opinion_expected,full,0.0637252641583146,2556
random__hidden__unpinned,random,hidden,False,False,aqua_polite_address_expected,full,0.057993341353883565,2556
random__hidden__unpinned,random,hidden,False,False,aqua_question_expected,full,-0.02010022713728704,2556
random__hidden__unpinned,random,hidden,False,False,aqua_referencing_contents_expected,full,-0.13634792349063413,2556
random__hidden__unpinned,random,hidden,False,False,aqua_referencing_format_expected,full,0.08844505310402444,2556
random__hidden__unpinned,random,hidden,False,False,aqua_referencing_medium_expected,full,0.05605027744293475,2556
random__hidden__unpinned,random,hidden,False,False,aqua_referencing_personal_expected,full,0.032898886724525254,2556
random__hidden__unpinned,random,hidden,False,False,aqua_referencing_users_expected,full,-0.08881318342924518,2556
random__hidden__unpinned,random,hidden,False,False,aqua_relevance_expected,full,0.055970368204657256,2556
random__hidden__unpinned,random,hidden,False,False,aqua_respect_expected,full,0.015211416698729607,2556
random__hidden__unpinned,random,hidden,False,False,aqua_sarcasm_expected,full,0.05029937753111299,2556
random__hidden__unpinned,random,hidden,False,False,aqua_screaming_expected,full,0.05791046489772223,2556
random__hidden__unpinned,random,hidden,False,False,aqua_solution_proposal_expected,full,0.09893739519675479,2556
random__hidden__unpinned,random,hidden,False,False,aqua_storytelling_expected,full,0.08724118969124853,2556
random__hidden__unpinned,random,hidden,False,False,aqua_vulgarity_expected,full,0.10721918517536655,2556
random__hidden__unpinned,random,hidden,False,False,article_similarity_top3,full,0.2285680640174832,2556
random__hidden__unpinned,random,hidden,False,False,author_prior_30d_downvote_reception,full,0.09647686901470269,2556
random__hidden__unpinned,random,hidden,False,False,author_prior_30d_upvote_reception,full,0.13968488981229646,2556
random__hidden__unpinned,random,hidden,False,False,discussion_pace,full,-0.030315719619202045,2556
random__hidden__unpinned,random,hidden,False,False,is_reply,full,-0.9832734992820023,2556
random__hidden__unpinned,random,hidden,False,False,lexdiv_length_adjusted,full,0.03275177094490308,2556
random__hidden__unpinned,random,hidden,False,False,log_author_prior_30d_comments,full,-0.08551713630677042,2556
random__hidden__unpinned,random,hidden,False,False,log_author_prior_comments_story,full,-0.4614905407689734,2556
random__hidden__unpinned,random,hidden,False,False,log_hours_since_article,full,-0.18200805215128804,2556
random__hidden__unpinned,random,hidden,False,False,log_words,full,0.13701470131880886,2556
random__hidden__unpinned,random,hidden,False,False,novelty_prior_all_model,full,0.000961128835565451,2556
random__hidden__unpinned,random,hidden,False,False,prior_reply_composition,full,-0.18564898964024362,2556
random__hidden__unpinned,random,hidden,False,False,reading_level_length_adjusted,full,0.0259368516055532,2556
random__hidden__unpinned,random,hidden,False,False,reply_depth_centered,full,0.10929568840322088,2556
random__hidden__unpinned,random,hidden,False,False,sentiment_negative,full,0.0423202969569773,2556
random__hidden__unpinned,random,hidden,False,False,sentiment_positive,full,-0.01767457846936952,2556
random__hidden__unpinned,random,hidden,False,False,toxicity_probability,full,0.049952609603720374,2556
random__hidden__unpinned,random,hidden,False,False,url_present,full,-0.023963800596513804,2556
random__hidden__unpinned,random,hidden,False,False,vienna_overnight,full,-0.06871787679676455,2556
random__hidden__unpinned,random,hidden,False,False,vienna_weekday_shoulder_evening,full,-0.0478192567350675,2556
random__hidden__unpinned,random,hidden,False,False,vienna_weekend_day_evening,full,-0.09935513116211152,2556
random__loose__pinned,random,loose,True,False,aqua_additional_knowledge_expected,full,0.028613523728171886,2556
random__loose__pinned,random,loose,True,False,aqua_discrimination_expected,full,0.013108475645067032,2556
random__loose__pinned,random,loose,True,False,aqua_fact_expected,full,0.02371491048848335,2556
random__loose__pinned,random,loose,True,False,aqua_insult_expected,full,0.019938220499977687,2556
random__loose__pinned,random,loose,True,False,aqua_justification_expected,full,0.02590478776423002,2556
random__loose__pinned,random,loose,True,False,aqua_opinion_expected,full,0.01361673943566893,2556
random__loose__pinned,random,loose,True,False,aqua_polite_address_expected,full,0.024455594499690193,2556
random__loose__pinned,random,loose,True,False,aqua_question_expected,full,-0.003116509583218793,2556
random__loose__pinned,random,loose,True,False,aqua_referencing_contents_expected,full,-0.03379007828064691,2556
random__loose__pinned,random,loose,True,False,aqua_referencing_format_expected,full,0.02461721860877896,2556
random__loose__pinned,random,loose,True,False,aqua_referencing_medium_expected,full,0.01793677119453062,2556
random__loose__pinned,random,loose,True,False,aqua_referencing_personal_expected,full,0.0105573961741536,2556
random__loose__pinned,random,loose,True,False,aqua_referencing_users_expected,full,-0.017014520874640802,2556
random__loose__pinned,random,loose,True,False,aqua_relevance_expected,full,0.005276570697625779,2556
random__loose__pinned,random,loose,True,False,aqua_respect_expected,full,0.007277136880462089,2556
random__loose__pinned,random,loose,True,False,aqua_sarcasm_expected,full,0.008481526399631957,2556
random__loose__pinned,random,loose,True,False,aqua_screaming_expected,full,0.012117385152378245,2556
random__loose__pinned,random,loose,True,False,aqua_solution_proposal_expected,full,0.023425144177113767,2556
random__loose__pinned,random,loose,True,False,aqua_storytelling_expected,full,0.024400566100715643,2556
random__loose__pinned,random,loose,True,False,aqua_vulgarity_expected,full,0.0270552038036307,2556
random__loose__pinned,random,loose,True,False,article_similarity_top3,full,0.06317194056777845,2556
random__loose__pinned,random,loose,True,False,author_prior_30d_downvote_reception,full,0.025764438471170263,2556
random__loose__pinned,random,loose,True,False,author_prior_30d_upvote_reception,full,0.04972758634155491,2556
random__loose__pinned,random,loose,True,False,discussion_pace,full,0.0018199153903791622,2556
random__loose__pinned,random,loose,True,False,is_reply,full,-0.3435910079869952,2556
random__loose__pinned,random,loose,True,False,lexdiv_length_adjusted,full,0.011123147258181197,2556
random__loose__pinned,random,loose,True,False,log_author_prior_30d_comments,full,-0.010639653706615002,2556
random__loose__pinned,random,loose,True,False,log_author_prior_comments_story,full,-0.0785014871363354,2556
random__loose__pinned,random,loose,True,False,log_hours_since_article,full,-0.11296607264730987,2556
random__loose__pinned,random,loose,True,False,log_words,full,0.030114710138340824,2556
random__loose__pinned,random,loose,True,False,novelty_prior_all_model,full,0.0220919967690437,2556
random__loose__pinned,random,loose,True,False,prior_reply_composition,full,-0.12577146013966609,2556
random__loose__pinned,random,loose,True,False,reading_level_length_adjusted,full,0.007895823541972312,2556
random__loose__pinned,random,loose,True,False,reply_depth_centered,full,-0.015898029490591402,2556
random__loose__pinned,random,loose,True,False,sentiment_negative,full,0.005519352628539084,2556
random__loose__pinned,random,loose,True,False,sentiment_positive,full,0.002661997439260103,2556
random__loose__pinned,random,loose,True,False,toxicity_probability,full,0.018053410380976548,2556
random__loose__pinned,random,loose,True,False,url_present,full,0.011017917579025777,2556
random__loose__pinned,random,loose,True,False,vienna_overnight,full,-0.03495818344348297,2556
random__loose__pinned,random,loose,True,False,vienna_weekday_shoulder_evening,full,-0.015550602976989092,2556
random__loose__pinned,random,loose,True,False,vienna_weekend_day_evening,full,-0.03415359629705127,2556
random__loose__unpinned,random,loose,False,False,aqua_additional_knowledge_expected,full,-9.491454916677258e-06,2556
random__loose__unpinned,random,loose,False,False,aqua_discrimination_expected,full,5.541459916067076e-05,2556
random__loose__unpinned,random,loose,False,False,aqua_fact_expected,full,-7.489037679465415e-05,2556
random__loose__unpinned,random,loose,False,False,aqua_insult_expected,full,0.00019289941189331257,2556
random__loose__unpinned,random,loose,False,False,aqua_justification_expected,full,-1.0510282641835024e-05,2556
random__loose__unpinned,random,loose,False,False,aqua_opinion_expected,full,-2.7053008487771805e-06,2556
random__loose__unpinned,random,loose,False,False,aqua_polite_address_expected,full,-0.00031062211611626383,2556
random__loose__unpinned,random,loose,False,False,aqua_question_expected,full,1.6341645037679318e-06,2556
random__loose__unpinned,random,loose,False,False,aqua_referencing_contents_expected,full,4.232697583508744e-05,2556
random__loose__unpinned,random,loose,False,False,aqua_referencing_format_expected,full,-9.5141059012847e-05,2556
random__loose__unpinned,random,loose,False,False,aqua_referencing_medium_expected,full,4.273750875073492e-05,2556
random__loose__unpinned,random,loose,False,False,aqua_referencing_personal_expected,full,-0.00021353618140597605,2556
random__loose__unpinned,random,loose,False,False,aqua_referencing_users_expected,full,-9.36508485552211e-05,2556
random__loose__unpinned,random,loose,False,False,aqua_relevance_expected,full,2.1606803443215227e-05,2556
random__loose__unpinned,random,loose,False,False,aqua_respect_expected,full,-0.00018134822496896017,2556
random__loose__unpinned,random,loose,False,False,aqua_sarcasm_expected,full,0.00014720589105776408,2556
random__loose__unpinned,random,loose,False,False,aqua_screaming_expected,full,6.2187668987798925e-06,2556
random__loose__unpinned,random,loose,False,False,aqua_solution_proposal_expected,full,-0.00013429709300759925,2556
random__loose__unpinned,random,loose,False,False,aqua_storytelling_expected,full,9.529973052510456e-05,2556
random__loose__unpinned,random,loose,False,False,aqua_vulgarity_expected,full,0.00025600108483693707,2556
random__loose__unpinned,random,loose,False,False,article_similarity_top3,full,-4.134870183331722e-05,2556
random__loose__unpinned,random,loose,False,False,author_prior_30d_downvote_reception,full,-0.00026935087366297716,2556
random__loose__unpinned,random,loose,False,False,author_prior_30d_upvote_reception,full,0.00016445623995208714,2556
random__loose__unpinned,random,loose,False,False,discussion_pace,full,-0.00019769782596430914,2556
random__loose__unpinned,random,loose,False,False,is_reply,full,7.777525990250786e-05,2556
random__loose__unpinned,random,loose,False,False,lexdiv_length_adjusted,full,0.00011295584318100098,2556
random__loose__unpinned,random,loose,False,False,log_author_prior_30d_comments,full,0.0001984120064589561,2556
random__loose__unpinned,random,loose,False,False,log_author_prior_comments_story,full,0.0003449090470747198,2556
random__loose__unpinned,random,loose,False,False,log_hours_since_article,full,0.00017843048522271486,2556
random__loose__unpinned,random,loose,False,False,log_words,full,1.0079158820970314e-05,2556
random__loose__unpinned,random,loose,False,False,novelty_prior_all_model,full,-1.703004764830607e-05,2556
random__loose__unpinned,random,loose,False,False,prior_reply_composition,full,-5.7382416649905794e-05,2556
random__loose__unpinned,random,loose,False,False,reading_level_length_adjusted,full,-5.5603809201902394e-05,2556
random__loose__unpinned,random,loose,False,False,reply_depth_centered,full,-9.067295303434189e-05,2556
random__loose__unpinned,random,loose,False,False,sentiment_negative,full,-0.0002646322148978671,2556
random__loose__unpinned,random,loose,False,False,sentiment_positive,full,0.00047058169236744975,2556
random__loose__unpinned,random,loose,False,False,toxicity_probability,full,-0.00022722521803299593,2556
random__loose__unpinned,random,loose,False,False,url_present,full,-6.159433053565362e-05,2556
random__loose__unpinned,random,loose,False,False,vienna_overnight,full,0.0006960639439570589,2556
random__loose__unpinned,random,loose,False,False,vienna_weekday_shoulder_evening,full,0.0004007348462588649,2556
random__loose__unpinned,random,loose,False,False,vienna_weekend_day_evening,full,-0.0002812134199683764,2556
random__trees__pinned,random,trees,True,False,aqua_additional_knowledge_expected,full,0.030548351749510472,2556
random__trees__pinned,random,trees,True,False,aqua_discrimination_expected,full,0.01528773676380937,2556
random__trees__pinned,random,trees,True,False,aqua_fact_expected,full,0.027502591519812436,2556
random__trees__pinned,random,trees,True,False,aqua_insult_expected,full,0.0215507655759716,2556
random__trees__pinned,random,trees,True,False,aqua_justification_expected,full,0.0292644030195929,2556
random__trees__pinned,random,trees,True,False,aqua_opinion_expected,full,0.014115562428040204,2556
random__trees__pinned,random,trees,True,False,aqua_polite_address_expected,full,0.022957540245889314,2556
random__trees__pinned,random,trees,True,False,aqua_question_expected,full,-0.0007141741573162906,2556
random__trees__pinned,random,trees,True,False,aqua_referencing_contents_expected,full,-0.0377493722296399,2556
random__trees__pinned,random,trees,True,False,aqua_referencing_format_expected,full,0.025489561272914244,2556
random__trees__pinned,random,trees,True,False,aqua_referencing_medium_expected,full,0.017261365864693016,2556
random__trees__pinned,random,trees,True,False,aqua_referencing_personal_expected,full,0.010611606501017506,2556
random__trees__pinned,random,trees,True,False,aqua_referencing_users_expected,full,-0.019995739811358593,2556
random__trees__pinned,random,trees,True,False,aqua_relevance_expected,full,0.007268098081125804,2556
random__trees__pinned,random,trees,True,False,aqua_respect_expected,full,0.005244569771460864,2556
random__trees__pinned,random,trees,True,False,aqua_sarcasm_expected,full,0.010555018210475667,2556
random__trees__pinned,random,trees,True,False,aqua_screaming_expected,full,0.01244672246965109,2556
random__trees__pinned,random,trees,True,False,aqua_solution_proposal_expected,full,0.025128817959122876,2556
random__trees__pinned,random,trees,True,False,aqua_storytelling_expected,full,0.02470936874976953,2556
random__trees__pinned,random,trees,True,False,aqua_vulgarity_expected,full,0.029099896801504488,2556
random__trees__pinned,random,trees,True,False,article_similarity_top3,full,0.06764667257286996,2556
random__trees__pinned,random,trees,True,False,author_prior_30d_downvote_reception,full,0.02784078804377561,2556
random__trees__pinned,random,trees,True,False,author_prior_30d_upvote_reception,full,0.05149107775653288,2556
random__trees__pinned,random,trees,True,False,discussion_pace,full,0.003917363417698287,2556
random__trees__pinned,random,trees,True,False,is_reply,full,-0.3581014637223558,2556
random__trees__pinned,random,trees,True,False,lexdiv_length_adjusted,full,0.011787155843288082,2556
random__trees__pinned,random,trees,True,False,log_author_prior_30d_comments,full,-0.01182785393640505,2556
random__trees__pinned,random,trees,True,False,log_author_prior_comments_story,full,-0.09728894293979995,2556
random__trees__pinned,random,trees,True,False,log_hours_since_article,full,-0.11822681918355601,2556
random__trees__pinned,random,trees,True,False,log_words,full,0.03341211288203228,2556
random__trees__pinned,random,trees,True,False,novelty_prior_all_model,full,0.02285349881787631,2556
random__trees__pinned,random,trees,True,False,prior_reply_composition,full,-0.12620038090039867,2556
random__trees__pinned,random,trees,True,False,reading_level_length_adjusted,full,0.008232309678398518,2556
random__trees__pinned,random,trees,True,False,reply_depth_centered,full,-0.027220738554413385,2556
random__trees__pinned,random,trees,True,False,sentiment_negative,full,0.007639437066623516,2556
random__trees__pinned,random,trees,True,False,sentiment_positive,full,-0.0005137738207999453,2556
random__trees__pinned,random,trees,True,False,toxicity_probability,full,0.017478827448872226,2556
random__trees__pinned,random,trees,True,False,url_present,full,0.007731287066219791,2556
random__trees__pinned,random,trees,True,False,vienna_overnight,full,-0.03709473136121742,2556
random__trees__pinned,random,trees,True,False,vienna_weekday_shoulder_evening,full,-0.01980215126896435,2556
random__trees__pinned,random,trees,True,False,vienna_weekend_day_evening,full,-0.03856219266174142,2556
random__trees__unpinned,random,trees,False,False,aqua_additional_knowledge_expected,full,0.0065256179488791515,2556
random__trees__unpinned,random,trees,False,False,aqua_discrimination_expected,full,0.004328043001887093,2556
random__trees__unpinned,random,trees,False,False,aqua_fact_expected,full,0.006621268841356495,2556
random__trees__unpinned,random,trees,False,False,aqua_insult_expected,full,0.0029528248148320427,2556
random__trees__unpinned,random,trees,False,False,aqua_justification_expected,full,0.007037756413027355,2556
random__trees__unpinned,random,trees,False,False,aqua_opinion_expected,full,0.0015470606539851758,2556
random__trees__unpinned,random,trees,False,False,aqua_polite_address_expected,full,0.00022549347059963942,2556
random__trees__unpinned,random,trees,False,False,aqua_question_expected,full,0.005035574921682331,2556
random__trees__unpinned,random,trees,False,False,aqua_referencing_contents_expected,full,-0.005522094716722628,2556
random__trees__unpinned,random,trees,False,False,aqua_referencing_format_expected,full,0.0023380291592463662,2556
random__trees__unpinned,random,trees,False,False,aqua_referencing_medium_expected,full,0.00201075447912395,2556
random__trees__unpinned,random,trees,False,False,aqua_referencing_personal_expected,full,0.0010876818132789052,2556
random__trees__unpinned,random,trees,False,False,aqua_referencing_users_expected,full,-0.002947704393077399,2556
random__trees__unpinned,random,trees,False,False,aqua_relevance_expected,full,0.0034759614337921173,2556
random__trees__unpinned,random,trees,False,False,aqua_respect_expected,full,-0.0027230791631408127,2556
random__trees__unpinned,random,trees,False,False,aqua_sarcasm_expected,full,0.002933523931748927,2556
random__trees__unpinned,random,trees,False,False,aqua_screaming_expected,full,0.0028696290006634192,2556
random__trees__unpinned,random,trees,False,False,aqua_solution_proposal_expected,full,0.005839865677964086,2556
random__trees__unpinned,random,trees,False,False,aqua_storytelling_expected,full,0.005074609261170283,2556
random__trees__unpinned,random,trees,False,False,aqua_vulgarity_expected,full,0.004178664953085713,2556
random__trees__unpinned,random,trees,False,False,article_similarity_top3,full,0.008547177350216853,2556
random__trees__unpinned,random,trees,False,False,author_prior_30d_downvote_reception,full,0.002678433689800375,2556
random__trees__unpinned,random,trees,False,False,author_prior_30d_upvote_reception,full,0.0023821543607717246,2556
random__trees__unpinned,random,trees,False,False,discussion_pace,full,-0.0038536701842141995,2556
random__trees__unpinned,random,trees,False,False,is_reply,full,-0.0323495164608749,2556
random__trees__unpinned,random,trees,False,False,lexdiv_length_adjusted,full,0.0006107069897889713,2556
random__trees__unpinned,random,trees,False,False,log_author_prior_30d_comments,full,-0.0022449616051753176,2556
random__trees__unpinned,random,trees,False,False,log_author_prior_comments_story,full,-0.018749081421470526,2556
random__trees__unpinned,random,trees,False,False,log_hours_since_article,full,-0.004133050627560937,2556
random__trees__unpinned,random,trees,False,False,log_words,full,0.007264130066508442,2556
random__trees__unpinned,random,trees,False,False,novelty_prior_all_model,full,-0.0003662275739603306,2556
random__trees__unpinned,random,trees,False,False,prior_reply_composition,full,-0.0046151459509970166,2556
random__trees__unpinned,random,trees,False,False,reading_level_length_adjusted,full,0.0008554533859978593,2556
random__trees__unpinned,random,trees,False,False,reply_depth_centered,full,-0.013080672956065855,2556
random__trees__unpinned,random,trees,False,False,sentiment_negative,full,0.003932545127448415,2556
random__trees__unpinned,random,trees,False,False,sentiment_positive,full,-0.003811301583505219,2556
random__trees__unpinned,random,trees,False,False,toxicity_probability,full,0.003807034483566435,2556
random__trees__unpinned,random,trees,False,False,url_present,full,-0.0008207731814577194,2556
random__trees__unpinned,random,trees,False,False,vienna_overnight,full,0.004864542164469461,2556
random__trees__unpinned,random,trees,False,False,vienna_weekday_shoulder_evening,full,0.0005694685151968813,2556
random__trees__unpinned,random,trees,False,False,vienna_weekend_day_evening,full,0.0002840484478722881,2556
regression_audience__hidden__pinned,regression_audience,hidden,True,True,aqua_additional_knowledge_expected,full,0.14258784332182575,2556
regression_audience__hidden__pinned,regression_audience,hidden,True,True,aqua_discrimination_expected,full,0.11380322054039467,2556
regression_audience__hidden__pinned,regression_audience,hidden,True,True,aqua_fact_expected,full,0.16832528835950672,2556
regression_audience__hidden__pinned,regression_audience,hidden,True,True,aqua_insult_expected,full,0.10296036733984279,2556
regression_audience__hidden__pinned,regression_audience,hidden,True,True,aqua_justification_expected,full,0.19275216931418745,2556
regression_audience__hidden__pinned,regression_audience,hidden,True,True,aqua_opinion_expected,full,0.11344401350681958,2556
regression_audience__hidden__pinned,regression_audience,hidden,True,True,aqua_polite_address_expected,full,0.08614546906616162,2556
regression_audience__hidden__pinned,regression_audience,hidden,True,True,aqua_question_expected,full,-0.05352096218034701,2556
regression_audience__hidden__pinned,regression_audience,hidden,True,True,aqua_referencing_contents_expected,full,-0.14222726465269858,2556
regression_audience__hidden__pinned,regression_audience,hidden,True,True,aqua_referencing_format_expected,full,0.10072221759394162,2556
regression_audience__hidden__pinned,regression_audience,hidden,True,True,aqua_referencing_medium_expected,full,0.07046064947391839,2556
regression_audience__hidden__pinned,regression_audience,hidden,True,True,aqua_referencing_personal_expected,full,0.03272295009530696,2556
regression_audience__hidden__pinned,regression_audience,hidden,True,True,aqua_referencing_users_expected,full,-0.08821602775608856,2556
regression_audience__hidden__pinned,regression_audience,hidden,True,True,aqua_relevance_expected,full,0.10189093268267116,2556
regression_audience__hidden__pinned,regression_audience,hidden,True,True,aqua_respect_expected,full,0.036407201527320944,2556
regression_audience__hidden__pinned,regression_audience,hidden,True,True,aqua_sarcasm_expected,full,0.04544051195903067,2556
regression_audience__hidden__pinned,regression_audience,hidden,True,True,aqua_screaming_expected,full,0.052066539650677805,2556
regression_audience__hidden__pinned,regression_audience,hidden,True,True,aqua_solution_proposal_expected,full,0.14794974351200965,2556
regression_audience__hidden__pinned,regression_audience,hidden,True,True,aqua_storytelling_expected,full,0.13105468489348301,2556
regression_audience__hidden__pinned,regression_audience,hidden,True,True,aqua_vulgarity_expected,full,0.12437522293357908,2556
regression_audience__hidden__pinned,regression_audience,hidden,True,True,article_similarity_top3,full,0.27471206281629484,2556
regression_audience__hidden__pinned,regression_audience,hidden,True,True,author_prior_30d_downvote_reception,full,0.08805234578819648,2556
regression_audience__hidden__pinned,regression_audience,hidden,True,True,author_prior_30d_upvote_reception,full,0.19018167241961254,2556
regression_audience__hidden__pinned,regression_audience,hidden,True,True,discussion_pace,full,-0.04578718720692641,2556
regression_audience__hidden__pinned,regression_audience,hidden,True,True,is_reply,full,-0.9988480759637066,2556
regression_audience__hidden__pinned,regression_audience,hidden,True,True,lexdiv_length_adjusted,full,0.03545108446241231,2556
regression_audience__hidden__pinned,regression_audience,hidden,True,True,log_author_prior_30d_comments,full,-0.08367558197213529,2556
regression_audience__hidden__pinned,regression_audience,hidden,True,True,log_author_prior_comments_story,full,-0.48936798788952907,2556
regression_audience__hidden__pinned,regression_audience,hidden,True,True,log_hours_since_article,full,-0.3253197074029318,2556
regression_audience__hidden__pinned,regression_audience,hidden,True,True,log_words,full,0.19510202593572465,2556
regression_audience__hidden__pinned,regression_audience,hidden,True,True,novelty_prior_all_model,full,0.013193088164496143,2556
regression_audience__hidden__pinned,regression_audience,hidden,True,True,prior_reply_composition,full,-0.2906429551917,2556
regression_audience__hidden__pinned,regression_audience,hidden,True,True,reading_level_length_adjusted,full,0.028628648017897076,2556
regression_audience__hidden__pinned,regression_audience,hidden,True,True,reply_depth_centered,full,0.1109471288404026,2556
regression_audience__hidden__pinned,regression_audience,hidden,True,True,sentiment_negative,full,0.05342278033998433,2556
regression_audience__hidden__pinned,regression_audience,hidden,True,True,sentiment_positive,full,-0.0140671537062609,2556
regression_audience__hidden__pinned,regression_audience,hidden,True,True,toxicity_probability,full,0.05679423343173991,2556
regression_audience__hidden__pinned,regression_audience,hidden,True,True,url_present,full,-0.0708087449364701,2556
regression_audience__hidden__pinned,regression_audience,hidden,True,True,vienna_overnight,full,-0.1391649913779989,2556
regression_audience__hidden__pinned,regression_audience,hidden,True,True,vienna_weekday_shoulder_evening,full,-0.0830770543475546,2556
regression_audience__hidden__pinned,regression_audience,hidden,True,True,vienna_weekend_day_evening,full,-0.1370028917781967,2556
regression_audience__hidden__unpinned,regression_audience,hidden,False,True,aqua_additional_knowledge_expected,full,0.14334400921712534,2556
regression_audience__hidden__unpinned,regression_audience,hidden,False,True,aqua_discrimination_expected,full,0.11600350758239696,2556
regression_audience__hidden__unpinned,regression_audience,hidden,False,True,aqua_fact_expected,full,0.1701810633595059,2556
regression_audience__hidden__unpinned,regression_audience,hidden,False,True,aqua_insult_expected,full,0.1042738837760614,2556
regression_audience__hidden__unpinned,regression_audience,hidden,False,True,aqua_justification_expected,full,0.19647349813431708,2556
regression_audience__hidden__unpinned,regression_audience,hidden,False,True,aqua_opinion_expected,full,0.11742967843093752,2556
regression_audience__hidden__unpinned,regression_audience,hidden,False,True,aqua_polite_address_expected,full,0.08595918901449848,2556
regression_audience__hidden__unpinned,regression_audience,hidden,False,True,aqua_question_expected,full,-0.055165548575142435,2556
regression_audience__hidden__unpinned,regression_audience,hidden,False,True,aqua_referencing_contents_expected,full,-0.1422147231872161,2556
regression_audience__hidden__unpinned,regression_audience,hidden,False,True,aqua_referencing_format_expected,full,0.10066949794589049,2556
regression_audience__hidden__unpinned,regression_audience,hidden,False,True,aqua_referencing_medium_expected,full,0.0712702538027437,2556
regression_audience__hidden__unpinned,regression_audience,hidden,False,True,aqua_referencing_personal_expected,full,0.03267675859983265,2556
regression_audience__hidden__unpinned,regression_audience,hidden,False,True,aqua_referencing_users_expected,full,-0.08795654090002289,2556
regression_audience__hidden__unpinned,regression_audience,hidden,False,True,aqua_relevance_expected,full,0.10363259453873412,2556
regression_audience__hidden__unpinned,regression_audience,hidden,False,True,aqua_respect_expected,full,0.037741212210651444,2556
regression_audience__hidden__unpinned,regression_audience,hidden,False,True,aqua_sarcasm_expected,full,0.045293773475570696,2556
regression_audience__hidden__unpinned,regression_audience,hidden,False,True,aqua_screaming_expected,full,0.05158706187136477,2556
regression_audience__hidden__unpinned,regression_audience,hidden,False,True,aqua_solution_proposal_expected,full,0.14943132303372067,2556
regression_audience__hidden__unpinned,regression_audience,hidden,False,True,aqua_storytelling_expected,full,0.1340967621643326,2556
regression_audience__hidden__unpinned,regression_audience,hidden,False,True,aqua_vulgarity_expected,full,0.1253732379827224,2556
regression_audience__hidden__unpinned,regression_audience,hidden,False,True,article_similarity_top3,full,0.2759459401051203,2556
regression_audience__hidden__unpinned,regression_audience,hidden,False,True,author_prior_30d_downvote_reception,full,0.08678629003635699,2556
regression_audience__hidden__unpinned,regression_audience,hidden,False,True,author_prior_30d_upvote_reception,full,0.19587933456749346,2556
regression_audience__hidden__unpinned,regression_audience,hidden,False,True,discussion_pace,full,-0.06083206159999189,2556
regression_audience__hidden__unpinned,regression_audience,hidden,False,True,is_reply,full,-0.9989214942387308,2556
regression_audience__hidden__unpinned,regression_audience,hidden,False,True,lexdiv_length_adjusted,full,0.03482461811369492,2556
regression_audience__hidden__unpinned,regression_audience,hidden,False,True,log_author_prior_30d_comments,full,-0.08360130587512013,2556
regression_audience__hidden__unpinned,regression_audience,hidden,False,True,log_author_prior_comments_story,full,-0.4920284585299631,2556
regression_audience__hidden__unpinned,regression_audience,hidden,False,True,log_hours_since_article,full,-0.33639550915764055,2556
regression_audience__hidden__unpinned,regression_audience,hidden,False,True,log_words,full,0.1979875614736214,2556
regression_audience__hidden__unpinned,regression_audience,hidden,False,True,novelty_prior_all_model,full,0.016839912626543274,2556
regression_audience__hidden__unpinned,regression_audience,hidden,False,True,prior_reply_composition,full,-0.29942578093083916,2556
regression_audience__hidden__unpinned,regression_audience,hidden,False,True,reading_level_length_adjusted,full,0.028761350865689678,2556
regression_audience__hidden__unpinned,regression_audience,hidden,False,True,reply_depth_centered,full,0.11193783706610458,2556
regression_audience__hidden__unpinned,regression_audience,hidden,False,True,sentiment_negative,full,0.05729508936418133,2556
regression_audience__hidden__unpinned,regression_audience,hidden,False,True,sentiment_positive,full,-0.015277766268536781,2556
regression_audience__hidden__unpinned,regression_audience,hidden,False,True,toxicity_probability,full,0.0615941193477431,2556
regression_audience__hidden__unpinned,regression_audience,hidden,False,True,url_present,full,-0.08586202846411159,2556
regression_audience__hidden__unpinned,regression_audience,hidden,False,True,vienna_overnight,full,-0.1368228266229702,2556
regression_audience__hidden__unpinned,regression_audience,hidden,False,True,vienna_weekday_shoulder_evening,full,-0.0831543220068453,2556
regression_audience__hidden__unpinned,regression_audience,hidden,False,True,vienna_weekend_day_evening,full,-0.1371277622205245,2556
regression_audience__loose__pinned,regression_audience,loose,True,True,aqua_additional_knowledge_expected,full,0.15387501978276036,2556
regression_audience__loose__pinned,regression_audience,loose,True,True,aqua_discrimination_expected,full,0.13659379366869376,2556
regression_audience__loose__pinned,regression_audience,loose,True,True,aqua_fact_expected,full,0.19446828202474567,2556
regression_audience__loose__pinned,regression_audience,loose,True,True,aqua_insult_expected,full,0.11576283032923551,2556
regression_audience__loose__pinned,regression_audience,loose,True,True,aqua_justification_expected,full,0.2124139247209853,2556
regression_audience__loose__pinned,regression_audience,loose,True,True,aqua_opinion_expected,full,0.11823428069891802,2556
regression_audience__loose__pinned,regression_audience,loose,True,True,aqua_polite_address_expected,full,0.09270309689953661,2556
regression_audience__loose__pinned,regression_audience,loose,True,True,aqua_question_expected,full,-0.0678444090628185,2556
regression_audience__loose__pinned,regression_audience,loose,True,True,aqua_referencing_contents_expected,full,-0.1586199669182586,2556
regression_audience__loose__pinned,regression_audience,loose,True,True,aqua_referencing_format_expected,full,0.09389710117640375,2556
regression_audience__loose__pinned,regression_audience,loose,True,True,aqua_referencing_medium_expected,full,0.07989401856306097,2556
regression_audience__loose__pinned,regression_audience,loose,True,True,aqua_referencing_personal_expected,full,0.01950074648538961,2556
regression_audience__loose__pinned,regression_audience,loose,True,True,aqua_referencing_users_expected,full,-0.10768443845517807,2556
regression_audience__loose__pinned,regression_audience,loose,True,True,aqua_relevance_expected,full,0.12865874400664604,2556
regression_audience__loose__pinned,regression_audience,loose,True,True,aqua_respect_expected,full,0.04108219726539672,2556
regression_audience__loose__pinned,regression_audience,loose,True,True,aqua_sarcasm_expected,full,0.04451565410820836,2556
regression_audience__loose__pinned,regression_audience,loose,True,True,aqua_screaming_expected,full,0.05732448218121333,2556
regression_audience__loose__pinned,regression_audience,loose,True,True,aqua_solution_proposal_expected,full,0.1642305281974063,2556
regression_audience__loose__pinned,regression_audience,loose,True,True,aqua_storytelling_expected,full,0.13327098783015226,2556
regression_audience__loose__pinned,regression_audience,loose,True,True,aqua_vulgarity_expected,full,0.12234754780572586,2556
regression_audience__loose__pinned,regression_audience,loose,True,True,article_similarity_top3,full,0.3080182911549678,2556
regression_audience__loose__pinned,regression_audience,loose,True,True,author_prior_30d_downvote_reception,full,0.07608988930084243,2556
regression_audience__loose__pinned,regression_audience,loose,True,True,author_prior_30d_upvote_reception,full,0.24933090549885223,2556
regression_audience__loose__pinned,regression_audience,loose,True,True,discussion_pace,full,0.07595058985870692,2556
regression_audience__loose__pinned,regression_audience,loose,True,True,is_reply,full,-0.9569512265007076,2556
regression_audience__loose__pinned,regression_audience,loose,True,True,lexdiv_length_adjusted,full,0.035153379450953835,2556
regression_audience__loose__pinned,regression_audience,loose,True,True,log_author_prior_30d_comments,full,-0.09620630564274703,2556
regression_audience__loose__pinned,regression_audience,loose,True,True,log_author_prior_comments_story,full,-0.5871732987729846,2556
regression_audience__loose__pinned,regression_audience,loose,True,True,log_hours_since_article,full,-0.5707079547181156,2556
regression_audience__loose__pinned,regression_audience,loose,True,True,log_words,full,0.20714967107319945,2556
regression_audience__loose__pinned,regression_audience,loose,True,True,novelty_prior_all_model,full,0.05175263544370292,2556
regression_audience__loose__pinned,regression_audience,loose,True,True,prior_reply_composition,full,-0.5472266731966605,2556
regression_audience__loose__pinned,regression_audience,loose,True,True,reading_level_length_adjusted,full,0.04522281580797774,2556
regression_audience__loose__pinned,regression_audience,loose,True,True,reply_depth_centered,full,-0.23239313474316847,2556
regression_audience__loose__pinned,regression_audience,loose,True,True,sentiment_negative,full,0.06339376498131834,2556
regression_audience__loose__pinned,regression_audience,loose,True,True,sentiment_positive,full,-0.005699218837268476,2556
regression_audience__loose__pinned,regression_audience,loose,True,True,toxicity_probability,full,0.08390650906474849,2556
regression_audience__loose__pinned,regression_audience,loose,True,True,url_present,full,-0.07512290091819314,2556
regression_audience__loose__pinned,regression_audience,loose,True,True,vienna_overnight,full,-0.20286271372445686,2556
regression_audience__loose__pinned,regression_audience,loose,True,True,vienna_weekday_shoulder_evening,full,-0.11751175038143742,2556
regression_audience__loose__pinned,regression_audience,loose,True,True,vienna_weekend_day_evening,full,-0.20729386179541487,2556
regression_audience__loose__unpinned,regression_audience,loose,False,True,aqua_additional_knowledge_expected,full,0.1778955902043367,2556
regression_audience__loose__unpinned,regression_audience,loose,False,True,aqua_discrimination_expected,full,0.1653852244023203,2556
regression_audience__loose__unpinned,regression_audience,loose,False,True,aqua_fact_expected,full,0.22771676475023764,2556
regression_audience__loose__unpinned,regression_audience,loose,False,True,aqua_insult_expected,full,0.1304400765306949,2556
regression_audience__loose__unpinned,regression_audience,loose,False,True,aqua_justification_expected,full,0.25058818869380484,2556
regression_audience__loose__unpinned,regression_audience,loose,False,True,aqua_opinion_expected,full,0.14009119776006052,2556
regression_audience__loose__unpinned,regression_audience,loose,False,True,aqua_polite_address_expected,full,0.1048385515431687,2556
regression_audience__loose__unpinned,regression_audience,loose,False,True,aqua_question_expected,full,-0.09384979590197066,2556
regression_audience__loose__unpinned,regression_audience,loose,False,True,aqua_referencing_contents_expected,full,-0.17799467595627222,2556
regression_audience__loose__unpinned,regression_audience,loose,False,True,aqua_referencing_format_expected,full,0.09344536550170782,2556
regression_audience__loose__unpinned,regression_audience,loose,False,True,aqua_referencing_medium_expected,full,0.08652853238919533,2556
regression_audience__loose__unpinned,regression_audience,loose,False,True,aqua_referencing_personal_expected,full,0.008358149066098728,2556
regression_audience__loose__unpinned,regression_audience,loose,False,True,aqua_referencing_users_expected,full,-0.12724646204853796,2556
regression_audience__loose__unpinned,regression_audience,loose,False,True,aqua_relevance_expected,full,0.16676137594832152,2556
regression_audience__loose__unpinned,regression_audience,loose,False,True,aqua_respect_expected,full,0.05222758679243596,2556
regression_audience__loose__unpinned,regression_audience,loose,False,True,aqua_sarcasm_expected,full,0.043524196712633356,2556
regression_audience__loose__unpinned,regression_audience,loose,False,True,aqua_screaming_expected,full,0.05953311695730473,2556
regression_audience__loose__unpinned,regression_audience,loose,False,True,aqua_solution_proposal_expected,full,0.1968120010554965,2556
regression_audience__loose__unpinned,regression_audience,loose,False,True,aqua_storytelling_expected,full,0.15946244123479217,2556
regression_audience__loose__unpinned,regression_audience,loose,False,True,aqua_vulgarity_expected,full,0.13033958116656882,2556
regression_audience__loose__unpinned,regression_audience,loose,False,True,article_similarity_top3,full,0.34875116852783755,2556
regression_audience__loose__unpinned,regression_audience,loose,False,True,author_prior_30d_downvote_reception,full,0.07085327462890562,2556
regression_audience__loose__unpinned,regression_audience,loose,False,True,author_prior_30d_upvote_reception,full,0.28811679773724225,2556
regression_audience__loose__unpinned,regression_audience,loose,False,True,discussion_pace,full,0.136458351335121,2556
regression_audience__loose__unpinned,regression_audience,loose,False,True,is_reply,full,-0.9501765532791187,2556
regression_audience__loose__unpinned,regression_audience,loose,False,True,lexdiv_length_adjusted,full,0.03584164042929318,2556
regression_audience__loose__unpinned,regression_audience,loose,False,True,log_author_prior_30d_comments,full,-0.12779013674438974,2556
regression_audience__loose__unpinned,regression_audience,loose,False,True,log_author_prior_comments_story,full,-0.709594281435795,2556
regression_audience__loose__unpinned,regression_audience,loose,False,True,log_hours_since_article,full,-0.6878579436847335,2556
regression_audience__loose__unpinned,regression_audience,loose,False,True,log_words,full,0.2373164349120096,2556
regression_audience__loose__unpinned,regression_audience,loose,False,True,novelty_prior_all_model,full,0.05475569695906953,2556
regression_audience__loose__unpinned,regression_audience,loose,False,True,prior_reply_composition,full,-0.6699990416760755,2556
regression_audience__loose__unpinned,regression_audience,loose,False,True,reading_level_length_adjusted,full,0.05413623594696303,2556
regression_audience__loose__unpinned,regression_audience,loose,False,True,reply_depth_centered,full,-0.40914686562324637,2556
regression_audience__loose__unpinned,regression_audience,loose,False,True,sentiment_negative,full,0.07529317817076496,2556
regression_audience__loose__unpinned,regression_audience,loose,False,True,sentiment_positive,full,0.0028783392895883643,2556
regression_audience__loose__unpinned,regression_audience,loose,False,True,toxicity_probability,full,0.09278653114281847,2556
regression_audience__loose__unpinned,regression_audience,loose,False,True,url_present,full,-0.11363468572940531,2556
regression_audience__loose__unpinned,regression_audience,loose,False,True,vienna_overnight,full,-0.2094842868785161,2556
regression_audience__loose__unpinned,regression_audience,loose,False,True,vienna_weekday_shoulder_evening,full,-0.11521764663490164,2556
regression_audience__loose__unpinned,regression_audience,loose,False,True,vienna_weekend_day_evening,full,-0.23712726987939614,2556
regression_audience__trees__pinned,regression_audience,trees,True,True,aqua_additional_knowledge_expected,full,0.07501048319869756,2556
regression_audience__trees__pinned,regression_audience,trees,True,True,aqua_discrimination_expected,full,0.08404360359617832,2556
regression_audience__trees__pinned,regression_audience,trees,True,True,aqua_fact_expected,full,0.09300025940350279,2556
regression_audience__trees__pinned,regression_audience,trees,True,True,aqua_insult_expected,full,0.04843032412520504,2556
regression_audience__trees__pinned,regression_audience,trees,True,True,aqua_justification_expected,full,0.12149524691208935,2556
regression_audience__trees__pinned,regression_audience,trees,True,True,aqua_opinion_expected,full,0.08395134667375437,2556
regression_audience__trees__pinned,regression_audience,trees,True,True,aqua_polite_address_expected,full,0.058129884582447666,2556
regression_audience__trees__pinned,regression_audience,trees,True,True,aqua_question_expected,full,-0.044686600653794956,2556
regression_audience__trees__pinned,regression_audience,trees,True,True,aqua_referencing_contents_expected,full,-0.026655450485247024,2556
regression_audience__trees__pinned,regression_audience,trees,True,True,aqua_referencing_format_expected,full,0.032382527475324906,2556
regression_audience__trees__pinned,regression_audience,trees,True,True,aqua_referencing_medium_expected,full,0.03750144800727571,2556
regression_audience__trees__pinned,regression_audience,trees,True,True,aqua_referencing_personal_expected,full,0.0037986153249670944,2556
regression_audience__trees__pinned,regression_audience,trees,True,True,aqua_referencing_users_expected,full,-0.009344192732985104,2556
regression_audience__trees__pinned,regression_audience,trees,True,True,aqua_relevance_expected,full,0.07797077380169239,2556
regression_audience__trees__pinned,regression_audience,trees,True,True,aqua_respect_expected,full,0.03417207919453096,2556
regression_audience__trees__pinned,regression_audience,trees,True,True,aqua_sarcasm_expected,full,0.0035313530945357053,2556
regression_audience__trees__pinned,regression_audience,trees,True,True,aqua_screaming_expected,full,-0.015834032920148487,2556
regression_audience__trees__pinned,regression_audience,trees,True,True,aqua_solution_proposal_expected,full,0.09818703470737339,2556
regression_audience__trees__pinned,regression_audience,trees,True,True,aqua_storytelling_expected,full,0.09527848048248463,2556
regression_audience__trees__pinned,regression_audience,trees,True,True,aqua_vulgarity_expected,full,0.04030700664402827,2556
regression_audience__trees__pinned,regression_audience,trees,True,True,article_similarity_top3,full,0.11248805508705495,2556
regression_audience__trees__pinned,regression_audience,trees,True,True,author_prior_30d_downvote_reception,full,0.0017217373349823924,2556
regression_audience__trees__pinned,regression_audience,trees,True,True,author_prior_30d_upvote_reception,full,0.14609582649251204,2556
regression_audience__trees__pinned,regression_audience,trees,True,True,discussion_pace,full,0.04976632581768723,2556
regression_audience__trees__pinned,regression_audience,trees,True,True,is_reply,full,-0.2431349426906945,2556
regression_audience__trees__pinned,regression_audience,trees,True,True,lexdiv_length_adjusted,full,0.010724697303344728,2556
regression_audience__trees__pinned,regression_audience,trees,True,True,log_author_prior_30d_comments,full,0.010339204928002119,2556
regression_audience__trees__pinned,regression_audience,trees,True,True,log_author_prior_comments_story,full,-0.09241870595424659,2556
regression_audience__trees__pinned,regression_audience,trees,True,True,log_hours_since_article,full,-0.5135258368466511,2556
regression_audience__trees__pinned,regression_audience,trees,True,True,log_words,full,0.1145470395048845,2556
regression_audience__trees__pinned,regression_audience,trees,True,True,novelty_prior_all_model,full,0.07581340710064767,2556
regression_audience__trees__pinned,regression_audience,trees,True,True,prior_reply_composition,full,-0.5206568395350661,2556
regression_audience__trees__pinned,regression_audience,trees,True,True,reading_level_length_adjusted,full,0.013525277061293526,2556
regression_audience__trees__pinned,regression_audience,trees,True,True,reply_depth_centered,full,-0.03069013318725731,2556
regression_audience__trees__pinned,regression_audience,trees,True,True,sentiment_negative,full,0.03080078256516966,2556
regression_audience__trees__pinned,regression_audience,trees,True,True,sentiment_positive,full,-0.004674563644705169,2556
regression_audience__trees__pinned,regression_audience,trees,True,True,toxicity_probability,full,0.030600924006199372,2556
regression_audience__trees__pinned,regression_audience,trees,True,True,url_present,full,-0.11057537404491191,2556
regression_audience__trees__pinned,regression_audience,trees,True,True,vienna_overnight,full,-0.21171437087247955,2556
regression_audience__trees__pinned,regression_audience,trees,True,True,vienna_weekday_shoulder_evening,full,-0.08829497804474915,2556
regression_audience__trees__pinned,regression_audience,trees,True,True,vienna_weekend_day_evening,full,-0.1815718137624444,2556
regression_audience__trees__unpinned,regression_audience,trees,False,True,aqua_additional_knowledge_expected,full,0.0696479082419788,2556
regression_audience__trees__unpinned,regression_audience,trees,False,True,aqua_discrimination_expected,full,0.10125542918057297,2556
regression_audience__trees__unpinned,regression_audience,trees,False,True,aqua_fact_expected,full,0.09556026503934098,2556
regression_audience__trees__unpinned,regression_audience,trees,False,True,aqua_insult_expected,full,0.03903463449724261,2556
regression_audience__trees__unpinned,regression_audience,trees,False,True,aqua_justification_expected,full,0.14043465208681424,2556
regression_audience__trees__unpinned,regression_audience,trees,False,True,aqua_opinion_expected,full,0.10456629498051775,2556
regression_audience__trees__unpinned,regression_audience,trees,False,True,aqua_polite_address_expected,full,0.04937840243579386,2556
regression_audience__trees__unpinned,regression_audience,trees,False,True,aqua_question_expected,full,-0.06246582352369792,2556
regression_audience__trees__unpinned,regression_audience,trees,False,True,aqua_referencing_contents_expected,full,0.017193096994361536,2556
regression_audience__trees__unpinned,regression_audience,trees,False,True,aqua_referencing_format_expected,full,0.007413375819694312,2556
regression_audience__trees__unpinned,regression_audience,trees,False,True,aqua_referencing_medium_expected,full,0.025949559217885738,2556
regression_audience__trees__unpinned,regression_audience,trees,False,True,aqua_referencing_personal_expected,full,-0.012391605346402783,2556
regression_audience__trees__unpinned,regression_audience,trees,False,True,aqua_referencing_users_expected,full,0.01566278173817598,2556
regression_audience__trees__unpinned,regression_audience,trees,False,True,aqua_relevance_expected,full,0.10715483496491673,2556
regression_audience__trees__unpinned,regression_audience,trees,False,True,aqua_respect_expected,full,0.0406411039774914,2556
regression_audience__trees__unpinned,regression_audience,trees,False,True,aqua_sarcasm_expected,full,-0.011071759052524735,2556
regression_audience__trees__unpinned,regression_audience,trees,False,True,aqua_screaming_expected,full,-0.040425513313396604,2556
regression_audience__trees__unpinned,regression_audience,trees,False,True,aqua_solution_proposal_expected,full,0.11506294982061743,2556
regression_audience__trees__unpinned,regression_audience,trees,False,True,aqua_storytelling_expected,full,0.11762780558559738,2556
regression_audience__trees__unpinned,regression_audience,trees,False,True,aqua_vulgarity_expected,full,0.017825720844410857,2556
regression_audience__trees__unpinned,regression_audience,trees,False,True,article_similarity_top3,full,0.06340619081092704,2556
regression_audience__trees__unpinned,regression_audience,trees,False,True,author_prior_30d_downvote_reception,full,-0.04209788399646883,2556
regression_audience__trees__unpinned,regression_audience,trees,False,True,author_prior_30d_upvote_reception,full,0.11569242450851722,2556
regression_audience__trees__unpinned,regression_audience,trees,False,True,discussion_pace,full,0.04201692357188829,2556
regression_audience__trees__unpinned,regression_audience,trees,False,True,is_reply,full,0.2018631312283486,2556
regression_audience__trees__unpinned,regression_audience,trees,False,True,lexdiv_length_adjusted,full,-0.002888094642535057,2556
regression_audience__trees__unpinned,regression_audience,trees,False,True,log_author_prior_30d_comments,full,0.024350432613252024,2556
regression_audience__trees__unpinned,regression_audience,trees,False,True,log_author_prior_comments_story,full,-0.0032899487009810957,2556
regression_audience__trees__unpinned,regression_audience,trees,False,True,log_hours_since_article,full,-0.4698328782013478,2556
regression_audience__trees__unpinned,regression_audience,trees,False,True,log_words,full,0.12186948780528001,2556
regression_audience__trees__unpinned,regression_audience,trees,False,True,novelty_prior_all_model,full,0.051176577047264214,2556
regression_audience__trees__unpinned,regression_audience,trees,False,True,prior_reply_composition,full,-0.5263754643763725,2556
regression_audience__trees__unpinned,regression_audience,trees,False,True,reading_level_length_adjusted,full,0.003199473790966504,2556
regression_audience__trees__unpinned,regression_audience,trees,False,True,reply_depth_centered,full,-0.003041937787431913,2556
regression_audience__trees__unpinned,regression_audience,trees,False,True,sentiment_negative,full,0.032986615912163134,2556
regression_audience__trees__unpinned,regression_audience,trees,False,True,sentiment_positive,full,-0.003494214574059103,2556
regression_audience__trees__unpinned,regression_audience,trees,False,True,toxicity_probability,full,0.011640804024147921,2556
regression_audience__trees__unpinned,regression_audience,trees,False,True,url_present,full,-0.15722007201729082,2556
regression_audience__trees__unpinned,regression_audience,trees,False,True,vienna_overnight,full,-0.14505778152609103,2556
regression_audience__trees__unpinned,regression_audience,trees,False,True,vienna_weekday_shoulder_evening,full,-0.05096575725630764,2556
regression_audience__trees__unpinned,regression_audience,trees,False,True,vienna_weekend_day_evening,full,-0.1424431015983573,2556
regression_editor__hidden__pinned,regression_editor,hidden,True,True,aqua_additional_knowledge_expected,full,0.16014837205365334,2556
regression_editor__hidden__pinned,regression_editor,hidden,True,True,aqua_discrimination_expected,full,0.12303615247927273,2556
regression_editor__hidden__pinned,regression_editor,hidden,True,True,aqua_fact_expected,full,0.18635264215463876,2556
regression_editor__hidden__pinned,regression_editor,hidden,True,True,aqua_insult_expected,full,0.10344985220877244,2556
regression_editor__hidden__pinned,regression_editor,hidden,True,True,aqua_justification_expected,full,0.2178209403155631,2556
regression_editor__hidden__pinned,regression_editor,hidden,True,True,aqua_opinion_expected,full,0.12706864713016155,2556
regression_editor__hidden__pinned,regression_editor,hidden,True,True,aqua_polite_address_expected,full,0.09939288279929613,2556
regression_editor__hidden__pinned,regression_editor,hidden,True,True,aqua_question_expected,full,-0.06472674155231538,2556
regression_editor__hidden__pinned,regression_editor,hidden,True,True,aqua_referencing_contents_expected,full,-0.137712013333803,2556
regression_editor__hidden__pinned,regression_editor,hidden,True,True,aqua_referencing_format_expected,full,0.11108506408978674,2556
regression_editor__hidden__pinned,regression_editor,hidden,True,True,aqua_referencing_medium_expected,full,0.07471297812277178,2556
regression_editor__hidden__pinned,regression_editor,hidden,True,True,aqua_referencing_personal_expected,full,0.03928930592712013,2556
regression_editor__hidden__pinned,regression_editor,hidden,True,True,aqua_referencing_users_expected,full,-0.08249705771166618,2556
regression_editor__hidden__pinned,regression_editor,hidden,True,True,aqua_relevance_expected,full,0.1194093939215927,2556
regression_editor__hidden__pinned,regression_editor,hidden,True,True,aqua_respect_expected,full,0.04117205510693015,2556
regression_editor__hidden__pinned,regression_editor,hidden,True,True,aqua_sarcasm_expected,full,0.038551082934890075,2556
regression_editor__hidden__pinned,regression_editor,hidden,True,True,aqua_screaming_expected,full,0.049943518418557833,2556
regression_editor__hidden__pinned,regression_editor,hidden,True,True,aqua_solution_proposal_expected,full,0.17080812433835627,2556
regression_editor__hidden__pinned,regression_editor,hidden,True,True,aqua_storytelling_expected,full,0.1428965037374132,2556
regression_editor__hidden__pinned,regression_editor,hidden,True,True,aqua_vulgarity_expected,full,0.12690550407884954,2556
regression_editor__hidden__pinned,regression_editor,hidden,True,True,article_similarity_top3,full,0.29249680868637756,2556
regression_editor__hidden__pinned,regression_editor,hidden,True,True,author_prior_30d_downvote_reception,full,0.08771079095612638,2556
regression_editor__hidden__pinned,regression_editor,hidden,True,True,author_prior_30d_upvote_reception,full,0.18278572520247796,2556
regression_editor__hidden__pinned,regression_editor,hidden,True,True,discussion_pace,full,-0.035464496790671846,2556
regression_editor__hidden__pinned,regression_editor,hidden,True,True,is_reply,full,-0.9994455628814312,2556
regression_editor__hidden__pinned,regression_editor,hidden,True,True,lexdiv_length_adjusted,full,0.03976683836772341,2556
regression_editor__hidden__pinned,regression_editor,hidden,True,True,log_author_prior_30d_comments,full,-0.08608632970824952,2556
regression_editor__hidden__pinned,regression_editor,hidden,True,True,log_author_prior_comments_story,full,-0.48273360270972065,2556
regression_editor__hidden__pinned,regression_editor,hidden,True,True,log_hours_since_article,full,-0.30739948225597036,2556
regression_editor__hidden__pinned,regression_editor,hidden,True,True,log_words,full,0.21816048244481914,2556
regression_editor__hidden__pinned,regression_editor,hidden,True,True,novelty_prior_all_model,full,-0.0027097568780502603,2556
regression_editor__hidden__pinned,regression_editor,hidden,True,True,prior_reply_composition,full,-0.27441602691398015,2556
regression_editor__hidden__pinned,regression_editor,hidden,True,True,reading_level_length_adjusted,full,0.02786174308329259,2556
regression_editor__hidden__pinned,regression_editor,hidden,True,True,reply_depth_centered,full,0.11145645691370208,2556
regression_editor__hidden__pinned,regression_editor,hidden,True,True,sentiment_negative,full,0.044298263902097484,2556
regression_editor__hidden__pinned,regression_editor,hidden,True,True,sentiment_positive,full,-0.0038395222723594568,2556
regression_editor__hidden__pinned,regression_editor,hidden,True,True,toxicity_probability,full,0.037716157907965384,2556
regression_editor__hidden__pinned,regression_editor,hidden,True,True,url_present,full,-0.003717721302025079,2556
regression_editor__hidden__pinned,regression_editor,hidden,True,True,vienna_overnight,full,-0.13468064465899066,2556
regression_editor__hidden__pinned,regression_editor,hidden,True,True,vienna_weekday_shoulder_evening,full,-0.08314100483016854,2556
regression_editor__hidden__pinned,regression_editor,hidden,True,True,vienna_weekend_day_evening,full,-0.13690866472959595,2556
regression_editor__hidden__unpinned,regression_editor,hidden,False,True,aqua_additional_knowledge_expected,full,0.16448808482969807,2556
regression_editor__hidden__unpinned,regression_editor,hidden,False,True,aqua_discrimination_expected,full,0.12626761080239476,2556
regression_editor__hidden__unpinned,regression_editor,hidden,False,True,aqua_fact_expected,full,0.1910968923493899,2556
regression_editor__hidden__unpinned,regression_editor,hidden,False,True,aqua_insult_expected,full,0.10418787571653207,2556
regression_editor__hidden__unpinned,regression_editor,hidden,False,True,aqua_justification_expected,full,0.22591052873403902,2556
regression_editor__hidden__unpinned,regression_editor,hidden,False,True,aqua_opinion_expected,full,0.13337051794607788,2556
regression_editor__hidden__unpinned,regression_editor,hidden,False,True,aqua_polite_address_expected,full,0.10311979236824617,2556
regression_editor__hidden__unpinned,regression_editor,hidden,False,True,aqua_question_expected,full,-0.06771264564866693,2556
regression_editor__hidden__unpinned,regression_editor,hidden,False,True,aqua_referencing_contents_expected,full,-0.13678677557657218,2556
regression_editor__hidden__unpinned,regression_editor,hidden,False,True,aqua_referencing_format_expected,full,0.11314813474144914,2556
regression_editor__hidden__unpinned,regression_editor,hidden,False,True,aqua_referencing_medium_expected,full,0.07645529999538393,2556
regression_editor__hidden__unpinned,regression_editor,hidden,False,True,aqua_referencing_personal_expected,full,0.040342800229163006,2556
regression_editor__hidden__unpinned,regression_editor,hidden,False,True,aqua_referencing_users_expected,full,-0.0805119593818447,2556
regression_editor__hidden__unpinned,regression_editor,hidden,False,True,aqua_relevance_expected,full,0.12394449857387306,2556
regression_editor__hidden__unpinned,regression_editor,hidden,False,True,aqua_respect_expected,full,0.04354618585496175,2556
regression_editor__hidden__unpinned,regression_editor,hidden,False,True,aqua_sarcasm_expected,full,0.036502999994228263,2556
regression_editor__hidden__unpinned,regression_editor,hidden,False,True,aqua_screaming_expected,full,0.0494132884109193,2556
regression_editor__hidden__unpinned,regression_editor,hidden,False,True,aqua_solution_proposal_expected,full,0.17723485778357775,2556
regression_editor__hidden__unpinned,regression_editor,hidden,False,True,aqua_storytelling_expected,full,0.14833794413285809,2556
regression_editor__hidden__unpinned,regression_editor,hidden,False,True,aqua_vulgarity_expected,full,0.1282601376979093,2556
regression_editor__hidden__unpinned,regression_editor,hidden,False,True,article_similarity_top3,full,0.2969919120576068,2556
regression_editor__hidden__unpinned,regression_editor,hidden,False,True,author_prior_30d_downvote_reception,full,0.08644997174391604,2556
regression_editor__hidden__unpinned,regression_editor,hidden,False,True,author_prior_30d_upvote_reception,full,0.1867658031535626,2556
regression_editor__hidden__unpinned,regression_editor,hidden,False,True,discussion_pace,full,-0.04649194425857983,2556
regression_editor__hidden__unpinned,regression_editor,hidden,False,True,is_reply,full,-0.9995359559795036,2556
regression_editor__hidden__unpinned,regression_editor,hidden,False,True,lexdiv_length_adjusted,full,0.04020828006410827,2556
regression_editor__hidden__unpinned,regression_editor,hidden,False,True,log_author_prior_30d_comments,full,-0.08633755143240125,2556
regression_editor__hidden__unpinned,regression_editor,hidden,False,True,log_author_prior_comments_story,full,-0.4839750248170942,2556
regression_editor__hidden__unpinned,regression_editor,hidden,False,True,log_hours_since_article,full,-0.3154074411191525,2556
regression_editor__hidden__unpinned,regression_editor,hidden,False,True,log_words,full,0.22559974546469574,2556
regression_editor__hidden__unpinned,regression_editor,hidden,False,True,novelty_prior_all_model,full,-0.001469635274227312,2556
regression_editor__hidden__unpinned,regression_editor,hidden,False,True,prior_reply_composition,full,-0.28073171119367196,2556
regression_editor__hidden__unpinned,regression_editor,hidden,False,True,reading_level_length_adjusted,full,0.027848359744010738,2556
regression_editor__hidden__unpinned,regression_editor,hidden,False,True,reply_depth_centered,full,0.11246236042918993,2556
regression_editor__hidden__unpinned,regression_editor,hidden,False,True,sentiment_negative,full,0.04500880296959654,2556
regression_editor__hidden__unpinned,regression_editor,hidden,False,True,sentiment_positive,full,-0.0022646056710685196,2556
regression_editor__hidden__unpinned,regression_editor,hidden,False,True,toxicity_probability,full,0.03766841212899737,2556
regression_editor__hidden__unpinned,regression_editor,hidden,False,True,url_present,full,-0.006161614246837419,2556
regression_editor__hidden__unpinned,regression_editor,hidden,False,True,vienna_overnight,full,-0.13293928225770865,2556
regression_editor__hidden__unpinned,regression_editor,hidden,False,True,vienna_weekday_shoulder_evening,full,-0.08250260783998775,2556
regression_editor__hidden__unpinned,regression_editor,hidden,False,True,vienna_weekend_day_evening,full,-0.13706922431489862,2556
regression_editor__loose__pinned,regression_editor,loose,True,True,aqua_additional_knowledge_expected,full,0.20954019833030785,2556
regression_editor__loose__pinned,regression_editor,loose,True,True,aqua_discrimination_expected,full,0.17431800511308532,2556
regression_editor__loose__pinned,regression_editor,loose,True,True,aqua_fact_expected,full,0.24895115717954222,2556
regression_editor__loose__pinned,regression_editor,loose,True,True,aqua_insult_expected,full,0.1282853332677799,2556
regression_editor__loose__pinned,regression_editor,loose,True,True,aqua_justification_expected,full,0.2845823971167651,2556
regression_editor__loose__pinned,regression_editor,loose,True,True,aqua_opinion_expected,full,0.1636053032915333,2556
regression_editor__loose__pinned,regression_editor,loose,True,True,aqua_polite_address_expected,full,0.1369533705902575,2556
regression_editor__loose__pinned,regression_editor,loose,True,True,aqua_question_expected,full,-0.10210162978025804,2556
regression_editor__loose__pinned,regression_editor,loose,True,True,aqua_referencing_contents_expected,full,-0.14718930273360747,2556
regression_editor__loose__pinned,regression_editor,loose,True,True,aqua_referencing_format_expected,full,0.1273198200555165,2556
regression_editor__loose__pinned,regression_editor,loose,True,True,aqua_referencing_medium_expected,full,0.09863446291357182,2556
regression_editor__loose__pinned,regression_editor,loose,True,True,aqua_referencing_personal_expected,full,0.03731782155233953,2556
regression_editor__loose__pinned,regression_editor,loose,True,True,aqua_referencing_users_expected,full,-0.09678433756117893,2556
regression_editor__loose__pinned,regression_editor,loose,True,True,aqua_relevance_expected,full,0.18215021068172782,2556
regression_editor__loose__pinned,regression_editor,loose,True,True,aqua_respect_expected,full,0.058988999460805644,2556
regression_editor__loose__pinned,regression_editor,loose,True,True,aqua_sarcasm_expected,full,0.03357920755962818,2556
regression_editor__loose__pinned,regression_editor,loose,True,True,aqua_screaming_expected,full,0.053389352816589,2556
regression_editor__loose__pinned,regression_editor,loose,True,True,aqua_solution_proposal_expected,full,0.23360813883161194,2556
regression_editor__loose__pinned,regression_editor,loose,True,True,aqua_storytelling_expected,full,0.17796896093287504,2556
regression_editor__loose__pinned,regression_editor,loose,True,True,aqua_vulgarity_expected,full,0.1354911997043062,2556
regression_editor__loose__pinned,regression_editor,loose,True,True,article_similarity_top3,full,0.3614552511940604,2556
regression_editor__loose__pinned,regression_editor,loose,True,True,author_prior_30d_downvote_reception,full,0.07823918806680046,2556
regression_editor__loose__pinned,regression_editor,loose,True,True,author_prior_30d_upvote_reception,full,0.2379669250215383,2556
regression_editor__loose__pinned,regression_editor,loose,True,True,discussion_pace,full,0.08445072225277267,2556
regression_editor__loose__pinned,regression_editor,loose,True,True,is_reply,full,-0.979744682967659,2556
regression_editor__loose__pinned,regression_editor,loose,True,True,lexdiv_length_adjusted,full,0.041718355042841444,2556
regression_editor__loose__pinned,regression_editor,loose,True,True,log_author_prior_30d_comments,full,-0.09946050203730797,2556
regression_editor__loose__pinned,regression_editor,loose,True,True,log_author_prior_comments_story,full,-0.563798901959918,2556
regression_editor__loose__pinned,regression_editor,loose,True,True,log_hours_since_article,full,-0.5302854391320267,2556
regression_editor__loose__pinned,regression_editor,loose,True,True,log_words,full,0.2772888674554952,2556
regression_editor__loose__pinned,regression_editor,loose,True,True,novelty_prior_all_model,full,0.004747715667609377,2556
regression_editor__loose__pinned,regression_editor,loose,True,True,prior_reply_composition,full,-0.5055887234617552,2556
regression_editor__loose__pinned,regression_editor,loose,True,True,reading_level_length_adjusted,full,0.0438891720362344,2556
regression_editor__loose__pinned,regression_editor,loose,True,True,reply_depth_centered,full,-0.1821435497812016,2556
regression_editor__loose__pinned,regression_editor,loose,True,True,sentiment_negative,full,0.05188381836700224,2556
regression_editor__loose__pinned,regression_editor,loose,True,True,sentiment_positive,full,0.015996108999847655,2556
regression_editor__loose__pinned,regression_editor,loose,True,True,toxicity_probability,full,0.044919982005539684,2556
regression_editor__loose__pinned,regression_editor,loose,True,True,url_present,full,0.08739861855663797,2556
regression_editor__loose__pinned,regression_editor,loose,True,True,vienna_overnight,full,-0.19392236000826835,2556
regression_editor__loose__pinned,regression_editor,loose,True,True,vienna_weekday_shoulder_evening,full,-0.11471539381405914,2556
regression_editor__loose__pinned,regression_editor,loose,True,True,vienna_weekend_day_evening,full,-0.2115591358530605,2556
regression_editor__loose__unpinned,regression_editor,loose,False,True,aqua_additional_knowledge_expected,full,0.26774863177358965,2556
regression_editor__loose__unpinned,regression_editor,loose,False,True,aqua_discrimination_expected,full,0.22372359632242617,2556
regression_editor__loose__unpinned,regression_editor,loose,False,True,aqua_fact_expected,full,0.30920310734546724,2556
regression_editor__loose__unpinned,regression_editor,loose,False,True,aqua_insult_expected,full,0.1512696066988364,2556
regression_editor__loose__unpinned,regression_editor,loose,False,True,aqua_justification_expected,full,0.3621802472466715,2556
regression_editor__loose__unpinned,regression_editor,loose,False,True,aqua_opinion_expected,full,0.21110868639604688,2556
regression_editor__loose__unpinned,regression_editor,loose,False,True,aqua_polite_address_expected,full,0.1735794487323817,2556
regression_editor__loose__unpinned,regression_editor,loose,False,True,aqua_question_expected,full,-0.14410356568436758,2556
regression_editor__loose__unpinned,regression_editor,loose,False,True,aqua_referencing_contents_expected,full,-0.15989919848750941,2556
regression_editor__loose__unpinned,regression_editor,loose,False,True,aqua_referencing_format_expected,full,0.14306712543260544,2556
regression_editor__loose__unpinned,regression_editor,loose,False,True,aqua_referencing_medium_expected,full,0.11683578611416125,2556
regression_editor__loose__unpinned,regression_editor,loose,False,True,aqua_referencing_personal_expected,full,0.03271612878344698,2556
regression_editor__loose__unpinned,regression_editor,loose,False,True,aqua_referencing_users_expected,full,-0.11081824872498428,2556
regression_editor__loose__unpinned,regression_editor,loose,False,True,aqua_relevance_expected,full,0.24612662431060578,2556
regression_editor__loose__unpinned,regression_editor,loose,False,True,aqua_respect_expected,full,0.08039538301471483,2556
regression_editor__loose__unpinned,regression_editor,loose,False,True,aqua_sarcasm_expected,full,0.02764824859071659,2556
regression_editor__loose__unpinned,regression_editor,loose,False,True,aqua_screaming_expected,full,0.051732432977150064,2556
regression_editor__loose__unpinned,regression_editor,loose,False,True,aqua_solution_proposal_expected,full,0.30796639326129227,2556
regression_editor__loose__unpinned,regression_editor,loose,False,True,aqua_storytelling_expected,full,0.23479149578138356,2556
regression_editor__loose__unpinned,regression_editor,loose,False,True,aqua_vulgarity_expected,full,0.15159010137470405,2556
regression_editor__loose__unpinned,regression_editor,loose,False,True,article_similarity_top3,full,0.42755647990587126,2556
regression_editor__loose__unpinned,regression_editor,loose,False,True,author_prior_30d_downvote_reception,full,0.07226293381843536,2556
regression_editor__loose__unpinned,regression_editor,loose,False,True,author_prior_30d_upvote_reception,full,0.27535304467038785,2556
regression_editor__loose__unpinned,regression_editor,loose,False,True,discussion_pace,full,0.1524864180191517,2556
regression_editor__loose__unpinned,regression_editor,loose,False,True,is_reply,full,-0.9774766953164201,2556
regression_editor__loose__unpinned,regression_editor,loose,False,True,lexdiv_length_adjusted,full,0.04442166513498004,2556
regression_editor__loose__unpinned,regression_editor,loose,False,True,log_author_prior_30d_comments,full,-0.12975419166170762,2556
regression_editor__loose__unpinned,regression_editor,loose,False,True,log_author_prior_comments_story,full,-0.6716324295796224,2556
regression_editor__loose__unpinned,regression_editor,loose,False,True,log_hours_since_article,full,-0.6429167963813455,2556
regression_editor__loose__unpinned,regression_editor,loose,False,True,log_words,full,0.34442122238851586,2556
regression_editor__loose__unpinned,regression_editor,loose,False,True,novelty_prior_all_model,full,-0.012410373748720517,2556
regression_editor__loose__unpinned,regression_editor,loose,False,True,prior_reply_composition,full,-0.6208225976235962,2556
regression_editor__loose__unpinned,regression_editor,loose,False,True,reading_level_length_adjusted,full,0.05235410171131179,2556
regression_editor__loose__unpinned,regression_editor,loose,False,True,reply_depth_centered,full,-0.33446541799886537,2556
regression_editor__loose__unpinned,regression_editor,loose,False,True,sentiment_negative,full,0.06049239698872421,2556
regression_editor__loose__unpinned,regression_editor,loose,False,True,sentiment_positive,full,0.03436795163747183,2556
regression_editor__loose__unpinned,regression_editor,loose,False,True,toxicity_probability,full,0.03797492444945202,2556
regression_editor__loose__unpinned,regression_editor,loose,False,True,url_present,full,0.10666593101871305,2556
regression_editor__loose__unpinned,regression_editor,loose,False,True,vienna_overnight,full,-0.20820551273271323,2556
regression_editor__loose__unpinned,regression_editor,loose,False,True,vienna_weekday_shoulder_evening,full,-0.11420652776925436,2556
regression_editor__loose__unpinned,regression_editor,loose,False,True,vienna_weekend_day_evening,full,-0.24758629902002038,2556
regression_editor__trees__pinned,regression_editor,trees,True,True,aqua_additional_knowledge_expected,full,0.12424226375005423,2556
regression_editor__trees__pinned,regression_editor,trees,True,True,aqua_discrimination_expected,full,0.11057028359347343,2556
regression_editor__trees__pinned,regression_editor,trees,True,True,aqua_fact_expected,full,0.13670001420967967,2556
regression_editor__trees__pinned,regression_editor,trees,True,True,aqua_insult_expected,full,0.053476151668954613,2556
regression_editor__trees__pinned,regression_editor,trees,True,True,aqua_justification_expected,full,0.17722037449742306,2556
regression_editor__trees__pinned,regression_editor,trees,True,True,aqua_opinion_expected,full,0.11481827234179334,2556
regression_editor__trees__pinned,regression_editor,trees,True,True,aqua_polite_address_expected,full,0.10203546239406235,2556
regression_editor__trees__pinned,regression_editor,trees,True,True,aqua_question_expected,full,-0.06137155984871733,2556
regression_editor__trees__pinned,regression_editor,trees,True,True,aqua_referencing_contents_expected,full,-0.01963800480205307,2556
regression_editor__trees__pinned,regression_editor,trees,True,True,aqua_referencing_format_expected,full,0.06064543513387334,2556
regression_editor__trees__pinned,regression_editor,trees,True,True,aqua_referencing_medium_expected,full,0.05227732561952566,2556
regression_editor__trees__pinned,regression_editor,trees,True,True,aqua_referencing_personal_expected,full,0.020223618111684855,2556
regression_editor__trees__pinned,regression_editor,trees,True,True,aqua_referencing_users_expected,full,0.001682749118456859,2556
regression_editor__trees__pinned,regression_editor,trees,True,True,aqua_relevance_expected,full,0.11951416131217128,2556
regression_editor__trees__pinned,regression_editor,trees,True,True,aqua_respect_expected,full,0.04561217430949487,2556
regression_editor__trees__pinned,regression_editor,trees,True,True,aqua_sarcasm_expected,full,-0.007097779862821606,2556
regression_editor__trees__pinned,regression_editor,trees,True,True,aqua_screaming_expected,full,-0.01701244585818893,2556
regression_editor__trees__pinned,regression_editor,trees,True,True,aqua_solution_proposal_expected,full,0.15740749775609267,2556
regression_editor__trees__pinned,regression_editor,trees,True,True,aqua_storytelling_expected,full,0.13492774990164538,2556
regression_editor__trees__pinned,regression_editor,trees,True,True,aqua_vulgarity_expected,full,0.04959184989189085,2556
regression_editor__trees__pinned,regression_editor,trees,True,True,article_similarity_top3,full,0.15949330744464343,2556
regression_editor__trees__pinned,regression_editor,trees,True,True,author_prior_30d_downvote_reception,full,0.0012712120823105322,2556
regression_editor__trees__pinned,regression_editor,trees,True,True,author_prior_30d_upvote_reception,full,0.12643103373067033,2556
regression_editor__trees__pinned,regression_editor,trees,True,True,discussion_pace,full,0.06638463491122139,2556
regression_editor__trees__pinned,regression_editor,trees,True,True,is_reply,full,-0.2528502169847381,2556
regression_editor__trees__pinned,regression_editor,trees,True,True,lexdiv_length_adjusted,full,0.01913450199448587,2556
regression_editor__trees__pinned,regression_editor,trees,True,True,log_author_prior_30d_comments,full,0.003186871354376093,2556
regression_editor__trees__pinned,regression_editor,trees,True,True,log_author_prior_comments_story,full,-0.07091896483144612,2556
regression_editor__trees__pinned,regression_editor,trees,True,True,log_hours_since_article,full,-0.44310909318629094,2556
regression_editor__trees__pinned,regression_editor,trees,True,True,log_words,full,0.17240442180274082,2556
regression_editor__trees__pinned,regression_editor,trees,True,True,novelty_prior_all_model,full,0.029584591319075138,2556
regression_editor__trees__pinned,regression_editor,trees,True,True,prior_reply_composition,full,-0.4393809487753894,2556
regression_editor__trees__pinned,regression_editor,trees,True,True,reading_level_length_adjusted,full,0.012125236245611,2556
regression_editor__trees__pinned,regression_editor,trees,True,True,reply_depth_centered,full,-0.022675336747600413,2556
regression_editor__trees__pinned,regression_editor,trees,True,True,sentiment_negative,full,0.018419645738767813,2556
regression_editor__trees__pinned,regression_editor,trees,True,True,sentiment_positive,full,0.01223241386246598,2556
regression_editor__trees__pinned,regression_editor,trees,True,True,toxicity_probability,full,-0.012194289342315902,2556
regression_editor__trees__pinned,regression_editor,trees,True,True,url_present,full,0.022229940606964406,2556
regression_editor__trees__pinned,regression_editor,trees,True,True,vienna_overnight,full,-0.19449475124626153,2556
regression_editor__trees__pinned,regression_editor,trees,True,True,vienna_weekday_shoulder_evening,full,-0.0868664033141649,2556
regression_editor__trees__pinned,regression_editor,trees,True,True,vienna_weekend_day_evening,full,-0.1695360486470433,2556
regression_editor__trees__unpinned,regression_editor,trees,False,True,aqua_additional_knowledge_expected,full,0.13916586992616625,2556
regression_editor__trees__unpinned,regression_editor,trees,False,True,aqua_discrimination_expected,full,0.13413421862223232,2556
regression_editor__trees__unpinned,regression_editor,trees,False,True,aqua_fact_expected,full,0.1507650751556854,2556
regression_editor__trees__unpinned,regression_editor,trees,False,True,aqua_insult_expected,full,0.044634826661186795,2556
regression_editor__trees__unpinned,regression_editor,trees,False,True,aqua_justification_expected,full,0.21247586087549816,2556
regression_editor__trees__unpinned,regression_editor,trees,False,True,aqua_opinion_expected,full,0.14424921520333298,2556
regression_editor__trees__unpinned,regression_editor,trees,False,True,aqua_polite_address_expected,full,0.11474442581259682,2556
regression_editor__trees__unpinned,regression_editor,trees,False,True,aqua_question_expected,full,-0.08195955761078942,2556
regression_editor__trees__unpinned,regression_editor,trees,False,True,aqua_referencing_contents_expected,full,0.026395365307320423,2556
regression_editor__trees__unpinned,regression_editor,trees,False,True,aqua_referencing_format_expected,full,0.04550811008959649,2556
regression_editor__trees__unpinned,regression_editor,trees,False,True,aqua_referencing_medium_expected,full,0.046811671295233816,2556
regression_editor__trees__unpinned,regression_editor,trees,False,True,aqua_referencing_personal_expected,full,0.008501132425348334,2556
regression_editor__trees__unpinned,regression_editor,trees,False,True,aqua_referencing_users_expected,full,0.030494248581529163,2556
regression_editor__trees__unpinned,regression_editor,trees,False,True,aqua_relevance_expected,full,0.15887037992311012,2556
regression_editor__trees__unpinned,regression_editor,trees,False,True,aqua_respect_expected,full,0.05643796205844828,2556
regression_editor__trees__unpinned,regression_editor,trees,False,True,aqua_sarcasm_expected,full,-0.025590534544398018,2556
regression_editor__trees__unpinned,regression_editor,trees,False,True,aqua_screaming_expected,full,-0.040778678558779737,2556
regression_editor__trees__unpinned,regression_editor,trees,False,True,aqua_solution_proposal_expected,full,0.19712098977574546,2556
regression_editor__trees__unpinned,regression_editor,trees,False,True,aqua_storytelling_expected,full,0.17464855274044003,2556
regression_editor__trees__unpinned,regression_editor,trees,False,True,aqua_vulgarity_expected,full,0.02971190573582818,2556
regression_editor__trees__unpinned,regression_editor,trees,False,True,article_similarity_top3,full,0.12610273845119585,2556
regression_editor__trees__unpinned,regression_editor,trees,False,True,author_prior_30d_downvote_reception,full,-0.04216418828442958,2556
regression_editor__trees__unpinned,regression_editor,trees,False,True,author_prior_30d_upvote_reception,full,0.08951445939085388,2556
regression_editor__trees__unpinned,regression_editor,trees,False,True,discussion_pace,full,0.060800307026114865,2556
regression_editor__trees__unpinned,regression_editor,trees,False,True,is_reply,full,0.18593787974589854,2556
regression_editor__trees__unpinned,regression_editor,trees,False,True,lexdiv_length_adjusted,full,0.008623686308667585,2556
regression_editor__trees__unpinned,regression_editor,trees,False,True,log_author_prior_30d_comments,full,0.014340510569008055,2556
regression_editor__trees__unpinned,regression_editor,trees,False,True,log_author_prior_comments_story,full,0.02206053545161924,2556
regression_editor__trees__unpinned,regression_editor,trees,False,True,log_hours_since_article,full,-0.38073210226355925,2556
regression_editor__trees__unpinned,regression_editor,trees,False,True,log_words,full,0.19697400845482965,2556
regression_editor__trees__unpinned,regression_editor,trees,False,True,novelty_prior_all_model,full,-0.007329046001912313,2556
regression_editor__trees__unpinned,regression_editor,trees,False,True,prior_reply_composition,full,-0.41373105863053944,2556
regression_editor__trees__unpinned,regression_editor,trees,False,True,reading_level_length_adjusted,full,0.0021880955241413047,2556
regression_editor__trees__unpinned,regression_editor,trees,False,True,reply_depth_centered,full,0.0070775930123947025,2556
regression_editor__trees__unpinned,regression_editor,trees,False,True,sentiment_negative,full,0.014775472124982487,2556
regression_editor__trees__unpinned,regression_editor,trees,False,True,sentiment_positive,full,0.02185940671184872,2556
regression_editor__trees__unpinned,regression_editor,trees,False,True,toxicity_probability,full,-0.04495326514301804,2556
regression_editor__trees__unpinned,regression_editor,trees,False,True,url_present,full,0.011081325471627086,2556
regression_editor__trees__unpinned,regression_editor,trees,False,True,vienna_overnight,full,-0.13479328529316728,2556
regression_editor__trees__unpinned,regression_editor,trees,False,True,vienna_weekday_shoulder_evening,full,-0.05563989308629818,2556
regression_editor__trees__unpinned,regression_editor,trees,False,True,vienna_weekend_day_evening,full,-0.13216543832222516,2556
relative_votes__hidden__pinned,relative_votes,hidden,True,True,aqua_additional_knowledge_expected,full,0.12513854529855423,2556
relative_votes__hidden__pinned,relative_votes,hidden,True,True,aqua_discrimination_expected,full,0.09108577301234959,2556
relative_votes__hidden__pinned,relative_votes,hidden,True,True,aqua_fact_expected,full,0.14208959357843737,2556
relative_votes__hidden__pinned,relative_votes,hidden,True,True,aqua_insult_expected,full,0.09460258929872582,2556
relative_votes__hidden__pinned,relative_votes,hidden,True,True,aqua_justification_expected,full,0.15353247945694454,2556
relative_votes__hidden__pinned,relative_votes,hidden,True,True,aqua_opinion_expected,full,0.0861401363969806,2556
relative_votes__hidden__pinned,relative_votes,hidden,True,True,aqua_polite_address_expected,full,0.07407498967934648,2556
relative_votes__hidden__pinned,relative_votes,hidden,True,True,aqua_question_expected,full,-0.03872701574571544,2556
relative_votes__hidden__pinned,relative_votes,hidden,True,True,aqua_referencing_contents_expected,full,-0.14104874870833398,2556
relative_votes__hidden__pinned,relative_votes,hidden,True,True,aqua_referencing_format_expected,full,0.09622065900173696,2556
relative_votes__hidden__pinned,relative_votes,hidden,True,True,aqua_referencing_medium_expected,full,0.06190384603730219,2556
relative_votes__hidden__pinned,relative_votes,hidden,True,True,aqua_referencing_personal_expected,full,0.03362220788126567,2556
relative_votes__hidden__pinned,relative_votes,hidden,True,True,aqua_referencing_users_expected,full,-0.08783176793948401,2556
relative_votes__hidden__pinned,relative_votes,hidden,True,True,aqua_relevance_expected,full,0.07449180689336045,2556
relative_votes__hidden__pinned,relative_votes,hidden,True,True,aqua_respect_expected,full,0.026168832923822532,2556
relative_votes__hidden__pinned,relative_votes,hidden,True,True,aqua_sarcasm_expected,full,0.04987430489910955,2556
relative_votes__hidden__pinned,relative_votes,hidden,True,True,aqua_screaming_expected,full,0.058981394895786014,2556
relative_votes__hidden__pinned,relative_votes,hidden,True,True,aqua_solution_proposal_expected,full,0.1195441412696564,2556
relative_votes__hidden__pinned,relative_votes,hidden,True,True,aqua_storytelling_expected,full,0.10921536744929615,2556
relative_votes__hidden__pinned,relative_votes,hidden,True,True,aqua_vulgarity_expected,full,0.11845388401392515,2556
relative_votes__hidden__pinned,relative_votes,hidden,True,True,article_similarity_top3,full,0.2497684852798635,2556
relative_votes__hidden__pinned,relative_votes,hidden,True,True,author_prior_30d_downvote_reception,full,0.08662716243144683,2556
relative_votes__hidden__pinned,relative_votes,hidden,True,True,author_prior_30d_upvote_reception,full,0.17224049790274742,2556
relative_votes__hidden__pinned,relative_votes,hidden,True,True,discussion_pace,full,-0.026535701648247163,2556
relative_votes__hidden__pinned,relative_votes,hidden,True,True,is_reply,full,-0.9927212633144314,2556
relative_votes__hidden__pinned,relative_votes,hidden,True,True,lexdiv_length_adjusted,full,0.03537657394470467,2556
relative_votes__hidden__pinned,relative_votes,hidden,True,True,log_author_prior_30d_comments,full,-0.08391925212542115,2556
relative_votes__hidden__pinned,relative_votes,hidden,True,True,log_author_prior_comments_story,full,-0.4762398318726337,2556
relative_votes__hidden__pinned,relative_votes,hidden,True,True,log_hours_since_article,full,-0.2518389490187466,2556
relative_votes__hidden__pinned,relative_votes,hidden,True,True,log_words,full,0.163373508278559,2556
relative_votes__hidden__pinned,relative_votes,hidden,True,True,novelty_prior_all_model,full,-0.0017891538232944256,2556
relative_votes__hidden__pinned,relative_votes,hidden,True,True,prior_reply_composition,full,-0.22887622955416329,2556
relative_votes__hidden__pinned,relative_votes,hidden,True,True,reading_level_length_adjusted,full,0.026886585748488796,2556
relative_votes__hidden__pinned,relative_votes,hidden,True,True,reply_depth_centered,full,0.10847577606542123,2556
relative_votes__hidden__pinned,relative_votes,hidden,True,True,sentiment_negative,full,0.04846497884510794,2556
relative_votes__hidden__pinned,relative_votes,hidden,True,True,sentiment_positive,full,-0.017919155278931086,2556
relative_votes__hidden__pinned,relative_votes,hidden,True,True,toxicity_probability,full,0.057889520369080794,2556
relative_votes__hidden__pinned,relative_votes,hidden,True,True,url_present,full,-0.05888753658736432,2556
relative_votes__hidden__pinned,relative_votes,hidden,True,True,vienna_overnight,full,-0.09084229867194471,2556
relative_votes__hidden__pinned,relative_votes,hidden,True,True,vienna_weekday_shoulder_evening,full,-0.06585353857487983,2556
relative_votes__hidden__pinned,relative_votes,hidden,True,True,vienna_weekend_day_evening,full,-0.12647438981028197,2556
relative_votes__hidden__unpinned,relative_votes,hidden,False,True,aqua_additional_knowledge_expected,full,0.1222353867724599,2556
relative_votes__hidden__unpinned,relative_votes,hidden,False,True,aqua_discrimination_expected,full,0.08965835547593333,2556
relative_votes__hidden__unpinned,relative_votes,hidden,False,True,aqua_fact_expected,full,0.13998670939133584,2556
relative_votes__hidden__unpinned,relative_votes,hidden,False,True,aqua_insult_expected,full,0.09443204574176556,2556
relative_votes__hidden__unpinned,relative_votes,hidden,False,True,aqua_justification_expected,full,0.15055793352910415,2556
relative_votes__hidden__unpinned,relative_votes,hidden,False,True,aqua_opinion_expected,full,0.0853932978927606,2556
relative_votes__hidden__unpinned,relative_votes,hidden,False,True,aqua_polite_address_expected,full,0.07046774998535936,2556
relative_votes__hidden__unpinned,relative_votes,hidden,False,True,aqua_question_expected,full,-0.03867525438320556,2556
relative_votes__hidden__unpinned,relative_votes,hidden,False,True,aqua_referencing_contents_expected,full,-0.1404659434957871,2556
relative_votes__hidden__unpinned,relative_votes,hidden,False,True,aqua_referencing_format_expected,full,0.09522507846273912,2556
relative_votes__hidden__unpinned,relative_votes,hidden,False,True,aqua_referencing_medium_expected,full,0.06096366797221995,2556
relative_votes__hidden__unpinned,relative_votes,hidden,False,True,aqua_referencing_personal_expected,full,0.03331558087400504,2556
relative_votes__hidden__unpinned,relative_votes,hidden,False,True,aqua_referencing_users_expected,full,-0.08854227687866482,2556
relative_votes__hidden__unpinned,relative_votes,hidden,False,True,aqua_relevance_expected,full,0.07247124722522247,2556
relative_votes__hidden__unpinned,relative_votes,hidden,False,True,aqua_respect_expected,full,0.025345056481063926,2556
relative_votes__hidden__unpinned,relative_votes,hidden,False,True,aqua_sarcasm_expected,full,0.050831798536309036,2556
relative_votes__hidden__unpinned,relative_votes,hidden,False,True,aqua_screaming_expected,full,0.05917279772138795,2556
relative_votes__hidden__unpinned,relative_votes,hidden,False,True,aqua_solution_proposal_expected,full,0.11606464750854603,2556
relative_votes__hidden__unpinned,relative_votes,hidden,False,True,aqua_storytelling_expected,full,0.10667138300343378,2556
relative_votes__hidden__unpinned,relative_votes,hidden,False,True,aqua_vulgarity_expected,full,0.11793269225647647,2556
relative_votes__hidden__unpinned,relative_votes,hidden,False,True,article_similarity_top3,full,0.2472304972990874,2556
relative_votes__hidden__unpinned,relative_votes,hidden,False,True,author_prior_30d_downvote_reception,full,0.08620623780337361,2556
relative_votes__hidden__unpinned,relative_votes,hidden,False,True,author_prior_30d_upvote_reception,full,0.1731029506555544,2556
relative_votes__hidden__unpinned,relative_votes,hidden,False,True,discussion_pace,full,-0.03328504523116818,2556
relative_votes__hidden__unpinned,relative_votes,hidden,False,True,is_reply,full,-0.9921188502434505,2556
relative_votes__hidden__unpinned,relative_votes,hidden,False,True,lexdiv_length_adjusted,full,0.034800433898817096,2556
relative_votes__hidden__unpinned,relative_votes,hidden,False,True,log_author_prior_30d_comments,full,-0.08401778126949913,2556
relative_votes__hidden__unpinned,relative_votes,hidden,False,True,log_author_prior_comments_story,full,-0.4768125709110239,2556
relative_votes__hidden__unpinned,relative_votes,hidden,False,True,log_hours_since_article,full,-0.25535411785063133,2556
relative_votes__hidden__unpinned,relative_votes,hidden,False,True,log_words,full,0.16043245563515093,2556
relative_votes__hidden__unpinned,relative_votes,hidden,False,True,novelty_prior_all_model,full,0.00024383855954547868,2556
relative_votes__hidden__unpinned,relative_votes,hidden,False,True,prior_reply_composition,full,-0.23089039121986832,2556
relative_votes__hidden__unpinned,relative_votes,hidden,False,True,reading_level_length_adjusted,full,0.02657227109483626,2556
relative_votes__hidden__unpinned,relative_votes,hidden,False,True,reply_depth_centered,full,0.10957654136691765,2556
relative_votes__hidden__unpinned,relative_votes,hidden,False,True,sentiment_negative,full,0.05066308269378569,2556
relative_votes__hidden__unpinned,relative_votes,hidden,False,True,sentiment_positive,full,-0.019158941075216915,2556
relative_votes__hidden__unpinned,relative_votes,hidden,False,True,toxicity_probability,full,0.06048340341920957,2556
relative_votes__hidden__unpinned,relative_votes,hidden,False,True,url_present,full,-0.06987760195925037,2556
relative_votes__hidden__unpinned,relative_votes,hidden,False,True,vienna_overnight,full,-0.08899741170207635,2556
relative_votes__hidden__unpinned,relative_votes,hidden,False,True,vienna_weekday_shoulder_evening,full,-0.06441977060831232,2556
relative_votes__hidden__unpinned,relative_votes,hidden,False,True,vienna_weekend_day_evening,full,-0.1265004327759267,2556
relative_votes__loose__pinned,relative_votes,loose,True,True,aqua_additional_knowledge_expected,full,0.0884228069519411,2556
relative_votes__loose__pinned,relative_votes,loose,True,True,aqua_discrimination_expected,full,0.06950061464304982,2556
relative_votes__loose__pinned,relative_votes,loose,True,True,aqua_fact_expected,full,0.10595546951225399,2556
relative_votes__loose__pinned,relative_votes,loose,True,True,aqua_insult_expected,full,0.07473957243898786,2556
relative_votes__loose__pinned,relative_votes,loose,True,True,aqua_justification_expected,full,0.10820088876063597,2556
relative_votes__loose__pinned,relative_votes,loose,True,True,aqua_opinion_expected,full,0.05707920317205699,2556
relative_votes__loose__pinned,relative_votes,loose,True,True,aqua_polite_address_expected,full,0.062297110803766716,2556
relative_votes__loose__pinned,relative_votes,loose,True,True,aqua_question_expected,full,-0.04588218672342492,2556
relative_votes__loose__pinned,relative_votes,loose,True,True,aqua_referencing_contents_expected,full,-0.09992733242946059,2556
relative_votes__loose__pinned,relative_votes,loose,True,True,aqua_referencing_format_expected,full,0.06584507781003683,2556
relative_votes__loose__pinned,relative_votes,loose,True,True,aqua_referencing_medium_expected,full,0.04203861936722998,2556
relative_votes__loose__pinned,relative_votes,loose,True,True,aqua_referencing_personal_expected,full,0.019657258310679344,2556
relative_votes__loose__pinned,relative_votes,loose,True,True,aqua_referencing_users_expected,full,-0.05971650430555523,2556
relative_votes__loose__pinned,relative_votes,loose,True,True,aqua_relevance_expected,full,0.057313731038778556,2556
relative_votes__loose__pinned,relative_votes,loose,True,True,aqua_respect_expected,full,0.025579489882365816,2556
relative_votes__loose__pinned,relative_votes,loose,True,True,aqua_sarcasm_expected,full,0.02894737828332465,2556
relative_votes__loose__pinned,relative_votes,loose,True,True,aqua_screaming_expected,full,0.0422521834556553,2556
relative_votes__loose__pinned,relative_votes,loose,True,True,aqua_solution_proposal_expected,full,0.08385664264600465,2556
relative_votes__loose__pinned,relative_votes,loose,True,True,aqua_storytelling_expected,full,0.0773917214806546,2556
relative_votes__loose__pinned,relative_votes,loose,True,True,aqua_vulgarity_expected,full,0.08129977815457771,2556
relative_votes__loose__pinned,relative_votes,loose,True,True,article_similarity_top3,full,0.1771885959555658,2556
relative_votes__loose__pinned,relative_votes,loose,True,True,author_prior_30d_downvote_reception,full,0.008064393703433337,2556
relative_votes__loose__pinned,relative_votes,loose,True,True,author_prior_30d_upvote_reception,full,0.18709771964879304,2556
relative_votes__loose__pinned,relative_votes,loose,True,True,discussion_pace,full,0.05618790233664009,2556
relative_votes__loose__pinned,relative_votes,loose,True,True,is_reply,full,-0.6125887933104907,2556
relative_votes__loose__pinned,relative_votes,loose,True,True,lexdiv_length_adjusted,full,0.02560678681271454,2556
relative_votes__loose__pinned,relative_votes,loose,True,True,log_author_prior_30d_comments,full,-0.04967160956513187,2556
relative_votes__loose__pinned,relative_votes,loose,True,True,log_author_prior_comments_story,full,-0.38620748647394754,2556
relative_votes__loose__pinned,relative_votes,loose,True,True,log_hours_since_article,full,-0.3544397697716858,2556
relative_votes__loose__pinned,relative_votes,loose,True,True,log_words,full,0.11219286390500516,2556
relative_votes__loose__pinned,relative_votes,loose,True,True,novelty_prior_all_model,full,0.0267050754168717,2556
relative_votes__loose__pinned,relative_votes,loose,True,True,prior_reply_composition,full,-0.32137054958822847,2556
relative_votes__loose__pinned,relative_votes,loose,True,True,reading_level_length_adjusted,full,0.028397066142610936,2556
relative_votes__loose__pinned,relative_votes,loose,True,True,reply_depth_centered,full,-0.13984745964011513,2556
relative_votes__loose__pinned,relative_votes,loose,True,True,sentiment_negative,full,0.03332120954742294,2556
relative_votes__loose__pinned,relative_votes,loose,True,True,sentiment_positive,full,-0.0009063895889079383,2556
relative_votes__loose__pinned,relative_votes,loose,True,True,toxicity_probability,full,0.06626927435343119,2556
relative_votes__loose__pinned,relative_votes,loose,True,True,url_present,full,-0.06959460210203026,2556
relative_votes__loose__pinned,relative_votes,loose,True,True,vienna_overnight,full,-0.11343338715319624,2556
relative_votes__loose__pinned,relative_votes,loose,True,True,vienna_weekday_shoulder_evening,full,-0.08085554831640385,2556
relative_votes__loose__pinned,relative_votes,loose,True,True,vienna_weekend_day_evening,full,-0.1694864243687616,2556
relative_votes__loose__unpinned,relative_votes,loose,False,True,aqua_additional_knowledge_expected,full,0.09207833627508173,2556
relative_votes__loose__unpinned,relative_votes,loose,False,True,aqua_discrimination_expected,full,0.07757130955480608,2556
relative_votes__loose__unpinned,relative_votes,loose,False,True,aqua_fact_expected,full,0.11423538016121772,2556
relative_votes__loose__unpinned,relative_votes,loose,False,True,aqua_insult_expected,full,0.07338026482780038,2556
relative_votes__loose__unpinned,relative_votes,loose,False,True,aqua_justification_expected,full,0.11837057089335407,2556
relative_votes__loose__unpinned,relative_votes,loose,False,True,aqua_opinion_expected,full,0.06506187044708639,2556
relative_votes__loose__unpinned,relative_votes,loose,False,True,aqua_polite_address_expected,full,0.06696468493692197,2556
relative_votes__loose__unpinned,relative_votes,loose,False,True,aqua_question_expected,full,-0.07305166601811611,2556
relative_votes__loose__unpinned,relative_votes,loose,False,True,aqua_referencing_contents_expected,full,-0.08117903651815025,2556
relative_votes__loose__unpinned,relative_votes,loose,False,True,aqua_referencing_format_expected,full,0.06042674222983438,2556
relative_votes__loose__unpinned,relative_votes,loose,False,True,aqua_referencing_medium_expected,full,0.0368271318941016,2556
relative_votes__loose__unpinned,relative_votes,loose,False,True,aqua_referencing_personal_expected,full,0.012890911950598256,2556
relative_votes__loose__unpinned,relative_votes,loose,False,True,aqua_referencing_users_expected,full,-0.05483307228507721,2556
relative_votes__loose__unpinned,relative_votes,loose,False,True,aqua_relevance_expected,full,0.07823630379024003,2556
relative_votes__loose__unpinned,relative_votes,loose,False,True,aqua_respect_expected,full,0.036227133334842454,2556
relative_votes__loose__unpinned,relative_votes,loose,False,True,aqua_sarcasm_expected,full,0.01781134725784879,2556
relative_votes__loose__unpinned,relative_votes,loose,False,True,aqua_screaming_expected,full,0.03780068185743217,2556
relative_votes__loose__unpinned,relative_votes,loose,False,True,aqua_solution_proposal_expected,full,0.09295829139339995,2556
relative_votes__loose__unpinned,relative_votes,loose,False,True,aqua_storytelling_expected,full,0.09267310611252708,2556
relative_votes__loose__unpinned,relative_votes,loose,False,True,aqua_vulgarity_expected,full,0.07139129680784521,2556
relative_votes__loose__unpinned,relative_votes,loose,False,True,article_similarity_top3,full,0.16240552384955512,2556
relative_votes__loose__unpinned,relative_votes,loose,False,True,author_prior_30d_downvote_reception,full,-0.04358253040742804,2556
relative_votes__loose__unpinned,relative_votes,loose,False,True,author_prior_30d_upvote_reception,full,0.19271754051067372,2556
relative_votes__loose__unpinned,relative_votes,loose,False,True,discussion_pace,full,0.07562220536776945,2556
relative_votes__loose__unpinned,relative_votes,loose,False,True,is_reply,full,-0.3899773097548148,2556
relative_votes__loose__unpinned,relative_votes,loose,False,True,lexdiv_length_adjusted,full,0.02111803700909465,2556
relative_votes__loose__unpinned,relative_votes,loose,False,True,log_author_prior_30d_comments,full,-0.05702519727638285,2556
relative_votes__loose__unpinned,relative_votes,loose,False,True,log_author_prior_comments_story,full,-0.3884114345897457,2556
relative_votes__loose__unpinned,relative_votes,loose,False,True,log_hours_since_article,full,-0.34827121816308276,2556
relative_votes__loose__unpinned,relative_votes,loose,False,True,log_words,full,0.11957612788894037,2556
relative_votes__loose__unpinned,relative_votes,loose,False,True,novelty_prior_all_model,full,0.00818005982798389,2556
relative_votes__loose__unpinned,relative_votes,loose,False,True,prior_reply_composition,full,-0.2987380678463999,2556
relative_votes__loose__unpinned,relative_votes,loose,False,True,reading_level_length_adjusted,full,0.026685580739785768,2556
relative_votes__loose__unpinned,relative_votes,loose,False,True,reply_depth_centered,full,-0.17492012717850045,2556
relative_votes__loose__unpinned,relative_votes,loose,False,True,sentiment_negative,full,0.02153630572628236,2556
relative_votes__loose__unpinned,relative_votes,loose,False,True,sentiment_positive,full,0.01887123545190056,2556
relative_votes__loose__unpinned,relative_votes,loose,False,True,toxicity_probability,full,0.05162001928374422,2556
relative_votes__loose__unpinned,relative_votes,loose,False,True,url_present,full,-0.09714624958402342,2556
relative_votes__loose__unpinned,relative_votes,loose,False,True,vienna_overnight,full,-0.10809774335707287,2556
relative_votes__loose__unpinned,relative_votes,loose,False,True,vienna_weekday_shoulder_evening,full,-0.08288134801033369,2556
relative_votes__loose__unpinned,relative_votes,loose,False,True,vienna_weekend_day_evening,full,-0.18917127832961883,2556
relative_votes__trees__pinned,relative_votes,trees,True,True,aqua_additional_knowledge_expected,full,0.040357981284665216,2556
relative_votes__trees__pinned,relative_votes,trees,True,True,aqua_discrimination_expected,full,0.027568475401153775,2556
relative_votes__trees__pinned,relative_votes,trees,True,True,aqua_fact_expected,full,0.04084982418177358,2556
relative_votes__trees__pinned,relative_votes,trees,True,True,aqua_insult_expected,full,0.03592593943470118,2556
relative_votes__trees__pinned,relative_votes,trees,True,True,aqua_justification_expected,full,0.04447602510037442,2556
relative_votes__trees__pinned,relative_votes,trees,True,True,aqua_opinion_expected,full,0.037289975875456134,2556
relative_votes__trees__pinned,relative_votes,trees,True,True,aqua_polite_address_expected,full,0.05123100081915995,2556
relative_votes__trees__pinned,relative_votes,trees,True,True,aqua_question_expected,full,-0.05579085542537592,2556
relative_votes__trees__pinned,relative_votes,trees,True,True,aqua_referencing_contents_expected,full,-0.04052213097153491,2556
relative_votes__trees__pinned,relative_votes,trees,True,True,aqua_referencing_format_expected,full,0.029286189754508887,2556
relative_votes__trees__pinned,relative_votes,trees,True,True,aqua_referencing_medium_expected,full,0.01902584893199756,2556
relative_votes__trees__pinned,relative_votes,trees,True,True,aqua_referencing_personal_expected,full,0.0008881335560595625,2556
relative_votes__trees__pinned,relative_votes,trees,True,True,aqua_referencing_users_expected,full,-0.03157129983684924,2556
relative_votes__trees__pinned,relative_votes,trees,True,True,aqua_relevance_expected,full,0.02580204387316311,2556
relative_votes__trees__pinned,relative_votes,trees,True,True,aqua_respect_expected,full,0.03679831596985201,2556
relative_votes__trees__pinned,relative_votes,trees,True,True,aqua_sarcasm_expected,full,0.006677136214918797,2556
relative_votes__trees__pinned,relative_votes,trees,True,True,aqua_screaming_expected,full,0.017640090908387817,2556
relative_votes__trees__pinned,relative_votes,trees,True,True,aqua_solution_proposal_expected,full,0.035019459270674534,2556
relative_votes__trees__pinned,relative_votes,trees,True,True,aqua_storytelling_expected,full,0.048907632331551106,2556
relative_votes__trees__pinned,relative_votes,trees,True,True,aqua_vulgarity_expected,full,0.037838550343070945,2556
relative_votes__trees__pinned,relative_votes,trees,True,True,article_similarity_top3,full,0.07353800009939386,2556
relative_votes__trees__pinned,relative_votes,trees,True,True,author_prior_30d_downvote_reception,full,0.0013974975618930936,2556
relative_votes__trees__pinned,relative_votes,trees,True,True,author_prior_30d_upvote_reception,full,0.10406498740198593,2556
relative_votes__trees__pinned,relative_votes,trees,True,True,discussion_pace,full,0.03248720743110049,2556
relative_votes__trees__pinned,relative_votes,trees,True,True,is_reply,full,-0.37262232715627014,2556
relative_votes__trees__pinned,relative_votes,trees,True,True,lexdiv_length_adjusted,full,0.01597236930896582,2556
relative_votes__trees__pinned,relative_votes,trees,True,True,log_author_prior_30d_comments,full,-0.014094207570665146,2556
relative_votes__trees__pinned,relative_votes,trees,True,True,log_author_prior_comments_story,full,-0.124887708194228,2556
relative_votes__trees__pinned,relative_votes,trees,True,True,log_hours_since_article,full,-0.24005061578019327,2556
relative_votes__trees__pinned,relative_votes,trees,True,True,log_words,full,0.046012881214632324,2556
relative_votes__trees__pinned,relative_votes,trees,True,True,novelty_prior_all_model,full,0.03277357030675321,2556
relative_votes__trees__pinned,relative_votes,trees,True,True,prior_reply_composition,full,-0.2264594662929075,2556
relative_votes__trees__pinned,relative_votes,trees,True,True,reading_level_length_adjusted,full,0.011169723962871258,2556
relative_votes__trees__pinned,relative_votes,trees,True,True,reply_depth_centered,full,-0.04371076699058582,2556
relative_votes__trees__pinned,relative_votes,trees,True,True,sentiment_negative,full,0.004189470120324844,2556
relative_votes__trees__pinned,relative_votes,trees,True,True,sentiment_positive,full,0.02777485155673007,2556
relative_votes__trees__pinned,relative_votes,trees,True,True,toxicity_probability,full,0.025888988862290137,2556
relative_votes__trees__pinned,relative_votes,trees,True,True,url_present,full,-0.05962068083301764,2556
relative_votes__trees__pinned,relative_votes,trees,True,True,vienna_overnight,full,-0.079210723267018,2556
relative_votes__trees__pinned,relative_votes,trees,True,True,vienna_weekday_shoulder_evening,full,-0.049055187878696636,2556
relative_votes__trees__pinned,relative_votes,trees,True,True,vienna_weekend_day_evening,full,-0.11123405942995514,2556
relative_votes__trees__unpinned,relative_votes,trees,False,True,aqua_additional_knowledge_expected,full,0.027550706221574656,2556
relative_votes__trees__unpinned,relative_votes,trees,False,True,aqua_discrimination_expected,full,0.026557306389075684,2556
relative_votes__trees__unpinned,relative_votes,trees,False,True,aqua_fact_expected,full,0.03177206309499139,2556
relative_votes__trees__unpinned,relative_votes,trees,False,True,aqua_insult_expected,full,0.01599190897610732,2556
relative_votes__trees__unpinned,relative_votes,trees,False,True,aqua_justification_expected,full,0.04195774427432489,2556
relative_votes__trees__unpinned,relative_votes,trees,False,True,aqua_opinion_expected,full,0.039919558348115614,2556
relative_votes__trees__unpinned,relative_votes,trees,False,True,aqua_polite_address_expected,full,0.039300814330035634,2556
relative_votes__trees__unpinned,relative_votes,trees,False,True,aqua_question_expected,full,-0.07423891057125769,2556
relative_votes__trees__unpinned,relative_votes,trees,False,True,aqua_referencing_contents_expected,full,-0.0011157138116780598,2556
relative_votes__trees__unpinned,relative_votes,trees,False,True,aqua_referencing_format_expected,full,0.002967554437119277,2556
relative_votes__trees__unpinned,relative_votes,trees,False,True,aqua_referencing_medium_expected,full,0.0015600156837691636,2556
relative_votes__trees__unpinned,relative_votes,trees,False,True,aqua_referencing_personal_expected,full,-0.01665060036229887,2556
relative_votes__trees__unpinned,relative_votes,trees,False,True,aqua_referencing_users_expected,full,-0.015199163481637985,2556
relative_votes__trees__unpinned,relative_votes,trees,False,True,aqua_relevance_expected,full,0.04440543274453717,2556
relative_votes__trees__unpinned,relative_votes,trees,False,True,aqua_respect_expected,full,0.041721546594825264,2556
relative_votes__trees__unpinned,relative_votes,trees,False,True,aqua_sarcasm_expected,full,-0.010987188570735126,2556
relative_votes__trees__unpinned,relative_votes,trees,False,True,aqua_screaming_expected,full,-0.00440572271279216,2556
relative_votes__trees__unpinned,relative_votes,trees,False,True,aqua_solution_proposal_expected,full,0.034146870363499816,2556
relative_votes__trees__unpinned,relative_votes,trees,False,True,aqua_storytelling_expected,full,0.052492426435709054,2556
relative_votes__trees__unpinned,relative_votes,trees,False,True,aqua_vulgarity_expected,full,0.009525785503833421,2556
relative_votes__trees__unpinned,relative_votes,trees,False,True,article_similarity_top3,full,0.014985682581212832,2556
relative_votes__trees__unpinned,relative_votes,trees,False,True,author_prior_30d_downvote_reception,full,-0.04342197061191378,2556
relative_votes__trees__unpinned,relative_votes,trees,False,True,author_prior_30d_upvote_reception,full,0.04782888106135251,2556
relative_votes__trees__unpinned,relative_votes,trees,False,True,discussion_pace,full,0.0014741563357286702,2556
relative_votes__trees__unpinned,relative_votes,trees,False,True,is_reply,full,0.04640675727638101,2556
relative_votes__trees__unpinned,relative_votes,trees,False,True,lexdiv_length_adjusted,full,0.003096598398965636,2556
relative_votes__trees__unpinned,relative_votes,trees,False,True,log_author_prior_30d_comments,full,-0.010640091664446927,2556
relative_votes__trees__unpinned,relative_votes,trees,False,True,log_author_prior_comments_story,full,-0.05456377851814145,2556
relative_votes__trees__unpinned,relative_votes,trees,False,True,log_hours_since_article,full,-0.09315104120625207,2556
relative_votes__trees__unpinned,relative_votes,trees,False,True,log_words,full,0.034713686294855495,2556
relative_votes__trees__unpinned,relative_votes,trees,False,True,novelty_prior_all_model,full,-0.0064955487214821295,2556
relative_votes__trees__unpinned,relative_votes,trees,False,True,prior_reply_composition,full,-0.09517547847925871,2556
relative_votes__trees__unpinned,relative_votes,trees,False,True,reading_level_length_adjusted,full,-0.0007448836713412539,2556
relative_votes__trees__unpinned,relative_votes,trees,False,True,reply_depth_centered,full,-0.010023686909227883,2556
relative_votes__trees__unpinned,relative_votes,trees,False,True,sentiment_negative,full,-0.010992824498417661,2556
relative_votes__trees__unpinned,relative_votes,trees,False,True,sentiment_positive,full,0.04271036697585847,2556
relative_votes__trees__unpinned,relative_votes,trees,False,True,toxicity_probability,full,-0.012628962786494408,2556
relative_votes__trees__unpinned,relative_votes,trees,False,True,url_present,full,-0.07908856655098224,2556
relative_votes__trees__unpinned,relative_votes,trees,False,True,vienna_overnight,full,-0.008826281394049375,2556
relative_votes__trees__unpinned,relative_votes,trees,False,True,vienna_weekday_shoulder_evening,full,-0.022858064429779505,2556
relative_votes__trees__unpinned,relative_votes,trees,False,True,vienna_weekend_day_evening,full,-0.05494734332651117,2556
reverse_chronological__hidden__pinned,reverse_chronological,hidden,True,True,aqua_additional_knowledge_expected,full,0.12645502367894348,2556
reverse_chronological__hidden__pinned,reverse_chronological,hidden,True,True,aqua_discrimination_expected,full,0.08389859247800788,2556
reverse_chronological__hidden__pinned,reverse_chronological,hidden,True,True,aqua_fact_expected,full,0.13707157524649483,2556
reverse_chronological__hidden__pinned,reverse_chronological,hidden,True,True,aqua_insult_expected,full,0.08771617094591118,2556
reverse_chronological__hidden__pinned,reverse_chronological,hidden,True,True,aqua_justification_expected,full,0.1451054240467776,2556
reverse_chronological__hidden__pinned,reverse_chronological,hidden,True,True,aqua_opinion_expected,full,0.07655168421747695,2556
reverse_chronological__hidden__pinned,reverse_chronological,hidden,True,True,aqua_polite_address_expected,full,0.06785328538675213,2556
reverse_chronological__hidden__pinned,reverse_chronological,hidden,True,True,aqua_question_expected,full,-0.027059660762698782,2556
reverse_chronological__hidden__pinned,reverse_chronological,hidden,True,True,aqua_referencing_contents_expected,full,-0.13699997316433687,2556
reverse_chronological__hidden__pinned,reverse_chronological,hidden,True,True,aqua_referencing_format_expected,full,0.09608189022314044,2556
reverse_chronological__hidden__pinned,reverse_chronological,hidden,True,True,aqua_referencing_medium_expected,full,0.06222128643459859,2556
reverse_chronological__hidden__pinned,reverse_chronological,hidden,True,True,aqua_referencing_personal_expected,full,0.03699898134264009,2556
reverse_chronological__hidden__pinned,reverse_chronological,hidden,True,True,aqua_referencing_users_expected,full,-0.08574607390227003,2556
reverse_chronological__hidden__pinned,reverse_chronological,hidden,True,True,aqua_relevance_expected,full,0.07078230981887661,2556
reverse_chronological__hidden__pinned,reverse_chronological,hidden,True,True,aqua_respect_expected,full,0.019274387448435803,2556
reverse_chronological__hidden__pinned,reverse_chronological,hidden,True,True,aqua_sarcasm_expected,full,0.04851398182012347,2556
reverse_chronological__hidden__pinned,reverse_chronological,hidden,True,True,aqua_screaming_expected,full,0.058555871563196665,2556
reverse_chronological__hidden__pinned,reverse_chronological,hidden,True,True,aqua_solution_proposal_expected,full,0.11908157924552866,2556
reverse_chronological__hidden__pinned,reverse_chronological,hidden,True,True,aqua_storytelling_expected,full,0.10514142075152344,2556
reverse_chronological__hidden__pinned,reverse_chronological,hidden,True,True,aqua_vulgarity_expected,full,0.11516979556683307,2556
reverse_chronological__hidden__pinned,reverse_chronological,hidden,True,True,article_similarity_top3,full,0.24200368461911298,2556
reverse_chronological__hidden__pinned,reverse_chronological,hidden,True,True,author_prior_30d_downvote_reception,full,0.09008852339499998,2556
reverse_chronological__hidden__pinned,reverse_chronological,hidden,True,True,author_prior_30d_upvote_reception,full,0.1266102513810601,2556
reverse_chronological__hidden__pinned,reverse_chronological,hidden,True,True,discussion_pace,full,-0.023250701116150182,2556
reverse_chronological__hidden__pinned,reverse_chronological,hidden,True,True,is_reply,full,-0.9836778237840504,2556
reverse_chronological__hidden__pinned,reverse_chronological,hidden,True,True,lexdiv_length_adjusted,full,0.03560353970982817,2556
reverse_chronological__hidden__pinned,reverse_chronological,hidden,True,True,log_author_prior_30d_comments,full,-0.09778150664582363,2556
reverse_chronological__hidden__pinned,reverse_chronological,hidden,True,True,log_author_prior_comments_story,full,-0.44786657148763126,2556
reverse_chronological__hidden__pinned,reverse_chronological,hidden,True,True,log_hours_since_article,full,-0.059529408608442386,2556
reverse_chronological__hidden__pinned,reverse_chronological,hidden,True,True,log_words,full,0.15934276993726482,2556
reverse_chronological__hidden__pinned,reverse_chronological,hidden,True,True,novelty_prior_all_model,full,-0.04487513492863046,2556
reverse_chronological__hidden__pinned,reverse_chronological,hidden,True,True,prior_reply_composition,full,-0.04967210455978839,2556
reverse_chronological__hidden__pinned,reverse_chronological,hidden,True,True,reading_level_length_adjusted,full,0.0258815422376563,2556
reverse_chronological__hidden__pinned,reverse_chronological,hidden,True,True,reply_depth_centered,full,0.10986963947250628,2556
reverse_chronological__hidden__pinned,reverse_chronological,hidden,True,True,sentiment_negative,full,0.040839594318125366,2556
reverse_chronological__hidden__pinned,reverse_chronological,hidden,True,True,sentiment_positive,full,-0.016082856149862775,2556
reverse_chronological__hidden__pinned,reverse_chronological,hidden,True,True,toxicity_probability,full,0.04900834978600231,2556
reverse_chronological__hidden__pinned,reverse_chronological,hidden,True,True,url_present,full,-0.0072227239154723484,2556
reverse_chronological__hidden__pinned,reverse_chronological,hidden,True,True,vienna_overnight,full,-0.04014674122804502,2556
reverse_chronological__hidden__pinned,reverse_chronological,hidden,True,True,vienna_weekday_shoulder_evening,full,-0.04112301399446308,2556
reverse_chronological__hidden__pinned,reverse_chronological,hidden,True,True,vienna_weekend_day_evening,full,-0.06331570246877354,2556
reverse_chronological__hidden__unpinned,reverse_chronological,hidden,False,True,aqua_additional_knowledge_expected,full,0.11949184461402335,2556
reverse_chronological__hidden__unpinned,reverse_chronological,hidden,False,True,aqua_discrimination_expected,full,0.07590833417923586,2556
reverse_chronological__hidden__unpinned,reverse_chronological,hidden,False,True,aqua_fact_expected,full,0.12808165782443193,2556
reverse_chronological__hidden__unpinned,reverse_chronological,hidden,False,True,aqua_insult_expected,full,0.08412419430429256,2556
reverse_chronological__hidden__unpinned,reverse_chronological,hidden,False,True,aqua_justification_expected,full,0.12954337383518397,2556
reverse_chronological__hidden__unpinned,reverse_chronological,hidden,False,True,aqua_opinion_expected,full,0.06528884808700046,2556
reverse_chronological__hidden__unpinned,reverse_chronological,hidden,False,True,aqua_polite_address_expected,full,0.057250193619730286,2556
reverse_chronological__hidden__unpinned,reverse_chronological,hidden,False,True,aqua_question_expected,full,-0.01878236266812556,2556
reverse_chronological__hidden__unpinned,reverse_chronological,hidden,False,True,aqua_referencing_contents_expected,full,-0.13566477005043096,2556
reverse_chronological__hidden__unpinned,reverse_chronological,hidden,False,True,aqua_referencing_format_expected,full,0.0930550721770937,2556
reverse_chronological__hidden__unpinned,reverse_chronological,hidden,False,True,aqua_referencing_medium_expected,full,0.05970984519554479,2556
reverse_chronological__hidden__unpinned,reverse_chronological,hidden,False,True,aqua_referencing_personal_expected,full,0.03764878407361988,2556
reverse_chronological__hidden__unpinned,reverse_chronological,hidden,False,True,aqua_referencing_users_expected,full,-0.0864885921301468,2556
reverse_chronological__hidden__unpinned,reverse_chronological,hidden,False,True,aqua_relevance_expected,full,0.0609184530875901,2556
reverse_chronological__hidden__unpinned,reverse_chronological,hidden,False,True,aqua_respect_expected,full,0.012666369139620121,2556
reverse_chronological__hidden__unpinned,reverse_chronological,hidden,False,True,aqua_sarcasm_expected,full,0.05199911352350381,2556
reverse_chronological__hidden__unpinned,reverse_chronological,hidden,False,True,aqua_screaming_expected,full,0.06054504972542342,2556
reverse_chronological__hidden__unpinned,reverse_chronological,hidden,False,True,aqua_solution_proposal_expected,full,0.10742479614841005,2556
reverse_chronological__hidden__unpinned,reverse_chronological,hidden,False,True,aqua_storytelling_expected,full,0.09394521301672697,2556
reverse_chronological__hidden__unpinned,reverse_chronological,hidden,False,True,aqua_vulgarity_expected,full,0.11227652948048239,2556
reverse_chronological__hidden__unpinned,reverse_chronological,hidden,False,True,article_similarity_top3,full,0.23024626492567316,2556
reverse_chronological__hidden__unpinned,reverse_chronological,hidden,False,True,author_prior_30d_downvote_reception,full,0.09089901703751387,2556
reverse_chronological__hidden__unpinned,reverse_chronological,hidden,False,True,author_prior_30d_upvote_reception,full,0.11391420256620274,2556
reverse_chronological__hidden__unpinned,reverse_chronological,hidden,False,True,discussion_pace,full,-0.021520702512287264,2556
reverse_chronological__hidden__unpinned,reverse_chronological,hidden,False,True,is_reply,full,-0.9780486638468252,2556
reverse_chronological__hidden__unpinned,reverse_chronological,hidden,False,True,lexdiv_length_adjusted,full,0.03409412423583354,2556
reverse_chronological__hidden__unpinned,reverse_chronological,hidden,False,True,log_author_prior_30d_comments,full,-0.0999043370636538,2556
reverse_chronological__hidden__unpinned,reverse_chronological,hidden,False,True,log_author_prior_comments_story,full,-0.4378852789361288,2556
reverse_chronological__hidden__unpinned,reverse_chronological,hidden,False,True,log_hours_since_article,full,-0.011361570618977827,2556
reverse_chronological__hidden__unpinned,reverse_chronological,hidden,False,True,log_words,full,0.1468690876174606,2556
reverse_chronological__hidden__unpinned,reverse_chronological,hidden,False,True,novelty_prior_all_model,full,-0.0521676211320729,2556
reverse_chronological__hidden__unpinned,reverse_chronological,hidden,False,True,prior_reply_composition,full,0.02171136260689834,2556
reverse_chronological__hidden__unpinned,reverse_chronological,hidden,False,True,reading_level_length_adjusted,full,0.026593779883726038,2556
reverse_chronological__hidden__unpinned,reverse_chronological,hidden,False,True,reply_depth_centered,full,0.11160560806902524,2556
reverse_chronological__hidden__unpinned,reverse_chronological,hidden,False,True,sentiment_negative,full,0.043210967371051165,2556
reverse_chronological__hidden__unpinned,reverse_chronological,hidden,False,True,sentiment_positive,full,-0.022123492830378306,2556
reverse_chronological__hidden__unpinned,reverse_chronological,hidden,False,True,toxicity_probability,full,0.0540408092159208,2556
reverse_chronological__hidden__unpinned,reverse_chronological,hidden,False,True,url_present,full,-0.009268517653342592,2556
reverse_chronological__hidden__unpinned,reverse_chronological,hidden,False,True,vienna_overnight,full,-0.04380612430056933,2556
reverse_chronological__hidden__unpinned,reverse_chronological,hidden,False,True,vienna_weekday_shoulder_evening,full,-0.04264847177370366,2556
reverse_chronological__hidden__unpinned,reverse_chronological,hidden,False,True,vienna_weekend_day_evening,full,-0.05969016650411233,2556
reverse_chronological__loose__pinned,reverse_chronological,loose,True,True,aqua_additional_knowledge_expected,full,0.0527252397622695,2556
reverse_chronological__loose__pinned,reverse_chronological,loose,True,True,aqua_discrimination_expected,full,0.03371823602482209,2556
reverse_chronological__loose__pinned,reverse_chronological,loose,True,True,aqua_fact_expected,full,0.042299536590103985,2556
reverse_chronological__loose__pinned,reverse_chronological,loose,True,True,aqua_insult_expected,full,0.028629697408462496,2556
reverse_chronological__loose__pinned,reverse_chronological,loose,True,True,aqua_justification_expected,full,0.058155386836438214,2556
reverse_chronological__loose__pinned,reverse_chronological,loose,True,True,aqua_opinion_expected,full,0.03671124299262149,2556
reverse_chronological__loose__pinned,reverse_chronological,loose,True,True,aqua_polite_address_expected,full,0.04019317834762927,2556
reverse_chronological__loose__pinned,reverse_chronological,loose,True,True,aqua_question_expected,full,-0.008413598411703499,2556
reverse_chronological__loose__pinned,reverse_chronological,loose,True,True,aqua_referencing_contents_expected,full,0.009303499621515788,2556
reverse_chronological__loose__pinned,reverse_chronological,loose,True,True,aqua_referencing_format_expected,full,0.03822729472709761,2556
reverse_chronological__loose__pinned,reverse_chronological,loose,True,True,aqua_referencing_medium_expected,full,0.028399372258427508,2556
reverse_chronological__loose__pinned,reverse_chronological,loose,True,True,aqua_referencing_personal_expected,full,0.031767769870381,2556
reverse_chronological__loose__pinned,reverse_chronological,loose,True,True,aqua_referencing_users_expected,full,0.029530269943308596,2556
reverse_chronological__loose__pinned,reverse_chronological,loose,True,True,aqua_relevance_expected,full,0.01964349496483296,2556
reverse_chronological__loose__pinned,reverse_chronological,loose,True,True,aqua_respect_expected,full,0.014464360156173264,2556
reverse_chronological__loose__pinned,reverse_chronological,loose,True,True,aqua_sarcasm_expected,full,0.00457869218049045,2556
reverse_chronological__loose__pinned,reverse_chronological,loose,True,True,aqua_screaming_expected,full,0.011757756164148073,2556
reverse_chronological__loose__pinned,reverse_chronological,loose,True,True,aqua_solution_proposal_expected,full,0.05311314141196419,2556
reverse_chronological__loose__pinned,reverse_chronological,loose,True,True,aqua_storytelling_expected,full,0.061739571686641334,2556
reverse_chronological__loose__pinned,reverse_chronological,loose,True,True,aqua_vulgarity_expected,full,0.03412850942014107,2556
reverse_chronological__loose__pinned,reverse_chronological,loose,True,True,article_similarity_top3,full,0.026123184746985724,2556
reverse_chronological__loose__pinned,reverse_chronological,loose,True,True,author_prior_30d_downvote_reception,full,-0.019582621912724085,2556
reverse_chronological__loose__pinned,reverse_chronological,loose,True,True,author_prior_30d_upvote_reception,full,-0.07094873074357522,2556
reverse_chronological__loose__pinned,reverse_chronological,loose,True,True,discussion_pace,full,-0.16243792468988918,2556
reverse_chronological__loose__pinned,reverse_chronological,loose,True,True,is_reply,full,-0.12457861301883194,2556
reverse_chronological__loose__pinned,reverse_chronological,loose,True,True,lexdiv_length_adjusted,full,0.004511053384231012,2556
reverse_chronological__loose__pinned,reverse_chronological,loose,True,True,log_author_prior_30d_comments,full,-0.02323580163778195,2556
reverse_chronological__loose__pinned,reverse_chronological,loose,True,True,log_author_prior_comments_story,full,0.18704846034176095,2556
reverse_chronological__loose__pinned,reverse_chronological,loose,True,True,log_hours_since_article,full,0.551103103180171,2556
reverse_chronological__loose__pinned,reverse_chronological,loose,True,True,log_words,full,0.06477650983920161,2556
reverse_chronological__loose__pinned,reverse_chronological,loose,True,True,novelty_prior_all_model,full,-0.15318012101867576,2556
reverse_chronological__loose__pinned,reverse_chronological,loose,True,True,prior_reply_composition,full,0.5460977349328149,2556
reverse_chronological__loose__pinned,reverse_chronological,loose,True,True,reading_level_length_adjusted,full,-0.005586552864713513,2556
reverse_chronological__loose__pinned,reverse_chronological,loose,True,True,reply_depth_centered,full,0.1525804274567758,2556
reverse_chronological__loose__pinned,reverse_chronological,loose,True,True,sentiment_negative,full,0.006437773109355983,2556
reverse_chronological__loose__pinned,reverse_chronological,loose,True,True,sentiment_positive,full,-0.00519016527381435,2556
reverse_chronological__loose__pinned,reverse_chronological,loose,True,True,toxicity_probability,full,0.026941065016908374,2556
reverse_chronological__loose__pinned,reverse_chronological,loose,True,True,url_present,full,0.052843476263826746,2556
reverse_chronological__loose__pinned,reverse_chronological,loose,True,True,vienna_overnight,full,0.206285826874182,2556
reverse_chronological__loose__pinned,reverse_chronological,loose,True,True,vienna_weekday_shoulder_evening,full,0.09415001141514248,2556
reverse_chronological__loose__pinned,reverse_chronological,loose,True,True,vienna_weekend_day_evening,full,0.2090992937808147,2556
reverse_chronological__loose__unpinned,reverse_chronological,loose,False,True,aqua_additional_knowledge_expected,full,0.030971249322961455,2556
reverse_chronological__loose__unpinned,reverse_chronological,loose,False,True,aqua_discrimination_expected,full,0.024641980010789728,2556
reverse_chronological__loose__unpinned,reverse_chronological,loose,False,True,aqua_fact_expected,full,0.019546092771259686,2556
reverse_chronological__loose__unpinned,reverse_chronological,loose,False,True,aqua_insult_expected,full,0.0072994010592808654,2556
reverse_chronological__loose__unpinned,reverse_chronological,loose,False,True,aqua_justification_expected,full,0.038733281981779805,2556
reverse_chronological__loose__unpinned,reverse_chronological,loose,False,True,aqua_opinion_expected,full,0.02614906031479699,2556
reverse_chronological__loose__unpinned,reverse_chronological,loose,False,True,aqua_polite_address_expected,full,0.014421254501484928,2556
reverse_chronological__loose__unpinned,reverse_chronological,loose,False,True,aqua_question_expected,full,0.00023633408878546167,2556
reverse_chronological__loose__unpinned,reverse_chronological,loose,False,True,aqua_referencing_contents_expected,full,0.07111702884404586,2556
reverse_chronological__loose__unpinned,reverse_chronological,loose,False,True,aqua_referencing_format_expected,full,0.014184930797842185,2556
reverse_chronological__loose__unpinned,reverse_chronological,loose,False,True,aqua_referencing_medium_expected,full,0.013119576326187595,2556
reverse_chronological__loose__unpinned,reverse_chronological,loose,False,True,aqua_referencing_personal_expected,full,0.02933142682805115,2556
reverse_chronological__loose__unpinned,reverse_chronological,loose,False,True,aqua_referencing_users_expected,full,0.07303465929854547,2556
reverse_chronological__loose__unpinned,reverse_chronological,loose,False,True,aqua_relevance_expected,full,0.01594839059061392,2556
reverse_chronological__loose__unpinned,reverse_chronological,loose,False,True,aqua_respect_expected,full,0.004225413114587958,2556
reverse_chronological__loose__unpinned,reverse_chronological,loose,False,True,aqua_sarcasm_expected,full,-0.004448031846117815,2556
reverse_chronological__loose__unpinned,reverse_chronological,loose,False,True,aqua_screaming_expected,full,0.0005222314185791276,2556
reverse_chronological__loose__unpinned,reverse_chronological,loose,False,True,aqua_solution_proposal_expected,full,0.03851696551249807,2556
reverse_chronological__loose__unpinned,reverse_chronological,loose,False,True,aqua_storytelling_expected,full,0.05114496179676781,2556
reverse_chronological__loose__unpinned,reverse_chronological,loose,False,True,aqua_vulgarity_expected,full,0.005568009649380148,2556
reverse_chronological__loose__unpinned,reverse_chronological,loose,False,True,article_similarity_top3,full,-0.07137603249244784,2556
reverse_chronological__loose__unpinned,reverse_chronological,loose,False,True,author_prior_30d_downvote_reception,full,-0.07220425705483197,2556
reverse_chronological__loose__unpinned,reverse_chronological,loose,False,True,author_prior_30d_upvote_reception,full,-0.186088000158842,2556
reverse_chronological__loose__unpinned,reverse_chronological,loose,False,True,discussion_pace,full,-0.2188467118962546,2556
reverse_chronological__loose__unpinned,reverse_chronological,loose,False,True,is_reply,full,0.377466031295743,2556
reverse_chronological__loose__unpinned,reverse_chronological,loose,False,True,lexdiv_length_adjusted,full,-0.012813677819686379,2556
reverse_chronological__loose__unpinned,reverse_chronological,loose,False,True,log_author_prior_30d_comments,full,-0.015642826582648015,2556
reverse_chronological__loose__unpinned,reverse_chronological,loose,False,True,log_author_prior_comments_story,full,0.43381473084009603,2556
reverse_chronological__loose__unpinned,reverse_chronological,loose,False,True,log_hours_since_article,full,1.0,2556
reverse_chronological__loose__unpinned,reverse_chronological,loose,False,True,log_words,full,0.04182268116609997,2556
reverse_chronological__loose__unpinned,reverse_chronological,loose,False,True,novelty_prior_all_model,full,-0.25789671647987095,2556
reverse_chronological__loose__unpinned,reverse_chronological,loose,False,True,prior_reply_composition,full,0.9382929706407235,2556
reverse_chronological__loose__unpinned,reverse_chronological,loose,False,True,reading_level_length_adjusted,full,-0.02083450238819258,2556
reverse_chronological__loose__unpinned,reverse_chronological,loose,False,True,reply_depth_centered,full,0.26364239939405815,2556
reverse_chronological__loose__unpinned,reverse_chronological,loose,False,True,sentiment_negative,full,0.0013117486227697452,2556
reverse_chronological__loose__unpinned,reverse_chronological,loose,False,True,sentiment_positive,full,-0.018007513745873827,2556
reverse_chronological__loose__unpinned,reverse_chronological,loose,False,True,toxicity_probability,full,0.014197681712625998,2556
reverse_chronological__loose__unpinned,reverse_chronological,loose,False,True,url_present,full,0.06355356235312169,2556
reverse_chronological__loose__unpinned,reverse_chronological,loose,False,True,vienna_overnight,full,0.38441679071179974,2556
reverse_chronological__loose__unpinned,reverse_chronological,loose,False,True,vienna_weekday_shoulder_evening,full,0.1868633944857519,2556
reverse_chronological__loose__unpinned,reverse_chronological,loose,False,True,vienna_weekend_day_evening,full,0.356913653419339,2556
reverse_chronological__trees__pinned,reverse_chronological,trees,True,True,aqua_additional_knowledge_expected,full,0.0777332924380052,2556
reverse_chronological__trees__pinned,reverse_chronological,trees,True,True,aqua_discrimination_expected,full,0.04460354037409657,2556
reverse_chronological__trees__pinned,reverse_chronological,trees,True,True,aqua_fact_expected,full,0.07224345373841672,2556
reverse_chronological__trees__pinned,reverse_chronological,trees,True,True,aqua_insult_expected,full,0.04541341455598873,2556
reverse_chronological__trees__pinned,reverse_chronological,trees,True,True,aqua_justification_expected,full,0.076321865335241,2556
reverse_chronological__trees__pinned,reverse_chronological,trees,True,True,aqua_opinion_expected,full,0.034204238400280626,2556
reverse_chronological__trees__pinned,reverse_chronological,trees,True,True,aqua_polite_address_expected,full,0.04227116150196531,2556
reverse_chronological__trees__pinned,reverse_chronological,trees,True,True,aqua_question_expected,full,-0.0010260834969218289,2556
reverse_chronological__trees__pinned,reverse_chronological,trees,True,True,aqua_referencing_contents_expected,full,-0.05395269661778231,2556
reverse_chronological__trees__pinned,reverse_chronological,trees,True,True,aqua_referencing_format_expected,full,0.05279806073789284,2556
reverse_chronological__trees__pinned,reverse_chronological,trees,True,True,aqua_referencing_medium_expected,full,0.03916383279954728,2556
reverse_chronological__trees__pinned,reverse_chronological,trees,True,True,aqua_referencing_personal_expected,full,0.028156796362963043,2556
reverse_chronological__trees__pinned,reverse_chronological,trees,True,True,aqua_referencing_users_expected,full,-0.022599435285387902,2556
reverse_chronological__trees__pinned,reverse_chronological,trees,True,True,aqua_relevance_expected,full,0.03358700568488951,2556
reverse_chronological__trees__pinned,reverse_chronological,trees,True,True,aqua_respect_expected,full,0.006426058348993667,2556
reverse_chronological__trees__pinned,reverse_chronological,trees,True,True,aqua_sarcasm_expected,full,0.022734121899776066,2556
reverse_chronological__trees__pinned,reverse_chronological,trees,True,True,aqua_screaming_expected,full,0.03872342217898663,2556
reverse_chronological__trees__pinned,reverse_chronological,trees,True,True,aqua_solution_proposal_expected,full,0.07042607561689095,2556
reverse_chronological__trees__pinned,reverse_chronological,trees,True,True,aqua_storytelling_expected,full,0.06674810160943448,2556
reverse_chronological__trees__pinned,reverse_chronological,trees,True,True,aqua_vulgarity_expected,full,0.06008023849830847,2556
reverse_chronological__trees__pinned,reverse_chronological,trees,True,True,article_similarity_top3,full,0.11377353875448382,2556
reverse_chronological__trees__pinned,reverse_chronological,trees,True,True,author_prior_30d_downvote_reception,full,0.026697278310394992,2556
reverse_chronological__trees__pinned,reverse_chronological,trees,True,True,author_prior_30d_upvote_reception,full,0.000366599596202503,2556
reverse_chronological__trees__pinned,reverse_chronological,trees,True,True,discussion_pace,full,-0.055478222339205054,2556
reverse_chronological__trees__pinned,reverse_chronological,trees,True,True,is_reply,full,-0.4714995099827051,2556
reverse_chronological__trees__pinned,reverse_chronological,trees,True,True,lexdiv_length_adjusted,full,0.017860183681022396,2556
reverse_chronological__trees__pinned,reverse_chronological,trees,True,True,log_author_prior_30d_comments,full,-0.05794054031789377,2556
reverse_chronological__trees__pinned,reverse_chronological,trees,True,True,log_author_prior_comments_story,full,-0.10021606603492736,2556
reverse_chronological__trees__pinned,reverse_chronological,trees,True,True,log_hours_since_article,full,0.3707827718340962,2556
reverse_chronological__trees__pinned,reverse_chronological,trees,True,True,log_words,full,0.0872225011471317,2556
reverse_chronological__trees__pinned,reverse_chronological,trees,True,True,novelty_prior_all_model,full,-0.12400350700344241,2556
reverse_chronological__trees__pinned,reverse_chronological,trees,True,True,prior_reply_composition,full,0.4162207789301858,2556
reverse_chronological__trees__pinned,reverse_chronological,trees,True,True,reading_level_length_adjusted,full,0.01083899036362212,2556
reverse_chronological__trees__pinned,reverse_chronological,trees,True,True,reply_depth_centered,full,-0.01552168399813365,2556
reverse_chronological__trees__pinned,reverse_chronological,trees,True,True,sentiment_negative,full,0.017501521809348348,2556
reverse_chronological__trees__pinned,reverse_chronological,trees,True,True,sentiment_positive,full,-0.007896424938605219,2556
reverse_chronological__trees__pinned,reverse_chronological,trees,True,True,toxicity_probability,full,0.042800565327560686,2556
reverse_chronological__trees__pinned,reverse_chronological,trees,True,True,url_present,full,0.05545321806399984,2556
reverse_chronological__trees__pinned,reverse_chronological,trees,True,True,vienna_overnight,full,0.13048543014538436,2556
reverse_chronological__trees__pinned,reverse_chronological,trees,True,True,vienna_weekday_shoulder_evening,full,0.03948664848729816,2556
reverse_chronological__trees__pinned,reverse_chronological,trees,True,True,vienna_weekend_day_evening,full,0.12071378533795248,2556
reverse_chronological__trees__unpinned,reverse_chronological,trees,False,True,aqua_additional_knowledge_expected,full,0.07530175285516678,2556
reverse_chronological__trees__unpinned,reverse_chronological,trees,False,True,aqua_discrimination_expected,full,0.039161634619519624,2556
reverse_chronological__trees__unpinned,reverse_chronological,trees,False,True,aqua_fact_expected,full,0.06450191813701696,2556
reverse_chronological__trees__unpinned,reverse_chronological,trees,False,True,aqua_insult_expected,full,0.03551166500175534,2556
reverse_chronological__trees__unpinned,reverse_chronological,trees,False,True,aqua_justification_expected,full,0.06694936860347597,2556
reverse_chronological__trees__unpinned,reverse_chronological,trees,False,True,aqua_opinion_expected,full,0.022574457597158024,2556
reverse_chronological__trees__unpinned,reverse_chronological,trees,False,True,aqua_polite_address_expected,full,0.03016942424941853,2556
reverse_chronological__trees__unpinned,reverse_chronological,trees,False,True,aqua_question_expected,full,0.01354746441006535,2556
reverse_chronological__trees__unpinned,reverse_chronological,trees,False,True,aqua_referencing_contents_expected,full,-0.03346732211866137,2556
reverse_chronological__trees__unpinned,reverse_chronological,trees,False,True,aqua_referencing_format_expected,full,0.042531857640062475,2556
reverse_chronological__trees__unpinned,reverse_chronological,trees,False,True,aqua_referencing_medium_expected,full,0.03436783054028689,2556
reverse_chronological__trees__unpinned,reverse_chronological,trees,False,True,aqua_referencing_personal_expected,full,0.028837920956384232,2556
reverse_chronological__trees__unpinned,reverse_chronological,trees,False,True,aqua_referencing_users_expected,full,-0.008169126856780656,2556
reverse_chronological__trees__unpinned,reverse_chronological,trees,False,True,aqua_relevance_expected,full,0.03135778394551511,2556
reverse_chronological__trees__unpinned,reverse_chronological,trees,False,True,aqua_respect_expected,full,-0.0029067157554933777,2556
reverse_chronological__trees__unpinned,reverse_chronological,trees,False,True,aqua_sarcasm_expected,full,0.023468749601477153,2556
reverse_chronological__trees__unpinned,reverse_chronological,trees,False,True,aqua_screaming_expected,full,0.04476479357807481,2556
reverse_chronological__trees__unpinned,reverse_chronological,trees,False,True,aqua_solution_proposal_expected,full,0.06634576818301888,2556
reverse_chronological__trees__unpinned,reverse_chronological,trees,False,True,aqua_storytelling_expected,full,0.06591604079419967,2556
reverse_chronological__trees__unpinned,reverse_chronological,trees,False,True,aqua_vulgarity_expected,full,0.05048840083941033,2556
reverse_chronological__trees__unpinned,reverse_chronological,trees,False,True,article_similarity_top3,full,0.07673046269876818,2556
reverse_chronological__trees__unpinned,reverse_chronological,trees,False,True,author_prior_30d_downvote_reception,full,0.00875282653155603,2556
reverse_chronological__trees__unpinned,reverse_chronological,trees,False,True,author_prior_30d_upvote_reception,full,-0.05454693897426009,2556
reverse_chronological__trees__unpinned,reverse_chronological,trees,False,True,discussion_pace,full,-0.024029642627197333,2556
reverse_chronological__trees__unpinned,reverse_chronological,trees,False,True,is_reply,full,-0.2632796387626153,2556
reverse_chronological__trees__unpinned,reverse_chronological,trees,False,True,lexdiv_length_adjusted,full,0.01025573608338089,2556
reverse_chronological__trees__unpinned,reverse_chronological,trees,False,True,log_author_prior_30d_comments,full,-0.06142845395330711,2556
reverse_chronological__trees__unpinned,reverse_chronological,trees,False,True,log_author_prior_comments_story,full,-0.016440607085343843,2556
reverse_chronological__trees__unpinned,reverse_chronological,trees,False,True,log_hours_since_article,full,0.6119968295579634,2556
reverse_chronological__trees__unpinned,reverse_chronological,trees,False,True,log_words,full,0.0770842302644186,2556
reverse_chronological__trees__unpinned,reverse_chronological,trees,False,True,novelty_prior_all_model,full,-0.18755709350065417,2556
reverse_chronological__trees__unpinned,reverse_chronological,trees,False,True,prior_reply_composition,full,0.6802189078254571,2556
reverse_chronological__trees__unpinned,reverse_chronological,trees,False,True,reading_level_length_adjusted,full,0.006873968370606328,2556
reverse_chronological__trees__unpinned,reverse_chronological,trees,False,True,reply_depth_centered,full,-0.014590639234851559,2556
reverse_chronological__trees__unpinned,reverse_chronological,trees,False,True,sentiment_negative,full,0.019739690065874692,2556
reverse_chronological__trees__unpinned,reverse_chronological,trees,False,True,sentiment_positive,full,-0.015967239808194214,2556
reverse_chronological__trees__unpinned,reverse_chronological,trees,False,True,toxicity_probability,full,0.048802984383552066,2556
reverse_chronological__trees__unpinned,reverse_chronological,trees,False,True,url_present,full,0.06930597507861982,2556
reverse_chronological__trees__unpinned,reverse_chronological,trees,False,True,vienna_overnight,full,0.191464817927013,2556
reverse_chronological__trees__unpinned,reverse_chronological,trees,False,True,vienna_weekday_shoulder_evening,full,0.0719635679287682,2556
reverse_chronological__trees__unpinned,reverse_chronological,trees,False,True,vienna_weekend_day_evening,full,0.17455698822231325,2556
upvotes__hidden__pinned,upvotes,hidden,True,True,aqua_additional_knowledge_expected,full,0.1250920170785325,2556
upvotes__hidden__pinned,upvotes,hidden,True,True,aqua_discrimination_expected,full,0.0954612505691564,2556
upvotes__hidden__pinned,upvotes,hidden,True,True,aqua_fact_expected,full,0.14446704772569804,2556
upvotes__hidden__pinned,upvotes,hidden,True,True,aqua_insult_expected,full,0.09763548566963959,2556
upvotes__hidden__pinned,upvotes,hidden,True,True,aqua_justification_expected,full,0.15700934681750353,2556
upvotes__hidden__pinned,upvotes,hidden,True,True,aqua_opinion_expected,full,0.08996174351043118,2556
upvotes__hidden__pinned,upvotes,hidden,True,True,aqua_polite_address_expected,full,0.07511602612496619,2556
upvotes__hidden__pinned,upvotes,hidden,True,True,aqua_question_expected,full,-0.03776278853454585,2556
upvotes__hidden__pinned,upvotes,hidden,True,True,aqua_referencing_contents_expected,full,-0.14223839090152687,2556
upvotes__hidden__pinned,upvotes,hidden,True,True,aqua_referencing_format_expected,full,0.0961696138532359,2556
upvotes__hidden__pinned,upvotes,hidden,True,True,aqua_referencing_medium_expected,full,0.06371272807783365,2556
upvotes__hidden__pinned,upvotes,hidden,True,True,aqua_referencing_personal_expected,full,0.03277482900663307,2556
upvotes__hidden__pinned,upvotes,hidden,True,True,aqua_referencing_users_expected,full,-0.0885205203148945,2556
upvotes__hidden__pinned,upvotes,hidden,True,True,aqua_relevance_expected,full,0.07620735481221723,2556
upvotes__hidden__pinned,upvotes,hidden,True,True,aqua_respect_expected,full,0.026072739765548407,2556
upvotes__hidden__pinned,upvotes,hidden,True,True,aqua_sarcasm_expected,full,0.052235082259265306,2556
upvotes__hidden__pinned,upvotes,hidden,True,True,aqua_screaming_expected,full,0.06060065037979263,2556
upvotes__hidden__pinned,upvotes,hidden,True,True,aqua_solution_proposal_expected,full,0.12162740447348512,2556
upvotes__hidden__pinned,upvotes,hidden,True,True,aqua_storytelling_expected,full,0.10928168411304053,2556
upvotes__hidden__pinned,upvotes,hidden,True,True,aqua_vulgarity_expected,full,0.12084358389112207,2556
upvotes__hidden__pinned,upvotes,hidden,True,True,article_similarity_top3,full,0.25121722205798164,2556
upvotes__hidden__pinned,upvotes,hidden,True,True,author_prior_30d_downvote_reception,full,0.09299952569261186,2556
upvotes__hidden__pinned,upvotes,hidden,True,True,author_prior_30d_upvote_reception,full,0.1735446764830092,2556
upvotes__hidden__pinned,upvotes,hidden,True,True,discussion_pace,full,-0.026198218346810565,2556
upvotes__hidden__pinned,upvotes,hidden,True,True,is_reply,full,-0.9940736964291876,2556
upvotes__hidden__pinned,upvotes,hidden,True,True,lexdiv_length_adjusted,full,0.03569974813000293,2556
upvotes__hidden__pinned,upvotes,hidden,True,True,log_author_prior_30d_comments,full,-0.0832700595226326,2556
upvotes__hidden__pinned,upvotes,hidden,True,True,log_author_prior_comments_story,full,-0.47799919628362986,2556
upvotes__hidden__pinned,upvotes,hidden,True,True,log_hours_since_article,full,-0.25954390134322447,2556
upvotes__hidden__pinned,upvotes,hidden,True,True,log_words,full,0.16576173662426655,2556
upvotes__hidden__pinned,upvotes,hidden,True,True,novelty_prior_all_model,full,-0.00106442122436624,2556
upvotes__hidden__pinned,upvotes,hidden,True,True,prior_reply_composition,full,-0.23453432586158993,2556
upvotes__hidden__pinned,upvotes,hidden,True,True,reading_level_length_adjusted,full,0.02674813156507351,2556
upvotes__hidden__pinned,upvotes,hidden,True,True,reply_depth_centered,full,0.1086303673790527,2556
upvotes__hidden__pinned,upvotes,hidden,True,True,sentiment_negative,full,0.05407900350308342,2556
upvotes__hidden__pinned,upvotes,hidden,True,True,sentiment_positive,full,-0.021346859636278352,2556
upvotes__hidden__pinned,upvotes,hidden,True,True,toxicity_probability,full,0.06681509443136603,2556
upvotes__hidden__pinned,upvotes,hidden,True,True,url_present,full,-0.06855564886176577,2556
upvotes__hidden__pinned,upvotes,hidden,True,True,vienna_overnight,full,-0.09332797775827975,2556
upvotes__hidden__pinned,upvotes,hidden,True,True,vienna_weekday_shoulder_evening,full,-0.06794212124056415,2556
upvotes__hidden__pinned,upvotes,hidden,True,True,vienna_weekend_day_evening,full,-0.13094904845346783,2556
upvotes__hidden__unpinned,upvotes,hidden,False,True,aqua_additional_knowledge_expected,full,0.12235855654282396,2556
upvotes__hidden__unpinned,upvotes,hidden,False,True,aqua_discrimination_expected,full,0.09444231616740328,2556
upvotes__hidden__unpinned,upvotes,hidden,False,True,aqua_fact_expected,full,0.1427217115179094,2556
upvotes__hidden__unpinned,upvotes,hidden,False,True,aqua_insult_expected,full,0.09763741328146956,2556
upvotes__hidden__unpinned,upvotes,hidden,False,True,aqua_justification_expected,full,0.15455700233475597,2556
upvotes__hidden__unpinned,upvotes,hidden,False,True,aqua_opinion_expected,full,0.08965144777585592,2556
upvotes__hidden__unpinned,upvotes,hidden,False,True,aqua_polite_address_expected,full,0.0717856301729905,2556
upvotes__hidden__unpinned,upvotes,hidden,False,True,aqua_question_expected,full,-0.03759145839751593,2556
upvotes__hidden__unpinned,upvotes,hidden,False,True,aqua_referencing_contents_expected,full,-0.14172288683025933,2556
upvotes__hidden__unpinned,upvotes,hidden,False,True,aqua_referencing_format_expected,full,0.09518030591796119,2556
upvotes__hidden__unpinned,upvotes,hidden,False,True,aqua_referencing_medium_expected,full,0.06278115987102158,2556
upvotes__hidden__unpinned,upvotes,hidden,False,True,aqua_referencing_personal_expected,full,0.03243405643549582,2556
upvotes__hidden__unpinned,upvotes,hidden,False,True,aqua_referencing_users_expected,full,-0.08924517042028036,2556
upvotes__hidden__unpinned,upvotes,hidden,False,True,aqua_relevance_expected,full,0.07453634866487675,2556
upvotes__hidden__unpinned,upvotes,hidden,False,True,aqua_respect_expected,full,0.025261995858979258,2556
upvotes__hidden__unpinned,upvotes,hidden,False,True,aqua_sarcasm_expected,full,0.05327918575423136,2556
upvotes__hidden__unpinned,upvotes,hidden,False,True,aqua_screaming_expected,full,0.06098154922959072,2556
upvotes__hidden__unpinned,upvotes,hidden,False,True,aqua_solution_proposal_expected,full,0.11857768751918697,2556
upvotes__hidden__unpinned,upvotes,hidden,False,True,aqua_storytelling_expected,full,0.10687301379800733,2556
upvotes__hidden__unpinned,upvotes,hidden,False,True,aqua_vulgarity_expected,full,0.12052764937645931,2556
upvotes__hidden__unpinned,upvotes,hidden,False,True,article_similarity_top3,full,0.24903647230026738,2556
upvotes__hidden__unpinned,upvotes,hidden,False,True,author_prior_30d_downvote_reception,full,0.09305444055484118,2556
upvotes__hidden__unpinned,upvotes,hidden,False,True,author_prior_30d_upvote_reception,full,0.17451039070996435,2556
upvotes__hidden__unpinned,upvotes,hidden,False,True,discussion_pace,full,-0.03310500135737873,2556
upvotes__hidden__unpinned,upvotes,hidden,False,True,is_reply,full,-0.9936386970325394,2556
upvotes__hidden__unpinned,upvotes,hidden,False,True,lexdiv_length_adjusted,full,0.03514848205330478,2556
upvotes__hidden__unpinned,upvotes,hidden,False,True,log_author_prior_30d_comments,full,-0.08331584004085418,2556
upvotes__hidden__unpinned,upvotes,hidden,False,True,log_author_prior_comments_story,full,-0.4788498764677201,2556
upvotes__hidden__unpinned,upvotes,hidden,False,True,log_hours_since_article,full,-0.26372177079923187,2556
upvotes__hidden__unpinned,upvotes,hidden,False,True,log_words,full,0.16326589924475315,2556
upvotes__hidden__unpinned,upvotes,hidden,False,True,novelty_prior_all_model,full,0.0009650266697847872,2556
upvotes__hidden__unpinned,upvotes,hidden,False,True,prior_reply_composition,full,-0.23705435949327183,2556
upvotes__hidden__unpinned,upvotes,hidden,False,True,reading_level_length_adjusted,full,0.026411920867658745,2556
upvotes__hidden__unpinned,upvotes,hidden,False,True,reply_depth_centered,full,0.10968006040513086,2556
upvotes__hidden__unpinned,upvotes,hidden,False,True,sentiment_negative,full,0.056644840662192185,2556
upvotes__hidden__unpinned,upvotes,hidden,False,True,sentiment_positive,full,-0.022804228770830028,2556
upvotes__hidden__unpinned,upvotes,hidden,False,True,toxicity_probability,full,0.0698642769786488,2556
upvotes__hidden__unpinned,upvotes,hidden,False,True,url_present,full,-0.07939049206315832,2556
upvotes__hidden__unpinned,upvotes,hidden,False,True,vienna_overnight,full,-0.09186600835700515,2556
upvotes__hidden__unpinned,upvotes,hidden,False,True,vienna_weekday_shoulder_evening,full,-0.06665311896947484,2556
upvotes__hidden__unpinned,upvotes,hidden,False,True,vienna_weekend_day_evening,full,-0.13111301059295818,2556
upvotes__loose__pinned,upvotes,loose,True,True,aqua_additional_knowledge_expected,full,0.09800814914462758,2556
upvotes__loose__pinned,upvotes,loose,True,True,aqua_discrimination_expected,full,0.09775591919625355,2556
upvotes__loose__pinned,upvotes,loose,True,True,aqua_fact_expected,full,0.12762077896319812,2556
upvotes__loose__pinned,upvotes,loose,True,True,aqua_insult_expected,full,0.09739795438133511,2556
upvotes__loose__pinned,upvotes,loose,True,True,aqua_justification_expected,full,0.1328279528806175,2556
upvotes__loose__pinned,upvotes,loose,True,True,aqua_opinion_expected,full,0.07718371212452754,2556
upvotes__loose__pinned,upvotes,loose,True,True,aqua_polite_address_expected,full,0.06749337195407862,2556
upvotes__loose__pinned,upvotes,loose,True,True,aqua_question_expected,full,-0.037720019973033286,2556
upvotes__loose__pinned,upvotes,loose,True,True,aqua_referencing_contents_expected,full,-0.12005125597049907,2556
upvotes__loose__pinned,upvotes,loose,True,True,aqua_referencing_format_expected,full,0.07279586202393054,2556
upvotes__loose__pinned,upvotes,loose,True,True,aqua_referencing_medium_expected,full,0.054713024493231066,2556
upvotes__loose__pinned,upvotes,loose,True,True,aqua_referencing_personal_expected,full,0.019084695849032347,2556
upvotes__loose__pinned,upvotes,loose,True,True,aqua_referencing_users_expected,full,-0.0712365437752924,2556
upvotes__loose__pinned,upvotes,loose,True,True,aqua_relevance_expected,full,0.07001183485870346,2556
upvotes__loose__pinned,upvotes,loose,True,True,aqua_respect_expected,full,0.02099377396490117,2556
upvotes__loose__pinned,upvotes,loose,True,True,aqua_sarcasm_expected,full,0.048431242907448595,2556
upvotes__loose__pinned,upvotes,loose,True,True,aqua_screaming_expected,full,0.058684095687698806,2556
upvotes__loose__pinned,upvotes,loose,True,True,aqua_solution_proposal_expected,full,0.10322547913874765,2556
upvotes__loose__pinned,upvotes,loose,True,True,aqua_storytelling_expected,full,0.08171279605560215,2556
upvotes__loose__pinned,upvotes,loose,True,True,aqua_vulgarity_expected,full,0.10327333779216939,2556
upvotes__loose__pinned,upvotes,loose,True,True,article_similarity_top3,full,0.20773862486584296,2556
upvotes__loose__pinned,upvotes,loose,True,True,author_prior_30d_downvote_reception,full,0.05580243311880946,2556
upvotes__loose__pinned,upvotes,loose,True,True,author_prior_30d_upvote_reception,full,0.20282240626356776,2556
upvotes__loose__pinned,upvotes,loose,True,True,discussion_pace,full,0.06840028435652182,2556
upvotes__loose__pinned,upvotes,loose,True,True,is_reply,full,-0.7432190379527589,2556
upvotes__loose__pinned,upvotes,loose,True,True,lexdiv_length_adjusted,full,0.029395019777928893,2556
upvotes__loose__pinned,upvotes,loose,True,True,log_author_prior_30d_comments,full,-0.056811628659736366,2556
upvotes__loose__pinned,upvotes,loose,True,True,log_author_prior_comments_story,full,-0.4454997194862374,2556
upvotes__loose__pinned,upvotes,loose,True,True,log_hours_since_article,full,-0.410862835406709,2556
upvotes__loose__pinned,upvotes,loose,True,True,log_words,full,0.13557964119340035,2556
upvotes__loose__pinned,upvotes,loose,True,True,novelty_prior_all_model,full,0.03373132953101184,2556
upvotes__loose__pinned,upvotes,loose,True,True,prior_reply_composition,full,-0.3882980043282468,2556
upvotes__loose__pinned,upvotes,loose,True,True,reading_level_length_adjusted,full,0.03197426148448173,2556
upvotes__loose__pinned,upvotes,loose,True,True,reply_depth_centered,full,-0.1653461875863394,2556
upvotes__loose__pinned,upvotes,loose,True,True,sentiment_negative,full,0.06336606409874451,2556
upvotes__loose__pinned,upvotes,loose,True,True,sentiment_positive,full,-0.02003408346525147,2556
upvotes__loose__pinned,upvotes,loose,True,True,toxicity_probability,full,0.11918659725262876,2556
upvotes__loose__pinned,upvotes,loose,True,True,url_present,full,-0.10540828930066114,2556
upvotes__loose__pinned,upvotes,loose,True,True,vienna_overnight,full,-0.11752032214649089,2556
upvotes__loose__pinned,upvotes,loose,True,True,vienna_weekday_shoulder_evening,full,-0.09065038199263657,2556
upvotes__loose__pinned,upvotes,loose,True,True,vienna_weekend_day_evening,full,-0.1979522545595071,2556
upvotes__loose__unpinned,upvotes,loose,False,True,aqua_additional_knowledge_expected,full,0.10909441614300472,2556
upvotes__loose__unpinned,upvotes,loose,False,True,aqua_discrimination_expected,full,0.12446224944140674,2556
upvotes__loose__unpinned,upvotes,loose,False,True,aqua_fact_expected,full,0.1505666817431589,2556
upvotes__loose__unpinned,upvotes,loose,False,True,aqua_insult_expected,full,0.11081202383448321,2556
upvotes__loose__unpinned,upvotes,loose,False,True,aqua_justification_expected,full,0.162186370658185,2556
upvotes__loose__unpinned,upvotes,loose,False,True,aqua_opinion_expected,full,0.09881934839875334,2556
upvotes__loose__unpinned,upvotes,loose,False,True,aqua_polite_address_expected,full,0.0730206474248286,2556
upvotes__loose__unpinned,upvotes,loose,False,True,aqua_question_expected,full,-0.06030130454949121,2556
upvotes__loose__unpinned,upvotes,loose,False,True,aqua_referencing_contents_expected,full,-0.11740835940025758,2556
upvotes__loose__unpinned,upvotes,loose,False,True,aqua_referencing_format_expected,full,0.07013377978911636,2556
upvotes__loose__unpinned,upvotes,loose,False,True,aqua_referencing_medium_expected,full,0.0550474486311316,2556
upvotes__loose__unpinned,upvotes,loose,False,True,aqua_referencing_personal_expected,full,0.01103313353244128,2556
upvotes__loose__unpinned,upvotes,loose,False,True,aqua_referencing_users_expected,full,-0.07425656103222826,2556
upvotes__loose__unpinned,upvotes,loose,False,True,aqua_relevance_expected,full,0.10034312777984895,2556
upvotes__loose__unpinned,upvotes,loose,False,True,aqua_respect_expected,full,0.027747727654965477,2556
upvotes__loose__unpinned,upvotes,loose,False,True,aqua_sarcasm_expected,full,0.04982904579773966,2556
upvotes__loose__unpinned,upvotes,loose,False,True,aqua_screaming_expected,full,0.06127621761378396,2556
upvotes__loose__unpinned,upvotes,loose,False,True,aqua_solution_proposal_expected,full,0.12729914751302626,2556
upvotes__loose__unpinned,upvotes,loose,False,True,aqua_storytelling_expected,full,0.09996767668953639,2556
upvotes__loose__unpinned,upvotes,loose,False,True,aqua_vulgarity_expected,full,0.1101391806434896,2556
upvotes__loose__unpinned,upvotes,loose,False,True,article_similarity_top3,full,0.21289126308926698,2556
upvotes__loose__unpinned,upvotes,loose,False,True,author_prior_30d_downvote_reception,full,0.036770743596820435,2556
upvotes__loose__unpinned,upvotes,loose,False,True,author_prior_30d_upvote_reception,full,0.21779602825870983,2556
upvotes__loose__unpinned,upvotes,loose,False,True,discussion_pace,full,0.1090534151420416,2556
upvotes__loose__unpinned,upvotes,loose,False,True,is_reply,full,-0.6204462866203465,2556
upvotes__loose__unpinned,upvotes,loose,False,True,lexdiv_length_adjusted,full,0.02646862816416342,2556
upvotes__loose__unpinned,upvotes,loose,False,True,log_author_prior_30d_comments,full,-0.06764600025468544,2556
upvotes__loose__unpinned,upvotes,loose,False,True,log_author_prior_comments_story,full,-0.49716223740710613,2556
upvotes__loose__unpinned,upvotes,loose,False,True,log_hours_since_article,full,-0.4557503014142191,2556
upvotes__loose__unpinned,upvotes,loose,False,True,log_words,full,0.15841346443856993,2556
upvotes__loose__unpinned,upvotes,loose,False,True,novelty_prior_all_model,full,0.021640633207711108,2556
upvotes__loose__unpinned,upvotes,loose,False,True,prior_reply_composition,full,-0.42240251504203374,2556
upvotes__loose__unpinned,upvotes,loose,False,True,reading_level_length_adjusted,full,0.032802866334650474,2556
upvotes__loose__unpinned,upvotes,loose,False,True,reply_depth_centered,full,-0.22902723704516018,2556
upvotes__loose__unpinned,upvotes,loose,False,True,sentiment_negative,full,0.07591747920030738,2556
upvotes__loose__unpinned,upvotes,loose,False,True,sentiment_positive,full,-0.01753203347526436,2556
upvotes__loose__unpinned,upvotes,loose,False,True,toxicity_probability,full,0.13833804766575322,2556
upvotes__loose__unpinned,upvotes,loose,False,True,url_present,full,-0.1497107351936,2556
upvotes__loose__unpinned,upvotes,loose,False,True,vienna_overnight,full,-0.11791881717573832,2556
upvotes__loose__unpinned,upvotes,loose,False,True,vienna_weekday_shoulder_evening,full,-0.09413257478119492,2556
upvotes__loose__unpinned,upvotes,loose,False,True,vienna_weekend_day_evening,full,-0.2337614247482828,2556
upvotes__trees__pinned,upvotes,trees,True,True,aqua_additional_knowledge_expected,full,0.025996388753665996,2556
upvotes__trees__pinned,upvotes,trees,True,True,aqua_discrimination_expected,full,0.043820837577827246,2556
upvotes__trees__pinned,upvotes,trees,True,True,aqua_fact_expected,full,0.03680890871961856,2556
upvotes__trees__pinned,upvotes,trees,True,True,aqua_insult_expected,full,0.042831229416354345,2556
upvotes__trees__pinned,upvotes,trees,True,True,aqua_justification_expected,full,0.04833490483434919,2556
upvotes__trees__pinned,upvotes,trees,True,True,aqua_opinion_expected,full,0.049961188313442886,2556
upvotes__trees__pinned,upvotes,trees,True,True,aqua_polite_address_expected,full,0.041025619981702045,2556
upvotes__trees__pinned,upvotes,trees,True,True,aqua_question_expected,full,-0.03920735605130034,2556
upvotes__trees__pinned,upvotes,trees,True,True,aqua_referencing_contents_expected,full,-0.02775674835174035,2556
upvotes__trees__pinned,upvotes,trees,True,True,aqua_referencing_format_expected,full,0.019857031866932464,2556
upvotes__trees__pinned,upvotes,trees,True,True,aqua_referencing_medium_expected,full,0.023003932459580257,2556
upvotes__trees__pinned,upvotes,trees,True,True,aqua_referencing_personal_expected,full,-0.0023832126099828936,2556
upvotes__trees__pinned,upvotes,trees,True,True,aqua_referencing_users_expected,full,-0.01273995971565497,2556
upvotes__trees__pinned,upvotes,trees,True,True,aqua_relevance_expected,full,0.02218662001008795,2556
upvotes__trees__pinned,upvotes,trees,True,True,aqua_respect_expected,full,0.030124237857903583,2556
upvotes__trees__pinned,upvotes,trees,True,True,aqua_sarcasm_expected,full,0.013564911935035872,2556
upvotes__trees__pinned,upvotes,trees,True,True,aqua_screaming_expected,full,0.01388235977199781,2556
upvotes__trees__pinned,upvotes,trees,True,True,aqua_solution_proposal_expected,full,0.03319403005535298,2556
upvotes__trees__pinned,upvotes,trees,True,True,aqua_storytelling_expected,full,0.0384023219858259,2556
upvotes__trees__pinned,upvotes,trees,True,True,aqua_vulgarity_expected,full,0.037662991810290945,2556
upvotes__trees__pinned,upvotes,trees,True,True,article_similarity_top3,full,0.05244572865112228,2556
upvotes__trees__pinned,upvotes,trees,True,True,author_prior_30d_downvote_reception,full,0.013594559438310817,2556
upvotes__trees__pinned,upvotes,trees,True,True,author_prior_30d_upvote_reception,full,0.103657623018278,2556
upvotes__trees__pinned,upvotes,trees,True,True,discussion_pace,full,0.049759174869641216,2556
upvotes__trees__pinned,upvotes,trees,True,True,is_reply,full,-0.24898113861115134,2556
upvotes__trees__pinned,upvotes,trees,True,True,lexdiv_length_adjusted,full,0.012354574143820966,2556
upvotes__trees__pinned,upvotes,trees,True,True,log_author_prior_30d_comments,full,0.001181216543620711,2556
upvotes__trees__pinned,upvotes,trees,True,True,log_author_prior_comments_story,full,-0.08465093121199303,2556
upvotes__trees__pinned,upvotes,trees,True,True,log_hours_since_article,full,-0.26904475835172803,2556
upvotes__trees__pinned,upvotes,trees,True,True,log_words,full,0.04670459575620385,2556
upvotes__trees__pinned,upvotes,trees,True,True,novelty_prior_all_model,full,0.034129596739929366,2556
upvotes__trees__pinned,upvotes,trees,True,True,prior_reply_composition,full,-0.2506727125115688,2556
upvotes__trees__pinned,upvotes,trees,True,True,reading_level_length_adjusted,full,0.008794523386436168,2556
upvotes__trees__pinned,upvotes,trees,True,True,reply_depth_centered,full,-0.032862434640256434,2556
upvotes__trees__pinned,upvotes,trees,True,True,sentiment_negative,full,0.027001157135591283,2556
upvotes__trees__pinned,upvotes,trees,True,True,sentiment_positive,full,0.0058390002000712786,2556
upvotes__trees__pinned,upvotes,trees,True,True,toxicity_probability,full,0.06876270454283026,2556
upvotes__trees__pinned,upvotes,trees,True,True,url_present,full,-0.1092069744637793,2556
upvotes__trees__pinned,upvotes,trees,True,True,vienna_overnight,full,-0.09043437964387058,2556
upvotes__trees__pinned,upvotes,trees,True,True,vienna_weekday_shoulder_evening,full,-0.050716910137693284,2556
upvotes__trees__pinned,upvotes,trees,True,True,vienna_weekend_day_evening,full,-0.1354922297305251,2556
upvotes__trees__unpinned,upvotes,trees,False,True,aqua_additional_knowledge_expected,full,0.004689163275342094,2556
upvotes__trees__unpinned,upvotes,trees,False,True,aqua_discrimination_expected,full,0.05042495914217235,2556
upvotes__trees__unpinned,upvotes,trees,False,True,aqua_fact_expected,full,0.026953582974472954,2556
upvotes__trees__unpinned,upvotes,trees,False,True,aqua_insult_expected,full,0.02672108027856511,2556
upvotes__trees__unpinned,upvotes,trees,False,True,aqua_justification_expected,full,0.04984718326829174,2556
upvotes__trees__unpinned,upvotes,trees,False,True,aqua_opinion_expected,full,0.060310606631420696,2556
upvotes__trees__unpinned,upvotes,trees,False,True,aqua_polite_address_expected,full,0.02383501590080033,2556
upvotes__trees__unpinned,upvotes,trees,False,True,aqua_question_expected,full,-0.05455740145036679,2556
upvotes__trees__unpinned,upvotes,trees,False,True,aqua_referencing_contents_expected,full,0.018491859064029403,2556
upvotes__trees__unpinned,upvotes,trees,False,True,aqua_referencing_format_expected,full,-0.010994220314582087,2556
upvotes__trees__unpinned,upvotes,trees,False,True,aqua_referencing_medium_expected,full,0.004198936171560783,2556
upvotes__trees__unpinned,upvotes,trees,False,True,aqua_referencing_personal_expected,full,-0.02149980254803992,2556
upvotes__trees__unpinned,upvotes,trees,False,True,aqua_referencing_users_expected,full,0.011802351346642516,2556
upvotes__trees__unpinned,upvotes,trees,False,True,aqua_relevance_expected,full,0.0428511001724233,2556
upvotes__trees__unpinned,upvotes,trees,False,True,aqua_respect_expected,full,0.033718796194460346,2556
upvotes__trees__unpinned,upvotes,trees,False,True,aqua_sarcasm_expected,full,-0.001837227028651544,2556
upvotes__trees__unpinned,upvotes,trees,False,True,aqua_screaming_expected,full,-0.010303010642483785,2556
upvotes__trees__unpinned,upvotes,trees,False,True,aqua_solution_proposal_expected,full,0.0327477220247076,2556
upvotes__trees__unpinned,upvotes,trees,False,True,aqua_storytelling_expected,full,0.038088374644935544,2556
upvotes__trees__unpinned,upvotes,trees,False,True,aqua_vulgarity_expected,full,0.009709790526594889,2556
upvotes__trees__unpinned,upvotes,trees,False,True,article_similarity_top3,full,-0.015340133726193564,2556
upvotes__trees__unpinned,upvotes,trees,False,True,author_prior_30d_downvote_reception,full,-0.0306557803593152,2556
upvotes__trees__unpinned,upvotes,trees,False,True,author_prior_30d_upvote_reception,full,0.04724110489539126,2556
upvotes__trees__unpinned,upvotes,trees,False,True,discussion_pace,full,0.03161771539287027,2556
upvotes__trees__unpinned,upvotes,trees,False,True,is_reply,full,0.24623477319379108,2556
upvotes__trees__unpinned,upvotes,trees,False,True,lexdiv_length_adjusted,full,-0.0023476131268247305,2556
upvotes__trees__unpinned,upvotes,trees,False,True,log_author_prior_30d_comments,full,0.012138257917743051,2556
upvotes__trees__unpinned,upvotes,trees,False,True,log_author_prior_comments_story,full,0.006260673746638889,2556
upvotes__trees__unpinned,upvotes,trees,False,True,log_hours_since_article,full,-0.13168581158750803,2556
upvotes__trees__unpinned,upvotes,trees,False,True,log_words,full,0.037216911500031744,2556
upvotes__trees__unpinned,upvotes,trees,False,True,novelty_prior_all_model,full,-0.008035870744894055,2556
upvotes__trees__unpinned,upvotes,trees,False,True,prior_reply_composition,full,-0.12243256289933915,2556
upvotes__trees__unpinned,upvotes,trees,False,True,reading_level_length_adjusted,full,-0.00528472376917509,2556
upvotes__trees__unpinned,upvotes,trees,False,True,reply_depth_centered,full,0.004745031013106921,2556
upvotes__trees__unpinned,upvotes,trees,False,True,sentiment_negative,full,0.02277237573954413,2556
upvotes__trees__unpinned,upvotes,trees,False,True,sentiment_positive,full,0.010418277801257097,2556
upvotes__trees__unpinned,upvotes,trees,False,True,toxicity_probability,full,0.04397691549303501,2556
upvotes__trees__unpinned,upvotes,trees,False,True,url_present,full,-0.1444458024534922,2556
upvotes__trees__unpinned,upvotes,trees,False,True,vienna_overnight,full,-0.022780919158978764,2556
upvotes__trees__unpinned,upvotes,trees,False,True,vienna_weekday_shoulder_evening,full,-0.02053210849773294,2556
upvotes__trees__unpinned,upvotes,trees,False,True,vienna_weekend_day_evening,full,-0.08204805336095827,2556
xgb_metadata_audience__hidden__pinned,xgb_metadata_audience,hidden,True,True,aqua_additional_knowledge_expected,full,0.15221374984701172,2556
xgb_metadata_audience__hidden__pinned,xgb_metadata_audience,hidden,True,True,aqua_discrimination_expected,full,0.11603194171416428,2556
xgb_metadata_audience__hidden__pinned,xgb_metadata_audience,hidden,True,True,aqua_fact_expected,full,0.1752005205616876,2556
xgb_metadata_audience__hidden__pinned,xgb_metadata_audience,hidden,True,True,aqua_insult_expected,full,0.1035872865352982,2556
xgb_metadata_audience__hidden__pinned,xgb_metadata_audience,hidden,True,True,aqua_justification_expected,full,0.20200407792805325,2556
xgb_metadata_audience__hidden__pinned,xgb_metadata_audience,hidden,True,True,aqua_opinion_expected,full,0.11725389771325907,2556
xgb_metadata_audience__hidden__pinned,xgb_metadata_audience,hidden,True,True,aqua_polite_address_expected,full,0.09676279594815577,2556
xgb_metadata_audience__hidden__pinned,xgb_metadata_audience,hidden,True,True,aqua_question_expected,full,-0.05784702672323043,2556
xgb_metadata_audience__hidden__pinned,xgb_metadata_audience,hidden,True,True,aqua_referencing_contents_expected,full,-0.13865629698884885,2556
xgb_metadata_audience__hidden__pinned,xgb_metadata_audience,hidden,True,True,aqua_referencing_format_expected,full,0.1070757588517511,2556
xgb_metadata_audience__hidden__pinned,xgb_metadata_audience,hidden,True,True,aqua_referencing_medium_expected,full,0.07376136550075484,2556
xgb_metadata_audience__hidden__pinned,xgb_metadata_audience,hidden,True,True,aqua_referencing_personal_expected,full,0.037790577295964356,2556
xgb_metadata_audience__hidden__pinned,xgb_metadata_audience,hidden,True,True,aqua_referencing_users_expected,full,-0.0840307116939518,2556
xgb_metadata_audience__hidden__pinned,xgb_metadata_audience,hidden,True,True,aqua_relevance_expected,full,0.10904856539658439,2556
xgb_metadata_audience__hidden__pinned,xgb_metadata_audience,hidden,True,True,aqua_respect_expected,full,0.04123313873742988,2556
xgb_metadata_audience__hidden__pinned,xgb_metadata_audience,hidden,True,True,aqua_sarcasm_expected,full,0.04233605522635335,2556
xgb_metadata_audience__hidden__pinned,xgb_metadata_audience,hidden,True,True,aqua_screaming_expected,full,0.05647046111018667,2556
xgb_metadata_audience__hidden__pinned,xgb_metadata_audience,hidden,True,True,aqua_solution_proposal_expected,full,0.15809965571119972,2556
xgb_metadata_audience__hidden__pinned,xgb_metadata_audience,hidden,True,True,aqua_storytelling_expected,full,0.13900824871259834,2556
xgb_metadata_audience__hidden__pinned,xgb_metadata_audience,hidden,True,True,aqua_vulgarity_expected,full,0.12758111833747665,2556
xgb_metadata_audience__hidden__pinned,xgb_metadata_audience,hidden,True,True,article_similarity_top3,full,0.27931036547236593,2556
xgb_metadata_audience__hidden__pinned,xgb_metadata_audience,hidden,True,True,author_prior_30d_downvote_reception,full,0.09146566295608975,2556
xgb_metadata_audience__hidden__pinned,xgb_metadata_audience,hidden,True,True,author_prior_30d_upvote_reception,full,0.1846162009263101,2556
xgb_metadata_audience__hidden__pinned,xgb_metadata_audience,hidden,True,True,discussion_pace,full,-0.049598282931207396,2556
xgb_metadata_audience__hidden__pinned,xgb_metadata_audience,hidden,True,True,is_reply,full,-0.9995787737231039,2556
xgb_metadata_audience__hidden__pinned,xgb_metadata_audience,hidden,True,True,lexdiv_length_adjusted,full,0.03924302029413632,2556
xgb_metadata_audience__hidden__pinned,xgb_metadata_audience,hidden,True,True,log_author_prior_30d_comments,full,-0.08494450504321975,2556
xgb_metadata_audience__hidden__pinned,xgb_metadata_audience,hidden,True,True,log_author_prior_comments_story,full,-0.48647060491175076,2556
xgb_metadata_audience__hidden__pinned,xgb_metadata_audience,hidden,True,True,log_hours_since_article,full,-0.3137327643278157,2556
xgb_metadata_audience__hidden__pinned,xgb_metadata_audience,hidden,True,True,log_words,full,0.2038789163495137,2556
xgb_metadata_audience__hidden__pinned,xgb_metadata_audience,hidden,True,True,novelty_prior_all_model,full,0.01199341737343763,2556
xgb_metadata_audience__hidden__pinned,xgb_metadata_audience,hidden,True,True,prior_reply_composition,full,-0.28352562211793636,2556
xgb_metadata_audience__hidden__pinned,xgb_metadata_audience,hidden,True,True,reading_level_length_adjusted,full,0.027076446717048723,2556
xgb_metadata_audience__hidden__pinned,xgb_metadata_audience,hidden,True,True,reply_depth_centered,full,0.11158724012081189,2556
xgb_metadata_audience__hidden__pinned,xgb_metadata_audience,hidden,True,True,sentiment_negative,full,0.04658143646308377,2556
xgb_metadata_audience__hidden__pinned,xgb_metadata_audience,hidden,True,True,sentiment_positive,full,-0.007999305848074451,2556
xgb_metadata_audience__hidden__pinned,xgb_metadata_audience,hidden,True,True,toxicity_probability,full,0.0515110191192421,2556
xgb_metadata_audience__hidden__pinned,xgb_metadata_audience,hidden,True,True,url_present,full,-0.031390680082715845,2556
xgb_metadata_audience__hidden__pinned,xgb_metadata_audience,hidden,True,True,vienna_overnight,full,-0.12923206695955794,2556
xgb_metadata_audience__hidden__pinned,xgb_metadata_audience,hidden,True,True,vienna_weekday_shoulder_evening,full,-0.08615662551909711,2556
xgb_metadata_audience__hidden__pinned,xgb_metadata_audience,hidden,True,True,vienna_weekend_day_evening,full,-0.13243797065149537,2556
xgb_metadata_audience__hidden__unpinned,xgb_metadata_audience,hidden,False,True,aqua_additional_knowledge_expected,full,0.15508677246248437,2556
xgb_metadata_audience__hidden__unpinned,xgb_metadata_audience,hidden,False,True,aqua_discrimination_expected,full,0.11916488448545416,2556
xgb_metadata_audience__hidden__unpinned,xgb_metadata_audience,hidden,False,True,aqua_fact_expected,full,0.17835477245759282,2556
xgb_metadata_audience__hidden__unpinned,xgb_metadata_audience,hidden,False,True,aqua_insult_expected,full,0.10550827161191913,2556
xgb_metadata_audience__hidden__unpinned,xgb_metadata_audience,hidden,False,True,aqua_justification_expected,full,0.20828055546916752,2556
xgb_metadata_audience__hidden__unpinned,xgb_metadata_audience,hidden,False,True,aqua_opinion_expected,full,0.12327864949759991,2556
xgb_metadata_audience__hidden__unpinned,xgb_metadata_audience,hidden,False,True,aqua_polite_address_expected,full,0.09909561007781266,2556
xgb_metadata_audience__hidden__unpinned,xgb_metadata_audience,hidden,False,True,aqua_question_expected,full,-0.06088171026579834,2556
xgb_metadata_audience__hidden__unpinned,xgb_metadata_audience,hidden,False,True,aqua_referencing_contents_expected,full,-0.1379915429697583,2556
xgb_metadata_audience__hidden__unpinned,xgb_metadata_audience,hidden,False,True,aqua_referencing_format_expected,full,0.10827313320754865,2556
xgb_metadata_audience__hidden__unpinned,xgb_metadata_audience,hidden,False,True,aqua_referencing_medium_expected,full,0.07548485598499233,2556
xgb_metadata_audience__hidden__unpinned,xgb_metadata_audience,hidden,False,True,aqua_referencing_personal_expected,full,0.038367624802455064,2556
xgb_metadata_audience__hidden__unpinned,xgb_metadata_audience,hidden,False,True,aqua_referencing_users_expected,full,-0.08287234863453091,2556
xgb_metadata_audience__hidden__unpinned,xgb_metadata_audience,hidden,False,True,aqua_relevance_expected,full,0.11262232405824651,2556
xgb_metadata_audience__hidden__unpinned,xgb_metadata_audience,hidden,False,True,aqua_respect_expected,full,0.04380940202522951,2556
xgb_metadata_audience__hidden__unpinned,xgb_metadata_audience,hidden,False,True,aqua_sarcasm_expected,full,0.04166253336468936,2556
xgb_metadata_audience__hidden__unpinned,xgb_metadata_audience,hidden,False,True,aqua_screaming_expected,full,0.05662013016846251,2556
xgb_metadata_audience__hidden__unpinned,xgb_metadata_audience,hidden,False,True,aqua_solution_proposal_expected,full,0.16220364214679223,2556
xgb_metadata_audience__hidden__unpinned,xgb_metadata_audience,hidden,False,True,aqua_storytelling_expected,full,0.14415707727459154,2556
xgb_metadata_audience__hidden__unpinned,xgb_metadata_audience,hidden,False,True,aqua_vulgarity_expected,full,0.12976909497871048,2556
xgb_metadata_audience__hidden__unpinned,xgb_metadata_audience,hidden,False,True,article_similarity_top3,full,0.28214446629329515,2556
xgb_metadata_audience__hidden__unpinned,xgb_metadata_audience,hidden,False,True,author_prior_30d_downvote_reception,full,0.09115865485995646,2556
xgb_metadata_audience__hidden__unpinned,xgb_metadata_audience,hidden,False,True,author_prior_30d_upvote_reception,full,0.18913112431095958,2556
xgb_metadata_audience__hidden__unpinned,xgb_metadata_audience,hidden,False,True,discussion_pace,full,-0.06109290673411625,2556
xgb_metadata_audience__hidden__unpinned,xgb_metadata_audience,hidden,False,True,is_reply,full,-0.9996672855057167,2556
xgb_metadata_audience__hidden__unpinned,xgb_metadata_audience,hidden,False,True,lexdiv_length_adjusted,full,0.039473922343383115,2556
xgb_metadata_audience__hidden__unpinned,xgb_metadata_audience,hidden,False,True,log_author_prior_30d_comments,full,-0.084904886925258,2556
xgb_metadata_audience__hidden__unpinned,xgb_metadata_audience,hidden,False,True,log_author_prior_comments_story,full,-0.48799106583129354,2556
xgb_metadata_audience__hidden__unpinned,xgb_metadata_audience,hidden,False,True,log_hours_since_article,full,-0.3223206889746542,2556
xgb_metadata_audience__hidden__unpinned,xgb_metadata_audience,hidden,False,True,log_words,full,0.20894936629594493,2556
xgb_metadata_audience__hidden__unpinned,xgb_metadata_audience,hidden,False,True,novelty_prior_all_model,full,0.01465930882834773,2556
xgb_metadata_audience__hidden__unpinned,xgb_metadata_audience,hidden,False,True,prior_reply_composition,full,-0.2902188243745357,2556
xgb_metadata_audience__hidden__unpinned,xgb_metadata_audience,hidden,False,True,reading_level_length_adjusted,full,0.026565116708575743,2556
xgb_metadata_audience__hidden__unpinned,xgb_metadata_audience,hidden,False,True,reply_depth_centered,full,0.11259521032298044,2556
xgb_metadata_audience__hidden__unpinned,xgb_metadata_audience,hidden,False,True,sentiment_negative,full,0.04860904568889069,2556
xgb_metadata_audience__hidden__unpinned,xgb_metadata_audience,hidden,False,True,sentiment_positive,full,-0.00706524701413148,2556
xgb_metadata_audience__hidden__unpinned,xgb_metadata_audience,hidden,False,True,toxicity_probability,full,0.05479486759582519,2556
xgb_metadata_audience__hidden__unpinned,xgb_metadata_audience,hidden,False,True,url_present,full,-0.03707331309342966,2556
xgb_metadata_audience__hidden__unpinned,xgb_metadata_audience,hidden,False,True,vienna_overnight,full,-0.1273198204308412,2556
xgb_metadata_audience__hidden__unpinned,xgb_metadata_audience,hidden,False,True,vienna_weekday_shoulder_evening,full,-0.08674147688496561,2556
xgb_metadata_audience__hidden__unpinned,xgb_metadata_audience,hidden,False,True,vienna_weekend_day_evening,full,-0.13261410113713126,2556
xgb_metadata_audience__loose__pinned,xgb_metadata_audience,loose,True,True,aqua_additional_knowledge_expected,full,0.18340325494352624,2556
xgb_metadata_audience__loose__pinned,xgb_metadata_audience,loose,True,True,aqua_discrimination_expected,full,0.13744887301018754,2556
xgb_metadata_audience__loose__pinned,xgb_metadata_audience,loose,True,True,aqua_fact_expected,full,0.20784414264131526,2556
xgb_metadata_audience__loose__pinned,xgb_metadata_audience,loose,True,True,aqua_insult_expected,full,0.11318315293625049,2556
xgb_metadata_audience__loose__pinned,xgb_metadata_audience,loose,True,True,aqua_justification_expected,full,0.22713865367944747,2556
xgb_metadata_audience__loose__pinned,xgb_metadata_audience,loose,True,True,aqua_opinion_expected,full,0.11874647743097369,2556
xgb_metadata_audience__loose__pinned,xgb_metadata_audience,loose,True,True,aqua_polite_address_expected,full,0.11366711942025085,2556
xgb_metadata_audience__loose__pinned,xgb_metadata_audience,loose,True,True,aqua_question_expected,full,-0.06073964869249833,2556
xgb_metadata_audience__loose__pinned,xgb_metadata_audience,loose,True,True,aqua_referencing_contents_expected,full,-0.15928554918449733,2556
xgb_metadata_audience__loose__pinned,xgb_metadata_audience,loose,True,True,aqua_referencing_format_expected,full,0.1152164570830703,2556
xgb_metadata_audience__loose__pinned,xgb_metadata_audience,loose,True,True,aqua_referencing_medium_expected,full,0.09426634812478203,2556
xgb_metadata_audience__loose__pinned,xgb_metadata_audience,loose,True,True,aqua_referencing_personal_expected,full,0.03969113017217446,2556
xgb_metadata_audience__loose__pinned,xgb_metadata_audience,loose,True,True,aqua_referencing_users_expected,full,-0.10105184701055868,2556
xgb_metadata_audience__loose__pinned,xgb_metadata_audience,loose,True,True,aqua_relevance_expected,full,0.13561406707925583,2556
xgb_metadata_audience__loose__pinned,xgb_metadata_audience,loose,True,True,aqua_respect_expected,full,0.040887834511108556,2556
xgb_metadata_audience__loose__pinned,xgb_metadata_audience,loose,True,True,aqua_sarcasm_expected,full,0.03892782467337247,2556
xgb_metadata_audience__loose__pinned,xgb_metadata_audience,loose,True,True,aqua_screaming_expected,full,0.07321861432996575,2556
xgb_metadata_audience__loose__pinned,xgb_metadata_audience,loose,True,True,aqua_solution_proposal_expected,full,0.1908457662781924,2556
xgb_metadata_audience__loose__pinned,xgb_metadata_audience,loose,True,True,aqua_storytelling_expected,full,0.15594479095504676,2556
xgb_metadata_audience__loose__pinned,xgb_metadata_audience,loose,True,True,aqua_vulgarity_expected,full,0.1325977765857635,2556
xgb_metadata_audience__loose__pinned,xgb_metadata_audience,loose,True,True,article_similarity_top3,full,0.32495505220788296,2556
xgb_metadata_audience__loose__pinned,xgb_metadata_audience,loose,True,True,author_prior_30d_downvote_reception,full,0.0825551816881327,2556
xgb_metadata_audience__loose__pinned,xgb_metadata_audience,loose,True,True,author_prior_30d_upvote_reception,full,0.23396007537870842,2556
xgb_metadata_audience__loose__pinned,xgb_metadata_audience,loose,True,True,discussion_pace,full,0.029746878180088893,2556
xgb_metadata_audience__loose__pinned,xgb_metadata_audience,loose,True,True,is_reply,full,-0.9865473956292917,2556
xgb_metadata_audience__loose__pinned,xgb_metadata_audience,loose,True,True,lexdiv_length_adjusted,full,0.03967379643216007,2556
xgb_metadata_audience__loose__pinned,xgb_metadata_audience,loose,True,True,log_author_prior_30d_comments,full,-0.10022036106818304,2556
xgb_metadata_audience__loose__pinned,xgb_metadata_audience,loose,True,True,log_author_prior_comments_story,full,-0.5739873069415767,2556
xgb_metadata_audience__loose__pinned,xgb_metadata_audience,loose,True,True,log_hours_since_article,full,-0.5196554340295765,2556
xgb_metadata_audience__loose__pinned,xgb_metadata_audience,loose,True,True,log_words,full,0.22962409685853083,2556
xgb_metadata_audience__loose__pinned,xgb_metadata_audience,loose,True,True,novelty_prior_all_model,full,0.04114115280401464,2556
xgb_metadata_audience__loose__pinned,xgb_metadata_audience,loose,True,True,prior_reply_composition,full,-0.5259356276542628,2556
xgb_metadata_audience__loose__pinned,xgb_metadata_audience,loose,True,True,reading_level_length_adjusted,full,0.045148998533983124,2556
xgb_metadata_audience__loose__pinned,xgb_metadata_audience,loose,True,True,reply_depth_centered,full,-0.173611981131258,2556
xgb_metadata_audience__loose__pinned,xgb_metadata_audience,loose,True,True,sentiment_negative,full,0.053458000050827834,2556
xgb_metadata_audience__loose__pinned,xgb_metadata_audience,loose,True,True,sentiment_positive,full,-0.005677765218935312,2556
xgb_metadata_audience__loose__pinned,xgb_metadata_audience,loose,True,True,toxicity_probability,full,0.08151086292212743,2556
xgb_metadata_audience__loose__pinned,xgb_metadata_audience,loose,True,True,url_present,full,0.03083584475425345,2556
xgb_metadata_audience__loose__pinned,xgb_metadata_audience,loose,True,True,vienna_overnight,full,-0.15824573919665855,2556
xgb_metadata_audience__loose__pinned,xgb_metadata_audience,loose,True,True,vienna_weekday_shoulder_evening,full,-0.10668070348239804,2556
xgb_metadata_audience__loose__pinned,xgb_metadata_audience,loose,True,True,vienna_weekend_day_evening,full,-0.18551340922376272,2556
xgb_metadata_audience__loose__unpinned,xgb_metadata_audience,loose,False,True,aqua_additional_knowledge_expected,full,0.2361118778861379,2556
xgb_metadata_audience__loose__unpinned,xgb_metadata_audience,loose,False,True,aqua_discrimination_expected,full,0.1754302086560627,2556
xgb_metadata_audience__loose__unpinned,xgb_metadata_audience,loose,False,True,aqua_fact_expected,full,0.256231600182242,2556
xgb_metadata_audience__loose__unpinned,xgb_metadata_audience,loose,False,True,aqua_insult_expected,full,0.13075818037855982,2556
xgb_metadata_audience__loose__unpinned,xgb_metadata_audience,loose,False,True,aqua_justification_expected,full,0.2861681035145367,2556
xgb_metadata_audience__loose__unpinned,xgb_metadata_audience,loose,False,True,aqua_opinion_expected,full,0.14996560299696657,2556
xgb_metadata_audience__loose__unpinned,xgb_metadata_audience,loose,False,True,aqua_polite_address_expected,full,0.14494999427837843,2556
xgb_metadata_audience__loose__unpinned,xgb_metadata_audience,loose,False,True,aqua_question_expected,full,-0.08705459303524443,2556
xgb_metadata_audience__loose__unpinned,xgb_metadata_audience,loose,False,True,aqua_referencing_contents_expected,full,-0.18070547737586154,2556
xgb_metadata_audience__loose__unpinned,xgb_metadata_audience,loose,False,True,aqua_referencing_format_expected,full,0.12833777677757086,2556
xgb_metadata_audience__loose__unpinned,xgb_metadata_audience,loose,False,True,aqua_referencing_medium_expected,full,0.11339569672806411,2556
xgb_metadata_audience__loose__unpinned,xgb_metadata_audience,loose,False,True,aqua_referencing_personal_expected,full,0.037928774676440256,2556
xgb_metadata_audience__loose__unpinned,xgb_metadata_audience,loose,False,True,aqua_referencing_users_expected,full,-0.11760723029709948,2556
xgb_metadata_audience__loose__unpinned,xgb_metadata_audience,loose,False,True,aqua_relevance_expected,full,0.18369527086102402,2556
xgb_metadata_audience__loose__unpinned,xgb_metadata_audience,loose,False,True,aqua_respect_expected,full,0.054446118735152677,2556
xgb_metadata_audience__loose__unpinned,xgb_metadata_audience,loose,False,True,aqua_sarcasm_expected,full,0.03412384838449653,2556
xgb_metadata_audience__loose__unpinned,xgb_metadata_audience,loose,False,True,aqua_screaming_expected,full,0.08136940804464143,2556
xgb_metadata_audience__loose__unpinned,xgb_metadata_audience,loose,False,True,aqua_solution_proposal_expected,full,0.25156866629233604,2556
xgb_metadata_audience__loose__unpinned,xgb_metadata_audience,loose,False,True,aqua_storytelling_expected,full,0.21120315001191556,2556
xgb_metadata_audience__loose__unpinned,xgb_metadata_audience,loose,False,True,aqua_vulgarity_expected,full,0.15002927537266608,2556
xgb_metadata_audience__loose__unpinned,xgb_metadata_audience,loose,False,True,article_similarity_top3,full,0.37949778412575697,2556
xgb_metadata_audience__loose__unpinned,xgb_metadata_audience,loose,False,True,author_prior_30d_downvote_reception,full,0.07481419242889494,2556
xgb_metadata_audience__loose__unpinned,xgb_metadata_audience,loose,False,True,author_prior_30d_upvote_reception,full,0.27166145640207745,2556
xgb_metadata_audience__loose__unpinned,xgb_metadata_audience,loose,False,True,discussion_pace,full,0.07999104904691777,2556
xgb_metadata_audience__loose__unpinned,xgb_metadata_audience,loose,False,True,is_reply,full,-0.9859815945758726,2556
xgb_metadata_audience__loose__unpinned,xgb_metadata_audience,loose,False,True,lexdiv_length_adjusted,full,0.04003991318931169,2556
xgb_metadata_audience__loose__unpinned,xgb_metadata_audience,loose,False,True,log_author_prior_30d_comments,full,-0.13153993432207262,2556
xgb_metadata_audience__loose__unpinned,xgb_metadata_audience,loose,False,True,log_author_prior_comments_story,full,-0.6753646376131086,2556
xgb_metadata_audience__loose__unpinned,xgb_metadata_audience,loose,False,True,log_hours_since_article,full,-0.6248114032521583,2556
xgb_metadata_audience__loose__unpinned,xgb_metadata_audience,loose,False,True,log_words,full,0.28370479802960175,2556
xgb_metadata_audience__loose__unpinned,xgb_metadata_audience,loose,False,True,novelty_prior_all_model,full,0.03291141972372345,2556
xgb_metadata_audience__loose__unpinned,xgb_metadata_audience,loose,False,True,prior_reply_composition,full,-0.6468096358114664,2556
xgb_metadata_audience__loose__unpinned,xgb_metadata_audience,loose,False,True,reading_level_length_adjusted,full,0.054067022763029625,2556
xgb_metadata_audience__loose__unpinned,xgb_metadata_audience,loose,False,True,reply_depth_centered,full,-0.3024874340462996,2556
xgb_metadata_audience__loose__unpinned,xgb_metadata_audience,loose,False,True,sentiment_negative,full,0.06407509822950873,2556
xgb_metadata_audience__loose__unpinned,xgb_metadata_audience,loose,False,True,sentiment_positive,full,0.0005462641345655737,2556
xgb_metadata_audience__loose__unpinned,xgb_metadata_audience,loose,False,True,toxicity_probability,full,0.09514703872371344,2556
xgb_metadata_audience__loose__unpinned,xgb_metadata_audience,loose,False,True,url_present,full,0.03360656875486196,2556
xgb_metadata_audience__loose__unpinned,xgb_metadata_audience,loose,False,True,vienna_overnight,full,-0.16115824761146091,2556
xgb_metadata_audience__loose__unpinned,xgb_metadata_audience,loose,False,True,vienna_weekday_shoulder_evening,full,-0.10619428914628253,2556
xgb_metadata_audience__loose__unpinned,xgb_metadata_audience,loose,False,True,vienna_weekend_day_evening,full,-0.21559312554645813,2556
xgb_metadata_audience__trees__pinned,xgb_metadata_audience,trees,True,True,aqua_additional_knowledge_expected,full,0.09833981069695281,2556
xgb_metadata_audience__trees__pinned,xgb_metadata_audience,trees,True,True,aqua_discrimination_expected,full,0.08874275310607123,2556
xgb_metadata_audience__trees__pinned,xgb_metadata_audience,trees,True,True,aqua_fact_expected,full,0.10668174716656811,2556
xgb_metadata_audience__trees__pinned,xgb_metadata_audience,trees,True,True,aqua_insult_expected,full,0.050171941193664846,2556
xgb_metadata_audience__trees__pinned,xgb_metadata_audience,trees,True,True,aqua_justification_expected,full,0.14015790815901294,2556
xgb_metadata_audience__trees__pinned,xgb_metadata_audience,trees,True,True,aqua_opinion_expected,full,0.09213095076300809,2556
xgb_metadata_audience__trees__pinned,xgb_metadata_audience,trees,True,True,aqua_polite_address_expected,full,0.09561455407817397,2556
xgb_metadata_audience__trees__pinned,xgb_metadata_audience,trees,True,True,aqua_question_expected,full,-0.05225407087289752,2556
xgb_metadata_audience__trees__pinned,xgb_metadata_audience,trees,True,True,aqua_referencing_contents_expected,full,-0.022739158730581875,2556
xgb_metadata_audience__trees__pinned,xgb_metadata_audience,trees,True,True,aqua_referencing_format_expected,full,0.04877900704324789,2556
xgb_metadata_audience__trees__pinned,xgb_metadata_audience,trees,True,True,aqua_referencing_medium_expected,full,0.04642054936098597,2556
xgb_metadata_audience__trees__pinned,xgb_metadata_audience,trees,True,True,aqua_referencing_personal_expected,full,0.015990274138286284,2556
xgb_metadata_audience__trees__pinned,xgb_metadata_audience,trees,True,True,aqua_referencing_users_expected,full,-0.002391730852009612,2556
xgb_metadata_audience__trees__pinned,xgb_metadata_audience,trees,True,True,aqua_relevance_expected,full,0.09241141022041051,2556
xgb_metadata_audience__trees__pinned,xgb_metadata_audience,trees,True,True,aqua_respect_expected,full,0.04788367063428509,2556
xgb_metadata_audience__trees__pinned,xgb_metadata_audience,trees,True,True,aqua_sarcasm_expected,full,-0.0030530850800603,2556
xgb_metadata_audience__trees__pinned,xgb_metadata_audience,trees,True,True,aqua_screaming_expected,full,-0.002367644408355172,2556
xgb_metadata_audience__trees__pinned,xgb_metadata_audience,trees,True,True,aqua_solution_proposal_expected,full,0.12176119435789658,2556
xgb_metadata_audience__trees__pinned,xgb_metadata_audience,trees,True,True,aqua_storytelling_expected,full,0.11920460035615103,2556
xgb_metadata_audience__trees__pinned,xgb_metadata_audience,trees,True,True,aqua_vulgarity_expected,full,0.04761007184052559,2556
xgb_metadata_audience__trees__pinned,xgb_metadata_audience,trees,True,True,article_similarity_top3,full,0.12437441937367168,2556
xgb_metadata_audience__trees__pinned,xgb_metadata_audience,trees,True,True,author_prior_30d_downvote_reception,full,0.00789854105256199,2556
xgb_metadata_audience__trees__pinned,xgb_metadata_audience,trees,True,True,author_prior_30d_upvote_reception,full,0.13516292383907383,2556
xgb_metadata_audience__trees__pinned,xgb_metadata_audience,trees,True,True,discussion_pace,full,0.03480084126842515,2556
xgb_metadata_audience__trees__pinned,xgb_metadata_audience,trees,True,True,is_reply,full,-0.25832685436002245,2556
xgb_metadata_audience__trees__pinned,xgb_metadata_audience,trees,True,True,lexdiv_length_adjusted,full,0.018805738618190983,2556
xgb_metadata_audience__trees__pinned,xgb_metadata_audience,trees,True,True,log_author_prior_30d_comments,full,0.004839963759700312,2556
xgb_metadata_audience__trees__pinned,xgb_metadata_audience,trees,True,True,log_author_prior_comments_story,full,-0.08844237745077083,2556
xgb_metadata_audience__trees__pinned,xgb_metadata_audience,trees,True,True,log_hours_since_article,full,-0.476013377762152,2556
xgb_metadata_audience__trees__pinned,xgb_metadata_audience,trees,True,True,log_words,full,0.1339594890856331,2556
xgb_metadata_audience__trees__pinned,xgb_metadata_audience,trees,True,True,novelty_prior_all_model,full,0.06931602625138437,2556
xgb_metadata_audience__trees__pinned,xgb_metadata_audience,trees,True,True,prior_reply_composition,full,-0.4900691449140856,2556
xgb_metadata_audience__trees__pinned,xgb_metadata_audience,trees,True,True,reading_level_length_adjusted,full,0.010385418546157425,2556
xgb_metadata_audience__trees__pinned,xgb_metadata_audience,trees,True,True,reply_depth_centered,full,-0.0281218276692836,2556
xgb_metadata_audience__trees__pinned,xgb_metadata_audience,trees,True,True,sentiment_negative,full,0.017618676408790324,2556
xgb_metadata_audience__trees__pinned,xgb_metadata_audience,trees,True,True,sentiment_positive,full,0.010612846140169054,2556
xgb_metadata_audience__trees__pinned,xgb_metadata_audience,trees,True,True,toxicity_probability,full,0.01704646343727997,2556
xgb_metadata_audience__trees__pinned,xgb_metadata_audience,trees,True,True,url_present,full,-0.03918764082673406,2556
xgb_metadata_audience__trees__pinned,xgb_metadata_audience,trees,True,True,vienna_overnight,full,-0.2002292241485578,2556
xgb_metadata_audience__trees__pinned,xgb_metadata_audience,trees,True,True,vienna_weekday_shoulder_evening,full,-0.09220936456466779,2556
xgb_metadata_audience__trees__pinned,xgb_metadata_audience,trees,True,True,vienna_weekend_day_evening,full,-0.1683814239431479,2556
xgb_metadata_audience__trees__unpinned,xgb_metadata_audience,trees,False,True,aqua_additional_knowledge_expected,full,0.1036332536326773,2556
xgb_metadata_audience__trees__unpinned,xgb_metadata_audience,trees,False,True,aqua_discrimination_expected,full,0.1071359028189483,2556
xgb_metadata_audience__trees__unpinned,xgb_metadata_audience,trees,False,True,aqua_fact_expected,full,0.11267328308330543,2556
xgb_metadata_audience__trees__unpinned,xgb_metadata_audience,trees,False,True,aqua_insult_expected,full,0.0411962843736692,2556
xgb_metadata_audience__trees__unpinned,xgb_metadata_audience,trees,False,True,aqua_justification_expected,full,0.16398504641000697,2556
xgb_metadata_audience__trees__unpinned,xgb_metadata_audience,trees,False,True,aqua_opinion_expected,full,0.11522620936674789,2556
xgb_metadata_audience__trees__unpinned,xgb_metadata_audience,trees,False,True,aqua_polite_address_expected,full,0.10654844177808924,2556
xgb_metadata_audience__trees__unpinned,xgb_metadata_audience,trees,False,True,aqua_question_expected,full,-0.0720563824474172,2556
xgb_metadata_audience__trees__unpinned,xgb_metadata_audience,trees,False,True,aqua_referencing_contents_expected,full,0.02056901520152275,2556
xgb_metadata_audience__trees__unpinned,xgb_metadata_audience,trees,False,True,aqua_referencing_format_expected,full,0.029628328029894926,2556
xgb_metadata_audience__trees__unpinned,xgb_metadata_audience,trees,False,True,aqua_referencing_medium_expected,full,0.038341945195668914,2556
xgb_metadata_audience__trees__unpinned,xgb_metadata_audience,trees,False,True,aqua_referencing_personal_expected,full,0.002926565095391943,2556
xgb_metadata_audience__trees__unpinned,xgb_metadata_audience,trees,False,True,aqua_referencing_users_expected,full,0.02443928234727189,2556
xgb_metadata_audience__trees__unpinned,xgb_metadata_audience,trees,False,True,aqua_relevance_expected,full,0.12503564213656707,2556
xgb_metadata_audience__trees__unpinned,xgb_metadata_audience,trees,False,True,aqua_respect_expected,full,0.0601420273886667,2556
xgb_metadata_audience__trees__unpinned,xgb_metadata_audience,trees,False,True,aqua_sarcasm_expected,full,-0.02091827898228993,2556
xgb_metadata_audience__trees__unpinned,xgb_metadata_audience,trees,False,True,aqua_screaming_expected,full,-0.023483235526461053,2556
xgb_metadata_audience__trees__unpinned,xgb_metadata_audience,trees,False,True,aqua_solution_proposal_expected,full,0.14759386949871625,2556
xgb_metadata_audience__trees__unpinned,xgb_metadata_audience,trees,False,True,aqua_storytelling_expected,full,0.1540188008444154,2556
xgb_metadata_audience__trees__unpinned,xgb_metadata_audience,trees,False,True,aqua_vulgarity_expected,full,0.027584175806311607,2556
xgb_metadata_audience__trees__unpinned,xgb_metadata_audience,trees,False,True,article_similarity_top3,full,0.08031555898584297,2556
xgb_metadata_audience__trees__unpinned,xgb_metadata_audience,trees,False,True,author_prior_30d_downvote_reception,full,-0.03378154221799241,2556
xgb_metadata_audience__trees__unpinned,xgb_metadata_audience,trees,False,True,author_prior_30d_upvote_reception,full,0.10173673032303492,2556
xgb_metadata_audience__trees__unpinned,xgb_metadata_audience,trees,False,True,discussion_pace,full,0.02316650364276834,2556
xgb_metadata_audience__trees__unpinned,xgb_metadata_audience,trees,False,True,is_reply,full,0.1759260579725716,2556
xgb_metadata_audience__trees__unpinned,xgb_metadata_audience,trees,False,True,lexdiv_length_adjusted,full,0.007843591298397446,2556
xgb_metadata_audience__trees__unpinned,xgb_metadata_audience,trees,False,True,log_author_prior_30d_comments,full,0.014304827116147242,2556
xgb_metadata_audience__trees__unpinned,xgb_metadata_audience,trees,False,True,log_author_prior_comments_story,full,-0.001851211685110206,2556
xgb_metadata_audience__trees__unpinned,xgb_metadata_audience,trees,False,True,log_hours_since_article,full,-0.4127058062679497,2556
xgb_metadata_audience__trees__unpinned,xgb_metadata_audience,trees,False,True,log_words,full,0.14754452827777845,2556
xgb_metadata_audience__trees__unpinned,xgb_metadata_audience,trees,False,True,novelty_prior_all_model,full,0.040095479635220845,2556
xgb_metadata_audience__trees__unpinned,xgb_metadata_audience,trees,False,True,prior_reply_composition,full,-0.47579958358565616,2556
xgb_metadata_audience__trees__unpinned,xgb_metadata_audience,trees,False,True,reading_level_length_adjusted,full,-0.00046895561331681315,2556
xgb_metadata_audience__trees__unpinned,xgb_metadata_audience,trees,False,True,reply_depth_centered,full,0.0018381652974132376,2556
xgb_metadata_audience__trees__unpinned,xgb_metadata_audience,trees,False,True,sentiment_negative,full,0.012396110827015007,2556
xgb_metadata_audience__trees__unpinned,xgb_metadata_audience,trees,False,True,sentiment_positive,full,0.020408139002339953,2556
xgb_metadata_audience__trees__unpinned,xgb_metadata_audience,trees,False,True,toxicity_probability,full,-0.007847341866595497,2556
xgb_metadata_audience__trees__unpinned,xgb_metadata_audience,trees,False,True,url_present,full,-0.06302288745027086,2556
xgb_metadata_audience__trees__unpinned,xgb_metadata_audience,trees,False,True,vienna_overnight,full,-0.1367914934390349,2556
xgb_metadata_audience__trees__unpinned,xgb_metadata_audience,trees,False,True,vienna_weekday_shoulder_evening,full,-0.061649055460829674,2556
xgb_metadata_audience__trees__unpinned,xgb_metadata_audience,trees,False,True,vienna_weekend_day_evening,full,-0.13185001607337743,2556
xgb_metadata_editor__hidden__pinned,xgb_metadata_editor,hidden,True,True,aqua_additional_knowledge_expected,full,0.1583789037246618,2556
xgb_metadata_editor__hidden__pinned,xgb_metadata_editor,hidden,True,True,aqua_discrimination_expected,full,0.11990126401083939,2556
xgb_metadata_editor__hidden__pinned,xgb_metadata_editor,hidden,True,True,aqua_fact_expected,full,0.1823185249776396,2556
xgb_metadata_editor__hidden__pinned,xgb_metadata_editor,hidden,True,True,aqua_insult_expected,full,0.10455263188258762,2556
xgb_metadata_editor__hidden__pinned,xgb_metadata_editor,hidden,True,True,aqua_justification_expected,full,0.2104260122434223,2556
xgb_metadata_editor__hidden__pinned,xgb_metadata_editor,hidden,True,True,aqua_opinion_expected,full,0.12118529636394959,2556
xgb_metadata_editor__hidden__pinned,xgb_metadata_editor,hidden,True,True,aqua_polite_address_expected,full,0.09997481736194082,2556
xgb_metadata_editor__hidden__pinned,xgb_metadata_editor,hidden,True,True,aqua_question_expected,full,-0.06045201861206957,2556
xgb_metadata_editor__hidden__pinned,xgb_metadata_editor,hidden,True,True,aqua_referencing_contents_expected,full,-0.13850739922981223,2556
xgb_metadata_editor__hidden__pinned,xgb_metadata_editor,hidden,True,True,aqua_referencing_format_expected,full,0.10977592482371414,2556
xgb_metadata_editor__hidden__pinned,xgb_metadata_editor,hidden,True,True,aqua_referencing_medium_expected,full,0.07639573950499946,2556
xgb_metadata_editor__hidden__pinned,xgb_metadata_editor,hidden,True,True,aqua_referencing_personal_expected,full,0.03908271433371693,2556
xgb_metadata_editor__hidden__pinned,xgb_metadata_editor,hidden,True,True,aqua_referencing_users_expected,full,-0.08336735599141977,2556
xgb_metadata_editor__hidden__pinned,xgb_metadata_editor,hidden,True,True,aqua_relevance_expected,full,0.11474698362100347,2556
xgb_metadata_editor__hidden__pinned,xgb_metadata_editor,hidden,True,True,aqua_respect_expected,full,0.04261031807038848,2556
xgb_metadata_editor__hidden__pinned,xgb_metadata_editor,hidden,True,True,aqua_sarcasm_expected,full,0.04122284926783446,2556
xgb_metadata_editor__hidden__pinned,xgb_metadata_editor,hidden,True,True,aqua_screaming_expected,full,0.05686325833428194,2556
xgb_metadata_editor__hidden__pinned,xgb_metadata_editor,hidden,True,True,aqua_solution_proposal_expected,full,0.1650111551291745,2556
xgb_metadata_editor__hidden__pinned,xgb_metadata_editor,hidden,True,True,aqua_storytelling_expected,full,0.14295241204554784,2556
xgb_metadata_editor__hidden__pinned,xgb_metadata_editor,hidden,True,True,aqua_vulgarity_expected,full,0.12876630338142286,2556
xgb_metadata_editor__hidden__pinned,xgb_metadata_editor,hidden,True,True,article_similarity_top3,full,0.285031065920047,2556
xgb_metadata_editor__hidden__pinned,xgb_metadata_editor,hidden,True,True,author_prior_30d_downvote_reception,full,0.09101354907498886,2556
xgb_metadata_editor__hidden__pinned,xgb_metadata_editor,hidden,True,True,author_prior_30d_upvote_reception,full,0.18318296487405605,2556
xgb_metadata_editor__hidden__pinned,xgb_metadata_editor,hidden,True,True,discussion_pace,full,-0.04648866603721981,2556
xgb_metadata_editor__hidden__pinned,xgb_metadata_editor,hidden,True,True,is_reply,full,-0.9997241960680924,2556
xgb_metadata_editor__hidden__pinned,xgb_metadata_editor,hidden,True,True,lexdiv_length_adjusted,full,0.03989638699259281,2556
xgb_metadata_editor__hidden__pinned,xgb_metadata_editor,hidden,True,True,log_author_prior_30d_comments,full,-0.08534058891359102,2556
xgb_metadata_editor__hidden__pinned,xgb_metadata_editor,hidden,True,True,log_author_prior_comments_story,full,-0.48531435376207427,2556
xgb_metadata_editor__hidden__pinned,xgb_metadata_editor,hidden,True,True,log_hours_since_article,full,-0.3068083483925833,2556
xgb_metadata_editor__hidden__pinned,xgb_metadata_editor,hidden,True,True,log_words,full,0.21144170887386143,2556
xgb_metadata_editor__hidden__pinned,xgb_metadata_editor,hidden,True,True,novelty_prior_all_model,full,0.0061246931582100966,2556
xgb_metadata_editor__hidden__pinned,xgb_metadata_editor,hidden,True,True,prior_reply_composition,full,-0.27794549637490656,2556
xgb_metadata_editor__hidden__pinned,xgb_metadata_editor,hidden,True,True,reading_level_length_adjusted,full,0.02758788084350988,2556
xgb_metadata_editor__hidden__pinned,xgb_metadata_editor,hidden,True,True,reply_depth_centered,full,0.11170339336729007,2556
xgb_metadata_editor__hidden__pinned,xgb_metadata_editor,hidden,True,True,sentiment_negative,full,0.04528499096111591,2556
xgb_metadata_editor__hidden__pinned,xgb_metadata_editor,hidden,True,True,sentiment_positive,full,-0.006972718581569324,2556
xgb_metadata_editor__hidden__pinned,xgb_metadata_editor,hidden,True,True,toxicity_probability,full,0.04874554002744248,2556
xgb_metadata_editor__hidden__pinned,xgb_metadata_editor,hidden,True,True,url_present,full,-0.020796651857772352,2556
xgb_metadata_editor__hidden__pinned,xgb_metadata_editor,hidden,True,True,vienna_overnight,full,-0.12492689706771819,2556
xgb_metadata_editor__hidden__pinned,xgb_metadata_editor,hidden,True,True,vienna_weekday_shoulder_evening,full,-0.08486979923876095,2556
xgb_metadata_editor__hidden__pinned,xgb_metadata_editor,hidden,True,True,vienna_weekend_day_evening,full,-0.1316386212554257,2556
xgb_metadata_editor__hidden__unpinned,xgb_metadata_editor,hidden,False,True,aqua_additional_knowledge_expected,full,0.16245058562855252,2556
xgb_metadata_editor__hidden__unpinned,xgb_metadata_editor,hidden,False,True,aqua_discrimination_expected,full,0.1233877838667606,2556
xgb_metadata_editor__hidden__unpinned,xgb_metadata_editor,hidden,False,True,aqua_fact_expected,full,0.18644916335208717,2556
xgb_metadata_editor__hidden__unpinned,xgb_metadata_editor,hidden,False,True,aqua_insult_expected,full,0.10634956029593724,2556
xgb_metadata_editor__hidden__unpinned,xgb_metadata_editor,hidden,False,True,aqua_justification_expected,full,0.21785856470859574,2556
xgb_metadata_editor__hidden__unpinned,xgb_metadata_editor,hidden,False,True,aqua_opinion_expected,full,0.1275113198392135,2556
xgb_metadata_editor__hidden__unpinned,xgb_metadata_editor,hidden,False,True,aqua_polite_address_expected,full,0.10344331698063494,2556
xgb_metadata_editor__hidden__unpinned,xgb_metadata_editor,hidden,False,True,aqua_question_expected,full,-0.0635296639965245,2556
xgb_metadata_editor__hidden__unpinned,xgb_metadata_editor,hidden,False,True,aqua_referencing_contents_expected,full,-0.13785749120163793,2556
xgb_metadata_editor__hidden__unpinned,xgb_metadata_editor,hidden,False,True,aqua_referencing_format_expected,full,0.1115698136636132,2556
xgb_metadata_editor__hidden__unpinned,xgb_metadata_editor,hidden,False,True,aqua_referencing_medium_expected,full,0.07851127222383847,2556
xgb_metadata_editor__hidden__unpinned,xgb_metadata_editor,hidden,False,True,aqua_referencing_personal_expected,full,0.039976484890734194,2556
xgb_metadata_editor__hidden__unpinned,xgb_metadata_editor,hidden,False,True,aqua_referencing_users_expected,full,-0.0818011392161624,2556
xgb_metadata_editor__hidden__unpinned,xgb_metadata_editor,hidden,False,True,aqua_relevance_expected,full,0.11896066360865216,2556
xgb_metadata_editor__hidden__unpinned,xgb_metadata_editor,hidden,False,True,aqua_respect_expected,full,0.04539275587263901,2556
xgb_metadata_editor__hidden__unpinned,xgb_metadata_editor,hidden,False,True,aqua_sarcasm_expected,full,0.04014551503029504,2556
xgb_metadata_editor__hidden__unpinned,xgb_metadata_editor,hidden,False,True,aqua_screaming_expected,full,0.0575076474296208,2556
xgb_metadata_editor__hidden__unpinned,xgb_metadata_editor,hidden,False,True,aqua_solution_proposal_expected,full,0.17041216447511306,2556
xgb_metadata_editor__hidden__unpinned,xgb_metadata_editor,hidden,False,True,aqua_storytelling_expected,full,0.14888422598385503,2556
xgb_metadata_editor__hidden__unpinned,xgb_metadata_editor,hidden,False,True,aqua_vulgarity_expected,full,0.13104637973729308,2556
xgb_metadata_editor__hidden__unpinned,xgb_metadata_editor,hidden,False,True,article_similarity_top3,full,0.2885673380600482,2556
xgb_metadata_editor__hidden__unpinned,xgb_metadata_editor,hidden,False,True,author_prior_30d_downvote_reception,full,0.09075412793544062,2556
xgb_metadata_editor__hidden__unpinned,xgb_metadata_editor,hidden,False,True,author_prior_30d_upvote_reception,full,0.18726827211374591,2556
xgb_metadata_editor__hidden__unpinned,xgb_metadata_editor,hidden,False,True,discussion_pace,full,-0.05642102254211103,2556
xgb_metadata_editor__hidden__unpinned,xgb_metadata_editor,hidden,False,True,is_reply,full,-0.999816343096979,2556
xgb_metadata_editor__hidden__unpinned,xgb_metadata_editor,hidden,False,True,lexdiv_length_adjusted,full,0.04029982879579328,2556
xgb_metadata_editor__hidden__unpinned,xgb_metadata_editor,hidden,False,True,log_author_prior_30d_comments,full,-0.08519934501282263,2556
xgb_metadata_editor__hidden__unpinned,xgb_metadata_editor,hidden,False,True,log_author_prior_comments_story,full,-0.4864995297194138,2556
xgb_metadata_editor__hidden__unpinned,xgb_metadata_editor,hidden,False,True,log_hours_since_article,full,-0.31416754449939893,2556
xgb_metadata_editor__hidden__unpinned,xgb_metadata_editor,hidden,False,True,log_words,full,0.2178151439940655,2556
xgb_metadata_editor__hidden__unpinned,xgb_metadata_editor,hidden,False,True,novelty_prior_all_model,full,0.008004611549002276,2556
xgb_metadata_editor__hidden__unpinned,xgb_metadata_editor,hidden,False,True,prior_reply_composition,full,-0.28377606100679376,2556
xgb_metadata_editor__hidden__unpinned,xgb_metadata_editor,hidden,False,True,reading_level_length_adjusted,full,0.02719059054359835,2556
xgb_metadata_editor__hidden__unpinned,xgb_metadata_editor,hidden,False,True,reply_depth_centered,full,0.1127139775057472,2556
xgb_metadata_editor__hidden__unpinned,xgb_metadata_editor,hidden,False,True,sentiment_negative,full,0.046713243517199535,2556
xgb_metadata_editor__hidden__unpinned,xgb_metadata_editor,hidden,False,True,sentiment_positive,full,-0.005745238218710914,2556
xgb_metadata_editor__hidden__unpinned,xgb_metadata_editor,hidden,False,True,toxicity_probability,full,0.0513125671562593,2556
xgb_metadata_editor__hidden__unpinned,xgb_metadata_editor,hidden,False,True,url_present,full,-0.024000196307335388,2556
xgb_metadata_editor__hidden__unpinned,xgb_metadata_editor,hidden,False,True,vienna_overnight,full,-0.12309230171914722,2556
xgb_metadata_editor__hidden__unpinned,xgb_metadata_editor,hidden,False,True,vienna_weekday_shoulder_evening,full,-0.0851915668419944,2556
xgb_metadata_editor__hidden__unpinned,xgb_metadata_editor,hidden,False,True,vienna_weekend_day_evening,full,-0.1317961400500067,2556
xgb_metadata_editor__loose__pinned,xgb_metadata_editor,loose,True,True,aqua_additional_knowledge_expected,full,0.20021795864995232,2556
xgb_metadata_editor__loose__pinned,xgb_metadata_editor,loose,True,True,aqua_discrimination_expected,full,0.14768177859751477,2556
xgb_metadata_editor__loose__pinned,xgb_metadata_editor,loose,True,True,aqua_fact_expected,full,0.22482993152316755,2556
xgb_metadata_editor__loose__pinned,xgb_metadata_editor,loose,True,True,aqua_insult_expected,full,0.11553858343369079,2556
xgb_metadata_editor__loose__pinned,xgb_metadata_editor,loose,True,True,aqua_justification_expected,full,0.24640859212950292,2556
xgb_metadata_editor__loose__pinned,xgb_metadata_editor,loose,True,True,aqua_opinion_expected,full,0.1284960422236686,2556
xgb_metadata_editor__loose__pinned,xgb_metadata_editor,loose,True,True,aqua_polite_address_expected,full,0.12268523822436217,2556
xgb_metadata_editor__loose__pinned,xgb_metadata_editor,loose,True,True,aqua_question_expected,full,-0.0678345225373654,2556
xgb_metadata_editor__loose__pinned,xgb_metadata_editor,loose,True,True,aqua_referencing_contents_expected,full,-0.15956798727496146,2556
xgb_metadata_editor__loose__pinned,xgb_metadata_editor,loose,True,True,aqua_referencing_format_expected,full,0.12180581999927277,2556
xgb_metadata_editor__loose__pinned,xgb_metadata_editor,loose,True,True,aqua_referencing_medium_expected,full,0.10137037168122034,2556
xgb_metadata_editor__loose__pinned,xgb_metadata_editor,loose,True,True,aqua_referencing_personal_expected,full,0.042015015323719575,2556
xgb_metadata_editor__loose__pinned,xgb_metadata_editor,loose,True,True,aqua_referencing_users_expected,full,-0.10147016694398676,2556
xgb_metadata_editor__loose__pinned,xgb_metadata_editor,loose,True,True,aqua_relevance_expected,full,0.15028990052618918,2556
xgb_metadata_editor__loose__pinned,xgb_metadata_editor,loose,True,True,aqua_respect_expected,full,0.04399960965658357,2556
xgb_metadata_editor__loose__pinned,xgb_metadata_editor,loose,True,True,aqua_sarcasm_expected,full,0.036562637573424685,2556
xgb_metadata_editor__loose__pinned,xgb_metadata_editor,loose,True,True,aqua_screaming_expected,full,0.07393570726041065,2556
xgb_metadata_editor__loose__pinned,xgb_metadata_editor,loose,True,True,aqua_solution_proposal_expected,full,0.2090799864364513,2556
xgb_metadata_editor__loose__pinned,xgb_metadata_editor,loose,True,True,aqua_storytelling_expected,full,0.16592351620868165,2556
xgb_metadata_editor__loose__pinned,xgb_metadata_editor,loose,True,True,aqua_vulgarity_expected,full,0.13471765987633613,2556
xgb_metadata_editor__loose__pinned,xgb_metadata_editor,loose,True,True,article_similarity_top3,full,0.3401027119779687,2556
xgb_metadata_editor__loose__pinned,xgb_metadata_editor,loose,True,True,author_prior_30d_downvote_reception,full,0.08322798133205668,2556
xgb_metadata_editor__loose__pinned,xgb_metadata_editor,loose,True,True,author_prior_30d_upvote_reception,full,0.2288291895236328,2556
xgb_metadata_editor__loose__pinned,xgb_metadata_editor,loose,True,True,discussion_pace,full,0.03467420668231974,2556
xgb_metadata_editor__loose__pinned,xgb_metadata_editor,loose,True,True,is_reply,full,-0.9915959031895876,2556
xgb_metadata_editor__loose__pinned,xgb_metadata_editor,loose,True,True,lexdiv_length_adjusted,full,0.040007459498758016,2556
xgb_metadata_editor__loose__pinned,xgb_metadata_editor,loose,True,True,log_author_prior_30d_comments,full,-0.09901311169611633,2556
xgb_metadata_editor__loose__pinned,xgb_metadata_editor,loose,True,True,log_author_prior_comments_story,full,-0.5681648507311055,2556
xgb_metadata_editor__loose__pinned,xgb_metadata_editor,loose,True,True,log_hours_since_article,full,-0.504440909827559,2556
xgb_metadata_editor__loose__pinned,xgb_metadata_editor,loose,True,True,log_words,full,0.24783056994674665,2556
xgb_metadata_editor__loose__pinned,xgb_metadata_editor,loose,True,True,novelty_prior_all_model,full,0.025533374783432282,2556
xgb_metadata_editor__loose__pinned,xgb_metadata_editor,loose,True,True,prior_reply_composition,full,-0.5086738210679849,2556
xgb_metadata_editor__loose__pinned,xgb_metadata_editor,loose,True,True,reading_level_length_adjusted,full,0.04666334405178131,2556
xgb_metadata_editor__loose__pinned,xgb_metadata_editor,loose,True,True,reply_depth_centered,full,-0.16526514872511056,2556
xgb_metadata_editor__loose__pinned,xgb_metadata_editor,loose,True,True,sentiment_negative,full,0.05149645761847769,2556
xgb_metadata_editor__loose__pinned,xgb_metadata_editor,loose,True,True,sentiment_positive,full,-0.004116266885184033,2556
xgb_metadata_editor__loose__pinned,xgb_metadata_editor,loose,True,True,toxicity_probability,full,0.07231850240372616,2556
xgb_metadata_editor__loose__pinned,xgb_metadata_editor,loose,True,True,url_present,full,0.0653612475067761,2556
xgb_metadata_editor__loose__pinned,xgb_metadata_editor,loose,True,True,vienna_overnight,full,-0.15155313163997056,2556
xgb_metadata_editor__loose__pinned,xgb_metadata_editor,loose,True,True,vienna_weekday_shoulder_evening,full,-0.10489594894968216,2556
xgb_metadata_editor__loose__pinned,xgb_metadata_editor,loose,True,True,vienna_weekend_day_evening,full,-0.18490712893369007,2556
xgb_metadata_editor__loose__unpinned,xgb_metadata_editor,loose,False,True,aqua_additional_knowledge_expected,full,0.2640214559673582,2556
xgb_metadata_editor__loose__unpinned,xgb_metadata_editor,loose,False,True,aqua_discrimination_expected,full,0.19024680879575578,2556
xgb_metadata_editor__loose__unpinned,xgb_metadata_editor,loose,False,True,aqua_fact_expected,full,0.2807466502288105,2556
xgb_metadata_editor__loose__unpinned,xgb_metadata_editor,loose,False,True,aqua_insult_expected,full,0.13350417284958535,2556
xgb_metadata_editor__loose__unpinned,xgb_metadata_editor,loose,False,True,aqua_justification_expected,full,0.31524450127137926,2556
xgb_metadata_editor__loose__unpinned,xgb_metadata_editor,loose,False,True,aqua_opinion_expected,full,0.1651576575244703,2556
xgb_metadata_editor__loose__unpinned,xgb_metadata_editor,loose,False,True,aqua_polite_address_expected,full,0.16043475090800427,2556
xgb_metadata_editor__loose__unpinned,xgb_metadata_editor,loose,False,True,aqua_question_expected,full,-0.0984837274436186,2556
xgb_metadata_editor__loose__unpinned,xgb_metadata_editor,loose,False,True,aqua_referencing_contents_expected,full,-0.18019611656503046,2556
xgb_metadata_editor__loose__unpinned,xgb_metadata_editor,loose,False,True,aqua_referencing_format_expected,full,0.13801205898595229,2556
xgb_metadata_editor__loose__unpinned,xgb_metadata_editor,loose,False,True,aqua_referencing_medium_expected,full,0.12449029169187094,2556
xgb_metadata_editor__loose__unpinned,xgb_metadata_editor,loose,False,True,aqua_referencing_personal_expected,full,0.04070874357938316,2556
xgb_metadata_editor__loose__unpinned,xgb_metadata_editor,loose,False,True,aqua_referencing_users_expected,full,-0.1180408321749578,2556
xgb_metadata_editor__loose__unpinned,xgb_metadata_editor,loose,False,True,aqua_relevance_expected,full,0.20546280058954935,2556
xgb_metadata_editor__loose__unpinned,xgb_metadata_editor,loose,False,True,aqua_respect_expected,full,0.05980000829445316,2556
xgb_metadata_editor__loose__unpinned,xgb_metadata_editor,loose,False,True,aqua_sarcasm_expected,full,0.02954411596427992,2556
xgb_metadata_editor__loose__unpinned,xgb_metadata_editor,loose,False,True,aqua_screaming_expected,full,0.08158013649413562,2556
xgb_metadata_editor__loose__unpinned,xgb_metadata_editor,loose,False,True,aqua_solution_proposal_expected,full,0.2810585764332855,2556
xgb_metadata_editor__loose__unpinned,xgb_metadata_editor,loose,False,True,aqua_storytelling_expected,full,0.2272827591410154,2556
xgb_metadata_editor__loose__unpinned,xgb_metadata_editor,loose,False,True,aqua_vulgarity_expected,full,0.15177503793820246,2556
xgb_metadata_editor__loose__unpinned,xgb_metadata_editor,loose,False,True,article_similarity_top3,full,0.40182145478824166,2556
xgb_metadata_editor__loose__unpinned,xgb_metadata_editor,loose,False,True,author_prior_30d_downvote_reception,full,0.07644825652618811,2556
xgb_metadata_editor__loose__unpinned,xgb_metadata_editor,loose,False,True,author_prior_30d_upvote_reception,full,0.2640461317414149,2556
xgb_metadata_editor__loose__unpinned,xgb_metadata_editor,loose,False,True,discussion_pace,full,0.08686207096368871,2556
xgb_metadata_editor__loose__unpinned,xgb_metadata_editor,loose,False,True,is_reply,full,-0.992148926058342,2556
xgb_metadata_editor__loose__unpinned,xgb_metadata_editor,loose,False,True,lexdiv_length_adjusted,full,0.04042793474410401,2556
xgb_metadata_editor__loose__unpinned,xgb_metadata_editor,loose,False,True,log_author_prior_30d_comments,full,-0.12814424450591894,2556
xgb_metadata_editor__loose__unpinned,xgb_metadata_editor,loose,False,True,log_author_prior_comments_story,full,-0.665416722366518,2556
xgb_metadata_editor__loose__unpinned,xgb_metadata_editor,loose,False,True,log_hours_since_article,full,-0.6057983332815827,2556
xgb_metadata_editor__loose__unpinned,xgb_metadata_editor,loose,False,True,log_words,full,0.3106536070952455,2556
xgb_metadata_editor__loose__unpinned,xgb_metadata_editor,loose,False,True,novelty_prior_all_model,full,0.010674465002633152,2556
xgb_metadata_editor__loose__unpinned,xgb_metadata_editor,loose,False,True,prior_reply_composition,full,-0.6247503658457673,2556
xgb_metadata_editor__loose__unpinned,xgb_metadata_editor,loose,False,True,reading_level_length_adjusted,full,0.05639093172638183,2556
xgb_metadata_editor__loose__unpinned,xgb_metadata_editor,loose,False,True,reply_depth_centered,full,-0.2903244038134693,2556
xgb_metadata_editor__loose__unpinned,xgb_metadata_editor,loose,False,True,sentiment_negative,full,0.05978645103771567,2556
xgb_metadata_editor__loose__unpinned,xgb_metadata_editor,loose,False,True,sentiment_positive,full,0.003998684025114706,2556
xgb_metadata_editor__loose__unpinned,xgb_metadata_editor,loose,False,True,toxicity_probability,full,0.07797220501970865,2556
xgb_metadata_editor__loose__unpinned,xgb_metadata_editor,loose,False,True,url_present,full,0.08984276307425602,2556
xgb_metadata_editor__loose__unpinned,xgb_metadata_editor,loose,False,True,vienna_overnight,full,-0.15464516497601544,2556
xgb_metadata_editor__loose__unpinned,xgb_metadata_editor,loose,False,True,vienna_weekday_shoulder_evening,full,-0.1045289474407786,2556
xgb_metadata_editor__loose__unpinned,xgb_metadata_editor,loose,False,True,vienna_weekend_day_evening,full,-0.21587751550527676,2556
xgb_metadata_editor__trees__pinned,xgb_metadata_editor,trees,True,True,aqua_additional_knowledge_expected,full,0.11579213438733287,2556
xgb_metadata_editor__trees__pinned,xgb_metadata_editor,trees,True,True,aqua_discrimination_expected,full,0.09921252243537815,2556
xgb_metadata_editor__trees__pinned,xgb_metadata_editor,trees,True,True,aqua_fact_expected,full,0.1233299089722739,2556
xgb_metadata_editor__trees__pinned,xgb_metadata_editor,trees,True,True,aqua_insult_expected,full,0.05326367674878747,2556
xgb_metadata_editor__trees__pinned,xgb_metadata_editor,trees,True,True,aqua_justification_expected,full,0.15830034024010955,2556
xgb_metadata_editor__trees__pinned,xgb_metadata_editor,trees,True,True,aqua_opinion_expected,full,0.10064470403695487,2556
xgb_metadata_editor__trees__pinned,xgb_metadata_editor,trees,True,True,aqua_polite_address_expected,full,0.10611055683989457,2556
xgb_metadata_editor__trees__pinned,xgb_metadata_editor,trees,True,True,aqua_question_expected,full,-0.05594277682777431,2556
xgb_metadata_editor__trees__pinned,xgb_metadata_editor,trees,True,True,aqua_referencing_contents_expected,full,-0.022622463417966785,2556
xgb_metadata_editor__trees__pinned,xgb_metadata_editor,trees,True,True,aqua_referencing_format_expected,full,0.056162789055098666,2556
xgb_metadata_editor__trees__pinned,xgb_metadata_editor,trees,True,True,aqua_referencing_medium_expected,full,0.054436627954749496,2556
xgb_metadata_editor__trees__pinned,xgb_metadata_editor,trees,True,True,aqua_referencing_personal_expected,full,0.019424836420080305,2556
xgb_metadata_editor__trees__pinned,xgb_metadata_editor,trees,True,True,aqua_referencing_users_expected,full,-0.0008646323831229579,2556
xgb_metadata_editor__trees__pinned,xgb_metadata_editor,trees,True,True,aqua_relevance_expected,full,0.1058968182977322,2556
xgb_metadata_editor__trees__pinned,xgb_metadata_editor,trees,True,True,aqua_respect_expected,full,0.050634447976978386,2556
xgb_metadata_editor__trees__pinned,xgb_metadata_editor,trees,True,True,aqua_sarcasm_expected,full,-0.004149970653482292,2556
xgb_metadata_editor__trees__pinned,xgb_metadata_editor,trees,True,True,aqua_screaming_expected,full,-0.00033356583457181944,2556
xgb_metadata_editor__trees__pinned,xgb_metadata_editor,trees,True,True,aqua_solution_proposal_expected,full,0.14006431203712785,2556
xgb_metadata_editor__trees__pinned,xgb_metadata_editor,trees,True,True,aqua_storytelling_expected,full,0.131934970819757,2556
xgb_metadata_editor__trees__pinned,xgb_metadata_editor,trees,True,True,aqua_vulgarity_expected,full,0.05088657211642985,2556
xgb_metadata_editor__trees__pinned,xgb_metadata_editor,trees,True,True,article_similarity_top3,full,0.13937378091329397,2556
xgb_metadata_editor__trees__pinned,xgb_metadata_editor,trees,True,True,author_prior_30d_downvote_reception,full,0.0071935007328546375,2556
xgb_metadata_editor__trees__pinned,xgb_metadata_editor,trees,True,True,author_prior_30d_upvote_reception,full,0.13061117348390008,2556
xgb_metadata_editor__trees__pinned,xgb_metadata_editor,trees,True,True,discussion_pace,full,0.03815810177754911,2556
xgb_metadata_editor__trees__pinned,xgb_metadata_editor,trees,True,True,is_reply,full,-0.260476914666043,2556
xgb_metadata_editor__trees__pinned,xgb_metadata_editor,trees,True,True,lexdiv_length_adjusted,full,0.020230483522746565,2556
xgb_metadata_editor__trees__pinned,xgb_metadata_editor,trees,True,True,log_author_prior_30d_comments,full,0.0036141009676738524,2556
xgb_metadata_editor__trees__pinned,xgb_metadata_editor,trees,True,True,log_author_prior_comments_story,full,-0.08282962161211654,2556
xgb_metadata_editor__trees__pinned,xgb_metadata_editor,trees,True,True,log_hours_since_article,full,-0.45059423595823755,2556
xgb_metadata_editor__trees__pinned,xgb_metadata_editor,trees,True,True,log_words,full,0.15299007474771656,2556
xgb_metadata_editor__trees__pinned,xgb_metadata_editor,trees,True,True,novelty_prior_all_model,full,0.05322328891567492,2556
xgb_metadata_editor__trees__pinned,xgb_metadata_editor,trees,True,True,prior_reply_composition,full,-0.46253156850116106,2556
xgb_metadata_editor__trees__pinned,xgb_metadata_editor,trees,True,True,reading_level_length_adjusted,full,0.011470061940369104,2556
xgb_metadata_editor__trees__pinned,xgb_metadata_editor,trees,True,True,reply_depth_centered,full,-0.025664418189840988,2556
xgb_metadata_editor__trees__pinned,xgb_metadata_editor,trees,True,True,sentiment_negative,full,0.016461333182990215,2556
xgb_metadata_editor__trees__pinned,xgb_metadata_editor,trees,True,True,sentiment_positive,full,0.01128535980525138,2556
xgb_metadata_editor__trees__pinned,xgb_metadata_editor,trees,True,True,toxicity_probability,full,0.01232101033183872,2556
xgb_metadata_editor__trees__pinned,xgb_metadata_editor,trees,True,True,url_present,full,-0.014243543693742337,2556
xgb_metadata_editor__trees__pinned,xgb_metadata_editor,trees,True,True,vienna_overnight,full,-0.18863472039562462,2556
xgb_metadata_editor__trees__pinned,xgb_metadata_editor,trees,True,True,vienna_weekday_shoulder_evening,full,-0.08951285528384352,2556
xgb_metadata_editor__trees__pinned,xgb_metadata_editor,trees,True,True,vienna_weekend_day_evening,full,-0.16256172887450984,2556
xgb_metadata_editor__trees__unpinned,xgb_metadata_editor,trees,False,True,aqua_additional_knowledge_expected,full,0.12804176616595994,2556
xgb_metadata_editor__trees__unpinned,xgb_metadata_editor,trees,False,True,aqua_discrimination_expected,full,0.11966371873432054,2556
xgb_metadata_editor__trees__unpinned,xgb_metadata_editor,trees,False,True,aqua_fact_expected,full,0.13314514042007178,2556
xgb_metadata_editor__trees__unpinned,xgb_metadata_editor,trees,False,True,aqua_insult_expected,full,0.04437139465861804,2556
xgb_metadata_editor__trees__unpinned,xgb_metadata_editor,trees,False,True,aqua_justification_expected,full,0.18680381610407248,2556
xgb_metadata_editor__trees__unpinned,xgb_metadata_editor,trees,False,True,aqua_opinion_expected,full,0.1256269698288021,2556
xgb_metadata_editor__trees__unpinned,xgb_metadata_editor,trees,False,True,aqua_polite_address_expected,full,0.12205614682242989,2556
xgb_metadata_editor__trees__unpinned,xgb_metadata_editor,trees,False,True,aqua_question_expected,full,-0.07578778814978512,2556
xgb_metadata_editor__trees__unpinned,xgb_metadata_editor,trees,False,True,aqua_referencing_contents_expected,full,0.020798543005593795,2556
xgb_metadata_editor__trees__unpinned,xgb_metadata_editor,trees,False,True,aqua_referencing_format_expected,full,0.03971133896845322,2556
xgb_metadata_editor__trees__unpinned,xgb_metadata_editor,trees,False,True,aqua_referencing_medium_expected,full,0.049627100072007733,2556
xgb_metadata_editor__trees__unpinned,xgb_metadata_editor,trees,False,True,aqua_referencing_personal_expected,full,0.007538785424647217,2556
xgb_metadata_editor__trees__unpinned,xgb_metadata_editor,trees,False,True,aqua_referencing_users_expected,full,0.02663562614071953,2556
xgb_metadata_editor__trees__unpinned,xgb_metadata_editor,trees,False,True,aqua_relevance_expected,full,0.14109826425100622,2556
xgb_metadata_editor__trees__unpinned,xgb_metadata_editor,trees,False,True,aqua_respect_expected,full,0.0638021901929071,2556
xgb_metadata_editor__trees__unpinned,xgb_metadata_editor,trees,False,True,aqua_sarcasm_expected,full,-0.022595047763282982,2556
xgb_metadata_editor__trees__unpinned,xgb_metadata_editor,trees,False,True,aqua_screaming_expected,full,-0.01964082459077613,2556
xgb_metadata_editor__trees__unpinned,xgb_metadata_editor,trees,False,True,aqua_solution_proposal_expected,full,0.17245090593564516,2556
xgb_metadata_editor__trees__unpinned,xgb_metadata_editor,trees,False,True,aqua_storytelling_expected,full,0.17152712464070224,2556
xgb_metadata_editor__trees__unpinned,xgb_metadata_editor,trees,False,True,aqua_vulgarity_expected,full,0.03119938360321792,2556
xgb_metadata_editor__trees__unpinned,xgb_metadata_editor,trees,False,True,article_similarity_top3,full,0.10023936093397266,2556
xgb_metadata_editor__trees__unpinned,xgb_metadata_editor,trees,False,True,author_prior_30d_downvote_reception,full,-0.03412552675746387,2556
xgb_metadata_editor__trees__unpinned,xgb_metadata_editor,trees,False,True,author_prior_30d_upvote_reception,full,0.09563064780193573,2556
xgb_metadata_editor__trees__unpinned,xgb_metadata_editor,trees,False,True,discussion_pace,full,0.027402750735056075,2556
xgb_metadata_editor__trees__unpinned,xgb_metadata_editor,trees,False,True,is_reply,full,0.1719314299823914,2556
xgb_metadata_editor__trees__unpinned,xgb_metadata_editor,trees,False,True,lexdiv_length_adjusted,full,0.00957764614136444,2556
xgb_metadata_editor__trees__unpinned,xgb_metadata_editor,trees,False,True,log_author_prior_30d_comments,full,0.013272294296283365,2556
xgb_metadata_editor__trees__unpinned,xgb_metadata_editor,trees,False,True,log_author_prior_comments_story,full,0.0050045180973690845,2556
xgb_metadata_editor__trees__unpinned,xgb_metadata_editor,trees,False,True,log_hours_since_article,full,-0.3815649250134247,2556
xgb_metadata_editor__trees__unpinned,xgb_metadata_editor,trees,False,True,log_words,full,0.17181845408030094,2556
xgb_metadata_editor__trees__unpinned,xgb_metadata_editor,trees,False,True,novelty_prior_all_model,full,0.0199286632692939,2556
xgb_metadata_editor__trees__unpinned,xgb_metadata_editor,trees,False,True,prior_reply_composition,full,-0.43832666113323543,2556
xgb_metadata_editor__trees__unpinned,xgb_metadata_editor,trees,False,True,reading_level_length_adjusted,full,0.0014831896867422236,2556
xgb_metadata_editor__trees__unpinned,xgb_metadata_editor,trees,False,True,reply_depth_centered,full,0.004649856474073211,2556
xgb_metadata_editor__trees__unpinned,xgb_metadata_editor,trees,False,True,sentiment_negative,full,0.010245539423225926,2556
xgb_metadata_editor__trees__unpinned,xgb_metadata_editor,trees,False,True,sentiment_positive,full,0.021551614560406766,2556
xgb_metadata_editor__trees__unpinned,xgb_metadata_editor,trees,False,True,toxicity_probability,full,-0.0147451005499987,2556
xgb_metadata_editor__trees__unpinned,xgb_metadata_editor,trees,False,True,url_present,full,-0.028937262878593575,2556
xgb_metadata_editor__trees__unpinned,xgb_metadata_editor,trees,False,True,vienna_overnight,full,-0.12675528315397439,2556
xgb_metadata_editor__trees__unpinned,xgb_metadata_editor,trees,False,True,vienna_weekday_shoulder_evening,full,-0.060435196593152926,2556
xgb_metadata_editor__trees__unpinned,xgb_metadata_editor,trees,False,True,vienna_weekend_day_evening,full,-0.12531724422851964,2556
xgb_metadata_text_audience__hidden__pinned,xgb_metadata_text_audience,hidden,True,True,aqua_additional_knowledge_expected,full,0.1534436570368726,2556
xgb_metadata_text_audience__hidden__pinned,xgb_metadata_text_audience,hidden,True,True,aqua_discrimination_expected,full,0.11773933503232437,2556
xgb_metadata_text_audience__hidden__pinned,xgb_metadata_text_audience,hidden,True,True,aqua_fact_expected,full,0.17621408332851257,2556
xgb_metadata_text_audience__hidden__pinned,xgb_metadata_text_audience,hidden,True,True,aqua_insult_expected,full,0.10527117143091018,2556
xgb_metadata_text_audience__hidden__pinned,xgb_metadata_text_audience,hidden,True,True,aqua_justification_expected,full,0.204862679533461,2556
xgb_metadata_text_audience__hidden__pinned,xgb_metadata_text_audience,hidden,True,True,aqua_opinion_expected,full,0.12017737060412198,2556
xgb_metadata_text_audience__hidden__pinned,xgb_metadata_text_audience,hidden,True,True,aqua_polite_address_expected,full,0.09718780745411139,2556
xgb_metadata_text_audience__hidden__pinned,xgb_metadata_text_audience,hidden,True,True,aqua_question_expected,full,-0.05230230266725155,2556
xgb_metadata_text_audience__hidden__pinned,xgb_metadata_text_audience,hidden,True,True,aqua_referencing_contents_expected,full,-0.13825179347498906,2556
xgb_metadata_text_audience__hidden__pinned,xgb_metadata_text_audience,hidden,True,True,aqua_referencing_format_expected,full,0.10886175090664935,2556
xgb_metadata_text_audience__hidden__pinned,xgb_metadata_text_audience,hidden,True,True,aqua_referencing_medium_expected,full,0.07620237143354348,2556
xgb_metadata_text_audience__hidden__pinned,xgb_metadata_text_audience,hidden,True,True,aqua_referencing_personal_expected,full,0.040121476621305115,2556
xgb_metadata_text_audience__hidden__pinned,xgb_metadata_text_audience,hidden,True,True,aqua_referencing_users_expected,full,-0.08247222032763338,2556
xgb_metadata_text_audience__hidden__pinned,xgb_metadata_text_audience,hidden,True,True,aqua_relevance_expected,full,0.1089576198099344,2556
xgb_metadata_text_audience__hidden__pinned,xgb_metadata_text_audience,hidden,True,True,aqua_respect_expected,full,0.04121522413216444,2556
xgb_metadata_text_audience__hidden__pinned,xgb_metadata_text_audience,hidden,True,True,aqua_sarcasm_expected,full,0.04482430636613123,2556
xgb_metadata_text_audience__hidden__pinned,xgb_metadata_text_audience,hidden,True,True,aqua_screaming_expected,full,0.061150724877601474,2556
xgb_metadata_text_audience__hidden__pinned,xgb_metadata_text_audience,hidden,True,True,aqua_solution_proposal_expected,full,0.16041826655814673,2556
xgb_metadata_text_audience__hidden__pinned,xgb_metadata_text_audience,hidden,True,True,aqua_storytelling_expected,full,0.14049581955663423,2556
xgb_metadata_text_audience__hidden__pinned,xgb_metadata_text_audience,hidden,True,True,aqua_vulgarity_expected,full,0.1313218324734222,2556
xgb_metadata_text_audience__hidden__pinned,xgb_metadata_text_audience,hidden,True,True,article_similarity_top3,full,0.2804865443923436,2556
xgb_metadata_text_audience__hidden__pinned,xgb_metadata_text_audience,hidden,True,True,author_prior_30d_downvote_reception,full,0.09574493426365843,2556
xgb_metadata_text_audience__hidden__pinned,xgb_metadata_text_audience,hidden,True,True,author_prior_30d_upvote_reception,full,0.18378662482417174,2556
xgb_metadata_text_audience__hidden__pinned,xgb_metadata_text_audience,hidden,True,True,discussion_pace,full,-0.04975025447234708,2556
xgb_metadata_text_audience__hidden__pinned,xgb_metadata_text_audience,hidden,True,True,is_reply,full,-0.9996326155971265,2556
xgb_metadata_text_audience__hidden__pinned,xgb_metadata_text_audience,hidden,True,True,lexdiv_length_adjusted,full,0.03969721113837762,2556
xgb_metadata_text_audience__hidden__pinned,xgb_metadata_text_audience,hidden,True,True,log_author_prior_30d_comments,full,-0.08289793022395935,2556
xgb_metadata_text_audience__hidden__pinned,xgb_metadata_text_audience,hidden,True,True,log_author_prior_comments_story,full,-0.48627162835017806,2556
xgb_metadata_text_audience__hidden__pinned,xgb_metadata_text_audience,hidden,True,True,log_hours_since_article,full,-0.3119000077793754,2556
xgb_metadata_text_audience__hidden__pinned,xgb_metadata_text_audience,hidden,True,True,log_words,full,0.2074221329805406,2556
xgb_metadata_text_audience__hidden__pinned,xgb_metadata_text_audience,hidden,True,True,novelty_prior_all_model,full,0.01249819322147434,2556
xgb_metadata_text_audience__hidden__pinned,xgb_metadata_text_audience,hidden,True,True,prior_reply_composition,full,-0.2828579641505408,2556
xgb_metadata_text_audience__hidden__pinned,xgb_metadata_text_audience,hidden,True,True,reading_level_length_adjusted,full,0.024874661799002166,2556
xgb_metadata_text_audience__hidden__pinned,xgb_metadata_text_audience,hidden,True,True,reply_depth_centered,full,0.11163884969740266,2556
xgb_metadata_text_audience__hidden__pinned,xgb_metadata_text_audience,hidden,True,True,sentiment_negative,full,0.04881439543501878,2556
xgb_metadata_text_audience__hidden__pinned,xgb_metadata_text_audience,hidden,True,True,sentiment_positive,full,-0.008809479936882044,2556
xgb_metadata_text_audience__hidden__pinned,xgb_metadata_text_audience,hidden,True,True,toxicity_probability,full,0.056258030251252394,2556
xgb_metadata_text_audience__hidden__pinned,xgb_metadata_text_audience,hidden,True,True,url_present,full,-0.029014908581806696,2556
xgb_metadata_text_audience__hidden__pinned,xgb_metadata_text_audience,hidden,True,True,vienna_overnight,full,-0.1283608136752126,2556
xgb_metadata_text_audience__hidden__pinned,xgb_metadata_text_audience,hidden,True,True,vienna_weekday_shoulder_evening,full,-0.08598818032608899,2556
xgb_metadata_text_audience__hidden__pinned,xgb_metadata_text_audience,hidden,True,True,vienna_weekend_day_evening,full,-0.1303019713813038,2556
xgb_metadata_text_audience__hidden__unpinned,xgb_metadata_text_audience,hidden,False,True,aqua_additional_knowledge_expected,full,0.156321965283954,2556
xgb_metadata_text_audience__hidden__unpinned,xgb_metadata_text_audience,hidden,False,True,aqua_discrimination_expected,full,0.12103524600806895,2556
xgb_metadata_text_audience__hidden__unpinned,xgb_metadata_text_audience,hidden,False,True,aqua_fact_expected,full,0.17944742839690328,2556
xgb_metadata_text_audience__hidden__unpinned,xgb_metadata_text_audience,hidden,False,True,aqua_insult_expected,full,0.107021038289626,2556
xgb_metadata_text_audience__hidden__unpinned,xgb_metadata_text_audience,hidden,False,True,aqua_justification_expected,full,0.21143948931187204,2556
xgb_metadata_text_audience__hidden__unpinned,xgb_metadata_text_audience,hidden,False,True,aqua_opinion_expected,full,0.12646066324708682,2556
xgb_metadata_text_audience__hidden__unpinned,xgb_metadata_text_audience,hidden,False,True,aqua_polite_address_expected,full,0.09975258100929778,2556
xgb_metadata_text_audience__hidden__unpinned,xgb_metadata_text_audience,hidden,False,True,aqua_question_expected,full,-0.05390373506593781,2556
xgb_metadata_text_audience__hidden__unpinned,xgb_metadata_text_audience,hidden,False,True,aqua_referencing_contents_expected,full,-0.13737526917900952,2556
xgb_metadata_text_audience__hidden__unpinned,xgb_metadata_text_audience,hidden,False,True,aqua_referencing_format_expected,full,0.1103204856189772,2556
xgb_metadata_text_audience__hidden__unpinned,xgb_metadata_text_audience,hidden,False,True,aqua_referencing_medium_expected,full,0.07839829727013115,2556
xgb_metadata_text_audience__hidden__unpinned,xgb_metadata_text_audience,hidden,False,True,aqua_referencing_personal_expected,full,0.04105137717376286,2556
xgb_metadata_text_audience__hidden__unpinned,xgb_metadata_text_audience,hidden,False,True,aqua_referencing_users_expected,full,-0.08091197446075224,2556
xgb_metadata_text_audience__hidden__unpinned,xgb_metadata_text_audience,hidden,False,True,aqua_relevance_expected,full,0.1123465189960244,2556
xgb_metadata_text_audience__hidden__unpinned,xgb_metadata_text_audience,hidden,False,True,aqua_respect_expected,full,0.04361979959054168,2556
xgb_metadata_text_audience__hidden__unpinned,xgb_metadata_text_audience,hidden,False,True,aqua_sarcasm_expected,full,0.044550463860597064,2556
xgb_metadata_text_audience__hidden__unpinned,xgb_metadata_text_audience,hidden,False,True,aqua_screaming_expected,full,0.06279645835075905,2556
xgb_metadata_text_audience__hidden__unpinned,xgb_metadata_text_audience,hidden,False,True,aqua_solution_proposal_expected,full,0.16491384290580643,2556
xgb_metadata_text_audience__hidden__unpinned,xgb_metadata_text_audience,hidden,False,True,aqua_storytelling_expected,full,0.145401554936909,2556
xgb_metadata_text_audience__hidden__unpinned,xgb_metadata_text_audience,hidden,False,True,aqua_vulgarity_expected,full,0.1339300339040914,2556
xgb_metadata_text_audience__hidden__unpinned,xgb_metadata_text_audience,hidden,False,True,article_similarity_top3,full,0.2831541132993205,2556
xgb_metadata_text_audience__hidden__unpinned,xgb_metadata_text_audience,hidden,False,True,author_prior_30d_downvote_reception,full,0.09648261016909053,2556
xgb_metadata_text_audience__hidden__unpinned,xgb_metadata_text_audience,hidden,False,True,author_prior_30d_upvote_reception,full,0.18792290747395532,2556
xgb_metadata_text_audience__hidden__unpinned,xgb_metadata_text_audience,hidden,False,True,discussion_pace,full,-0.06085254817287659,2556
xgb_metadata_text_audience__hidden__unpinned,xgb_metadata_text_audience,hidden,False,True,is_reply,full,-0.999725670368664,2556
xgb_metadata_text_audience__hidden__unpinned,xgb_metadata_text_audience,hidden,False,True,lexdiv_length_adjusted,full,0.0400115491573106,2556
xgb_metadata_text_audience__hidden__unpinned,xgb_metadata_text_audience,hidden,False,True,log_author_prior_30d_comments,full,-0.08207597321922576,2556
xgb_metadata_text_audience__hidden__unpinned,xgb_metadata_text_audience,hidden,False,True,log_author_prior_comments_story,full,-0.48787337167557415,2556
xgb_metadata_text_audience__hidden__unpinned,xgb_metadata_text_audience,hidden,False,True,log_hours_since_article,full,-0.3205470064114103,2556
xgb_metadata_text_audience__hidden__unpinned,xgb_metadata_text_audience,hidden,False,True,log_words,full,0.21286935863737713,2556
xgb_metadata_text_audience__hidden__unpinned,xgb_metadata_text_audience,hidden,False,True,novelty_prior_all_model,full,0.015771741311767257,2556
xgb_metadata_text_audience__hidden__unpinned,xgb_metadata_text_audience,hidden,False,True,prior_reply_composition,full,-0.28979184610082265,2556
xgb_metadata_text_audience__hidden__unpinned,xgb_metadata_text_audience,hidden,False,True,reading_level_length_adjusted,full,0.02397794610703404,2556
xgb_metadata_text_audience__hidden__unpinned,xgb_metadata_text_audience,hidden,False,True,reply_depth_centered,full,0.11265177147439732,2556
xgb_metadata_text_audience__hidden__unpinned,xgb_metadata_text_audience,hidden,False,True,sentiment_negative,full,0.051317139713152944,2556
xgb_metadata_text_audience__hidden__unpinned,xgb_metadata_text_audience,hidden,False,True,sentiment_positive,full,-0.008189776387914127,2556
xgb_metadata_text_audience__hidden__unpinned,xgb_metadata_text_audience,hidden,False,True,toxicity_probability,full,0.060155243691914814,2556
xgb_metadata_text_audience__hidden__unpinned,xgb_metadata_text_audience,hidden,False,True,url_present,full,-0.03370724454543184,2556
xgb_metadata_text_audience__hidden__unpinned,xgb_metadata_text_audience,hidden,False,True,vienna_overnight,full,-0.126640264913213,2556
xgb_metadata_text_audience__hidden__unpinned,xgb_metadata_text_audience,hidden,False,True,vienna_weekday_shoulder_evening,full,-0.0864540632206354,2556
xgb_metadata_text_audience__hidden__unpinned,xgb_metadata_text_audience,hidden,False,True,vienna_weekend_day_evening,full,-0.1304150680071247,2556
xgb_metadata_text_audience__loose__pinned,xgb_metadata_text_audience,loose,True,True,aqua_additional_knowledge_expected,full,0.19537850428467493,2556
xgb_metadata_text_audience__loose__pinned,xgb_metadata_text_audience,loose,True,True,aqua_discrimination_expected,full,0.15221785836281349,2556
xgb_metadata_text_audience__loose__pinned,xgb_metadata_text_audience,loose,True,True,aqua_fact_expected,full,0.2197456949008416,2556
xgb_metadata_text_audience__loose__pinned,xgb_metadata_text_audience,loose,True,True,aqua_insult_expected,full,0.12461960938590086,2556
xgb_metadata_text_audience__loose__pinned,xgb_metadata_text_audience,loose,True,True,aqua_justification_expected,full,0.24799005919713074,2556
xgb_metadata_text_audience__loose__pinned,xgb_metadata_text_audience,loose,True,True,aqua_opinion_expected,full,0.13533250131352562,2556
xgb_metadata_text_audience__loose__pinned,xgb_metadata_text_audience,loose,True,True,aqua_polite_address_expected,full,0.12518853457484475,2556
xgb_metadata_text_audience__loose__pinned,xgb_metadata_text_audience,loose,True,True,aqua_question_expected,full,-0.05594082622682313,2556
xgb_metadata_text_audience__loose__pinned,xgb_metadata_text_audience,loose,True,True,aqua_referencing_contents_expected,full,-0.15523687396561772,2556
xgb_metadata_text_audience__loose__pinned,xgb_metadata_text_audience,loose,True,True,aqua_referencing_format_expected,full,0.12435226379674501,2556
xgb_metadata_text_audience__loose__pinned,xgb_metadata_text_audience,loose,True,True,aqua_referencing_medium_expected,full,0.10236807732230477,2556
xgb_metadata_text_audience__loose__pinned,xgb_metadata_text_audience,loose,True,True,aqua_referencing_personal_expected,full,0.04903643368873413,2556
xgb_metadata_text_audience__loose__pinned,xgb_metadata_text_audience,loose,True,True,aqua_referencing_users_expected,full,-0.09270424837135242,2556
xgb_metadata_text_audience__loose__pinned,xgb_metadata_text_audience,loose,True,True,aqua_relevance_expected,full,0.1458100315567683,2556
xgb_metadata_text_audience__loose__pinned,xgb_metadata_text_audience,loose,True,True,aqua_respect_expected,full,0.04795026508749162,2556
xgb_metadata_text_audience__loose__pinned,xgb_metadata_text_audience,loose,True,True,aqua_sarcasm_expected,full,0.044995916225307346,2556
xgb_metadata_text_audience__loose__pinned,xgb_metadata_text_audience,loose,True,True,aqua_screaming_expected,full,0.08293650042631337,2556
xgb_metadata_text_audience__loose__pinned,xgb_metadata_text_audience,loose,True,True,aqua_solution_proposal_expected,full,0.2072971677888029,2556
xgb_metadata_text_audience__loose__pinned,xgb_metadata_text_audience,loose,True,True,aqua_storytelling_expected,full,0.17642291301762958,2556
xgb_metadata_text_audience__loose__pinned,xgb_metadata_text_audience,loose,True,True,aqua_vulgarity_expected,full,0.14432260354759008,2556
xgb_metadata_text_audience__loose__pinned,xgb_metadata_text_audience,loose,True,True,article_similarity_top3,full,0.3324501836374382,2556
xgb_metadata_text_audience__loose__pinned,xgb_metadata_text_audience,loose,True,True,author_prior_30d_downvote_reception,full,0.09396957938389529,2556
xgb_metadata_text_audience__loose__pinned,xgb_metadata_text_audience,loose,True,True,author_prior_30d_upvote_reception,full,0.23739054664470255,2556
xgb_metadata_text_audience__loose__pinned,xgb_metadata_text_audience,loose,True,True,discussion_pace,full,0.020709798095947866,2556
xgb_metadata_text_audience__loose__pinned,xgb_metadata_text_audience,loose,True,True,is_reply,full,-0.9886515176425329,2556
xgb_metadata_text_audience__loose__pinned,xgb_metadata_text_audience,loose,True,True,lexdiv_length_adjusted,full,0.04241752154281939,2556
xgb_metadata_text_audience__loose__pinned,xgb_metadata_text_audience,loose,True,True,log_author_prior_30d_comments,full,-0.09467776025243793,2556
xgb_metadata_text_audience__loose__pinned,xgb_metadata_text_audience,loose,True,True,log_author_prior_comments_story,full,-0.5663366446782179,2556
xgb_metadata_text_audience__loose__pinned,xgb_metadata_text_audience,loose,True,True,log_hours_since_article,full,-0.5124110418448137,2556
xgb_metadata_text_audience__loose__pinned,xgb_metadata_text_audience,loose,True,True,log_words,full,0.25141740014007335,2556
xgb_metadata_text_audience__loose__pinned,xgb_metadata_text_audience,loose,True,True,novelty_prior_all_model,full,0.03985648150523178,2556
xgb_metadata_text_audience__loose__pinned,xgb_metadata_text_audience,loose,True,True,prior_reply_composition,full,-0.5236876998757957,2556
xgb_metadata_text_audience__loose__pinned,xgb_metadata_text_audience,loose,True,True,reading_level_length_adjusted,full,0.03948531952351543,2556
xgb_metadata_text_audience__loose__pinned,xgb_metadata_text_audience,loose,True,True,reply_depth_centered,full,-0.15425487868129692,2556
xgb_metadata_text_audience__loose__pinned,xgb_metadata_text_audience,loose,True,True,sentiment_negative,full,0.057962329884342016,2556
xgb_metadata_text_audience__loose__pinned,xgb_metadata_text_audience,loose,True,True,sentiment_positive,full,-0.0023225477204611095,2556
xgb_metadata_text_audience__loose__pinned,xgb_metadata_text_audience,loose,True,True,toxicity_probability,full,0.08926087417437338,2556
xgb_metadata_text_audience__loose__pinned,xgb_metadata_text_audience,loose,True,True,url_present,full,0.03639324732788259,2556
xgb_metadata_text_audience__loose__pinned,xgb_metadata_text_audience,loose,True,True,vienna_overnight,full,-0.1612182632866517,2556
xgb_metadata_text_audience__loose__pinned,xgb_metadata_text_audience,loose,True,True,vienna_weekday_shoulder_evening,full,-0.10599515351250803,2556
xgb_metadata_text_audience__loose__pinned,xgb_metadata_text_audience,loose,True,True,vienna_weekend_day_evening,full,-0.17533455927417474,2556
xgb_metadata_text_audience__loose__unpinned,xgb_metadata_text_audience,loose,False,True,aqua_additional_knowledge_expected,full,0.2663732986264465,2556
xgb_metadata_text_audience__loose__unpinned,xgb_metadata_text_audience,loose,False,True,aqua_discrimination_expected,full,0.20341749215536173,2556
xgb_metadata_text_audience__loose__unpinned,xgb_metadata_text_audience,loose,False,True,aqua_fact_expected,full,0.2814605440302661,2556
xgb_metadata_text_audience__loose__unpinned,xgb_metadata_text_audience,loose,False,True,aqua_insult_expected,full,0.1521111194231691,2556
xgb_metadata_text_audience__loose__unpinned,xgb_metadata_text_audience,loose,False,True,aqua_justification_expected,full,0.3306420431069027,2556
xgb_metadata_text_audience__loose__unpinned,xgb_metadata_text_audience,loose,False,True,aqua_opinion_expected,full,0.180102517195056,2556
xgb_metadata_text_audience__loose__unpinned,xgb_metadata_text_audience,loose,False,True,aqua_polite_address_expected,full,0.16830613275463896,2556
xgb_metadata_text_audience__loose__unpinned,xgb_metadata_text_audience,loose,False,True,aqua_question_expected,full,-0.08347847272087518,2556
xgb_metadata_text_audience__loose__unpinned,xgb_metadata_text_audience,loose,False,True,aqua_referencing_contents_expected,full,-0.17068131619175478,2556
xgb_metadata_text_audience__loose__unpinned,xgb_metadata_text_audience,loose,False,True,aqua_referencing_format_expected,full,0.1470058783478349,2556
xgb_metadata_text_audience__loose__unpinned,xgb_metadata_text_audience,loose,False,True,aqua_referencing_medium_expected,full,0.12981294925117803,2556
xgb_metadata_text_audience__loose__unpinned,xgb_metadata_text_audience,loose,False,True,aqua_referencing_personal_expected,full,0.05537750748536825,2556
xgb_metadata_text_audience__loose__unpinned,xgb_metadata_text_audience,loose,False,True,aqua_referencing_users_expected,full,-0.10191379168662426,2556
xgb_metadata_text_audience__loose__unpinned,xgb_metadata_text_audience,loose,False,True,aqua_relevance_expected,full,0.2040295441315169,2556
xgb_metadata_text_audience__loose__unpinned,xgb_metadata_text_audience,loose,False,True,aqua_respect_expected,full,0.06675511499255982,2556
xgb_metadata_text_audience__loose__unpinned,xgb_metadata_text_audience,loose,False,True,aqua_sarcasm_expected,full,0.04437647179626285,2556
xgb_metadata_text_audience__loose__unpinned,xgb_metadata_text_audience,loose,False,True,aqua_screaming_expected,full,0.09427088957632224,2556
xgb_metadata_text_audience__loose__unpinned,xgb_metadata_text_audience,loose,False,True,aqua_solution_proposal_expected,full,0.288723119426304,2556
xgb_metadata_text_audience__loose__unpinned,xgb_metadata_text_audience,loose,False,True,aqua_storytelling_expected,full,0.25877229836930554,2556
xgb_metadata_text_audience__loose__unpinned,xgb_metadata_text_audience,loose,False,True,aqua_vulgarity_expected,full,0.17155426592135367,2556
xgb_metadata_text_audience__loose__unpinned,xgb_metadata_text_audience,loose,False,True,article_similarity_top3,full,0.39451904809355026,2556
xgb_metadata_text_audience__loose__unpinned,xgb_metadata_text_audience,loose,False,True,author_prior_30d_downvote_reception,full,0.09246927007691146,2556
xgb_metadata_text_audience__loose__unpinned,xgb_metadata_text_audience,loose,False,True,author_prior_30d_upvote_reception,full,0.2772861546951731,2556
xgb_metadata_text_audience__loose__unpinned,xgb_metadata_text_audience,loose,False,True,discussion_pace,full,0.06078270802720324,2556
xgb_metadata_text_audience__loose__unpinned,xgb_metadata_text_audience,loose,False,True,is_reply,full,-0.9885976205443583,2556
xgb_metadata_text_audience__loose__unpinned,xgb_metadata_text_audience,loose,False,True,lexdiv_length_adjusted,full,0.045443360715239196,2556
xgb_metadata_text_audience__loose__unpinned,xgb_metadata_text_audience,loose,False,True,log_author_prior_30d_comments,full,-0.12259909474911196,2556
xgb_metadata_text_audience__loose__unpinned,xgb_metadata_text_audience,loose,False,True,log_author_prior_comments_story,full,-0.6593677293298538,2556
xgb_metadata_text_audience__loose__unpinned,xgb_metadata_text_audience,loose,False,True,log_hours_since_article,full,-0.6074060795478999,2556
xgb_metadata_text_audience__loose__unpinned,xgb_metadata_text_audience,loose,False,True,log_words,full,0.325287733716753,2556
xgb_metadata_text_audience__loose__unpinned,xgb_metadata_text_audience,loose,False,True,novelty_prior_all_model,full,0.028784080597018383,2556
xgb_metadata_text_audience__loose__unpinned,xgb_metadata_text_audience,loose,False,True,prior_reply_composition,full,-0.6384097001881563,2556
xgb_metadata_text_audience__loose__unpinned,xgb_metadata_text_audience,loose,False,True,reading_level_length_adjusted,full,0.04684766293717102,2556
xgb_metadata_text_audience__loose__unpinned,xgb_metadata_text_audience,loose,False,True,reply_depth_centered,full,-0.27109614767194734,2556
xgb_metadata_text_audience__loose__unpinned,xgb_metadata_text_audience,loose,False,True,sentiment_negative,full,0.071823181704917,2556
xgb_metadata_text_audience__loose__unpinned,xgb_metadata_text_audience,loose,False,True,sentiment_positive,full,0.00620222157342224,2556
xgb_metadata_text_audience__loose__unpinned,xgb_metadata_text_audience,loose,False,True,toxicity_probability,full,0.10604987127532654,2556
xgb_metadata_text_audience__loose__unpinned,xgb_metadata_text_audience,loose,False,True,url_present,full,0.04675942195185298,2556
xgb_metadata_text_audience__loose__unpinned,xgb_metadata_text_audience,loose,False,True,vienna_overnight,full,-0.16864406550923305,2556
xgb_metadata_text_audience__loose__unpinned,xgb_metadata_text_audience,loose,False,True,vienna_weekday_shoulder_evening,full,-0.10596318315108498,2556
xgb_metadata_text_audience__loose__unpinned,xgb_metadata_text_audience,loose,False,True,vienna_weekend_day_evening,full,-0.20178817210000508,2556
xgb_metadata_text_audience__trees__pinned,xgb_metadata_text_audience,trees,True,True,aqua_additional_knowledge_expected,full,0.1024947014589436,2556
xgb_metadata_text_audience__trees__pinned,xgb_metadata_text_audience,trees,True,True,aqua_discrimination_expected,full,0.09428204644769358,2556
xgb_metadata_text_audience__trees__pinned,xgb_metadata_text_audience,trees,True,True,aqua_fact_expected,full,0.10991326213230282,2556
xgb_metadata_text_audience__trees__pinned,xgb_metadata_text_audience,trees,True,True,aqua_insult_expected,full,0.05433392090211515,2556
xgb_metadata_text_audience__trees__pinned,xgb_metadata_text_audience,trees,True,True,aqua_justification_expected,full,0.1473633500049161,2556
xgb_metadata_text_audience__trees__pinned,xgb_metadata_text_audience,trees,True,True,aqua_opinion_expected,full,0.09908985301033718,2556
xgb_metadata_text_audience__trees__pinned,xgb_metadata_text_audience,trees,True,True,aqua_polite_address_expected,full,0.09719893630258479,2556
xgb_metadata_text_audience__trees__pinned,xgb_metadata_text_audience,trees,True,True,aqua_question_expected,full,-0.04285960582601229,2556
xgb_metadata_text_audience__trees__pinned,xgb_metadata_text_audience,trees,True,True,aqua_referencing_contents_expected,full,-0.02198665460329206,2556
xgb_metadata_text_audience__trees__pinned,xgb_metadata_text_audience,trees,True,True,aqua_referencing_format_expected,full,0.053495056114969124,2556
xgb_metadata_text_audience__trees__pinned,xgb_metadata_text_audience,trees,True,True,aqua_referencing_medium_expected,full,0.053351611249673137,2556
xgb_metadata_text_audience__trees__pinned,xgb_metadata_text_audience,trees,True,True,aqua_referencing_personal_expected,full,0.021847477257986553,2556
xgb_metadata_text_audience__trees__pinned,xgb_metadata_text_audience,trees,True,True,aqua_referencing_users_expected,full,0.0016022313329616012,2556
xgb_metadata_text_audience__trees__pinned,xgb_metadata_text_audience,trees,True,True,aqua_relevance_expected,full,0.09347339290474509,2556
xgb_metadata_text_audience__trees__pinned,xgb_metadata_text_audience,trees,True,True,aqua_respect_expected,full,0.04756915050278825,2556
xgb_metadata_text_audience__trees__pinned,xgb_metadata_text_audience,trees,True,True,aqua_sarcasm_expected,full,0.0019004270132193756,2556
xgb_metadata_text_audience__trees__pinned,xgb_metadata_text_audience,trees,True,True,aqua_screaming_expected,full,0.00950706181527939,2556
xgb_metadata_text_audience__trees__pinned,xgb_metadata_text_audience,trees,True,True,aqua_solution_proposal_expected,full,0.1285511594925561,2556
xgb_metadata_text_audience__trees__pinned,xgb_metadata_text_audience,trees,True,True,aqua_storytelling_expected,full,0.12500674287644475,2556
xgb_metadata_text_audience__trees__pinned,xgb_metadata_text_audience,trees,True,True,aqua_vulgarity_expected,full,0.05502960525055745,2556
xgb_metadata_text_audience__trees__pinned,xgb_metadata_text_audience,trees,True,True,article_similarity_top3,full,0.12718753795888776,2556
xgb_metadata_text_audience__trees__pinned,xgb_metadata_text_audience,trees,True,True,author_prior_30d_downvote_reception,full,0.01768490123200916,2556
xgb_metadata_text_audience__trees__pinned,xgb_metadata_text_audience,trees,True,True,author_prior_30d_upvote_reception,full,0.13210444905762528,2556
xgb_metadata_text_audience__trees__pinned,xgb_metadata_text_audience,trees,True,True,discussion_pace,full,0.03398343549257804,2556
xgb_metadata_text_audience__trees__pinned,xgb_metadata_text_audience,trees,True,True,is_reply,full,-0.2555069045333381,2556
xgb_metadata_text_audience__trees__pinned,xgb_metadata_text_audience,trees,True,True,lexdiv_length_adjusted,full,0.01905778467409672,2556
xgb_metadata_text_audience__trees__pinned,xgb_metadata_text_audience,trees,True,True,log_author_prior_30d_comments,full,0.00981001129109869,2556
xgb_metadata_text_audience__trees__pinned,xgb_metadata_text_audience,trees,True,True,log_author_prior_comments_story,full,-0.08539574787541968,2556
xgb_metadata_text_audience__trees__pinned,xgb_metadata_text_audience,trees,True,True,log_hours_since_article,full,-0.46913177209694734,2556
xgb_metadata_text_audience__trees__pinned,xgb_metadata_text_audience,trees,True,True,log_words,full,0.14315292209947225,2556
xgb_metadata_text_audience__trees__pinned,xgb_metadata_text_audience,trees,True,True,novelty_prior_all_model,full,0.06879305323820994,2556
xgb_metadata_text_audience__trees__pinned,xgb_metadata_text_audience,trees,True,True,prior_reply_composition,full,-0.4842207970501293,2556
xgb_metadata_text_audience__trees__pinned,xgb_metadata_text_audience,trees,True,True,reading_level_length_adjusted,full,0.005761244409053111,2556
xgb_metadata_text_audience__trees__pinned,xgb_metadata_text_audience,trees,True,True,reply_depth_centered,full,-0.02645207102335049,2556
xgb_metadata_text_audience__trees__pinned,xgb_metadata_text_audience,trees,True,True,sentiment_negative,full,0.022639331015399448,2556
xgb_metadata_text_audience__trees__pinned,xgb_metadata_text_audience,trees,True,True,sentiment_positive,full,0.007895301163320944,2556
xgb_metadata_text_audience__trees__pinned,xgb_metadata_text_audience,trees,True,True,toxicity_probability,full,0.030947897570419856,2556
xgb_metadata_text_audience__trees__pinned,xgb_metadata_text_audience,trees,True,True,url_present,full,-0.034347098604658025,2556
xgb_metadata_text_audience__trees__pinned,xgb_metadata_text_audience,trees,True,True,vienna_overnight,full,-0.20036764305593888,2556
xgb_metadata_text_audience__trees__pinned,xgb_metadata_text_audience,trees,True,True,vienna_weekday_shoulder_evening,full,-0.09240270280314279,2556
xgb_metadata_text_audience__trees__pinned,xgb_metadata_text_audience,trees,True,True,vienna_weekend_day_evening,full,-0.16446468284005902,2556
xgb_metadata_text_audience__trees__unpinned,xgb_metadata_text_audience,trees,False,True,aqua_additional_knowledge_expected,full,0.10983596171384073,2556
xgb_metadata_text_audience__trees__unpinned,xgb_metadata_text_audience,trees,False,True,aqua_discrimination_expected,full,0.11505660145809153,2556
xgb_metadata_text_audience__trees__unpinned,xgb_metadata_text_audience,trees,False,True,aqua_fact_expected,full,0.11745970430540716,2556
xgb_metadata_text_audience__trees__unpinned,xgb_metadata_text_audience,trees,False,True,aqua_insult_expected,full,0.046346600387242365,2556
xgb_metadata_text_audience__trees__unpinned,xgb_metadata_text_audience,trees,False,True,aqua_justification_expected,full,0.17524476574184267,2556
xgb_metadata_text_audience__trees__unpinned,xgb_metadata_text_audience,trees,False,True,aqua_opinion_expected,full,0.1256389111869465,2556
xgb_metadata_text_audience__trees__unpinned,xgb_metadata_text_audience,trees,False,True,aqua_polite_address_expected,full,0.11076908563323849,2556
xgb_metadata_text_audience__trees__unpinned,xgb_metadata_text_audience,trees,False,True,aqua_question_expected,full,-0.06031759726495384,2556
xgb_metadata_text_audience__trees__unpinned,xgb_metadata_text_audience,trees,False,True,aqua_referencing_contents_expected,full,0.02225433142531326,2556
xgb_metadata_text_audience__trees__unpinned,xgb_metadata_text_audience,trees,False,True,aqua_referencing_format_expected,full,0.03619843462287079,2556
xgb_metadata_text_audience__trees__unpinned,xgb_metadata_text_audience,trees,False,True,aqua_referencing_medium_expected,full,0.04890128198462252,2556
xgb_metadata_text_audience__trees__unpinned,xgb_metadata_text_audience,trees,False,True,aqua_referencing_personal_expected,full,0.010574935038928835,2556
xgb_metadata_text_audience__trees__unpinned,xgb_metadata_text_audience,trees,False,True,aqua_referencing_users_expected,full,0.030552301266991603,2556
xgb_metadata_text_audience__trees__unpinned,xgb_metadata_text_audience,trees,False,True,aqua_relevance_expected,full,0.12693353822316947,2556
xgb_metadata_text_audience__trees__unpinned,xgb_metadata_text_audience,trees,False,True,aqua_respect_expected,full,0.060555107206213654,2556
xgb_metadata_text_audience__trees__unpinned,xgb_metadata_text_audience,trees,False,True,aqua_sarcasm_expected,full,-0.014744142481904055,2556
xgb_metadata_text_audience__trees__unpinned,xgb_metadata_text_audience,trees,False,True,aqua_screaming_expected,full,-0.006565828252237463,2556
xgb_metadata_text_audience__trees__unpinned,xgb_metadata_text_audience,trees,False,True,aqua_solution_proposal_expected,full,0.1588830071930985,2556
xgb_metadata_text_audience__trees__unpinned,xgb_metadata_text_audience,trees,False,True,aqua_storytelling_expected,full,0.16316903322070916,2556
xgb_metadata_text_audience__trees__unpinned,xgb_metadata_text_audience,trees,False,True,aqua_vulgarity_expected,full,0.037638388636838147,2556
xgb_metadata_text_audience__trees__unpinned,xgb_metadata_text_audience,trees,False,True,article_similarity_top3,full,0.08464274340896619,2556
xgb_metadata_text_audience__trees__unpinned,xgb_metadata_text_audience,trees,False,True,author_prior_30d_downvote_reception,full,-0.02046107154553985,2556
xgb_metadata_text_audience__trees__unpinned,xgb_metadata_text_audience,trees,False,True,author_prior_30d_upvote_reception,full,0.09746441684058546,2556
xgb_metadata_text_audience__trees__unpinned,xgb_metadata_text_audience,trees,False,True,discussion_pace,full,0.020913525718691314,2556
xgb_metadata_text_audience__trees__unpinned,xgb_metadata_text_audience,trees,False,True,is_reply,full,0.1795838149171822,2556
xgb_metadata_text_audience__trees__unpinned,xgb_metadata_text_audience,trees,False,True,lexdiv_length_adjusted,full,0.008301970654281534,2556
xgb_metadata_text_audience__trees__unpinned,xgb_metadata_text_audience,trees,False,True,log_author_prior_30d_comments,full,0.021738458933231807,2556
xgb_metadata_text_audience__trees__unpinned,xgb_metadata_text_audience,trees,False,True,log_author_prior_comments_story,full,0.002732984880718073,2556
xgb_metadata_text_audience__trees__unpinned,xgb_metadata_text_audience,trees,False,True,log_hours_since_article,full,-0.4027829161925895,2556
xgb_metadata_text_audience__trees__unpinned,xgb_metadata_text_audience,trees,False,True,log_words,full,0.1604859069818085,2556
xgb_metadata_text_audience__trees__unpinned,xgb_metadata_text_audience,trees,False,True,novelty_prior_all_model,full,0.03923649730604923,2556
xgb_metadata_text_audience__trees__unpinned,xgb_metadata_text_audience,trees,False,True,prior_reply_composition,full,-0.4667380076476856,2556
xgb_metadata_text_audience__trees__unpinned,xgb_metadata_text_audience,trees,False,True,reading_level_length_adjusted,full,-0.006459755222944306,2556
xgb_metadata_text_audience__trees__unpinned,xgb_metadata_text_audience,trees,False,True,reply_depth_centered,full,0.004610432556893904,2556
xgb_metadata_text_audience__trees__unpinned,xgb_metadata_text_audience,trees,False,True,sentiment_negative,full,0.019995728875963015,2556
xgb_metadata_text_audience__trees__unpinned,xgb_metadata_text_audience,trees,False,True,sentiment_positive,full,0.01660289617622905,2556
xgb_metadata_text_audience__trees__unpinned,xgb_metadata_text_audience,trees,False,True,toxicity_probability,full,0.009971383924027466,2556
xgb_metadata_text_audience__trees__unpinned,xgb_metadata_text_audience,trees,False,True,url_present,full,-0.055793536365015,2556
xgb_metadata_text_audience__trees__unpinned,xgb_metadata_text_audience,trees,False,True,vienna_overnight,full,-0.13839769890887627,2556
xgb_metadata_text_audience__trees__unpinned,xgb_metadata_text_audience,trees,False,True,vienna_weekday_shoulder_evening,full,-0.06064838034616746,2556
xgb_metadata_text_audience__trees__unpinned,xgb_metadata_text_audience,trees,False,True,vienna_weekend_day_evening,full,-0.12993116492474766,2556
xgb_metadata_text_editor__hidden__pinned,xgb_metadata_text_editor,hidden,True,True,aqua_additional_knowledge_expected,full,0.1561260494504915,2556
xgb_metadata_text_editor__hidden__pinned,xgb_metadata_text_editor,hidden,True,True,aqua_discrimination_expected,full,0.11978227429348,2556
xgb_metadata_text_editor__hidden__pinned,xgb_metadata_text_editor,hidden,True,True,aqua_fact_expected,full,0.17947002478681456,2556
xgb_metadata_text_editor__hidden__pinned,xgb_metadata_text_editor,hidden,True,True,aqua_insult_expected,full,0.10594595804515461,2556
xgb_metadata_text_editor__hidden__pinned,xgb_metadata_text_editor,hidden,True,True,aqua_justification_expected,full,0.20902584682694048,2556
xgb_metadata_text_editor__hidden__pinned,xgb_metadata_text_editor,hidden,True,True,aqua_opinion_expected,full,0.12238991058172759,2556
xgb_metadata_text_editor__hidden__pinned,xgb_metadata_text_editor,hidden,True,True,aqua_polite_address_expected,full,0.09855414091485544,2556
xgb_metadata_text_editor__hidden__pinned,xgb_metadata_text_editor,hidden,True,True,aqua_question_expected,full,-0.05335481806708364,2556
xgb_metadata_text_editor__hidden__pinned,xgb_metadata_text_editor,hidden,True,True,aqua_referencing_contents_expected,full,-0.13815382168967558,2556
xgb_metadata_text_editor__hidden__pinned,xgb_metadata_text_editor,hidden,True,True,aqua_referencing_format_expected,full,0.11019522005400287,2556
xgb_metadata_text_editor__hidden__pinned,xgb_metadata_text_editor,hidden,True,True,aqua_referencing_medium_expected,full,0.0773032146884716,2556
xgb_metadata_text_editor__hidden__pinned,xgb_metadata_text_editor,hidden,True,True,aqua_referencing_personal_expected,full,0.04089737248779672,2556
xgb_metadata_text_editor__hidden__pinned,xgb_metadata_text_editor,hidden,True,True,aqua_referencing_users_expected,full,-0.08195842158857405,2556
xgb_metadata_text_editor__hidden__pinned,xgb_metadata_text_editor,hidden,True,True,aqua_relevance_expected,full,0.11160100987910933,2556
xgb_metadata_text_editor__hidden__pinned,xgb_metadata_text_editor,hidden,True,True,aqua_respect_expected,full,0.04193460705729949,2556
xgb_metadata_text_editor__hidden__pinned,xgb_metadata_text_editor,hidden,True,True,aqua_sarcasm_expected,full,0.04413610338152897,2556
xgb_metadata_text_editor__hidden__pinned,xgb_metadata_text_editor,hidden,True,True,aqua_screaming_expected,full,0.06120312833906192,2556
xgb_metadata_text_editor__hidden__pinned,xgb_metadata_text_editor,hidden,True,True,aqua_solution_proposal_expected,full,0.1638550371866732,2556
xgb_metadata_text_editor__hidden__pinned,xgb_metadata_text_editor,hidden,True,True,aqua_storytelling_expected,full,0.1427047823812335,2556
xgb_metadata_text_editor__hidden__pinned,xgb_metadata_text_editor,hidden,True,True,aqua_vulgarity_expected,full,0.1322391101039323,2556
xgb_metadata_text_editor__hidden__pinned,xgb_metadata_text_editor,hidden,True,True,article_similarity_top3,full,0.2828474620941704,2556
xgb_metadata_text_editor__hidden__pinned,xgb_metadata_text_editor,hidden,True,True,author_prior_30d_downvote_reception,full,0.09531670121022667,2556
xgb_metadata_text_editor__hidden__pinned,xgb_metadata_text_editor,hidden,True,True,author_prior_30d_upvote_reception,full,0.18312208384986745,2556
xgb_metadata_text_editor__hidden__pinned,xgb_metadata_text_editor,hidden,True,True,discussion_pace,full,-0.048679708433545625,2556
xgb_metadata_text_editor__hidden__pinned,xgb_metadata_text_editor,hidden,True,True,is_reply,full,-0.9997123109817774,2556
xgb_metadata_text_editor__hidden__pinned,xgb_metadata_text_editor,hidden,True,True,lexdiv_length_adjusted,full,0.03997190133431772,2556
xgb_metadata_text_editor__hidden__pinned,xgb_metadata_text_editor,hidden,True,True,log_author_prior_30d_comments,full,-0.08326245562910141,2556
xgb_metadata_text_editor__hidden__pinned,xgb_metadata_text_editor,hidden,True,True,log_author_prior_comments_story,full,-0.4857517303377155,2556
xgb_metadata_text_editor__hidden__pinned,xgb_metadata_text_editor,hidden,True,True,log_hours_since_article,full,-0.30848481840664216,2556
xgb_metadata_text_editor__hidden__pinned,xgb_metadata_text_editor,hidden,True,True,log_words,full,0.2112380284097146,2556
xgb_metadata_text_editor__hidden__pinned,xgb_metadata_text_editor,hidden,True,True,novelty_prior_all_model,full,0.009906629426601126,2556
xgb_metadata_text_editor__hidden__pinned,xgb_metadata_text_editor,hidden,True,True,prior_reply_composition,full,-0.28021070686378774,2556
xgb_metadata_text_editor__hidden__pinned,xgb_metadata_text_editor,hidden,True,True,reading_level_length_adjusted,full,0.024998043121784337,2556
xgb_metadata_text_editor__hidden__pinned,xgb_metadata_text_editor,hidden,True,True,reply_depth_centered,full,0.11170333653838423,2556
xgb_metadata_text_editor__hidden__pinned,xgb_metadata_text_editor,hidden,True,True,sentiment_negative,full,0.048663230431112675,2556
xgb_metadata_text_editor__hidden__pinned,xgb_metadata_text_editor,hidden,True,True,sentiment_positive,full,-0.008746611367696609,2556
xgb_metadata_text_editor__hidden__pinned,xgb_metadata_text_editor,hidden,True,True,toxicity_probability,full,0.056113397634816826,2556
xgb_metadata_text_editor__hidden__pinned,xgb_metadata_text_editor,hidden,True,True,url_present,full,-0.02706293926859191,2556
xgb_metadata_text_editor__hidden__pinned,xgb_metadata_text_editor,hidden,True,True,vienna_overnight,full,-0.12586809042616054,2556
xgb_metadata_text_editor__hidden__pinned,xgb_metadata_text_editor,hidden,True,True,vienna_weekday_shoulder_evening,full,-0.0854722602643986,2556
xgb_metadata_text_editor__hidden__pinned,xgb_metadata_text_editor,hidden,True,True,vienna_weekend_day_evening,full,-0.12993238050235634,2556
xgb_metadata_text_editor__hidden__unpinned,xgb_metadata_text_editor,hidden,False,True,aqua_additional_knowledge_expected,full,0.15945084861708017,2556
xgb_metadata_text_editor__hidden__unpinned,xgb_metadata_text_editor,hidden,False,True,aqua_discrimination_expected,full,0.12329591098034623,2556
xgb_metadata_text_editor__hidden__unpinned,xgb_metadata_text_editor,hidden,False,True,aqua_fact_expected,full,0.18308293418731578,2556
xgb_metadata_text_editor__hidden__unpinned,xgb_metadata_text_editor,hidden,False,True,aqua_insult_expected,full,0.10775334371021299,2556
xgb_metadata_text_editor__hidden__unpinned,xgb_metadata_text_editor,hidden,False,True,aqua_justification_expected,full,0.21613173481038267,2556
xgb_metadata_text_editor__hidden__unpinned,xgb_metadata_text_editor,hidden,False,True,aqua_opinion_expected,full,0.12895494685705125,2556
xgb_metadata_text_editor__hidden__unpinned,xgb_metadata_text_editor,hidden,False,True,aqua_polite_address_expected,full,0.1015023326858055,2556
xgb_metadata_text_editor__hidden__unpinned,xgb_metadata_text_editor,hidden,False,True,aqua_question_expected,full,-0.05497685718009109,2556
xgb_metadata_text_editor__hidden__unpinned,xgb_metadata_text_editor,hidden,False,True,aqua_referencing_contents_expected,full,-0.13728453644427685,2556
xgb_metadata_text_editor__hidden__unpinned,xgb_metadata_text_editor,hidden,False,True,aqua_referencing_format_expected,full,0.11187144683697119,2556
xgb_metadata_text_editor__hidden__unpinned,xgb_metadata_text_editor,hidden,False,True,aqua_referencing_medium_expected,full,0.07964445451574921,2556
xgb_metadata_text_editor__hidden__unpinned,xgb_metadata_text_editor,hidden,False,True,aqua_referencing_personal_expected,full,0.04195988896154393,2556
xgb_metadata_text_editor__hidden__unpinned,xgb_metadata_text_editor,hidden,False,True,aqua_referencing_users_expected,full,-0.08026002618612435,2556
xgb_metadata_text_editor__hidden__unpinned,xgb_metadata_text_editor,hidden,False,True,aqua_relevance_expected,full,0.11523118341442705,2556
xgb_metadata_text_editor__hidden__unpinned,xgb_metadata_text_editor,hidden,False,True,aqua_respect_expected,full,0.04443630465926954,2556
xgb_metadata_text_editor__hidden__unpinned,xgb_metadata_text_editor,hidden,False,True,aqua_sarcasm_expected,full,0.04372812160291362,2556
xgb_metadata_text_editor__hidden__unpinned,xgb_metadata_text_editor,hidden,False,True,aqua_screaming_expected,full,0.06299969342352274,2556
xgb_metadata_text_editor__hidden__unpinned,xgb_metadata_text_editor,hidden,False,True,aqua_solution_proposal_expected,full,0.16884057061236915,2556
xgb_metadata_text_editor__hidden__unpinned,xgb_metadata_text_editor,hidden,False,True,aqua_storytelling_expected,full,0.14797002295420303,2556
xgb_metadata_text_editor__hidden__unpinned,xgb_metadata_text_editor,hidden,False,True,aqua_vulgarity_expected,full,0.13499021548788012,2556
xgb_metadata_text_editor__hidden__unpinned,xgb_metadata_text_editor,hidden,False,True,article_similarity_top3,full,0.2857852917524436,2556
xgb_metadata_text_editor__hidden__unpinned,xgb_metadata_text_editor,hidden,False,True,author_prior_30d_downvote_reception,full,0.09593918431856839,2556
xgb_metadata_text_editor__hidden__unpinned,xgb_metadata_text_editor,hidden,False,True,author_prior_30d_upvote_reception,full,0.18716052450108944,2556
xgb_metadata_text_editor__hidden__unpinned,xgb_metadata_text_editor,hidden,False,True,discussion_pace,full,-0.05914753596541061,2556
xgb_metadata_text_editor__hidden__unpinned,xgb_metadata_text_editor,hidden,False,True,is_reply,full,-0.9998069835567782,2556
xgb_metadata_text_editor__hidden__unpinned,xgb_metadata_text_editor,hidden,False,True,lexdiv_length_adjusted,full,0.04034772233376169,2556
xgb_metadata_text_editor__hidden__unpinned,xgb_metadata_text_editor,hidden,False,True,log_author_prior_30d_comments,full,-0.08247408409480714,2556
xgb_metadata_text_editor__hidden__unpinned,xgb_metadata_text_editor,hidden,False,True,log_author_prior_comments_story,full,-0.4871831808698769,2556
xgb_metadata_text_editor__hidden__unpinned,xgb_metadata_text_editor,hidden,False,True,log_hours_since_article,full,-0.31659770439357376,2556
xgb_metadata_text_editor__hidden__unpinned,xgb_metadata_text_editor,hidden,False,True,log_words,full,0.21723158174989757,2556
xgb_metadata_text_editor__hidden__unpinned,xgb_metadata_text_editor,hidden,False,True,novelty_prior_all_model,full,0.012830376184936754,2556
xgb_metadata_text_editor__hidden__unpinned,xgb_metadata_text_editor,hidden,False,True,prior_reply_composition,full,-0.28674379065054906,2556
xgb_metadata_text_editor__hidden__unpinned,xgb_metadata_text_editor,hidden,False,True,reading_level_length_adjusted,full,0.024119415081574357,2556
xgb_metadata_text_editor__hidden__unpinned,xgb_metadata_text_editor,hidden,False,True,reply_depth_centered,full,0.1127174161987484,2556
xgb_metadata_text_editor__hidden__unpinned,xgb_metadata_text_editor,hidden,False,True,sentiment_negative,full,0.05105260234315586,2556
xgb_metadata_text_editor__hidden__unpinned,xgb_metadata_text_editor,hidden,False,True,sentiment_positive,full,-0.008081043991096711,2556
xgb_metadata_text_editor__hidden__unpinned,xgb_metadata_text_editor,hidden,False,True,toxicity_probability,full,0.0597910052646007,2556
xgb_metadata_text_editor__hidden__unpinned,xgb_metadata_text_editor,hidden,False,True,url_present,full,-0.03096350747850604,2556
xgb_metadata_text_editor__hidden__unpinned,xgb_metadata_text_editor,hidden,False,True,vienna_overnight,full,-0.12417874784282318,2556
xgb_metadata_text_editor__hidden__unpinned,xgb_metadata_text_editor,hidden,False,True,vienna_weekday_shoulder_evening,full,-0.08582708885704286,2556
xgb_metadata_text_editor__hidden__unpinned,xgb_metadata_text_editor,hidden,False,True,vienna_weekend_day_evening,full,-0.13004581649287653,2556
xgb_metadata_text_editor__loose__pinned,xgb_metadata_text_editor,loose,True,True,aqua_additional_knowledge_expected,full,0.19950906191366613,2556
xgb_metadata_text_editor__loose__pinned,xgb_metadata_text_editor,loose,True,True,aqua_discrimination_expected,full,0.15517181270397146,2556
xgb_metadata_text_editor__loose__pinned,xgb_metadata_text_editor,loose,True,True,aqua_fact_expected,full,0.22413639091779966,2556
xgb_metadata_text_editor__loose__pinned,xgb_metadata_text_editor,loose,True,True,aqua_insult_expected,full,0.12593504885862503,2556
xgb_metadata_text_editor__loose__pinned,xgb_metadata_text_editor,loose,True,True,aqua_justification_expected,full,0.25351919081365426,2556
xgb_metadata_text_editor__loose__pinned,xgb_metadata_text_editor,loose,True,True,aqua_opinion_expected,full,0.13837941412119922,2556
xgb_metadata_text_editor__loose__pinned,xgb_metadata_text_editor,loose,True,True,aqua_polite_address_expected,full,0.1282362175607932,2556
xgb_metadata_text_editor__loose__pinned,xgb_metadata_text_editor,loose,True,True,aqua_question_expected,full,-0.0569462693248353,2556
xgb_metadata_text_editor__loose__pinned,xgb_metadata_text_editor,loose,True,True,aqua_referencing_contents_expected,full,-0.15537876969134887,2556
xgb_metadata_text_editor__loose__pinned,xgb_metadata_text_editor,loose,True,True,aqua_referencing_format_expected,full,0.12684249213369744,2556
xgb_metadata_text_editor__loose__pinned,xgb_metadata_text_editor,loose,True,True,aqua_referencing_medium_expected,full,0.10434219364719034,2556
xgb_metadata_text_editor__loose__pinned,xgb_metadata_text_editor,loose,True,True,aqua_referencing_personal_expected,full,0.05076828294448581,2556
xgb_metadata_text_editor__loose__pinned,xgb_metadata_text_editor,loose,True,True,aqua_referencing_users_expected,full,-0.09192176746077707,2556
xgb_metadata_text_editor__loose__pinned,xgb_metadata_text_editor,loose,True,True,aqua_relevance_expected,full,0.1489825256521194,2556
xgb_metadata_text_editor__loose__pinned,xgb_metadata_text_editor,loose,True,True,aqua_respect_expected,full,0.04926888300405231,2556
xgb_metadata_text_editor__loose__pinned,xgb_metadata_text_editor,loose,True,True,aqua_sarcasm_expected,full,0.0443934752782096,2556
xgb_metadata_text_editor__loose__pinned,xgb_metadata_text_editor,loose,True,True,aqua_screaming_expected,full,0.08346694270608367,2556
xgb_metadata_text_editor__loose__pinned,xgb_metadata_text_editor,loose,True,True,aqua_solution_proposal_expected,full,0.21232089438637425,2556
xgb_metadata_text_editor__loose__pinned,xgb_metadata_text_editor,loose,True,True,aqua_storytelling_expected,full,0.1800208601520779,2556
xgb_metadata_text_editor__loose__pinned,xgb_metadata_text_editor,loose,True,True,aqua_vulgarity_expected,full,0.14601163929166988,2556
xgb_metadata_text_editor__loose__pinned,xgb_metadata_text_editor,loose,True,True,article_similarity_top3,full,0.33598692892652093,2556
xgb_metadata_text_editor__loose__pinned,xgb_metadata_text_editor,loose,True,True,author_prior_30d_downvote_reception,full,0.0938901920603017,2556
xgb_metadata_text_editor__loose__pinned,xgb_metadata_text_editor,loose,True,True,author_prior_30d_upvote_reception,full,0.23620442480186832,2556
xgb_metadata_text_editor__loose__pinned,xgb_metadata_text_editor,loose,True,True,discussion_pace,full,0.023949478098315293,2556
xgb_metadata_text_editor__loose__pinned,xgb_metadata_text_editor,loose,True,True,is_reply,full,-0.9913089050493699,2556
xgb_metadata_text_editor__loose__pinned,xgb_metadata_text_editor,loose,True,True,lexdiv_length_adjusted,full,0.04271314475541823,2556
xgb_metadata_text_editor__loose__pinned,xgb_metadata_text_editor,loose,True,True,log_author_prior_30d_comments,full,-0.09519728424423451,2556
xgb_metadata_text_editor__loose__pinned,xgb_metadata_text_editor,loose,True,True,log_author_prior_comments_story,full,-0.5653290684003589,2556
xgb_metadata_text_editor__loose__pinned,xgb_metadata_text_editor,loose,True,True,log_hours_since_article,full,-0.5066498047472017,2556
xgb_metadata_text_editor__loose__pinned,xgb_metadata_text_editor,loose,True,True,log_words,full,0.2569425583958259,2556
xgb_metadata_text_editor__loose__pinned,xgb_metadata_text_editor,loose,True,True,novelty_prior_all_model,full,0.03542004923576325,2556
xgb_metadata_text_editor__loose__pinned,xgb_metadata_text_editor,loose,True,True,prior_reply_composition,full,-0.5166769525148722,2556
xgb_metadata_text_editor__loose__pinned,xgb_metadata_text_editor,loose,True,True,reading_level_length_adjusted,full,0.03965011152852142,2556
xgb_metadata_text_editor__loose__pinned,xgb_metadata_text_editor,loose,True,True,reply_depth_centered,full,-0.1502164917583232,2556
xgb_metadata_text_editor__loose__pinned,xgb_metadata_text_editor,loose,True,True,sentiment_negative,full,0.05787992216372271,2556
xgb_metadata_text_editor__loose__pinned,xgb_metadata_text_editor,loose,True,True,sentiment_positive,full,-0.0020426889507510217,2556
xgb_metadata_text_editor__loose__pinned,xgb_metadata_text_editor,loose,True,True,toxicity_probability,full,0.08975889135485708,2556
xgb_metadata_text_editor__loose__pinned,xgb_metadata_text_editor,loose,True,True,url_present,full,0.0403310973876561,2556
xgb_metadata_text_editor__loose__pinned,xgb_metadata_text_editor,loose,True,True,vienna_overnight,full,-0.1583925888843081,2556
xgb_metadata_text_editor__loose__pinned,xgb_metadata_text_editor,loose,True,True,vienna_weekday_shoulder_evening,full,-0.10531004668621473,2556
xgb_metadata_text_editor__loose__pinned,xgb_metadata_text_editor,loose,True,True,vienna_weekend_day_evening,full,-0.17559414446461002,2556
xgb_metadata_text_editor__loose__unpinned,xgb_metadata_text_editor,loose,False,True,aqua_additional_knowledge_expected,full,0.27202648662900253,2556
xgb_metadata_text_editor__loose__unpinned,xgb_metadata_text_editor,loose,False,True,aqua_discrimination_expected,full,0.2071990902732038,2556
xgb_metadata_text_editor__loose__unpinned,xgb_metadata_text_editor,loose,False,True,aqua_fact_expected,full,0.2869516716648246,2556
xgb_metadata_text_editor__loose__unpinned,xgb_metadata_text_editor,loose,False,True,aqua_insult_expected,full,0.1537646642036851,2556
xgb_metadata_text_editor__loose__unpinned,xgb_metadata_text_editor,loose,False,True,aqua_justification_expected,full,0.3376411142948128,2556
xgb_metadata_text_editor__loose__unpinned,xgb_metadata_text_editor,loose,False,True,aqua_opinion_expected,full,0.18405120875832331,2556
xgb_metadata_text_editor__loose__unpinned,xgb_metadata_text_editor,loose,False,True,aqua_polite_address_expected,full,0.17361678826879123,2556
xgb_metadata_text_editor__loose__unpinned,xgb_metadata_text_editor,loose,False,True,aqua_question_expected,full,-0.08472197150988013,2556
xgb_metadata_text_editor__loose__unpinned,xgb_metadata_text_editor,loose,False,True,aqua_referencing_contents_expected,full,-0.17083810686162343,2556
xgb_metadata_text_editor__loose__unpinned,xgb_metadata_text_editor,loose,False,True,aqua_referencing_format_expected,full,0.15040750277124956,2556
xgb_metadata_text_editor__loose__unpinned,xgb_metadata_text_editor,loose,False,True,aqua_referencing_medium_expected,full,0.13255973929947934,2556
xgb_metadata_text_editor__loose__unpinned,xgb_metadata_text_editor,loose,False,True,aqua_referencing_personal_expected,full,0.05775367884852203,2556
xgb_metadata_text_editor__loose__unpinned,xgb_metadata_text_editor,loose,False,True,aqua_referencing_users_expected,full,-0.10079497555551829,2556
xgb_metadata_text_editor__loose__unpinned,xgb_metadata_text_editor,loose,False,True,aqua_relevance_expected,full,0.20787162998204228,2556
xgb_metadata_text_editor__loose__unpinned,xgb_metadata_text_editor,loose,False,True,aqua_respect_expected,full,0.06879316073094842,2556
xgb_metadata_text_editor__loose__unpinned,xgb_metadata_text_editor,loose,False,True,aqua_sarcasm_expected,full,0.043460012459352486,2556
xgb_metadata_text_editor__loose__unpinned,xgb_metadata_text_editor,loose,False,True,aqua_screaming_expected,full,0.09508157490312345,2556
xgb_metadata_text_editor__loose__unpinned,xgb_metadata_text_editor,loose,False,True,aqua_solution_proposal_expected,full,0.2955470495277491,2556
xgb_metadata_text_editor__loose__unpinned,xgb_metadata_text_editor,loose,False,True,aqua_storytelling_expected,full,0.2639884568806762,2556
xgb_metadata_text_editor__loose__unpinned,xgb_metadata_text_editor,loose,False,True,aqua_vulgarity_expected,full,0.1737805709934104,2556
xgb_metadata_text_editor__loose__unpinned,xgb_metadata_text_editor,loose,False,True,article_similarity_top3,full,0.3990162562280472,2556
xgb_metadata_text_editor__loose__unpinned,xgb_metadata_text_editor,loose,False,True,author_prior_30d_downvote_reception,full,0.09239333913476808,2556
xgb_metadata_text_editor__loose__unpinned,xgb_metadata_text_editor,loose,False,True,author_prior_30d_upvote_reception,full,0.27591631904280867,2556
xgb_metadata_text_editor__loose__unpinned,xgb_metadata_text_editor,loose,False,True,discussion_pace,full,0.06544716318940708,2556
xgb_metadata_text_editor__loose__unpinned,xgb_metadata_text_editor,loose,False,True,is_reply,full,-0.9918768066150816,2556
xgb_metadata_text_editor__loose__unpinned,xgb_metadata_text_editor,loose,False,True,lexdiv_length_adjusted,full,0.04576639581289655,2556
xgb_metadata_text_editor__loose__unpinned,xgb_metadata_text_editor,loose,False,True,log_author_prior_30d_comments,full,-0.12307688845966967,2556
xgb_metadata_text_editor__loose__unpinned,xgb_metadata_text_editor,loose,False,True,log_author_prior_comments_story,full,-0.6578157371449718,2556
xgb_metadata_text_editor__loose__unpinned,xgb_metadata_text_editor,loose,False,True,log_hours_since_article,full,-0.6008128999265142,2556
xgb_metadata_text_editor__loose__unpinned,xgb_metadata_text_editor,loose,False,True,log_words,full,0.3324917629642441,2556
xgb_metadata_text_editor__loose__unpinned,xgb_metadata_text_editor,loose,False,True,novelty_prior_all_model,full,0.023156152838156717,2556
xgb_metadata_text_editor__loose__unpinned,xgb_metadata_text_editor,loose,False,True,prior_reply_composition,full,-0.6300030079998398,2556
xgb_metadata_text_editor__loose__unpinned,xgb_metadata_text_editor,loose,False,True,reading_level_length_adjusted,full,0.04694417111272572,2556
xgb_metadata_text_editor__loose__unpinned,xgb_metadata_text_editor,loose,False,True,reply_depth_centered,full,-0.2653923672712074,2556
xgb_metadata_text_editor__loose__unpinned,xgb_metadata_text_editor,loose,False,True,sentiment_negative,full,0.07148572556873047,2556
xgb_metadata_text_editor__loose__unpinned,xgb_metadata_text_editor,loose,False,True,sentiment_positive,full,0.006788614425359219,2556
xgb_metadata_text_editor__loose__unpinned,xgb_metadata_text_editor,loose,False,True,toxicity_probability,full,0.10673742229420925,2556
xgb_metadata_text_editor__loose__unpinned,xgb_metadata_text_editor,loose,False,True,url_present,full,0.05272148418730424,2556
xgb_metadata_text_editor__loose__unpinned,xgb_metadata_text_editor,loose,False,True,vienna_overnight,full,-0.16627486380198803,2556
xgb_metadata_text_editor__loose__unpinned,xgb_metadata_text_editor,loose,False,True,vienna_weekday_shoulder_evening,full,-0.10514354999011696,2556
xgb_metadata_text_editor__loose__unpinned,xgb_metadata_text_editor,loose,False,True,vienna_weekend_day_evening,full,-0.20264885014304929,2556
xgb_metadata_text_editor__trees__pinned,xgb_metadata_text_editor,trees,True,True,aqua_additional_knowledge_expected,full,0.10995343209975204,2556
xgb_metadata_text_editor__trees__pinned,xgb_metadata_text_editor,trees,True,True,aqua_discrimination_expected,full,0.09975143219411318,2556
xgb_metadata_text_editor__trees__pinned,xgb_metadata_text_editor,trees,True,True,aqua_fact_expected,full,0.1173247887887991,2556
xgb_metadata_text_editor__trees__pinned,xgb_metadata_text_editor,trees,True,True,aqua_insult_expected,full,0.05644396805206989,2556
xgb_metadata_text_editor__trees__pinned,xgb_metadata_text_editor,trees,True,True,aqua_justification_expected,full,0.1561002296267432,2556
xgb_metadata_text_editor__trees__pinned,xgb_metadata_text_editor,trees,True,True,aqua_opinion_expected,full,0.10396229979457043,2556
xgb_metadata_text_editor__trees__pinned,xgb_metadata_text_editor,trees,True,True,aqua_polite_address_expected,full,0.10196787736578718,2556
xgb_metadata_text_editor__trees__pinned,xgb_metadata_text_editor,trees,True,True,aqua_question_expected,full,-0.04458724887360408,2556
xgb_metadata_text_editor__trees__pinned,xgb_metadata_text_editor,trees,True,True,aqua_referencing_contents_expected,full,-0.02173720789269548,2556
xgb_metadata_text_editor__trees__pinned,xgb_metadata_text_editor,trees,True,True,aqua_referencing_format_expected,full,0.057217106797112775,2556
xgb_metadata_text_editor__trees__pinned,xgb_metadata_text_editor,trees,True,True,aqua_referencing_medium_expected,full,0.05682035062182257,2556
xgb_metadata_text_editor__trees__pinned,xgb_metadata_text_editor,trees,True,True,aqua_referencing_personal_expected,full,0.02407589183529512,2556
xgb_metadata_text_editor__trees__pinned,xgb_metadata_text_editor,trees,True,True,aqua_referencing_users_expected,full,0.0028905409747798866,2556
xgb_metadata_text_editor__trees__pinned,xgb_metadata_text_editor,trees,True,True,aqua_relevance_expected,full,0.09943139333396614,2556
xgb_metadata_text_editor__trees__pinned,xgb_metadata_text_editor,trees,True,True,aqua_respect_expected,full,0.04939934249024972,2556
xgb_metadata_text_editor__trees__pinned,xgb_metadata_text_editor,trees,True,True,aqua_sarcasm_expected,full,0.0009936840258156028,2556
xgb_metadata_text_editor__trees__pinned,xgb_metadata_text_editor,trees,True,True,aqua_screaming_expected,full,0.009961853365571758,2556
xgb_metadata_text_editor__trees__pinned,xgb_metadata_text_editor,trees,True,True,aqua_solution_proposal_expected,full,0.13740228387544554,2556
xgb_metadata_text_editor__trees__pinned,xgb_metadata_text_editor,trees,True,True,aqua_storytelling_expected,full,0.1319129732982249,2556
xgb_metadata_text_editor__trees__pinned,xgb_metadata_text_editor,trees,True,True,aqua_vulgarity_expected,full,0.05742021448053156,2556
xgb_metadata_text_editor__trees__pinned,xgb_metadata_text_editor,trees,True,True,article_similarity_top3,full,0.13297437273015802,2556
xgb_metadata_text_editor__trees__pinned,xgb_metadata_text_editor,trees,True,True,author_prior_30d_downvote_reception,full,0.016681784694433127,2556
xgb_metadata_text_editor__trees__pinned,xgb_metadata_text_editor,trees,True,True,author_prior_30d_upvote_reception,full,0.12994042517050086,2556
xgb_metadata_text_editor__trees__pinned,xgb_metadata_text_editor,trees,True,True,discussion_pace,full,0.033810086544280755,2556
xgb_metadata_text_editor__trees__pinned,xgb_metadata_text_editor,trees,True,True,is_reply,full,-0.25653315700472573,2556
xgb_metadata_text_editor__trees__pinned,xgb_metadata_text_editor,trees,True,True,lexdiv_length_adjusted,full,0.01958711315900954,2556
xgb_metadata_text_editor__trees__pinned,xgb_metadata_text_editor,trees,True,True,log_author_prior_30d_comments,full,0.008489895149171103,2556
xgb_metadata_text_editor__trees__pinned,xgb_metadata_text_editor,trees,True,True,log_author_prior_comments_story,full,-0.08295769277333993,2556
xgb_metadata_text_editor__trees__pinned,xgb_metadata_text_editor,trees,True,True,log_hours_since_article,full,-0.4561527519266205,2556
xgb_metadata_text_editor__trees__pinned,xgb_metadata_text_editor,trees,True,True,log_words,full,0.1525396771741604,2556
xgb_metadata_text_editor__trees__pinned,xgb_metadata_text_editor,trees,True,True,novelty_prior_all_model,full,0.061594955777216284,2556
xgb_metadata_text_editor__trees__pinned,xgb_metadata_text_editor,trees,True,True,prior_reply_composition,full,-0.4708803725855062,2556
xgb_metadata_text_editor__trees__pinned,xgb_metadata_text_editor,trees,True,True,reading_level_length_adjusted,full,0.0061553497073818225,2556
xgb_metadata_text_editor__trees__pinned,xgb_metadata_text_editor,trees,True,True,reply_depth_centered,full,-0.025588942912280022,2556
xgb_metadata_text_editor__trees__pinned,xgb_metadata_text_editor,trees,True,True,sentiment_negative,full,0.02295576146512813,2556
xgb_metadata_text_editor__trees__pinned,xgb_metadata_text_editor,trees,True,True,sentiment_positive,full,0.007964326728019357,2556
xgb_metadata_text_editor__trees__pinned,xgb_metadata_text_editor,trees,True,True,toxicity_probability,full,0.03110127373944866,2556
xgb_metadata_text_editor__trees__pinned,xgb_metadata_text_editor,trees,True,True,url_present,full,-0.030404247481041303,2556
xgb_metadata_text_editor__trees__pinned,xgb_metadata_text_editor,trees,True,True,vienna_overnight,full,-0.1927813514642538,2556
xgb_metadata_text_editor__trees__pinned,xgb_metadata_text_editor,trees,True,True,vienna_weekday_shoulder_evening,full,-0.09120381870842476,2556
xgb_metadata_text_editor__trees__pinned,xgb_metadata_text_editor,trees,True,True,vienna_weekend_day_evening,full,-0.16182151050461577,2556
xgb_metadata_text_editor__trees__unpinned,xgb_metadata_text_editor,trees,False,True,aqua_additional_knowledge_expected,full,0.11986175170689375,2556
xgb_metadata_text_editor__trees__unpinned,xgb_metadata_text_editor,trees,False,True,aqua_discrimination_expected,full,0.12158270095373389,2556
xgb_metadata_text_editor__trees__unpinned,xgb_metadata_text_editor,trees,False,True,aqua_fact_expected,full,0.1264324877011638,2556
xgb_metadata_text_editor__trees__unpinned,xgb_metadata_text_editor,trees,False,True,aqua_insult_expected,full,0.048682956173807884,2556
xgb_metadata_text_editor__trees__unpinned,xgb_metadata_text_editor,trees,False,True,aqua_justification_expected,full,0.18586007297621912,2556
xgb_metadata_text_editor__trees__unpinned,xgb_metadata_text_editor,trees,False,True,aqua_opinion_expected,full,0.1314690221653955,2556
xgb_metadata_text_editor__trees__unpinned,xgb_metadata_text_editor,trees,False,True,aqua_polite_address_expected,full,0.1176462842391431,2556
xgb_metadata_text_editor__trees__unpinned,xgb_metadata_text_editor,trees,False,True,aqua_question_expected,full,-0.06201480768392702,2556
xgb_metadata_text_editor__trees__unpinned,xgb_metadata_text_editor,trees,False,True,aqua_referencing_contents_expected,full,0.022401321017640943,2556
xgb_metadata_text_editor__trees__unpinned,xgb_metadata_text_editor,trees,False,True,aqua_referencing_format_expected,full,0.04114619867039335,2556
xgb_metadata_text_editor__trees__unpinned,xgb_metadata_text_editor,trees,False,True,aqua_referencing_medium_expected,full,0.053453630852122645,2556
xgb_metadata_text_editor__trees__unpinned,xgb_metadata_text_editor,trees,False,True,aqua_referencing_personal_expected,full,0.01344282400066012,2556
xgb_metadata_text_editor__trees__unpinned,xgb_metadata_text_editor,trees,False,True,aqua_referencing_users_expected,full,0.031998805953525035,2556
xgb_metadata_text_editor__trees__unpinned,xgb_metadata_text_editor,trees,False,True,aqua_relevance_expected,full,0.1340654246884291,2556
xgb_metadata_text_editor__trees__unpinned,xgb_metadata_text_editor,trees,False,True,aqua_respect_expected,full,0.0628179218364401,2556
xgb_metadata_text_editor__trees__unpinned,xgb_metadata_text_editor,trees,False,True,aqua_sarcasm_expected,full,-0.016042809539656765,2556
xgb_metadata_text_editor__trees__unpinned,xgb_metadata_text_editor,trees,False,True,aqua_screaming_expected,full,-0.005761781651976512,2556
xgb_metadata_text_editor__trees__unpinned,xgb_metadata_text_editor,trees,False,True,aqua_solution_proposal_expected,full,0.17052216557010685,2556
xgb_metadata_text_editor__trees__unpinned,xgb_metadata_text_editor,trees,False,True,aqua_storytelling_expected,full,0.17233853071517002,2556
xgb_metadata_text_editor__trees__unpinned,xgb_metadata_text_editor,trees,False,True,aqua_vulgarity_expected,full,0.040437131198693056,2556
xgb_metadata_text_editor__trees__unpinned,xgb_metadata_text_editor,trees,False,True,article_similarity_top3,full,0.09230615107938396,2556
xgb_metadata_text_editor__trees__unpinned,xgb_metadata_text_editor,trees,False,True,author_prior_30d_downvote_reception,full,-0.02179182145946109,2556
xgb_metadata_text_editor__trees__unpinned,xgb_metadata_text_editor,trees,False,True,author_prior_30d_upvote_reception,full,0.09466282374056022,2556
xgb_metadata_text_editor__trees__unpinned,xgb_metadata_text_editor,trees,False,True,discussion_pace,full,0.02074941230410755,2556
xgb_metadata_text_editor__trees__unpinned,xgb_metadata_text_editor,trees,False,True,is_reply,full,0.177455727632421,2556
xgb_metadata_text_editor__trees__unpinned,xgb_metadata_text_editor,trees,False,True,lexdiv_length_adjusted,full,0.009049485473895743,2556
xgb_metadata_text_editor__trees__unpinned,xgb_metadata_text_editor,trees,False,True,log_author_prior_30d_comments,full,0.020251811137532702,2556
xgb_metadata_text_editor__trees__unpinned,xgb_metadata_text_editor,trees,False,True,log_author_prior_comments_story,full,0.005698442849333788,2556
xgb_metadata_text_editor__trees__unpinned,xgb_metadata_text_editor,trees,False,True,log_hours_since_article,full,-0.38695202654099886,2556
xgb_metadata_text_editor__trees__unpinned,xgb_metadata_text_editor,trees,False,True,log_words,full,0.17216659054899539,2556
xgb_metadata_text_editor__trees__unpinned,xgb_metadata_text_editor,trees,False,True,novelty_prior_all_model,full,0.030251571607709176,2556
xgb_metadata_text_editor__trees__unpinned,xgb_metadata_text_editor,trees,False,True,prior_reply_composition,full,-0.448424096461434,2556
xgb_metadata_text_editor__trees__unpinned,xgb_metadata_text_editor,trees,False,True,reading_level_length_adjusted,full,-0.005868371110833047,2556
xgb_metadata_text_editor__trees__unpinned,xgb_metadata_text_editor,trees,False,True,reply_depth_centered,full,0.005677197034596397,2556
xgb_metadata_text_editor__trees__unpinned,xgb_metadata_text_editor,trees,False,True,sentiment_negative,full,0.02021919535134184,2556
xgb_metadata_text_editor__trees__unpinned,xgb_metadata_text_editor,trees,False,True,sentiment_positive,full,0.016878053691896662,2556
xgb_metadata_text_editor__trees__unpinned,xgb_metadata_text_editor,trees,False,True,toxicity_probability,full,0.009898735175242566,2556
xgb_metadata_text_editor__trees__unpinned,xgb_metadata_text_editor,trees,False,True,url_present,full,-0.049348940085139285,2556
xgb_metadata_text_editor__trees__unpinned,xgb_metadata_text_editor,trees,False,True,vienna_overnight,full,-0.1313071328868629,2556
xgb_metadata_text_editor__trees__unpinned,xgb_metadata_text_editor,trees,False,True,vienna_weekday_shoulder_evening,full,-0.060507195634472245,2556
xgb_metadata_text_editor__trees__unpinned,xgb_metadata_text_editor,trees,False,True,vienna_weekend_day_evening,full,-0.1269430724432913,2556
chronological__hidden__pinned,chronological,hidden,True,True,aqua_additional_knowledge_expected,top10,0.13094066210916316,2556
chronological__hidden__pinned,chronological,hidden,True,True,aqua_discrimination_expected,top10,0.13584973466788938,2556
chronological__hidden__pinned,chronological,hidden,True,True,aqua_fact_expected,top10,0.23652389515845207,2556
chronological__hidden__pinned,chronological,hidden,True,True,aqua_insult_expected,top10,0.09581751165313343,2556
chronological__hidden__pinned,chronological,hidden,True,True,aqua_justification_expected,top10,0.32703840084797736,2556
chronological__hidden__pinned,chronological,hidden,True,True,aqua_opinion_expected,top10,0.19276108671912948,2556
chronological__hidden__pinned,chronological,hidden,True,True,aqua_polite_address_expected,top10,-0.18302210430537424,2556
chronological__hidden__pinned,chronological,hidden,True,True,aqua_question_expected,top10,-0.317629177111537,2556
chronological__hidden__pinned,chronological,hidden,True,True,aqua_referencing_contents_expected,top10,-0.22478497498326128,2556
chronological__hidden__pinned,chronological,hidden,True,True,aqua_referencing_format_expected,top10,0.051075904087237736,2556
chronological__hidden__pinned,chronological,hidden,True,True,aqua_referencing_medium_expected,top10,-0.10049255938968583,2556
chronological__hidden__pinned,chronological,hidden,True,True,aqua_referencing_personal_expected,top10,-0.09890699519745418,2556
chronological__hidden__pinned,chronological,hidden,True,True,aqua_referencing_users_expected,top10,-0.19306694826980147,2556
chronological__hidden__pinned,chronological,hidden,True,True,aqua_relevance_expected,top10,0.18427816114514745,2556
chronological__hidden__pinned,chronological,hidden,True,True,aqua_respect_expected,top10,-0.007592639997940297,2556
chronological__hidden__pinned,chronological,hidden,True,True,aqua_sarcasm_expected,top10,0.01426057111542958,2556
chronological__hidden__pinned,chronological,hidden,True,True,aqua_screaming_expected,top10,-0.42760098934429197,2556
chronological__hidden__pinned,chronological,hidden,True,True,aqua_solution_proposal_expected,top10,0.17571364043562554,2556
chronological__hidden__pinned,chronological,hidden,True,True,aqua_storytelling_expected,top10,0.07249568049697656,2556
chronological__hidden__pinned,chronological,hidden,True,True,aqua_vulgarity_expected,top10,0.12980102682316821,2556
chronological__hidden__pinned,chronological,hidden,True,True,article_similarity_top3,top10,0.28466524722051834,2556
chronological__hidden__pinned,chronological,hidden,True,True,author_prior_30d_downvote_reception,top10,0.07615461091805265,2556
chronological__hidden__pinned,chronological,hidden,True,True,author_prior_30d_upvote_reception,top10,0.21492997823498147,2556
chronological__hidden__pinned,chronological,hidden,True,True,discussion_pace,top10,-0.15341197775643917,2556
chronological__hidden__pinned,chronological,hidden,True,True,is_reply,top10,-0.9954076846804027,2556
chronological__hidden__pinned,chronological,hidden,True,True,lexdiv_length_adjusted,top10,0.05349198676591267,2556
chronological__hidden__pinned,chronological,hidden,True,True,log_author_prior_30d_comments,top10,-0.021369683888090116,2556
chronological__hidden__pinned,chronological,hidden,True,True,log_author_prior_comments_story,top10,-0.9035555751758519,2556
chronological__hidden__pinned,chronological,hidden,True,True,log_hours_since_article,top10,-0.6861681256667145,2556
chronological__hidden__pinned,chronological,hidden,True,True,log_words,top10,0.2715966234712248,2556
chronological__hidden__pinned,chronological,hidden,True,True,novelty_prior_all_model,top10,0.1189598254951628,2556
chronological__hidden__pinned,chronological,hidden,True,True,prior_reply_composition,top10,-0.3140813431162763,2556
chronological__hidden__pinned,chronological,hidden,True,True,reading_level_length_adjusted,top10,-0.00012723705200076542,2556
chronological__hidden__pinned,chronological,hidden,True,True,reply_depth_centered,top10,0.02997314926970135,2556
chronological__hidden__pinned,chronological,hidden,True,True,sentiment_negative,top10,0.02777042892305834,2556
chronological__hidden__pinned,chronological,hidden,True,True,sentiment_positive,top10,-0.1809948225981713,2556
chronological__hidden__pinned,chronological,hidden,True,True,toxicity_probability,top10,-0.40316494768950084,2556
chronological__hidden__pinned,chronological,hidden,True,True,url_present,top10,-0.7350547938199674,2556
chronological__hidden__pinned,chronological,hidden,True,True,vienna_overnight,top10,-0.7201427144022617,2556
chronological__hidden__pinned,chronological,hidden,True,True,vienna_weekday_shoulder_evening,top10,-0.3717567971104254,2556
chronological__hidden__pinned,chronological,hidden,True,True,vienna_weekend_day_evening,top10,-0.3847329211787059,2556
chronological__hidden__unpinned,chronological,hidden,False,True,aqua_additional_knowledge_expected,top10,-0.10020144557464132,2556
chronological__hidden__unpinned,chronological,hidden,False,True,aqua_discrimination_expected,top10,0.016776584492671498,2556
chronological__hidden__unpinned,chronological,hidden,False,True,aqua_fact_expected,top10,0.04100303402367535,2556
chronological__hidden__unpinned,chronological,hidden,False,True,aqua_insult_expected,top10,0.04081921775120197,2556
chronological__hidden__unpinned,chronological,hidden,False,True,aqua_justification_expected,top10,0.017447953814643164,2556
chronological__hidden__unpinned,chronological,hidden,False,True,aqua_opinion_expected,top10,0.04529241848066358,2556
chronological__hidden__unpinned,chronological,hidden,False,True,aqua_polite_address_expected,top10,-0.3011335115723607,2556
chronological__hidden__unpinned,chronological,hidden,False,True,aqua_question_expected,top10,-0.2599772468354964,2556
chronological__hidden__unpinned,chronological,hidden,False,True,aqua_referencing_contents_expected,top10,-0.22033770895401572,2556
chronological__hidden__unpinned,chronological,hidden,False,True,aqua_referencing_format_expected,top10,-0.0206079831924541,2556
chronological__hidden__unpinned,chronological,hidden,False,True,aqua_referencing_medium_expected,top10,-0.17478786984668512,2556
chronological__hidden__unpinned,chronological,hidden,False,True,aqua_referencing_personal_expected,top10,-0.13216012669686167,2556
chronological__hidden__unpinned,chronological,hidden,False,True,aqua_referencing_users_expected,top10,-0.22891911367661152,2556
chronological__hidden__unpinned,chronological,hidden,False,True,aqua_relevance_expected,top10,0.02479078866778649,2556
chronological__hidden__unpinned,chronological,hidden,False,True,aqua_respect_expected,top10,-0.051343416947058275,2556
chronological__hidden__unpinned,chronological,hidden,False,True,aqua_sarcasm_expected,top10,0.02789233820855769,2556
chronological__hidden__unpinned,chronological,hidden,False,True,aqua_screaming_expected,top10,-0.4603724357513423,2556
chronological__hidden__unpinned,chronological,hidden,False,True,aqua_solution_proposal_expected,top10,-0.08095833147830687,2556
chronological__hidden__unpinned,chronological,hidden,False,True,aqua_storytelling_expected,top10,-0.18431954346540308,2556
chronological__hidden__unpinned,chronological,hidden,False,True,aqua_vulgarity_expected,top10,0.032929868140085944,2556
chronological__hidden__unpinned,chronological,hidden,False,True,article_similarity_top3,top10,0.14768529738902642,2556
chronological__hidden__unpinned,chronological,hidden,False,True,author_prior_30d_downvote_reception,top10,0.11561413110484757,2556
chronological__hidden__unpinned,chronological,hidden,False,True,author_prior_30d_upvote_reception,top10,0.1886088548964243,2556
chronological__hidden__unpinned,chronological,hidden,False,True,discussion_pace,top10,-0.7251459794129517,2556
chronological__hidden__unpinned,chronological,hidden,False,True,is_reply,top10,-0.9889410857937777,2556
chronological__hidden__unpinned,chronological,hidden,False,True,lexdiv_length_adjusted,top10,0.033998829089645875,2556
chronological__hidden__unpinned,chronological,hidden,False,True,log_author_prior_30d_comments,top10,0.02382635416726309,2556
chronological__hidden__unpinned,chronological,hidden,False,True,log_author_prior_comments_story,top10,-0.9760003563446135,2556
chronological__hidden__unpinned,chronological,hidden,False,True,log_hours_since_article,top10,-0.9863571188148798,2556
chronological__hidden__unpinned,chronological,hidden,False,True,log_words,top10,0.017562242757830242,2556
chronological__hidden__unpinned,chronological,hidden,False,True,novelty_prior_all_model,top10,0.363781152503858,2556
chronological__hidden__unpinned,chronological,hidden,False,True,prior_reply_composition,top10,-0.49837271923198345,2556
chronological__hidden__unpinned,chronological,hidden,False,True,reading_level_length_adjusted,top10,0.0006316090068990666,2556
chronological__hidden__unpinned,chronological,hidden,False,True,reply_depth_centered,top10,0.026634856882289473,2556
chronological__hidden__unpinned,chronological,hidden,False,True,sentiment_negative,top10,0.010488092296593993,2556
chronological__hidden__unpinned,chronological,hidden,False,True,sentiment_positive,top10,-0.18166182824209479,2556
chronological__hidden__unpinned,chronological,hidden,False,True,toxicity_probability,top10,-0.4196469530863427,2556
chronological__hidden__unpinned,chronological,hidden,False,True,url_present,top10,-0.8087361270501525,2556
chronological__hidden__unpinned,chronological,hidden,False,True,vienna_overnight,top10,-0.6085798941644728,2556
chronological__hidden__unpinned,chronological,hidden,False,True,vienna_weekday_shoulder_evening,top10,-0.4989846324702775,2556
chronological__hidden__unpinned,chronological,hidden,False,True,vienna_weekend_day_evening,top10,-0.3882615206819434,2556
chronological__loose__pinned,chronological,loose,True,True,aqua_additional_knowledge_expected,top10,0.12831235682533187,2556
chronological__loose__pinned,chronological,loose,True,True,aqua_discrimination_expected,top10,0.1327786703422898,2556
chronological__loose__pinned,chronological,loose,True,True,aqua_fact_expected,top10,0.23277711848669277,2556
chronological__loose__pinned,chronological,loose,True,True,aqua_insult_expected,top10,0.09167043489909789,2556
chronological__loose__pinned,chronological,loose,True,True,aqua_justification_expected,top10,0.32300705010390507,2556
chronological__loose__pinned,chronological,loose,True,True,aqua_opinion_expected,top10,0.18900903196441513,2556
chronological__loose__pinned,chronological,loose,True,True,aqua_polite_address_expected,top10,-0.1890232954038595,2556
chronological__loose__pinned,chronological,loose,True,True,aqua_question_expected,top10,-0.322629598273623,2556
chronological__loose__pinned,chronological,loose,True,True,aqua_referencing_contents_expected,top10,-0.21780943358904167,2556
chronological__loose__pinned,chronological,loose,True,True,aqua_referencing_format_expected,top10,0.048226081817794475,2556
chronological__loose__pinned,chronological,loose,True,True,aqua_referencing_medium_expected,top10,-0.10439923186234398,2556
chronological__loose__pinned,chronological,loose,True,True,aqua_referencing_personal_expected,top10,-0.10060806325957539,2556
chronological__loose__pinned,chronological,loose,True,True,aqua_referencing_users_expected,top10,-0.19242056437258906,2556
chronological__loose__pinned,chronological,loose,True,True,aqua_relevance_expected,top10,0.1833475238397089,2556
chronological__loose__pinned,chronological,loose,True,True,aqua_respect_expected,top10,-0.008744004332242516,2556
chronological__loose__pinned,chronological,loose,True,True,aqua_sarcasm_expected,top10,0.009283017665498073,2556
chronological__loose__pinned,chronological,loose,True,True,aqua_screaming_expected,top10,-0.43409588501853025,2556
chronological__loose__pinned,chronological,loose,True,True,aqua_solution_proposal_expected,top10,0.172752339825821,2556
chronological__loose__pinned,chronological,loose,True,True,aqua_storytelling_expected,top10,0.06803761923640414,2556
chronological__loose__pinned,chronological,loose,True,True,aqua_vulgarity_expected,top10,0.12277662914919892,2556
chronological__loose__pinned,chronological,loose,True,True,article_similarity_top3,top10,0.27616543832185136,2556
chronological__loose__pinned,chronological,loose,True,True,author_prior_30d_downvote_reception,top10,0.06988330050092754,2556
chronological__loose__pinned,chronological,loose,True,True,author_prior_30d_upvote_reception,top10,0.21008668722493856,2556
chronological__loose__pinned,chronological,loose,True,True,discussion_pace,top10,-0.15098513294150706,2556
chronological__loose__pinned,chronological,loose,True,True,is_reply,top10,-0.9225861382577448,2556
chronological__loose__pinned,chronological,loose,True,True,lexdiv_length_adjusted,top10,0.05294298992243086,2556
chronological__loose__pinned,chronological,loose,True,True,log_author_prior_30d_comments,top10,-0.018672521782362148,2556
chronological__loose__pinned,chronological,loose,True,True,log_author_prior_comments_story,top10,-0.8892047126071356,2556
chronological__loose__pinned,chronological,loose,True,True,log_hours_since_article,top10,-0.6854445107327864,2556
chronological__loose__pinned,chronological,loose,True,True,log_words,top10,0.26608925689431673,2556
chronological__loose__pinned,chronological,loose,True,True,novelty_prior_all_model,top10,0.11579178632491893,2556
chronological__loose__pinned,chronological,loose,True,True,prior_reply_composition,top10,-0.3356762734178147,2556
chronological__loose__pinned,chronological,loose,True,True,reading_level_length_adjusted,top10,0.0004011653464799269,2556
chronological__loose__pinned,chronological,loose,True,True,reply_depth_centered,top10,-0.01004566274395293,2556
chronological__loose__pinned,chronological,loose,True,True,sentiment_negative,top10,0.024338937695912354,2556
chronological__loose__pinned,chronological,loose,True,True,sentiment_positive,top10,-0.18368725605428765,2556
chronological__loose__pinned,chronological,loose,True,True,toxicity_probability,top10,-0.4103583117443573,2556
chronological__loose__pinned,chronological,loose,True,True,url_present,top10,-0.7328860458326847,2556
chronological__loose__pinned,chronological,loose,True,True,vienna_overnight,top10,-0.7193072535145658,2556
chronological__loose__pinned,chronological,loose,True,True,vienna_weekday_shoulder_evening,top10,-0.3754795210388242,2556
chronological__loose__pinned,chronological,loose,True,True,vienna_weekend_day_evening,top10,-0.38450355128761665,2556
chronological__loose__unpinned,chronological,loose,False,True,aqua_additional_knowledge_expected,top10,-0.13572284494037964,2556
chronological__loose__unpinned,chronological,loose,False,True,aqua_discrimination_expected,top10,-0.002269919394161489,2556
chronological__loose__unpinned,chronological,loose,False,True,aqua_fact_expected,top10,0.009901221975778281,2556
chronological__loose__unpinned,chronological,loose,False,True,aqua_insult_expected,top10,0.024210118413259953,2556
chronological__loose__unpinned,chronological,loose,False,True,aqua_justification_expected,top10,-0.023951933212227928,2556
chronological__loose__unpinned,chronological,loose,False,True,aqua_opinion_expected,top10,0.027321506085443995,2556
chronological__loose__unpinned,chronological,loose,False,True,aqua_polite_address_expected,top10,-0.32215240974676645,2556
chronological__loose__unpinned,chronological,loose,False,True,aqua_question_expected,top10,-0.2642379800492886,2556
chronological__loose__unpinned,chronological,loose,False,True,aqua_referencing_contents_expected,top10,-0.19942632055906678,2556
chronological__loose__unpinned,chronological,loose,False,True,aqua_referencing_format_expected,top10,-0.038252901263871215,2556
chronological__loose__unpinned,chronological,loose,False,True,aqua_referencing_medium_expected,top10,-0.19038532638147931,2556
chronological__loose__unpinned,chronological,loose,False,True,aqua_referencing_personal_expected,top10,-0.14272892461475817,2556
chronological__loose__unpinned,chronological,loose,False,True,aqua_referencing_users_expected,top10,-0.22337495993891085,2556
chronological__loose__unpinned,chronological,loose,False,True,aqua_relevance_expected,top10,0.009011707435167224,2556
chronological__loose__unpinned,chronological,loose,False,True,aqua_respect_expected,top10,-0.055010179736485774,2556
chronological__loose__unpinned,chronological,loose,False,True,aqua_sarcasm_expected,top10,0.017072464186542843,2556
chronological__loose__unpinned,chronological,loose,False,True,aqua_screaming_expected,top10,-0.48009874896715227,2556
chronological__loose__unpinned,chronological,loose,False,True,aqua_solution_proposal_expected,top10,-0.11435314021246078,2556
chronological__loose__unpinned,chronological,loose,False,True,aqua_storytelling_expected,top10,-0.2233305516610073,2556
chronological__loose__unpinned,chronological,loose,False,True,aqua_vulgarity_expected,top10,0.005971679762065528,2556
chronological__loose__unpinned,chronological,loose,False,True,article_similarity_top3,top10,0.1093233143116401,2556
chronological__loose__unpinned,chronological,loose,False,True,author_prior_30d_downvote_reception,top10,0.10499263420270558,2556
chronological__loose__unpinned,chronological,loose,False,True,author_prior_30d_upvote_reception,top10,0.17873207617767214,2556
chronological__loose__unpinned,chronological,loose,False,True,discussion_pace,top10,-0.7536419995759718,2556
chronological__loose__unpinned,chronological,loose,False,True,is_reply,top10,-0.8198116011132015,2556
chronological__loose__unpinned,chronological,loose,False,True,lexdiv_length_adjusted,top10,0.03216799359971654,2556
chronological__loose__unpinned,chronological,loose,False,True,log_author_prior_30d_comments,top10,0.03170374984342147,2556
chronological__loose__unpinned,chronological,loose,False,True,log_author_prior_comments_story,top10,-0.9554857225152427,2556
chronological__loose__unpinned,chronological,loose,False,True,log_hours_since_article,top10,-1.0,2556
chronological__loose__unpinned,chronological,loose,False,True,log_words,top10,-0.020572587645224846,2556
chronological__loose__unpinned,chronological,loose,False,True,novelty_prior_all_model,top10,0.3761740993055949,2556
chronological__loose__unpinned,chronological,loose,False,True,prior_reply_composition,top10,-0.5732220231721952,2556
chronological__loose__unpinned,chronological,loose,False,True,reading_level_length_adjusted,top10,-0.0013750993463402359,2556
chronological__loose__unpinned,chronological,loose,False,True,reply_depth_centered,top10,-0.06725281436800512,2556
chronological__loose__unpinned,chronological,loose,False,True,sentiment_negative,top10,-0.0010493593404794221,2556
chronological__loose__unpinned,chronological,loose,False,True,sentiment_positive,top10,-0.18081244554145884,2556
chronological__loose__unpinned,chronological,loose,False,True,toxicity_probability,top10,-0.4411065000286419,2556
chronological__loose__unpinned,chronological,loose,False,True,url_present,top10,-0.8108750481536475,2556
chronological__loose__unpinned,chronological,loose,False,True,vienna_overnight,top10,-0.6010797755804022,2556
chronological__loose__unpinned,chronological,loose,False,True,vienna_weekday_shoulder_evening,top10,-0.5144187386076011,2556
chronological__loose__unpinned,chronological,loose,False,True,vienna_weekend_day_evening,top10,-0.38806316078860176,2556
chronological__trees__pinned,chronological,trees,True,True,aqua_additional_knowledge_expected,top10,0.11335187877469798,2556
chronological__trees__pinned,chronological,trees,True,True,aqua_discrimination_expected,top10,0.12592361420764442,2556
chronological__trees__pinned,chronological,trees,True,True,aqua_fact_expected,top10,0.21871339454761624,2556
chronological__trees__pinned,chronological,trees,True,True,aqua_insult_expected,top10,0.08412776721841927,2556
chronological__trees__pinned,chronological,trees,True,True,aqua_justification_expected,top10,0.30436797223605,2556
chronological__trees__pinned,chronological,trees,True,True,aqua_opinion_expected,top10,0.1815355074057497,2556
chronological__trees__pinned,chronological,trees,True,True,aqua_polite_address_expected,top10,-0.20127149150732107,2556
chronological__trees__pinned,chronological,trees,True,True,aqua_question_expected,top10,-0.3243423942001006,2556
chronological__trees__pinned,chronological,trees,True,True,aqua_referencing_contents_expected,top10,-0.19500858498037646,2556
chronological__trees__pinned,chronological,trees,True,True,aqua_referencing_format_expected,top10,0.03860779447587932,2556
chronological__trees__pinned,chronological,trees,True,True,aqua_referencing_medium_expected,top10,-0.11253847517529991,2556
chronological__trees__pinned,chronological,trees,True,True,aqua_referencing_personal_expected,top10,-0.10372358332180105,2556
chronological__trees__pinned,chronological,trees,True,True,aqua_referencing_users_expected,top10,-0.18027953611981548,2556
chronological__trees__pinned,chronological,trees,True,True,aqua_relevance_expected,top10,0.17926980621963046,2556
chronological__trees__pinned,chronological,trees,True,True,aqua_respect_expected,top10,-0.01258305388015536,2556
chronological__trees__pinned,chronological,trees,True,True,aqua_sarcasm_expected,top10,0.005648382249959265,2556
chronological__trees__pinned,chronological,trees,True,True,aqua_screaming_expected,top10,-0.44999131916539914,2556
chronological__trees__pinned,chronological,trees,True,True,aqua_solution_proposal_expected,top10,0.1602813408956016,2556
chronological__trees__pinned,chronological,trees,True,True,aqua_storytelling_expected,top10,0.05524448857529341,2556
chronological__trees__pinned,chronological,trees,True,True,aqua_vulgarity_expected,top10,0.1092256815456695,2556
chronological__trees__pinned,chronological,trees,True,True,article_similarity_top3,top10,0.242974140110126,2556
chronological__trees__pinned,chronological,trees,True,True,author_prior_30d_downvote_reception,top10,0.05265813536255404,2556
chronological__trees__pinned,chronological,trees,True,True,author_prior_30d_upvote_reception,top10,0.18727278998101923,2556
chronological__trees__pinned,chronological,trees,True,True,discussion_pace,top10,-0.07952832497636454,2556
chronological__trees__pinned,chronological,trees,True,True,is_reply,top10,-0.7743664397698998,2556
chronological__trees__pinned,chronological,trees,True,True,lexdiv_length_adjusted,top10,0.049207857170290005,2556
chronological__trees__pinned,chronological,trees,True,True,log_author_prior_30d_comments,top10,-0.012750888474674817,2556
chronological__trees__pinned,chronological,trees,True,True,log_author_prior_comments_story,top10,-0.7754786195965919,2556
chronological__trees__pinned,chronological,trees,True,True,log_hours_since_article,top10,-0.6239401759856044,2556
chronological__trees__pinned,chronological,trees,True,True,log_words,top10,0.25013161628950337,2556
chronological__trees__pinned,chronological,trees,True,True,novelty_prior_all_model,top10,0.05864962680360985,2556
chronological__trees__pinned,chronological,trees,True,True,prior_reply_composition,top10,-0.2574507925666787,2556
chronological__trees__pinned,chronological,trees,True,True,reading_level_length_adjusted,top10,-0.007653759308882442,2556
chronological__trees__pinned,chronological,trees,True,True,reply_depth_centered,top10,-0.05507963138322042,2556
chronological__trees__pinned,chronological,trees,True,True,sentiment_negative,top10,0.015403548535961936,2556
chronological__trees__pinned,chronological,trees,True,True,sentiment_positive,top10,-0.18612086586024465,2556
chronological__trees__pinned,chronological,trees,True,True,toxicity_probability,top10,-0.42400415441462785,2556
chronological__trees__pinned,chronological,trees,True,True,url_present,top10,-0.7334899028589166,2556
chronological__trees__pinned,chronological,trees,True,True,vienna_overnight,top10,-0.7185831895675128,2556
chronological__trees__pinned,chronological,trees,True,True,vienna_weekday_shoulder_evening,top10,-0.3525111897337518,2556
chronological__trees__pinned,chronological,trees,True,True,vienna_weekend_day_evening,top10,-0.38449542773228756,2556
chronological__trees__unpinned,chronological,trees,False,True,aqua_additional_knowledge_expected,top10,-0.18888690860330698,2556
chronological__trees__unpinned,chronological,trees,False,True,aqua_discrimination_expected,top10,-0.022395007195058048,2556
chronological__trees__unpinned,chronological,trees,False,True,aqua_fact_expected,top10,-0.02679064910939583,2556
chronological__trees__unpinned,chronological,trees,False,True,aqua_insult_expected,top10,-0.004037610280238046,2556
chronological__trees__unpinned,chronological,trees,False,True,aqua_justification_expected,top10,-0.07628195276476207,2556
chronological__trees__unpinned,chronological,trees,False,True,aqua_opinion_expected,top10,-0.0023390771176308926,2556
chronological__trees__unpinned,chronological,trees,False,True,aqua_polite_address_expected,top10,-0.3833228287678456,2556
chronological__trees__unpinned,chronological,trees,False,True,aqua_question_expected,top10,-0.2689826235836793,2556
chronological__trees__unpinned,chronological,trees,False,True,aqua_referencing_contents_expected,top10,-0.12337901075730417,2556
chronological__trees__unpinned,chronological,trees,False,True,aqua_referencing_format_expected,top10,-0.07259748862546903,2556
chronological__trees__unpinned,chronological,trees,False,True,aqua_referencing_medium_expected,top10,-0.22384500940284727,2556
chronological__trees__unpinned,chronological,trees,False,True,aqua_referencing_personal_expected,top10,-0.15438862312911333,2556
chronological__trees__unpinned,chronological,trees,False,True,aqua_referencing_users_expected,top10,-0.18553986592165306,2556
chronological__trees__unpinned,chronological,trees,False,True,aqua_relevance_expected,top10,0.0014983274909438193,2556
chronological__trees__unpinned,chronological,trees,False,True,aqua_respect_expected,top10,-0.07578086604332289,2556
chronological__trees__unpinned,chronological,trees,False,True,aqua_sarcasm_expected,top10,0.0033901140230993957,2556
chronological__trees__unpinned,chronological,trees,False,True,aqua_screaming_expected,top10,-0.5271558998173124,2556
chronological__trees__unpinned,chronological,trees,False,True,aqua_solution_proposal_expected,top10,-0.1579860851784209,2556
chronological__trees__unpinned,chronological,trees,False,True,aqua_storytelling_expected,top10,-0.2808613395462573,2556
chronological__trees__unpinned,chronological,trees,False,True,aqua_vulgarity_expected,top10,-0.04473131919248693,2556
chronological__trees__unpinned,chronological,trees,False,True,article_similarity_top3,top10,-0.003740637591970046,2556
chronological__trees__unpinned,chronological,trees,False,True,author_prior_30d_downvote_reception,top10,0.04541688917598538,2556
chronological__trees__unpinned,chronological,trees,False,True,author_prior_30d_upvote_reception,top10,0.09227987586452154,2556
chronological__trees__unpinned,chronological,trees,False,True,discussion_pace,top10,-0.48865536129636034,2556
chronological__trees__unpinned,chronological,trees,False,True,is_reply,top10,-0.16812781258644185,2556
chronological__trees__unpinned,chronological,trees,False,True,lexdiv_length_adjusted,top10,0.022369241477240624,2556
chronological__trees__unpinned,chronological,trees,False,True,log_author_prior_30d_comments,top10,0.05130553229703387,2556
chronological__trees__unpinned,chronological,trees,False,True,log_author_prior_comments_story,top10,-0.5682697978339332,2556
chronological__trees__unpinned,chronological,trees,False,True,log_hours_since_article,top10,-0.7175717942850028,2556
chronological__trees__unpinned,chronological,trees,False,True,log_words,top10,-0.06437835453882874,2556
chronological__trees__unpinned,chronological,trees,False,True,novelty_prior_all_model,top10,0.1734670833226348,2556
chronological__trees__unpinned,chronological,trees,False,True,prior_reply_composition,top10,-0.260284099115527,2556
chronological__trees__unpinned,chronological,trees,False,True,reading_level_length_adjusted,top10,-0.016805622231184578,2556
chronological__trees__unpinned,chronological,trees,False,True,reply_depth_centered,top10,-0.2649241561841775,2556
chronological__trees__unpinned,chronological,trees,False,True,sentiment_negative,top10,-0.030527014244096644,2556
chronological__trees__unpinned,chronological,trees,False,True,sentiment_positive,top10,-0.196852578512387,2556
chronological__trees__unpinned,chronological,trees,False,True,toxicity_probability,top10,-0.49420923554070667,2556
chronological__trees__unpinned,chronological,trees,False,True,url_present,top10,-0.8118514874996204,2556
chronological__trees__unpinned,chronological,trees,False,True,vienna_overnight,top10,-0.610395557755275,2556
chronological__trees__unpinned,chronological,trees,False,True,vienna_weekday_shoulder_evening,top10,-0.4178925809050357,2556
chronological__trees__unpinned,chronological,trees,False,True,vienna_weekend_day_evening,top10,-0.3816096149755725,2556
neural_metadata_audience__hidden__pinned,neural_metadata_audience,hidden,True,True,aqua_additional_knowledge_expected,top10,0.23594590901644313,2556
neural_metadata_audience__hidden__pinned,neural_metadata_audience,hidden,True,True,aqua_discrimination_expected,top10,0.22093154327063885,2556
neural_metadata_audience__hidden__pinned,neural_metadata_audience,hidden,True,True,aqua_fact_expected,top10,0.36409947488493033,2556
neural_metadata_audience__hidden__pinned,neural_metadata_audience,hidden,True,True,aqua_insult_expected,top10,0.14125783233380476,2556
neural_metadata_audience__hidden__pinned,neural_metadata_audience,hidden,True,True,aqua_justification_expected,top10,0.5108834703260973,2556
neural_metadata_audience__hidden__pinned,neural_metadata_audience,hidden,True,True,aqua_opinion_expected,top10,0.2949994958250434,2556
neural_metadata_audience__hidden__pinned,neural_metadata_audience,hidden,True,True,aqua_polite_address_expected,top10,-0.11807574659610882,2556
neural_metadata_audience__hidden__pinned,neural_metadata_audience,hidden,True,True,aqua_question_expected,top10,-0.3540071188970696,2556
neural_metadata_audience__hidden__pinned,neural_metadata_audience,hidden,True,True,aqua_referencing_contents_expected,top10,-0.20056875384896353,2556
neural_metadata_audience__hidden__pinned,neural_metadata_audience,hidden,True,True,aqua_referencing_format_expected,top10,0.09613070835946134,2556
neural_metadata_audience__hidden__pinned,neural_metadata_audience,hidden,True,True,aqua_referencing_medium_expected,top10,-0.05766104461192735,2556
neural_metadata_audience__hidden__pinned,neural_metadata_audience,hidden,True,True,aqua_referencing_personal_expected,top10,-0.06768888936524277,2556
neural_metadata_audience__hidden__pinned,neural_metadata_audience,hidden,True,True,aqua_referencing_users_expected,top10,-0.14447490733790636,2556
neural_metadata_audience__hidden__pinned,neural_metadata_audience,hidden,True,True,aqua_relevance_expected,top10,0.2770562759541373,2556
neural_metadata_audience__hidden__pinned,neural_metadata_audience,hidden,True,True,aqua_respect_expected,top10,0.018067239741125434,2556
neural_metadata_audience__hidden__pinned,neural_metadata_audience,hidden,True,True,aqua_sarcasm_expected,top10,0.012344872574756806,2556
neural_metadata_audience__hidden__pinned,neural_metadata_audience,hidden,True,True,aqua_screaming_expected,top10,-0.4309272054099027,2556
neural_metadata_audience__hidden__pinned,neural_metadata_audience,hidden,True,True,aqua_solution_proposal_expected,top10,0.29865232681328,2556
neural_metadata_audience__hidden__pinned,neural_metadata_audience,hidden,True,True,aqua_storytelling_expected,top10,0.1815130436409342,2556
neural_metadata_audience__hidden__pinned,neural_metadata_audience,hidden,True,True,aqua_vulgarity_expected,top10,0.18122372185114555,2556
neural_metadata_audience__hidden__pinned,neural_metadata_audience,hidden,True,True,article_similarity_top3,top10,0.3741907334236878,2556
neural_metadata_audience__hidden__pinned,neural_metadata_audience,hidden,True,True,author_prior_30d_downvote_reception,top10,0.05818546575160424,2556
neural_metadata_audience__hidden__pinned,neural_metadata_audience,hidden,True,True,author_prior_30d_upvote_reception,top10,0.2643922118125932,2556
neural_metadata_audience__hidden__pinned,neural_metadata_audience,hidden,True,True,discussion_pace,top10,-0.021162502682637176,2556
neural_metadata_audience__hidden__pinned,neural_metadata_audience,hidden,True,True,is_reply,top10,-0.9991747077684197,2556
neural_metadata_audience__hidden__pinned,neural_metadata_audience,hidden,True,True,lexdiv_length_adjusted,top10,0.07332772154482715,2556
neural_metadata_audience__hidden__pinned,neural_metadata_audience,hidden,True,True,log_author_prior_30d_comments,top10,-0.03520172045490172,2556
neural_metadata_audience__hidden__pinned,neural_metadata_audience,hidden,True,True,log_author_prior_comments_story,top10,-0.8851639202196229,2556
neural_metadata_audience__hidden__pinned,neural_metadata_audience,hidden,True,True,log_hours_since_article,top10,-0.6478864466527404,2556
neural_metadata_audience__hidden__pinned,neural_metadata_audience,hidden,True,True,log_words,top10,0.42373154832449034,2556
neural_metadata_audience__hidden__pinned,neural_metadata_audience,hidden,True,True,novelty_prior_all_model,top10,0.017547669833024245,2556
neural_metadata_audience__hidden__pinned,neural_metadata_audience,hidden,True,True,prior_reply_composition,top10,-0.29837170604255986,2556
neural_metadata_audience__hidden__pinned,neural_metadata_audience,hidden,True,True,reading_level_length_adjusted,top10,-0.001174601265062112,2556
neural_metadata_audience__hidden__pinned,neural_metadata_audience,hidden,True,True,reply_depth_centered,top10,0.032037481711665594,2556
neural_metadata_audience__hidden__pinned,neural_metadata_audience,hidden,True,True,sentiment_negative,top10,0.0779201838711425,2556
neural_metadata_audience__hidden__pinned,neural_metadata_audience,hidden,True,True,sentiment_positive,top10,-0.20932986827585243,2556
neural_metadata_audience__hidden__pinned,neural_metadata_audience,hidden,True,True,toxicity_probability,top10,-0.362080165265937,2556
neural_metadata_audience__hidden__pinned,neural_metadata_audience,hidden,True,True,url_present,top10,-0.7552847933850694,2556
neural_metadata_audience__hidden__pinned,neural_metadata_audience,hidden,True,True,vienna_overnight,top10,-0.7380713257075184,2556
neural_metadata_audience__hidden__pinned,neural_metadata_audience,hidden,True,True,vienna_weekday_shoulder_evening,top10,-0.34397105798980016,2556
neural_metadata_audience__hidden__pinned,neural_metadata_audience,hidden,True,True,vienna_weekend_day_evening,top10,-0.38463380474240055,2556
neural_metadata_audience__hidden__unpinned,neural_metadata_audience,hidden,False,True,aqua_additional_knowledge_expected,top10,0.27988564648892184,2556
neural_metadata_audience__hidden__unpinned,neural_metadata_audience,hidden,False,True,aqua_discrimination_expected,top10,0.26512853977129697,2556
neural_metadata_audience__hidden__unpinned,neural_metadata_audience,hidden,False,True,aqua_fact_expected,top10,0.41693212923230843,2556
neural_metadata_audience__hidden__unpinned,neural_metadata_audience,hidden,False,True,aqua_insult_expected,top10,0.16690152216059956,2556
neural_metadata_audience__hidden__unpinned,neural_metadata_audience,hidden,False,True,aqua_justification_expected,top10,0.5871467680513529,2556
neural_metadata_audience__hidden__unpinned,neural_metadata_audience,hidden,False,True,aqua_opinion_expected,top10,0.37125041357593336,2556
neural_metadata_audience__hidden__unpinned,neural_metadata_audience,hidden,False,True,aqua_polite_address_expected,top10,-0.07514953053191303,2556
neural_metadata_audience__hidden__unpinned,neural_metadata_audience,hidden,False,True,aqua_question_expected,top10,-0.34994992545355696,2556
neural_metadata_audience__hidden__unpinned,neural_metadata_audience,hidden,False,True,aqua_referencing_contents_expected,top10,-0.143098825072439,2556
neural_metadata_audience__hidden__unpinned,neural_metadata_audience,hidden,False,True,aqua_referencing_format_expected,top10,0.12196115157695037,2556
neural_metadata_audience__hidden__unpinned,neural_metadata_audience,hidden,False,True,aqua_referencing_medium_expected,top10,-0.03268549720700081,2556
neural_metadata_audience__hidden__unpinned,neural_metadata_audience,hidden,False,True,aqua_referencing_personal_expected,top10,-0.038844478897551306,2556
neural_metadata_audience__hidden__unpinned,neural_metadata_audience,hidden,False,True,aqua_referencing_users_expected,top10,-0.0724615589418433,2556
neural_metadata_audience__hidden__unpinned,neural_metadata_audience,hidden,False,True,aqua_relevance_expected,top10,0.29894673947905565,2556
neural_metadata_audience__hidden__unpinned,neural_metadata_audience,hidden,False,True,aqua_respect_expected,top10,0.040925669718732974,2556
neural_metadata_audience__hidden__unpinned,neural_metadata_audience,hidden,False,True,aqua_sarcasm_expected,top10,0.00886936590861338,2556
neural_metadata_audience__hidden__unpinned,neural_metadata_audience,hidden,False,True,aqua_screaming_expected,top10,-0.46365750091030444,2556
neural_metadata_audience__hidden__unpinned,neural_metadata_audience,hidden,False,True,aqua_solution_proposal_expected,top10,0.3418868426482913,2556
neural_metadata_audience__hidden__unpinned,neural_metadata_audience,hidden,False,True,aqua_storytelling_expected,top10,0.2225305154452708,2556
neural_metadata_audience__hidden__unpinned,neural_metadata_audience,hidden,False,True,aqua_vulgarity_expected,top10,0.19584612071676225,2556
neural_metadata_audience__hidden__unpinned,neural_metadata_audience,hidden,False,True,article_similarity_top3,top10,0.42910046402583557,2556
neural_metadata_audience__hidden__unpinned,neural_metadata_audience,hidden,False,True,author_prior_30d_downvote_reception,top10,0.059145949813533785,2556
neural_metadata_audience__hidden__unpinned,neural_metadata_audience,hidden,False,True,author_prior_30d_upvote_reception,top10,0.3420886468121195,2556
neural_metadata_audience__hidden__unpinned,neural_metadata_audience,hidden,False,True,discussion_pace,top10,-0.3546824108229986,2556
neural_metadata_audience__hidden__unpinned,neural_metadata_audience,hidden,False,True,is_reply,top10,-0.9995063090681952,2556
neural_metadata_audience__hidden__unpinned,neural_metadata_audience,hidden,False,True,lexdiv_length_adjusted,top10,0.09656828393068376,2556
neural_metadata_audience__hidden__unpinned,neural_metadata_audience,hidden,False,True,log_author_prior_30d_comments,top10,-0.022986805236779054,2556
neural_metadata_audience__hidden__unpinned,neural_metadata_audience,hidden,False,True,log_author_prior_comments_story,top10,-0.9161242322085094,2556
neural_metadata_audience__hidden__unpinned,neural_metadata_audience,hidden,False,True,log_hours_since_article,top10,-0.8656068270023761,2556
neural_metadata_audience__hidden__unpinned,neural_metadata_audience,hidden,False,True,log_words,top10,0.4930735930550795,2556
neural_metadata_audience__hidden__unpinned,neural_metadata_audience,hidden,False,True,novelty_prior_all_model,top10,0.06464218961325317,2556
neural_metadata_audience__hidden__unpinned,neural_metadata_audience,hidden,False,True,prior_reply_composition,top10,-0.45816691679760346,2556
neural_metadata_audience__hidden__unpinned,neural_metadata_audience,hidden,False,True,reading_level_length_adjusted,top10,-0.010344805409715784,2556
neural_metadata_audience__hidden__unpinned,neural_metadata_audience,hidden,False,True,reply_depth_centered,top10,0.032254991966387515,2556
neural_metadata_audience__hidden__unpinned,neural_metadata_audience,hidden,False,True,sentiment_negative,top10,0.1649096834248932,2556
neural_metadata_audience__hidden__unpinned,neural_metadata_audience,hidden,False,True,sentiment_positive,top10,-0.25546527804514507,2556
neural_metadata_audience__hidden__unpinned,neural_metadata_audience,hidden,False,True,toxicity_probability,top10,-0.3015543122372386,2556
neural_metadata_audience__hidden__unpinned,neural_metadata_audience,hidden,False,True,url_present,top10,-0.8667325394741587,2556
neural_metadata_audience__hidden__unpinned,neural_metadata_audience,hidden,False,True,vienna_overnight,top10,-0.6618056724504194,2556
neural_metadata_audience__hidden__unpinned,neural_metadata_audience,hidden,False,True,vienna_weekday_shoulder_evening,top10,-0.4029854532537543,2556
neural_metadata_audience__hidden__unpinned,neural_metadata_audience,hidden,False,True,vienna_weekend_day_evening,top10,-0.387938571153497,2556
neural_metadata_audience__loose__pinned,neural_metadata_audience,loose,True,True,aqua_additional_knowledge_expected,top10,0.23809588625932815,2556
neural_metadata_audience__loose__pinned,neural_metadata_audience,loose,True,True,aqua_discrimination_expected,top10,0.22145611964486833,2556
neural_metadata_audience__loose__pinned,neural_metadata_audience,loose,True,True,aqua_fact_expected,top10,0.3662957469561438,2556
neural_metadata_audience__loose__pinned,neural_metadata_audience,loose,True,True,aqua_insult_expected,top10,0.14095650515792135,2556
neural_metadata_audience__loose__pinned,neural_metadata_audience,loose,True,True,aqua_justification_expected,top10,0.5125617907122154,2556
neural_metadata_audience__loose__pinned,neural_metadata_audience,loose,True,True,aqua_opinion_expected,top10,0.29282649368830854,2556
neural_metadata_audience__loose__pinned,neural_metadata_audience,loose,True,True,aqua_polite_address_expected,top10,-0.12031927595198558,2556
neural_metadata_audience__loose__pinned,neural_metadata_audience,loose,True,True,aqua_question_expected,top10,-0.35720751228479886,2556
neural_metadata_audience__loose__pinned,neural_metadata_audience,loose,True,True,aqua_referencing_contents_expected,top10,-0.20015661376343186,2556
neural_metadata_audience__loose__pinned,neural_metadata_audience,loose,True,True,aqua_referencing_format_expected,top10,0.0964561492273645,2556
neural_metadata_audience__loose__pinned,neural_metadata_audience,loose,True,True,aqua_referencing_medium_expected,top10,-0.05801109866385268,2556
neural_metadata_audience__loose__pinned,neural_metadata_audience,loose,True,True,aqua_referencing_personal_expected,top10,-0.06746201584591034,2556
neural_metadata_audience__loose__pinned,neural_metadata_audience,loose,True,True,aqua_referencing_users_expected,top10,-0.1459002079038656,2556
neural_metadata_audience__loose__pinned,neural_metadata_audience,loose,True,True,aqua_relevance_expected,top10,0.2783229466394769,2556
neural_metadata_audience__loose__pinned,neural_metadata_audience,loose,True,True,aqua_respect_expected,top10,0.016823700152331606,2556
neural_metadata_audience__loose__pinned,neural_metadata_audience,loose,True,True,aqua_sarcasm_expected,top10,0.011287123162980054,2556
neural_metadata_audience__loose__pinned,neural_metadata_audience,loose,True,True,aqua_screaming_expected,top10,-0.43295698867572774,2556
neural_metadata_audience__loose__pinned,neural_metadata_audience,loose,True,True,aqua_solution_proposal_expected,top10,0.29975245918675286,2556
neural_metadata_audience__loose__pinned,neural_metadata_audience,loose,True,True,aqua_storytelling_expected,top10,0.1820751841633844,2556
neural_metadata_audience__loose__pinned,neural_metadata_audience,loose,True,True,aqua_vulgarity_expected,top10,0.18029145871253224,2556
neural_metadata_audience__loose__pinned,neural_metadata_audience,loose,True,True,article_similarity_top3,top10,0.37331205386304755,2556
neural_metadata_audience__loose__pinned,neural_metadata_audience,loose,True,True,author_prior_30d_downvote_reception,top10,0.055500617236097144,2556
neural_metadata_audience__loose__pinned,neural_metadata_audience,loose,True,True,author_prior_30d_upvote_reception,top10,0.2610461999863019,2556
neural_metadata_audience__loose__pinned,neural_metadata_audience,loose,True,True,discussion_pace,top10,-0.01276903617694615,2556
neural_metadata_audience__loose__pinned,neural_metadata_audience,loose,True,True,is_reply,top10,-0.97224318738562,2556
neural_metadata_audience__loose__pinned,neural_metadata_audience,loose,True,True,lexdiv_length_adjusted,top10,0.07288540313089228,2556
neural_metadata_audience__loose__pinned,neural_metadata_audience,loose,True,True,log_author_prior_30d_comments,top10,-0.03472981223735968,2556
neural_metadata_audience__loose__pinned,neural_metadata_audience,loose,True,True,log_author_prior_comments_story,top10,-0.876619808450553,2556
neural_metadata_audience__loose__pinned,neural_metadata_audience,loose,True,True,log_hours_since_article,top10,-0.6448625713404388,2556
neural_metadata_audience__loose__pinned,neural_metadata_audience,loose,True,True,log_words,top10,0.4246859321013793,2556
neural_metadata_audience__loose__pinned,neural_metadata_audience,loose,True,True,novelty_prior_all_model,top10,0.013948992589150493,2556
neural_metadata_audience__loose__pinned,neural_metadata_audience,loose,True,True,prior_reply_composition,top10,-0.2973617640669129,2556
neural_metadata_audience__loose__pinned,neural_metadata_audience,loose,True,True,reading_level_length_adjusted,top10,0.00023966307706946207,2556
neural_metadata_audience__loose__pinned,neural_metadata_audience,loose,True,True,reply_depth_centered,top10,0.017264788843817908,2556
neural_metadata_audience__loose__pinned,neural_metadata_audience,loose,True,True,sentiment_negative,top10,0.07611474698190121,2556
neural_metadata_audience__loose__pinned,neural_metadata_audience,loose,True,True,sentiment_positive,top10,-0.2112550902376978,2556
neural_metadata_audience__loose__pinned,neural_metadata_audience,loose,True,True,toxicity_probability,top10,-0.36375994369399917,2556
neural_metadata_audience__loose__pinned,neural_metadata_audience,loose,True,True,url_present,top10,-0.7519541795664285,2556
neural_metadata_audience__loose__pinned,neural_metadata_audience,loose,True,True,vienna_overnight,top10,-0.7393104560668191,2556
neural_metadata_audience__loose__pinned,neural_metadata_audience,loose,True,True,vienna_weekday_shoulder_evening,top10,-0.34464434161455987,2556
neural_metadata_audience__loose__pinned,neural_metadata_audience,loose,True,True,vienna_weekend_day_evening,top10,-0.38436982220569665,2556
neural_metadata_audience__loose__unpinned,neural_metadata_audience,loose,False,True,aqua_additional_knowledge_expected,top10,0.2810708589693949,2556
neural_metadata_audience__loose__unpinned,neural_metadata_audience,loose,False,True,aqua_discrimination_expected,top10,0.2659050223227037,2556
neural_metadata_audience__loose__unpinned,neural_metadata_audience,loose,False,True,aqua_fact_expected,top10,0.41827302446228154,2556
neural_metadata_audience__loose__unpinned,neural_metadata_audience,loose,False,True,aqua_insult_expected,top10,0.16752843717180296,2556
neural_metadata_audience__loose__unpinned,neural_metadata_audience,loose,False,True,aqua_justification_expected,top10,0.5884550146127039,2556
neural_metadata_audience__loose__unpinned,neural_metadata_audience,loose,False,True,aqua_opinion_expected,top10,0.37165619782312875,2556
neural_metadata_audience__loose__unpinned,neural_metadata_audience,loose,False,True,aqua_polite_address_expected,top10,-0.07515609218263937,2556
neural_metadata_audience__loose__unpinned,neural_metadata_audience,loose,False,True,aqua_question_expected,top10,-0.35067557416729395,2556
neural_metadata_audience__loose__unpinned,neural_metadata_audience,loose,False,True,aqua_referencing_contents_expected,top10,-0.14185767963072235,2556
neural_metadata_audience__loose__unpinned,neural_metadata_audience,loose,False,True,aqua_referencing_format_expected,top10,0.1225407690397843,2556
neural_metadata_audience__loose__unpinned,neural_metadata_audience,loose,False,True,aqua_referencing_medium_expected,top10,-0.03284568751262775,2556
neural_metadata_audience__loose__unpinned,neural_metadata_audience,loose,False,True,aqua_referencing_personal_expected,top10,-0.038682214844014726,2556
neural_metadata_audience__loose__unpinned,neural_metadata_audience,loose,False,True,aqua_referencing_users_expected,top10,-0.07157353461951226,2556
neural_metadata_audience__loose__unpinned,neural_metadata_audience,loose,False,True,aqua_relevance_expected,top10,0.29920107569938753,2556
neural_metadata_audience__loose__unpinned,neural_metadata_audience,loose,False,True,aqua_respect_expected,top10,0.04087133167969242,2556
neural_metadata_audience__loose__unpinned,neural_metadata_audience,loose,False,True,aqua_sarcasm_expected,top10,0.008621549137699039,2556
neural_metadata_audience__loose__unpinned,neural_metadata_audience,loose,False,True,aqua_screaming_expected,top10,-0.46420284090020797,2556
neural_metadata_audience__loose__unpinned,neural_metadata_audience,loose,False,True,aqua_solution_proposal_expected,top10,0.34264806532681613,2556
neural_metadata_audience__loose__unpinned,neural_metadata_audience,loose,False,True,aqua_storytelling_expected,top10,0.2223979906126368,2556
neural_metadata_audience__loose__unpinned,neural_metadata_audience,loose,False,True,aqua_vulgarity_expected,top10,0.19578651329238916,2556
neural_metadata_audience__loose__unpinned,neural_metadata_audience,loose,False,True,article_similarity_top3,top10,0.4289913160338343,2556
neural_metadata_audience__loose__unpinned,neural_metadata_audience,loose,False,True,author_prior_30d_downvote_reception,top10,0.057501593696168335,2556
neural_metadata_audience__loose__unpinned,neural_metadata_audience,loose,False,True,author_prior_30d_upvote_reception,top10,0.34265768236742944,2556
neural_metadata_audience__loose__unpinned,neural_metadata_audience,loose,False,True,discussion_pace,top10,-0.35496137365507385,2556
neural_metadata_audience__loose__unpinned,neural_metadata_audience,loose,False,True,is_reply,top10,-0.9916096433666007,2556
neural_metadata_audience__loose__unpinned,neural_metadata_audience,loose,False,True,lexdiv_length_adjusted,top10,0.09719318750342158,2556
neural_metadata_audience__loose__unpinned,neural_metadata_audience,loose,False,True,log_author_prior_30d_comments,top10,-0.02334389683679445,2556
neural_metadata_audience__loose__unpinned,neural_metadata_audience,loose,False,True,log_author_prior_comments_story,top10,-0.9155252303621308,2556
neural_metadata_audience__loose__unpinned,neural_metadata_audience,loose,False,True,log_hours_since_article,top10,-0.8689558746556107,2556
neural_metadata_audience__loose__unpinned,neural_metadata_audience,loose,False,True,log_words,top10,0.49419519774337517,2556
neural_metadata_audience__loose__unpinned,neural_metadata_audience,loose,False,True,novelty_prior_all_model,top10,0.06375371484370697,2556
neural_metadata_audience__loose__unpinned,neural_metadata_audience,loose,False,True,prior_reply_composition,top10,-0.4636848257726654,2556
neural_metadata_audience__loose__unpinned,neural_metadata_audience,loose,False,True,reading_level_length_adjusted,top10,-0.009879182887689247,2556
neural_metadata_audience__loose__unpinned,neural_metadata_audience,loose,False,True,reply_depth_centered,top10,0.026350191690331332,2556
neural_metadata_audience__loose__unpinned,neural_metadata_audience,loose,False,True,sentiment_negative,top10,0.16553652351244777,2556
neural_metadata_audience__loose__unpinned,neural_metadata_audience,loose,False,True,sentiment_positive,top10,-0.2571561555559111,2556
neural_metadata_audience__loose__unpinned,neural_metadata_audience,loose,False,True,toxicity_probability,top10,-0.3006774534625284,2556
neural_metadata_audience__loose__unpinned,neural_metadata_audience,loose,False,True,url_present,top10,-0.8662626098750373,2556
neural_metadata_audience__loose__unpinned,neural_metadata_audience,loose,False,True,vienna_overnight,top10,-0.6619659235622005,2556
neural_metadata_audience__loose__unpinned,neural_metadata_audience,loose,False,True,vienna_weekday_shoulder_evening,top10,-0.4039765081306274,2556
neural_metadata_audience__loose__unpinned,neural_metadata_audience,loose,False,True,vienna_weekend_day_evening,top10,-0.38771769371413317,2556
neural_metadata_audience__trees__pinned,neural_metadata_audience,trees,True,True,aqua_additional_knowledge_expected,top10,0.19091337760702395,2556
neural_metadata_audience__trees__pinned,neural_metadata_audience,trees,True,True,aqua_discrimination_expected,top10,0.18679156840543312,2556
neural_metadata_audience__trees__pinned,neural_metadata_audience,trees,True,True,aqua_fact_expected,top10,0.3075435121384135,2556
neural_metadata_audience__trees__pinned,neural_metadata_audience,trees,True,True,aqua_insult_expected,top10,0.11826316571076129,2556
neural_metadata_audience__trees__pinned,neural_metadata_audience,trees,True,True,aqua_justification_expected,top10,0.4324292345349799,2556
neural_metadata_audience__trees__pinned,neural_metadata_audience,trees,True,True,aqua_opinion_expected,top10,0.2488396653482248,2556
neural_metadata_audience__trees__pinned,neural_metadata_audience,trees,True,True,aqua_polite_address_expected,top10,-0.15795682659989377,2556
neural_metadata_audience__trees__pinned,neural_metadata_audience,trees,True,True,aqua_question_expected,top10,-0.3443762228936161,2556
neural_metadata_audience__trees__pinned,neural_metadata_audience,trees,True,True,aqua_referencing_contents_expected,top10,-0.1800510423299991,2556
neural_metadata_audience__trees__pinned,neural_metadata_audience,trees,True,True,aqua_referencing_format_expected,top10,0.06923063848218833,2556
neural_metadata_audience__trees__pinned,neural_metadata_audience,trees,True,True,aqua_referencing_medium_expected,top10,-0.07859264526814762,2556
neural_metadata_audience__trees__pinned,neural_metadata_audience,trees,True,True,aqua_referencing_personal_expected,top10,-0.0828273769994104,2556
neural_metadata_audience__trees__pinned,neural_metadata_audience,trees,True,True,aqua_referencing_users_expected,top10,-0.14631256769460838,2556
neural_metadata_audience__trees__pinned,neural_metadata_audience,trees,True,True,aqua_relevance_expected,top10,0.24318661874134803,2556
neural_metadata_audience__trees__pinned,neural_metadata_audience,trees,True,True,aqua_respect_expected,top10,0.003135422645229987,2556
neural_metadata_audience__trees__pinned,neural_metadata_audience,trees,True,True,aqua_sarcasm_expected,top10,0.009158965627285708,2556
neural_metadata_audience__trees__pinned,neural_metadata_audience,trees,True,True,aqua_screaming_expected,top10,-0.45036757038395336,2556
neural_metadata_audience__trees__pinned,neural_metadata_audience,trees,True,True,aqua_solution_proposal_expected,top10,0.24789876288767942,2556
neural_metadata_audience__trees__pinned,neural_metadata_audience,trees,True,True,aqua_storytelling_expected,top10,0.13432206279115402,2556
neural_metadata_audience__trees__pinned,neural_metadata_audience,trees,True,True,aqua_vulgarity_expected,top10,0.14641607127478748,2556
neural_metadata_audience__trees__pinned,neural_metadata_audience,trees,True,True,article_similarity_top3,top10,0.30478286206033056,2556
neural_metadata_audience__trees__pinned,neural_metadata_audience,trees,True,True,author_prior_30d_downvote_reception,top10,0.03965600129861444,2556
neural_metadata_audience__trees__pinned,neural_metadata_audience,trees,True,True,author_prior_30d_upvote_reception,top10,0.2172526089218617,2556
neural_metadata_audience__trees__pinned,neural_metadata_audience,trees,True,True,discussion_pace,top10,0.03241480553292271,2556
neural_metadata_audience__trees__pinned,neural_metadata_audience,trees,True,True,is_reply,top10,-0.770723286919377,2556
neural_metadata_audience__trees__pinned,neural_metadata_audience,trees,True,True,lexdiv_length_adjusted,top10,0.06289199885761552,2556
neural_metadata_audience__trees__pinned,neural_metadata_audience,trees,True,True,log_author_prior_30d_comments,top10,-0.02183791848854245,2556
neural_metadata_audience__trees__pinned,neural_metadata_audience,trees,True,True,log_author_prior_comments_story,top10,-0.7494820042775167,2556
neural_metadata_audience__trees__pinned,neural_metadata_audience,trees,True,True,log_hours_since_article,top10,-0.5849247440837334,2556
neural_metadata_audience__trees__pinned,neural_metadata_audience,trees,True,True,log_words,top10,0.35493328208282154,2556
neural_metadata_audience__trees__pinned,neural_metadata_audience,trees,True,True,novelty_prior_all_model,top10,0.010821702587982316,2556
neural_metadata_audience__trees__pinned,neural_metadata_audience,trees,True,True,prior_reply_composition,top10,-0.2531626151037551,2556
neural_metadata_audience__trees__pinned,neural_metadata_audience,trees,True,True,reading_level_length_adjusted,top10,-0.005827647136536202,2556
neural_metadata_audience__trees__pinned,neural_metadata_audience,trees,True,True,reply_depth_centered,top10,-0.05602906892966869,2556
neural_metadata_audience__trees__pinned,neural_metadata_audience,trees,True,True,sentiment_negative,top10,0.0529056240557704,2556
neural_metadata_audience__trees__pinned,neural_metadata_audience,trees,True,True,sentiment_positive,top10,-0.20948664164677017,2556
neural_metadata_audience__trees__pinned,neural_metadata_audience,trees,True,True,toxicity_probability,top10,-0.3926413441264433,2556
neural_metadata_audience__trees__pinned,neural_metadata_audience,trees,True,True,url_present,top10,-0.7445013098430261,2556
neural_metadata_audience__trees__pinned,neural_metadata_audience,trees,True,True,vienna_overnight,top10,-0.7303385067419866,2556
neural_metadata_audience__trees__pinned,neural_metadata_audience,trees,True,True,vienna_weekday_shoulder_evening,top10,-0.3318535486810091,2556
neural_metadata_audience__trees__pinned,neural_metadata_audience,trees,True,True,vienna_weekend_day_evening,top10,-0.38288564972335315,2556
neural_metadata_audience__trees__unpinned,neural_metadata_audience,trees,False,True,aqua_additional_knowledge_expected,top10,0.09366698325154912,2556
neural_metadata_audience__trees__unpinned,neural_metadata_audience,trees,False,True,aqua_discrimination_expected,top10,0.14592148079068412,2556
neural_metadata_audience__trees__unpinned,neural_metadata_audience,trees,False,True,aqua_fact_expected,top10,0.21538439915895286,2556
neural_metadata_audience__trees__unpinned,neural_metadata_audience,trees,False,True,aqua_insult_expected,top10,0.08876406020048118,2556
neural_metadata_audience__trees__unpinned,neural_metadata_audience,trees,False,True,aqua_justification_expected,top10,0.2967305571115997,2556
neural_metadata_audience__trees__unpinned,neural_metadata_audience,trees,False,True,aqua_opinion_expected,top10,0.19970346814397485,2556
neural_metadata_audience__trees__unpinned,neural_metadata_audience,trees,False,True,aqua_polite_address_expected,top10,-0.22442640695069796,2556
neural_metadata_audience__trees__unpinned,neural_metadata_audience,trees,False,True,aqua_question_expected,top10,-0.3105977654191737,2556
neural_metadata_audience__trees__unpinned,neural_metadata_audience,trees,False,True,aqua_referencing_contents_expected,top10,-0.07535598536788446,2556
neural_metadata_audience__trees__unpinned,neural_metadata_audience,trees,False,True,aqua_referencing_format_expected,top10,0.022519759326441933,2556
neural_metadata_audience__trees__unpinned,neural_metadata_audience,trees,False,True,aqua_referencing_medium_expected,top10,-0.1105026801873363,2556
neural_metadata_audience__trees__unpinned,neural_metadata_audience,trees,False,True,aqua_referencing_personal_expected,top10,-0.09423703690775055,2556
neural_metadata_audience__trees__unpinned,neural_metadata_audience,trees,False,True,aqua_referencing_users_expected,top10,-0.08619421750524428,2556
neural_metadata_audience__trees__unpinned,neural_metadata_audience,trees,False,True,aqua_relevance_expected,top10,0.17467552331598887,2556
neural_metadata_audience__trees__unpinned,neural_metadata_audience,trees,False,True,aqua_respect_expected,top10,-0.01834054307955149,2556
neural_metadata_audience__trees__unpinned,neural_metadata_audience,trees,False,True,aqua_sarcasm_expected,top10,0.007460288553268203,2556
neural_metadata_audience__trees__unpinned,neural_metadata_audience,trees,False,True,aqua_screaming_expected,top10,-0.5290730879768772,2556
neural_metadata_audience__trees__unpinned,neural_metadata_audience,trees,False,True,aqua_solution_proposal_expected,top10,0.13953852230983818,2556
neural_metadata_audience__trees__unpinned,neural_metadata_audience,trees,False,True,aqua_storytelling_expected,top10,0.018739523471414846,2556
neural_metadata_audience__trees__unpinned,neural_metadata_audience,trees,False,True,aqua_vulgarity_expected,top10,0.07125009705860466,2556
neural_metadata_audience__trees__unpinned,neural_metadata_audience,trees,False,True,article_similarity_top3,top10,0.17946461879000739,2556
neural_metadata_audience__trees__unpinned,neural_metadata_audience,trees,False,True,author_prior_30d_downvote_reception,top10,0.007620098891305504,2556
neural_metadata_audience__trees__unpinned,neural_metadata_audience,trees,False,True,author_prior_30d_upvote_reception,top10,0.1744385066413866,2556
neural_metadata_audience__trees__unpinned,neural_metadata_audience,trees,False,True,discussion_pace,top10,-0.19486705068869645,2556
neural_metadata_audience__trees__unpinned,neural_metadata_audience,trees,False,True,is_reply,top10,-0.13354943107421824,2556
neural_metadata_audience__trees__unpinned,neural_metadata_audience,trees,False,True,lexdiv_length_adjusted,top10,0.06157758884580111,2556
neural_metadata_audience__trees__unpinned,neural_metadata_audience,trees,False,True,log_author_prior_30d_comments,top10,0.015340659150962825,2556
neural_metadata_audience__trees__unpinned,neural_metadata_audience,trees,False,True,log_author_prior_comments_story,top10,-0.4969218050948013,2556
neural_metadata_audience__trees__unpinned,neural_metadata_audience,trees,False,True,log_hours_since_article,top10,-0.5485701186798865,2556
neural_metadata_audience__trees__unpinned,neural_metadata_audience,trees,False,True,log_words,top10,0.2376117893042119,2556
neural_metadata_audience__trees__unpinned,neural_metadata_audience,trees,False,True,novelty_prior_all_model,top10,0.03801151001610082,2556
neural_metadata_audience__trees__unpinned,neural_metadata_audience,trees,False,True,prior_reply_composition,top10,-0.24226836804030105,2556
neural_metadata_audience__trees__unpinned,neural_metadata_audience,trees,False,True,reading_level_length_adjusted,top10,-0.020452497371008176,2556
neural_metadata_audience__trees__unpinned,neural_metadata_audience,trees,False,True,reply_depth_centered,top10,-0.2720500945953918,2556
neural_metadata_audience__trees__unpinned,neural_metadata_audience,trees,False,True,sentiment_negative,top10,0.08184418204253642,2556
neural_metadata_audience__trees__unpinned,neural_metadata_audience,trees,False,True,sentiment_positive,top10,-0.2592375703509732,2556
neural_metadata_audience__trees__unpinned,neural_metadata_audience,trees,False,True,toxicity_probability,top10,-0.4165665648191518,2556
neural_metadata_audience__trees__unpinned,neural_metadata_audience,trees,False,True,url_present,top10,-0.8420749769330561,2556
neural_metadata_audience__trees__unpinned,neural_metadata_audience,trees,False,True,vienna_overnight,top10,-0.6227071298165963,2556
neural_metadata_audience__trees__unpinned,neural_metadata_audience,trees,False,True,vienna_weekday_shoulder_evening,top10,-0.3597257876035256,2556
neural_metadata_audience__trees__unpinned,neural_metadata_audience,trees,False,True,vienna_weekend_day_evening,top10,-0.37960800108334575,2556
neural_metadata_editor__hidden__pinned,neural_metadata_editor,hidden,True,True,aqua_additional_knowledge_expected,top10,0.24635614248426554,2556
neural_metadata_editor__hidden__pinned,neural_metadata_editor,hidden,True,True,aqua_discrimination_expected,top10,0.21216282629503355,2556
neural_metadata_editor__hidden__pinned,neural_metadata_editor,hidden,True,True,aqua_fact_expected,top10,0.36896255605691913,2556
neural_metadata_editor__hidden__pinned,neural_metadata_editor,hidden,True,True,aqua_insult_expected,top10,0.13512203496682157,2556
neural_metadata_editor__hidden__pinned,neural_metadata_editor,hidden,True,True,aqua_justification_expected,top10,0.5141909264879222,2556
neural_metadata_editor__hidden__pinned,neural_metadata_editor,hidden,True,True,aqua_opinion_expected,top10,0.2850004511764994,2556
neural_metadata_editor__hidden__pinned,neural_metadata_editor,hidden,True,True,aqua_polite_address_expected,top10,-0.10203189236103591,2556
neural_metadata_editor__hidden__pinned,neural_metadata_editor,hidden,True,True,aqua_question_expected,top10,-0.36053929526867373,2556
neural_metadata_editor__hidden__pinned,neural_metadata_editor,hidden,True,True,aqua_referencing_contents_expected,top10,-0.19701577621730346,2556
neural_metadata_editor__hidden__pinned,neural_metadata_editor,hidden,True,True,aqua_referencing_format_expected,top10,0.11371143119793597,2556
neural_metadata_editor__hidden__pinned,neural_metadata_editor,hidden,True,True,aqua_referencing_medium_expected,top10,-0.06582022925440088,2556
neural_metadata_editor__hidden__pinned,neural_metadata_editor,hidden,True,True,aqua_referencing_personal_expected,top10,-0.053768244287487076,2556
neural_metadata_editor__hidden__pinned,neural_metadata_editor,hidden,True,True,aqua_referencing_users_expected,top10,-0.13660810595217882,2556
neural_metadata_editor__hidden__pinned,neural_metadata_editor,hidden,True,True,aqua_relevance_expected,top10,0.27580312109371524,2556
neural_metadata_editor__hidden__pinned,neural_metadata_editor,hidden,True,True,aqua_respect_expected,top10,0.02369602530401884,2556
neural_metadata_editor__hidden__pinned,neural_metadata_editor,hidden,True,True,aqua_sarcasm_expected,top10,-0.00010075795964967472,2556
neural_metadata_editor__hidden__pinned,neural_metadata_editor,hidden,True,True,aqua_screaming_expected,top10,-0.4536436908836044,2556
neural_metadata_editor__hidden__pinned,neural_metadata_editor,hidden,True,True,aqua_solution_proposal_expected,top10,0.311995941675471,2556
neural_metadata_editor__hidden__pinned,neural_metadata_editor,hidden,True,True,aqua_storytelling_expected,top10,0.17780606810446675,2556
neural_metadata_editor__hidden__pinned,neural_metadata_editor,hidden,True,True,aqua_vulgarity_expected,top10,0.175215848963109,2556
neural_metadata_editor__hidden__pinned,neural_metadata_editor,hidden,True,True,article_similarity_top3,top10,0.3897178576505563,2556
neural_metadata_editor__hidden__pinned,neural_metadata_editor,hidden,True,True,author_prior_30d_downvote_reception,top10,0.051820314395410766,2556
neural_metadata_editor__hidden__pinned,neural_metadata_editor,hidden,True,True,author_prior_30d_upvote_reception,top10,0.24673025481699182,2556
neural_metadata_editor__hidden__pinned,neural_metadata_editor,hidden,True,True,discussion_pace,top10,0.0008680514791034946,2556
neural_metadata_editor__hidden__pinned,neural_metadata_editor,hidden,True,True,is_reply,top10,-0.9993157697648533,2556
neural_metadata_editor__hidden__pinned,neural_metadata_editor,hidden,True,True,lexdiv_length_adjusted,top10,0.0751951670908393,2556
neural_metadata_editor__hidden__pinned,neural_metadata_editor,hidden,True,True,log_author_prior_30d_comments,top10,-0.027058474083525377,2556
neural_metadata_editor__hidden__pinned,neural_metadata_editor,hidden,True,True,log_author_prior_comments_story,top10,-0.8702625778304377,2556
neural_metadata_editor__hidden__pinned,neural_metadata_editor,hidden,True,True,log_hours_since_article,top10,-0.6362526178941088,2556
neural_metadata_editor__hidden__pinned,neural_metadata_editor,hidden,True,True,log_words,top10,0.42976966393067434,2556
neural_metadata_editor__hidden__pinned,neural_metadata_editor,hidden,True,True,novelty_prior_all_model,top10,0.01607967774394632,2556
neural_metadata_editor__hidden__pinned,neural_metadata_editor,hidden,True,True,prior_reply_composition,top10,-0.28968863248719684,2556
neural_metadata_editor__hidden__pinned,neural_metadata_editor,hidden,True,True,reading_level_length_adjusted,top10,-0.003099079294787552,2556
neural_metadata_editor__hidden__pinned,neural_metadata_editor,hidden,True,True,reply_depth_centered,top10,0.03212230716332596,2556
neural_metadata_editor__hidden__pinned,neural_metadata_editor,hidden,True,True,sentiment_negative,top10,0.011982794245435054,2556
neural_metadata_editor__hidden__pinned,neural_metadata_editor,hidden,True,True,sentiment_positive,top10,-0.15073385724850127,2556
neural_metadata_editor__hidden__pinned,neural_metadata_editor,hidden,True,True,toxicity_probability,top10,-0.438291474746527,2556
neural_metadata_editor__hidden__pinned,neural_metadata_editor,hidden,True,True,url_present,top10,-0.6807486934670038,2556
neural_metadata_editor__hidden__pinned,neural_metadata_editor,hidden,True,True,vienna_overnight,top10,-0.743241655605268,2556
neural_metadata_editor__hidden__pinned,neural_metadata_editor,hidden,True,True,vienna_weekday_shoulder_evening,top10,-0.3413284020872035,2556
neural_metadata_editor__hidden__pinned,neural_metadata_editor,hidden,True,True,vienna_weekend_day_evening,top10,-0.3847795611159105,2556
neural_metadata_editor__hidden__unpinned,neural_metadata_editor,hidden,False,True,aqua_additional_knowledge_expected,top10,0.3124993237791987,2556
neural_metadata_editor__hidden__unpinned,neural_metadata_editor,hidden,False,True,aqua_discrimination_expected,top10,0.23453482564973863,2556
neural_metadata_editor__hidden__unpinned,neural_metadata_editor,hidden,False,True,aqua_fact_expected,top10,0.4258358180707843,2556
neural_metadata_editor__hidden__unpinned,neural_metadata_editor,hidden,False,True,aqua_insult_expected,top10,0.14804819833988914,2556
neural_metadata_editor__hidden__unpinned,neural_metadata_editor,hidden,False,True,aqua_justification_expected,top10,0.5915734745354164,2556
neural_metadata_editor__hidden__unpinned,neural_metadata_editor,hidden,False,True,aqua_opinion_expected,top10,0.3353549419045724,2556
neural_metadata_editor__hidden__unpinned,neural_metadata_editor,hidden,False,True,aqua_polite_address_expected,top10,-0.020040205820436266,2556
neural_metadata_editor__hidden__unpinned,neural_metadata_editor,hidden,False,True,aqua_question_expected,top10,-0.3642801306232717,2556
neural_metadata_editor__hidden__unpinned,neural_metadata_editor,hidden,False,True,aqua_referencing_contents_expected,top10,-0.13602731174737734,2556
neural_metadata_editor__hidden__unpinned,neural_metadata_editor,hidden,False,True,aqua_referencing_format_expected,top10,0.17646121694220393,2556
neural_metadata_editor__hidden__unpinned,neural_metadata_editor,hidden,False,True,aqua_referencing_medium_expected,top10,-0.05613965935972643,2556
neural_metadata_editor__hidden__unpinned,neural_metadata_editor,hidden,False,True,aqua_referencing_personal_expected,top10,0.00023665165103786134,2556
neural_metadata_editor__hidden__unpinned,neural_metadata_editor,hidden,False,True,aqua_referencing_users_expected,top10,-0.04844000031107648,2556
neural_metadata_editor__hidden__unpinned,neural_metadata_editor,hidden,False,True,aqua_relevance_expected,top10,0.28675843411788593,2556
neural_metadata_editor__hidden__unpinned,neural_metadata_editor,hidden,False,True,aqua_respect_expected,top10,0.05856286012206487,2556
neural_metadata_editor__hidden__unpinned,neural_metadata_editor,hidden,False,True,aqua_sarcasm_expected,top10,-0.027295399638031424,2556
neural_metadata_editor__hidden__unpinned,neural_metadata_editor,hidden,False,True,aqua_screaming_expected,top10,-0.5179357346776239,2556
neural_metadata_editor__hidden__unpinned,neural_metadata_editor,hidden,False,True,aqua_solution_proposal_expected,top10,0.38146914145799443,2556
neural_metadata_editor__hidden__unpinned,neural_metadata_editor,hidden,False,True,aqua_storytelling_expected,top10,0.20325613467012327,2556
neural_metadata_editor__hidden__unpinned,neural_metadata_editor,hidden,False,True,aqua_vulgarity_expected,top10,0.17881328312410413,2556
neural_metadata_editor__hidden__unpinned,neural_metadata_editor,hidden,False,True,article_similarity_top3,top10,0.46355318842654614,2556
neural_metadata_editor__hidden__unpinned,neural_metadata_editor,hidden,False,True,author_prior_30d_downvote_reception,top10,0.049293274411119414,2556
neural_metadata_editor__hidden__unpinned,neural_metadata_editor,hidden,False,True,author_prior_30d_upvote_reception,top10,0.2872881031897945,2556
neural_metadata_editor__hidden__unpinned,neural_metadata_editor,hidden,False,True,discussion_pace,top10,-0.29588583238094135,2556
neural_metadata_editor__hidden__unpinned,neural_metadata_editor,hidden,False,True,is_reply,top10,-0.999827393264891,2556
neural_metadata_editor__hidden__unpinned,neural_metadata_editor,hidden,False,True,lexdiv_length_adjusted,top10,0.10022594455574717,2556
neural_metadata_editor__hidden__unpinned,neural_metadata_editor,hidden,False,True,log_author_prior_30d_comments,top10,0.014976392335623846,2556
neural_metadata_editor__hidden__unpinned,neural_metadata_editor,hidden,False,True,log_author_prior_comments_story,top10,-0.8719682672620416,2556
neural_metadata_editor__hidden__unpinned,neural_metadata_editor,hidden,False,True,log_hours_since_article,top10,-0.8302266389427155,2556
neural_metadata_editor__hidden__unpinned,neural_metadata_editor,hidden,False,True,log_words,top10,0.5070486585019114,2556
neural_metadata_editor__hidden__unpinned,neural_metadata_editor,hidden,False,True,novelty_prior_all_model,top10,0.06887848363464119,2556
neural_metadata_editor__hidden__unpinned,neural_metadata_editor,hidden,False,True,prior_reply_composition,top10,-0.43637893684230644,2556
neural_metadata_editor__hidden__unpinned,neural_metadata_editor,hidden,False,True,reading_level_length_adjusted,top10,-0.013736776096243694,2556
neural_metadata_editor__hidden__unpinned,neural_metadata_editor,hidden,False,True,reply_depth_centered,top10,0.032461172543918324,2556
neural_metadata_editor__hidden__unpinned,neural_metadata_editor,hidden,False,True,sentiment_negative,top10,-0.046853718576070555,2556
neural_metadata_editor__hidden__unpinned,neural_metadata_editor,hidden,False,True,sentiment_positive,top10,-0.07025400755212875,2556
neural_metadata_editor__hidden__unpinned,neural_metadata_editor,hidden,False,True,toxicity_probability,top10,-0.5240667638018094,2556
neural_metadata_editor__hidden__unpinned,neural_metadata_editor,hidden,False,True,url_present,top10,-0.6384295260777098,2556
neural_metadata_editor__hidden__unpinned,neural_metadata_editor,hidden,False,True,vienna_overnight,top10,-0.6771454067274072,2556
neural_metadata_editor__hidden__unpinned,neural_metadata_editor,hidden,False,True,vienna_weekday_shoulder_evening,top10,-0.3933513358724335,2556
neural_metadata_editor__hidden__unpinned,neural_metadata_editor,hidden,False,True,vienna_weekend_day_evening,top10,-0.3882805757371471,2556
neural_metadata_editor__loose__pinned,neural_metadata_editor,loose,True,True,aqua_additional_knowledge_expected,top10,0.24832305298049964,2556
neural_metadata_editor__loose__pinned,neural_metadata_editor,loose,True,True,aqua_discrimination_expected,top10,0.2128987636872056,2556
neural_metadata_editor__loose__pinned,neural_metadata_editor,loose,True,True,aqua_fact_expected,top10,0.3709618791503642,2556
neural_metadata_editor__loose__pinned,neural_metadata_editor,loose,True,True,aqua_insult_expected,top10,0.13486211833645118,2556
neural_metadata_editor__loose__pinned,neural_metadata_editor,loose,True,True,aqua_justification_expected,top10,0.5157038723761566,2556
neural_metadata_editor__loose__pinned,neural_metadata_editor,loose,True,True,aqua_opinion_expected,top10,0.28306936073087885,2556
neural_metadata_editor__loose__pinned,neural_metadata_editor,loose,True,True,aqua_polite_address_expected,top10,-0.10400193490233568,2556
neural_metadata_editor__loose__pinned,neural_metadata_editor,loose,True,True,aqua_question_expected,top10,-0.3634990591103909,2556
neural_metadata_editor__loose__pinned,neural_metadata_editor,loose,True,True,aqua_referencing_contents_expected,top10,-0.19706639714075674,2556
neural_metadata_editor__loose__pinned,neural_metadata_editor,loose,True,True,aqua_referencing_format_expected,top10,0.11353419489133688,2556
neural_metadata_editor__loose__pinned,neural_metadata_editor,loose,True,True,aqua_referencing_medium_expected,top10,-0.06575145033289909,2556
neural_metadata_editor__loose__pinned,neural_metadata_editor,loose,True,True,aqua_referencing_personal_expected,top10,-0.05386825410553039,2556
neural_metadata_editor__loose__pinned,neural_metadata_editor,loose,True,True,aqua_referencing_users_expected,top10,-0.13820799709419354,2556
neural_metadata_editor__loose__pinned,neural_metadata_editor,loose,True,True,aqua_relevance_expected,top10,0.2771573241835859,2556
neural_metadata_editor__loose__pinned,neural_metadata_editor,loose,True,True,aqua_respect_expected,top10,0.022546478490629532,2556
neural_metadata_editor__loose__pinned,neural_metadata_editor,loose,True,True,aqua_sarcasm_expected,top10,-0.0008611874015865533,2556
neural_metadata_editor__loose__pinned,neural_metadata_editor,loose,True,True,aqua_screaming_expected,top10,-0.45435390544589577,2556
neural_metadata_editor__loose__pinned,neural_metadata_editor,loose,True,True,aqua_solution_proposal_expected,top10,0.31287723845010934,2556
neural_metadata_editor__loose__pinned,neural_metadata_editor,loose,True,True,aqua_storytelling_expected,top10,0.1789921768589119,2556
neural_metadata_editor__loose__pinned,neural_metadata_editor,loose,True,True,aqua_vulgarity_expected,top10,0.17465710377316937,2556
neural_metadata_editor__loose__pinned,neural_metadata_editor,loose,True,True,article_similarity_top3,top10,0.38884128293071973,2556
neural_metadata_editor__loose__pinned,neural_metadata_editor,loose,True,True,author_prior_30d_downvote_reception,top10,0.04958059994097726,2556
neural_metadata_editor__loose__pinned,neural_metadata_editor,loose,True,True,author_prior_30d_upvote_reception,top10,0.24337716127251324,2556
neural_metadata_editor__loose__pinned,neural_metadata_editor,loose,True,True,discussion_pace,top10,0.009223826005217803,2556
neural_metadata_editor__loose__pinned,neural_metadata_editor,loose,True,True,is_reply,top10,-0.9749212140255111,2556
neural_metadata_editor__loose__pinned,neural_metadata_editor,loose,True,True,lexdiv_length_adjusted,top10,0.07463272763158685,2556
neural_metadata_editor__loose__pinned,neural_metadata_editor,loose,True,True,log_author_prior_30d_comments,top10,-0.026949847970647093,2556
neural_metadata_editor__loose__pinned,neural_metadata_editor,loose,True,True,log_author_prior_comments_story,top10,-0.8622893355384305,2556
neural_metadata_editor__loose__pinned,neural_metadata_editor,loose,True,True,log_hours_since_article,top10,-0.6325296705831591,2556
neural_metadata_editor__loose__pinned,neural_metadata_editor,loose,True,True,log_words,top10,0.4306939277920989,2556
neural_metadata_editor__loose__pinned,neural_metadata_editor,loose,True,True,novelty_prior_all_model,top10,0.01263321217241485,2556
neural_metadata_editor__loose__pinned,neural_metadata_editor,loose,True,True,prior_reply_composition,top10,-0.28724300081106674,2556
neural_metadata_editor__loose__pinned,neural_metadata_editor,loose,True,True,reading_level_length_adjusted,top10,-0.0017265132216631991,2556
neural_metadata_editor__loose__pinned,neural_metadata_editor,loose,True,True,reply_depth_centered,top10,0.019318121438505885,2556
neural_metadata_editor__loose__pinned,neural_metadata_editor,loose,True,True,sentiment_negative,top10,0.011520958292208323,2556
neural_metadata_editor__loose__pinned,neural_metadata_editor,loose,True,True,sentiment_positive,top10,-0.15315231677358018,2556
neural_metadata_editor__loose__pinned,neural_metadata_editor,loose,True,True,toxicity_probability,top10,-0.43870659410924195,2556
neural_metadata_editor__loose__pinned,neural_metadata_editor,loose,True,True,url_present,top10,-0.6785862581065654,2556
neural_metadata_editor__loose__pinned,neural_metadata_editor,loose,True,True,vienna_overnight,top10,-0.7442518870563358,2556
neural_metadata_editor__loose__pinned,neural_metadata_editor,loose,True,True,vienna_weekday_shoulder_evening,top10,-0.3418994437950157,2556
neural_metadata_editor__loose__pinned,neural_metadata_editor,loose,True,True,vienna_weekend_day_evening,top10,-0.3845940632200467,2556
neural_metadata_editor__loose__unpinned,neural_metadata_editor,loose,False,True,aqua_additional_knowledge_expected,top10,0.3135634156802833,2556
neural_metadata_editor__loose__unpinned,neural_metadata_editor,loose,False,True,aqua_discrimination_expected,top10,0.23510708082499726,2556
neural_metadata_editor__loose__unpinned,neural_metadata_editor,loose,False,True,aqua_fact_expected,top10,0.4269937871531017,2556
neural_metadata_editor__loose__unpinned,neural_metadata_editor,loose,False,True,aqua_insult_expected,top10,0.1481865674693538,2556
neural_metadata_editor__loose__unpinned,neural_metadata_editor,loose,False,True,aqua_justification_expected,top10,0.5926249860180678,2556
neural_metadata_editor__loose__unpinned,neural_metadata_editor,loose,False,True,aqua_opinion_expected,top10,0.33551939461201075,2556
neural_metadata_editor__loose__unpinned,neural_metadata_editor,loose,False,True,aqua_polite_address_expected,top10,-0.019592100332622694,2556
neural_metadata_editor__loose__unpinned,neural_metadata_editor,loose,False,True,aqua_question_expected,top10,-0.36471302186285537,2556
neural_metadata_editor__loose__unpinned,neural_metadata_editor,loose,False,True,aqua_referencing_contents_expected,top10,-0.1355846919667751,2556
neural_metadata_editor__loose__unpinned,neural_metadata_editor,loose,False,True,aqua_referencing_format_expected,top10,0.17705252404382849,2556
neural_metadata_editor__loose__unpinned,neural_metadata_editor,loose,False,True,aqua_referencing_medium_expected,top10,-0.05616374719485295,2556
neural_metadata_editor__loose__unpinned,neural_metadata_editor,loose,False,True,aqua_referencing_personal_expected,top10,0.0005618902528578801,2556
neural_metadata_editor__loose__unpinned,neural_metadata_editor,loose,False,True,aqua_referencing_users_expected,top10,-0.04789521128856713,2556
neural_metadata_editor__loose__unpinned,neural_metadata_editor,loose,False,True,aqua_relevance_expected,top10,0.2870788101220398,2556
neural_metadata_editor__loose__unpinned,neural_metadata_editor,loose,False,True,aqua_respect_expected,top10,0.05873019073501229,2556
neural_metadata_editor__loose__unpinned,neural_metadata_editor,loose,False,True,aqua_sarcasm_expected,top10,-0.027679269592722936,2556
neural_metadata_editor__loose__unpinned,neural_metadata_editor,loose,False,True,aqua_screaming_expected,top10,-0.5177829153404085,2556
neural_metadata_editor__loose__unpinned,neural_metadata_editor,loose,False,True,aqua_solution_proposal_expected,top10,0.38246988317976366,2556
neural_metadata_editor__loose__unpinned,neural_metadata_editor,loose,False,True,aqua_storytelling_expected,top10,0.2036406120373048,2556
neural_metadata_editor__loose__unpinned,neural_metadata_editor,loose,False,True,aqua_vulgarity_expected,top10,0.17889033835252724,2556
neural_metadata_editor__loose__unpinned,neural_metadata_editor,loose,False,True,article_similarity_top3,top10,0.4642025585321212,2556
neural_metadata_editor__loose__unpinned,neural_metadata_editor,loose,False,True,author_prior_30d_downvote_reception,top10,0.048434692852065316,2556
neural_metadata_editor__loose__unpinned,neural_metadata_editor,loose,False,True,author_prior_30d_upvote_reception,top10,0.28713417101985145,2556
neural_metadata_editor__loose__unpinned,neural_metadata_editor,loose,False,True,discussion_pace,top10,-0.2953199343235319,2556
neural_metadata_editor__loose__unpinned,neural_metadata_editor,loose,False,True,is_reply,top10,-0.9968210457286848,2556
neural_metadata_editor__loose__unpinned,neural_metadata_editor,loose,False,True,lexdiv_length_adjusted,top10,0.10045365757169832,2556
neural_metadata_editor__loose__unpinned,neural_metadata_editor,loose,False,True,log_author_prior_30d_comments,top10,0.014564343541506016,2556
neural_metadata_editor__loose__unpinned,neural_metadata_editor,loose,False,True,log_author_prior_comments_story,top10,-0.8716421479560482,2556
neural_metadata_editor__loose__unpinned,neural_metadata_editor,loose,False,True,log_hours_since_article,top10,-0.8318931293563827,2556
neural_metadata_editor__loose__unpinned,neural_metadata_editor,loose,False,True,log_words,top10,0.5081379509500249,2556
neural_metadata_editor__loose__unpinned,neural_metadata_editor,loose,False,True,novelty_prior_all_model,top10,0.06837689149690872,2556
neural_metadata_editor__loose__unpinned,neural_metadata_editor,loose,False,True,prior_reply_composition,top10,-0.438672933852719,2556
neural_metadata_editor__loose__unpinned,neural_metadata_editor,loose,False,True,reading_level_length_adjusted,top10,-0.013222534460170264,2556
neural_metadata_editor__loose__unpinned,neural_metadata_editor,loose,False,True,reply_depth_centered,top10,0.030120011386011936,2556
neural_metadata_editor__loose__unpinned,neural_metadata_editor,loose,False,True,sentiment_negative,top10,-0.047277621516731906,2556
neural_metadata_editor__loose__unpinned,neural_metadata_editor,loose,False,True,sentiment_positive,top10,-0.07029456187155406,2556
neural_metadata_editor__loose__unpinned,neural_metadata_editor,loose,False,True,toxicity_probability,top10,-0.5247081034526034,2556
neural_metadata_editor__loose__unpinned,neural_metadata_editor,loose,False,True,url_present,top10,-0.6365998253869696,2556
neural_metadata_editor__loose__unpinned,neural_metadata_editor,loose,False,True,vienna_overnight,top10,-0.6774199508140887,2556
neural_metadata_editor__loose__unpinned,neural_metadata_editor,loose,False,True,vienna_weekday_shoulder_evening,top10,-0.39405113428342115,2556
neural_metadata_editor__loose__unpinned,neural_metadata_editor,loose,False,True,vienna_weekend_day_evening,top10,-0.388213433150372,2556
neural_metadata_editor__trees__pinned,neural_metadata_editor,trees,True,True,aqua_additional_knowledge_expected,top10,0.20052790858644867,2556
neural_metadata_editor__trees__pinned,neural_metadata_editor,trees,True,True,aqua_discrimination_expected,top10,0.183322584398123,2556
neural_metadata_editor__trees__pinned,neural_metadata_editor,trees,True,True,aqua_fact_expected,top10,0.3144114717012681,2556
neural_metadata_editor__trees__pinned,neural_metadata_editor,trees,True,True,aqua_insult_expected,top10,0.11404393481234189,2556
neural_metadata_editor__trees__pinned,neural_metadata_editor,trees,True,True,aqua_justification_expected,top10,0.44042207308757203,2556
neural_metadata_editor__trees__pinned,neural_metadata_editor,trees,True,True,aqua_opinion_expected,top10,0.24498138073369521,2556
neural_metadata_editor__trees__pinned,neural_metadata_editor,trees,True,True,aqua_polite_address_expected,top10,-0.14185055778119207,2556
neural_metadata_editor__trees__pinned,neural_metadata_editor,trees,True,True,aqua_question_expected,top10,-0.35015537420945636,2556
neural_metadata_editor__trees__pinned,neural_metadata_editor,trees,True,True,aqua_referencing_contents_expected,top10,-0.17783050646583354,2556
neural_metadata_editor__trees__pinned,neural_metadata_editor,trees,True,True,aqua_referencing_format_expected,top10,0.08269312912611412,2556
neural_metadata_editor__trees__pinned,neural_metadata_editor,trees,True,True,aqua_referencing_medium_expected,top10,-0.0846429872045309,2556
neural_metadata_editor__trees__pinned,neural_metadata_editor,trees,True,True,aqua_referencing_personal_expected,top10,-0.07255665489605614,2556
neural_metadata_editor__trees__pinned,neural_metadata_editor,trees,True,True,aqua_referencing_users_expected,top10,-0.13998857193781006,2556
neural_metadata_editor__trees__pinned,neural_metadata_editor,trees,True,True,aqua_relevance_expected,top10,0.2457396865535225,2556
neural_metadata_editor__trees__pinned,neural_metadata_editor,trees,True,True,aqua_respect_expected,top10,0.007899776669370619,2556
neural_metadata_editor__trees__pinned,neural_metadata_editor,trees,True,True,aqua_sarcasm_expected,top10,7.436572483630174e-05,2556
neural_metadata_editor__trees__pinned,neural_metadata_editor,trees,True,True,aqua_screaming_expected,top10,-0.4649007569923506,2556
neural_metadata_editor__trees__pinned,neural_metadata_editor,trees,True,True,aqua_solution_proposal_expected,top10,0.2616520189252081,2556
neural_metadata_editor__trees__pinned,neural_metadata_editor,trees,True,True,aqua_storytelling_expected,top10,0.13675852241813577,2556
neural_metadata_editor__trees__pinned,neural_metadata_editor,trees,True,True,aqua_vulgarity_expected,top10,0.14334926531401546,2556
neural_metadata_editor__trees__pinned,neural_metadata_editor,trees,True,True,article_similarity_top3,top10,0.3195140481311389,2556
neural_metadata_editor__trees__pinned,neural_metadata_editor,trees,True,True,author_prior_30d_downvote_reception,top10,0.038409015962325134,2556
neural_metadata_editor__trees__pinned,neural_metadata_editor,trees,True,True,author_prior_30d_upvote_reception,top10,0.20754477668305427,2556
neural_metadata_editor__trees__pinned,neural_metadata_editor,trees,True,True,discussion_pace,top10,0.05165482716679921,2556
neural_metadata_editor__trees__pinned,neural_metadata_editor,trees,True,True,is_reply,top10,-0.7804240839098562,2556
neural_metadata_editor__trees__pinned,neural_metadata_editor,trees,True,True,lexdiv_length_adjusted,top10,0.06553560966816153,2556
neural_metadata_editor__trees__pinned,neural_metadata_editor,trees,True,True,log_author_prior_30d_comments,top10,-0.015084749514748587,2556
neural_metadata_editor__trees__pinned,neural_metadata_editor,trees,True,True,log_author_prior_comments_story,top10,-0.7380176822901836,2556
neural_metadata_editor__trees__pinned,neural_metadata_editor,trees,True,True,log_hours_since_article,top10,-0.5748205595391332,2556
neural_metadata_editor__trees__pinned,neural_metadata_editor,trees,True,True,log_words,top10,0.3636279489470626,2556
neural_metadata_editor__trees__pinned,neural_metadata_editor,trees,True,True,novelty_prior_all_model,top10,0.0107404951528559,2556
neural_metadata_editor__trees__pinned,neural_metadata_editor,trees,True,True,prior_reply_composition,top10,-0.2471444316993216,2556
neural_metadata_editor__trees__pinned,neural_metadata_editor,trees,True,True,reading_level_length_adjusted,top10,-0.00758192985074507,2556
neural_metadata_editor__trees__pinned,neural_metadata_editor,trees,True,True,reply_depth_centered,top10,-0.0499351800314823,2556
neural_metadata_editor__trees__pinned,neural_metadata_editor,trees,True,True,sentiment_negative,top10,0.009404837316252034,2556
neural_metadata_editor__trees__pinned,neural_metadata_editor,trees,True,True,sentiment_positive,top10,-0.16886089879304514,2556
neural_metadata_editor__trees__pinned,neural_metadata_editor,trees,True,True,toxicity_probability,top10,-0.44373517143285474,2556
neural_metadata_editor__trees__pinned,neural_metadata_editor,trees,True,True,url_present,top10,-0.7024621863434227,2556
neural_metadata_editor__trees__pinned,neural_metadata_editor,trees,True,True,vienna_overnight,top10,-0.7394276045849759,2556
neural_metadata_editor__trees__pinned,neural_metadata_editor,trees,True,True,vienna_weekday_shoulder_evening,top10,-0.33192619643209775,2556
neural_metadata_editor__trees__pinned,neural_metadata_editor,trees,True,True,vienna_weekend_day_evening,top10,-0.3811070515782361,2556
neural_metadata_editor__trees__unpinned,neural_metadata_editor,trees,False,True,aqua_additional_knowledge_expected,top10,0.1285053165012068,2556
neural_metadata_editor__trees__unpinned,neural_metadata_editor,trees,False,True,aqua_discrimination_expected,top10,0.12756384662416229,2556
neural_metadata_editor__trees__unpinned,neural_metadata_editor,trees,False,True,aqua_fact_expected,top10,0.22701496988972006,2556
neural_metadata_editor__trees__unpinned,neural_metadata_editor,trees,False,True,aqua_insult_expected,top10,0.07734085079572023,2556
neural_metadata_editor__trees__unpinned,neural_metadata_editor,trees,False,True,aqua_justification_expected,top10,0.3107354218179151,2556
neural_metadata_editor__trees__unpinned,neural_metadata_editor,trees,False,True,aqua_opinion_expected,top10,0.18622143910641925,2556
neural_metadata_editor__trees__unpinned,neural_metadata_editor,trees,False,True,aqua_polite_address_expected,top10,-0.15360191048472185,2556
neural_metadata_editor__trees__unpinned,neural_metadata_editor,trees,False,True,aqua_question_expected,top10,-0.32337444396818116,2556
neural_metadata_editor__trees__unpinned,neural_metadata_editor,trees,False,True,aqua_referencing_contents_expected,top10,-0.0655224272791222,2556
neural_metadata_editor__trees__unpinned,neural_metadata_editor,trees,False,True,aqua_referencing_format_expected,top10,0.06987659293537118,2556
neural_metadata_editor__trees__unpinned,neural_metadata_editor,trees,False,True,aqua_referencing_medium_expected,top10,-0.122711526457141,2556
neural_metadata_editor__trees__unpinned,neural_metadata_editor,trees,False,True,aqua_referencing_personal_expected,top10,-0.06272221003556724,2556
neural_metadata_editor__trees__unpinned,neural_metadata_editor,trees,False,True,aqua_referencing_users_expected,top10,-0.0581305858180262,2556
neural_metadata_editor__trees__unpinned,neural_metadata_editor,trees,False,True,aqua_relevance_expected,top10,0.17090336633889375,2556
neural_metadata_editor__trees__unpinned,neural_metadata_editor,trees,False,True,aqua_respect_expected,top10,0.001523141750200198,2556
neural_metadata_editor__trees__unpinned,neural_metadata_editor,trees,False,True,aqua_sarcasm_expected,top10,-0.017442972770538502,2556
neural_metadata_editor__trees__unpinned,neural_metadata_editor,trees,False,True,aqua_screaming_expected,top10,-0.5338640704918376,2556
neural_metadata_editor__trees__unpinned,neural_metadata_editor,trees,False,True,aqua_solution_proposal_expected,top10,0.1793526391459591,2556
neural_metadata_editor__trees__unpinned,neural_metadata_editor,trees,False,True,aqua_storytelling_expected,top10,0.02064045769173577,2556
neural_metadata_editor__trees__unpinned,neural_metadata_editor,trees,False,True,aqua_vulgarity_expected,top10,0.06519252798393406,2556
neural_metadata_editor__trees__unpinned,neural_metadata_editor,trees,False,True,article_similarity_top3,top10,0.2077562777124783,2556
neural_metadata_editor__trees__unpinned,neural_metadata_editor,trees,False,True,author_prior_30d_downvote_reception,top10,0.008322633358868325,2556
neural_metadata_editor__trees__unpinned,neural_metadata_editor,trees,False,True,author_prior_30d_upvote_reception,top10,0.1408861822127295,2556
neural_metadata_editor__trees__unpinned,neural_metadata_editor,trees,False,True,discussion_pace,top10,-0.13457421537997086,2556
neural_metadata_editor__trees__unpinned,neural_metadata_editor,trees,False,True,is_reply,top10,-0.1580044399143933,2556
neural_metadata_editor__trees__unpinned,neural_metadata_editor,trees,False,True,lexdiv_length_adjusted,top10,0.07072954693240088,2556
neural_metadata_editor__trees__unpinned,neural_metadata_editor,trees,False,True,log_author_prior_30d_comments,top10,0.05204254354122448,2556
neural_metadata_editor__trees__unpinned,neural_metadata_editor,trees,False,True,log_author_prior_comments_story,top10,-0.4601525714141821,2556
neural_metadata_editor__trees__unpinned,neural_metadata_editor,trees,False,True,log_hours_since_article,top10,-0.5107651327439486,2556
neural_metadata_editor__trees__unpinned,neural_metadata_editor,trees,False,True,log_words,top10,0.2571198667259561,2556
neural_metadata_editor__trees__unpinned,neural_metadata_editor,trees,False,True,novelty_prior_all_model,top10,0.04469240325700799,2556
neural_metadata_editor__trees__unpinned,neural_metadata_editor,trees,False,True,prior_reply_composition,top10,-0.22232959418532083,2556
neural_metadata_editor__trees__unpinned,neural_metadata_editor,trees,False,True,reading_level_length_adjusted,top10,-0.02409290070550607,2556
neural_metadata_editor__trees__unpinned,neural_metadata_editor,trees,False,True,reply_depth_centered,top10,-0.26042869125138257,2556
neural_metadata_editor__trees__unpinned,neural_metadata_editor,trees,False,True,sentiment_negative,top10,-0.05615418576174087,2556
neural_metadata_editor__trees__unpinned,neural_metadata_editor,trees,False,True,sentiment_positive,top10,-0.12947507933087035,2556
neural_metadata_editor__trees__unpinned,neural_metadata_editor,trees,False,True,toxicity_probability,top10,-0.5484486900375679,2556
neural_metadata_editor__trees__unpinned,neural_metadata_editor,trees,False,True,url_present,top10,-0.7013084034182612,2556
neural_metadata_editor__trees__unpinned,neural_metadata_editor,trees,False,True,vienna_overnight,top10,-0.6431749553386644,2556
neural_metadata_editor__trees__unpinned,neural_metadata_editor,trees,False,True,vienna_weekday_shoulder_evening,top10,-0.35491972002289623,2556
neural_metadata_editor__trees__unpinned,neural_metadata_editor,trees,False,True,vienna_weekend_day_evening,top10,-0.382545682159876,2556
neural_metadata_text_audience__hidden__pinned,neural_metadata_text_audience,hidden,True,True,aqua_additional_knowledge_expected,top10,0.23348693206769766,2556
neural_metadata_text_audience__hidden__pinned,neural_metadata_text_audience,hidden,True,True,aqua_discrimination_expected,top10,0.2305024598775555,2556
neural_metadata_text_audience__hidden__pinned,neural_metadata_text_audience,hidden,True,True,aqua_fact_expected,top10,0.3615361886842805,2556
neural_metadata_text_audience__hidden__pinned,neural_metadata_text_audience,hidden,True,True,aqua_insult_expected,top10,0.15176154120393426,2556
neural_metadata_text_audience__hidden__pinned,neural_metadata_text_audience,hidden,True,True,aqua_justification_expected,top10,0.5093675184960061,2556
neural_metadata_text_audience__hidden__pinned,neural_metadata_text_audience,hidden,True,True,aqua_opinion_expected,top10,0.3059517785452846,2556
neural_metadata_text_audience__hidden__pinned,neural_metadata_text_audience,hidden,True,True,aqua_polite_address_expected,top10,-0.13121641622044503,2556
neural_metadata_text_audience__hidden__pinned,neural_metadata_text_audience,hidden,True,True,aqua_question_expected,top10,-0.3799151668990806,2556
neural_metadata_text_audience__hidden__pinned,neural_metadata_text_audience,hidden,True,True,aqua_referencing_contents_expected,top10,-0.24273376339887592,2556
neural_metadata_text_audience__hidden__pinned,neural_metadata_text_audience,hidden,True,True,aqua_referencing_format_expected,top10,0.08879026678134726,2556
neural_metadata_text_audience__hidden__pinned,neural_metadata_text_audience,hidden,True,True,aqua_referencing_medium_expected,top10,-0.061911638886257704,2556
neural_metadata_text_audience__hidden__pinned,neural_metadata_text_audience,hidden,True,True,aqua_referencing_personal_expected,top10,-0.08014863560623703,2556
neural_metadata_text_audience__hidden__pinned,neural_metadata_text_audience,hidden,True,True,aqua_referencing_users_expected,top10,-0.18757861971487272,2556
neural_metadata_text_audience__hidden__pinned,neural_metadata_text_audience,hidden,True,True,aqua_relevance_expected,top10,0.2876329947185475,2556
neural_metadata_text_audience__hidden__pinned,neural_metadata_text_audience,hidden,True,True,aqua_respect_expected,top10,0.021003649296262247,2556
neural_metadata_text_audience__hidden__pinned,neural_metadata_text_audience,hidden,True,True,aqua_sarcasm_expected,top10,0.021815446245433186,2556
neural_metadata_text_audience__hidden__pinned,neural_metadata_text_audience,hidden,True,True,aqua_screaming_expected,top10,-0.40326213676965517,2556
neural_metadata_text_audience__hidden__pinned,neural_metadata_text_audience,hidden,True,True,aqua_solution_proposal_expected,top10,0.303196140776606,2556
neural_metadata_text_audience__hidden__pinned,neural_metadata_text_audience,hidden,True,True,aqua_storytelling_expected,top10,0.19393158987549658,2556
neural_metadata_text_audience__hidden__pinned,neural_metadata_text_audience,hidden,True,True,aqua_vulgarity_expected,top10,0.20371193790037534,2556
neural_metadata_text_audience__hidden__pinned,neural_metadata_text_audience,hidden,True,True,article_similarity_top3,top10,0.3674684499145294,2556
neural_metadata_text_audience__hidden__pinned,neural_metadata_text_audience,hidden,True,True,author_prior_30d_downvote_reception,top10,0.05344510678660189,2556
neural_metadata_text_audience__hidden__pinned,neural_metadata_text_audience,hidden,True,True,author_prior_30d_upvote_reception,top10,0.27581704325424333,2556
neural_metadata_text_audience__hidden__pinned,neural_metadata_text_audience,hidden,True,True,discussion_pace,top10,0.05361182936044557,2556
neural_metadata_text_audience__hidden__pinned,neural_metadata_text_audience,hidden,True,True,is_reply,top10,-0.9990619343924598,2556
neural_metadata_text_audience__hidden__pinned,neural_metadata_text_audience,hidden,True,True,lexdiv_length_adjusted,top10,0.0674539204345774,2556
neural_metadata_text_audience__hidden__pinned,neural_metadata_text_audience,hidden,True,True,log_author_prior_30d_comments,top10,-0.037037973489751914,2556
neural_metadata_text_audience__hidden__pinned,neural_metadata_text_audience,hidden,True,True,log_author_prior_comments_story,top10,-0.8791393038450543,2556
neural_metadata_text_audience__hidden__pinned,neural_metadata_text_audience,hidden,True,True,log_hours_since_article,top10,-0.613708364478557,2556
neural_metadata_text_audience__hidden__pinned,neural_metadata_text_audience,hidden,True,True,log_words,top10,0.4268487850156111,2556
neural_metadata_text_audience__hidden__pinned,neural_metadata_text_audience,hidden,True,True,novelty_prior_all_model,top10,-0.012580321957699408,2556
neural_metadata_text_audience__hidden__pinned,neural_metadata_text_audience,hidden,True,True,prior_reply_composition,top10,-0.2575570642200588,2556
neural_metadata_text_audience__hidden__pinned,neural_metadata_text_audience,hidden,True,True,reading_level_length_adjusted,top10,0.0070408986897797475,2556
neural_metadata_text_audience__hidden__pinned,neural_metadata_text_audience,hidden,True,True,reply_depth_centered,top10,0.03196801482589656,2556
neural_metadata_text_audience__hidden__pinned,neural_metadata_text_audience,hidden,True,True,sentiment_negative,top10,0.06674026990096119,2556
neural_metadata_text_audience__hidden__pinned,neural_metadata_text_audience,hidden,True,True,sentiment_positive,top10,-0.19652983904456695,2556
neural_metadata_text_audience__hidden__pinned,neural_metadata_text_audience,hidden,True,True,toxicity_probability,top10,-0.3271743016599599,2556
neural_metadata_text_audience__hidden__pinned,neural_metadata_text_audience,hidden,True,True,url_present,top10,-0.7566426129003743,2556
neural_metadata_text_audience__hidden__pinned,neural_metadata_text_audience,hidden,True,True,vienna_overnight,top10,-0.7556698194267504,2556
neural_metadata_text_audience__hidden__pinned,neural_metadata_text_audience,hidden,True,True,vienna_weekday_shoulder_evening,top10,-0.32593489575670015,2556
neural_metadata_text_audience__hidden__pinned,neural_metadata_text_audience,hidden,True,True,vienna_weekend_day_evening,top10,-0.3847521094241454,2556
neural_metadata_text_audience__hidden__unpinned,neural_metadata_text_audience,hidden,False,True,aqua_additional_knowledge_expected,top10,0.27892413466826543,2556
neural_metadata_text_audience__hidden__unpinned,neural_metadata_text_audience,hidden,False,True,aqua_discrimination_expected,top10,0.2963876154257986,2556
neural_metadata_text_audience__hidden__unpinned,neural_metadata_text_audience,hidden,False,True,aqua_fact_expected,top10,0.4109367063696867,2556
neural_metadata_text_audience__hidden__unpinned,neural_metadata_text_audience,hidden,False,True,aqua_insult_expected,top10,0.20137376058155246,2556
neural_metadata_text_audience__hidden__unpinned,neural_metadata_text_audience,hidden,False,True,aqua_justification_expected,top10,0.5865901240630649,2556
neural_metadata_text_audience__hidden__unpinned,neural_metadata_text_audience,hidden,False,True,aqua_opinion_expected,top10,0.40294250885492694,2556
neural_metadata_text_audience__hidden__unpinned,neural_metadata_text_audience,hidden,False,True,aqua_polite_address_expected,top10,-0.11215555704030516,2556
neural_metadata_text_audience__hidden__unpinned,neural_metadata_text_audience,hidden,False,True,aqua_question_expected,top10,-0.41745612832487816,2556
neural_metadata_text_audience__hidden__unpinned,neural_metadata_text_audience,hidden,False,True,aqua_referencing_contents_expected,top10,-0.2753437699592231,2556
neural_metadata_text_audience__hidden__unpinned,neural_metadata_text_audience,hidden,False,True,aqua_referencing_format_expected,top10,0.10270999915953573,2556
neural_metadata_text_audience__hidden__unpinned,neural_metadata_text_audience,hidden,False,True,aqua_referencing_medium_expected,top10,-0.04561266809621269,2556
neural_metadata_text_audience__hidden__unpinned,neural_metadata_text_audience,hidden,False,True,aqua_referencing_personal_expected,top10,-0.06877337033255491,2556
neural_metadata_text_audience__hidden__unpinned,neural_metadata_text_audience,hidden,False,True,aqua_referencing_users_expected,top10,-0.193091408028504,2556
neural_metadata_text_audience__hidden__unpinned,neural_metadata_text_audience,hidden,False,True,aqua_relevance_expected,top10,0.33097175659043876,2556
neural_metadata_text_audience__hidden__unpinned,neural_metadata_text_audience,hidden,False,True,aqua_respect_expected,top10,0.04834191481182189,2556
neural_metadata_text_audience__hidden__unpinned,neural_metadata_text_audience,hidden,False,True,aqua_sarcasm_expected,top10,0.03784995647026176,2556
neural_metadata_text_audience__hidden__unpinned,neural_metadata_text_audience,hidden,False,True,aqua_screaming_expected,top10,-0.38814597136077833,2556
neural_metadata_text_audience__hidden__unpinned,neural_metadata_text_audience,hidden,False,True,aqua_solution_proposal_expected,top10,0.35655402643481704,2556
neural_metadata_text_audience__hidden__unpinned,neural_metadata_text_audience,hidden,False,True,aqua_storytelling_expected,top10,0.2704865283497143,2556
neural_metadata_text_audience__hidden__unpinned,neural_metadata_text_audience,hidden,False,True,aqua_vulgarity_expected,top10,0.27399823501512843,2556
neural_metadata_text_audience__hidden__unpinned,neural_metadata_text_audience,hidden,False,True,article_similarity_top3,top10,0.408499283927785,2556
neural_metadata_text_audience__hidden__unpinned,neural_metadata_text_audience,hidden,False,True,author_prior_30d_downvote_reception,top10,0.03871010230515525,2556
neural_metadata_text_audience__hidden__unpinned,neural_metadata_text_audience,hidden,False,True,author_prior_30d_upvote_reception,top10,0.37593564238002003,2556
neural_metadata_text_audience__hidden__unpinned,neural_metadata_text_audience,hidden,False,True,discussion_pace,top10,-0.1371866239281584,2556
neural_metadata_text_audience__hidden__unpinned,neural_metadata_text_audience,hidden,False,True,is_reply,top10,-0.9992767977083375,2556
neural_metadata_text_audience__hidden__unpinned,neural_metadata_text_audience,hidden,False,True,lexdiv_length_adjusted,top10,0.08086169547577773,2556
neural_metadata_text_audience__hidden__unpinned,neural_metadata_text_audience,hidden,False,True,log_author_prior_30d_comments,top10,-0.029084798405167648,2556
neural_metadata_text_audience__hidden__unpinned,neural_metadata_text_audience,hidden,False,True,log_author_prior_comments_story,top10,-0.8977614777381945,2556
neural_metadata_text_audience__hidden__unpinned,neural_metadata_text_audience,hidden,False,True,log_hours_since_article,top10,-0.7588831569249301,2556
neural_metadata_text_audience__hidden__unpinned,neural_metadata_text_audience,hidden,False,True,log_words,top10,0.5096064863388072,2556
neural_metadata_text_audience__hidden__unpinned,neural_metadata_text_audience,hidden,False,True,novelty_prior_all_model,top10,-0.026017246461281656,2556
neural_metadata_text_audience__hidden__unpinned,neural_metadata_text_audience,hidden,False,True,prior_reply_composition,top10,-0.33918209728875237,2556
neural_metadata_text_audience__hidden__unpinned,neural_metadata_text_audience,hidden,False,True,reading_level_length_adjusted,top10,0.0125236172169529,2556
neural_metadata_text_audience__hidden__unpinned,neural_metadata_text_audience,hidden,False,True,reply_depth_centered,top10,0.03212222108987015,2556
neural_metadata_text_audience__hidden__unpinned,neural_metadata_text_audience,hidden,False,True,sentiment_negative,top10,0.1362619016569488,2556
neural_metadata_text_audience__hidden__unpinned,neural_metadata_text_audience,hidden,False,True,sentiment_positive,top10,-0.22112294971746238,2556
neural_metadata_text_audience__hidden__unpinned,neural_metadata_text_audience,hidden,False,True,toxicity_probability,top10,-0.19490409991782484,2556
neural_metadata_text_audience__hidden__unpinned,neural_metadata_text_audience,hidden,False,True,url_present,top10,-0.8646386263563787,2556
neural_metadata_text_audience__hidden__unpinned,neural_metadata_text_audience,hidden,False,True,vienna_overnight,top10,-0.7155590162315606,2556
neural_metadata_text_audience__hidden__unpinned,neural_metadata_text_audience,hidden,False,True,vienna_weekday_shoulder_evening,top10,-0.3359825554806873,2556
neural_metadata_text_audience__hidden__unpinned,neural_metadata_text_audience,hidden,False,True,vienna_weekend_day_evening,top10,-0.3881060849511465,2556
neural_metadata_text_audience__loose__pinned,neural_metadata_text_audience,loose,True,True,aqua_additional_knowledge_expected,top10,0.23583204112250913,2556
neural_metadata_text_audience__loose__pinned,neural_metadata_text_audience,loose,True,True,aqua_discrimination_expected,top10,0.2308872686750557,2556
neural_metadata_text_audience__loose__pinned,neural_metadata_text_audience,loose,True,True,aqua_fact_expected,top10,0.3638342169639177,2556
neural_metadata_text_audience__loose__pinned,neural_metadata_text_audience,loose,True,True,aqua_insult_expected,top10,0.1514268182279017,2556
neural_metadata_text_audience__loose__pinned,neural_metadata_text_audience,loose,True,True,aqua_justification_expected,top10,0.5111248568677655,2556
neural_metadata_text_audience__loose__pinned,neural_metadata_text_audience,loose,True,True,aqua_opinion_expected,top10,0.3033104937338912,2556
neural_metadata_text_audience__loose__pinned,neural_metadata_text_audience,loose,True,True,aqua_polite_address_expected,top10,-0.13311319186782652,2556
neural_metadata_text_audience__loose__pinned,neural_metadata_text_audience,loose,True,True,aqua_question_expected,top10,-0.3829980857434317,2556
neural_metadata_text_audience__loose__pinned,neural_metadata_text_audience,loose,True,True,aqua_referencing_contents_expected,top10,-0.24164304920265517,2556
neural_metadata_text_audience__loose__pinned,neural_metadata_text_audience,loose,True,True,aqua_referencing_format_expected,top10,0.08910772297789676,2556
neural_metadata_text_audience__loose__pinned,neural_metadata_text_audience,loose,True,True,aqua_referencing_medium_expected,top10,-0.06230130870744756,2556
neural_metadata_text_audience__loose__pinned,neural_metadata_text_audience,loose,True,True,aqua_referencing_personal_expected,top10,-0.08005521708757271,2556
neural_metadata_text_audience__loose__pinned,neural_metadata_text_audience,loose,True,True,aqua_referencing_users_expected,top10,-0.1877252108265211,2556
neural_metadata_text_audience__loose__pinned,neural_metadata_text_audience,loose,True,True,aqua_relevance_expected,top10,0.28906020111368824,2556
neural_metadata_text_audience__loose__pinned,neural_metadata_text_audience,loose,True,True,aqua_respect_expected,top10,0.020082190665901944,2556
neural_metadata_text_audience__loose__pinned,neural_metadata_text_audience,loose,True,True,aqua_sarcasm_expected,top10,0.020517708546147043,2556
neural_metadata_text_audience__loose__pinned,neural_metadata_text_audience,loose,True,True,aqua_screaming_expected,top10,-0.4040985044380269,2556
neural_metadata_text_audience__loose__pinned,neural_metadata_text_audience,loose,True,True,aqua_solution_proposal_expected,top10,0.30453281415901773,2556
neural_metadata_text_audience__loose__pinned,neural_metadata_text_audience,loose,True,True,aqua_storytelling_expected,top10,0.19462186319489275,2556
neural_metadata_text_audience__loose__pinned,neural_metadata_text_audience,loose,True,True,aqua_vulgarity_expected,top10,0.20247398951444204,2556
neural_metadata_text_audience__loose__pinned,neural_metadata_text_audience,loose,True,True,article_similarity_top3,top10,0.3663291358381781,2556
neural_metadata_text_audience__loose__pinned,neural_metadata_text_audience,loose,True,True,author_prior_30d_downvote_reception,top10,0.05078595804766178,2556
neural_metadata_text_audience__loose__pinned,neural_metadata_text_audience,loose,True,True,author_prior_30d_upvote_reception,top10,0.2723731540465245,2556
neural_metadata_text_audience__loose__pinned,neural_metadata_text_audience,loose,True,True,discussion_pace,top10,0.060796254789291355,2556
neural_metadata_text_audience__loose__pinned,neural_metadata_text_audience,loose,True,True,is_reply,top10,-0.9706406588194303,2556
neural_metadata_text_audience__loose__pinned,neural_metadata_text_audience,loose,True,True,lexdiv_length_adjusted,top10,0.06695615847439271,2556
neural_metadata_text_audience__loose__pinned,neural_metadata_text_audience,loose,True,True,log_author_prior_30d_comments,top10,-0.03642907839964839,2556
neural_metadata_text_audience__loose__pinned,neural_metadata_text_audience,loose,True,True,log_author_prior_comments_story,top10,-0.8704184969717197,2556
neural_metadata_text_audience__loose__pinned,neural_metadata_text_audience,loose,True,True,log_hours_since_article,top10,-0.6111231544601384,2556
neural_metadata_text_audience__loose__pinned,neural_metadata_text_audience,loose,True,True,log_words,top10,0.4278193407493034,2556
neural_metadata_text_audience__loose__pinned,neural_metadata_text_audience,loose,True,True,novelty_prior_all_model,top10,-0.015743270710981052,2556
neural_metadata_text_audience__loose__pinned,neural_metadata_text_audience,loose,True,True,prior_reply_composition,top10,-0.2567334668228232,2556
neural_metadata_text_audience__loose__pinned,neural_metadata_text_audience,loose,True,True,reading_level_length_adjusted,top10,0.008158631715771228,2556
neural_metadata_text_audience__loose__pinned,neural_metadata_text_audience,loose,True,True,reply_depth_centered,top10,0.016557133341582656,2556
neural_metadata_text_audience__loose__pinned,neural_metadata_text_audience,loose,True,True,sentiment_negative,top10,0.0655556452643593,2556
neural_metadata_text_audience__loose__pinned,neural_metadata_text_audience,loose,True,True,sentiment_positive,top10,-0.19926514766078637,2556
neural_metadata_text_audience__loose__pinned,neural_metadata_text_audience,loose,True,True,toxicity_probability,top10,-0.3292217087698408,2556
neural_metadata_text_audience__loose__pinned,neural_metadata_text_audience,loose,True,True,url_present,top10,-0.7534771909809296,2556
neural_metadata_text_audience__loose__pinned,neural_metadata_text_audience,loose,True,True,vienna_overnight,top10,-0.756571061522882,2556
neural_metadata_text_audience__loose__pinned,neural_metadata_text_audience,loose,True,True,vienna_weekday_shoulder_evening,top10,-0.3266854542558495,2556
neural_metadata_text_audience__loose__pinned,neural_metadata_text_audience,loose,True,True,vienna_weekend_day_evening,top10,-0.38453116534375065,2556
neural_metadata_text_audience__loose__unpinned,neural_metadata_text_audience,loose,False,True,aqua_additional_knowledge_expected,top10,0.2804733526249037,2556
neural_metadata_text_audience__loose__unpinned,neural_metadata_text_audience,loose,False,True,aqua_discrimination_expected,top10,0.2980354697022991,2556
neural_metadata_text_audience__loose__unpinned,neural_metadata_text_audience,loose,False,True,aqua_fact_expected,top10,0.41287964007164174,2556
neural_metadata_text_audience__loose__unpinned,neural_metadata_text_audience,loose,False,True,aqua_insult_expected,top10,0.20264478225390928,2556
neural_metadata_text_audience__loose__unpinned,neural_metadata_text_audience,loose,False,True,aqua_justification_expected,top10,0.5886161659328485,2556
neural_metadata_text_audience__loose__unpinned,neural_metadata_text_audience,loose,False,True,aqua_opinion_expected,top10,0.4037842719050468,2556
neural_metadata_text_audience__loose__unpinned,neural_metadata_text_audience,loose,False,True,aqua_polite_address_expected,top10,-0.11264689341583801,2556
neural_metadata_text_audience__loose__unpinned,neural_metadata_text_audience,loose,False,True,aqua_question_expected,top10,-0.41944764574918053,2556
neural_metadata_text_audience__loose__unpinned,neural_metadata_text_audience,loose,False,True,aqua_referencing_contents_expected,top10,-0.27458377118002536,2556
neural_metadata_text_audience__loose__unpinned,neural_metadata_text_audience,loose,False,True,aqua_referencing_format_expected,top10,0.10307751412963591,2556
neural_metadata_text_audience__loose__unpinned,neural_metadata_text_audience,loose,False,True,aqua_referencing_medium_expected,top10,-0.04667211264836446,2556
neural_metadata_text_audience__loose__unpinned,neural_metadata_text_audience,loose,False,True,aqua_referencing_personal_expected,top10,-0.0693450287686211,2556
neural_metadata_text_audience__loose__unpinned,neural_metadata_text_audience,loose,False,True,aqua_referencing_users_expected,top10,-0.1917847618334577,2556
neural_metadata_text_audience__loose__unpinned,neural_metadata_text_audience,loose,False,True,aqua_relevance_expected,top10,0.3324569843827493,2556
neural_metadata_text_audience__loose__unpinned,neural_metadata_text_audience,loose,False,True,aqua_respect_expected,top10,0.04886640042768489,2556
neural_metadata_text_audience__loose__unpinned,neural_metadata_text_audience,loose,False,True,aqua_sarcasm_expected,top10,0.03765919814410975,2556
neural_metadata_text_audience__loose__unpinned,neural_metadata_text_audience,loose,False,True,aqua_screaming_expected,top10,-0.38756419477730303,2556
neural_metadata_text_audience__loose__unpinned,neural_metadata_text_audience,loose,False,True,aqua_solution_proposal_expected,top10,0.3584141334693729,2556
neural_metadata_text_audience__loose__unpinned,neural_metadata_text_audience,loose,False,True,aqua_storytelling_expected,top10,0.271357048874164,2556
neural_metadata_text_audience__loose__unpinned,neural_metadata_text_audience,loose,False,True,aqua_vulgarity_expected,top10,0.27498469639725104,2556
neural_metadata_text_audience__loose__unpinned,neural_metadata_text_audience,loose,False,True,article_similarity_top3,top10,0.40797599219105146,2556
neural_metadata_text_audience__loose__unpinned,neural_metadata_text_audience,loose,False,True,author_prior_30d_downvote_reception,top10,0.036733492175634846,2556
neural_metadata_text_audience__loose__unpinned,neural_metadata_text_audience,loose,False,True,author_prior_30d_upvote_reception,top10,0.3768680298885586,2556
neural_metadata_text_audience__loose__unpinned,neural_metadata_text_audience,loose,False,True,discussion_pace,top10,-0.1361431212251755,2556
neural_metadata_text_audience__loose__unpinned,neural_metadata_text_audience,loose,False,True,is_reply,top10,-0.9868697670167519,2556
neural_metadata_text_audience__loose__unpinned,neural_metadata_text_audience,loose,False,True,lexdiv_length_adjusted,top10,0.08109568330701081,2556
neural_metadata_text_audience__loose__unpinned,neural_metadata_text_audience,loose,False,True,log_author_prior_30d_comments,top10,-0.029561823109045978,2556
neural_metadata_text_audience__loose__unpinned,neural_metadata_text_audience,loose,False,True,log_author_prior_comments_story,top10,-0.8959439577549786,2556
neural_metadata_text_audience__loose__unpinned,neural_metadata_text_audience,loose,False,True,log_hours_since_article,top10,-0.7614026861144857,2556
neural_metadata_text_audience__loose__unpinned,neural_metadata_text_audience,loose,False,True,log_words,top10,0.5115925439971832,2556
neural_metadata_text_audience__loose__unpinned,neural_metadata_text_audience,loose,False,True,novelty_prior_all_model,top10,-0.02852699639583504,2556
neural_metadata_text_audience__loose__unpinned,neural_metadata_text_audience,loose,False,True,prior_reply_composition,top10,-0.3431956347773832,2556
neural_metadata_text_audience__loose__unpinned,neural_metadata_text_audience,loose,False,True,reading_level_length_adjusted,top10,0.013191923905042825,2556
neural_metadata_text_audience__loose__unpinned,neural_metadata_text_audience,loose,False,True,reply_depth_centered,top10,0.02385832150238821,2556
neural_metadata_text_audience__loose__unpinned,neural_metadata_text_audience,loose,False,True,sentiment_negative,top10,0.13725801237122703,2556
neural_metadata_text_audience__loose__unpinned,neural_metadata_text_audience,loose,False,True,sentiment_positive,top10,-0.22339727765885478,2556
neural_metadata_text_audience__loose__unpinned,neural_metadata_text_audience,loose,False,True,toxicity_probability,top10,-0.19294555528947244,2556
neural_metadata_text_audience__loose__unpinned,neural_metadata_text_audience,loose,False,True,url_present,top10,-0.8653723288139752,2556
neural_metadata_text_audience__loose__unpinned,neural_metadata_text_audience,loose,False,True,vienna_overnight,top10,-0.7153632798835154,2556
neural_metadata_text_audience__loose__unpinned,neural_metadata_text_audience,loose,False,True,vienna_weekday_shoulder_evening,top10,-0.33682280008070936,2556
neural_metadata_text_audience__loose__unpinned,neural_metadata_text_audience,loose,False,True,vienna_weekend_day_evening,top10,-0.38795956293821615,2556
neural_metadata_text_audience__trees__pinned,neural_metadata_text_audience,trees,True,True,aqua_additional_knowledge_expected,top10,0.18772847688355007,2556
neural_metadata_text_audience__trees__pinned,neural_metadata_text_audience,trees,True,True,aqua_discrimination_expected,top10,0.19442977559135183,2556
neural_metadata_text_audience__trees__pinned,neural_metadata_text_audience,trees,True,True,aqua_fact_expected,top10,0.3038815241647685,2556
neural_metadata_text_audience__trees__pinned,neural_metadata_text_audience,trees,True,True,aqua_insult_expected,top10,0.12473334514303848,2556
neural_metadata_text_audience__trees__pinned,neural_metadata_text_audience,trees,True,True,aqua_justification_expected,top10,0.43043079641251575,2556
neural_metadata_text_audience__trees__pinned,neural_metadata_text_audience,trees,True,True,aqua_opinion_expected,top10,0.2583218500811343,2556
neural_metadata_text_audience__trees__pinned,neural_metadata_text_audience,trees,True,True,aqua_polite_address_expected,top10,-0.1608345155110991,2556
neural_metadata_text_audience__trees__pinned,neural_metadata_text_audience,trees,True,True,aqua_question_expected,top10,-0.35692994590971117,2556
neural_metadata_text_audience__trees__pinned,neural_metadata_text_audience,trees,True,True,aqua_referencing_contents_expected,top10,-0.20413635441758834,2556
neural_metadata_text_audience__trees__pinned,neural_metadata_text_audience,trees,True,True,aqua_referencing_format_expected,top10,0.06417816705617768,2556
neural_metadata_text_audience__trees__pinned,neural_metadata_text_audience,trees,True,True,aqua_referencing_medium_expected,top10,-0.08289977569521995,2556
neural_metadata_text_audience__trees__pinned,neural_metadata_text_audience,trees,True,True,aqua_referencing_personal_expected,top10,-0.09272914966251297,2556
neural_metadata_text_audience__trees__pinned,neural_metadata_text_audience,trees,True,True,aqua_referencing_users_expected,top10,-0.16868625581998153,2556
neural_metadata_text_audience__trees__pinned,neural_metadata_text_audience,trees,True,True,aqua_relevance_expected,top10,0.24906905566323384,2556
neural_metadata_text_audience__trees__pinned,neural_metadata_text_audience,trees,True,True,aqua_respect_expected,top10,0.008105457421101202,2556
neural_metadata_text_audience__trees__pinned,neural_metadata_text_audience,trees,True,True,aqua_sarcasm_expected,top10,0.015077941881611705,2556
neural_metadata_text_audience__trees__pinned,neural_metadata_text_audience,trees,True,True,aqua_screaming_expected,top10,-0.4268195209462952,2556
neural_metadata_text_audience__trees__pinned,neural_metadata_text_audience,trees,True,True,aqua_solution_proposal_expected,top10,0.2491949069023565,2556
neural_metadata_text_audience__trees__pinned,neural_metadata_text_audience,trees,True,True,aqua_storytelling_expected,top10,0.14780911531552993,2556
neural_metadata_text_audience__trees__pinned,neural_metadata_text_audience,trees,True,True,aqua_vulgarity_expected,top10,0.16105131698723296,2556
neural_metadata_text_audience__trees__pinned,neural_metadata_text_audience,trees,True,True,article_similarity_top3,top10,0.2973969612554378,2556
neural_metadata_text_audience__trees__pinned,neural_metadata_text_audience,trees,True,True,author_prior_30d_downvote_reception,top10,0.03735789936761751,2556
neural_metadata_text_audience__trees__pinned,neural_metadata_text_audience,trees,True,True,author_prior_30d_upvote_reception,top10,0.2221897613905015,2556
neural_metadata_text_audience__trees__pinned,neural_metadata_text_audience,trees,True,True,discussion_pace,top10,0.09651298920236888,2556
neural_metadata_text_audience__trees__pinned,neural_metadata_text_audience,trees,True,True,is_reply,top10,-0.7733153262369846,2556
neural_metadata_text_audience__trees__pinned,neural_metadata_text_audience,trees,True,True,lexdiv_length_adjusted,top10,0.058437340616229225,2556
neural_metadata_text_audience__trees__pinned,neural_metadata_text_audience,trees,True,True,log_author_prior_30d_comments,top10,-0.024607165696081016,2556
neural_metadata_text_audience__trees__pinned,neural_metadata_text_audience,trees,True,True,log_author_prior_comments_story,top10,-0.7377909746357862,2556
neural_metadata_text_audience__trees__pinned,neural_metadata_text_audience,trees,True,True,log_hours_since_article,top10,-0.5511764082728369,2556
neural_metadata_text_audience__trees__pinned,neural_metadata_text_audience,trees,True,True,log_words,top10,0.3570502936799081,2556
neural_metadata_text_audience__trees__pinned,neural_metadata_text_audience,trees,True,True,novelty_prior_all_model,top10,-0.005575788499533373,2556
neural_metadata_text_audience__trees__pinned,neural_metadata_text_audience,trees,True,True,prior_reply_composition,top10,-0.21962467001534505,2556
neural_metadata_text_audience__trees__pinned,neural_metadata_text_audience,trees,True,True,reading_level_length_adjusted,top10,-0.0019538678420634487,2556
neural_metadata_text_audience__trees__pinned,neural_metadata_text_audience,trees,True,True,reply_depth_centered,top10,-0.055280164179927774,2556
neural_metadata_text_audience__trees__pinned,neural_metadata_text_audience,trees,True,True,sentiment_negative,top10,0.04423722147999554,2556
neural_metadata_text_audience__trees__pinned,neural_metadata_text_audience,trees,True,True,sentiment_positive,top10,-0.19444225110786484,2556
neural_metadata_text_audience__trees__pinned,neural_metadata_text_audience,trees,True,True,toxicity_probability,top10,-0.3669518578672934,2556
neural_metadata_text_audience__trees__pinned,neural_metadata_text_audience,trees,True,True,url_present,top10,-0.7480593049763502,2556
neural_metadata_text_audience__trees__pinned,neural_metadata_text_audience,trees,True,True,vienna_overnight,top10,-0.7459636685366307,2556
neural_metadata_text_audience__trees__pinned,neural_metadata_text_audience,trees,True,True,vienna_weekday_shoulder_evening,top10,-0.32215591335976984,2556
neural_metadata_text_audience__trees__pinned,neural_metadata_text_audience,trees,True,True,vienna_weekend_day_evening,top10,-0.3843208884594929,2556
neural_metadata_text_audience__trees__unpinned,neural_metadata_text_audience,trees,False,True,aqua_additional_knowledge_expected,top10,0.09249564548937651,2556
neural_metadata_text_audience__trees__unpinned,neural_metadata_text_audience,trees,False,True,aqua_discrimination_expected,top10,0.16998853246351905,2556
neural_metadata_text_audience__trees__unpinned,neural_metadata_text_audience,trees,False,True,aqua_fact_expected,top10,0.20467239991815553,2556
neural_metadata_text_audience__trees__unpinned,neural_metadata_text_audience,trees,False,True,aqua_insult_expected,top10,0.11363459403737801,2556
neural_metadata_text_audience__trees__unpinned,neural_metadata_text_audience,trees,False,True,aqua_justification_expected,top10,0.29492547897816423,2556
neural_metadata_text_audience__trees__unpinned,neural_metadata_text_audience,trees,False,True,aqua_opinion_expected,top10,0.22867360111383192,2556
neural_metadata_text_audience__trees__unpinned,neural_metadata_text_audience,trees,False,True,aqua_polite_address_expected,top10,-0.23230556294677657,2556
neural_metadata_text_audience__trees__unpinned,neural_metadata_text_audience,trees,False,True,aqua_question_expected,top10,-0.3439992467453015,2556
neural_metadata_text_audience__trees__unpinned,neural_metadata_text_audience,trees,False,True,aqua_referencing_contents_expected,top10,-0.1396274441769126,2556
neural_metadata_text_audience__trees__unpinned,neural_metadata_text_audience,trees,False,True,aqua_referencing_format_expected,top10,0.014218882372250665,2556
neural_metadata_text_audience__trees__unpinned,neural_metadata_text_audience,trees,False,True,aqua_referencing_medium_expected,top10,-0.12029630007743518,2556
neural_metadata_text_audience__trees__unpinned,neural_metadata_text_audience,trees,False,True,aqua_referencing_personal_expected,top10,-0.10959494499920261,2556
neural_metadata_text_audience__trees__unpinned,neural_metadata_text_audience,trees,False,True,aqua_referencing_users_expected,top10,-0.1406028329735338,2556
neural_metadata_text_audience__trees__unpinned,neural_metadata_text_audience,trees,False,True,aqua_relevance_expected,top10,0.1889570190879587,2556
neural_metadata_text_audience__trees__unpinned,neural_metadata_text_audience,trees,False,True,aqua_respect_expected,top10,-0.0032697994087710095,2556
neural_metadata_text_audience__trees__unpinned,neural_metadata_text_audience,trees,False,True,aqua_sarcasm_expected,top10,0.02205828473833088,2556
neural_metadata_text_audience__trees__unpinned,neural_metadata_text_audience,trees,False,True,aqua_screaming_expected,top10,-0.46705356200464043,2556
neural_metadata_text_audience__trees__unpinned,neural_metadata_text_audience,trees,False,True,aqua_solution_proposal_expected,top10,0.1449440785641816,2556
neural_metadata_text_audience__trees__unpinned,neural_metadata_text_audience,trees,False,True,aqua_storytelling_expected,top10,0.07288847268038383,2556
neural_metadata_text_audience__trees__unpinned,neural_metadata_text_audience,trees,False,True,aqua_vulgarity_expected,top10,0.12384471199949158,2556
neural_metadata_text_audience__trees__unpinned,neural_metadata_text_audience,trees,False,True,article_similarity_top3,top10,0.15790883396609048,2556
neural_metadata_text_audience__trees__unpinned,neural_metadata_text_audience,trees,False,True,author_prior_30d_downvote_reception,top10,-0.0061532813253112485,2556
neural_metadata_text_audience__trees__unpinned,neural_metadata_text_audience,trees,False,True,author_prior_30d_upvote_reception,top10,0.1881936953827834,2556
neural_metadata_text_audience__trees__unpinned,neural_metadata_text_audience,trees,False,True,discussion_pace,top10,-0.011092683311133372,2556
neural_metadata_text_audience__trees__unpinned,neural_metadata_text_audience,trees,False,True,is_reply,top10,-0.14003466651942983,2556
neural_metadata_text_audience__trees__unpinned,neural_metadata_text_audience,trees,False,True,lexdiv_length_adjusted,top10,0.04882538876463871,2556
neural_metadata_text_audience__trees__unpinned,neural_metadata_text_audience,trees,False,True,log_author_prior_30d_comments,top10,0.009038608920810409,2556
neural_metadata_text_audience__trees__unpinned,neural_metadata_text_audience,trees,False,True,log_author_prior_comments_story,top10,-0.4693052498657067,2556
neural_metadata_text_audience__trees__unpinned,neural_metadata_text_audience,trees,False,True,log_hours_since_article,top10,-0.45133083879268265,2556
neural_metadata_text_audience__trees__unpinned,neural_metadata_text_audience,trees,False,True,log_words,top10,0.25076734164491116,2556
neural_metadata_text_audience__trees__unpinned,neural_metadata_text_audience,trees,False,True,novelty_prior_all_model,top10,-0.0058413206524805215,2556
neural_metadata_text_audience__trees__unpinned,neural_metadata_text_audience,trees,False,True,prior_reply_composition,top10,-0.14972355778594867,2556
neural_metadata_text_audience__trees__unpinned,neural_metadata_text_audience,trees,False,True,reading_level_length_adjusted,top10,-0.013034836000024355,2556
neural_metadata_text_audience__trees__unpinned,neural_metadata_text_audience,trees,False,True,reply_depth_centered,top10,-0.27458498625014666,2556
neural_metadata_text_audience__trees__unpinned,neural_metadata_text_audience,trees,False,True,sentiment_negative,top10,0.05516322282971683,2556
neural_metadata_text_audience__trees__unpinned,neural_metadata_text_audience,trees,False,True,sentiment_positive,top10,-0.21366446384186522,2556
neural_metadata_text_audience__trees__unpinned,neural_metadata_text_audience,trees,False,True,toxicity_probability,top10,-0.339187539182947,2556
neural_metadata_text_audience__trees__unpinned,neural_metadata_text_audience,trees,False,True,url_present,top10,-0.8413064145085247,2556
neural_metadata_text_audience__trees__unpinned,neural_metadata_text_audience,trees,False,True,vienna_overnight,top10,-0.676289782137786,2556
neural_metadata_text_audience__trees__unpinned,neural_metadata_text_audience,trees,False,True,vienna_weekday_shoulder_evening,top10,-0.3187975129953217,2556
neural_metadata_text_audience__trees__unpinned,neural_metadata_text_audience,trees,False,True,vienna_weekend_day_evening,top10,-0.37972726909930593,2556
neural_metadata_text_editor__hidden__pinned,neural_metadata_text_editor,hidden,True,True,aqua_additional_knowledge_expected,top10,0.24957184180874967,2556
neural_metadata_text_editor__hidden__pinned,neural_metadata_text_editor,hidden,True,True,aqua_discrimination_expected,top10,0.22850624704133787,2556
neural_metadata_text_editor__hidden__pinned,neural_metadata_text_editor,hidden,True,True,aqua_fact_expected,top10,0.3794288889582401,2556
neural_metadata_text_editor__hidden__pinned,neural_metadata_text_editor,hidden,True,True,aqua_insult_expected,top10,0.13924374865185823,2556
neural_metadata_text_editor__hidden__pinned,neural_metadata_text_editor,hidden,True,True,aqua_justification_expected,top10,0.5324034952172668,2556
neural_metadata_text_editor__hidden__pinned,neural_metadata_text_editor,hidden,True,True,aqua_opinion_expected,top10,0.30664504544498433,2556
neural_metadata_text_editor__hidden__pinned,neural_metadata_text_editor,hidden,True,True,aqua_polite_address_expected,top10,-0.12045196188950767,2556
neural_metadata_text_editor__hidden__pinned,neural_metadata_text_editor,hidden,True,True,aqua_question_expected,top10,-0.3809614735094928,2556
neural_metadata_text_editor__hidden__pinned,neural_metadata_text_editor,hidden,True,True,aqua_referencing_contents_expected,top10,-0.2287141000965017,2556
neural_metadata_text_editor__hidden__pinned,neural_metadata_text_editor,hidden,True,True,aqua_referencing_format_expected,top10,0.09812258517577555,2556
neural_metadata_text_editor__hidden__pinned,neural_metadata_text_editor,hidden,True,True,aqua_referencing_medium_expected,top10,-0.06867308172362892,2556
neural_metadata_text_editor__hidden__pinned,neural_metadata_text_editor,hidden,True,True,aqua_referencing_personal_expected,top10,-0.07347906884021861,2556
neural_metadata_text_editor__hidden__pinned,neural_metadata_text_editor,hidden,True,True,aqua_referencing_users_expected,top10,-0.17923667250542938,2556
neural_metadata_text_editor__hidden__pinned,neural_metadata_text_editor,hidden,True,True,aqua_relevance_expected,top10,0.31151103587927953,2556
neural_metadata_text_editor__hidden__pinned,neural_metadata_text_editor,hidden,True,True,aqua_respect_expected,top10,0.019316363664846844,2556
neural_metadata_text_editor__hidden__pinned,neural_metadata_text_editor,hidden,True,True,aqua_sarcasm_expected,top10,0.002840947131208633,2556
neural_metadata_text_editor__hidden__pinned,neural_metadata_text_editor,hidden,True,True,aqua_screaming_expected,top10,-0.41506071324457927,2556
neural_metadata_text_editor__hidden__pinned,neural_metadata_text_editor,hidden,True,True,aqua_solution_proposal_expected,top10,0.33353036737778524,2556
neural_metadata_text_editor__hidden__pinned,neural_metadata_text_editor,hidden,True,True,aqua_storytelling_expected,top10,0.20380146280424594,2556
neural_metadata_text_editor__hidden__pinned,neural_metadata_text_editor,hidden,True,True,aqua_vulgarity_expected,top10,0.1926836932880832,2556
neural_metadata_text_editor__hidden__pinned,neural_metadata_text_editor,hidden,True,True,article_similarity_top3,top10,0.39017811598739593,2556
neural_metadata_text_editor__hidden__pinned,neural_metadata_text_editor,hidden,True,True,author_prior_30d_downvote_reception,top10,0.0477027823532299,2556
neural_metadata_text_editor__hidden__pinned,neural_metadata_text_editor,hidden,True,True,author_prior_30d_upvote_reception,top10,0.25499998610644187,2556
neural_metadata_text_editor__hidden__pinned,neural_metadata_text_editor,hidden,True,True,discussion_pace,top10,0.094609583876997,2556
neural_metadata_text_editor__hidden__pinned,neural_metadata_text_editor,hidden,True,True,is_reply,top10,-0.9992088011633553,2556
neural_metadata_text_editor__hidden__pinned,neural_metadata_text_editor,hidden,True,True,lexdiv_length_adjusted,top10,0.07558666150621668,2556
neural_metadata_text_editor__hidden__pinned,neural_metadata_text_editor,hidden,True,True,log_author_prior_30d_comments,top10,-0.04459796570353859,2556
neural_metadata_text_editor__hidden__pinned,neural_metadata_text_editor,hidden,True,True,log_author_prior_comments_story,top10,-0.867286601229444,2556
neural_metadata_text_editor__hidden__pinned,neural_metadata_text_editor,hidden,True,True,log_hours_since_article,top10,-0.594719204110206,2556
neural_metadata_text_editor__hidden__pinned,neural_metadata_text_editor,hidden,True,True,log_words,top10,0.4500080057240961,2556
neural_metadata_text_editor__hidden__pinned,neural_metadata_text_editor,hidden,True,True,novelty_prior_all_model,top10,-0.023069198332728035,2556
neural_metadata_text_editor__hidden__pinned,neural_metadata_text_editor,hidden,True,True,prior_reply_composition,top10,-0.24592995256463937,2556
neural_metadata_text_editor__hidden__pinned,neural_metadata_text_editor,hidden,True,True,reading_level_length_adjusted,top10,0.002570993876564922,2556
neural_metadata_text_editor__hidden__pinned,neural_metadata_text_editor,hidden,True,True,reply_depth_centered,top10,0.03205913802021641,2556
neural_metadata_text_editor__hidden__pinned,neural_metadata_text_editor,hidden,True,True,sentiment_negative,top10,0.04077827405876578,2556
neural_metadata_text_editor__hidden__pinned,neural_metadata_text_editor,hidden,True,True,sentiment_positive,top10,-0.18710712258460968,2556
neural_metadata_text_editor__hidden__pinned,neural_metadata_text_editor,hidden,True,True,toxicity_probability,top10,-0.40028186272342214,2556
neural_metadata_text_editor__hidden__pinned,neural_metadata_text_editor,hidden,True,True,url_present,top10,-0.7179049354275335,2556
neural_metadata_text_editor__hidden__pinned,neural_metadata_text_editor,hidden,True,True,vienna_overnight,top10,-0.7645106517902217,2556
neural_metadata_text_editor__hidden__pinned,neural_metadata_text_editor,hidden,True,True,vienna_weekday_shoulder_evening,top10,-0.32058462509262625,2556
neural_metadata_text_editor__hidden__pinned,neural_metadata_text_editor,hidden,True,True,vienna_weekend_day_evening,top10,-0.38438321995545643,2556
neural_metadata_text_editor__hidden__unpinned,neural_metadata_text_editor,hidden,False,True,aqua_additional_knowledge_expected,top10,0.33601179583608903,2556
neural_metadata_text_editor__hidden__unpinned,neural_metadata_text_editor,hidden,False,True,aqua_discrimination_expected,top10,0.2824063236967948,2556
neural_metadata_text_editor__hidden__unpinned,neural_metadata_text_editor,hidden,False,True,aqua_fact_expected,top10,0.46058301454335565,2556
neural_metadata_text_editor__hidden__unpinned,neural_metadata_text_editor,hidden,False,True,aqua_insult_expected,top10,0.16102055501374035,2556
neural_metadata_text_editor__hidden__unpinned,neural_metadata_text_editor,hidden,False,True,aqua_justification_expected,top10,0.6480273209551428,2556
neural_metadata_text_editor__hidden__unpinned,neural_metadata_text_editor,hidden,False,True,aqua_opinion_expected,top10,0.3957647443750455,2556
neural_metadata_text_editor__hidden__unpinned,neural_metadata_text_editor,hidden,False,True,aqua_polite_address_expected,top10,-0.05535813423573253,2556
neural_metadata_text_editor__hidden__unpinned,neural_metadata_text_editor,hidden,False,True,aqua_question_expected,top10,-0.41293984574679604,2556
neural_metadata_text_editor__hidden__unpinned,neural_metadata_text_editor,hidden,False,True,aqua_referencing_contents_expected,top10,-0.2335837675488045,2556
neural_metadata_text_editor__hidden__unpinned,neural_metadata_text_editor,hidden,False,True,aqua_referencing_format_expected,top10,0.13950737034673952,2556
neural_metadata_text_editor__hidden__unpinned,neural_metadata_text_editor,hidden,False,True,aqua_referencing_medium_expected,top10,-0.05762460866664619,2556
neural_metadata_text_editor__hidden__unpinned,neural_metadata_text_editor,hidden,False,True,aqua_referencing_personal_expected,top10,-0.044304486517053814,2556
neural_metadata_text_editor__hidden__unpinned,neural_metadata_text_editor,hidden,False,True,aqua_referencing_users_expected,top10,-0.15632451219774643,2556
neural_metadata_text_editor__hidden__unpinned,neural_metadata_text_editor,hidden,False,True,aqua_relevance_expected,top10,0.38862220788657287,2556
neural_metadata_text_editor__hidden__unpinned,neural_metadata_text_editor,hidden,False,True,aqua_respect_expected,top10,0.04886935972359211,2556
neural_metadata_text_editor__hidden__unpinned,neural_metadata_text_editor,hidden,False,True,aqua_sarcasm_expected,top10,-0.018102691630331607,2556
neural_metadata_text_editor__hidden__unpinned,neural_metadata_text_editor,hidden,False,True,aqua_screaming_expected,top10,-0.3960182488970951,2556
neural_metadata_text_editor__hidden__unpinned,neural_metadata_text_editor,hidden,False,True,aqua_solution_proposal_expected,top10,0.4499190581834493,2556
neural_metadata_text_editor__hidden__unpinned,neural_metadata_text_editor,hidden,False,True,aqua_storytelling_expected,top10,0.29362165222205894,2556
neural_metadata_text_editor__hidden__unpinned,neural_metadata_text_editor,hidden,False,True,aqua_vulgarity_expected,top10,0.2389124784286808,2556
neural_metadata_text_editor__hidden__unpinned,neural_metadata_text_editor,hidden,False,True,article_similarity_top3,top10,0.463976670233511,2556
neural_metadata_text_editor__hidden__unpinned,neural_metadata_text_editor,hidden,False,True,author_prior_30d_downvote_reception,top10,0.034577590116383845,2556
neural_metadata_text_editor__hidden__unpinned,neural_metadata_text_editor,hidden,False,True,author_prior_30d_upvote_reception,top10,0.3100476848926943,2556
neural_metadata_text_editor__hidden__unpinned,neural_metadata_text_editor,hidden,False,True,discussion_pace,top10,-0.021733049574769608,2556
neural_metadata_text_editor__hidden__unpinned,neural_metadata_text_editor,hidden,False,True,is_reply,top10,-0.9996981677808231,2556
neural_metadata_text_editor__hidden__unpinned,neural_metadata_text_editor,hidden,False,True,lexdiv_length_adjusted,top10,0.10605045655019545,2556
neural_metadata_text_editor__hidden__unpinned,neural_metadata_text_editor,hidden,False,True,log_author_prior_30d_comments,top10,-0.04306984833202998,2556
neural_metadata_text_editor__hidden__unpinned,neural_metadata_text_editor,hidden,False,True,log_author_prior_comments_story,top10,-0.8614679181827941,2556
neural_metadata_text_editor__hidden__unpinned,neural_metadata_text_editor,hidden,False,True,log_hours_since_article,top10,-0.7000402989434142,2556
neural_metadata_text_editor__hidden__unpinned,neural_metadata_text_editor,hidden,False,True,log_words,top10,0.5764743696276664,2556
neural_metadata_text_editor__hidden__unpinned,neural_metadata_text_editor,hidden,False,True,novelty_prior_all_model,top10,-0.047286828074561985,2556
neural_metadata_text_editor__hidden__unpinned,neural_metadata_text_editor,hidden,False,True,prior_reply_composition,top10,-0.3055787857686816,2556
neural_metadata_text_editor__hidden__unpinned,neural_metadata_text_editor,hidden,False,True,reading_level_length_adjusted,top10,0.006357152543152798,2556
neural_metadata_text_editor__hidden__unpinned,neural_metadata_text_editor,hidden,False,True,reply_depth_centered,top10,0.03237910328919747,2556
neural_metadata_text_editor__hidden__unpinned,neural_metadata_text_editor,hidden,False,True,sentiment_negative,top10,0.04778494244666449,2556
neural_metadata_text_editor__hidden__unpinned,neural_metadata_text_editor,hidden,False,True,sentiment_positive,top10,-0.18158035242855247,2556
neural_metadata_text_editor__hidden__unpinned,neural_metadata_text_editor,hidden,False,True,toxicity_probability,top10,-0.40300392951235803,2556
neural_metadata_text_editor__hidden__unpinned,neural_metadata_text_editor,hidden,False,True,url_present,top10,-0.7135591087847079,2556
neural_metadata_text_editor__hidden__unpinned,neural_metadata_text_editor,hidden,False,True,vienna_overnight,top10,-0.744072695121043,2556
neural_metadata_text_editor__hidden__unpinned,neural_metadata_text_editor,hidden,False,True,vienna_weekday_shoulder_evening,top10,-0.31984018161828986,2556
neural_metadata_text_editor__hidden__unpinned,neural_metadata_text_editor,hidden,False,True,vienna_weekend_day_evening,top10,-0.38668878203173174,2556
neural_metadata_text_editor__loose__pinned,neural_metadata_text_editor,loose,True,True,aqua_additional_knowledge_expected,top10,0.2522745880261416,2556
neural_metadata_text_editor__loose__pinned,neural_metadata_text_editor,loose,True,True,aqua_discrimination_expected,top10,0.22893772721114308,2556
neural_metadata_text_editor__loose__pinned,neural_metadata_text_editor,loose,True,True,aqua_fact_expected,top10,0.3815519646553112,2556
neural_metadata_text_editor__loose__pinned,neural_metadata_text_editor,loose,True,True,aqua_insult_expected,top10,0.13859406963243073,2556
neural_metadata_text_editor__loose__pinned,neural_metadata_text_editor,loose,True,True,aqua_justification_expected,top10,0.5336159423345919,2556
neural_metadata_text_editor__loose__pinned,neural_metadata_text_editor,loose,True,True,aqua_opinion_expected,top10,0.30355823407397636,2556
neural_metadata_text_editor__loose__pinned,neural_metadata_text_editor,loose,True,True,aqua_polite_address_expected,top10,-0.12204405196657163,2556
neural_metadata_text_editor__loose__pinned,neural_metadata_text_editor,loose,True,True,aqua_question_expected,top10,-0.38463779857492775,2556
neural_metadata_text_editor__loose__pinned,neural_metadata_text_editor,loose,True,True,aqua_referencing_contents_expected,top10,-0.22796883875191584,2556
neural_metadata_text_editor__loose__pinned,neural_metadata_text_editor,loose,True,True,aqua_referencing_format_expected,top10,0.09856681946198768,2556
neural_metadata_text_editor__loose__pinned,neural_metadata_text_editor,loose,True,True,aqua_referencing_medium_expected,top10,-0.06889408563131141,2556
neural_metadata_text_editor__loose__pinned,neural_metadata_text_editor,loose,True,True,aqua_referencing_personal_expected,top10,-0.07286638479730494,2556
neural_metadata_text_editor__loose__pinned,neural_metadata_text_editor,loose,True,True,aqua_referencing_users_expected,top10,-0.17950639509217903,2556
neural_metadata_text_editor__loose__pinned,neural_metadata_text_editor,loose,True,True,aqua_relevance_expected,top10,0.31217210357041153,2556
neural_metadata_text_editor__loose__pinned,neural_metadata_text_editor,loose,True,True,aqua_respect_expected,top10,0.018207256677886287,2556
neural_metadata_text_editor__loose__pinned,neural_metadata_text_editor,loose,True,True,aqua_sarcasm_expected,top10,0.00147454507857854,2556
neural_metadata_text_editor__loose__pinned,neural_metadata_text_editor,loose,True,True,aqua_screaming_expected,top10,-0.4151738272208269,2556
neural_metadata_text_editor__loose__pinned,neural_metadata_text_editor,loose,True,True,aqua_solution_proposal_expected,top10,0.3344988070339227,2556
neural_metadata_text_editor__loose__pinned,neural_metadata_text_editor,loose,True,True,aqua_storytelling_expected,top10,0.204427228829093,2556
neural_metadata_text_editor__loose__pinned,neural_metadata_text_editor,loose,True,True,aqua_vulgarity_expected,top10,0.19133122753575788,2556
neural_metadata_text_editor__loose__pinned,neural_metadata_text_editor,loose,True,True,article_similarity_top3,top10,0.3890951651718194,2556
neural_metadata_text_editor__loose__pinned,neural_metadata_text_editor,loose,True,True,author_prior_30d_downvote_reception,top10,0.04561598214438444,2556
neural_metadata_text_editor__loose__pinned,neural_metadata_text_editor,loose,True,True,author_prior_30d_upvote_reception,top10,0.25172561678141625,2556
neural_metadata_text_editor__loose__pinned,neural_metadata_text_editor,loose,True,True,discussion_pace,top10,0.10094821355966509,2556
neural_metadata_text_editor__loose__pinned,neural_metadata_text_editor,loose,True,True,is_reply,top10,-0.9718987389679534,2556
neural_metadata_text_editor__loose__pinned,neural_metadata_text_editor,loose,True,True,lexdiv_length_adjusted,top10,0.07450865984253748,2556
neural_metadata_text_editor__loose__pinned,neural_metadata_text_editor,loose,True,True,log_author_prior_30d_comments,top10,-0.04366894114174363,2556
neural_metadata_text_editor__loose__pinned,neural_metadata_text_editor,loose,True,True,log_author_prior_comments_story,top10,-0.8585291305706106,2556
neural_metadata_text_editor__loose__pinned,neural_metadata_text_editor,loose,True,True,log_hours_since_article,top10,-0.591974209349956,2556
neural_metadata_text_editor__loose__pinned,neural_metadata_text_editor,loose,True,True,log_words,top10,0.45070038084590225,2556
neural_metadata_text_editor__loose__pinned,neural_metadata_text_editor,loose,True,True,novelty_prior_all_model,top10,-0.0263196473650676,2556
neural_metadata_text_editor__loose__pinned,neural_metadata_text_editor,loose,True,True,prior_reply_composition,top10,-0.2444400457366088,2556
neural_metadata_text_editor__loose__pinned,neural_metadata_text_editor,loose,True,True,reading_level_length_adjusted,top10,0.004147658233723782,2556
neural_metadata_text_editor__loose__pinned,neural_metadata_text_editor,loose,True,True,reply_depth_centered,top10,0.017789601502319854,2556
neural_metadata_text_editor__loose__pinned,neural_metadata_text_editor,loose,True,True,sentiment_negative,top10,0.039267405450386546,2556
neural_metadata_text_editor__loose__pinned,neural_metadata_text_editor,loose,True,True,sentiment_positive,top10,-0.18948259344333737,2556
neural_metadata_text_editor__loose__pinned,neural_metadata_text_editor,loose,True,True,toxicity_probability,top10,-0.4016211382070744,2556
neural_metadata_text_editor__loose__pinned,neural_metadata_text_editor,loose,True,True,url_present,top10,-0.712097033769071,2556
neural_metadata_text_editor__loose__pinned,neural_metadata_text_editor,loose,True,True,vienna_overnight,top10,-0.7650314753401761,2556
neural_metadata_text_editor__loose__pinned,neural_metadata_text_editor,loose,True,True,vienna_weekday_shoulder_evening,top10,-0.32102088392853173,2556
neural_metadata_text_editor__loose__pinned,neural_metadata_text_editor,loose,True,True,vienna_weekend_day_evening,top10,-0.38420730336085074,2556
neural_metadata_text_editor__loose__unpinned,neural_metadata_text_editor,loose,False,True,aqua_additional_knowledge_expected,top10,0.3395758009753125,2556
neural_metadata_text_editor__loose__unpinned,neural_metadata_text_editor,loose,False,True,aqua_discrimination_expected,top10,0.283252389257927,2556
neural_metadata_text_editor__loose__unpinned,neural_metadata_text_editor,loose,False,True,aqua_fact_expected,top10,0.46306647020495917,2556
neural_metadata_text_editor__loose__unpinned,neural_metadata_text_editor,loose,False,True,aqua_insult_expected,top10,0.16059128344454035,2556
neural_metadata_text_editor__loose__unpinned,neural_metadata_text_editor,loose,False,True,aqua_justification_expected,top10,0.6499174274811703,2556
neural_metadata_text_editor__loose__unpinned,neural_metadata_text_editor,loose,False,True,aqua_opinion_expected,top10,0.39495606429712127,2556
neural_metadata_text_editor__loose__unpinned,neural_metadata_text_editor,loose,False,True,aqua_polite_address_expected,top10,-0.05381059577234161,2556
neural_metadata_text_editor__loose__unpinned,neural_metadata_text_editor,loose,False,True,aqua_question_expected,top10,-0.4152885123092848,2556
neural_metadata_text_editor__loose__unpinned,neural_metadata_text_editor,loose,False,True,aqua_referencing_contents_expected,top10,-0.23329062373018422,2556
neural_metadata_text_editor__loose__unpinned,neural_metadata_text_editor,loose,False,True,aqua_referencing_format_expected,top10,0.14112077944122156,2556
neural_metadata_text_editor__loose__unpinned,neural_metadata_text_editor,loose,False,True,aqua_referencing_medium_expected,top10,-0.058023888749147864,2556
neural_metadata_text_editor__loose__unpinned,neural_metadata_text_editor,loose,False,True,aqua_referencing_personal_expected,top10,-0.04331803456279155,2556
neural_metadata_text_editor__loose__unpinned,neural_metadata_text_editor,loose,False,True,aqua_referencing_users_expected,top10,-0.15504030376395303,2556
neural_metadata_text_editor__loose__unpinned,neural_metadata_text_editor,loose,False,True,aqua_relevance_expected,top10,0.3893585397908124,2556
neural_metadata_text_editor__loose__unpinned,neural_metadata_text_editor,loose,False,True,aqua_respect_expected,top10,0.04909712386195702,2556
neural_metadata_text_editor__loose__unpinned,neural_metadata_text_editor,loose,False,True,aqua_sarcasm_expected,top10,-0.019801575000340296,2556
neural_metadata_text_editor__loose__unpinned,neural_metadata_text_editor,loose,False,True,aqua_screaming_expected,top10,-0.3933012183081194,2556
neural_metadata_text_editor__loose__unpinned,neural_metadata_text_editor,loose,False,True,aqua_solution_proposal_expected,top10,0.4527630125794259,2556
neural_metadata_text_editor__loose__unpinned,neural_metadata_text_editor,loose,False,True,aqua_storytelling_expected,top10,0.2945101316854906,2556
neural_metadata_text_editor__loose__unpinned,neural_metadata_text_editor,loose,False,True,aqua_vulgarity_expected,top10,0.23886716551301815,2556
neural_metadata_text_editor__loose__unpinned,neural_metadata_text_editor,loose,False,True,article_similarity_top3,top10,0.4646386318422045,2556
neural_metadata_text_editor__loose__unpinned,neural_metadata_text_editor,loose,False,True,author_prior_30d_downvote_reception,top10,0.033417056966589025,2556
neural_metadata_text_editor__loose__unpinned,neural_metadata_text_editor,loose,False,True,author_prior_30d_upvote_reception,top10,0.3096257887746574,2556
neural_metadata_text_editor__loose__unpinned,neural_metadata_text_editor,loose,False,True,discussion_pace,top10,-0.019942299031505992,2556
neural_metadata_text_editor__loose__unpinned,neural_metadata_text_editor,loose,False,True,is_reply,top10,-0.9882021402722806,2556
neural_metadata_text_editor__loose__unpinned,neural_metadata_text_editor,loose,False,True,lexdiv_length_adjusted,top10,0.10571988464936978,2556
neural_metadata_text_editor__loose__unpinned,neural_metadata_text_editor,loose,False,True,log_author_prior_30d_comments,top10,-0.043177127656193255,2556
neural_metadata_text_editor__loose__unpinned,neural_metadata_text_editor,loose,False,True,log_author_prior_comments_story,top10,-0.8578644566559217,2556
neural_metadata_text_editor__loose__unpinned,neural_metadata_text_editor,loose,False,True,log_hours_since_article,top10,-0.7009776218659998,2556
neural_metadata_text_editor__loose__unpinned,neural_metadata_text_editor,loose,False,True,log_words,top10,0.5789721280834573,2556
neural_metadata_text_editor__loose__unpinned,neural_metadata_text_editor,loose,False,True,novelty_prior_all_model,top10,-0.049937421534158775,2556
neural_metadata_text_editor__loose__unpinned,neural_metadata_text_editor,loose,False,True,prior_reply_composition,top10,-0.30733585136451747,2556
neural_metadata_text_editor__loose__unpinned,neural_metadata_text_editor,loose,False,True,reading_level_length_adjusted,top10,0.008210304006075793,2556
neural_metadata_text_editor__loose__unpinned,neural_metadata_text_editor,loose,False,True,reply_depth_centered,top10,0.02575257067428658,2556
neural_metadata_text_editor__loose__unpinned,neural_metadata_text_editor,loose,False,True,sentiment_negative,top10,0.0460343085059845,2556
neural_metadata_text_editor__loose__unpinned,neural_metadata_text_editor,loose,False,True,sentiment_positive,top10,-0.18220797537366623,2556
neural_metadata_text_editor__loose__unpinned,neural_metadata_text_editor,loose,False,True,toxicity_probability,top10,-0.4036310229472386,2556
neural_metadata_text_editor__loose__unpinned,neural_metadata_text_editor,loose,False,True,url_present,top10,-0.7060581423113417,2556
neural_metadata_text_editor__loose__unpinned,neural_metadata_text_editor,loose,False,True,vienna_overnight,top10,-0.7445331792230148,2556
neural_metadata_text_editor__loose__unpinned,neural_metadata_text_editor,loose,False,True,vienna_weekday_shoulder_evening,top10,-0.31995488939071054,2556
neural_metadata_text_editor__loose__unpinned,neural_metadata_text_editor,loose,False,True,vienna_weekend_day_evening,top10,-0.38660975194727787,2556
neural_metadata_text_editor__trees__pinned,neural_metadata_text_editor,trees,True,True,aqua_additional_knowledge_expected,top10,0.20443049059782334,2556
neural_metadata_text_editor__trees__pinned,neural_metadata_text_editor,trees,True,True,aqua_discrimination_expected,top10,0.19553807791753547,2556
neural_metadata_text_editor__trees__pinned,neural_metadata_text_editor,trees,True,True,aqua_fact_expected,top10,0.319784854136908,2556
neural_metadata_text_editor__trees__pinned,neural_metadata_text_editor,trees,True,True,aqua_insult_expected,top10,0.11643131047264745,2556
neural_metadata_text_editor__trees__pinned,neural_metadata_text_editor,trees,True,True,aqua_justification_expected,top10,0.45204317426456603,2556
neural_metadata_text_editor__trees__pinned,neural_metadata_text_editor,trees,True,True,aqua_opinion_expected,top10,0.2595828835256495,2556
neural_metadata_text_editor__trees__pinned,neural_metadata_text_editor,trees,True,True,aqua_polite_address_expected,top10,-0.15188352412547526,2556
neural_metadata_text_editor__trees__pinned,neural_metadata_text_editor,trees,True,True,aqua_question_expected,top10,-0.36283115144278383,2556
neural_metadata_text_editor__trees__pinned,neural_metadata_text_editor,trees,True,True,aqua_referencing_contents_expected,top10,-0.19944507745928036,2556
neural_metadata_text_editor__trees__pinned,neural_metadata_text_editor,trees,True,True,aqua_referencing_format_expected,top10,0.07311793665713566,2556
neural_metadata_text_editor__trees__pinned,neural_metadata_text_editor,trees,True,True,aqua_referencing_medium_expected,top10,-0.08682865338043629,2556
neural_metadata_text_editor__trees__pinned,neural_metadata_text_editor,trees,True,True,aqua_referencing_personal_expected,top10,-0.08647446750811966,2556
neural_metadata_text_editor__trees__pinned,neural_metadata_text_editor,trees,True,True,aqua_referencing_users_expected,top10,-0.16556343041394703,2556
neural_metadata_text_editor__trees__pinned,neural_metadata_text_editor,trees,True,True,aqua_relevance_expected,top10,0.26708459856256755,2556
neural_metadata_text_editor__trees__pinned,neural_metadata_text_editor,trees,True,True,aqua_respect_expected,top10,0.007986349902864674,2556
neural_metadata_text_editor__trees__pinned,neural_metadata_text_editor,trees,True,True,aqua_sarcasm_expected,top10,0.00023856406680714803,2556
neural_metadata_text_editor__trees__pinned,neural_metadata_text_editor,trees,True,True,aqua_screaming_expected,top10,-0.43247980267078573,2556
neural_metadata_text_editor__trees__pinned,neural_metadata_text_editor,trees,True,True,aqua_solution_proposal_expected,top10,0.27614449160749144,2556
neural_metadata_text_editor__trees__pinned,neural_metadata_text_editor,trees,True,True,aqua_storytelling_expected,top10,0.15966162050620697,2556
neural_metadata_text_editor__trees__pinned,neural_metadata_text_editor,trees,True,True,aqua_vulgarity_expected,top10,0.1552069164942157,2556
neural_metadata_text_editor__trees__pinned,neural_metadata_text_editor,trees,True,True,article_similarity_top3,top10,0.320179166833114,2556
neural_metadata_text_editor__trees__pinned,neural_metadata_text_editor,trees,True,True,author_prior_30d_downvote_reception,top10,0.03142489554336599,2556
neural_metadata_text_editor__trees__pinned,neural_metadata_text_editor,trees,True,True,author_prior_30d_upvote_reception,top10,0.21106244395877088,2556
neural_metadata_text_editor__trees__pinned,neural_metadata_text_editor,trees,True,True,discussion_pace,top10,0.13224706219660518,2556
neural_metadata_text_editor__trees__pinned,neural_metadata_text_editor,trees,True,True,is_reply,top10,-0.7842854103330484,2556
neural_metadata_text_editor__trees__pinned,neural_metadata_text_editor,trees,True,True,lexdiv_length_adjusted,top10,0.06480907412478075,2556
neural_metadata_text_editor__trees__pinned,neural_metadata_text_editor,trees,True,True,log_author_prior_30d_comments,top10,-0.02930345181751811,2556
neural_metadata_text_editor__trees__pinned,neural_metadata_text_editor,trees,True,True,log_author_prior_comments_story,top10,-0.7284846285439777,2556
neural_metadata_text_editor__trees__pinned,neural_metadata_text_editor,trees,True,True,log_hours_since_article,top10,-0.5338539174424072,2556
neural_metadata_text_editor__trees__pinned,neural_metadata_text_editor,trees,True,True,log_words,top10,0.37789082400086066,2556
neural_metadata_text_editor__trees__pinned,neural_metadata_text_editor,trees,True,True,novelty_prior_all_model,top10,-0.01597897696311521,2556
neural_metadata_text_editor__trees__pinned,neural_metadata_text_editor,trees,True,True,prior_reply_composition,top10,-0.20968631296223894,2556
neural_metadata_text_editor__trees__pinned,neural_metadata_text_editor,trees,True,True,reading_level_length_adjusted,top10,-0.003120621346938622,2556
neural_metadata_text_editor__trees__pinned,neural_metadata_text_editor,trees,True,True,reply_depth_centered,top10,-0.04970107988204151,2556
neural_metadata_text_editor__trees__pinned,neural_metadata_text_editor,trees,True,True,sentiment_negative,top10,0.02352333770114853,2556
neural_metadata_text_editor__trees__pinned,neural_metadata_text_editor,trees,True,True,sentiment_positive,top10,-0.18620123584558687,2556
neural_metadata_text_editor__trees__pinned,neural_metadata_text_editor,trees,True,True,toxicity_probability,top10,-0.42263664606537005,2556
neural_metadata_text_editor__trees__pinned,neural_metadata_text_editor,trees,True,True,url_present,top10,-0.7230226750837083,2556
neural_metadata_text_editor__trees__pinned,neural_metadata_text_editor,trees,True,True,vienna_overnight,top10,-0.7565666014158766,2556
neural_metadata_text_editor__trees__pinned,neural_metadata_text_editor,trees,True,True,vienna_weekday_shoulder_evening,top10,-0.31361143444868894,2556
neural_metadata_text_editor__trees__pinned,neural_metadata_text_editor,trees,True,True,vienna_weekend_day_evening,top10,-0.3832028227853016,2556
neural_metadata_text_editor__trees__unpinned,neural_metadata_text_editor,trees,False,True,aqua_additional_knowledge_expected,top10,0.1537398273915934,2556
neural_metadata_text_editor__trees__unpinned,neural_metadata_text_editor,trees,False,True,aqua_discrimination_expected,top10,0.16322492438522299,2556
neural_metadata_text_editor__trees__unpinned,neural_metadata_text_editor,trees,False,True,aqua_fact_expected,top10,0.24554140982634481,2556
neural_metadata_text_editor__trees__unpinned,neural_metadata_text_editor,trees,False,True,aqua_insult_expected,top10,0.08784580616126597,2556
neural_metadata_text_editor__trees__unpinned,neural_metadata_text_editor,trees,False,True,aqua_justification_expected,top10,0.3489730586989902,2556
neural_metadata_text_editor__trees__unpinned,neural_metadata_text_editor,trees,False,True,aqua_opinion_expected,top10,0.22081197540097477,2556
neural_metadata_text_editor__trees__unpinned,neural_metadata_text_editor,trees,False,True,aqua_polite_address_expected,top10,-0.16571646536760376,2556
neural_metadata_text_editor__trees__unpinned,neural_metadata_text_editor,trees,False,True,aqua_question_expected,top10,-0.3418105126073058,2556
neural_metadata_text_editor__trees__unpinned,neural_metadata_text_editor,trees,False,True,aqua_referencing_contents_expected,top10,-0.12546400495577179,2556
neural_metadata_text_editor__trees__unpinned,neural_metadata_text_editor,trees,False,True,aqua_referencing_format_expected,top10,0.04975774648964723,2556
neural_metadata_text_editor__trees__unpinned,neural_metadata_text_editor,trees,False,True,aqua_referencing_medium_expected,top10,-0.12155270208998606,2556
neural_metadata_text_editor__trees__unpinned,neural_metadata_text_editor,trees,False,True,aqua_referencing_personal_expected,top10,-0.08953202960355328,2556
neural_metadata_text_editor__trees__unpinned,neural_metadata_text_editor,trees,False,True,aqua_referencing_users_expected,top10,-0.11515906902771503,2556
neural_metadata_text_editor__trees__unpinned,neural_metadata_text_editor,trees,False,True,aqua_relevance_expected,top10,0.22664809945033884,2556
neural_metadata_text_editor__trees__unpinned,neural_metadata_text_editor,trees,False,True,aqua_respect_expected,top10,0.0032978568720686574,2556
neural_metadata_text_editor__trees__unpinned,neural_metadata_text_editor,trees,False,True,aqua_sarcasm_expected,top10,-0.01656458839484486,2556
neural_metadata_text_editor__trees__unpinned,neural_metadata_text_editor,trees,False,True,aqua_screaming_expected,top10,-0.4633590257459169,2556
neural_metadata_text_editor__trees__unpinned,neural_metadata_text_editor,trees,False,True,aqua_solution_proposal_expected,top10,0.22518443687400433,2556
neural_metadata_text_editor__trees__unpinned,neural_metadata_text_editor,trees,False,True,aqua_storytelling_expected,top10,0.10739561326595307,2556
neural_metadata_text_editor__trees__unpinned,neural_metadata_text_editor,trees,False,True,aqua_vulgarity_expected,top10,0.10437993782070698,2556
neural_metadata_text_editor__trees__unpinned,neural_metadata_text_editor,trees,False,True,article_similarity_top3,top10,0.20775868164845301,2556
neural_metadata_text_editor__trees__unpinned,neural_metadata_text_editor,trees,False,True,author_prior_30d_downvote_reception,top10,-0.005107340133193202,2556
neural_metadata_text_editor__trees__unpinned,neural_metadata_text_editor,trees,False,True,author_prior_30d_upvote_reception,top10,0.1470440178627062,2556
neural_metadata_text_editor__trees__unpinned,neural_metadata_text_editor,trees,False,True,discussion_pace,top10,0.08579572487796583,2556
neural_metadata_text_editor__trees__unpinned,neural_metadata_text_editor,trees,False,True,is_reply,top10,-0.17096183059520287,2556
neural_metadata_text_editor__trees__unpinned,neural_metadata_text_editor,trees,False,True,lexdiv_length_adjusted,top10,0.0685357997524981,2556
neural_metadata_text_editor__trees__unpinned,neural_metadata_text_editor,trees,False,True,log_author_prior_30d_comments,top10,-0.00046281304238172195,2556
neural_metadata_text_editor__trees__unpinned,neural_metadata_text_editor,trees,False,True,log_author_prior_comments_story,top10,-0.4441888786861292,2556
neural_metadata_text_editor__trees__unpinned,neural_metadata_text_editor,trees,False,True,log_hours_since_article,top10,-0.3820831296219887,2556
neural_metadata_text_editor__trees__unpinned,neural_metadata_text_editor,trees,False,True,log_words,top10,0.30648321092681485,2556
neural_metadata_text_editor__trees__unpinned,neural_metadata_text_editor,trees,False,True,novelty_prior_all_model,top10,-0.025512271561762067,2556
neural_metadata_text_editor__trees__unpinned,neural_metadata_text_editor,trees,False,True,prior_reply_composition,top10,-0.10483954783308372,2556
neural_metadata_text_editor__trees__unpinned,neural_metadata_text_editor,trees,False,True,reading_level_length_adjusted,top10,-0.009634705732840691,2556
neural_metadata_text_editor__trees__unpinned,neural_metadata_text_editor,trees,False,True,reply_depth_centered,top10,-0.2620466817486418,2556
neural_metadata_text_editor__trees__unpinned,neural_metadata_text_editor,trees,False,True,sentiment_negative,top10,-0.006930846963919252,2556
neural_metadata_text_editor__trees__unpinned,neural_metadata_text_editor,trees,False,True,sentiment_positive,top10,-0.1925228300965987,2556
neural_metadata_text_editor__trees__unpinned,neural_metadata_text_editor,trees,False,True,toxicity_probability,top10,-0.49514092823083844,2556
neural_metadata_text_editor__trees__unpinned,neural_metadata_text_editor,trees,False,True,url_present,top10,-0.7282731700442143,2556
neural_metadata_text_editor__trees__unpinned,neural_metadata_text_editor,trees,False,True,vienna_overnight,top10,-0.707951912912722,2556
neural_metadata_text_editor__trees__unpinned,neural_metadata_text_editor,trees,False,True,vienna_weekday_shoulder_evening,top10,-0.30476242779920026,2556
neural_metadata_text_editor__trees__unpinned,neural_metadata_text_editor,trees,False,True,vienna_weekend_day_evening,top10,-0.3756913348040175,2556
random__hidden__pinned,random,hidden,True,False,aqua_additional_knowledge_expected,top10,0.17029025627024091,2556
random__hidden__pinned,random,hidden,True,False,aqua_discrimination_expected,top10,0.16196384078884524,2556
random__hidden__pinned,random,hidden,True,False,aqua_fact_expected,top10,0.2805978898650589,2556
random__hidden__pinned,random,hidden,True,False,aqua_insult_expected,top10,0.11149644012975328,2556
random__hidden__pinned,random,hidden,True,False,aqua_justification_expected,top10,0.3851754320316368,2556
random__hidden__pinned,random,hidden,True,False,aqua_opinion_expected,top10,0.2116253775724718,2556
random__hidden__pinned,random,hidden,True,False,aqua_polite_address_expected,top10,-0.17902659094346923,2556
random__hidden__pinned,random,hidden,True,False,aqua_question_expected,top10,-0.31616069245578676,2556
random__hidden__pinned,random,hidden,True,False,aqua_referencing_contents_expected,top10,-0.2213531031806537,2556
random__hidden__pinned,random,hidden,True,False,aqua_referencing_format_expected,top10,0.06458651140097534,2556
random__hidden__pinned,random,hidden,True,False,aqua_referencing_medium_expected,top10,-0.08561652795939972,2556
random__hidden__pinned,random,hidden,True,False,aqua_referencing_personal_expected,top10,-0.08721624767173436,2556
random__hidden__pinned,random,hidden,True,False,aqua_referencing_users_expected,top10,-0.18641028291017547,2556
random__hidden__pinned,random,hidden,True,False,aqua_relevance_expected,top10,0.21378784625213226,2556
random__hidden__pinned,random,hidden,True,False,aqua_respect_expected,top10,-0.011673081205651838,2556
random__hidden__pinned,random,hidden,True,False,aqua_sarcasm_expected,top10,0.022635992139885458,2556
random__hidden__pinned,random,hidden,True,False,aqua_screaming_expected,top10,-0.4192969189195496,2556
random__hidden__pinned,random,hidden,True,False,aqua_solution_proposal_expected,top10,0.21685596529496692,2556
random__hidden__pinned,random,hidden,True,False,aqua_storytelling_expected,top10,0.11118864732794023,2556
random__hidden__pinned,random,hidden,True,False,aqua_vulgarity_expected,top10,0.15466120116317195,2556
random__hidden__pinned,random,hidden,True,False,article_similarity_top3,top10,0.30099294422648026,2556
random__hidden__pinned,random,hidden,True,False,author_prior_30d_downvote_reception,top10,0.06657838549143735,2556
random__hidden__pinned,random,hidden,True,False,author_prior_30d_upvote_reception,top10,0.19325118478317502,2556
random__hidden__pinned,random,hidden,True,False,discussion_pace,top10,0.12868635025100156,2556
random__hidden__pinned,random,hidden,True,False,is_reply,top10,-0.9829111069659912,2556
random__hidden__pinned,random,hidden,True,False,lexdiv_length_adjusted,top10,0.056276620733376866,2556
random__hidden__pinned,random,hidden,True,False,log_author_prior_30d_comments,top10,-0.04090894380566267,2556
random__hidden__pinned,random,hidden,True,False,log_author_prior_comments_story,top10,-0.8507913329149888,2556
random__hidden__pinned,random,hidden,True,False,log_hours_since_article,top10,-0.4404123851830396,2556
random__hidden__pinned,random,hidden,True,False,log_words,top10,0.3209108937652464,2556
random__hidden__pinned,random,hidden,True,False,novelty_prior_all_model,top10,0.0004977987322092063,2556
random__hidden__pinned,random,hidden,True,False,prior_reply_composition,top10,-0.1687838904494586,2556
random__hidden__pinned,random,hidden,True,False,reading_level_length_adjusted,top10,-0.000465169026804335,2556
random__hidden__pinned,random,hidden,True,False,reply_depth_centered,top10,0.028658590598762912,2556
random__hidden__pinned,random,hidden,True,False,sentiment_negative,top10,0.037324584955601044,2556
random__hidden__pinned,random,hidden,True,False,sentiment_positive,top10,-0.19579744548294314,2556
random__hidden__pinned,random,hidden,True,False,toxicity_probability,top10,-0.38416583713036084,2556
random__hidden__pinned,random,hidden,True,False,url_present,top10,-0.7160789945157571,2556
random__hidden__pinned,random,hidden,True,False,vienna_overnight,top10,-0.7360084359988696,2556
random__hidden__pinned,random,hidden,True,False,vienna_weekday_shoulder_evening,top10,-0.2963792218932018,2556
random__hidden__pinned,random,hidden,True,False,vienna_weekend_day_evening,top10,-0.3766374300772329,2556
random__hidden__unpinned,random,hidden,False,False,aqua_additional_knowledge_expected,top10,0.043950282226729136,2556
random__hidden__unpinned,random,hidden,False,False,aqua_discrimination_expected,top10,0.07973934531128206,2556
random__hidden__unpinned,random,hidden,False,False,aqua_fact_expected,top10,0.156253966662938,2556
random__hidden__unpinned,random,hidden,False,False,aqua_insult_expected,top10,0.08067012009259918,2556
random__hidden__unpinned,random,hidden,False,False,aqua_justification_expected,top10,0.17252375475247494,2556
random__hidden__unpinned,random,hidden,False,False,aqua_opinion_expected,top10,0.08578834754326718,2556
random__hidden__unpinned,random,hidden,False,False,aqua_polite_address_expected,top10,-0.2833108416058487,2556
random__hidden__unpinned,random,hidden,False,False,aqua_question_expected,top10,-0.23681635105398433,2556
random__hidden__unpinned,random,hidden,False,False,aqua_referencing_contents_expected,top10,-0.21131906121444555,2556
random__hidden__unpinned,random,hidden,False,False,aqua_referencing_format_expected,top10,0.023305652246719488,2556
random__hidden__unpinned,random,hidden,False,False,aqua_referencing_medium_expected,top10,-0.1277561066079578,2556
random__hidden__unpinned,random,hidden,False,False,aqua_referencing_personal_expected,top10,-0.09370035327830359,2556
random__hidden__unpinned,random,hidden,False,False,aqua_referencing_users_expected,top10,-0.20300978271994705,2556
random__hidden__unpinned,random,hidden,False,False,aqua_relevance_expected,top10,0.09467454400973227,2556
random__hidden__unpinned,random,hidden,False,False,aqua_respect_expected,top10,-0.06620653738673123,2556
random__hidden__unpinned,random,hidden,False,False,aqua_sarcasm_expected,top10,0.05468540772938511,2556
random__hidden__unpinned,random,hidden,False,False,aqua_screaming_expected,top10,-0.4247277033299681,2556
random__hidden__unpinned,random,hidden,False,False,aqua_solution_proposal_expected,top10,0.052568739383105245,2556
random__hidden__unpinned,random,hidden,False,False,aqua_storytelling_expected,top10,-0.04484503898055228,2556
random__hidden__unpinned,random,hidden,False,False,aqua_vulgarity_expected,top10,0.11140239641003309,2556
random__hidden__unpinned,random,hidden,False,False,article_similarity_top3,top10,0.18453198818480515,2556
random__hidden__unpinned,random,hidden,False,False,author_prior_30d_downvote_reception,top10,0.08718804863762057,2556
random__hidden__unpinned,random,hidden,False,False,author_prior_30d_upvote_reception,top10,0.11968102200962,2556
random__hidden__unpinned,random,hidden,False,False,discussion_pace,top10,0.13634993477270568,2556
random__hidden__unpinned,random,hidden,False,False,is_reply,top10,-0.9422410538496278,2556
random__hidden__unpinned,random,hidden,False,False,lexdiv_length_adjusted,top10,0.04326165861751161,2556
random__hidden__unpinned,random,hidden,False,False,log_author_prior_30d_comments,top10,-0.0364407425111525,2556
random__hidden__unpinned,random,hidden,False,False,log_author_prior_comments_story,top10,-0.8054559847786266,2556
random__hidden__unpinned,random,hidden,False,False,log_hours_since_article,top10,-0.22380992936869065,2556
random__hidden__unpinned,random,hidden,False,False,log_words,top10,0.15071210167413387,2556
random__hidden__unpinned,random,hidden,False,False,novelty_prior_all_model,top10,0.015775862046443385,2556
random__hidden__unpinned,random,hidden,False,False,prior_reply_composition,top10,-0.014047173835127214,2556
random__hidden__unpinned,random,hidden,False,False,reading_level_length_adjusted,top10,0.0011061345596355139,2556
random__hidden__unpinned,random,hidden,False,False,reply_depth_centered,top10,0.021444646679351285,2556
random__hidden__unpinned,random,hidden,False,False,sentiment_negative,top10,0.04517658378944127,2556
random__hidden__unpinned,random,hidden,False,False,sentiment_positive,top10,-0.22965315504302392,2556
random__hidden__unpinned,random,hidden,False,False,toxicity_probability,top10,-0.3458498035456456,2556
random__hidden__unpinned,random,hidden,False,False,url_present,top10,-0.7573115990123688,2556
random__hidden__unpinned,random,hidden,False,False,vienna_overnight,top10,-0.7079153405252617,2556
random__hidden__unpinned,random,hidden,False,False,vienna_weekday_shoulder_evening,top10,-0.27122262113998125,2556
random__hidden__unpinned,random,hidden,False,False,vienna_weekend_day_evening,top10,-0.36758149801796736,2556
random__loose__pinned,random,loose,True,False,aqua_additional_knowledge_expected,top10,0.14432304340385235,2556
random__loose__pinned,random,loose,True,False,aqua_discrimination_expected,top10,0.14777039000060496,2556
random__loose__pinned,random,loose,True,False,aqua_fact_expected,top10,0.24917799322838863,2556
random__loose__pinned,random,loose,True,False,aqua_insult_expected,top10,0.09385056486769283,2556
random__loose__pinned,random,loose,True,False,aqua_justification_expected,top10,0.3499091172306113,2556
random__loose__pinned,random,loose,True,False,aqua_opinion_expected,top10,0.19527487522279754,2556
random__loose__pinned,random,loose,True,False,aqua_polite_address_expected,top10,-0.19826448411653022,2556
random__loose__pinned,random,loose,True,False,aqua_question_expected,top10,-0.3240632944930888,2556
random__loose__pinned,random,loose,True,False,aqua_referencing_contents_expected,top10,-0.17716012772861214,2556
random__loose__pinned,random,loose,True,False,aqua_referencing_format_expected,top10,0.04723094269183366,2556
random__loose__pinned,random,loose,True,False,aqua_referencing_medium_expected,top10,-0.098981496669025,2556
random__loose__pinned,random,loose,True,False,aqua_referencing_personal_expected,top10,-0.09448308009368275,2556
random__loose__pinned,random,loose,True,False,aqua_referencing_users_expected,top10,-0.1608332480670358,2556
random__loose__pinned,random,loose,True,False,aqua_relevance_expected,top10,0.20125269210629854,2556
random__loose__pinned,random,loose,True,False,aqua_respect_expected,top10,-0.014665055861183088,2556
random__loose__pinned,random,loose,True,False,aqua_sarcasm_expected,top10,0.008847633265455764,2556
random__loose__pinned,random,loose,True,False,aqua_screaming_expected,top10,-0.4454502722187684,2556
random__loose__pinned,random,loose,True,False,aqua_solution_proposal_expected,top10,0.19490649224302814,2556
random__loose__pinned,random,loose,True,False,aqua_storytelling_expected,top10,0.09039789920768344,2556
random__loose__pinned,random,loose,True,False,aqua_vulgarity_expected,top10,0.12308084762627912,2556
random__loose__pinned,random,loose,True,False,article_similarity_top3,top10,0.2462282824286791,2556
random__loose__pinned,random,loose,True,False,author_prior_30d_downvote_reception,top10,0.04057082291318187,2556
random__loose__pinned,random,loose,True,False,author_prior_30d_upvote_reception,top10,0.15983843224055025,2556
random__loose__pinned,random,loose,True,False,discussion_pace,top10,0.14262135888188798,2556
random__loose__pinned,random,loose,True,False,is_reply,top10,-0.6955662034393906,2556
random__loose__pinned,random,loose,True,False,lexdiv_length_adjusted,top10,0.04935787778366801,2556
random__loose__pinned,random,loose,True,False,log_author_prior_30d_comments,top10,-0.018892454975662994,2556
random__loose__pinned,random,loose,True,False,log_author_prior_comments_story,top10,-0.6328930458295702,2556
random__loose__pinned,random,loose,True,False,log_hours_since_article,top10,-0.39238994928285825,2556
random__loose__pinned,random,loose,True,False,log_words,top10,0.28687632002070046,2556
random__loose__pinned,random,loose,True,False,novelty_prior_all_model,top10,-0.0065764139325992805,2556
random__loose__pinned,random,loose,True,False,prior_reply_composition,top10,-0.14149875152710498,2556
random__loose__pinned,random,loose,True,False,reading_level_length_adjusted,top10,-0.006496117523410456,2556
random__loose__pinned,random,loose,True,False,reply_depth_centered,top10,-0.018590402550352644,2556
random__loose__pinned,random,loose,True,False,sentiment_negative,top10,0.021652938589953416,2556
random__loose__pinned,random,loose,True,False,sentiment_positive,top10,-0.19732759297000968,2556
random__loose__pinned,random,loose,True,False,toxicity_probability,top10,-0.40952077133475445,2556
random__loose__pinned,random,loose,True,False,url_present,top10,-0.7221989659008741,2556
random__loose__pinned,random,loose,True,False,vienna_overnight,top10,-0.7385909846416103,2556
random__loose__pinned,random,loose,True,False,vienna_weekday_shoulder_evening,top10,-0.2949271119921497,2556
random__loose__pinned,random,loose,True,False,vienna_weekend_day_evening,top10,-0.3716701771886805,2556
random__loose__unpinned,random,loose,False,False,aqua_additional_knowledge_expected,top10,-0.0797717490636803,2556
random__loose__unpinned,random,loose,False,False,aqua_discrimination_expected,top10,0.028637915154921062,2556
random__loose__unpinned,random,loose,False,False,aqua_fact_expected,top10,0.04655997085296612,2556
random__loose__unpinned,random,loose,False,False,aqua_insult_expected,top10,0.02179313812779551,2556
random__loose__unpinned,random,loose,False,False,aqua_justification_expected,top10,0.038261930802379406,2556
random__loose__unpinned,random,loose,False,False,aqua_opinion_expected,top10,0.026682395943101223,2556
random__loose__unpinned,random,loose,False,False,aqua_polite_address_expected,top10,-0.36916239205913276,2556
random__loose__unpinned,random,loose,False,False,aqua_question_expected,top10,-0.24339406379502213,2556
random__loose__unpinned,random,loose,False,False,aqua_referencing_contents_expected,top10,-0.06952428980710952,2556
random__loose__unpinned,random,loose,False,False,aqua_referencing_format_expected,top10,-0.04428759083651303,2556
random__loose__unpinned,random,loose,False,False,aqua_referencing_medium_expected,top10,-0.17841481595186492,2556
random__loose__unpinned,random,loose,False,False,aqua_referencing_personal_expected,top10,-0.12111927481786894,2556
random__loose__unpinned,random,loose,False,False,aqua_referencing_users_expected,top10,-0.122911869040754,2556
random__loose__unpinned,random,loose,False,False,aqua_relevance_expected,top10,0.047840947046393016,2556
random__loose__unpinned,random,loose,False,False,aqua_respect_expected,top10,-0.08400877903080294,2556
random__loose__unpinned,random,loose,False,False,aqua_sarcasm_expected,top10,0.01884152308136015,2556
random__loose__unpinned,random,loose,False,False,aqua_screaming_expected,top10,-0.5002512154708456,2556
random__loose__unpinned,random,loose,False,False,aqua_solution_proposal_expected,top10,-0.05115598497275144,2556
random__loose__unpinned,random,loose,False,False,aqua_storytelling_expected,top10,-0.1538193525677719,2556
random__loose__unpinned,random,loose,False,False,aqua_vulgarity_expected,top10,-0.0010361915612022562,2556
random__loose__unpinned,random,loose,False,False,article_similarity_top3,top10,-0.00762340674829942,2556
random__loose__unpinned,random,loose,False,False,author_prior_30d_downvote_reception,top10,0.011558462041505983,2556
random__loose__unpinned,random,loose,False,False,author_prior_30d_upvote_reception,top10,0.015081792745885234,2556
random__loose__unpinned,random,loose,False,False,discussion_pace,top10,0.16918228646424469,2556
random__loose__unpinned,random,loose,False,False,is_reply,top10,0.17320464129489735,2556
random__loose__unpinned,random,loose,False,False,lexdiv_length_adjusted,top10,0.021420884231654055,2556
random__loose__unpinned,random,loose,False,False,log_author_prior_30d_comments,top10,0.04034669930282591,2556
random__loose__unpinned,random,loose,False,False,log_author_prior_comments_story,top10,-0.18958550596314896,2556
random__loose__unpinned,random,loose,False,False,log_hours_since_article,top10,-0.0547296771405334,2556
random__loose__unpinned,random,loose,False,False,log_words,top10,0.025571239729079556,2556
random__loose__unpinned,random,loose,False,False,novelty_prior_all_model,top10,0.0053117423555756734,2556
random__loose__unpinned,random,loose,False,False,prior_reply_composition,top10,0.14162225497647343,2556
random__loose__unpinned,random,loose,False,False,reading_level_length_adjusted,top10,-0.02076100586135231,2556
random__loose__unpinned,random,loose,False,False,reply_depth_centered,top10,-0.10736219199692033,2556
random__loose__unpinned,random,loose,False,False,sentiment_negative,top10,-0.005647348985519613,2556
random__loose__unpinned,random,loose,False,False,sentiment_positive,top10,-0.23685264483095902,2556
random__loose__unpinned,random,loose,False,False,toxicity_probability,top10,-0.43433998966508597,2556
random__loose__unpinned,random,loose,False,False,url_present,top10,-0.7813653481659465,2556
random__loose__unpinned,random,loose,False,False,vienna_overnight,top10,-0.7156618403232065,2556
random__loose__unpinned,random,loose,False,False,vienna_weekday_shoulder_evening,top10,-0.2789406282007368,2556
random__loose__unpinned,random,loose,False,False,vienna_weekend_day_evening,top10,-0.3558122403656059,2556
random__trees__pinned,random,trees,True,False,aqua_additional_knowledge_expected,top10,0.1487707593484367,2556
random__trees__pinned,random,trees,True,False,aqua_discrimination_expected,top10,0.15044487748100288,2556
random__trees__pinned,random,trees,True,False,aqua_fact_expected,top10,0.258021985798736,2556
random__trees__pinned,random,trees,True,False,aqua_insult_expected,top10,0.09931976851216995,2556
random__trees__pinned,random,trees,True,False,aqua_justification_expected,top10,0.3566863662319251,2556
random__trees__pinned,random,trees,True,False,aqua_opinion_expected,top10,0.197845093798906,2556
random__trees__pinned,random,trees,True,False,aqua_polite_address_expected,top10,-0.19448113095311528,2556
random__trees__pinned,random,trees,True,False,aqua_question_expected,top10,-0.320806569747501,2556
random__trees__pinned,random,trees,True,False,aqua_referencing_contents_expected,top10,-0.1973141965979688,2556
random__trees__pinned,random,trees,True,False,aqua_referencing_format_expected,top10,0.05137601857067934,2556
random__trees__pinned,random,trees,True,False,aqua_referencing_medium_expected,top10,-0.09898595105316373,2556
random__trees__pinned,random,trees,True,False,aqua_referencing_personal_expected,top10,-0.09466802974156376,2556
random__trees__pinned,random,trees,True,False,aqua_referencing_users_expected,top10,-0.17464061134793127,2556
random__trees__pinned,random,trees,True,False,aqua_relevance_expected,top10,0.204251782405759,2556
random__trees__pinned,random,trees,True,False,aqua_respect_expected,top10,-0.01490486815417148,2556
random__trees__pinned,random,trees,True,False,aqua_sarcasm_expected,top10,0.01427915324879465,2556
random__trees__pinned,random,trees,True,False,aqua_screaming_expected,top10,-0.43881567869181054,2556
random__trees__pinned,random,trees,True,False,aqua_solution_proposal_expected,top10,0.19769633930350952,2556
random__trees__pinned,random,trees,True,False,aqua_storytelling_expected,top10,0.09079078791700922,2556
random__trees__pinned,random,trees,True,False,aqua_vulgarity_expected,top10,0.13350772483429793,2556
random__trees__pinned,random,trees,True,False,article_similarity_top3,top10,0.2657105021635883,2556
random__trees__pinned,random,trees,True,False,author_prior_30d_downvote_reception,top10,0.04957580119282599,2556
random__trees__pinned,random,trees,True,False,author_prior_30d_upvote_reception,top10,0.17186571460673739,2556
random__trees__pinned,random,trees,True,False,discussion_pace,top10,0.14075555933670997,2556
random__trees__pinned,random,trees,True,False,is_reply,top10,-0.8122019218490603,2556
random__trees__pinned,random,trees,True,False,lexdiv_length_adjusted,top10,0.05224843103297997,2556
random__trees__pinned,random,trees,True,False,log_author_prior_30d_comments,top10,-0.02949639096133051,2556
random__trees__pinned,random,trees,True,False,log_author_prior_comments_story,top10,-0.7393163275833122,2556
random__trees__pinned,random,trees,True,False,log_hours_since_article,top10,-0.411058476882646,2556
random__trees__pinned,random,trees,True,False,log_words,top10,0.29408645644199355,2556
random__trees__pinned,random,trees,True,False,novelty_prior_all_model,top10,-0.0008206897276677342,2556
random__trees__pinned,random,trees,True,False,prior_reply_composition,top10,-0.148494006208507,2556
random__trees__pinned,random,trees,True,False,reading_level_length_adjusted,top10,-0.004585747045205635,2556
random__trees__pinned,random,trees,True,False,reply_depth_centered,top10,-0.038451176196419946,2556
random__trees__pinned,random,trees,True,False,sentiment_negative,top10,0.025909688580053974,2556
random__trees__pinned,random,trees,True,False,sentiment_positive,top10,-0.19690160162551124,2556
random__trees__pinned,random,trees,True,False,toxicity_probability,top10,-0.4054398440091276,2556
random__trees__pinned,random,trees,True,False,url_present,top10,-0.7230499711151348,2556
random__trees__pinned,random,trees,True,False,vienna_overnight,top10,-0.7374531089778087,2556
random__trees__pinned,random,trees,True,False,vienna_weekday_shoulder_evening,top10,-0.29922896927138976,2556
random__trees__pinned,random,trees,True,False,vienna_weekend_day_evening,top10,-0.3747384096017275,2556
random__trees__unpinned,random,trees,False,False,aqua_additional_knowledge_expected,top10,-0.04477990593026366,2556
random__trees__unpinned,random,trees,False,False,aqua_discrimination_expected,top10,0.04279374984134173,2556
random__trees__unpinned,random,trees,False,False,aqua_fact_expected,top10,0.08485659073488828,2556
random__trees__unpinned,random,trees,False,False,aqua_insult_expected,top10,0.040898601556834974,2556
random__trees__unpinned,random,trees,False,False,aqua_justification_expected,top10,0.0765009749457716,2556
random__trees__unpinned,random,trees,False,False,aqua_opinion_expected,top10,0.039264996290883,2556
random__trees__unpinned,random,trees,False,False,aqua_polite_address_expected,top10,-0.3508864677481649,2556
random__trees__unpinned,random,trees,False,False,aqua_question_expected,top10,-0.24849175426065376,2556
random__trees__unpinned,random,trees,False,False,aqua_referencing_contents_expected,top10,-0.13175067635378807,2556
random__trees__unpinned,random,trees,False,False,aqua_referencing_format_expected,top10,-0.025735783017509156,2556
random__trees__unpinned,random,trees,False,False,aqua_referencing_medium_expected,top10,-0.17641424039384748,2556
random__trees__unpinned,random,trees,False,False,aqua_referencing_personal_expected,top10,-0.12024829276527277,2556
random__trees__unpinned,random,trees,False,False,aqua_referencing_users_expected,top10,-0.16640256672122045,2556
random__trees__unpinned,random,trees,False,False,aqua_relevance_expected,top10,0.0651555896132089,2556
random__trees__unpinned,random,trees,False,False,aqua_respect_expected,top10,-0.08283693075046389,2556
random__trees__unpinned,random,trees,False,False,aqua_sarcasm_expected,top10,0.03110326344733755,2556
random__trees__unpinned,random,trees,False,False,aqua_screaming_expected,top10,-0.48859147093910676,2556
random__trees__unpinned,random,trees,False,False,aqua_solution_proposal_expected,top10,-0.026679294150129186,2556
random__trees__unpinned,random,trees,False,False,aqua_storytelling_expected,top10,-0.1375712385245979,2556
random__trees__unpinned,random,trees,False,False,aqua_vulgarity_expected,top10,0.03640882910080476,2556
random__trees__unpinned,random,trees,False,False,article_similarity_top3,top10,0.06271306106708335,2556
random__trees__unpinned,random,trees,False,False,author_prior_30d_downvote_reception,top10,0.03578520854481681,2556
random__trees__unpinned,random,trees,False,False,author_prior_30d_upvote_reception,top10,0.05141373883476638,2556
random__trees__unpinned,random,trees,False,False,discussion_pace,top10,0.19469348128160183,2556
random__trees__unpinned,random,trees,False,False,is_reply,top10,-0.3218611400191343,2556
random__trees__unpinned,random,trees,False,False,lexdiv_length_adjusted,top10,0.03023707102015447,2556
random__trees__unpinned,random,trees,False,False,log_author_prior_30d_comments,top10,0.006606278820674856,2556
random__trees__unpinned,random,trees,False,False,log_author_prior_comments_story,top10,-0.45282330240605095,2556
random__trees__unpinned,random,trees,False,False,log_hours_since_article,top10,-0.12904437505029362,2556
random__trees__unpinned,random,trees,False,False,log_words,top10,0.061351435407844046,2556
random__trees__unpinned,random,trees,False,False,novelty_prior_all_model,top10,0.015448723966439126,2556
random__trees__unpinned,random,trees,False,False,prior_reply_composition,top10,0.10969042333671168,2556
random__trees__unpinned,random,trees,False,False,reading_level_length_adjusted,top10,-0.011652552303561332,2556
random__trees__unpinned,random,trees,False,False,reply_depth_centered,top10,-0.20576431282747543,2556
random__trees__unpinned,random,trees,False,False,sentiment_negative,top10,0.007028730900516705,2556
random__trees__unpinned,random,trees,False,False,sentiment_positive,top10,-0.23928997083415313,2556
random__trees__unpinned,random,trees,False,False,toxicity_probability,top10,-0.42309043288597414,2556
random__trees__unpinned,random,trees,False,False,url_present,top10,-0.7807144363305693,2556
random__trees__unpinned,random,trees,False,False,vienna_overnight,top10,-0.719691278312957,2556
random__trees__unpinned,random,trees,False,False,vienna_weekday_shoulder_evening,top10,-0.29059570659027006,2556
random__trees__unpinned,random,trees,False,False,vienna_weekend_day_evening,top10,-0.36156683165912706,2556
regression_audience__hidden__pinned,regression_audience,hidden,True,True,aqua_additional_knowledge_expected,top10,0.22398314988798484,2556
regression_audience__hidden__pinned,regression_audience,hidden,True,True,aqua_discrimination_expected,top10,0.22255359781943151,2556
regression_audience__hidden__pinned,regression_audience,hidden,True,True,aqua_fact_expected,top10,0.3556994048933531,2556
regression_audience__hidden__pinned,regression_audience,hidden,True,True,aqua_insult_expected,top10,0.13921427862244573,2556
regression_audience__hidden__pinned,regression_audience,hidden,True,True,aqua_justification_expected,top10,0.5094231071911697,2556
regression_audience__hidden__pinned,regression_audience,hidden,True,True,aqua_opinion_expected,top10,0.29670064157936077,2556
regression_audience__hidden__pinned,regression_audience,hidden,True,True,aqua_polite_address_expected,top10,-0.13208770452388358,2556
regression_audience__hidden__pinned,regression_audience,hidden,True,True,aqua_question_expected,top10,-0.378307302760635,2556
regression_audience__hidden__pinned,regression_audience,hidden,True,True,aqua_referencing_contents_expected,top10,-0.23342101145225838,2556
regression_audience__hidden__pinned,regression_audience,hidden,True,True,aqua_referencing_format_expected,top10,0.08218377495500072,2556
regression_audience__hidden__pinned,regression_audience,hidden,True,True,aqua_referencing_medium_expected,top10,-0.06146097049059097,2556
regression_audience__hidden__pinned,regression_audience,hidden,True,True,aqua_referencing_personal_expected,top10,-0.08606528081048971,2556
regression_audience__hidden__pinned,regression_audience,hidden,True,True,aqua_referencing_users_expected,top10,-0.17910010697723533,2556
regression_audience__hidden__pinned,regression_audience,hidden,True,True,aqua_relevance_expected,top10,0.28350690627659286,2556
regression_audience__hidden__pinned,regression_audience,hidden,True,True,aqua_respect_expected,top10,0.021552456443119015,2556
regression_audience__hidden__pinned,regression_audience,hidden,True,True,aqua_sarcasm_expected,top10,0.007751039387163159,2556
regression_audience__hidden__pinned,regression_audience,hidden,True,True,aqua_screaming_expected,top10,-0.42766688723514745,2556
regression_audience__hidden__pinned,regression_audience,hidden,True,True,aqua_solution_proposal_expected,top10,0.29531119665614225,2556
regression_audience__hidden__pinned,regression_audience,hidden,True,True,aqua_storytelling_expected,top10,0.18960625696087594,2556
regression_audience__hidden__pinned,regression_audience,hidden,True,True,aqua_vulgarity_expected,top10,0.1813487853430165,2556
regression_audience__hidden__pinned,regression_audience,hidden,True,True,article_similarity_top3,top10,0.3677689357371551,2556
regression_audience__hidden__pinned,regression_audience,hidden,True,True,author_prior_30d_downvote_reception,top10,0.04708589402488998,2556
regression_audience__hidden__pinned,regression_audience,hidden,True,True,author_prior_30d_upvote_reception,top10,0.2769044540873776,2556
regression_audience__hidden__pinned,regression_audience,hidden,True,True,discussion_pace,top10,-0.02778580428517125,2556
regression_audience__hidden__pinned,regression_audience,hidden,True,True,is_reply,top10,-0.9993361110011909,2556
regression_audience__hidden__pinned,regression_audience,hidden,True,True,lexdiv_length_adjusted,top10,0.05842264045463656,2556
regression_audience__hidden__pinned,regression_audience,hidden,True,True,log_author_prior_30d_comments,top10,-0.04305348117569251,2556
regression_audience__hidden__pinned,regression_audience,hidden,True,True,log_author_prior_comments_story,top10,-0.8990040627531846,2556
regression_audience__hidden__pinned,regression_audience,hidden,True,True,log_hours_since_article,top10,-0.6545914995117148,2556
regression_audience__hidden__pinned,regression_audience,hidden,True,True,log_words,top10,0.4177711017694285,2556
regression_audience__hidden__pinned,regression_audience,hidden,True,True,novelty_prior_all_model,top10,0.038107096439581205,2556
regression_audience__hidden__pinned,regression_audience,hidden,True,True,prior_reply_composition,top10,-0.33280001158522626,2556
regression_audience__hidden__pinned,regression_audience,hidden,True,True,reading_level_length_adjusted,top10,0.009514446496851764,2556
regression_audience__hidden__pinned,regression_audience,hidden,True,True,reply_depth_centered,top10,0.03213971638593717,2556
regression_audience__hidden__pinned,regression_audience,hidden,True,True,sentiment_negative,top10,0.06462916221613453,2556
regression_audience__hidden__pinned,regression_audience,hidden,True,True,sentiment_positive,top10,-0.19491629704309835,2556
regression_audience__hidden__pinned,regression_audience,hidden,True,True,toxicity_probability,top10,-0.3490233279588776,2556
regression_audience__hidden__pinned,regression_audience,hidden,True,True,url_present,top10,-0.7672129824132427,2556
regression_audience__hidden__pinned,regression_audience,hidden,True,True,vienna_overnight,top10,-0.7318940929878947,2556
regression_audience__hidden__pinned,regression_audience,hidden,True,True,vienna_weekday_shoulder_evening,top10,-0.35099532488363944,2556
regression_audience__hidden__pinned,regression_audience,hidden,True,True,vienna_weekend_day_evening,top10,-0.3838995394777208,2556
regression_audience__hidden__unpinned,regression_audience,hidden,False,True,aqua_additional_knowledge_expected,top10,0.24264430444469864,2556
regression_audience__hidden__unpinned,regression_audience,hidden,False,True,aqua_discrimination_expected,top10,0.2712446084741311,2556
regression_audience__hidden__unpinned,regression_audience,hidden,False,True,aqua_fact_expected,top10,0.39205132357289096,2556
regression_audience__hidden__unpinned,regression_audience,hidden,False,True,aqua_insult_expected,top10,0.1636684751130698,2556
regression_audience__hidden__unpinned,regression_audience,hidden,False,True,aqua_justification_expected,top10,0.5853412062897293,2556
regression_audience__hidden__unpinned,regression_audience,hidden,False,True,aqua_opinion_expected,top10,0.37557385889647465,2556
regression_audience__hidden__unpinned,regression_audience,hidden,False,True,aqua_polite_address_expected,top10,-0.1172387512476525,2556
regression_audience__hidden__unpinned,regression_audience,hidden,False,True,aqua_question_expected,top10,-0.42583849143138425,2556
regression_audience__hidden__unpinned,regression_audience,hidden,False,True,aqua_referencing_contents_expected,top10,-0.24691916763733118,2556
regression_audience__hidden__unpinned,regression_audience,hidden,False,True,aqua_referencing_format_expected,top10,0.0815266223294552,2556
regression_audience__hidden__unpinned,regression_audience,hidden,False,True,aqua_referencing_medium_expected,top10,-0.043312803059910567,2556
regression_audience__hidden__unpinned,regression_audience,hidden,False,True,aqua_referencing_personal_expected,top10,-0.08986286086693789,2556
regression_audience__hidden__unpinned,regression_audience,hidden,False,True,aqua_referencing_users_expected,top10,-0.17274573515364458,2556
regression_audience__hidden__unpinned,regression_audience,hidden,False,True,aqua_relevance_expected,top10,0.3204701077571869,2556
regression_audience__hidden__unpinned,regression_audience,hidden,False,True,aqua_respect_expected,top10,0.05065703837950638,2556
regression_audience__hidden__unpinned,regression_audience,hidden,False,True,aqua_sarcasm_expected,top10,-0.0045257587134496765,2556
regression_audience__hidden__unpinned,regression_audience,hidden,False,True,aqua_screaming_expected,top10,-0.4579220157430972,2556
regression_audience__hidden__unpinned,regression_audience,hidden,False,True,aqua_solution_proposal_expected,top10,0.33329152565402403,2556
regression_audience__hidden__unpinned,regression_audience,hidden,False,True,aqua_storytelling_expected,top10,0.2570183887433842,2556
regression_audience__hidden__unpinned,regression_audience,hidden,False,True,aqua_vulgarity_expected,top10,0.20172027705557233,2556
regression_audience__hidden__unpinned,regression_audience,hidden,False,True,article_similarity_top3,top10,0.4089771427591431,2556
regression_audience__hidden__unpinned,regression_audience,hidden,False,True,author_prior_30d_downvote_reception,top10,0.02194888080403555,2556
regression_audience__hidden__unpinned,regression_audience,hidden,False,True,author_prior_30d_upvote_reception,top10,0.38167363104322116,2556
regression_audience__hidden__unpinned,regression_audience,hidden,False,True,discussion_pace,top10,-0.37160802945740384,2556
regression_audience__hidden__unpinned,regression_audience,hidden,False,True,is_reply,top10,-0.9997986455885395,2556
regression_audience__hidden__unpinned,regression_audience,hidden,False,True,lexdiv_length_adjusted,top10,0.04833689165324412,2556
regression_audience__hidden__unpinned,regression_audience,hidden,False,True,log_author_prior_30d_comments,top10,-0.051306147015174164,2556
regression_audience__hidden__unpinned,regression_audience,hidden,False,True,log_author_prior_comments_story,top10,-0.9602308875756591,2556
regression_audience__hidden__unpinned,regression_audience,hidden,False,True,log_hours_since_article,top10,-0.8862868950247016,2556
regression_audience__hidden__unpinned,regression_audience,hidden,False,True,log_words,top10,0.4793333976864412,2556
regression_audience__hidden__unpinned,regression_audience,hidden,False,True,novelty_prior_all_model,top10,0.12701337300560792,2556
regression_audience__hidden__unpinned,regression_audience,hidden,False,True,prior_reply_composition,top10,-0.5708268495000677,2556
regression_audience__hidden__unpinned,regression_audience,hidden,False,True,reading_level_length_adjusted,top10,0.022297601617117222,2556
regression_audience__hidden__unpinned,regression_audience,hidden,False,True,reply_depth_centered,top10,0.03244621313969534,2556
regression_audience__hidden__unpinned,regression_audience,hidden,False,True,sentiment_negative,top10,0.1249561660803504,2556
regression_audience__hidden__unpinned,regression_audience,hidden,False,True,sentiment_positive,top10,-0.21175609039023538,2556
regression_audience__hidden__unpinned,regression_audience,hidden,False,True,toxicity_probability,top10,-0.2534613126757592,2556
regression_audience__hidden__unpinned,regression_audience,hidden,False,True,url_present,top10,-0.8980335898389433,2556
regression_audience__hidden__unpinned,regression_audience,hidden,False,True,vienna_overnight,top10,-0.6421809103046331,2556
regression_audience__hidden__unpinned,regression_audience,hidden,False,True,vienna_weekday_shoulder_evening,top10,-0.42865040342491606,2556
regression_audience__hidden__unpinned,regression_audience,hidden,False,True,vienna_weekend_day_evening,top10,-0.3862776819311287,2556
regression_audience__loose__pinned,regression_audience,loose,True,True,aqua_additional_knowledge_expected,top10,0.22595860813854274,2556
regression_audience__loose__pinned,regression_audience,loose,True,True,aqua_discrimination_expected,top10,0.2228301997851992,2556
regression_audience__loose__pinned,regression_audience,loose,True,True,aqua_fact_expected,top10,0.3575843109842454,2556
regression_audience__loose__pinned,regression_audience,loose,True,True,aqua_insult_expected,top10,0.13877463992234346,2556
regression_audience__loose__pinned,regression_audience,loose,True,True,aqua_justification_expected,top10,0.5108117559002074,2556
regression_audience__loose__pinned,regression_audience,loose,True,True,aqua_opinion_expected,top10,0.2944236930978184,2556
regression_audience__loose__pinned,regression_audience,loose,True,True,aqua_polite_address_expected,top10,-0.1340181736544361,2556
regression_audience__loose__pinned,regression_audience,loose,True,True,aqua_question_expected,top10,-0.3810050090048701,2556
regression_audience__loose__pinned,regression_audience,loose,True,True,aqua_referencing_contents_expected,top10,-0.23264659842991398,2556
regression_audience__loose__pinned,regression_audience,loose,True,True,aqua_referencing_format_expected,top10,0.08234004662424117,2556
regression_audience__loose__pinned,regression_audience,loose,True,True,aqua_referencing_medium_expected,top10,-0.061579037601339634,2556
regression_audience__loose__pinned,regression_audience,loose,True,True,aqua_referencing_personal_expected,top10,-0.0856926775263315,2556
regression_audience__loose__pinned,regression_audience,loose,True,True,aqua_referencing_users_expected,top10,-0.18003160197426019,2556
regression_audience__loose__pinned,regression_audience,loose,True,True,aqua_relevance_expected,top10,0.2846658238680497,2556
regression_audience__loose__pinned,regression_audience,loose,True,True,aqua_respect_expected,top10,0.020346432454596407,2556
regression_audience__loose__pinned,regression_audience,loose,True,True,aqua_sarcasm_expected,top10,0.006719480387708679,2556
regression_audience__loose__pinned,regression_audience,loose,True,True,aqua_screaming_expected,top10,-0.42935574550375416,2556
regression_audience__loose__pinned,regression_audience,loose,True,True,aqua_solution_proposal_expected,top10,0.2962382252545107,2556
regression_audience__loose__pinned,regression_audience,loose,True,True,aqua_storytelling_expected,top10,0.1900028364645177,2556
regression_audience__loose__pinned,regression_audience,loose,True,True,aqua_vulgarity_expected,top10,0.18033962361237366,2556
regression_audience__loose__pinned,regression_audience,loose,True,True,article_similarity_top3,top10,0.36706960577922315,2556
regression_audience__loose__pinned,regression_audience,loose,True,True,author_prior_30d_downvote_reception,top10,0.0452870766395372,2556
regression_audience__loose__pinned,regression_audience,loose,True,True,author_prior_30d_upvote_reception,top10,0.2731604390512782,2556
regression_audience__loose__pinned,regression_audience,loose,True,True,discussion_pace,top10,-0.018820515680351108,2556
regression_audience__loose__pinned,regression_audience,loose,True,True,is_reply,top10,-0.9755122842622735,2556
regression_audience__loose__pinned,regression_audience,loose,True,True,lexdiv_length_adjusted,top10,0.058455603109971034,2556
regression_audience__loose__pinned,regression_audience,loose,True,True,log_author_prior_30d_comments,top10,-0.04224353015045198,2556
regression_audience__loose__pinned,regression_audience,loose,True,True,log_author_prior_comments_story,top10,-0.8904032939172052,2556
regression_audience__loose__pinned,regression_audience,loose,True,True,log_hours_since_article,top10,-0.6504663653559264,2556
regression_audience__loose__pinned,regression_audience,loose,True,True,log_words,top10,0.41850431960879386,2556
regression_audience__loose__pinned,regression_audience,loose,True,True,novelty_prior_all_model,top10,0.03441112292346934,2556
regression_audience__loose__pinned,regression_audience,loose,True,True,prior_reply_composition,top10,-0.32927455043647,2556
regression_audience__loose__pinned,regression_audience,loose,True,True,reading_level_length_adjusted,top10,0.010430778253908292,2556
regression_audience__loose__pinned,regression_audience,loose,True,True,reply_depth_centered,top10,0.019777970288208126,2556
regression_audience__loose__pinned,regression_audience,loose,True,True,sentiment_negative,top10,0.06294256503152292,2556
regression_audience__loose__pinned,regression_audience,loose,True,True,sentiment_positive,top10,-0.19656367229539332,2556
regression_audience__loose__pinned,regression_audience,loose,True,True,toxicity_probability,top10,-0.351326381028525,2556
regression_audience__loose__pinned,regression_audience,loose,True,True,url_present,top10,-0.7641113993072743,2556
regression_audience__loose__pinned,regression_audience,loose,True,True,vienna_overnight,top10,-0.7329511718788153,2556
regression_audience__loose__pinned,regression_audience,loose,True,True,vienna_weekday_shoulder_evening,top10,-0.3512490304317171,2556
regression_audience__loose__pinned,regression_audience,loose,True,True,vienna_weekend_day_evening,top10,-0.3836555765436382,2556
regression_audience__loose__unpinned,regression_audience,loose,False,True,aqua_additional_knowledge_expected,top10,0.24282442869809756,2556
regression_audience__loose__unpinned,regression_audience,loose,False,True,aqua_discrimination_expected,top10,0.2714080596201192,2556
regression_audience__loose__unpinned,regression_audience,loose,False,True,aqua_fact_expected,top10,0.3924028337051477,2556
regression_audience__loose__unpinned,regression_audience,loose,False,True,aqua_insult_expected,top10,0.1637328447517131,2556
regression_audience__loose__unpinned,regression_audience,loose,False,True,aqua_justification_expected,top10,0.5857300805579084,2556
regression_audience__loose__unpinned,regression_audience,loose,False,True,aqua_opinion_expected,top10,0.375740901083791,2556
regression_audience__loose__unpinned,regression_audience,loose,False,True,aqua_polite_address_expected,top10,-0.1174367743455458,2556
regression_audience__loose__unpinned,regression_audience,loose,False,True,aqua_question_expected,top10,-0.4262255246839078,2556
regression_audience__loose__unpinned,regression_audience,loose,False,True,aqua_referencing_contents_expected,top10,-0.2468335608231249,2556
regression_audience__loose__unpinned,regression_audience,loose,False,True,aqua_referencing_format_expected,top10,0.081357288394478,2556
regression_audience__loose__unpinned,regression_audience,loose,False,True,aqua_referencing_medium_expected,top10,-0.04340309058842955,2556
regression_audience__loose__unpinned,regression_audience,loose,False,True,aqua_referencing_personal_expected,top10,-0.09014266771482062,2556
regression_audience__loose__unpinned,regression_audience,loose,False,True,aqua_referencing_users_expected,top10,-0.17279422660739235,2556
regression_audience__loose__unpinned,regression_audience,loose,False,True,aqua_relevance_expected,top10,0.3207355812858036,2556
regression_audience__loose__unpinned,regression_audience,loose,False,True,aqua_respect_expected,top10,0.050666120123419325,2556
regression_audience__loose__unpinned,regression_audience,loose,False,True,aqua_sarcasm_expected,top10,-0.0047325464794345925,2556
regression_audience__loose__unpinned,regression_audience,loose,False,True,aqua_screaming_expected,top10,-0.4579482565027122,2556
regression_audience__loose__unpinned,regression_audience,loose,False,True,aqua_solution_proposal_expected,top10,0.3334001041910322,2556
regression_audience__loose__unpinned,regression_audience,loose,False,True,aqua_storytelling_expected,top10,0.2572347672870649,2556
regression_audience__loose__unpinned,regression_audience,loose,False,True,aqua_vulgarity_expected,top10,0.20152197295127414,2556
regression_audience__loose__unpinned,regression_audience,loose,False,True,article_similarity_top3,top10,0.40895696352849353,2556
regression_audience__loose__unpinned,regression_audience,loose,False,True,author_prior_30d_downvote_reception,top10,0.021567837199821773,2556
regression_audience__loose__unpinned,regression_audience,loose,False,True,author_prior_30d_upvote_reception,top10,0.382012264612493,2556
regression_audience__loose__unpinned,regression_audience,loose,False,True,discussion_pace,top10,-0.37133769199220257,2556
regression_audience__loose__unpinned,regression_audience,loose,False,True,is_reply,top10,-0.9979992234871128,2556
regression_audience__loose__unpinned,regression_audience,loose,False,True,lexdiv_length_adjusted,top10,0.048530707931393934,2556
regression_audience__loose__unpinned,regression_audience,loose,False,True,log_author_prior_30d_comments,top10,-0.0513047336830286,2556
regression_audience__loose__unpinned,regression_audience,loose,False,True,log_author_prior_comments_story,top10,-0.9601485052276377,2556
regression_audience__loose__unpinned,regression_audience,loose,False,True,log_hours_since_article,top10,-0.8880092385447328,2556
regression_audience__loose__unpinned,regression_audience,loose,False,True,log_words,top10,0.4796061391702941,2556
regression_audience__loose__unpinned,regression_audience,loose,False,True,novelty_prior_all_model,top10,0.12715739280888805,2556
regression_audience__loose__unpinned,regression_audience,loose,False,True,prior_reply_composition,top10,-0.5731495683170055,2556
regression_audience__loose__unpinned,regression_audience,loose,False,True,reading_level_length_adjusted,top10,0.02246639135069903,2556
regression_audience__loose__unpinned,regression_audience,loose,False,True,reply_depth_centered,top10,0.03094728862470277,2556
regression_audience__loose__unpinned,regression_audience,loose,False,True,sentiment_negative,top10,0.1252271216244838,2556
regression_audience__loose__unpinned,regression_audience,loose,False,True,sentiment_positive,top10,-0.21217973147536393,2556
regression_audience__loose__unpinned,regression_audience,loose,False,True,toxicity_probability,top10,-0.25336509524597617,2556
regression_audience__loose__unpinned,regression_audience,loose,False,True,url_present,top10,-0.8981920627203344,2556
regression_audience__loose__unpinned,regression_audience,loose,False,True,vienna_overnight,top10,-0.6422111689992727,2556
regression_audience__loose__unpinned,regression_audience,loose,False,True,vienna_weekday_shoulder_evening,top10,-0.4290880093407916,2556
regression_audience__loose__unpinned,regression_audience,loose,False,True,vienna_weekend_day_evening,top10,-0.3861950455577944,2556
regression_audience__trees__pinned,regression_audience,trees,True,True,aqua_additional_knowledge_expected,top10,0.18527764627282925,2556
regression_audience__trees__pinned,regression_audience,trees,True,True,aqua_discrimination_expected,top10,0.1911480721423586,2556
regression_audience__trees__pinned,regression_audience,trees,True,True,aqua_fact_expected,top10,0.30551308803492205,2556
regression_audience__trees__pinned,regression_audience,trees,True,True,aqua_insult_expected,top10,0.11683183403205753,2556
regression_audience__trees__pinned,regression_audience,trees,True,True,aqua_justification_expected,top10,0.43752356616735627,2556
regression_audience__trees__pinned,regression_audience,trees,True,True,aqua_opinion_expected,top10,0.25134827373410196,2556
regression_audience__trees__pinned,regression_audience,trees,True,True,aqua_polite_address_expected,top10,-0.16296301687567466,2556
regression_audience__trees__pinned,regression_audience,trees,True,True,aqua_question_expected,top10,-0.35909669144919387,2556
regression_audience__trees__pinned,regression_audience,trees,True,True,aqua_referencing_contents_expected,top10,-0.20034214222507582,2556
regression_audience__trees__pinned,regression_audience,trees,True,True,aqua_referencing_format_expected,top10,0.061545649232946587,2556
regression_audience__trees__pinned,regression_audience,trees,True,True,aqua_referencing_medium_expected,top10,-0.07960055701797712,2556
regression_audience__trees__pinned,regression_audience,trees,True,True,aqua_referencing_personal_expected,top10,-0.09377982877488791,2556
regression_audience__trees__pinned,regression_audience,trees,True,True,aqua_referencing_users_expected,top10,-0.16552637377066143,2556
regression_audience__trees__pinned,regression_audience,trees,True,True,aqua_relevance_expected,top10,0.2499366304177176,2556
regression_audience__trees__pinned,regression_audience,trees,True,True,aqua_respect_expected,top10,0.005929005412446569,2556
regression_audience__trees__pinned,regression_audience,trees,True,True,aqua_sarcasm_expected,top10,0.0044118280415767095,2556
regression_audience__trees__pinned,regression_audience,trees,True,True,aqua_screaming_expected,top10,-0.4483343263459125,2556
regression_audience__trees__pinned,regression_audience,trees,True,True,aqua_solution_proposal_expected,top10,0.25118011569083676,2556
regression_audience__trees__pinned,regression_audience,trees,True,True,aqua_storytelling_expected,top10,0.1459694929656418,2556
regression_audience__trees__pinned,regression_audience,trees,True,True,aqua_vulgarity_expected,top10,0.14726749711981585,2556
regression_audience__trees__pinned,regression_audience,trees,True,True,article_similarity_top3,top10,0.3031230137416278,2556
regression_audience__trees__pinned,regression_audience,trees,True,True,author_prior_30d_downvote_reception,top10,0.0319305038336347,2556
regression_audience__trees__pinned,regression_audience,trees,True,True,author_prior_30d_upvote_reception,top10,0.22613704832329806,2556
regression_audience__trees__pinned,regression_audience,trees,True,True,discussion_pace,top10,0.03667260295431101,2556
regression_audience__trees__pinned,regression_audience,trees,True,True,is_reply,top10,-0.7744247958859556,2556
regression_audience__trees__pinned,regression_audience,trees,True,True,lexdiv_length_adjusted,top10,0.05188335912129342,2556
regression_audience__trees__pinned,regression_audience,trees,True,True,log_author_prior_30d_comments,top10,-0.029138823771242526,2556
regression_audience__trees__pinned,regression_audience,trees,True,True,log_author_prior_comments_story,top10,-0.7587841415477418,2556
regression_audience__trees__pinned,regression_audience,trees,True,True,log_hours_since_article,top10,-0.5899892057640914,2556
regression_audience__trees__pinned,regression_audience,trees,True,True,log_words,top10,0.35720558084153003,2556
regression_audience__trees__pinned,regression_audience,trees,True,True,novelty_prior_all_model,top10,0.02500223471280243,2556
regression_audience__trees__pinned,regression_audience,trees,True,True,prior_reply_composition,top10,-0.28207620797310745,2556
regression_audience__trees__pinned,regression_audience,trees,True,True,reading_level_length_adjusted,top10,0.00299797462926921,2556
regression_audience__trees__pinned,regression_audience,trees,True,True,reply_depth_centered,top10,-0.054619418850079635,2556
regression_audience__trees__pinned,regression_audience,trees,True,True,sentiment_negative,top10,0.042941571872122004,2556
regression_audience__trees__pinned,regression_audience,trees,True,True,sentiment_positive,top10,-0.19810838857034507,2556
regression_audience__trees__pinned,regression_audience,trees,True,True,toxicity_probability,top10,-0.38725586053144306,2556
regression_audience__trees__pinned,regression_audience,trees,True,True,url_present,top10,-0.7504332716034287,2556
regression_audience__trees__pinned,regression_audience,trees,True,True,vienna_overnight,top10,-0.7301608731120204,2556
regression_audience__trees__pinned,regression_audience,trees,True,True,vienna_weekday_shoulder_evening,top10,-0.3339103854272319,2556
regression_audience__trees__pinned,regression_audience,trees,True,True,vienna_weekend_day_evening,top10,-0.38233253720933696,2556
regression_audience__trees__unpinned,regression_audience,trees,False,True,aqua_additional_knowledge_expected,top10,0.08370666102279889,2556
regression_audience__trees__unpinned,regression_audience,trees,False,True,aqua_discrimination_expected,top10,0.1590834915257383,2556
regression_audience__trees__unpinned,regression_audience,trees,False,True,aqua_fact_expected,top10,0.21019679693503449,2556
regression_audience__trees__unpinned,regression_audience,trees,False,True,aqua_insult_expected,top10,0.08825830407725903,2556
regression_audience__trees__unpinned,regression_audience,trees,False,True,aqua_justification_expected,top10,0.3142672918398916,2556
regression_audience__trees__unpinned,regression_audience,trees,False,True,aqua_opinion_expected,top10,0.21085492841588807,2556
regression_audience__trees__unpinned,regression_audience,trees,False,True,aqua_polite_address_expected,top10,-0.23923377671953444,2556
regression_audience__trees__unpinned,regression_audience,trees,False,True,aqua_question_expected,top10,-0.357169839152504,2556
regression_audience__trees__unpinned,regression_audience,trees,False,True,aqua_referencing_contents_expected,top10,-0.13224255463776902,2556
regression_audience__trees__unpinned,regression_audience,trees,False,True,aqua_referencing_format_expected,top10,0.0034202732964985906,2556
regression_audience__trees__unpinned,regression_audience,trees,False,True,aqua_referencing_medium_expected,top10,-0.11451264283176814,2556
regression_audience__trees__unpinned,regression_audience,trees,False,True,aqua_referencing_personal_expected,top10,-0.1214480599649387,2556
regression_audience__trees__unpinned,regression_audience,trees,False,True,aqua_referencing_users_expected,top10,-0.132789844654118,2556
regression_audience__trees__unpinned,regression_audience,trees,False,True,aqua_relevance_expected,top10,0.19779473137841785,2556
regression_audience__trees__unpinned,regression_audience,trees,False,True,aqua_respect_expected,top10,-0.007814279646449715,2556
regression_audience__trees__unpinned,regression_audience,trees,False,True,aqua_sarcasm_expected,top10,-0.00884893997914738,2556
regression_audience__trees__unpinned,regression_audience,trees,False,True,aqua_screaming_expected,top10,-0.5199857154468881,2556
regression_audience__trees__unpinned,regression_audience,trees,False,True,aqua_solution_proposal_expected,top10,0.1554810098705976,2556
regression_audience__trees__unpinned,regression_audience,trees,False,True,aqua_storytelling_expected,top10,0.07408093531424755,2556
regression_audience__trees__unpinned,regression_audience,trees,False,True,aqua_vulgarity_expected,top10,0.08012137453706834,2556
regression_audience__trees__unpinned,regression_audience,trees,False,True,article_similarity_top3,top10,0.17475255307595766,2556
regression_audience__trees__unpinned,regression_audience,trees,False,True,author_prior_30d_downvote_reception,top10,-0.021326839698361362,2556
regression_audience__trees__unpinned,regression_audience,trees,False,True,author_prior_30d_upvote_reception,top10,0.19695964016040712,2556
regression_audience__trees__unpinned,regression_audience,trees,False,True,discussion_pace,top10,-0.17455314082720533,2556
regression_audience__trees__unpinned,regression_audience,trees,False,True,is_reply,top10,-0.13844204515000846,2556
regression_audience__trees__unpinned,regression_audience,trees,False,True,lexdiv_length_adjusted,top10,0.028424610381284562,2556
regression_audience__trees__unpinned,regression_audience,trees,False,True,log_author_prior_30d_comments,top10,-0.011972681230141441,2556
regression_audience__trees__unpinned,regression_audience,trees,False,True,log_author_prior_comments_story,top10,-0.5208937859489325,2556
regression_audience__trees__unpinned,regression_audience,trees,False,True,log_hours_since_article,top10,-0.5480229165158963,2556
regression_audience__trees__unpinned,regression_audience,trees,False,True,log_words,top10,0.2503996733092512,2556
regression_audience__trees__unpinned,regression_audience,trees,False,True,novelty_prior_all_model,top10,0.07268734453463345,2556
regression_audience__trees__unpinned,regression_audience,trees,False,True,prior_reply_composition,top10,-0.3280238697292197,2556
regression_audience__trees__unpinned,regression_audience,trees,False,True,reading_level_length_adjusted,top10,0.00026042455259745704,2556
regression_audience__trees__unpinned,regression_audience,trees,False,True,reply_depth_centered,top10,-0.2716366142871799,2556
regression_audience__trees__unpinned,regression_audience,trees,False,True,sentiment_negative,top10,0.048441142455195124,2556
regression_audience__trees__unpinned,regression_audience,trees,False,True,sentiment_positive,top10,-0.22280412119608797,2556
regression_audience__trees__unpinned,regression_audience,trees,False,True,toxicity_probability,top10,-0.3882395665898857,2556
regression_audience__trees__unpinned,regression_audience,trees,False,True,url_present,top10,-0.8565265505615155,2556
regression_audience__trees__unpinned,regression_audience,trees,False,True,vienna_overnight,top10,-0.6158811027613805,2556
regression_audience__trees__unpinned,regression_audience,trees,False,True,vienna_weekday_shoulder_evening,top10,-0.36096657323871284,2556
regression_audience__trees__unpinned,regression_audience,trees,False,True,vienna_weekend_day_evening,top10,-0.37938787522363143,2556
regression_editor__hidden__pinned,regression_editor,hidden,True,True,aqua_additional_knowledge_expected,top10,0.2527972423021917,2556
regression_editor__hidden__pinned,regression_editor,hidden,True,True,aqua_discrimination_expected,top10,0.22803156714292672,2556
regression_editor__hidden__pinned,regression_editor,hidden,True,True,aqua_fact_expected,top10,0.3803769331347481,2556
regression_editor__hidden__pinned,regression_editor,hidden,True,True,aqua_insult_expected,top10,0.13184900261668298,2556
regression_editor__hidden__pinned,regression_editor,hidden,True,True,aqua_justification_expected,top10,0.5434129615407944,2556
regression_editor__hidden__pinned,regression_editor,hidden,True,True,aqua_opinion_expected,top10,0.3146916680758233,2556
regression_editor__hidden__pinned,regression_editor,hidden,True,True,aqua_polite_address_expected,top10,-0.10343523002691686,2556
regression_editor__hidden__pinned,regression_editor,hidden,True,True,aqua_question_expected,top10,-0.39004433083932943,2556
regression_editor__hidden__pinned,regression_editor,hidden,True,True,aqua_referencing_contents_expected,top10,-0.22470792630187178,2556
regression_editor__hidden__pinned,regression_editor,hidden,True,True,aqua_referencing_format_expected,top10,0.09933205047714083,2556
regression_editor__hidden__pinned,regression_editor,hidden,True,True,aqua_referencing_medium_expected,top10,-0.054852065048456335,2556
regression_editor__hidden__pinned,regression_editor,hidden,True,True,aqua_referencing_personal_expected,top10,-0.07615572909680683,2556
regression_editor__hidden__pinned,regression_editor,hidden,True,True,aqua_referencing_users_expected,top10,-0.16651820385122135,2556
regression_editor__hidden__pinned,regression_editor,hidden,True,True,aqua_relevance_expected,top10,0.3090519028761266,2556
regression_editor__hidden__pinned,regression_editor,hidden,True,True,aqua_respect_expected,top10,0.028602977914463985,2556
regression_editor__hidden__pinned,regression_editor,hidden,True,True,aqua_sarcasm_expected,top10,-0.010310715891327404,2556
regression_editor__hidden__pinned,regression_editor,hidden,True,True,aqua_screaming_expected,top10,-0.4327630935943278,2556
regression_editor__hidden__pinned,regression_editor,hidden,True,True,aqua_solution_proposal_expected,top10,0.3373811357028026,2556
regression_editor__hidden__pinned,regression_editor,hidden,True,True,aqua_storytelling_expected,top10,0.20958826785666912,2556
regression_editor__hidden__pinned,regression_editor,hidden,True,True,aqua_vulgarity_expected,top10,0.18063579932737114,2556
regression_editor__hidden__pinned,regression_editor,hidden,True,True,article_similarity_top3,top10,0.396450895757258,2556
regression_editor__hidden__pinned,regression_editor,hidden,True,True,author_prior_30d_downvote_reception,top10,0.047050997326620776,2556
regression_editor__hidden__pinned,regression_editor,hidden,True,True,author_prior_30d_upvote_reception,top10,0.2620268059986363,2556
regression_editor__hidden__pinned,regression_editor,hidden,True,True,discussion_pace,top10,0.022826311717517454,2556
regression_editor__hidden__pinned,regression_editor,hidden,True,True,is_reply,top10,-0.9994344765921835,2556
regression_editor__hidden__pinned,regression_editor,hidden,True,True,lexdiv_length_adjusted,top10,0.06817240348703935,2556
regression_editor__hidden__pinned,regression_editor,hidden,True,True,log_author_prior_30d_comments,top10,-0.04650473115786644,2556
regression_editor__hidden__pinned,regression_editor,hidden,True,True,log_author_prior_comments_story,top10,-0.8874546654517679,2556
regression_editor__hidden__pinned,regression_editor,hidden,True,True,log_hours_since_article,top10,-0.6302972167804063,2556
regression_editor__hidden__pinned,regression_editor,hidden,True,True,log_words,top10,0.45701944293456187,2556
regression_editor__hidden__pinned,regression_editor,hidden,True,True,novelty_prior_all_model,top10,0.013504743023954264,2556
regression_editor__hidden__pinned,regression_editor,hidden,True,True,prior_reply_composition,top10,-0.30556693937694346,2556
regression_editor__hidden__pinned,regression_editor,hidden,True,True,reading_level_length_adjusted,top10,0.006513634822817674,2556
regression_editor__hidden__pinned,regression_editor,hidden,True,True,reply_depth_centered,top10,0.03220185350493305,2556
regression_editor__hidden__pinned,regression_editor,hidden,True,True,sentiment_negative,top10,0.03362192315135716,2556
regression_editor__hidden__pinned,regression_editor,hidden,True,True,sentiment_positive,top10,-0.17323048820456885,2556
regression_editor__hidden__pinned,regression_editor,hidden,True,True,toxicity_probability,top10,-0.4115436718267238,2556
regression_editor__hidden__pinned,regression_editor,hidden,True,True,url_present,top10,-0.684779774775398,2556
regression_editor__hidden__pinned,regression_editor,hidden,True,True,vienna_overnight,top10,-0.7447989349265972,2556
regression_editor__hidden__pinned,regression_editor,hidden,True,True,vienna_weekday_shoulder_evening,top10,-0.3360026341210546,2556
regression_editor__hidden__pinned,regression_editor,hidden,True,True,vienna_weekend_day_evening,top10,-0.38394744590090596,2556
regression_editor__hidden__unpinned,regression_editor,hidden,False,True,aqua_additional_knowledge_expected,top10,0.3294742260546544,2556
regression_editor__hidden__unpinned,regression_editor,hidden,False,True,aqua_discrimination_expected,top10,0.28316564348544954,2556
regression_editor__hidden__unpinned,regression_editor,hidden,False,True,aqua_fact_expected,top10,0.4599675259095394,2556
regression_editor__hidden__unpinned,regression_editor,hidden,False,True,aqua_insult_expected,top10,0.13754126891405963,2556
regression_editor__hidden__unpinned,regression_editor,hidden,False,True,aqua_justification_expected,top10,0.6818529766093385,2556
regression_editor__hidden__unpinned,regression_editor,hidden,False,True,aqua_opinion_expected,top10,0.4254739786367931,2556
regression_editor__hidden__unpinned,regression_editor,hidden,False,True,aqua_polite_address_expected,top10,-0.025565589733080096,2556
regression_editor__hidden__unpinned,regression_editor,hidden,False,True,aqua_question_expected,top10,-0.46097882266657136,2556
regression_editor__hidden__unpinned,regression_editor,hidden,False,True,aqua_referencing_contents_expected,top10,-0.21990556656080318,2556
regression_editor__hidden__unpinned,regression_editor,hidden,False,True,aqua_referencing_format_expected,top10,0.13036532105667542,2556
regression_editor__hidden__unpinned,regression_editor,hidden,False,True,aqua_referencing_medium_expected,top10,-0.025551295833170982,2556
regression_editor__hidden__unpinned,regression_editor,hidden,False,True,aqua_referencing_personal_expected,top10,-0.06424396785398069,2556
regression_editor__hidden__unpinned,regression_editor,hidden,False,True,aqua_referencing_users_expected,top10,-0.13221956808890709,2556
regression_editor__hidden__unpinned,regression_editor,hidden,False,True,aqua_relevance_expected,top10,0.3936204586688689,2556
regression_editor__hidden__unpinned,regression_editor,hidden,False,True,aqua_respect_expected,top10,0.07214747882720113,2556
regression_editor__hidden__unpinned,regression_editor,hidden,False,True,aqua_sarcasm_expected,top10,-0.06024274707565726,2556
regression_editor__hidden__unpinned,regression_editor,hidden,False,True,aqua_screaming_expected,top10,-0.4723812488298147,2556
regression_editor__hidden__unpinned,regression_editor,hidden,False,True,aqua_solution_proposal_expected,top10,0.45885254511235957,2556
regression_editor__hidden__unpinned,regression_editor,hidden,False,True,aqua_storytelling_expected,top10,0.3158632721065783,2556
regression_editor__hidden__unpinned,regression_editor,hidden,False,True,aqua_vulgarity_expected,top10,0.19544404553019407,2556
regression_editor__hidden__unpinned,regression_editor,hidden,False,True,article_similarity_top3,top10,0.4885790612213457,2556
regression_editor__hidden__unpinned,regression_editor,hidden,False,True,author_prior_30d_downvote_reception,top10,0.02260894588939138,2556
regression_editor__hidden__unpinned,regression_editor,hidden,False,True,author_prior_30d_upvote_reception,top10,0.33888829902857326,2556
regression_editor__hidden__unpinned,regression_editor,hidden,False,True,discussion_pace,top10,-0.2368185855942893,2556
regression_editor__hidden__unpinned,regression_editor,hidden,False,True,is_reply,top10,-0.9999751274075096,2556
regression_editor__hidden__unpinned,regression_editor,hidden,False,True,lexdiv_length_adjusted,top10,0.07712495089275317,2556
regression_editor__hidden__unpinned,regression_editor,hidden,False,True,log_author_prior_30d_comments,top10,-0.05879961228604149,2556
regression_editor__hidden__unpinned,regression_editor,hidden,False,True,log_author_prior_comments_story,top10,-0.9243558194324817,2556
regression_editor__hidden__unpinned,regression_editor,hidden,False,True,log_hours_since_article,top10,-0.8159152405867499,2556
regression_editor__hidden__unpinned,regression_editor,hidden,False,True,log_words,top10,0.5934283959361581,2556
regression_editor__hidden__unpinned,regression_editor,hidden,False,True,novelty_prior_all_model,top10,0.05811236017677746,2556
regression_editor__hidden__unpinned,regression_editor,hidden,False,True,prior_reply_composition,top10,-0.493468747924368,2556
regression_editor__hidden__unpinned,regression_editor,hidden,False,True,reading_level_length_adjusted,top10,0.014077197223769426,2556
regression_editor__hidden__unpinned,regression_editor,hidden,False,True,reply_depth_centered,top10,0.03255680189521329,2556
regression_editor__hidden__unpinned,regression_editor,hidden,False,True,sentiment_negative,top10,0.02335055164587924,2556
regression_editor__hidden__unpinned,regression_editor,hidden,False,True,sentiment_positive,top10,-0.13553981352631506,2556
regression_editor__hidden__unpinned,regression_editor,hidden,False,True,toxicity_probability,top10,-0.437494303735425,2556
regression_editor__hidden__unpinned,regression_editor,hidden,False,True,url_present,top10,-0.6839788727142054,2556
regression_editor__hidden__unpinned,regression_editor,hidden,False,True,vienna_overnight,top10,-0.6807529037228222,2556
regression_editor__hidden__unpinned,regression_editor,hidden,False,True,vienna_weekday_shoulder_evening,top10,-0.3752350172544665,2556
regression_editor__hidden__unpinned,regression_editor,hidden,False,True,vienna_weekend_day_evening,top10,-0.3865250606631683,2556
regression_editor__loose__pinned,regression_editor,loose,True,True,aqua_additional_knowledge_expected,top10,0.2539696552798175,2556
regression_editor__loose__pinned,regression_editor,loose,True,True,aqua_discrimination_expected,top10,0.2281129485665294,2556
regression_editor__loose__pinned,regression_editor,loose,True,True,aqua_fact_expected,top10,0.3815030664555176,2556
regression_editor__loose__pinned,regression_editor,loose,True,True,aqua_insult_expected,top10,0.13151665417198538,2556
regression_editor__loose__pinned,regression_editor,loose,True,True,aqua_justification_expected,top10,0.5436005144090164,2556
regression_editor__loose__pinned,regression_editor,loose,True,True,aqua_opinion_expected,top10,0.3118186102882741,2556
regression_editor__loose__pinned,regression_editor,loose,True,True,aqua_polite_address_expected,top10,-0.10585523431358854,2556
regression_editor__loose__pinned,regression_editor,loose,True,True,aqua_question_expected,top10,-0.39202960971992235,2556
regression_editor__loose__pinned,regression_editor,loose,True,True,aqua_referencing_contents_expected,top10,-0.2241349442499747,2556
regression_editor__loose__pinned,regression_editor,loose,True,True,aqua_referencing_format_expected,top10,0.09905280418365642,2556
regression_editor__loose__pinned,regression_editor,loose,True,True,aqua_referencing_medium_expected,top10,-0.05503998841157468,2556
regression_editor__loose__pinned,regression_editor,loose,True,True,aqua_referencing_personal_expected,top10,-0.07589870038156958,2556
regression_editor__loose__pinned,regression_editor,loose,True,True,aqua_referencing_users_expected,top10,-0.16767202227037345,2556
regression_editor__loose__pinned,regression_editor,loose,True,True,aqua_relevance_expected,top10,0.3094519055662809,2556
regression_editor__loose__pinned,regression_editor,loose,True,True,aqua_respect_expected,top10,0.02721788779381045,2556
regression_editor__loose__pinned,regression_editor,loose,True,True,aqua_sarcasm_expected,top10,-0.010612657298550517,2556
regression_editor__loose__pinned,regression_editor,loose,True,True,aqua_screaming_expected,top10,-0.43366335907318915,2556
regression_editor__loose__pinned,regression_editor,loose,True,True,aqua_solution_proposal_expected,top10,0.3371230715363159,2556
regression_editor__loose__pinned,regression_editor,loose,True,True,aqua_storytelling_expected,top10,0.20945966444284542,2556
regression_editor__loose__pinned,regression_editor,loose,True,True,aqua_vulgarity_expected,top10,0.1797623148647153,2556
regression_editor__loose__pinned,regression_editor,loose,True,True,article_similarity_top3,top10,0.39508946752404894,2556
regression_editor__loose__pinned,regression_editor,loose,True,True,author_prior_30d_downvote_reception,top10,0.04537633614677615,2556
regression_editor__loose__pinned,regression_editor,loose,True,True,author_prior_30d_upvote_reception,top10,0.25856211303898896,2556
regression_editor__loose__pinned,regression_editor,loose,True,True,discussion_pace,top10,0.03038260004716099,2556
regression_editor__loose__pinned,regression_editor,loose,True,True,is_reply,top10,-0.9763127771503752,2556
regression_editor__loose__pinned,regression_editor,loose,True,True,lexdiv_length_adjusted,top10,0.06807514303089439,2556
regression_editor__loose__pinned,regression_editor,loose,True,True,log_author_prior_30d_comments,top10,-0.045524694951551065,2556
regression_editor__loose__pinned,regression_editor,loose,True,True,log_author_prior_comments_story,top10,-0.8795602122822546,2556
regression_editor__loose__pinned,regression_editor,loose,True,True,log_hours_since_article,top10,-0.6263694595553254,2556
regression_editor__loose__pinned,regression_editor,loose,True,True,log_words,top10,0.4565831434966168,2556
regression_editor__loose__pinned,regression_editor,loose,True,True,novelty_prior_all_model,top10,0.010603458335323892,2556
regression_editor__loose__pinned,regression_editor,loose,True,True,prior_reply_composition,top10,-0.30216106143079047,2556
regression_editor__loose__pinned,regression_editor,loose,True,True,reading_level_length_adjusted,top10,0.007534670794613068,2556
regression_editor__loose__pinned,regression_editor,loose,True,True,reply_depth_centered,top10,0.020359756052075035,2556
regression_editor__loose__pinned,regression_editor,loose,True,True,sentiment_negative,top10,0.03292016025664683,2556
regression_editor__loose__pinned,regression_editor,loose,True,True,sentiment_positive,top10,-0.17560981778921916,2556
regression_editor__loose__pinned,regression_editor,loose,True,True,toxicity_probability,top10,-0.4127803070143795,2556
regression_editor__loose__pinned,regression_editor,loose,True,True,url_present,top10,-0.6832259596930866,2556
regression_editor__loose__pinned,regression_editor,loose,True,True,vienna_overnight,top10,-0.7456351477574383,2556
regression_editor__loose__pinned,regression_editor,loose,True,True,vienna_weekday_shoulder_evening,top10,-0.33639212001348806,2556
regression_editor__loose__pinned,regression_editor,loose,True,True,vienna_weekend_day_evening,top10,-0.3837869684256912,2556
regression_editor__loose__unpinned,regression_editor,loose,False,True,aqua_additional_knowledge_expected,top10,0.32978718119320527,2556
regression_editor__loose__unpinned,regression_editor,loose,False,True,aqua_discrimination_expected,top10,0.28341026422896204,2556
regression_editor__loose__unpinned,regression_editor,loose,False,True,aqua_fact_expected,top10,0.46033784369087893,2556
regression_editor__loose__unpinned,regression_editor,loose,False,True,aqua_insult_expected,top10,0.13758049132208305,2556
regression_editor__loose__unpinned,regression_editor,loose,False,True,aqua_justification_expected,top10,0.682319863544268,2556
regression_editor__loose__unpinned,regression_editor,loose,False,True,aqua_opinion_expected,top10,0.4256759613659242,2556
regression_editor__loose__unpinned,regression_editor,loose,False,True,aqua_polite_address_expected,top10,-0.02526914953561576,2556
regression_editor__loose__unpinned,regression_editor,loose,False,True,aqua_question_expected,top10,-0.46125575525429696,2556
regression_editor__loose__unpinned,regression_editor,loose,False,True,aqua_referencing_contents_expected,top10,-0.22000789140011373,2556
regression_editor__loose__unpinned,regression_editor,loose,False,True,aqua_referencing_format_expected,top10,0.13029325921241572,2556
regression_editor__loose__unpinned,regression_editor,loose,False,True,aqua_referencing_medium_expected,top10,-0.02544271619630031,2556
regression_editor__loose__unpinned,regression_editor,loose,False,True,aqua_referencing_personal_expected,top10,-0.06443182434317242,2556
regression_editor__loose__unpinned,regression_editor,loose,False,True,aqua_referencing_users_expected,top10,-0.13225646213561007,2556
regression_editor__loose__unpinned,regression_editor,loose,False,True,aqua_relevance_expected,top10,0.3940600919706947,2556
regression_editor__loose__unpinned,regression_editor,loose,False,True,aqua_respect_expected,top10,0.07221650364297863,2556
regression_editor__loose__unpinned,regression_editor,loose,False,True,aqua_sarcasm_expected,top10,-0.060356970403302,2556
regression_editor__loose__unpinned,regression_editor,loose,False,True,aqua_screaming_expected,top10,-0.47242892123341906,2556
regression_editor__loose__unpinned,regression_editor,loose,False,True,aqua_solution_proposal_expected,top10,0.459292559068394,2556
regression_editor__loose__unpinned,regression_editor,loose,False,True,aqua_storytelling_expected,top10,0.316226058574071,2556
regression_editor__loose__unpinned,regression_editor,loose,False,True,aqua_vulgarity_expected,top10,0.19543596512523478,2556
regression_editor__loose__unpinned,regression_editor,loose,False,True,article_similarity_top3,top10,0.48880236018277623,2556
regression_editor__loose__unpinned,regression_editor,loose,False,True,author_prior_30d_downvote_reception,top10,0.022431383401108236,2556
regression_editor__loose__unpinned,regression_editor,loose,False,True,author_prior_30d_upvote_reception,top10,0.3389193681734788,2556
regression_editor__loose__unpinned,regression_editor,loose,False,True,discussion_pace,top10,-0.23643332898409852,2556
regression_editor__loose__unpinned,regression_editor,loose,False,True,is_reply,top10,-0.9995175122055904,2556
regression_editor__loose__unpinned,regression_editor,loose,False,True,lexdiv_length_adjusted,top10,0.07742568255020599,2556
regression_editor__loose__unpinned,regression_editor,loose,False,True,log_author_prior_30d_comments,top10,-0.05882428090830778,2556
regression_editor__loose__unpinned,regression_editor,loose,False,True,log_author_prior_comments_story,top10,-0.9245019426767813,2556
regression_editor__loose__unpinned,regression_editor,loose,False,True,log_hours_since_article,top10,-0.8167206750595922,2556
regression_editor__loose__unpinned,regression_editor,loose,False,True,log_words,top10,0.5938114584745048,2556
regression_editor__loose__unpinned,regression_editor,loose,False,True,novelty_prior_all_model,top10,0.05821802337424149,2556
regression_editor__loose__unpinned,regression_editor,loose,False,True,prior_reply_composition,top10,-0.49437796606560214,2556
regression_editor__loose__unpinned,regression_editor,loose,False,True,reading_level_length_adjusted,top10,0.014273305489421836,2556
regression_editor__loose__unpinned,regression_editor,loose,False,True,reply_depth_centered,top10,0.03200471490633272,2556
regression_editor__loose__unpinned,regression_editor,loose,False,True,sentiment_negative,top10,0.023456629410764072,2556
regression_editor__loose__unpinned,regression_editor,loose,False,True,sentiment_positive,top10,-0.13562386209059987,2556
regression_editor__loose__unpinned,regression_editor,loose,False,True,toxicity_probability,top10,-0.43769741835102083,2556
regression_editor__loose__unpinned,regression_editor,loose,False,True,url_present,top10,-0.6836496414342698,2556
regression_editor__loose__unpinned,regression_editor,loose,False,True,vienna_overnight,top10,-0.6808121549185893,2556
regression_editor__loose__unpinned,regression_editor,loose,False,True,vienna_weekday_shoulder_evening,top10,-0.37535974828970703,2556
regression_editor__loose__unpinned,regression_editor,loose,False,True,vienna_weekend_day_evening,top10,-0.3865335467226163,2556
regression_editor__trees__pinned,regression_editor,trees,True,True,aqua_additional_knowledge_expected,top10,0.20603335616103233,2556
regression_editor__trees__pinned,regression_editor,trees,True,True,aqua_discrimination_expected,top10,0.19501754548848366,2556
regression_editor__trees__pinned,regression_editor,trees,True,True,aqua_fact_expected,top10,0.32308075482103643,2556
regression_editor__trees__pinned,regression_editor,trees,True,True,aqua_insult_expected,top10,0.11127923760397804,2556
regression_editor__trees__pinned,regression_editor,trees,True,True,aqua_justification_expected,top10,0.4610000505539086,2556
regression_editor__trees__pinned,regression_editor,trees,True,True,aqua_opinion_expected,top10,0.2628467270020075,2556
regression_editor__trees__pinned,regression_editor,trees,True,True,aqua_polite_address_expected,top10,-0.14051621608439435,2556
regression_editor__trees__pinned,regression_editor,trees,True,True,aqua_question_expected,top10,-0.3624125614748939,2556
regression_editor__trees__pinned,regression_editor,trees,True,True,aqua_referencing_contents_expected,top10,-0.19427371492946383,2556
regression_editor__trees__pinned,regression_editor,trees,True,True,aqua_referencing_format_expected,top10,0.07422753784134425,2556
regression_editor__trees__pinned,regression_editor,trees,True,True,aqua_referencing_medium_expected,top10,-0.07453557032533649,2556
regression_editor__trees__pinned,regression_editor,trees,True,True,aqua_referencing_personal_expected,top10,-0.08778559903352487,2556
regression_editor__trees__pinned,regression_editor,trees,True,True,aqua_referencing_users_expected,top10,-0.15553836459656126,2556
regression_editor__trees__pinned,regression_editor,trees,True,True,aqua_relevance_expected,top10,0.2670106096115125,2556
regression_editor__trees__pinned,regression_editor,trees,True,True,aqua_respect_expected,top10,0.011417741473346262,2556
regression_editor__trees__pinned,regression_editor,trees,True,True,aqua_sarcasm_expected,top10,-0.0071654797956876865,2556
regression_editor__trees__pinned,regression_editor,trees,True,True,aqua_screaming_expected,top10,-0.4489305699562797,2556
regression_editor__trees__pinned,regression_editor,trees,True,True,aqua_solution_proposal_expected,top10,0.28027281965074596,2556
regression_editor__trees__pinned,regression_editor,trees,True,True,aqua_storytelling_expected,top10,0.160202444668018,2556
regression_editor__trees__pinned,regression_editor,trees,True,True,aqua_vulgarity_expected,top10,0.1470796805790638,2556
regression_editor__trees__pinned,regression_editor,trees,True,True,article_similarity_top3,top10,0.32364688641658107,2556
regression_editor__trees__pinned,regression_editor,trees,True,True,author_prior_30d_downvote_reception,top10,0.03186090555560007,2556
regression_editor__trees__pinned,regression_editor,trees,True,True,author_prior_30d_upvote_reception,top10,0.21704642866631166,2556
regression_editor__trees__pinned,regression_editor,trees,True,True,discussion_pace,top10,0.07257648658918203,2556
regression_editor__trees__pinned,regression_editor,trees,True,True,is_reply,top10,-0.7783101653424163,2556
regression_editor__trees__pinned,regression_editor,trees,True,True,lexdiv_length_adjusted,top10,0.05863229958017629,2556
regression_editor__trees__pinned,regression_editor,trees,True,True,log_author_prior_30d_comments,top10,-0.029941555923533373,2556
regression_editor__trees__pinned,regression_editor,trees,True,True,log_author_prior_comments_story,top10,-0.7460597599394089,2556
regression_editor__trees__pinned,regression_editor,trees,True,True,log_hours_since_article,top10,-0.5698652244367214,2556
regression_editor__trees__pinned,regression_editor,trees,True,True,log_words,top10,0.3835999483659398,2556
regression_editor__trees__pinned,regression_editor,trees,True,True,novelty_prior_all_model,top10,0.010302004127959508,2556
regression_editor__trees__pinned,regression_editor,trees,True,True,prior_reply_composition,top10,-0.26211294656551404,2556
regression_editor__trees__pinned,regression_editor,trees,True,True,reading_level_length_adjusted,top10,0.00019239181905907938,2556
regression_editor__trees__pinned,regression_editor,trees,True,True,reply_depth_centered,top10,-0.052018927018349474,2556
regression_editor__trees__pinned,regression_editor,trees,True,True,sentiment_negative,top10,0.022252741277845718,2556
regression_editor__trees__pinned,regression_editor,trees,True,True,sentiment_positive,top10,-0.18340243875793671,2556
regression_editor__trees__pinned,regression_editor,trees,True,True,toxicity_probability,top10,-0.4312762387855866,2556
regression_editor__trees__pinned,regression_editor,trees,True,True,url_present,top10,-0.7052712940424438,2556
regression_editor__trees__pinned,regression_editor,trees,True,True,vienna_overnight,top10,-0.7441263157323231,2556
regression_editor__trees__pinned,regression_editor,trees,True,True,vienna_weekday_shoulder_evening,top10,-0.3259740020524199,2556
regression_editor__trees__pinned,regression_editor,trees,True,True,vienna_weekend_day_evening,top10,-0.3814673768889823,2556
regression_editor__trees__unpinned,regression_editor,trees,False,True,aqua_additional_knowledge_expected,top10,0.14315534041231118,2556
regression_editor__trees__unpinned,regression_editor,trees,False,True,aqua_discrimination_expected,top10,0.16788461716782063,2556
regression_editor__trees__unpinned,regression_editor,trees,False,True,aqua_fact_expected,top10,0.254976353335914,2556
regression_editor__trees__unpinned,regression_editor,trees,False,True,aqua_insult_expected,top10,0.0693654307125024,2556
regression_editor__trees__unpinned,regression_editor,trees,False,True,aqua_justification_expected,top10,0.3766575433495025,2556
regression_editor__trees__unpinned,regression_editor,trees,False,True,aqua_opinion_expected,top10,0.23891832992240816,2556
regression_editor__trees__unpinned,regression_editor,trees,False,True,aqua_polite_address_expected,top10,-0.16614959144238012,2556
regression_editor__trees__unpinned,regression_editor,trees,False,True,aqua_question_expected,top10,-0.3672650258612065,2556
regression_editor__trees__unpinned,regression_editor,trees,False,True,aqua_referencing_contents_expected,top10,-0.11117481789406643,2556
regression_editor__trees__unpinned,regression_editor,trees,False,True,aqua_referencing_format_expected,top10,0.03720666576404612,2556
regression_editor__trees__unpinned,regression_editor,trees,False,True,aqua_referencing_medium_expected,top10,-0.10270075022659399,2556
regression_editor__trees__unpinned,regression_editor,trees,False,True,aqua_referencing_personal_expected,top10,-0.10707185493308836,2556
regression_editor__trees__unpinned,regression_editor,trees,False,True,aqua_referencing_users_expected,top10,-0.1029290190549594,2556
regression_editor__trees__unpinned,regression_editor,trees,False,True,aqua_relevance_expected,top10,0.24155476464602685,2556
regression_editor__trees__unpinned,regression_editor,trees,False,True,aqua_respect_expected,top10,0.006301745459189571,2556
regression_editor__trees__unpinned,regression_editor,trees,False,True,aqua_sarcasm_expected,top10,-0.04046293592078364,2556
regression_editor__trees__unpinned,regression_editor,trees,False,True,aqua_screaming_expected,top10,-0.5318434326093436,2556
regression_editor__trees__unpinned,regression_editor,trees,False,True,aqua_solution_proposal_expected,top10,0.23800784768087055,2556
regression_editor__trees__unpinned,regression_editor,trees,False,True,aqua_storytelling_expected,top10,0.1166126263902121,2556
regression_editor__trees__unpinned,regression_editor,trees,False,True,aqua_vulgarity_expected,top10,0.07110889850777087,2556
regression_editor__trees__unpinned,regression_editor,trees,False,True,article_similarity_top3,top10,0.22915974381538873,2556
regression_editor__trees__unpinned,regression_editor,trees,False,True,author_prior_30d_downvote_reception,top10,-0.024962929162440032,2556
regression_editor__trees__unpinned,regression_editor,trees,False,True,author_prior_30d_upvote_reception,top10,0.16617646532167127,2556
regression_editor__trees__unpinned,regression_editor,trees,False,True,discussion_pace,top10,-0.08774863367534834,2556
regression_editor__trees__unpinned,regression_editor,trees,False,True,is_reply,top10,-0.14076761842032962,2556
regression_editor__trees__unpinned,regression_editor,trees,False,True,lexdiv_length_adjusted,top10,0.047314045912449226,2556
regression_editor__trees__unpinned,regression_editor,trees,False,True,log_author_prior_30d_comments,top10,-0.010372694938351997,2556
regression_editor__trees__unpinned,regression_editor,trees,False,True,log_author_prior_comments_story,top10,-0.4871800435945695,2556
regression_editor__trees__unpinned,regression_editor,trees,False,True,log_hours_since_article,top10,-0.48873630334023,2556
regression_editor__trees__unpinned,regression_editor,trees,False,True,log_words,top10,0.31907040314352764,2556
regression_editor__trees__unpinned,regression_editor,trees,False,True,novelty_prior_all_model,top10,0.03486772152613412,2556
regression_editor__trees__unpinned,regression_editor,trees,False,True,prior_reply_composition,top10,-0.2752790156138696,2556
regression_editor__trees__unpinned,regression_editor,trees,False,True,reading_level_length_adjusted,top10,-0.0035743665750816367,2556
regression_editor__trees__unpinned,regression_editor,trees,False,True,reply_depth_centered,top10,-0.26680445867593205,2556
regression_editor__trees__unpinned,regression_editor,trees,False,True,sentiment_negative,top10,-0.012737576637261053,2556
regression_editor__trees__unpinned,regression_editor,trees,False,True,sentiment_positive,top10,-0.17470375408139074,2556
regression_editor__trees__unpinned,regression_editor,trees,False,True,toxicity_probability,top10,-0.506518833206884,2556
regression_editor__trees__unpinned,regression_editor,trees,False,True,url_present,top10,-0.7503837981457578,2556
regression_editor__trees__unpinned,regression_editor,trees,False,True,vienna_overnight,top10,-0.6490970626785988,2556
regression_editor__trees__unpinned,regression_editor,trees,False,True,vienna_weekday_shoulder_evening,top10,-0.3307180631054267,2556
regression_editor__trees__unpinned,regression_editor,trees,False,True,vienna_weekend_day_evening,top10,-0.3832887921578068,2556
relative_votes__hidden__pinned,relative_votes,hidden,True,True,aqua_additional_knowledge_expected,top10,0.182503484390149,2556
relative_votes__hidden__pinned,relative_votes,hidden,True,True,aqua_discrimination_expected,top10,0.18170860478635723,2556
relative_votes__hidden__pinned,relative_votes,hidden,True,True,aqua_fact_expected,top10,0.30325641415939447,2556
relative_votes__hidden__pinned,relative_votes,hidden,True,True,aqua_insult_expected,top10,0.12955501543438488,2556
relative_votes__hidden__pinned,relative_votes,hidden,True,True,aqua_justification_expected,top10,0.41866800044355956,2556
relative_votes__hidden__pinned,relative_votes,hidden,True,True,aqua_opinion_expected,top10,0.23561561826279928,2556
relative_votes__hidden__pinned,relative_votes,hidden,True,True,aqua_polite_address_expected,top10,-0.164717463941033,2556
relative_votes__hidden__pinned,relative_votes,hidden,True,True,aqua_question_expected,top10,-0.33912174297654185,2556
relative_votes__hidden__pinned,relative_votes,hidden,True,True,aqua_referencing_contents_expected,top10,-0.22845128918058544,2556
relative_votes__hidden__pinned,relative_votes,hidden,True,True,aqua_referencing_format_expected,top10,0.0728790065291248,2556
relative_votes__hidden__pinned,relative_votes,hidden,True,True,aqua_referencing_medium_expected,top10,-0.07760661528298898,2556
relative_votes__hidden__pinned,relative_votes,hidden,True,True,aqua_referencing_personal_expected,top10,-0.085954403873164,2556
relative_votes__hidden__pinned,relative_votes,hidden,True,True,aqua_referencing_users_expected,top10,-0.184061681713938,2556
relative_votes__hidden__pinned,relative_votes,hidden,True,True,aqua_relevance_expected,top10,0.22459894222757804,2556
relative_votes__hidden__pinned,relative_votes,hidden,True,True,aqua_respect_expected,top10,-0.0017510730749358695,2556
relative_votes__hidden__pinned,relative_votes,hidden,True,True,aqua_sarcasm_expected,top10,0.02616348272303619,2556
relative_votes__hidden__pinned,relative_votes,hidden,True,True,aqua_screaming_expected,top10,-0.40828808232445507,2556
relative_votes__hidden__pinned,relative_votes,hidden,True,True,aqua_solution_proposal_expected,top10,0.2293242337956191,2556
relative_votes__hidden__pinned,relative_votes,hidden,True,True,aqua_storytelling_expected,top10,0.12914190292575922,2556
relative_votes__hidden__pinned,relative_votes,hidden,True,True,aqua_vulgarity_expected,top10,0.17043414137276905,2556
relative_votes__hidden__pinned,relative_votes,hidden,True,True,article_similarity_top3,top10,0.3148716764325624,2556
relative_votes__hidden__pinned,relative_votes,hidden,True,True,author_prior_30d_downvote_reception,top10,0.06308689794579558,2556
relative_votes__hidden__pinned,relative_votes,hidden,True,True,author_prior_30d_upvote_reception,top10,0.2400604585336403,2556
relative_votes__hidden__pinned,relative_votes,hidden,True,True,discussion_pace,top10,0.07791759264346837,2556
relative_votes__hidden__pinned,relative_votes,hidden,True,True,is_reply,top10,-0.9956287141126885,2556
relative_votes__hidden__pinned,relative_votes,hidden,True,True,lexdiv_length_adjusted,top10,0.05487248986438413,2556
relative_votes__hidden__pinned,relative_votes,hidden,True,True,log_author_prior_30d_comments,top10,-0.03495998406604043,2556
relative_votes__hidden__pinned,relative_votes,hidden,True,True,log_author_prior_comments_story,top10,-0.8759307001025268,2556
relative_votes__hidden__pinned,relative_votes,hidden,True,True,log_hours_since_article,top10,-0.5757234866662988,2556
relative_votes__hidden__pinned,relative_votes,hidden,True,True,log_words,top10,0.3435063378682741,2556
relative_votes__hidden__pinned,relative_votes,hidden,True,True,novelty_prior_all_model,top10,0.026245294314271937,2556
relative_votes__hidden__pinned,relative_votes,hidden,True,True,prior_reply_composition,top10,-0.2533913913528647,2556
relative_votes__hidden__pinned,relative_votes,hidden,True,True,reading_level_length_adjusted,top10,0.004666531482362785,2556
relative_votes__hidden__pinned,relative_votes,hidden,True,True,reply_depth_centered,top10,0.030057127388233774,2556
relative_votes__hidden__pinned,relative_votes,hidden,True,True,sentiment_negative,top10,0.05992667134533289,2556
relative_votes__hidden__pinned,relative_votes,hidden,True,True,sentiment_positive,top10,-0.206868244482316,2556
relative_votes__hidden__pinned,relative_votes,hidden,True,True,toxicity_probability,top10,-0.3369462067251895,2556
relative_votes__hidden__pinned,relative_votes,hidden,True,True,url_present,top10,-0.7569039141926652,2556
relative_votes__hidden__pinned,relative_votes,hidden,True,True,vienna_overnight,top10,-0.7431834202950691,2556
relative_votes__hidden__pinned,relative_votes,hidden,True,True,vienna_weekday_shoulder_evening,top10,-0.310900185902432,2556
relative_votes__hidden__pinned,relative_votes,hidden,True,True,vienna_weekend_day_evening,top10,-0.3826062928672939,2556
relative_votes__hidden__unpinned,relative_votes,hidden,False,True,aqua_additional_knowledge_expected,top10,0.13581680514996264,2556
relative_votes__hidden__unpinned,relative_votes,hidden,False,True,aqua_discrimination_expected,top10,0.1694142738855638,2556
relative_votes__hidden__unpinned,relative_votes,hidden,False,True,aqua_fact_expected,top10,0.27145632493830085,2556
relative_votes__hidden__unpinned,relative_votes,hidden,False,True,aqua_insult_expected,top10,0.13145694836397856,2556
relative_votes__hidden__unpinned,relative_votes,hidden,False,True,aqua_justification_expected,top10,0.37458954084611407,2556
relative_votes__hidden__unpinned,relative_votes,hidden,False,True,aqua_opinion_expected,top10,0.2238906469983074,2556
relative_votes__hidden__unpinned,relative_votes,hidden,False,True,aqua_polite_address_expected,top10,-0.20716282720461127,2556
relative_votes__hidden__unpinned,relative_votes,hidden,False,True,aqua_question_expected,top10,-0.34110661991274965,2556
relative_votes__hidden__unpinned,relative_votes,hidden,False,True,aqua_referencing_contents_expected,top10,-0.22868261251295155,2556
relative_votes__hidden__unpinned,relative_votes,hidden,False,True,aqua_referencing_format_expected,top10,0.05724567602799267,2556
relative_votes__hidden__unpinned,relative_votes,hidden,False,True,aqua_referencing_medium_expected,top10,-0.0949100754538944,2556
relative_votes__hidden__unpinned,relative_votes,hidden,False,True,aqua_referencing_personal_expected,top10,-0.09183600351326755,2556
relative_votes__hidden__unpinned,relative_votes,hidden,False,True,aqua_referencing_users_expected,top10,-0.1962694386969326,2556
relative_votes__hidden__unpinned,relative_votes,hidden,False,True,aqua_relevance_expected,top10,0.1976842560550689,2556
relative_votes__hidden__unpinned,relative_votes,hidden,False,True,aqua_respect_expected,top10,-0.009274543290160968,2556
relative_votes__hidden__unpinned,relative_votes,hidden,False,True,aqua_sarcasm_expected,top10,0.03856696823773888,2556
relative_votes__hidden__unpinned,relative_votes,hidden,False,True,aqua_screaming_expected,top10,-0.415429382260008,2556
relative_votes__hidden__unpinned,relative_votes,hidden,False,True,aqua_solution_proposal_expected,top10,0.17638679134944252,2556
relative_votes__hidden__unpinned,relative_votes,hidden,False,True,aqua_storytelling_expected,top10,0.09277037987634167,2556
relative_votes__hidden__unpinned,relative_votes,hidden,False,True,aqua_vulgarity_expected,top10,0.16588575644430728,2556
relative_votes__hidden__unpinned,relative_votes,hidden,False,True,article_similarity_top3,top10,0.2900521709799644,2556
relative_votes__hidden__unpinned,relative_votes,hidden,False,True,author_prior_30d_downvote_reception,top10,0.06087862449634332,2556
relative_votes__hidden__unpinned,relative_votes,hidden,False,True,author_prior_30d_upvote_reception,top10,0.26292726473753286,2556
relative_votes__hidden__unpinned,relative_votes,hidden,False,True,discussion_pace,top10,-0.0629420488150982,2556
relative_votes__hidden__unpinned,relative_votes,hidden,False,True,is_reply,top10,-0.9946951342172757,2556
relative_votes__hidden__unpinned,relative_votes,hidden,False,True,lexdiv_length_adjusted,top10,0.04828042731110555,2556
relative_votes__hidden__unpinned,relative_votes,hidden,False,True,log_author_prior_30d_comments,top10,-0.03163159165341644,2556
relative_votes__hidden__unpinned,relative_votes,hidden,False,True,log_author_prior_comments_story,top10,-0.8949447965171983,2556
relative_votes__hidden__unpinned,relative_votes,hidden,False,True,log_hours_since_article,top10,-0.6704988535037044,2556
relative_votes__hidden__unpinned,relative_votes,hidden,False,True,log_words,top10,0.2966756738789338,2556
relative_votes__hidden__unpinned,relative_votes,hidden,False,True,novelty_prior_all_model,top10,0.07180697156878378,2556
relative_votes__hidden__unpinned,relative_votes,hidden,False,True,prior_reply_composition,top10,-0.34197596606900227,2556
relative_votes__hidden__unpinned,relative_votes,hidden,False,True,reading_level_length_adjusted,top10,0.004849706506459823,2556
relative_votes__hidden__unpinned,relative_votes,hidden,False,True,reply_depth_centered,top10,0.02956559331898514,2556
relative_votes__hidden__unpinned,relative_votes,hidden,False,True,sentiment_negative,top10,0.0951200298213493,2556
relative_votes__hidden__unpinned,relative_votes,hidden,False,True,sentiment_positive,top10,-0.22987697915320854,2556
relative_votes__hidden__unpinned,relative_votes,hidden,False,True,toxicity_probability,top10,-0.29087772807735507,2556
relative_votes__hidden__unpinned,relative_votes,hidden,False,True,url_present,top10,-0.8468301789169502,2556
relative_votes__hidden__unpinned,relative_votes,hidden,False,True,vienna_overnight,top10,-0.706650805692453,2556
relative_votes__hidden__unpinned,relative_votes,hidden,False,True,vienna_weekday_shoulder_evening,top10,-0.30615624388017004,2556
relative_votes__hidden__unpinned,relative_votes,hidden,False,True,vienna_weekend_day_evening,top10,-0.3837167903778813,2556
relative_votes__loose__pinned,relative_votes,loose,True,True,aqua_additional_knowledge_expected,top10,0.17975345211652005,2556
relative_votes__loose__pinned,relative_votes,loose,True,True,aqua_discrimination_expected,top10,0.18122831349542373,2556
relative_votes__loose__pinned,relative_votes,loose,True,True,aqua_fact_expected,top10,0.3004873321936419,2556
relative_votes__loose__pinned,relative_votes,loose,True,True,aqua_insult_expected,top10,0.12635875639145824,2556
relative_votes__loose__pinned,relative_votes,loose,True,True,aqua_justification_expected,top10,0.4157340991973449,2556
relative_votes__loose__pinned,relative_votes,loose,True,True,aqua_opinion_expected,top10,0.23178986234972335,2556
relative_votes__loose__pinned,relative_votes,loose,True,True,aqua_polite_address_expected,top10,-0.17219425969275404,2556
relative_votes__loose__pinned,relative_votes,loose,True,True,aqua_question_expected,top10,-0.3417073602248478,2556
relative_votes__loose__pinned,relative_votes,loose,True,True,aqua_referencing_contents_expected,top10,-0.21968470807299936,2556
relative_votes__loose__pinned,relative_votes,loose,True,True,aqua_referencing_format_expected,top10,0.06891188787716226,2556
relative_votes__loose__pinned,relative_votes,loose,True,True,aqua_referencing_medium_expected,top10,-0.08134455139345909,2556
relative_votes__loose__pinned,relative_votes,loose,True,True,aqua_referencing_personal_expected,top10,-0.08738699172329502,2556
relative_votes__loose__pinned,relative_votes,loose,True,True,aqua_referencing_users_expected,top10,-0.1796231186024666,2556
relative_votes__loose__pinned,relative_votes,loose,True,True,aqua_relevance_expected,top10,0.22501716394632798,2556
relative_votes__loose__pinned,relative_votes,loose,True,True,aqua_respect_expected,top10,-0.004794161943951243,2556
relative_votes__loose__pinned,relative_votes,loose,True,True,aqua_sarcasm_expected,top10,0.021837035547954096,2556
relative_votes__loose__pinned,relative_votes,loose,True,True,aqua_screaming_expected,top10,-0.4191343245792363,2556
relative_votes__loose__pinned,relative_votes,loose,True,True,aqua_solution_proposal_expected,top10,0.22823916416491946,2556
relative_votes__loose__pinned,relative_votes,loose,True,True,aqua_storytelling_expected,top10,0.1248805405194865,2556
relative_votes__loose__pinned,relative_votes,loose,True,True,aqua_vulgarity_expected,top10,0.16358882083166051,2556
relative_votes__loose__pinned,relative_votes,loose,True,True,article_similarity_top3,top10,0.3040748556358471,2556
relative_votes__loose__pinned,relative_votes,loose,True,True,author_prior_30d_downvote_reception,top10,0.05588739549716227,2556
relative_votes__loose__pinned,relative_votes,loose,True,True,author_prior_30d_upvote_reception,top10,0.23238209000132778,2556
relative_votes__loose__pinned,relative_votes,loose,True,True,discussion_pace,top10,0.09005511262099668,2556
relative_votes__loose__pinned,relative_votes,loose,True,True,is_reply,top10,-0.9175167618578528,2556
relative_votes__loose__pinned,relative_votes,loose,True,True,lexdiv_length_adjusted,top10,0.05256807533816352,2556
relative_votes__loose__pinned,relative_votes,loose,True,True,log_author_prior_30d_comments,top10,-0.03309601412400746,2556
relative_votes__loose__pinned,relative_votes,loose,True,True,log_author_prior_comments_story,top10,-0.8569729033281439,2556
relative_votes__loose__pinned,relative_votes,loose,True,True,log_hours_since_article,top10,-0.5739402326288544,2556
relative_votes__loose__pinned,relative_votes,loose,True,True,log_words,top10,0.33950466216115877,2556
relative_votes__loose__pinned,relative_votes,loose,True,True,novelty_prior_all_model,top10,0.024580146216598917,2556
relative_votes__loose__pinned,relative_votes,loose,True,True,prior_reply_composition,top10,-0.25560770262717675,2556
relative_votes__loose__pinned,relative_votes,loose,True,True,reading_level_length_adjusted,top10,0.005426662402246649,2556
relative_votes__loose__pinned,relative_votes,loose,True,True,reply_depth_centered,top10,-0.015136865728697409,2556
relative_votes__loose__pinned,relative_votes,loose,True,True,sentiment_negative,top10,0.05979805320601521,2556
relative_votes__loose__pinned,relative_votes,loose,True,True,sentiment_positive,top10,-0.21235287164152128,2556
relative_votes__loose__pinned,relative_votes,loose,True,True,toxicity_probability,top10,-0.339352816061664,2556
relative_votes__loose__pinned,relative_votes,loose,True,True,url_present,top10,-0.7563147927330773,2556
relative_votes__loose__pinned,relative_votes,loose,True,True,vienna_overnight,top10,-0.7446416877249108,2556
relative_votes__loose__pinned,relative_votes,loose,True,True,vienna_weekday_shoulder_evening,top10,-0.309905979117655,2556
relative_votes__loose__pinned,relative_votes,loose,True,True,vienna_weekend_day_evening,top10,-0.3835936433491766,2556
relative_votes__loose__unpinned,relative_votes,loose,False,True,aqua_additional_knowledge_expected,top10,0.12623851151998028,2556
relative_votes__loose__unpinned,relative_votes,loose,False,True,aqua_discrimination_expected,top10,0.16750445237972242,2556
relative_votes__loose__unpinned,relative_votes,loose,False,True,aqua_fact_expected,top10,0.2635556633926088,2556
relative_votes__loose__unpinned,relative_votes,loose,False,True,aqua_insult_expected,top10,0.1269654515037236,2556
relative_votes__loose__unpinned,relative_votes,loose,False,True,aqua_justification_expected,top10,0.36532331811422164,2556
relative_votes__loose__unpinned,relative_votes,loose,False,True,aqua_opinion_expected,top10,0.21767346643053237,2556
relative_votes__loose__unpinned,relative_votes,loose,False,True,aqua_polite_address_expected,top10,-0.21929286986883323,2556
relative_votes__loose__unpinned,relative_votes,loose,False,True,aqua_question_expected,top10,-0.3463820158755499,2556
relative_votes__loose__unpinned,relative_votes,loose,False,True,aqua_referencing_contents_expected,top10,-0.21282231639668187,2556
relative_votes__loose__unpinned,relative_votes,loose,False,True,aqua_referencing_format_expected,top10,0.04935659772718901,2556
relative_votes__loose__unpinned,relative_votes,loose,False,True,aqua_referencing_medium_expected,top10,-0.10143580755799805,2556
relative_votes__loose__unpinned,relative_votes,loose,False,True,aqua_referencing_personal_expected,top10,-0.09603184011914559,2556
relative_votes__loose__unpinned,relative_votes,loose,False,True,aqua_referencing_users_expected,top10,-0.18919365252994721,2556
relative_votes__loose__unpinned,relative_votes,loose,False,True,aqua_relevance_expected,top10,0.1962781415434622,2556
relative_votes__loose__unpinned,relative_votes,loose,False,True,aqua_respect_expected,top10,-0.012694188075476892,2556
relative_votes__loose__unpinned,relative_votes,loose,False,True,aqua_sarcasm_expected,top10,0.033921503481413345,2556
relative_votes__loose__unpinned,relative_votes,loose,False,True,aqua_screaming_expected,top10,-0.4266608890635299,2556
relative_votes__loose__unpinned,relative_votes,loose,False,True,aqua_solution_proposal_expected,top10,0.16997083891589673,2556
relative_votes__loose__unpinned,relative_votes,loose,False,True,aqua_storytelling_expected,top10,0.08172373402358421,2556
relative_votes__loose__unpinned,relative_votes,loose,False,True,aqua_vulgarity_expected,top10,0.15505604507081833,2556
relative_votes__loose__unpinned,relative_votes,loose,False,True,article_similarity_top3,top10,0.2681713673381519,2556
relative_votes__loose__unpinned,relative_votes,loose,False,True,author_prior_30d_downvote_reception,top10,0.04988408189687871,2556
relative_votes__loose__unpinned,relative_votes,loose,False,True,author_prior_30d_upvote_reception,top10,0.2534569709088886,2556
relative_votes__loose__unpinned,relative_votes,loose,False,True,discussion_pace,top10,-0.050164478718946,2556
relative_votes__loose__unpinned,relative_votes,loose,False,True,is_reply,top10,-0.8678756030879968,2556
relative_votes__loose__unpinned,relative_votes,loose,False,True,lexdiv_length_adjusted,top10,0.04488307915467373,2556
relative_votes__loose__unpinned,relative_votes,loose,False,True,log_author_prior_30d_comments,top10,-0.02776371067314995,2556
relative_votes__loose__unpinned,relative_votes,loose,False,True,log_author_prior_comments_story,top10,-0.8671082363121082,2556
relative_votes__loose__unpinned,relative_votes,loose,False,True,log_hours_since_article,top10,-0.6724436195536883,2556
relative_votes__loose__unpinned,relative_votes,loose,False,True,log_words,top10,0.2858699315550616,2556
relative_votes__loose__unpinned,relative_votes,loose,False,True,novelty_prior_all_model,top10,0.07167164716284528,2556
relative_votes__loose__unpinned,relative_votes,loose,False,True,prior_reply_composition,top10,-0.35008848569000617,2556
relative_votes__loose__unpinned,relative_votes,loose,False,True,reading_level_length_adjusted,top10,0.003998722374639814,2556
relative_votes__loose__unpinned,relative_votes,loose,False,True,reply_depth_centered,top10,-0.04292995371275752,2556
relative_votes__loose__unpinned,relative_votes,loose,False,True,sentiment_negative,top10,0.09678765119818954,2556
relative_votes__loose__unpinned,relative_votes,loose,False,True,sentiment_positive,top10,-0.23942382104312318,2556
relative_votes__loose__unpinned,relative_votes,loose,False,True,toxicity_probability,top10,-0.29308352294442325,2556
relative_votes__loose__unpinned,relative_votes,loose,False,True,url_present,top10,-0.8502334944025244,2556
relative_votes__loose__unpinned,relative_votes,loose,False,True,vienna_overnight,top10,-0.7100091022589947,2556
relative_votes__loose__unpinned,relative_votes,loose,False,True,vienna_weekday_shoulder_evening,top10,-0.3030779371244759,2556
relative_votes__loose__unpinned,relative_votes,loose,False,True,vienna_weekend_day_evening,top10,-0.3847864788206248,2556
relative_votes__trees__pinned,relative_votes,trees,True,True,aqua_additional_knowledge_expected,top10,0.14488362889179746,2556
relative_votes__trees__pinned,relative_votes,trees,True,True,aqua_discrimination_expected,top10,0.15360843740872118,2556
relative_votes__trees__pinned,relative_votes,trees,True,True,aqua_fact_expected,top10,0.2545850175164538,2556
relative_votes__trees__pinned,relative_votes,trees,True,True,aqua_insult_expected,top10,0.1063233441676232,2556
relative_votes__trees__pinned,relative_votes,trees,True,True,aqua_justification_expected,top10,0.35854533020095886,2556
relative_votes__trees__pinned,relative_votes,trees,True,True,aqua_opinion_expected,top10,0.21120588186647032,2556
relative_votes__trees__pinned,relative_votes,trees,True,True,aqua_polite_address_expected,top10,-0.18078005502011366,2556
relative_votes__trees__pinned,relative_votes,trees,True,True,aqua_question_expected,top10,-0.34804038902377066,2556
relative_votes__trees__pinned,relative_votes,trees,True,True,aqua_referencing_contents_expected,top10,-0.19190280654966135,2556
relative_votes__trees__pinned,relative_votes,trees,True,True,aqua_referencing_format_expected,top10,0.054709404243963755,2556
relative_votes__trees__pinned,relative_votes,trees,True,True,aqua_referencing_medium_expected,top10,-0.09894618039278369,2556
relative_votes__trees__pinned,relative_votes,trees,True,True,aqua_referencing_personal_expected,top10,-0.0960843875394231,2556
relative_votes__trees__pinned,relative_votes,trees,True,True,aqua_referencing_users_expected,top10,-0.1678391258465949,2556
relative_votes__trees__pinned,relative_votes,trees,True,True,aqua_relevance_expected,top10,0.20089216761351375,2556
relative_votes__trees__pinned,relative_votes,trees,True,True,aqua_respect_expected,top10,-0.0001463637139865282,2556
relative_votes__trees__pinned,relative_votes,trees,True,True,aqua_sarcasm_expected,top10,0.010848200860299695,2556
relative_votes__trees__pinned,relative_votes,trees,True,True,aqua_screaming_expected,top10,-0.4321714267374212,2556
relative_votes__trees__pinned,relative_votes,trees,True,True,aqua_solution_proposal_expected,top10,0.19554353031250055,2556
relative_votes__trees__pinned,relative_votes,trees,True,True,aqua_storytelling_expected,top10,0.09668910526852126,2556
relative_votes__trees__pinned,relative_votes,trees,True,True,aqua_vulgarity_expected,top10,0.1380827872358071,2556
relative_votes__trees__pinned,relative_votes,trees,True,True,article_similarity_top3,top10,0.25310848247996914,2556
relative_votes__trees__pinned,relative_votes,trees,True,True,author_prior_30d_downvote_reception,top10,0.04451889198235089,2556
relative_votes__trees__pinned,relative_votes,trees,True,True,author_prior_30d_upvote_reception,top10,0.20089833635700272,2556
relative_votes__trees__pinned,relative_votes,trees,True,True,discussion_pace,top10,0.11479621220265039,2556
relative_votes__trees__pinned,relative_votes,trees,True,True,is_reply,top10,-0.7626234959055886,2556
relative_votes__trees__pinned,relative_votes,trees,True,True,lexdiv_length_adjusted,top10,0.05040732194451848,2556
relative_votes__trees__pinned,relative_votes,trees,True,True,log_author_prior_30d_comments,top10,-0.02789071693785505,2556
relative_votes__trees__pinned,relative_votes,trees,True,True,log_author_prior_comments_story,top10,-0.755269972053285,2556
relative_votes__trees__pinned,relative_votes,trees,True,True,log_hours_since_article,top10,-0.5168614218293148,2556
relative_votes__trees__pinned,relative_votes,trees,True,True,log_words,top10,0.29292517604472657,2556
relative_votes__trees__pinned,relative_votes,trees,True,True,novelty_prior_all_model,top10,0.02780472392412616,2556
relative_votes__trees__pinned,relative_votes,trees,True,True,prior_reply_composition,top10,-0.21537820025667245,2556
relative_votes__trees__pinned,relative_votes,trees,True,True,reading_level_length_adjusted,top10,-0.0023214563644586594,2556
relative_votes__trees__pinned,relative_votes,trees,True,True,reply_depth_centered,top10,-0.061178953027100635,2556
relative_votes__trees__pinned,relative_votes,trees,True,True,sentiment_negative,top10,0.03249809401273305,2556
relative_votes__trees__pinned,relative_votes,trees,True,True,sentiment_positive,top10,-0.18463425796723856,2556
relative_votes__trees__pinned,relative_votes,trees,True,True,toxicity_probability,top10,-0.3795541118827632,2556
relative_votes__trees__pinned,relative_votes,trees,True,True,url_present,top10,-0.7486937256918028,2556
relative_votes__trees__pinned,relative_votes,trees,True,True,vienna_overnight,top10,-0.7456358484603314,2556
relative_votes__trees__pinned,relative_votes,trees,True,True,vienna_weekday_shoulder_evening,top10,-0.3049213052418556,2556
relative_votes__trees__pinned,relative_votes,trees,True,True,vienna_weekend_day_evening,top10,-0.38203311784697547,2556
relative_votes__trees__unpinned,relative_votes,trees,False,True,aqua_additional_knowledge_expected,top10,-0.02909037717614645,2556
relative_votes__trees__unpinned,relative_votes,trees,False,True,aqua_discrimination_expected,top10,0.08103175483050423,2556
relative_votes__trees__unpinned,relative_votes,trees,False,True,aqua_fact_expected,top10,0.10963914764447731,2556
relative_votes__trees__unpinned,relative_votes,trees,False,True,aqua_insult_expected,top10,0.0510620729559032,2556
relative_votes__trees__unpinned,relative_votes,trees,False,True,aqua_justification_expected,top10,0.14836791762442808,2556
relative_votes__trees__unpinned,relative_votes,trees,False,True,aqua_opinion_expected,top10,0.11865945574028122,2556
relative_votes__trees__unpinned,relative_votes,trees,False,True,aqua_polite_address_expected,top10,-0.3075740349623725,2556
relative_votes__trees__unpinned,relative_votes,trees,False,True,aqua_question_expected,top10,-0.34045402462181157,2556
relative_votes__trees__unpinned,relative_votes,trees,False,True,aqua_referencing_contents_expected,top10,-0.10908844872789482,2556
relative_votes__trees__unpinned,relative_votes,trees,False,True,aqua_referencing_format_expected,top10,-0.030753924653772555,2556
relative_votes__trees__unpinned,relative_votes,trees,False,True,aqua_referencing_medium_expected,top10,-0.1756683264853569,2556
relative_votes__trees__unpinned,relative_votes,trees,False,True,aqua_referencing_personal_expected,top10,-0.1358027127653492,2556
relative_votes__trees__unpinned,relative_votes,trees,False,True,aqua_referencing_users_expected,top10,-0.15435469555700926,2556
relative_votes__trees__unpinned,relative_votes,trees,False,True,aqua_relevance_expected,top10,0.117512096554386,2556
relative_votes__trees__unpinned,relative_votes,trees,False,True,aqua_respect_expected,top10,-0.03360632988104562,2556
relative_votes__trees__unpinned,relative_votes,trees,False,True,aqua_sarcasm_expected,top10,0.003174413787290475,2556
relative_votes__trees__unpinned,relative_votes,trees,False,True,aqua_screaming_expected,top10,-0.5026539479405703,2556
relative_votes__trees__unpinned,relative_votes,trees,False,True,aqua_solution_proposal_expected,top10,0.021101504621019115,2556
relative_votes__trees__unpinned,relative_votes,trees,False,True,aqua_storytelling_expected,top10,-0.07721846834400521,2556
relative_votes__trees__unpinned,relative_votes,trees,False,True,aqua_vulgarity_expected,top10,0.03668792345369077,2556
relative_votes__trees__unpinned,relative_votes,trees,False,True,article_similarity_top3,top10,0.06686839494166676,2556
relative_votes__trees__unpinned,relative_votes,trees,False,True,author_prior_30d_downvote_reception,top10,0.007812759384913767,2556
relative_votes__trees__unpinned,relative_votes,trees,False,True,author_prior_30d_upvote_reception,top10,0.08288706848925505,2556
relative_votes__trees__unpinned,relative_votes,trees,False,True,discussion_pace,top10,0.00982626584216023,2556
relative_votes__trees__unpinned,relative_votes,trees,False,True,is_reply,top10,0.024836385381729664,2556
relative_votes__trees__unpinned,relative_votes,trees,False,True,lexdiv_length_adjusted,top10,0.024989589795023144,2556
relative_votes__trees__unpinned,relative_votes,trees,False,True,log_author_prior_30d_comments,top10,-0.019562858585017568,2556
relative_votes__trees__unpinned,relative_votes,trees,False,True,log_author_prior_comments_story,top10,-0.5470532119770501,2556
relative_votes__trees__unpinned,relative_votes,trees,False,True,log_hours_since_article,top10,-0.14958936560807742,2556
relative_votes__trees__unpinned,relative_votes,trees,False,True,log_words,top10,0.10553634251003821,2556
relative_votes__trees__unpinned,relative_votes,trees,False,True,novelty_prior_all_model,top10,0.014700084090034895,2556
relative_votes__trees__unpinned,relative_votes,trees,False,True,prior_reply_composition,top10,0.007442912630740824,2556
relative_votes__trees__unpinned,relative_votes,trees,False,True,reading_level_length_adjusted,top10,-0.023689793628134767,2556
relative_votes__trees__unpinned,relative_votes,trees,False,True,reply_depth_centered,top10,-0.3355251204351243,2556
relative_votes__trees__unpinned,relative_votes,trees,False,True,sentiment_negative,top10,0.015574384064993164,2556
relative_votes__trees__unpinned,relative_votes,trees,False,True,sentiment_positive,top10,-0.2022133512701362,2556
relative_votes__trees__unpinned,relative_votes,trees,False,True,toxicity_probability,top10,-0.4305040227156498,2556
relative_votes__trees__unpinned,relative_votes,trees,False,True,url_present,top10,-0.831139240280866,2556
relative_votes__trees__unpinned,relative_votes,trees,False,True,vienna_overnight,top10,-0.6620345340317996,2556
relative_votes__trees__unpinned,relative_votes,trees,False,True,vienna_weekday_shoulder_evening,top10,-0.27662454274458054,2556
relative_votes__trees__unpinned,relative_votes,trees,False,True,vienna_weekend_day_evening,top10,-0.3602778371240431,2556
reverse_chronological__hidden__pinned,reverse_chronological,hidden,True,True,aqua_additional_knowledge_expected,top10,0.1875397451622146,2556
reverse_chronological__hidden__pinned,reverse_chronological,hidden,True,True,aqua_discrimination_expected,top10,0.16623483287086738,2556
reverse_chronological__hidden__pinned,reverse_chronological,hidden,True,True,aqua_fact_expected,top10,0.29544484967904483,2556
reverse_chronological__hidden__pinned,reverse_chronological,hidden,True,True,aqua_insult_expected,top10,0.11582010676340955,2556
reverse_chronological__hidden__pinned,reverse_chronological,hidden,True,True,aqua_justification_expected,top10,0.40006892894140766,2556
reverse_chronological__hidden__pinned,reverse_chronological,hidden,True,True,aqua_opinion_expected,top10,0.21587123683266174,2556
reverse_chronological__hidden__pinned,reverse_chronological,hidden,True,True,aqua_polite_address_expected,top10,-0.16998858257190275,2556
reverse_chronological__hidden__pinned,reverse_chronological,hidden,True,True,aqua_question_expected,top10,-0.3140741090166433,2556
reverse_chronological__hidden__pinned,reverse_chronological,hidden,True,True,aqua_referencing_contents_expected,top10,-0.2182097419603251,2556
reverse_chronological__hidden__pinned,reverse_chronological,hidden,True,True,aqua_referencing_format_expected,top10,0.07357463584957429,2556
reverse_chronological__hidden__pinned,reverse_chronological,hidden,True,True,aqua_referencing_medium_expected,top10,-0.0788735411218456,2556
reverse_chronological__hidden__pinned,reverse_chronological,hidden,True,True,aqua_referencing_personal_expected,top10,-0.07881774361400344,2556
reverse_chronological__hidden__pinned,reverse_chronological,hidden,True,True,aqua_referencing_users_expected,top10,-0.17968308482872133,2556
reverse_chronological__hidden__pinned,reverse_chronological,hidden,True,True,aqua_relevance_expected,top10,0.22055830878329918,2556
reverse_chronological__hidden__pinned,reverse_chronological,hidden,True,True,aqua_respect_expected,top10,-0.010722248427969757,2556
reverse_chronological__hidden__pinned,reverse_chronological,hidden,True,True,aqua_sarcasm_expected,top10,0.021938820919391207,2556
reverse_chronological__hidden__pinned,reverse_chronological,hidden,True,True,aqua_screaming_expected,top10,-0.4091219556180757,2556
reverse_chronological__hidden__pinned,reverse_chronological,hidden,True,True,aqua_solution_proposal_expected,top10,0.22928464886485897,2556
reverse_chronological__hidden__pinned,reverse_chronological,hidden,True,True,aqua_storytelling_expected,top10,0.12296071174766894,2556
reverse_chronological__hidden__pinned,reverse_chronological,hidden,True,True,aqua_vulgarity_expected,top10,0.16300434084116122,2556
reverse_chronological__hidden__pinned,reverse_chronological,hidden,True,True,article_similarity_top3,top10,0.30569391817423547,2556
reverse_chronological__hidden__pinned,reverse_chronological,hidden,True,True,author_prior_30d_downvote_reception,top10,0.054164550197798984,2556
reverse_chronological__hidden__pinned,reverse_chronological,hidden,True,True,author_prior_30d_upvote_reception,top10,0.13925981318026792,2556
reverse_chronological__hidden__pinned,reverse_chronological,hidden,True,True,discussion_pace,top10,-0.049799212335114175,2556
reverse_chronological__hidden__pinned,reverse_chronological,hidden,True,True,is_reply,top10,-0.9770581889758887,2556
reverse_chronological__hidden__pinned,reverse_chronological,hidden,True,True,lexdiv_length_adjusted,top10,0.058861377581051144,2556
reverse_chronological__hidden__pinned,reverse_chronological,hidden,True,True,log_author_prior_30d_comments,top10,-0.07786427961921252,2556
reverse_chronological__hidden__pinned,reverse_chronological,hidden,True,True,log_author_prior_comments_story,top10,-0.8120236395152864,2556
reverse_chronological__hidden__pinned,reverse_chronological,hidden,True,True,log_hours_since_article,top10,-0.09955780570092568,2556
reverse_chronological__hidden__pinned,reverse_chronological,hidden,True,True,log_words,top10,0.3370835729452063,2556
reverse_chronological__hidden__pinned,reverse_chronological,hidden,True,True,novelty_prior_all_model,top10,-0.049873554650504415,2556
reverse_chronological__hidden__pinned,reverse_chronological,hidden,True,True,prior_reply_composition,top10,-0.014604876368245773,2556
reverse_chronological__hidden__pinned,reverse_chronological,hidden,True,True,reading_level_length_adjusted,top10,0.00030015128545399195,2556
reverse_chronological__hidden__pinned,reverse_chronological,hidden,True,True,reply_depth_centered,top10,0.035854060596512284,2556
reverse_chronological__hidden__pinned,reverse_chronological,hidden,True,True,sentiment_negative,top10,0.038204718162115736,2556
reverse_chronological__hidden__pinned,reverse_chronological,hidden,True,True,sentiment_positive,top10,-0.20181782371395504,2556
reverse_chronological__hidden__pinned,reverse_chronological,hidden,True,True,toxicity_probability,top10,-0.3768003317099759,2556
reverse_chronological__hidden__pinned,reverse_chronological,hidden,True,True,url_present,top10,-0.6939297223620119,2556
reverse_chronological__hidden__pinned,reverse_chronological,hidden,True,True,vienna_overnight,top10,-0.678098684911692,2556
reverse_chronological__hidden__pinned,reverse_chronological,hidden,True,True,vienna_weekday_shoulder_evening,top10,-0.23980570589005476,2556
reverse_chronological__hidden__pinned,reverse_chronological,hidden,True,True,vienna_weekend_day_evening,top10,-0.2859677136137683,2556
reverse_chronological__hidden__unpinned,reverse_chronological,hidden,False,True,aqua_additional_knowledge_expected,top10,0.09211127768958387,2556
reverse_chronological__hidden__unpinned,reverse_chronological,hidden,False,True,aqua_discrimination_expected,top10,0.08561148105923347,2556
reverse_chronological__hidden__unpinned,reverse_chronological,hidden,False,True,aqua_fact_expected,top10,0.18823621027588672,2556
reverse_chronological__hidden__unpinned,reverse_chronological,hidden,False,True,aqua_insult_expected,top10,0.08932992910544231,2556
reverse_chronological__hidden__unpinned,reverse_chronological,hidden,False,True,aqua_justification_expected,top10,0.20279116054698548,2556
reverse_chronological__hidden__unpinned,reverse_chronological,hidden,False,True,aqua_opinion_expected,top10,0.08969414016232656,2556
reverse_chronological__hidden__unpinned,reverse_chronological,hidden,False,True,aqua_polite_address_expected,top10,-0.2660342627252941,2556
reverse_chronological__hidden__unpinned,reverse_chronological,hidden,False,True,aqua_question_expected,top10,-0.2230423852351673,2556
reverse_chronological__hidden__unpinned,reverse_chronological,hidden,False,True,aqua_referencing_contents_expected,top10,-0.19918867590360917,2556
reverse_chronological__hidden__unpinned,reverse_chronological,hidden,False,True,aqua_referencing_format_expected,top10,0.04582868479810295,2556
reverse_chronological__hidden__unpinned,reverse_chronological,hidden,False,True,aqua_referencing_medium_expected,top10,-0.11130559247997895,2556
reverse_chronological__hidden__unpinned,reverse_chronological,hidden,False,True,aqua_referencing_personal_expected,top10,-0.07056269616661,2556
reverse_chronological__hidden__unpinned,reverse_chronological,hidden,False,True,aqua_referencing_users_expected,top10,-0.18325348809115535,2556
reverse_chronological__hidden__unpinned,reverse_chronological,hidden,False,True,aqua_relevance_expected,top10,0.10431227242529087,2556
reverse_chronological__hidden__unpinned,reverse_chronological,hidden,False,True,aqua_respect_expected,top10,-0.06877073764416301,2556
reverse_chronological__hidden__unpinned,reverse_chronological,hidden,False,True,aqua_sarcasm_expected,top10,0.05670494412654259,2556
reverse_chronological__hidden__unpinned,reverse_chronological,hidden,False,True,aqua_screaming_expected,top10,-0.41094601131248865,2556
reverse_chronological__hidden__unpinned,reverse_chronological,hidden,False,True,aqua_solution_proposal_expected,top10,0.07994515028891724,2556
reverse_chronological__hidden__unpinned,reverse_chronological,hidden,False,True,aqua_storytelling_expected,top10,-0.013820553068697736,2556
reverse_chronological__hidden__unpinned,reverse_chronological,hidden,False,True,aqua_vulgarity_expected,top10,0.13366719425126833,2556
reverse_chronological__hidden__unpinned,reverse_chronological,hidden,False,True,article_similarity_top3,top10,0.18741559218785936,2556
reverse_chronological__hidden__unpinned,reverse_chronological,hidden,False,True,author_prior_30d_downvote_reception,top10,0.050393924163614566,2556
reverse_chronological__hidden__unpinned,reverse_chronological,hidden,False,True,author_prior_30d_upvote_reception,top10,-0.03859690003934733,2556
reverse_chronological__hidden__unpinned,reverse_chronological,hidden,False,True,discussion_pace,top10,-0.3757652844127061,2556
reverse_chronological__hidden__unpinned,reverse_chronological,hidden,False,True,is_reply,top10,-0.9071868721588219,2556
reverse_chronological__hidden__unpinned,reverse_chronological,hidden,False,True,lexdiv_length_adjusted,top10,0.0477396965624137,2556
reverse_chronological__hidden__unpinned,reverse_chronological,hidden,False,True,log_author_prior_30d_comments,top10,-0.15235938250551992,2556
reverse_chronological__hidden__unpinned,reverse_chronological,hidden,False,True,log_author_prior_comments_story,top10,-0.6821108891681223,2556
reverse_chronological__hidden__unpinned,reverse_chronological,hidden,False,True,log_hours_since_article,top10,0.6299558776124025,2556
reverse_chronological__hidden__unpinned,reverse_chronological,hidden,False,True,log_words,top10,0.18651724003972509,2556
reverse_chronological__hidden__unpinned,reverse_chronological,hidden,False,True,novelty_prior_all_model,top10,-0.12859961811008624,2556
reverse_chronological__hidden__unpinned,reverse_chronological,hidden,False,True,prior_reply_composition,top10,0.8480832064626118,2556
reverse_chronological__hidden__unpinned,reverse_chronological,hidden,False,True,reading_level_length_adjusted,top10,0.002746012845512439,2556
reverse_chronological__hidden__unpinned,reverse_chronological,hidden,False,True,reply_depth_centered,top10,0.045944395309641395,2556
reverse_chronological__hidden__unpinned,reverse_chronological,hidden,False,True,sentiment_negative,top10,0.04563579976353729,2556
reverse_chronological__hidden__unpinned,reverse_chronological,hidden,False,True,sentiment_positive,top10,-0.24393961928099445,2556
reverse_chronological__hidden__unpinned,reverse_chronological,hidden,False,True,toxicity_probability,top10,-0.33318765549788454,2556
reverse_chronological__hidden__unpinned,reverse_chronological,hidden,False,True,url_present,top10,-0.7067785740761501,2556
reverse_chronological__hidden__unpinned,reverse_chronological,hidden,False,True,vienna_overnight,top10,-0.5892092725633866,2556
reverse_chronological__hidden__unpinned,reverse_chronological,hidden,False,True,vienna_weekday_shoulder_evening,top10,-0.21715118289730484,2556
reverse_chronological__hidden__unpinned,reverse_chronological,hidden,False,True,vienna_weekend_day_evening,top10,-0.22815241095467226,2556
reverse_chronological__loose__pinned,reverse_chronological,loose,True,True,aqua_additional_knowledge_expected,top10,0.14993998006139747,2556
reverse_chronological__loose__pinned,reverse_chronological,loose,True,True,aqua_discrimination_expected,top10,0.15006165216585562,2556
reverse_chronological__loose__pinned,reverse_chronological,loose,True,True,aqua_fact_expected,top10,0.24977712517409897,2556
reverse_chronological__loose__pinned,reverse_chronological,loose,True,True,aqua_insult_expected,top10,0.09697034182724458,2556
reverse_chronological__loose__pinned,reverse_chronological,loose,True,True,aqua_justification_expected,top10,0.35679265829044693,2556
reverse_chronological__loose__pinned,reverse_chronological,loose,True,True,aqua_opinion_expected,top10,0.2093270318176285,2556
reverse_chronological__loose__pinned,reverse_chronological,loose,True,True,aqua_polite_address_expected,top10,-0.17814226148814705,2556
reverse_chronological__loose__pinned,reverse_chronological,loose,True,True,aqua_question_expected,top10,-0.3369041006083687,2556
reverse_chronological__loose__pinned,reverse_chronological,loose,True,True,aqua_referencing_contents_expected,top10,-0.1599233361103656,2556
reverse_chronological__loose__pinned,reverse_chronological,loose,True,True,aqua_referencing_format_expected,top10,0.05518780283326491,2556
reverse_chronological__loose__pinned,reverse_chronological,loose,True,True,aqua_referencing_medium_expected,top10,-0.09324267892753083,2556
reverse_chronological__loose__pinned,reverse_chronological,loose,True,True,aqua_referencing_personal_expected,top10,-0.08547141556381661,2556
reverse_chronological__loose__pinned,reverse_chronological,loose,True,True,aqua_referencing_users_expected,top10,-0.14026546154037148,2556
reverse_chronological__loose__pinned,reverse_chronological,loose,True,True,aqua_relevance_expected,top10,0.19887857344269919,2556
reverse_chronological__loose__pinned,reverse_chronological,loose,True,True,aqua_respect_expected,top10,-0.0018481442111893975,2556
reverse_chronological__loose__pinned,reverse_chronological,loose,True,True,aqua_sarcasm_expected,top10,0.0018183469673506906,2556
reverse_chronological__loose__pinned,reverse_chronological,loose,True,True,aqua_screaming_expected,top10,-0.43509334698417484,2556
reverse_chronological__loose__pinned,reverse_chronological,loose,True,True,aqua_solution_proposal_expected,top10,0.2010182776888326,2556
reverse_chronological__loose__pinned,reverse_chronological,loose,True,True,aqua_storytelling_expected,top10,0.10641635074700913,2556
reverse_chronological__loose__pinned,reverse_chronological,loose,True,True,aqua_vulgarity_expected,top10,0.12678776058726302,2556
reverse_chronological__loose__pinned,reverse_chronological,loose,True,True,article_similarity_top3,top10,0.22877521388575842,2556
reverse_chronological__loose__pinned,reverse_chronological,loose,True,True,author_prior_30d_downvote_reception,top10,0.024568203691722607,2556
reverse_chronological__loose__pinned,reverse_chronological,loose,True,True,author_prior_30d_upvote_reception,top10,0.09802928171227927,2556
reverse_chronological__loose__pinned,reverse_chronological,loose,True,True,discussion_pace,top10,-0.15967605781870808,2556
reverse_chronological__loose__pinned,reverse_chronological,loose,True,True,is_reply,top10,-0.6360881581529831,2556
reverse_chronological__loose__pinned,reverse_chronological,loose,True,True,lexdiv_length_adjusted,top10,0.049646247765675944,2556
reverse_chronological__loose__pinned,reverse_chronological,loose,True,True,log_author_prior_30d_comments,top10,-0.06549798293628206,2556
reverse_chronological__loose__pinned,reverse_chronological,loose,True,True,log_author_prior_comments_story,top10,-0.5182964404144287,2556
reverse_chronological__loose__pinned,reverse_chronological,loose,True,True,log_hours_since_article,top10,0.0015629948008289913,2556
reverse_chronological__loose__pinned,reverse_chronological,loose,True,True,log_words,top10,0.2961003352734901,2556
reverse_chronological__loose__pinned,reverse_chronological,loose,True,True,novelty_prior_all_model,top10,-0.04156034772651465,2556
reverse_chronological__loose__pinned,reverse_chronological,loose,True,True,prior_reply_composition,top10,0.0016871262728921112,2556
reverse_chronological__loose__pinned,reverse_chronological,loose,True,True,reading_level_length_adjusted,top10,-0.012000029462803423,2556
reverse_chronological__loose__pinned,reverse_chronological,loose,True,True,reply_depth_centered,top10,0.057945852944560235,2556
reverse_chronological__loose__pinned,reverse_chronological,loose,True,True,sentiment_negative,top10,0.01518690163472243,2556
reverse_chronological__loose__pinned,reverse_chronological,loose,True,True,sentiment_positive,top10,-0.18807642696746835,2556
reverse_chronological__loose__pinned,reverse_chronological,loose,True,True,toxicity_probability,top10,-0.40657271609976803,2556
reverse_chronological__loose__pinned,reverse_chronological,loose,True,True,url_present,top10,-0.713235854625866,2556
reverse_chronological__loose__pinned,reverse_chronological,loose,True,True,vienna_overnight,top10,-0.6911236035149908,2556
reverse_chronological__loose__pinned,reverse_chronological,loose,True,True,vienna_weekday_shoulder_evening,top10,-0.23213528993699012,2556
reverse_chronological__loose__pinned,reverse_chronological,loose,True,True,vienna_weekend_day_evening,top10,-0.22450095125970804,2556
reverse_chronological__loose__unpinned,reverse_chronological,loose,False,True,aqua_additional_knowledge_expected,top10,-0.06418607550758815,2556
reverse_chronological__loose__unpinned,reverse_chronological,loose,False,True,aqua_discrimination_expected,top10,0.033767859876891015,2556
reverse_chronological__loose__unpinned,reverse_chronological,loose,False,True,aqua_fact_expected,top10,0.04706201778512418,2556
reverse_chronological__loose__unpinned,reverse_chronological,loose,False,True,aqua_insult_expected,top10,0.025983473703483768,2556
reverse_chronological__loose__unpinned,reverse_chronological,loose,False,True,aqua_justification_expected,top10,0.06015535919149863,2556
reverse_chronological__loose__unpinned,reverse_chronological,loose,False,True,aqua_opinion_expected,top10,0.06554707168825455,2556
reverse_chronological__loose__unpinned,reverse_chronological,loose,False,True,aqua_polite_address_expected,top10,-0.31634479305976737,2556
reverse_chronological__loose__unpinned,reverse_chronological,loose,False,True,aqua_question_expected,top10,-0.2703071509940986,2556
reverse_chronological__loose__unpinned,reverse_chronological,loose,False,True,aqua_referencing_contents_expected,top10,-0.011155023014125477,2556
reverse_chronological__loose__unpinned,reverse_chronological,loose,False,True,aqua_referencing_format_expected,top10,-0.021000870176089176,2556
reverse_chronological__loose__unpinned,reverse_chronological,loose,False,True,aqua_referencing_medium_expected,top10,-0.16423878881702253,2556
reverse_chronological__loose__unpinned,reverse_chronological,loose,False,True,aqua_referencing_personal_expected,top10,-0.09698653420316758,2556
reverse_chronological__loose__unpinned,reverse_chronological,loose,False,True,aqua_referencing_users_expected,top10,-0.06111581467222049,2556
reverse_chronological__loose__unpinned,reverse_chronological,loose,False,True,aqua_relevance_expected,top10,0.040636413252292884,2556
reverse_chronological__loose__unpinned,reverse_chronological,loose,False,True,aqua_respect_expected,top10,-0.05471936358078166,2556
reverse_chronological__loose__unpinned,reverse_chronological,loose,False,True,aqua_sarcasm_expected,top10,0.0029858229513119805,2556
reverse_chronological__loose__unpinned,reverse_chronological,loose,False,True,aqua_screaming_expected,top10,-0.4749609416404731,2556
reverse_chronological__loose__unpinned,reverse_chronological,loose,False,True,aqua_solution_proposal_expected,top10,-0.033761917695308785,2556
reverse_chronological__loose__unpinned,reverse_chronological,loose,False,True,aqua_storytelling_expected,top10,-0.1041741848630031,2556
reverse_chronological__loose__unpinned,reverse_chronological,loose,False,True,aqua_vulgarity_expected,top10,0.008517271939450713,2556
reverse_chronological__loose__unpinned,reverse_chronological,loose,False,True,article_similarity_top3,top10,-0.07254801968258269,2556
reverse_chronological__loose__unpinned,reverse_chronological,loose,False,True,author_prior_30d_downvote_reception,top10,-0.042772735883564644,2556
reverse_chronological__loose__unpinned,reverse_chronological,loose,False,True,author_prior_30d_upvote_reception,top10,-0.17118163470012776,2556
reverse_chronological__loose__unpinned,reverse_chronological,loose,False,True,discussion_pace,top10,-0.775370352449029,2556
reverse_chronological__loose__unpinned,reverse_chronological,loose,False,True,is_reply,top10,0.5229234375640981,2556
reverse_chronological__loose__unpinned,reverse_chronological,loose,False,True,lexdiv_length_adjusted,top10,0.017963248512386037,2556
reverse_chronological__loose__unpinned,reverse_chronological,loose,False,True,log_author_prior_30d_comments,top10,-0.11093742971760247,2556
reverse_chronological__loose__unpinned,reverse_chronological,loose,False,True,log_author_prior_comments_story,top10,0.07265554575714085,2556
reverse_chronological__loose__unpinned,reverse_chronological,loose,False,True,log_hours_since_article,top10,1.0,2556
reverse_chronological__loose__unpinned,reverse_chronological,loose,False,True,log_words,top10,0.05470210227565913,2556
reverse_chronological__loose__unpinned,reverse_chronological,loose,False,True,novelty_prior_all_model,top10,-0.0953021274039838,2556
reverse_chronological__loose__unpinned,reverse_chronological,loose,False,True,prior_reply_composition,top10,0.9525657095466704,2556
reverse_chronological__loose__unpinned,reverse_chronological,loose,False,True,reading_level_length_adjusted,top10,-0.03968614544439766,2556
reverse_chronological__loose__unpinned,reverse_chronological,loose,False,True,reply_depth_centered,top10,0.16018470369023552,2556
reverse_chronological__loose__unpinned,reverse_chronological,loose,False,True,sentiment_negative,top10,-0.0237482798155917,2556
reverse_chronological__loose__unpinned,reverse_chronological,loose,False,True,sentiment_positive,top10,-0.22267898239596703,2556
reverse_chronological__loose__unpinned,reverse_chronological,loose,False,True,toxicity_probability,top10,-0.43378247260279246,2556
reverse_chronological__loose__unpinned,reverse_chronological,loose,False,True,url_present,top10,-0.7578266100760481,2556
reverse_chronological__loose__unpinned,reverse_chronological,loose,False,True,vienna_overnight,top10,-0.5988905845149072,2556
reverse_chronological__loose__unpinned,reverse_chronological,loose,False,True,vienna_weekday_shoulder_evening,top10,-0.20742425656684085,2556
reverse_chronological__loose__unpinned,reverse_chronological,loose,False,True,vienna_weekend_day_evening,top10,-0.07166695919808388,2556
reverse_chronological__trees__pinned,reverse_chronological,trees,True,True,aqua_additional_knowledge_expected,top10,0.17880500910292665,2556
reverse_chronological__trees__pinned,reverse_chronological,trees,True,True,aqua_discrimination_expected,top10,0.16109046491189097,2556
reverse_chronological__trees__pinned,reverse_chronological,trees,True,True,aqua_fact_expected,top10,0.28540500065868735,2556
reverse_chronological__trees__pinned,reverse_chronological,trees,True,True,aqua_insult_expected,top10,0.11039001375833749,2556
reverse_chronological__trees__pinned,reverse_chronological,trees,True,True,aqua_justification_expected,top10,0.3883250852927064,2556
reverse_chronological__trees__pinned,reverse_chronological,trees,True,True,aqua_opinion_expected,top10,0.21054107877281122,2556
reverse_chronological__trees__pinned,reverse_chronological,trees,True,True,aqua_polite_address_expected,top10,-0.17499736795658305,2556
reverse_chronological__trees__pinned,reverse_chronological,trees,True,True,aqua_question_expected,top10,-0.31446117749999125,2556
reverse_chronological__trees__pinned,reverse_chronological,trees,True,True,aqua_referencing_contents_expected,top10,-0.20764036917336776,2556
reverse_chronological__trees__pinned,reverse_chronological,trees,True,True,aqua_referencing_format_expected,top10,0.06909972346169081,2556
reverse_chronological__trees__pinned,reverse_chronological,trees,True,True,aqua_referencing_medium_expected,top10,-0.08439749549105684,2556
reverse_chronological__trees__pinned,reverse_chronological,trees,True,True,aqua_referencing_personal_expected,top10,-0.08139730063180868,2556
reverse_chronological__trees__pinned,reverse_chronological,trees,True,True,aqua_referencing_users_expected,top10,-0.1735060955443352,2556
reverse_chronological__trees__pinned,reverse_chronological,trees,True,True,aqua_relevance_expected,top10,0.21558723502163354,2556
reverse_chronological__trees__pinned,reverse_chronological,trees,True,True,aqua_respect_expected,top10,-0.011011611863902936,2556
reverse_chronological__trees__pinned,reverse_chronological,trees,True,True,aqua_sarcasm_expected,top10,0.017857556361745262,2556
reverse_chronological__trees__pinned,reverse_chronological,trees,True,True,aqua_screaming_expected,top10,-0.4183746826628445,2556
reverse_chronological__trees__pinned,reverse_chronological,trees,True,True,aqua_solution_proposal_expected,top10,0.22140603848060478,2556
reverse_chronological__trees__pinned,reverse_chronological,trees,True,True,aqua_storytelling_expected,top10,0.11456964339005068,2556
reverse_chronological__trees__pinned,reverse_chronological,trees,True,True,aqua_vulgarity_expected,top10,0.15473381797634242,2556
reverse_chronological__trees__pinned,reverse_chronological,trees,True,True,article_similarity_top3,top10,0.29273452464867944,2556
reverse_chronological__trees__pinned,reverse_chronological,trees,True,True,author_prior_30d_downvote_reception,top10,0.04849056934099775,2556
reverse_chronological__trees__pinned,reverse_chronological,trees,True,True,author_prior_30d_upvote_reception,top10,0.12990486497869,2556
reverse_chronological__trees__pinned,reverse_chronological,trees,True,True,discussion_pace,top10,-0.07184032360422374,2556
reverse_chronological__trees__pinned,reverse_chronological,trees,True,True,is_reply,top10,-0.9129185691634669,2556
reverse_chronological__trees__pinned,reverse_chronological,trees,True,True,lexdiv_length_adjusted,top10,0.0571203956504587,2556
reverse_chronological__trees__pinned,reverse_chronological,trees,True,True,log_author_prior_30d_comments,top10,-0.0772974419542738,2556
reverse_chronological__trees__pinned,reverse_chronological,trees,True,True,log_author_prior_comments_story,top10,-0.7785976401839174,2556
reverse_chronological__trees__pinned,reverse_chronological,trees,True,True,log_hours_since_article,top10,-0.07818772067769782,2556
reverse_chronological__trees__pinned,reverse_chronological,trees,True,True,log_words,top10,0.32586867798494884,2556
reverse_chronological__trees__pinned,reverse_chronological,trees,True,True,novelty_prior_all_model,top10,-0.04740713800196298,2556
reverse_chronological__trees__pinned,reverse_chronological,trees,True,True,prior_reply_composition,top10,-0.008308023390394485,2556
reverse_chronological__trees__pinned,reverse_chronological,trees,True,True,reading_level_length_adjusted,top10,-0.0011898649563789388,2556
reverse_chronological__trees__pinned,reverse_chronological,trees,True,True,reply_depth_centered,top10,0.007153589209370582,2556
reverse_chronological__trees__pinned,reverse_chronological,trees,True,True,sentiment_negative,top10,0.033297319392341276,2556
reverse_chronological__trees__pinned,reverse_chronological,trees,True,True,sentiment_positive,top10,-0.1993782215226306,2556
reverse_chronological__trees__pinned,reverse_chronological,trees,True,True,toxicity_probability,top10,-0.3851572211386397,2556
reverse_chronological__trees__pinned,reverse_chronological,trees,True,True,url_present,top10,-0.696969025759921,2556
reverse_chronological__trees__pinned,reverse_chronological,trees,True,True,vienna_overnight,top10,-0.6783856977083328,2556
reverse_chronological__trees__pinned,reverse_chronological,trees,True,True,vienna_weekday_shoulder_evening,top10,-0.2387921934830485,2556
reverse_chronological__trees__pinned,reverse_chronological,trees,True,True,vienna_weekend_day_evening,top10,-0.2733133967998453,2556
reverse_chronological__trees__unpinned,reverse_chronological,trees,False,True,aqua_additional_knowledge_expected,top10,0.06029794065235557,2556
reverse_chronological__trees__unpinned,reverse_chronological,trees,False,True,aqua_discrimination_expected,top10,0.06947364803886447,2556
reverse_chronological__trees__unpinned,reverse_chronological,trees,False,True,aqua_fact_expected,top10,0.15764137179366253,2556
reverse_chronological__trees__unpinned,reverse_chronological,trees,False,True,aqua_insult_expected,top10,0.07282411625145808,2556
reverse_chronological__trees__unpinned,reverse_chronological,trees,False,True,aqua_justification_expected,top10,0.16427538843618933,2556
reverse_chronological__trees__unpinned,reverse_chronological,trees,False,True,aqua_opinion_expected,top10,0.07167998086491388,2556
reverse_chronological__trees__unpinned,reverse_chronological,trees,False,True,aqua_polite_address_expected,top10,-0.28687396639202717,2556
reverse_chronological__trees__unpinned,reverse_chronological,trees,False,True,aqua_question_expected,top10,-0.22348683424604093,2556
reverse_chronological__trees__unpinned,reverse_chronological,trees,False,True,aqua_referencing_contents_expected,top10,-0.16422734602714803,2556
reverse_chronological__trees__unpinned,reverse_chronological,trees,False,True,aqua_referencing_format_expected,top10,0.030933308135182365,2556
reverse_chronological__trees__unpinned,reverse_chronological,trees,False,True,aqua_referencing_medium_expected,top10,-0.12869054635385288,2556
reverse_chronological__trees__unpinned,reverse_chronological,trees,False,True,aqua_referencing_personal_expected,top10,-0.07800690333143219,2556
reverse_chronological__trees__unpinned,reverse_chronological,trees,False,True,aqua_referencing_users_expected,top10,-0.16387557046501094,2556
reverse_chronological__trees__unpinned,reverse_chronological,trees,False,True,aqua_relevance_expected,top10,0.08845799134417583,2556
reverse_chronological__trees__unpinned,reverse_chronological,trees,False,True,aqua_respect_expected,top10,-0.07291552498001992,2556
reverse_chronological__trees__unpinned,reverse_chronological,trees,False,True,aqua_sarcasm_expected,top10,0.04609514526174389,2556
reverse_chronological__trees__unpinned,reverse_chronological,trees,False,True,aqua_screaming_expected,top10,-0.4318740041448266,2556
reverse_chronological__trees__unpinned,reverse_chronological,trees,False,True,aqua_solution_proposal_expected,top10,0.0501812965458723,2556
reverse_chronological__trees__unpinned,reverse_chronological,trees,False,True,aqua_storytelling_expected,top10,-0.04620656484258819,2556
reverse_chronological__trees__unpinned,reverse_chronological,trees,False,True,aqua_vulgarity_expected,top10,0.10613993201781928,2556
reverse_chronological__trees__unpinned,reverse_chronological,trees,False,True,article_similarity_top3,top10,0.14267115823557627,2556
reverse_chronological__trees__unpinned,reverse_chronological,trees,False,True,author_prior_30d_downvote_reception,top10,0.03130345761156037,2556
reverse_chronological__trees__unpinned,reverse_chronological,trees,False,True,author_prior_30d_upvote_reception,top10,-0.06678574672033245,2556
reverse_chronological__trees__unpinned,reverse_chronological,trees,False,True,discussion_pace,top10,-0.44789523985108753,2556
reverse_chronological__trees__unpinned,reverse_chronological,trees,False,True,is_reply,top10,-0.678937975218994,2556
reverse_chronological__trees__unpinned,reverse_chronological,trees,False,True,lexdiv_length_adjusted,top10,0.042985185375342246,2556
reverse_chronological__trees__unpinned,reverse_chronological,trees,False,True,log_author_prior_30d_comments,top10,-0.14559078397416145,2556
reverse_chronological__trees__unpinned,reverse_chronological,trees,False,True,log_author_prior_comments_story,top10,-0.5676549916103876,2556
reverse_chronological__trees__unpinned,reverse_chronological,trees,False,True,log_hours_since_article,top10,0.6972843949014109,2556
reverse_chronological__trees__unpinned,reverse_chronological,trees,False,True,log_words,top10,0.15085944816475547,2556
reverse_chronological__trees__unpinned,reverse_chronological,trees,False,True,novelty_prior_all_model,top10,-0.12003634268227745,2556
reverse_chronological__trees__unpinned,reverse_chronological,trees,False,True,prior_reply_composition,top10,0.8756710119760147,2556
reverse_chronological__trees__unpinned,reverse_chronological,trees,False,True,reading_level_length_adjusted,top10,-0.0021260658167654065,2556
reverse_chronological__trees__unpinned,reverse_chronological,trees,False,True,reply_depth_centered,top10,-0.04790636417362372,2556
reverse_chronological__trees__unpinned,reverse_chronological,trees,False,True,sentiment_negative,top10,0.031634853941677185,2556
reverse_chronological__trees__unpinned,reverse_chronological,trees,False,True,sentiment_positive,top10,-0.24405278409097708,2556
reverse_chronological__trees__unpinned,reverse_chronological,trees,False,True,toxicity_probability,top10,-0.35948868079030066,2556
reverse_chronological__trees__unpinned,reverse_chronological,trees,False,True,url_present,top10,-0.7151067710845331,2556
reverse_chronological__trees__unpinned,reverse_chronological,trees,False,True,vienna_overnight,top10,-0.5890031365969012,2556
reverse_chronological__trees__unpinned,reverse_chronological,trees,False,True,vienna_weekday_shoulder_evening,top10,-0.21204492719231494,2556
reverse_chronological__trees__unpinned,reverse_chronological,trees,False,True,vienna_weekend_day_evening,top10,-0.19745292394415723,2556
upvotes__hidden__pinned,upvotes,hidden,True,True,aqua_additional_knowledge_expected,top10,0.1819203731763628,2556
upvotes__hidden__pinned,upvotes,hidden,True,True,aqua_discrimination_expected,top10,0.18456556347405417,2556
upvotes__hidden__pinned,upvotes,hidden,True,True,aqua_fact_expected,top10,0.303913385380809,2556
upvotes__hidden__pinned,upvotes,hidden,True,True,aqua_insult_expected,top10,0.13132794973753842,2556
upvotes__hidden__pinned,upvotes,hidden,True,True,aqua_justification_expected,top10,0.4204304755902263,2556
upvotes__hidden__pinned,upvotes,hidden,True,True,aqua_opinion_expected,top10,0.23833332706196872,2556
upvotes__hidden__pinned,upvotes,hidden,True,True,aqua_polite_address_expected,top10,-0.16371038605695337,2556
upvotes__hidden__pinned,upvotes,hidden,True,True,aqua_question_expected,top10,-0.33695932995720607,2556
upvotes__hidden__pinned,upvotes,hidden,True,True,aqua_referencing_contents_expected,top10,-0.2293905014259152,2556
upvotes__hidden__pinned,upvotes,hidden,True,True,aqua_referencing_format_expected,top10,0.07285034981289817,2556
upvotes__hidden__pinned,upvotes,hidden,True,True,aqua_referencing_medium_expected,top10,-0.07601109678287388,2556
upvotes__hidden__pinned,upvotes,hidden,True,True,aqua_referencing_personal_expected,top10,-0.08648350564032921,2556
upvotes__hidden__pinned,upvotes,hidden,True,True,aqua_referencing_users_expected,top10,-0.18476933777330645,2556
upvotes__hidden__pinned,upvotes,hidden,True,True,aqua_relevance_expected,top10,0.22482678197906086,2556
upvotes__hidden__pinned,upvotes,hidden,True,True,aqua_respect_expected,top10,-0.0019052480880339697,2556
upvotes__hidden__pinned,upvotes,hidden,True,True,aqua_sarcasm_expected,top10,0.027714303368110548,2556
upvotes__hidden__pinned,upvotes,hidden,True,True,aqua_screaming_expected,top10,-0.4048408539795918,2556
upvotes__hidden__pinned,upvotes,hidden,True,True,aqua_solution_proposal_expected,top10,0.2305888473549942,2556
upvotes__hidden__pinned,upvotes,hidden,True,True,aqua_storytelling_expected,top10,0.1282046730836265,2556
upvotes__hidden__pinned,upvotes,hidden,True,True,aqua_vulgarity_expected,top10,0.17287803077142888,2556
upvotes__hidden__pinned,upvotes,hidden,True,True,article_similarity_top3,top10,0.3151889834753435,2556
upvotes__hidden__pinned,upvotes,hidden,True,True,author_prior_30d_downvote_reception,top10,0.06697242503413448,2556
upvotes__hidden__pinned,upvotes,hidden,True,True,author_prior_30d_upvote_reception,top10,0.24006557831276357,2556
upvotes__hidden__pinned,upvotes,hidden,True,True,discussion_pace,top10,0.0746363843615203,2556
upvotes__hidden__pinned,upvotes,hidden,True,True,is_reply,top10,-0.995968747167089,2556
upvotes__hidden__pinned,upvotes,hidden,True,True,lexdiv_length_adjusted,top10,0.054563827778750386,2556
upvotes__hidden__pinned,upvotes,hidden,True,True,log_author_prior_30d_comments,top10,-0.03430141301927446,2556
upvotes__hidden__pinned,upvotes,hidden,True,True,log_author_prior_comments_story,top10,-0.8769412961879371,2556
upvotes__hidden__pinned,upvotes,hidden,True,True,log_hours_since_article,top10,-0.5793485421932236,2556
upvotes__hidden__pinned,upvotes,hidden,True,True,log_words,top10,0.3447663558282052,2556
upvotes__hidden__pinned,upvotes,hidden,True,True,novelty_prior_all_model,top10,0.027339357851370937,2556
upvotes__hidden__pinned,upvotes,hidden,True,True,prior_reply_composition,top10,-0.2570174169554436,2556
upvotes__hidden__pinned,upvotes,hidden,True,True,reading_level_length_adjusted,top10,0.004143840126498496,2556
upvotes__hidden__pinned,upvotes,hidden,True,True,reply_depth_centered,top10,0.03020168907883063,2556
upvotes__hidden__pinned,upvotes,hidden,True,True,sentiment_negative,top10,0.06447049025434932,2556
upvotes__hidden__pinned,upvotes,hidden,True,True,sentiment_positive,top10,-0.20943168175953988,2556
upvotes__hidden__pinned,upvotes,hidden,True,True,toxicity_probability,top10,-0.3282515919988423,2556
upvotes__hidden__pinned,upvotes,hidden,True,True,url_present,top10,-0.7591288961949665,2556
upvotes__hidden__pinned,upvotes,hidden,True,True,vienna_overnight,top10,-0.7427390697066274,2556
upvotes__hidden__pinned,upvotes,hidden,True,True,vienna_weekday_shoulder_evening,top10,-0.31201093881290703,2556
upvotes__hidden__pinned,upvotes,hidden,True,True,vienna_weekend_day_evening,top10,-0.38288516636544284,2556
upvotes__hidden__unpinned,upvotes,hidden,False,True,aqua_additional_knowledge_expected,top10,0.13535851164530324,2556
upvotes__hidden__unpinned,upvotes,hidden,False,True,aqua_discrimination_expected,top10,0.17615344121261714,2556
upvotes__hidden__unpinned,upvotes,hidden,False,True,aqua_fact_expected,top10,0.27447091728808076,2556
upvotes__hidden__unpinned,upvotes,hidden,False,True,aqua_insult_expected,top10,0.1344340836237467,2556
upvotes__hidden__unpinned,upvotes,hidden,False,True,aqua_justification_expected,top10,0.3808572725069362,2556
upvotes__hidden__unpinned,upvotes,hidden,False,True,aqua_opinion_expected,top10,0.23137323102775825,2556
upvotes__hidden__unpinned,upvotes,hidden,False,True,aqua_polite_address_expected,top10,-0.20610346369624447,2556
upvotes__hidden__unpinned,upvotes,hidden,False,True,aqua_question_expected,top10,-0.3378106725826195,2556
upvotes__hidden__unpinned,upvotes,hidden,False,True,aqua_referencing_contents_expected,top10,-0.23089082183947496,2556
upvotes__hidden__unpinned,upvotes,hidden,False,True,aqua_referencing_format_expected,top10,0.05633124938203711,2556
upvotes__hidden__unpinned,upvotes,hidden,False,True,aqua_referencing_medium_expected,top10,-0.09306621075187684,2556
upvotes__hidden__unpinned,upvotes,hidden,False,True,aqua_referencing_personal_expected,top10,-0.09362028244950092,2556
upvotes__hidden__unpinned,upvotes,hidden,False,True,aqua_referencing_users_expected,top10,-0.1975354862237114,2556
upvotes__hidden__unpinned,upvotes,hidden,False,True,aqua_relevance_expected,top10,0.20135035705085486,2556
upvotes__hidden__unpinned,upvotes,hidden,False,True,aqua_respect_expected,top10,-0.009484033463847207,2556
upvotes__hidden__unpinned,upvotes,hidden,False,True,aqua_sarcasm_expected,top10,0.04095258375076835,2556
upvotes__hidden__unpinned,upvotes,hidden,False,True,aqua_screaming_expected,top10,-0.4108713119463157,2556
upvotes__hidden__unpinned,upvotes,hidden,False,True,aqua_solution_proposal_expected,top10,0.18128872211522684,2556
upvotes__hidden__unpinned,upvotes,hidden,False,True,aqua_storytelling_expected,top10,0.09257669790997229,2556
upvotes__hidden__unpinned,upvotes,hidden,False,True,aqua_vulgarity_expected,top10,0.1703312757978061,2556
upvotes__hidden__unpinned,upvotes,hidden,False,True,article_similarity_top3,top10,0.29220739919204913,2556
upvotes__hidden__unpinned,upvotes,hidden,False,True,author_prior_30d_downvote_reception,top10,0.0684272296760026,2556
upvotes__hidden__unpinned,upvotes,hidden,False,True,author_prior_30d_upvote_reception,top10,0.26270263720795956,2556
upvotes__hidden__unpinned,upvotes,hidden,False,True,discussion_pace,top10,-0.06692421002504136,2556
upvotes__hidden__unpinned,upvotes,hidden,False,True,is_reply,top10,-0.9952376125241023,2556
upvotes__hidden__unpinned,upvotes,hidden,False,True,lexdiv_length_adjusted,top10,0.048025296613350546,2556
upvotes__hidden__unpinned,upvotes,hidden,False,True,log_author_prior_30d_comments,top10,-0.03079388598105535,2556
upvotes__hidden__unpinned,upvotes,hidden,False,True,log_author_prior_comments_story,top10,-0.8969389415860661,2556
upvotes__hidden__unpinned,upvotes,hidden,False,True,log_hours_since_article,top10,-0.6757487931982139,2556
upvotes__hidden__unpinned,upvotes,hidden,False,True,log_words,top10,0.30130033459304434,2556
upvotes__hidden__unpinned,upvotes,hidden,False,True,novelty_prior_all_model,top10,0.07163383624879939,2556
upvotes__hidden__unpinned,upvotes,hidden,False,True,prior_reply_composition,top10,-0.34747150477822514,2556
upvotes__hidden__unpinned,upvotes,hidden,False,True,reading_level_length_adjusted,top10,0.003592246837691525,2556
upvotes__hidden__unpinned,upvotes,hidden,False,True,reply_depth_centered,top10,0.029809122850137107,2556
upvotes__hidden__unpinned,upvotes,hidden,False,True,sentiment_negative,top10,0.10293180803616873,2556
upvotes__hidden__unpinned,upvotes,hidden,False,True,sentiment_positive,top10,-0.23401868669741946,2556
upvotes__hidden__unpinned,upvotes,hidden,False,True,toxicity_probability,top10,-0.2781387159623063,2556
upvotes__hidden__unpinned,upvotes,hidden,False,True,url_present,top10,-0.8489966117932639,2556
upvotes__hidden__unpinned,upvotes,hidden,False,True,vienna_overnight,top10,-0.7086523647893852,2556
upvotes__hidden__unpinned,upvotes,hidden,False,True,vienna_weekday_shoulder_evening,top10,-0.3066349599885684,2556
upvotes__hidden__unpinned,upvotes,hidden,False,True,vienna_weekend_day_evening,top10,-0.3839709390807463,2556
upvotes__loose__pinned,upvotes,loose,True,True,aqua_additional_knowledge_expected,top10,0.18007330009642558,2556
upvotes__loose__pinned,upvotes,loose,True,True,aqua_discrimination_expected,top10,0.1838910067507357,2556
upvotes__loose__pinned,upvotes,loose,True,True,aqua_fact_expected,top10,0.30194571077779425,2556
upvotes__loose__pinned,upvotes,loose,True,True,aqua_insult_expected,top10,0.12806804044593492,2556
upvotes__loose__pinned,upvotes,loose,True,True,aqua_justification_expected,top10,0.41804710561550595,2556
upvotes__loose__pinned,upvotes,loose,True,True,aqua_opinion_expected,top10,0.2343273782661273,2556
upvotes__loose__pinned,upvotes,loose,True,True,aqua_polite_address_expected,top10,-0.17062057856014098,2556
upvotes__loose__pinned,upvotes,loose,True,True,aqua_question_expected,top10,-0.34023659814418566,2556
upvotes__loose__pinned,upvotes,loose,True,True,aqua_referencing_contents_expected,top10,-0.22087881055873404,2556
upvotes__loose__pinned,upvotes,loose,True,True,aqua_referencing_format_expected,top10,0.06944035110489877,2556
upvotes__loose__pinned,upvotes,loose,True,True,aqua_referencing_medium_expected,top10,-0.07982611202725955,2556
upvotes__loose__pinned,upvotes,loose,True,True,aqua_referencing_personal_expected,top10,-0.08755898484014805,2556
upvotes__loose__pinned,upvotes,loose,True,True,aqua_referencing_users_expected,top10,-0.1804025396760663,2556
upvotes__loose__pinned,upvotes,loose,True,True,aqua_relevance_expected,top10,0.22544263385517999,2556
upvotes__loose__pinned,upvotes,loose,True,True,aqua_respect_expected,top10,-0.004803898159041422,2556
upvotes__loose__pinned,upvotes,loose,True,True,aqua_sarcasm_expected,top10,0.023269798846990004,2556
upvotes__loose__pinned,upvotes,loose,True,True,aqua_screaming_expected,top10,-0.4155759467584843,2556
upvotes__loose__pinned,upvotes,loose,True,True,aqua_solution_proposal_expected,top10,0.2298256106152368,2556
upvotes__loose__pinned,upvotes,loose,True,True,aqua_storytelling_expected,top10,0.12470031507783502,2556
upvotes__loose__pinned,upvotes,loose,True,True,aqua_vulgarity_expected,top10,0.1663664828417948,2556
upvotes__loose__pinned,upvotes,loose,True,True,article_similarity_top3,top10,0.30509347999117725,2556
upvotes__loose__pinned,upvotes,loose,True,True,author_prior_30d_downvote_reception,top10,0.059585614004919754,2556
upvotes__loose__pinned,upvotes,loose,True,True,author_prior_30d_upvote_reception,top10,0.2326151034484413,2556
upvotes__loose__pinned,upvotes,loose,True,True,discussion_pace,top10,0.08699858317920584,2556
upvotes__loose__pinned,upvotes,loose,True,True,is_reply,top10,-0.9218830290782729,2556
upvotes__loose__pinned,upvotes,loose,True,True,lexdiv_length_adjusted,top10,0.0526700052299713,2556
upvotes__loose__pinned,upvotes,loose,True,True,log_author_prior_30d_comments,top10,-0.032470101019964,2556
upvotes__loose__pinned,upvotes,loose,True,True,log_author_prior_comments_story,top10,-0.8586516752556499,2556
upvotes__loose__pinned,upvotes,loose,True,True,log_hours_since_article,top10,-0.576672992913852,2556
upvotes__loose__pinned,upvotes,loose,True,True,log_words,top10,0.3413758468159522,2556
upvotes__loose__pinned,upvotes,loose,True,True,novelty_prior_all_model,top10,0.02500762948612307,2556
upvotes__loose__pinned,upvotes,loose,True,True,prior_reply_composition,top10,-0.2583507352548907,2556
upvotes__loose__pinned,upvotes,loose,True,True,reading_level_length_adjusted,top10,0.005302222473213372,2556
upvotes__loose__pinned,upvotes,loose,True,True,reply_depth_centered,top10,-0.012654964789373972,2556
upvotes__loose__pinned,upvotes,loose,True,True,sentiment_negative,top10,0.06358457596792236,2556
upvotes__loose__pinned,upvotes,loose,True,True,sentiment_positive,top10,-0.21381903998336063,2556
upvotes__loose__pinned,upvotes,loose,True,True,toxicity_probability,top10,-0.33186249717038113,2556
upvotes__loose__pinned,upvotes,loose,True,True,url_present,top10,-0.757798362932899,2556
upvotes__loose__pinned,upvotes,loose,True,True,vienna_overnight,top10,-0.7443335200963523,2556
upvotes__loose__pinned,upvotes,loose,True,True,vienna_weekday_shoulder_evening,top10,-0.31127961904051255,2556
upvotes__loose__pinned,upvotes,loose,True,True,vienna_weekend_day_evening,top10,-0.38343464236816827,2556
upvotes__loose__unpinned,upvotes,loose,False,True,aqua_additional_knowledge_expected,top10,0.12752096293600973,2556
upvotes__loose__unpinned,upvotes,loose,False,True,aqua_discrimination_expected,top10,0.17455282264800548,2556
upvotes__loose__unpinned,upvotes,loose,False,True,aqua_fact_expected,top10,0.267955064958045,2556
upvotes__loose__unpinned,upvotes,loose,False,True,aqua_insult_expected,top10,0.13029019490829136,2556
upvotes__loose__unpinned,upvotes,loose,False,True,aqua_justification_expected,top10,0.3729893878656295,2556
upvotes__loose__unpinned,upvotes,loose,False,True,aqua_opinion_expected,top10,0.22558522663979716,2556
upvotes__loose__unpinned,upvotes,loose,False,True,aqua_polite_address_expected,top10,-0.21708154057394932,2556
upvotes__loose__unpinned,upvotes,loose,False,True,aqua_question_expected,top10,-0.3439355235654585,2556
upvotes__loose__unpinned,upvotes,loose,False,True,aqua_referencing_contents_expected,top10,-0.21628723569845543,2556
upvotes__loose__unpinned,upvotes,loose,False,True,aqua_referencing_format_expected,top10,0.049327929271857224,2556
upvotes__loose__unpinned,upvotes,loose,False,True,aqua_referencing_medium_expected,top10,-0.09919631830051887,2556
upvotes__loose__unpinned,upvotes,loose,False,True,aqua_referencing_personal_expected,top10,-0.09719600437602122,2556
upvotes__loose__unpinned,upvotes,loose,False,True,aqua_referencing_users_expected,top10,-0.1908864532200463,2556
upvotes__loose__unpinned,upvotes,loose,False,True,aqua_relevance_expected,top10,0.20053936949947562,2556
upvotes__loose__unpinned,upvotes,loose,False,True,aqua_respect_expected,top10,-0.012542630560736723,2556
upvotes__loose__unpinned,upvotes,loose,False,True,aqua_sarcasm_expected,top10,0.03652708891021307,2556
upvotes__loose__unpinned,upvotes,loose,False,True,aqua_screaming_expected,top10,-0.42250225322650503,2556
upvotes__loose__unpinned,upvotes,loose,False,True,aqua_solution_proposal_expected,top10,0.1759971104641102,2556
upvotes__loose__unpinned,upvotes,loose,False,True,aqua_storytelling_expected,top10,0.08290900644016458,2556
upvotes__loose__unpinned,upvotes,loose,False,True,aqua_vulgarity_expected,top10,0.1604896793471516,2556
upvotes__loose__unpinned,upvotes,loose,False,True,article_similarity_top3,top10,0.27243869660105596,2556
upvotes__loose__unpinned,upvotes,loose,False,True,author_prior_30d_downvote_reception,top10,0.05760694614352282,2556
upvotes__loose__unpinned,upvotes,loose,False,True,author_prior_30d_upvote_reception,top10,0.25368283160120353,2556
upvotes__loose__unpinned,upvotes,loose,False,True,discussion_pace,top10,-0.054346992842928266,2556
upvotes__loose__unpinned,upvotes,loose,False,True,is_reply,top10,-0.8784130981004014,2556
upvotes__loose__unpinned,upvotes,loose,False,True,lexdiv_length_adjusted,top10,0.04515529388255984,2556
upvotes__loose__unpinned,upvotes,loose,False,True,log_author_prior_30d_comments,top10,-0.027293956593265407,2556
upvotes__loose__unpinned,upvotes,loose,False,True,log_author_prior_comments_story,top10,-0.8707962865955725,2556
upvotes__loose__unpinned,upvotes,loose,False,True,log_hours_since_article,top10,-0.6767416219374242,2556
upvotes__loose__unpinned,upvotes,loose,False,True,log_words,top10,0.29193311402047145,2556
upvotes__loose__unpinned,upvotes,loose,False,True,novelty_prior_all_model,top10,0.070607048319881,2556
upvotes__loose__unpinned,upvotes,loose,False,True,prior_reply_composition,top10,-0.354610602687644,2556
upvotes__loose__unpinned,upvotes,loose,False,True,reading_level_length_adjusted,top10,0.0034101680912481977,2556
upvotes__loose__unpinned,upvotes,loose,False,True,reply_depth_centered,top10,-0.03710083991064678,2556
upvotes__loose__unpinned,upvotes,loose,False,True,sentiment_negative,top10,0.10367145124389096,2556
upvotes__loose__unpinned,upvotes,loose,False,True,sentiment_positive,top10,-0.24174524994364308,2556
upvotes__loose__unpinned,upvotes,loose,False,True,toxicity_probability,top10,-0.28202033850748415,2556
upvotes__loose__unpinned,upvotes,loose,False,True,url_present,top10,-0.850896668415587,2556
upvotes__loose__unpinned,upvotes,loose,False,True,vienna_overnight,top10,-0.7118761064726989,2556
upvotes__loose__unpinned,upvotes,loose,False,True,vienna_weekday_shoulder_evening,top10,-0.30395438570352834,2556
upvotes__loose__unpinned,upvotes,loose,False,True,vienna_weekend_day_evening,top10,-0.3846245086733864,2556
upvotes__trees__pinned,upvotes,trees,True,True,aqua_additional_knowledge_expected,top10,0.14471473173081079,2556
upvotes__trees__pinned,upvotes,trees,True,True,aqua_discrimination_expected,top10,0.15638568263294697,2556
upvotes__trees__pinned,upvotes,trees,True,True,aqua_fact_expected,top10,0.25606513009132453,2556
upvotes__trees__pinned,upvotes,trees,True,True,aqua_insult_expected,top10,0.10728973262820723,2556
upvotes__trees__pinned,upvotes,trees,True,True,aqua_justification_expected,top10,0.3604230123324235,2556
upvotes__trees__pinned,upvotes,trees,True,True,aqua_opinion_expected,top10,0.21223593284032571,2556
upvotes__trees__pinned,upvotes,trees,True,True,aqua_polite_address_expected,top10,-0.18175770714312275,2556
upvotes__trees__pinned,upvotes,trees,True,True,aqua_question_expected,top10,-0.3443361881588224,2556
upvotes__trees__pinned,upvotes,trees,True,True,aqua_referencing_contents_expected,top10,-0.19194633278098294,2556
upvotes__trees__pinned,upvotes,trees,True,True,aqua_referencing_format_expected,top10,0.05420662328737374,2556
upvotes__trees__pinned,upvotes,trees,True,True,aqua_referencing_medium_expected,top10,-0.09793896168323103,2556
upvotes__trees__pinned,upvotes,trees,True,True,aqua_referencing_personal_expected,top10,-0.09637759149503301,2556
upvotes__trees__pinned,upvotes,trees,True,True,aqua_referencing_users_expected,top10,-0.16758026260251108,2556
upvotes__trees__pinned,upvotes,trees,True,True,aqua_relevance_expected,top10,0.20145131989454887,2556
upvotes__trees__pinned,upvotes,trees,True,True,aqua_respect_expected,top10,-0.0009924733806027024,2556
upvotes__trees__pinned,upvotes,trees,True,True,aqua_sarcasm_expected,top10,0.011921727423199066,2556
upvotes__trees__pinned,upvotes,trees,True,True,aqua_screaming_expected,top10,-0.43180893315618507,2556
upvotes__trees__pinned,upvotes,trees,True,True,aqua_solution_proposal_expected,top10,0.19687579622515555,2556
upvotes__trees__pinned,upvotes,trees,True,True,aqua_storytelling_expected,top10,0.09560206878443457,2556
upvotes__trees__pinned,upvotes,trees,True,True,aqua_vulgarity_expected,top10,0.1389202039409635,2556
upvotes__trees__pinned,upvotes,trees,True,True,article_similarity_top3,top10,0.25319320358318154,2556
upvotes__trees__pinned,upvotes,trees,True,True,author_prior_30d_downvote_reception,top10,0.046541409297619546,2556
upvotes__trees__pinned,upvotes,trees,True,True,author_prior_30d_upvote_reception,top10,0.20000319585860074,2556
upvotes__trees__pinned,upvotes,trees,True,True,discussion_pace,top10,0.11411729360766383,2556
upvotes__trees__pinned,upvotes,trees,True,True,is_reply,top10,-0.7581227816306954,2556
upvotes__trees__pinned,upvotes,trees,True,True,lexdiv_length_adjusted,top10,0.049232693322973885,2556
upvotes__trees__pinned,upvotes,trees,True,True,log_author_prior_30d_comments,top10,-0.02739244698000742,2556
upvotes__trees__pinned,upvotes,trees,True,True,log_author_prior_comments_story,top10,-0.7514440254132653,2556
upvotes__trees__pinned,upvotes,trees,True,True,log_hours_since_article,top10,-0.5170985222377507,2556
upvotes__trees__pinned,upvotes,trees,True,True,log_words,top10,0.2943002963892433,2556
upvotes__trees__pinned,upvotes,trees,True,True,novelty_prior_all_model,top10,0.02653157764988849,2556
upvotes__trees__pinned,upvotes,trees,True,True,prior_reply_composition,top10,-0.21611407217096196,2556
upvotes__trees__pinned,upvotes,trees,True,True,reading_level_length_adjusted,top10,-0.0018779968323716957,2556
upvotes__trees__pinned,upvotes,trees,True,True,reply_depth_centered,top10,-0.06187096768006894,2556
upvotes__trees__pinned,upvotes,trees,True,True,sentiment_negative,top10,0.035506715016582105,2556
upvotes__trees__pinned,upvotes,trees,True,True,sentiment_positive,top10,-0.18851097582958998,2556
upvotes__trees__pinned,upvotes,trees,True,True,toxicity_probability,top10,-0.37213931521058,2556
upvotes__trees__pinned,upvotes,trees,True,True,url_present,top10,-0.7469611782228971,2556
upvotes__trees__pinned,upvotes,trees,True,True,vienna_overnight,top10,-0.7458226834361099,2556
upvotes__trees__pinned,upvotes,trees,True,True,vienna_weekday_shoulder_evening,top10,-0.30578227434214383,2556
upvotes__trees__pinned,upvotes,trees,True,True,vienna_weekend_day_evening,top10,-0.3814974614471445,2556
upvotes__trees__unpinned,upvotes,trees,False,True,aqua_additional_knowledge_expected,top10,-0.029631640786330075,2556
upvotes__trees__unpinned,upvotes,trees,False,True,aqua_discrimination_expected,top10,0.0839766726393289,2556
upvotes__trees__unpinned,upvotes,trees,False,True,aqua_fact_expected,top10,0.11037619953957625,2556
upvotes__trees__unpinned,upvotes,trees,False,True,aqua_insult_expected,top10,0.05241626926370928,2556
upvotes__trees__unpinned,upvotes,trees,False,True,aqua_justification_expected,top10,0.14995175789098034,2556
upvotes__trees__unpinned,upvotes,trees,False,True,aqua_opinion_expected,top10,0.12112074172674787,2556
upvotes__trees__unpinned,upvotes,trees,False,True,aqua_polite_address_expected,top10,-0.313050342545092,2556
upvotes__trees__unpinned,upvotes,trees,False,True,aqua_question_expected,top10,-0.3320173544228276,2556
upvotes__trees__unpinned,upvotes,trees,False,True,aqua_referencing_contents_expected,top10,-0.10906666258839103,2556
upvotes__trees__unpinned,upvotes,trees,False,True,aqua_referencing_format_expected,top10,-0.031981632135396676,2556
upvotes__trees__unpinned,upvotes,trees,False,True,aqua_referencing_medium_expected,top10,-0.17356947370828066,2556
upvotes__trees__unpinned,upvotes,trees,False,True,aqua_referencing_personal_expected,top10,-0.13678140634680927,2556
upvotes__trees__unpinned,upvotes,trees,False,True,aqua_referencing_users_expected,top10,-0.15412110470951607,2556
upvotes__trees__unpinned,upvotes,trees,False,True,aqua_relevance_expected,top10,0.1190934356621301,2556
upvotes__trees__unpinned,upvotes,trees,False,True,aqua_respect_expected,top10,-0.03687163754626511,2556
upvotes__trees__unpinned,upvotes,trees,False,True,aqua_sarcasm_expected,top10,0.005267310148584886,2556
upvotes__trees__unpinned,upvotes,trees,False,True,aqua_screaming_expected,top10,-0.5028441918748071,2556
upvotes__trees__unpinned,upvotes,trees,False,True,aqua_solution_proposal_expected,top10,0.023564561700094137,2556
upvotes__trees__unpinned,upvotes,trees,False,True,aqua_storytelling_expected,top10,-0.08113466867217213,2556
upvotes__trees__unpinned,upvotes,trees,False,True,aqua_vulgarity_expected,top10,0.039243117417514656,2556
upvotes__trees__unpinned,upvotes,trees,False,True,article_similarity_top3,top10,0.06775045405364401,2556
upvotes__trees__unpinned,upvotes,trees,False,True,author_prior_30d_downvote_reception,top10,0.011357327312045303,2556
upvotes__trees__unpinned,upvotes,trees,False,True,author_prior_30d_upvote_reception,top10,0.08097903695637156,2556
upvotes__trees__unpinned,upvotes,trees,False,True,discussion_pace,top10,0.008054501126502855,2556
upvotes__trees__unpinned,upvotes,trees,False,True,is_reply,top10,0.03249600651247922,2556
upvotes__trees__unpinned,upvotes,trees,False,True,lexdiv_length_adjusted,top10,0.025392026573212507,2556
upvotes__trees__unpinned,upvotes,trees,False,True,log_author_prior_30d_comments,top10,-0.018324064613424337,2556
upvotes__trees__unpinned,upvotes,trees,False,True,log_author_prior_comments_story,top10,-0.5428538513324199,2556
upvotes__trees__unpinned,upvotes,trees,False,True,log_hours_since_article,top10,-0.14355402642078086,2556
upvotes__trees__unpinned,upvotes,trees,False,True,log_words,top10,0.1077763072936368,2556
upvotes__trees__unpinned,upvotes,trees,False,True,novelty_prior_all_model,top10,0.011362717978220969,2556
upvotes__trees__unpinned,upvotes,trees,False,True,prior_reply_composition,top10,0.01162064866780284,2556
upvotes__trees__unpinned,upvotes,trees,False,True,reading_level_length_adjusted,top10,-0.02272986298765786,2556
upvotes__trees__unpinned,upvotes,trees,False,True,reply_depth_centered,top10,-0.3353256004639185,2556
upvotes__trees__unpinned,upvotes,trees,False,True,sentiment_negative,top10,0.02101929296185875,2556
upvotes__trees__unpinned,upvotes,trees,False,True,sentiment_positive,top10,-0.2078301915915265,2556
upvotes__trees__unpinned,upvotes,trees,False,True,toxicity_probability,top10,-0.4233291407942466,2556
upvotes__trees__unpinned,upvotes,trees,False,True,url_present,top10,-0.8293103277798359,2556
upvotes__trees__unpinned,upvotes,trees,False,True,vienna_overnight,top10,-0.6629842772584223,2556
upvotes__trees__unpinned,upvotes,trees,False,True,vienna_weekday_shoulder_evening,top10,-0.2712534466046403,2556
upvotes__trees__unpinned,upvotes,trees,False,True,vienna_weekend_day_evening,top10,-0.3614536009686902,2556
xgb_metadata_audience__hidden__pinned,xgb_metadata_audience,hidden,True,True,aqua_additional_knowledge_expected,top10,0.23963475000542558,2556
xgb_metadata_audience__hidden__pinned,xgb_metadata_audience,hidden,True,True,aqua_discrimination_expected,top10,0.23056770980748442,2556
xgb_metadata_audience__hidden__pinned,xgb_metadata_audience,hidden,True,True,aqua_fact_expected,top10,0.3686542339740175,2556
xgb_metadata_audience__hidden__pinned,xgb_metadata_audience,hidden,True,True,aqua_insult_expected,top10,0.14425349576065782,2556
xgb_metadata_audience__hidden__pinned,xgb_metadata_audience,hidden,True,True,aqua_justification_expected,top10,0.5334970046739952,2556
xgb_metadata_audience__hidden__pinned,xgb_metadata_audience,hidden,True,True,aqua_opinion_expected,top10,0.3174434602873007,2556
xgb_metadata_audience__hidden__pinned,xgb_metadata_audience,hidden,True,True,aqua_polite_address_expected,top10,-0.12249247943110088,2556
xgb_metadata_audience__hidden__pinned,xgb_metadata_audience,hidden,True,True,aqua_question_expected,top10,-0.3949401642711783,2556
xgb_metadata_audience__hidden__pinned,xgb_metadata_audience,hidden,True,True,aqua_referencing_contents_expected,top10,-0.223334034534253,2556
xgb_metadata_audience__hidden__pinned,xgb_metadata_audience,hidden,True,True,aqua_referencing_format_expected,top10,0.09079615740289788,2556
xgb_metadata_audience__hidden__pinned,xgb_metadata_audience,hidden,True,True,aqua_referencing_medium_expected,top10,-0.05506151902622297,2556
xgb_metadata_audience__hidden__pinned,xgb_metadata_audience,hidden,True,True,aqua_referencing_personal_expected,top10,-0.08041997640500032,2556
xgb_metadata_audience__hidden__pinned,xgb_metadata_audience,hidden,True,True,aqua_referencing_users_expected,top10,-0.17393143665043365,2556
xgb_metadata_audience__hidden__pinned,xgb_metadata_audience,hidden,True,True,aqua_relevance_expected,top10,0.3041076170533735,2556
xgb_metadata_audience__hidden__pinned,xgb_metadata_audience,hidden,True,True,aqua_respect_expected,top10,0.029215996970373925,2556
xgb_metadata_audience__hidden__pinned,xgb_metadata_audience,hidden,True,True,aqua_sarcasm_expected,top10,0.0030471814793708208,2556
xgb_metadata_audience__hidden__pinned,xgb_metadata_audience,hidden,True,True,aqua_screaming_expected,top10,-0.42838669775473665,2556
xgb_metadata_audience__hidden__pinned,xgb_metadata_audience,hidden,True,True,aqua_solution_proposal_expected,top10,0.319110362375963,2556
xgb_metadata_audience__hidden__pinned,xgb_metadata_audience,hidden,True,True,aqua_storytelling_expected,top10,0.20642712432063193,2556
xgb_metadata_audience__hidden__pinned,xgb_metadata_audience,hidden,True,True,aqua_vulgarity_expected,top10,0.19073523786900842,2556
xgb_metadata_audience__hidden__pinned,xgb_metadata_audience,hidden,True,True,article_similarity_top3,top10,0.3831182323376756,2556
xgb_metadata_audience__hidden__pinned,xgb_metadata_audience,hidden,True,True,author_prior_30d_downvote_reception,top10,0.053916326046221985,2556
xgb_metadata_audience__hidden__pinned,xgb_metadata_audience,hidden,True,True,author_prior_30d_upvote_reception,top10,0.2715404472941688,2556
xgb_metadata_audience__hidden__pinned,xgb_metadata_audience,hidden,True,True,discussion_pace,top10,0.01772739033151923,2556
xgb_metadata_audience__hidden__pinned,xgb_metadata_audience,hidden,True,True,is_reply,top10,-0.9994440721100983,2556
xgb_metadata_audience__hidden__pinned,xgb_metadata_audience,hidden,True,True,lexdiv_length_adjusted,top10,0.06625460297834602,2556
xgb_metadata_audience__hidden__pinned,xgb_metadata_audience,hidden,True,True,log_author_prior_30d_comments,top10,-0.04043431338154006,2556
xgb_metadata_audience__hidden__pinned,xgb_metadata_audience,hidden,True,True,log_author_prior_comments_story,top10,-0.8916361443051366,2556
xgb_metadata_audience__hidden__pinned,xgb_metadata_audience,hidden,True,True,log_hours_since_article,top10,-0.635189689263829,2556
xgb_metadata_audience__hidden__pinned,xgb_metadata_audience,hidden,True,True,log_words,top10,0.4387165063781327,2556
xgb_metadata_audience__hidden__pinned,xgb_metadata_audience,hidden,True,True,novelty_prior_all_model,top10,0.024676785212839697,2556
xgb_metadata_audience__hidden__pinned,xgb_metadata_audience,hidden,True,True,prior_reply_composition,top10,-0.3064808213558502,2556
xgb_metadata_audience__hidden__pinned,xgb_metadata_audience,hidden,True,True,reading_level_length_adjusted,top10,0.001270983576988731,2556
xgb_metadata_audience__hidden__pinned,xgb_metadata_audience,hidden,True,True,reply_depth_centered,top10,0.032208750803530126,2556
xgb_metadata_audience__hidden__pinned,xgb_metadata_audience,hidden,True,True,sentiment_negative,top10,0.054315420597321556,2556
xgb_metadata_audience__hidden__pinned,xgb_metadata_audience,hidden,True,True,sentiment_positive,top10,-0.18390554743377782,2556
xgb_metadata_audience__hidden__pinned,xgb_metadata_audience,hidden,True,True,toxicity_probability,top10,-0.36254210656078517,2556
xgb_metadata_audience__hidden__pinned,xgb_metadata_audience,hidden,True,True,url_present,top10,-0.7461111172714252,2556
xgb_metadata_audience__hidden__pinned,xgb_metadata_audience,hidden,True,True,vienna_overnight,top10,-0.743340617300391,2556
xgb_metadata_audience__hidden__pinned,xgb_metadata_audience,hidden,True,True,vienna_weekday_shoulder_evening,top10,-0.3437563665475828,2556
xgb_metadata_audience__hidden__pinned,xgb_metadata_audience,hidden,True,True,vienna_weekend_day_evening,top10,-0.3851066718092717,2556
xgb_metadata_audience__hidden__unpinned,xgb_metadata_audience,hidden,False,True,aqua_additional_knowledge_expected,top10,0.29361904979106673,2556
xgb_metadata_audience__hidden__unpinned,xgb_metadata_audience,hidden,False,True,aqua_discrimination_expected,top10,0.29330513147011,2556
xgb_metadata_audience__hidden__unpinned,xgb_metadata_audience,hidden,False,True,aqua_fact_expected,top10,0.42586199171797023,2556
xgb_metadata_audience__hidden__unpinned,xgb_metadata_audience,hidden,False,True,aqua_insult_expected,top10,0.17671066686352818,2556
xgb_metadata_audience__hidden__unpinned,xgb_metadata_audience,hidden,False,True,aqua_justification_expected,top10,0.6554611615583702,2556
xgb_metadata_audience__hidden__unpinned,xgb_metadata_audience,hidden,False,True,aqua_opinion_expected,top10,0.4390579298961711,2556
xgb_metadata_audience__hidden__unpinned,xgb_metadata_audience,hidden,False,True,aqua_polite_address_expected,top10,-0.07419842007999554,2556
xgb_metadata_audience__hidden__unpinned,xgb_metadata_audience,hidden,False,True,aqua_question_expected,top10,-0.4752595643109167,2556
xgb_metadata_audience__hidden__unpinned,xgb_metadata_audience,hidden,False,True,aqua_referencing_contents_expected,top10,-0.22115940632449627,2556
xgb_metadata_audience__hidden__unpinned,xgb_metadata_audience,hidden,False,True,aqua_referencing_format_expected,top10,0.10791690534430189,2556
xgb_metadata_audience__hidden__unpinned,xgb_metadata_audience,hidden,False,True,aqua_referencing_medium_expected,top10,-0.025426157061188275,2556
xgb_metadata_audience__hidden__unpinned,xgb_metadata_audience,hidden,False,True,aqua_referencing_personal_expected,top10,-0.07361344133592489,2556
xgb_metadata_audience__hidden__unpinned,xgb_metadata_audience,hidden,False,True,aqua_referencing_users_expected,top10,-0.15455652958846855,2556
xgb_metadata_audience__hidden__unpinned,xgb_metadata_audience,hidden,False,True,aqua_relevance_expected,top10,0.37891721662155936,2556
xgb_metadata_audience__hidden__unpinned,xgb_metadata_audience,hidden,False,True,aqua_respect_expected,top10,0.07622140819902734,2556
xgb_metadata_audience__hidden__unpinned,xgb_metadata_audience,hidden,False,True,aqua_sarcasm_expected,top10,-0.020878344514364006,2556
xgb_metadata_audience__hidden__unpinned,xgb_metadata_audience,hidden,False,True,aqua_screaming_expected,top10,-0.45959427655326907,2556
xgb_metadata_audience__hidden__unpinned,xgb_metadata_audience,hidden,False,True,aqua_solution_proposal_expected,top10,0.4046296949977823,2556
xgb_metadata_audience__hidden__unpinned,xgb_metadata_audience,hidden,False,True,aqua_storytelling_expected,top10,0.31400512159277333,2556
xgb_metadata_audience__hidden__unpinned,xgb_metadata_audience,hidden,False,True,aqua_vulgarity_expected,top10,0.23187405543741513,2556
xgb_metadata_audience__hidden__unpinned,xgb_metadata_audience,hidden,False,True,article_similarity_top3,top10,0.4505111302300945,2556
xgb_metadata_audience__hidden__unpinned,xgb_metadata_audience,hidden,False,True,author_prior_30d_downvote_reception,top10,0.043563207090089005,2556
xgb_metadata_audience__hidden__unpinned,xgb_metadata_audience,hidden,False,True,author_prior_30d_upvote_reception,top10,0.3605673441777675,2556
xgb_metadata_audience__hidden__unpinned,xgb_metadata_audience,hidden,False,True,discussion_pace,top10,-0.24526570412100065,2556
xgb_metadata_audience__hidden__unpinned,xgb_metadata_audience,hidden,False,True,is_reply,top10,-0.9999847229254248,2556
xgb_metadata_audience__hidden__unpinned,xgb_metadata_audience,hidden,False,True,lexdiv_length_adjusted,top10,0.07317687754587467,2556
xgb_metadata_audience__hidden__unpinned,xgb_metadata_audience,hidden,False,True,log_author_prior_30d_comments,top10,-0.03942398412685022,2556
xgb_metadata_audience__hidden__unpinned,xgb_metadata_audience,hidden,False,True,log_author_prior_comments_story,top10,-0.9347288061997189,2556
xgb_metadata_audience__hidden__unpinned,xgb_metadata_audience,hidden,False,True,log_hours_since_article,top10,-0.8261742142245947,2556
xgb_metadata_audience__hidden__unpinned,xgb_metadata_audience,hidden,False,True,log_words,top10,0.5416498834181752,2556
xgb_metadata_audience__hidden__unpinned,xgb_metadata_audience,hidden,False,True,novelty_prior_all_model,top10,0.08830500134920159,2556
xgb_metadata_audience__hidden__unpinned,xgb_metadata_audience,hidden,False,True,prior_reply_composition,top10,-0.4927846634187106,2556
xgb_metadata_audience__hidden__unpinned,xgb_metadata_audience,hidden,False,True,reading_level_length_adjusted,top10,-0.0030485971601201325,2556
xgb_metadata_audience__hidden__unpinned,xgb_metadata_audience,hidden,False,True,reply_depth_centered,top10,0.03256369919381037,2556
xgb_metadata_audience__hidden__unpinned,xgb_metadata_audience,hidden,False,True,sentiment_negative,top10,0.08866629285113818,2556
xgb_metadata_audience__hidden__unpinned,xgb_metadata_audience,hidden,False,True,sentiment_positive,top10,-0.17093070657394727,2556
xgb_metadata_audience__hidden__unpinned,xgb_metadata_audience,hidden,False,True,toxicity_probability,top10,-0.298788416492013,2556
xgb_metadata_audience__hidden__unpinned,xgb_metadata_audience,hidden,False,True,url_present,top10,-0.8219605604997507,2556
xgb_metadata_audience__hidden__unpinned,xgb_metadata_audience,hidden,False,True,vienna_overnight,top10,-0.6785446880233885,2556
xgb_metadata_audience__hidden__unpinned,xgb_metadata_audience,hidden,False,True,vienna_weekday_shoulder_evening,top10,-0.3952408393453528,2556
xgb_metadata_audience__hidden__unpinned,xgb_metadata_audience,hidden,False,True,vienna_weekend_day_evening,top10,-0.38842690760601917,2556
xgb_metadata_audience__loose__pinned,xgb_metadata_audience,loose,True,True,aqua_additional_knowledge_expected,top10,0.24103346878886536,2556
xgb_metadata_audience__loose__pinned,xgb_metadata_audience,loose,True,True,aqua_discrimination_expected,top10,0.23063458865320668,2556
xgb_metadata_audience__loose__pinned,xgb_metadata_audience,loose,True,True,aqua_fact_expected,top10,0.3700710713199235,2556
xgb_metadata_audience__loose__pinned,xgb_metadata_audience,loose,True,True,aqua_insult_expected,top10,0.1436479566536136,2556
xgb_metadata_audience__loose__pinned,xgb_metadata_audience,loose,True,True,aqua_justification_expected,top10,0.533940672045185,2556
xgb_metadata_audience__loose__pinned,xgb_metadata_audience,loose,True,True,aqua_opinion_expected,top10,0.3145195728163617,2556
xgb_metadata_audience__loose__pinned,xgb_metadata_audience,loose,True,True,aqua_polite_address_expected,top10,-0.12445255353276154,2556
xgb_metadata_audience__loose__pinned,xgb_metadata_audience,loose,True,True,aqua_question_expected,top10,-0.39703284201282274,2556
xgb_metadata_audience__loose__pinned,xgb_metadata_audience,loose,True,True,aqua_referencing_contents_expected,top10,-0.2228022533354387,2556
xgb_metadata_audience__loose__pinned,xgb_metadata_audience,loose,True,True,aqua_referencing_format_expected,top10,0.09076233279579082,2556
xgb_metadata_audience__loose__pinned,xgb_metadata_audience,loose,True,True,aqua_referencing_medium_expected,top10,-0.055617846258349576,2556
xgb_metadata_audience__loose__pinned,xgb_metadata_audience,loose,True,True,aqua_referencing_personal_expected,top10,-0.0800010594149077,2556
xgb_metadata_audience__loose__pinned,xgb_metadata_audience,loose,True,True,aqua_referencing_users_expected,top10,-0.17487398589811315,2556
xgb_metadata_audience__loose__pinned,xgb_metadata_audience,loose,True,True,aqua_relevance_expected,top10,0.30453813525182777,2556
xgb_metadata_audience__loose__pinned,xgb_metadata_audience,loose,True,True,aqua_respect_expected,top10,0.027825209500861987,2556
xgb_metadata_audience__loose__pinned,xgb_metadata_audience,loose,True,True,aqua_sarcasm_expected,top10,0.002341888882295339,2556
xgb_metadata_audience__loose__pinned,xgb_metadata_audience,loose,True,True,aqua_screaming_expected,top10,-0.43013778546507253,2556
xgb_metadata_audience__loose__pinned,xgb_metadata_audience,loose,True,True,aqua_solution_proposal_expected,top10,0.3193075262810836,2556
xgb_metadata_audience__loose__pinned,xgb_metadata_audience,loose,True,True,aqua_storytelling_expected,top10,0.20630316313830135,2556
xgb_metadata_audience__loose__pinned,xgb_metadata_audience,loose,True,True,aqua_vulgarity_expected,top10,0.18952952351177513,2556
xgb_metadata_audience__loose__pinned,xgb_metadata_audience,loose,True,True,article_similarity_top3,top10,0.3819874954899474,2556
xgb_metadata_audience__loose__pinned,xgb_metadata_audience,loose,True,True,author_prior_30d_downvote_reception,top10,0.05188005247690698,2556
xgb_metadata_audience__loose__pinned,xgb_metadata_audience,loose,True,True,author_prior_30d_upvote_reception,top10,0.2681352627986469,2556
xgb_metadata_audience__loose__pinned,xgb_metadata_audience,loose,True,True,discussion_pace,top10,0.025399926455474803,2556
xgb_metadata_audience__loose__pinned,xgb_metadata_audience,loose,True,True,is_reply,top10,-0.9755208266843144,2556
xgb_metadata_audience__loose__pinned,xgb_metadata_audience,loose,True,True,lexdiv_length_adjusted,top10,0.0659268533929992,2556
xgb_metadata_audience__loose__pinned,xgb_metadata_audience,loose,True,True,log_author_prior_30d_comments,top10,-0.03977909706167413,2556
xgb_metadata_audience__loose__pinned,xgb_metadata_audience,loose,True,True,log_author_prior_comments_story,top10,-0.8835751112625593,2556
xgb_metadata_audience__loose__pinned,xgb_metadata_audience,loose,True,True,log_hours_since_article,top10,-0.6314611346688948,2556
xgb_metadata_audience__loose__pinned,xgb_metadata_audience,loose,True,True,log_words,top10,0.4387361354082157,2556
xgb_metadata_audience__loose__pinned,xgb_metadata_audience,loose,True,True,novelty_prior_all_model,top10,0.021502090373229695,2556
xgb_metadata_audience__loose__pinned,xgb_metadata_audience,loose,True,True,prior_reply_composition,top10,-0.30385220850567046,2556
xgb_metadata_audience__loose__pinned,xgb_metadata_audience,loose,True,True,reading_level_length_adjusted,top10,0.0024712907167311004,2556
xgb_metadata_audience__loose__pinned,xgb_metadata_audience,loose,True,True,reply_depth_centered,top10,0.0195838854101905,2556
xgb_metadata_audience__loose__pinned,xgb_metadata_audience,loose,True,True,sentiment_negative,top10,0.05286645647352264,2556
xgb_metadata_audience__loose__pinned,xgb_metadata_audience,loose,True,True,sentiment_positive,top10,-0.1860524273005427,2556
xgb_metadata_audience__loose__pinned,xgb_metadata_audience,loose,True,True,toxicity_probability,top10,-0.3647993738484188,2556
xgb_metadata_audience__loose__pinned,xgb_metadata_audience,loose,True,True,url_present,top10,-0.7433439435822436,2556
xgb_metadata_audience__loose__pinned,xgb_metadata_audience,loose,True,True,vienna_overnight,top10,-0.7443440152919207,2556
xgb_metadata_audience__loose__pinned,xgb_metadata_audience,loose,True,True,vienna_weekday_shoulder_evening,top10,-0.34414367396026757,2556
xgb_metadata_audience__loose__pinned,xgb_metadata_audience,loose,True,True,vienna_weekend_day_evening,top10,-0.3849569628002714,2556
xgb_metadata_audience__loose__unpinned,xgb_metadata_audience,loose,False,True,aqua_additional_knowledge_expected,top10,0.2938646772140698,2556
xgb_metadata_audience__loose__unpinned,xgb_metadata_audience,loose,False,True,aqua_discrimination_expected,top10,0.2936168267894404,2556
xgb_metadata_audience__loose__unpinned,xgb_metadata_audience,loose,False,True,aqua_fact_expected,top10,0.42634337196629923,2556
xgb_metadata_audience__loose__unpinned,xgb_metadata_audience,loose,False,True,aqua_insult_expected,top10,0.17684797055136528,2556
xgb_metadata_audience__loose__unpinned,xgb_metadata_audience,loose,False,True,aqua_justification_expected,top10,0.6559168764504834,2556
xgb_metadata_audience__loose__unpinned,xgb_metadata_audience,loose,False,True,aqua_opinion_expected,top10,0.43912969716688954,2556
xgb_metadata_audience__loose__unpinned,xgb_metadata_audience,loose,False,True,aqua_polite_address_expected,top10,-0.0741184702659576,2556
xgb_metadata_audience__loose__unpinned,xgb_metadata_audience,loose,False,True,aqua_question_expected,top10,-0.47566121019160856,2556
xgb_metadata_audience__loose__unpinned,xgb_metadata_audience,loose,False,True,aqua_referencing_contents_expected,top10,-0.22114162546274913,2556
xgb_metadata_audience__loose__unpinned,xgb_metadata_audience,loose,False,True,aqua_referencing_format_expected,top10,0.10783971103385032,2556
xgb_metadata_audience__loose__unpinned,xgb_metadata_audience,loose,False,True,aqua_referencing_medium_expected,top10,-0.025509731191165237,2556
xgb_metadata_audience__loose__unpinned,xgb_metadata_audience,loose,False,True,aqua_referencing_personal_expected,top10,-0.07375074588579603,2556
xgb_metadata_audience__loose__unpinned,xgb_metadata_audience,loose,False,True,aqua_referencing_users_expected,top10,-0.15456608589577336,2556
xgb_metadata_audience__loose__unpinned,xgb_metadata_audience,loose,False,True,aqua_relevance_expected,top10,0.3792857588936177,2556
xgb_metadata_audience__loose__unpinned,xgb_metadata_audience,loose,False,True,aqua_respect_expected,top10,0.0761381628653193,2556
xgb_metadata_audience__loose__unpinned,xgb_metadata_audience,loose,False,True,aqua_sarcasm_expected,top10,-0.020939069772817724,2556
xgb_metadata_audience__loose__unpinned,xgb_metadata_audience,loose,False,True,aqua_screaming_expected,top10,-0.4599863927712384,2556
xgb_metadata_audience__loose__unpinned,xgb_metadata_audience,loose,False,True,aqua_solution_proposal_expected,top10,0.40494720146536345,2556
xgb_metadata_audience__loose__unpinned,xgb_metadata_audience,loose,False,True,aqua_storytelling_expected,top10,0.3141910056108194,2556
xgb_metadata_audience__loose__unpinned,xgb_metadata_audience,loose,False,True,aqua_vulgarity_expected,top10,0.2318814509386946,2556
xgb_metadata_audience__loose__unpinned,xgb_metadata_audience,loose,False,True,article_similarity_top3,top10,0.4504241732862243,2556
xgb_metadata_audience__loose__unpinned,xgb_metadata_audience,loose,False,True,author_prior_30d_downvote_reception,top10,0.04318225269816738,2556
xgb_metadata_audience__loose__unpinned,xgb_metadata_audience,loose,False,True,author_prior_30d_upvote_reception,top10,0.36117999894466585,2556
xgb_metadata_audience__loose__unpinned,xgb_metadata_audience,loose,False,True,discussion_pace,top10,-0.24521095031294812,2556
xgb_metadata_audience__loose__unpinned,xgb_metadata_audience,loose,False,True,is_reply,top10,-0.9982450373010092,2556
xgb_metadata_audience__loose__unpinned,xgb_metadata_audience,loose,False,True,lexdiv_length_adjusted,top10,0.07333654064556393,2556
xgb_metadata_audience__loose__unpinned,xgb_metadata_audience,loose,False,True,log_author_prior_30d_comments,top10,-0.03935547369035671,2556
xgb_metadata_audience__loose__unpinned,xgb_metadata_audience,loose,False,True,log_author_prior_comments_story,top10,-0.9349720580390469,2556
xgb_metadata_audience__loose__unpinned,xgb_metadata_audience,loose,False,True,log_hours_since_article,top10,-0.827661800740081,2556
xgb_metadata_audience__loose__unpinned,xgb_metadata_audience,loose,False,True,log_words,top10,0.5419139547629441,2556
xgb_metadata_audience__loose__unpinned,xgb_metadata_audience,loose,False,True,novelty_prior_all_model,top10,0.0887221414764849,2556
xgb_metadata_audience__loose__unpinned,xgb_metadata_audience,loose,False,True,prior_reply_composition,top10,-0.4952291971031598,2556
xgb_metadata_audience__loose__unpinned,xgb_metadata_audience,loose,False,True,reading_level_length_adjusted,top10,-0.0028759632820169107,2556
xgb_metadata_audience__loose__unpinned,xgb_metadata_audience,loose,False,True,reply_depth_centered,top10,0.030833599878183283,2556
xgb_metadata_audience__loose__unpinned,xgb_metadata_audience,loose,False,True,sentiment_negative,top10,0.08883501381373562,2556
xgb_metadata_audience__loose__unpinned,xgb_metadata_audience,loose,False,True,sentiment_positive,top10,-0.17111232546703045,2556
xgb_metadata_audience__loose__unpinned,xgb_metadata_audience,loose,False,True,toxicity_probability,top10,-0.2988981273436048,2556
xgb_metadata_audience__loose__unpinned,xgb_metadata_audience,loose,False,True,url_present,top10,-0.821713733777356,2556
xgb_metadata_audience__loose__unpinned,xgb_metadata_audience,loose,False,True,vienna_overnight,top10,-0.6786130428985487,2556
xgb_metadata_audience__loose__unpinned,xgb_metadata_audience,loose,False,True,vienna_weekday_shoulder_evening,top10,-0.3958281905591293,2556
xgb_metadata_audience__loose__unpinned,xgb_metadata_audience,loose,False,True,vienna_weekend_day_evening,top10,-0.38856744670443194,2556
xgb_metadata_audience__trees__pinned,xgb_metadata_audience,trees,True,True,aqua_additional_knowledge_expected,top10,0.19683315176594604,2556
xgb_metadata_audience__trees__pinned,xgb_metadata_audience,trees,True,True,aqua_discrimination_expected,top10,0.1968348707864005,2556
xgb_metadata_audience__trees__pinned,xgb_metadata_audience,trees,True,True,aqua_fact_expected,top10,0.3141678920935745,2556
xgb_metadata_audience__trees__pinned,xgb_metadata_audience,trees,True,True,aqua_insult_expected,top10,0.11950091320654578,2556
xgb_metadata_audience__trees__pinned,xgb_metadata_audience,trees,True,True,aqua_justification_expected,top10,0.4557190407994698,2556
xgb_metadata_audience__trees__pinned,xgb_metadata_audience,trees,True,True,aqua_opinion_expected,top10,0.26813242973879764,2556
xgb_metadata_audience__trees__pinned,xgb_metadata_audience,trees,True,True,aqua_polite_address_expected,top10,-0.15540000939309348,2556
xgb_metadata_audience__trees__pinned,xgb_metadata_audience,trees,True,True,aqua_question_expected,top10,-0.36963044954625346,2556
xgb_metadata_audience__trees__pinned,xgb_metadata_audience,trees,True,True,aqua_referencing_contents_expected,top10,-0.19497992720197937,2556
xgb_metadata_audience__trees__pinned,xgb_metadata_audience,trees,True,True,aqua_referencing_format_expected,top10,0.0681779025896047,2556
xgb_metadata_audience__trees__pinned,xgb_metadata_audience,trees,True,True,aqua_referencing_medium_expected,top10,-0.07553643458140682,2556
xgb_metadata_audience__trees__pinned,xgb_metadata_audience,trees,True,True,aqua_referencing_personal_expected,top10,-0.09017789735918179,2556
xgb_metadata_audience__trees__pinned,xgb_metadata_audience,trees,True,True,aqua_referencing_users_expected,top10,-0.16196526095646982,2556
xgb_metadata_audience__trees__pinned,xgb_metadata_audience,trees,True,True,aqua_relevance_expected,top10,0.2648433480652182,2556
xgb_metadata_audience__trees__pinned,xgb_metadata_audience,trees,True,True,aqua_respect_expected,top10,0.013187165347181331,2556
xgb_metadata_audience__trees__pinned,xgb_metadata_audience,trees,True,True,aqua_sarcasm_expected,top10,8.666617176695545e-05,2556
xgb_metadata_audience__trees__pinned,xgb_metadata_audience,trees,True,True,aqua_screaming_expected,top10,-0.4475649224481287,2556
xgb_metadata_audience__trees__pinned,xgb_metadata_audience,trees,True,True,aqua_solution_proposal_expected,top10,0.2687725462309895,2556
xgb_metadata_audience__trees__pinned,xgb_metadata_audience,trees,True,True,aqua_storytelling_expected,top10,0.16167606374032273,2556
xgb_metadata_audience__trees__pinned,xgb_metadata_audience,trees,True,True,aqua_vulgarity_expected,top10,0.15327801508786684,2556
xgb_metadata_audience__trees__pinned,xgb_metadata_audience,trees,True,True,article_similarity_top3,top10,0.3158008673274288,2556
xgb_metadata_audience__trees__pinned,xgb_metadata_audience,trees,True,True,author_prior_30d_downvote_reception,top10,0.03533855957395379,2556
xgb_metadata_audience__trees__pinned,xgb_metadata_audience,trees,True,True,author_prior_30d_upvote_reception,top10,0.2249709046007254,2556
xgb_metadata_audience__trees__pinned,xgb_metadata_audience,trees,True,True,discussion_pace,top10,0.07687089803366655,2556
xgb_metadata_audience__trees__pinned,xgb_metadata_audience,trees,True,True,is_reply,top10,-0.7785297738413639,2556
xgb_metadata_audience__trees__pinned,xgb_metadata_audience,trees,True,True,lexdiv_length_adjusted,top10,0.0575769684029035,2556
xgb_metadata_audience__trees__pinned,xgb_metadata_audience,trees,True,True,log_author_prior_30d_comments,top10,-0.028045272956626184,2556
xgb_metadata_audience__trees__pinned,xgb_metadata_audience,trees,True,True,log_author_prior_comments_story,top10,-0.7495076075762578,2556
xgb_metadata_audience__trees__pinned,xgb_metadata_audience,trees,True,True,log_hours_since_article,top10,-0.5678889347408741,2556
xgb_metadata_audience__trees__pinned,xgb_metadata_audience,trees,True,True,log_words,top10,0.37280144902470097,2556
xgb_metadata_audience__trees__pinned,xgb_metadata_audience,trees,True,True,novelty_prior_all_model,top10,0.01415413990620101,2556
xgb_metadata_audience__trees__pinned,xgb_metadata_audience,trees,True,True,prior_reply_composition,top10,-0.25655584446498364,2556
xgb_metadata_audience__trees__pinned,xgb_metadata_audience,trees,True,True,reading_level_length_adjusted,top10,-0.005356641093331435,2556
xgb_metadata_audience__trees__pinned,xgb_metadata_audience,trees,True,True,reply_depth_centered,top10,-0.05240573628374723,2556
xgb_metadata_audience__trees__pinned,xgb_metadata_audience,trees,True,True,sentiment_negative,top10,0.034831061661327094,2556
xgb_metadata_audience__trees__pinned,xgb_metadata_audience,trees,True,True,sentiment_positive,top10,-0.1869953627988904,2556
xgb_metadata_audience__trees__pinned,xgb_metadata_audience,trees,True,True,toxicity_probability,top10,-0.40076996736619647,2556
xgb_metadata_audience__trees__pinned,xgb_metadata_audience,trees,True,True,url_present,top10,-0.746754683957445,2556
xgb_metadata_audience__trees__pinned,xgb_metadata_audience,trees,True,True,vienna_overnight,top10,-0.7426283537563589,2556
xgb_metadata_audience__trees__pinned,xgb_metadata_audience,trees,True,True,vienna_weekday_shoulder_evening,top10,-0.32457302488663925,2556
xgb_metadata_audience__trees__pinned,xgb_metadata_audience,trees,True,True,vienna_weekend_day_evening,top10,-0.3841252731740489,2556
xgb_metadata_audience__trees__unpinned,xgb_metadata_audience,trees,False,True,aqua_additional_knowledge_expected,top10,0.12352508808320184,2556
xgb_metadata_audience__trees__unpinned,xgb_metadata_audience,trees,False,True,aqua_discrimination_expected,top10,0.17125388781734413,2556
xgb_metadata_audience__trees__unpinned,xgb_metadata_audience,trees,False,True,aqua_fact_expected,top10,0.2307632638538873,2556
xgb_metadata_audience__trees__unpinned,xgb_metadata_audience,trees,False,True,aqua_insult_expected,top10,0.09580373653723016,2556
xgb_metadata_audience__trees__unpinned,xgb_metadata_audience,trees,False,True,aqua_justification_expected,top10,0.35954214646955274,2556
xgb_metadata_audience__trees__unpinned,xgb_metadata_audience,trees,False,True,aqua_opinion_expected,top10,0.2516739726843892,2556
xgb_metadata_audience__trees__unpinned,xgb_metadata_audience,trees,False,True,aqua_polite_address_expected,top10,-0.19909383551922508,2556
xgb_metadata_audience__trees__unpinned,xgb_metadata_audience,trees,False,True,aqua_question_expected,top10,-0.383097759820244,2556
xgb_metadata_audience__trees__unpinned,xgb_metadata_audience,trees,False,True,aqua_referencing_contents_expected,top10,-0.11768484728039484,2556
xgb_metadata_audience__trees__unpinned,xgb_metadata_audience,trees,False,True,aqua_referencing_format_expected,top10,0.02263797044559433,2556
xgb_metadata_audience__trees__unpinned,xgb_metadata_audience,trees,False,True,aqua_referencing_medium_expected,top10,-0.10613840618339834,2556
xgb_metadata_audience__trees__unpinned,xgb_metadata_audience,trees,False,True,aqua_referencing_personal_expected,top10,-0.10968151346826828,2556
xgb_metadata_audience__trees__unpinned,xgb_metadata_audience,trees,False,True,aqua_referencing_users_expected,top10,-0.11951221598820241,2556
xgb_metadata_audience__trees__unpinned,xgb_metadata_audience,trees,False,True,aqua_relevance_expected,top10,0.23260036373564572,2556
xgb_metadata_audience__trees__unpinned,xgb_metadata_audience,trees,False,True,aqua_respect_expected,top10,0.015619293815553742,2556
xgb_metadata_audience__trees__unpinned,xgb_metadata_audience,trees,False,True,aqua_sarcasm_expected,top10,-0.01920343049343936,2556
xgb_metadata_audience__trees__unpinned,xgb_metadata_audience,trees,False,True,aqua_screaming_expected,top10,-0.526091322796729,2556
xgb_metadata_audience__trees__unpinned,xgb_metadata_audience,trees,False,True,aqua_solution_proposal_expected,top10,0.19990388804860457,2556
xgb_metadata_audience__trees__unpinned,xgb_metadata_audience,trees,False,True,aqua_storytelling_expected,top10,0.12732987787443098,2556
xgb_metadata_audience__trees__unpinned,xgb_metadata_audience,trees,False,True,aqua_vulgarity_expected,top10,0.0961769924028525,2556
xgb_metadata_audience__trees__unpinned,xgb_metadata_audience,trees,False,True,article_similarity_top3,top10,0.20750224913625376,2556
xgb_metadata_audience__trees__unpinned,xgb_metadata_audience,trees,False,True,author_prior_30d_downvote_reception,top10,-0.008153253696047523,2556
xgb_metadata_audience__trees__unpinned,xgb_metadata_audience,trees,False,True,author_prior_30d_upvote_reception,top10,0.18501276424423074,2556
xgb_metadata_audience__trees__unpinned,xgb_metadata_audience,trees,False,True,discussion_pace,top10,-0.06697241112377661,2556
xgb_metadata_audience__trees__unpinned,xgb_metadata_audience,trees,False,True,is_reply,top10,-0.14458523392228828,2556
xgb_metadata_audience__trees__unpinned,xgb_metadata_audience,trees,False,True,lexdiv_length_adjusted,top10,0.04436635966429135,2556
xgb_metadata_audience__trees__unpinned,xgb_metadata_audience,trees,False,True,log_author_prior_30d_comments,top10,-0.003222442674329544,2556
xgb_metadata_audience__trees__unpinned,xgb_metadata_audience,trees,False,True,log_author_prior_comments_story,top10,-0.4963771450036487,2556
xgb_metadata_audience__trees__unpinned,xgb_metadata_audience,trees,False,True,log_hours_since_article,top10,-0.47669741162819335,2556
xgb_metadata_audience__trees__unpinned,xgb_metadata_audience,trees,False,True,log_words,top10,0.29007949695859625,2556
xgb_metadata_audience__trees__unpinned,xgb_metadata_audience,trees,False,True,novelty_prior_all_model,top10,0.04550756001939792,2556
xgb_metadata_audience__trees__unpinned,xgb_metadata_audience,trees,False,True,prior_reply_composition,top10,-0.25560483410911145,2556
xgb_metadata_audience__trees__unpinned,xgb_metadata_audience,trees,False,True,reading_level_length_adjusted,top10,-0.020744967431170266,2556
xgb_metadata_audience__trees__unpinned,xgb_metadata_audience,trees,False,True,reply_depth_centered,top10,-0.2681776129990244,2556
xgb_metadata_audience__trees__unpinned,xgb_metadata_audience,trees,False,True,sentiment_negative,top10,0.02188900434799686,2556
xgb_metadata_audience__trees__unpinned,xgb_metadata_audience,trees,False,True,sentiment_positive,top10,-0.18428096033170802,2556
xgb_metadata_audience__trees__unpinned,xgb_metadata_audience,trees,False,True,toxicity_probability,top10,-0.4224242355409696,2556
xgb_metadata_audience__trees__unpinned,xgb_metadata_audience,trees,False,True,url_present,top10,-0.8299801176079273,2556
xgb_metadata_audience__trees__unpinned,xgb_metadata_audience,trees,False,True,vienna_overnight,top10,-0.6479803320631579,2556
xgb_metadata_audience__trees__unpinned,xgb_metadata_audience,trees,False,True,vienna_weekday_shoulder_evening,top10,-0.3339611496514349,2556
xgb_metadata_audience__trees__unpinned,xgb_metadata_audience,trees,False,True,vienna_weekend_day_evening,top10,-0.3772689312795385,2556
xgb_metadata_editor__hidden__pinned,xgb_metadata_editor,hidden,True,True,aqua_additional_knowledge_expected,top10,0.24806915598237486,2556
xgb_metadata_editor__hidden__pinned,xgb_metadata_editor,hidden,True,True,aqua_discrimination_expected,top10,0.23310674014644986,2556
xgb_metadata_editor__hidden__pinned,xgb_metadata_editor,hidden,True,True,aqua_fact_expected,top10,0.37613595773876873,2556
xgb_metadata_editor__hidden__pinned,xgb_metadata_editor,hidden,True,True,aqua_insult_expected,top10,0.14320602424163892,2556
xgb_metadata_editor__hidden__pinned,xgb_metadata_editor,hidden,True,True,aqua_justification_expected,top10,0.5423559720263024,2556
xgb_metadata_editor__hidden__pinned,xgb_metadata_editor,hidden,True,True,aqua_opinion_expected,top10,0.32103080427030073,2556
xgb_metadata_editor__hidden__pinned,xgb_metadata_editor,hidden,True,True,aqua_polite_address_expected,top10,-0.11559103748444238,2556
xgb_metadata_editor__hidden__pinned,xgb_metadata_editor,hidden,True,True,aqua_question_expected,top10,-0.39485849392684363,2556
xgb_metadata_editor__hidden__pinned,xgb_metadata_editor,hidden,True,True,aqua_referencing_contents_expected,top10,-0.22349212876435742,2556
xgb_metadata_editor__hidden__pinned,xgb_metadata_editor,hidden,True,True,aqua_referencing_format_expected,top10,0.09460650212342388,2556
xgb_metadata_editor__hidden__pinned,xgb_metadata_editor,hidden,True,True,aqua_referencing_medium_expected,top10,-0.05232605924397975,2556
xgb_metadata_editor__hidden__pinned,xgb_metadata_editor,hidden,True,True,aqua_referencing_personal_expected,top10,-0.07849309827281216,2556
xgb_metadata_editor__hidden__pinned,xgb_metadata_editor,hidden,True,True,aqua_referencing_users_expected,top10,-0.1713494973127696,2556
xgb_metadata_editor__hidden__pinned,xgb_metadata_editor,hidden,True,True,aqua_relevance_expected,top10,0.31001045325084337,2556
xgb_metadata_editor__hidden__pinned,xgb_metadata_editor,hidden,True,True,aqua_respect_expected,top10,0.030951411957189732,2556
xgb_metadata_editor__hidden__pinned,xgb_metadata_editor,hidden,True,True,aqua_sarcasm_expected,top10,7.175970355406551e-05,2556
xgb_metadata_editor__hidden__pinned,xgb_metadata_editor,hidden,True,True,aqua_screaming_expected,top10,-0.42663064492650293,2556
xgb_metadata_editor__hidden__pinned,xgb_metadata_editor,hidden,True,True,aqua_solution_proposal_expected,top10,0.3285778682596819,2556
xgb_metadata_editor__hidden__pinned,xgb_metadata_editor,hidden,True,True,aqua_storytelling_expected,top10,0.21378711958371016,2556
xgb_metadata_editor__hidden__pinned,xgb_metadata_editor,hidden,True,True,aqua_vulgarity_expected,top10,0.19092518188117835,2556
xgb_metadata_editor__hidden__pinned,xgb_metadata_editor,hidden,True,True,article_similarity_top3,top10,0.3890295915440774,2556
xgb_metadata_editor__hidden__pinned,xgb_metadata_editor,hidden,True,True,author_prior_30d_downvote_reception,top10,0.05292605704423384,2556
xgb_metadata_editor__hidden__pinned,xgb_metadata_editor,hidden,True,True,author_prior_30d_upvote_reception,top10,0.2678935920599764,2556
xgb_metadata_editor__hidden__pinned,xgb_metadata_editor,hidden,True,True,discussion_pace,top10,0.03549089736421351,2556
xgb_metadata_editor__hidden__pinned,xgb_metadata_editor,hidden,True,True,is_reply,top10,-0.9994548039393456,2556
xgb_metadata_editor__hidden__pinned,xgb_metadata_editor,hidden,True,True,lexdiv_length_adjusted,top10,0.06716244522795141,2556
xgb_metadata_editor__hidden__pinned,xgb_metadata_editor,hidden,True,True,log_author_prior_30d_comments,top10,-0.040541228087976534,2556
xgb_metadata_editor__hidden__pinned,xgb_metadata_editor,hidden,True,True,log_author_prior_comments_story,top10,-0.8890556739092065,2556
xgb_metadata_editor__hidden__pinned,xgb_metadata_editor,hidden,True,True,log_hours_since_article,top10,-0.6265444510864701,2556
xgb_metadata_editor__hidden__pinned,xgb_metadata_editor,hidden,True,True,log_words,top10,0.4489977478818,2556
xgb_metadata_editor__hidden__pinned,xgb_metadata_editor,hidden,True,True,novelty_prior_all_model,top10,0.017468280335723625,2556
xgb_metadata_editor__hidden__pinned,xgb_metadata_editor,hidden,True,True,prior_reply_composition,top10,-0.29877549745798254,2556
xgb_metadata_editor__hidden__pinned,xgb_metadata_editor,hidden,True,True,reading_level_length_adjusted,top10,0.0007881652354733279,2556
xgb_metadata_editor__hidden__pinned,xgb_metadata_editor,hidden,True,True,reply_depth_centered,top10,0.03221646488748738,2556
xgb_metadata_editor__hidden__pinned,xgb_metadata_editor,hidden,True,True,sentiment_negative,top10,0.04950924680819326,2556
xgb_metadata_editor__hidden__pinned,xgb_metadata_editor,hidden,True,True,sentiment_positive,top10,-0.1814755536462225,2556
xgb_metadata_editor__hidden__pinned,xgb_metadata_editor,hidden,True,True,toxicity_probability,top10,-0.37215713833004554,2556
xgb_metadata_editor__hidden__pinned,xgb_metadata_editor,hidden,True,True,url_present,top10,-0.7360457189346128,2556
xgb_metadata_editor__hidden__pinned,xgb_metadata_editor,hidden,True,True,vienna_overnight,top10,-0.7467476700074265,2556
xgb_metadata_editor__hidden__pinned,xgb_metadata_editor,hidden,True,True,vienna_weekday_shoulder_evening,top10,-0.3403807951317759,2556
xgb_metadata_editor__hidden__pinned,xgb_metadata_editor,hidden,True,True,vienna_weekend_day_evening,top10,-0.3851248190094638,2556
xgb_metadata_editor__hidden__unpinned,xgb_metadata_editor,hidden,False,True,aqua_additional_knowledge_expected,top10,0.3214507803876363,2556
xgb_metadata_editor__hidden__unpinned,xgb_metadata_editor,hidden,False,True,aqua_discrimination_expected,top10,0.2971222476888141,2556
xgb_metadata_editor__hidden__unpinned,xgb_metadata_editor,hidden,False,True,aqua_fact_expected,top10,0.44459064855989805,2556
xgb_metadata_editor__hidden__unpinned,xgb_metadata_editor,hidden,False,True,aqua_insult_expected,top10,0.1713803921291909,2556
xgb_metadata_editor__hidden__unpinned,xgb_metadata_editor,hidden,False,True,aqua_justification_expected,top10,0.6768226577076999,2556
xgb_metadata_editor__hidden__unpinned,xgb_metadata_editor,hidden,False,True,aqua_opinion_expected,top10,0.4459622477986159,2556
xgb_metadata_editor__hidden__unpinned,xgb_metadata_editor,hidden,False,True,aqua_polite_address_expected,top10,-0.04635028988544302,2556
xgb_metadata_editor__hidden__unpinned,xgb_metadata_editor,hidden,False,True,aqua_question_expected,top10,-0.4699051058131979,2556
xgb_metadata_editor__hidden__unpinned,xgb_metadata_editor,hidden,False,True,aqua_referencing_contents_expected,top10,-0.2216540358712115,2556
xgb_metadata_editor__hidden__unpinned,xgb_metadata_editor,hidden,False,True,aqua_referencing_format_expected,top10,0.12091627726241855,2556
xgb_metadata_editor__hidden__unpinned,xgb_metadata_editor,hidden,False,True,aqua_referencing_medium_expected,top10,-0.016080741621578937,2556
xgb_metadata_editor__hidden__unpinned,xgb_metadata_editor,hidden,False,True,aqua_referencing_personal_expected,top10,-0.06627573913820262,2556
xgb_metadata_editor__hidden__unpinned,xgb_metadata_editor,hidden,False,True,aqua_referencing_users_expected,top10,-0.1423703833973313,2556
xgb_metadata_editor__hidden__unpinned,xgb_metadata_editor,hidden,False,True,aqua_relevance_expected,top10,0.38981674170165853,2556
xgb_metadata_editor__hidden__unpinned,xgb_metadata_editor,hidden,False,True,aqua_respect_expected,top10,0.08271676419043361,2556
xgb_metadata_editor__hidden__unpinned,xgb_metadata_editor,hidden,False,True,aqua_sarcasm_expected,top10,-0.030379690547053632,2556
xgb_metadata_editor__hidden__unpinned,xgb_metadata_editor,hidden,False,True,aqua_screaming_expected,top10,-0.44268411698747934,2556
xgb_metadata_editor__hidden__unpinned,xgb_metadata_editor,hidden,False,True,aqua_solution_proposal_expected,top10,0.4314180723779281,2556
xgb_metadata_editor__hidden__unpinned,xgb_metadata_editor,hidden,False,True,aqua_storytelling_expected,top10,0.3313211382556391,2556
xgb_metadata_editor__hidden__unpinned,xgb_metadata_editor,hidden,False,True,aqua_vulgarity_expected,top10,0.23195203553009786,2556
xgb_metadata_editor__hidden__unpinned,xgb_metadata_editor,hidden,False,True,article_similarity_top3,top10,0.4617168651295252,2556
xgb_metadata_editor__hidden__unpinned,xgb_metadata_editor,hidden,False,True,author_prior_30d_downvote_reception,top10,0.04590290003532439,2556
xgb_metadata_editor__hidden__unpinned,xgb_metadata_editor,hidden,False,True,author_prior_30d_upvote_reception,top10,0.35001647005950154,2556
xgb_metadata_editor__hidden__unpinned,xgb_metadata_editor,hidden,False,True,discussion_pace,top10,-0.19690380283046244,2556
xgb_metadata_editor__hidden__unpinned,xgb_metadata_editor,hidden,False,True,is_reply,top10,-0.9999954547546719,2556
xgb_metadata_editor__hidden__unpinned,xgb_metadata_editor,hidden,False,True,lexdiv_length_adjusted,top10,0.07523079591672037,2556
xgb_metadata_editor__hidden__unpinned,xgb_metadata_editor,hidden,False,True,log_author_prior_30d_comments,top10,-0.034861355850763165,2556
xgb_metadata_editor__hidden__unpinned,xgb_metadata_editor,hidden,False,True,log_author_prior_comments_story,top10,-0.9258645783054463,2556
xgb_metadata_editor__hidden__unpinned,xgb_metadata_editor,hidden,False,True,log_hours_since_article,top10,-0.7989776860456514,2556
xgb_metadata_editor__hidden__unpinned,xgb_metadata_editor,hidden,False,True,log_words,top10,0.570337763331658,2556
xgb_metadata_editor__hidden__unpinned,xgb_metadata_editor,hidden,False,True,novelty_prior_all_model,top10,0.07030360102207411,2556
xgb_metadata_editor__hidden__unpinned,xgb_metadata_editor,hidden,False,True,prior_reply_composition,top10,-0.4683513207470952,2556
xgb_metadata_editor__hidden__unpinned,xgb_metadata_editor,hidden,False,True,reading_level_length_adjusted,top10,-0.0035275509169282885,2556
xgb_metadata_editor__hidden__unpinned,xgb_metadata_editor,hidden,False,True,reply_depth_centered,top10,0.03257141327776763,2556
xgb_metadata_editor__hidden__unpinned,xgb_metadata_editor,hidden,False,True,sentiment_negative,top10,0.07051995563333135,2556
xgb_metadata_editor__hidden__unpinned,xgb_metadata_editor,hidden,False,True,sentiment_positive,top10,-0.1600650678757759,2556
xgb_metadata_editor__hidden__unpinned,xgb_metadata_editor,hidden,False,True,toxicity_probability,top10,-0.3273764908971688,2556
xgb_metadata_editor__hidden__unpinned,xgb_metadata_editor,hidden,False,True,url_present,top10,-0.7733839591324119,2556
xgb_metadata_editor__hidden__unpinned,xgb_metadata_editor,hidden,False,True,vienna_overnight,top10,-0.6892921945968182,2556
xgb_metadata_editor__hidden__unpinned,xgb_metadata_editor,hidden,False,True,vienna_weekday_shoulder_evening,top10,-0.38140203751363955,2556
xgb_metadata_editor__hidden__unpinned,xgb_metadata_editor,hidden,False,True,vienna_weekend_day_evening,top10,-0.38848856844942514,2556
xgb_metadata_editor__loose__pinned,xgb_metadata_editor,loose,True,True,aqua_additional_knowledge_expected,top10,0.24930985631802077,2556
xgb_metadata_editor__loose__pinned,xgb_metadata_editor,loose,True,True,aqua_discrimination_expected,top10,0.23308479488769257,2556
xgb_metadata_editor__loose__pinned,xgb_metadata_editor,loose,True,True,aqua_fact_expected,top10,0.3773885061001045,2556
xgb_metadata_editor__loose__pinned,xgb_metadata_editor,loose,True,True,aqua_insult_expected,top10,0.1425070567928432,2556
xgb_metadata_editor__loose__pinned,xgb_metadata_editor,loose,True,True,aqua_justification_expected,top10,0.5425518010252511,2556
xgb_metadata_editor__loose__pinned,xgb_metadata_editor,loose,True,True,aqua_opinion_expected,top10,0.3179592442945361,2556
xgb_metadata_editor__loose__pinned,xgb_metadata_editor,loose,True,True,aqua_polite_address_expected,top10,-0.11768294320740146,2556
xgb_metadata_editor__loose__pinned,xgb_metadata_editor,loose,True,True,aqua_question_expected,top10,-0.39680627983220074,2556
xgb_metadata_editor__loose__pinned,xgb_metadata_editor,loose,True,True,aqua_referencing_contents_expected,top10,-0.22298138205973125,2556
xgb_metadata_editor__loose__pinned,xgb_metadata_editor,loose,True,True,aqua_referencing_format_expected,top10,0.09444653292219791,2556
xgb_metadata_editor__loose__pinned,xgb_metadata_editor,loose,True,True,aqua_referencing_medium_expected,top10,-0.052758564313762635,2556
xgb_metadata_editor__loose__pinned,xgb_metadata_editor,loose,True,True,aqua_referencing_personal_expected,top10,-0.0781974894327804,2556
xgb_metadata_editor__loose__pinned,xgb_metadata_editor,loose,True,True,aqua_referencing_users_expected,top10,-0.17228189675648078,2556
xgb_metadata_editor__loose__pinned,xgb_metadata_editor,loose,True,True,aqua_relevance_expected,top10,0.3103100042883965,2556
xgb_metadata_editor__loose__pinned,xgb_metadata_editor,loose,True,True,aqua_respect_expected,top10,0.02954015342634421,2556
xgb_metadata_editor__loose__pinned,xgb_metadata_editor,loose,True,True,aqua_sarcasm_expected,top10,-0.0005949367817798565,2556
xgb_metadata_editor__loose__pinned,xgb_metadata_editor,loose,True,True,aqua_screaming_expected,top10,-0.4280168560519047,2556
xgb_metadata_editor__loose__pinned,xgb_metadata_editor,loose,True,True,aqua_solution_proposal_expected,top10,0.3286439238494553,2556
xgb_metadata_editor__loose__pinned,xgb_metadata_editor,loose,True,True,aqua_storytelling_expected,top10,0.21352560689120756,2556
xgb_metadata_editor__loose__pinned,xgb_metadata_editor,loose,True,True,aqua_vulgarity_expected,top10,0.18959817545943922,2556
xgb_metadata_editor__loose__pinned,xgb_metadata_editor,loose,True,True,article_similarity_top3,top10,0.38792278678318265,2556
xgb_metadata_editor__loose__pinned,xgb_metadata_editor,loose,True,True,author_prior_30d_downvote_reception,top10,0.05099967582584893,2556
xgb_metadata_editor__loose__pinned,xgb_metadata_editor,loose,True,True,author_prior_30d_upvote_reception,top10,0.2642566746161473,2556
xgb_metadata_editor__loose__pinned,xgb_metadata_editor,loose,True,True,discussion_pace,top10,0.04276188537966757,2556
xgb_metadata_editor__loose__pinned,xgb_metadata_editor,loose,True,True,is_reply,top10,-0.9761719554583378,2556
xgb_metadata_editor__loose__pinned,xgb_metadata_editor,loose,True,True,lexdiv_length_adjusted,top10,0.06680065282074987,2556
xgb_metadata_editor__loose__pinned,xgb_metadata_editor,loose,True,True,log_author_prior_30d_comments,top10,-0.03996389912462675,2556
xgb_metadata_editor__loose__pinned,xgb_metadata_editor,loose,True,True,log_author_prior_comments_story,top10,-0.881021307602642,2556
xgb_metadata_editor__loose__pinned,xgb_metadata_editor,loose,True,True,log_hours_since_article,top10,-0.6226786423881049,2556
xgb_metadata_editor__loose__pinned,xgb_metadata_editor,loose,True,True,log_words,top10,0.4488213735995392,2556
xgb_metadata_editor__loose__pinned,xgb_metadata_editor,loose,True,True,novelty_prior_all_model,top10,0.014390732045056517,2556
xgb_metadata_editor__loose__pinned,xgb_metadata_editor,loose,True,True,prior_reply_composition,top10,-0.2956425474347044,2556
xgb_metadata_editor__loose__pinned,xgb_metadata_editor,loose,True,True,reading_level_length_adjusted,top10,0.0019149779521314004,2556
xgb_metadata_editor__loose__pinned,xgb_metadata_editor,loose,True,True,reply_depth_centered,top10,0.02017822029788702,2556
xgb_metadata_editor__loose__pinned,xgb_metadata_editor,loose,True,True,sentiment_negative,top10,0.04813881062185221,2556
xgb_metadata_editor__loose__pinned,xgb_metadata_editor,loose,True,True,sentiment_positive,top10,-0.1835141189428974,2556
xgb_metadata_editor__loose__pinned,xgb_metadata_editor,loose,True,True,toxicity_probability,top10,-0.37413073799457214,2556
xgb_metadata_editor__loose__pinned,xgb_metadata_editor,loose,True,True,url_present,top10,-0.7335225962385915,2556
xgb_metadata_editor__loose__pinned,xgb_metadata_editor,loose,True,True,vienna_overnight,top10,-0.7475207728511865,2556
xgb_metadata_editor__loose__pinned,xgb_metadata_editor,loose,True,True,vienna_weekday_shoulder_evening,top10,-0.34058191897763607,2556
xgb_metadata_editor__loose__pinned,xgb_metadata_editor,loose,True,True,vienna_weekend_day_evening,top10,-0.38494510483720884,2556
xgb_metadata_editor__loose__unpinned,xgb_metadata_editor,loose,False,True,aqua_additional_knowledge_expected,top10,0.3217605703287684,2556
xgb_metadata_editor__loose__unpinned,xgb_metadata_editor,loose,False,True,aqua_discrimination_expected,top10,0.2974443806372978,2556
xgb_metadata_editor__loose__unpinned,xgb_metadata_editor,loose,False,True,aqua_fact_expected,top10,0.44505766045521494,2556
xgb_metadata_editor__loose__unpinned,xgb_metadata_editor,loose,False,True,aqua_insult_expected,top10,0.17147941248689244,2556
xgb_metadata_editor__loose__unpinned,xgb_metadata_editor,loose,False,True,aqua_justification_expected,top10,0.6773208183607434,2556
xgb_metadata_editor__loose__unpinned,xgb_metadata_editor,loose,False,True,aqua_opinion_expected,top10,0.44611631586975586,2556
xgb_metadata_editor__loose__unpinned,xgb_metadata_editor,loose,False,True,aqua_polite_address_expected,top10,-0.046189277556452746,2556
xgb_metadata_editor__loose__unpinned,xgb_metadata_editor,loose,False,True,aqua_question_expected,top10,-0.47017355200229016,2556
xgb_metadata_editor__loose__unpinned,xgb_metadata_editor,loose,False,True,aqua_referencing_contents_expected,top10,-0.22164539980521514,2556
xgb_metadata_editor__loose__unpinned,xgb_metadata_editor,loose,False,True,aqua_referencing_format_expected,top10,0.12091370472494539,2556
xgb_metadata_editor__loose__unpinned,xgb_metadata_editor,loose,False,True,aqua_referencing_medium_expected,top10,-0.015916045719547467,2556
xgb_metadata_editor__loose__unpinned,xgb_metadata_editor,loose,False,True,aqua_referencing_personal_expected,top10,-0.06640193297798756,2556
xgb_metadata_editor__loose__unpinned,xgb_metadata_editor,loose,False,True,aqua_referencing_users_expected,top10,-0.14226212848517428,2556
xgb_metadata_editor__loose__unpinned,xgb_metadata_editor,loose,False,True,aqua_relevance_expected,top10,0.39018010502446127,2556
xgb_metadata_editor__loose__unpinned,xgb_metadata_editor,loose,False,True,aqua_respect_expected,top10,0.08280215097000199,2556
xgb_metadata_editor__loose__unpinned,xgb_metadata_editor,loose,False,True,aqua_sarcasm_expected,top10,-0.03047052830008511,2556
xgb_metadata_editor__loose__unpinned,xgb_metadata_editor,loose,False,True,aqua_screaming_expected,top10,-0.4427743329034834,2556
xgb_metadata_editor__loose__unpinned,xgb_metadata_editor,loose,False,True,aqua_solution_proposal_expected,top10,0.43195122544915215,2556
xgb_metadata_editor__loose__unpinned,xgb_metadata_editor,loose,False,True,aqua_storytelling_expected,top10,0.331648018463291,2556
xgb_metadata_editor__loose__unpinned,xgb_metadata_editor,loose,False,True,aqua_vulgarity_expected,top10,0.23193539552633305,2556
xgb_metadata_editor__loose__unpinned,xgb_metadata_editor,loose,False,True,article_similarity_top3,top10,0.4619512858109192,2556
xgb_metadata_editor__loose__unpinned,xgb_metadata_editor,loose,False,True,author_prior_30d_downvote_reception,top10,0.045650313232726336,2556
xgb_metadata_editor__loose__unpinned,xgb_metadata_editor,loose,False,True,author_prior_30d_upvote_reception,top10,0.3502093014089304,2556
xgb_metadata_editor__loose__unpinned,xgb_metadata_editor,loose,False,True,discussion_pace,top10,-0.19675067638804541,2556
xgb_metadata_editor__loose__unpinned,xgb_metadata_editor,loose,False,True,is_reply,top10,-0.9993394110456169,2556
xgb_metadata_editor__loose__unpinned,xgb_metadata_editor,loose,False,True,lexdiv_length_adjusted,top10,0.07542427513962793,2556
xgb_metadata_editor__loose__unpinned,xgb_metadata_editor,loose,False,True,log_author_prior_30d_comments,top10,-0.03488814973254261,2556
xgb_metadata_editor__loose__unpinned,xgb_metadata_editor,loose,False,True,log_author_prior_comments_story,top10,-0.9260556346288319,2556
xgb_metadata_editor__loose__unpinned,xgb_metadata_editor,loose,False,True,log_hours_since_article,top10,-0.7998593494694438,2556
xgb_metadata_editor__loose__unpinned,xgb_metadata_editor,loose,False,True,log_words,top10,0.5707755170109319,2556
xgb_metadata_editor__loose__unpinned,xgb_metadata_editor,loose,False,True,novelty_prior_all_model,top10,0.0704586056130118,2556
xgb_metadata_editor__loose__unpinned,xgb_metadata_editor,loose,False,True,prior_reply_composition,top10,-0.4695918630182437,2556
xgb_metadata_editor__loose__unpinned,xgb_metadata_editor,loose,False,True,reading_level_length_adjusted,top10,-0.003386215113219152,2556
xgb_metadata_editor__loose__unpinned,xgb_metadata_editor,loose,False,True,reply_depth_centered,top10,0.031765427474800094,2556
xgb_metadata_editor__loose__unpinned,xgb_metadata_editor,loose,False,True,sentiment_negative,top10,0.07061557039397774,2556
xgb_metadata_editor__loose__unpinned,xgb_metadata_editor,loose,False,True,sentiment_positive,top10,-0.1601550391082752,2556
xgb_metadata_editor__loose__unpinned,xgb_metadata_editor,loose,False,True,toxicity_probability,top10,-0.32740437705136655,2556
xgb_metadata_editor__loose__unpinned,xgb_metadata_editor,loose,False,True,url_present,top10,-0.7732334636660506,2556
xgb_metadata_editor__loose__unpinned,xgb_metadata_editor,loose,False,True,vienna_overnight,top10,-0.6892270791096565,2556
xgb_metadata_editor__loose__unpinned,xgb_metadata_editor,loose,False,True,vienna_weekday_shoulder_evening,top10,-0.38161074149572943,2556
xgb_metadata_editor__loose__unpinned,xgb_metadata_editor,loose,False,True,vienna_weekend_day_evening,top10,-0.38868717225807314,2556
xgb_metadata_editor__trees__pinned,xgb_metadata_editor,trees,True,True,aqua_additional_knowledge_expected,top10,0.20175647960230716,2556
xgb_metadata_editor__trees__pinned,xgb_metadata_editor,trees,True,True,aqua_discrimination_expected,top10,0.19821094132258357,2556
xgb_metadata_editor__trees__pinned,xgb_metadata_editor,trees,True,True,aqua_fact_expected,top10,0.318059371077328,2556
xgb_metadata_editor__trees__pinned,xgb_metadata_editor,trees,True,True,aqua_insult_expected,top10,0.1191947208131711,2556
xgb_metadata_editor__trees__pinned,xgb_metadata_editor,trees,True,True,aqua_justification_expected,top10,0.4601255450958076,2556
xgb_metadata_editor__trees__pinned,xgb_metadata_editor,trees,True,True,aqua_opinion_expected,top10,0.2698667951788842,2556
xgb_metadata_editor__trees__pinned,xgb_metadata_editor,trees,True,True,aqua_polite_address_expected,top10,-0.14977702108753435,2556
xgb_metadata_editor__trees__pinned,xgb_metadata_editor,trees,True,True,aqua_question_expected,top10,-0.3706444258148123,2556
xgb_metadata_editor__trees__pinned,xgb_metadata_editor,trees,True,True,aqua_referencing_contents_expected,top10,-0.195400465582974,2556
xgb_metadata_editor__trees__pinned,xgb_metadata_editor,trees,True,True,aqua_referencing_format_expected,top10,0.0709097935425702,2556
xgb_metadata_editor__trees__pinned,xgb_metadata_editor,trees,True,True,aqua_referencing_medium_expected,top10,-0.07387440941531964,2556
xgb_metadata_editor__trees__pinned,xgb_metadata_editor,trees,True,True,aqua_referencing_personal_expected,top10,-0.08889096921787597,2556
xgb_metadata_editor__trees__pinned,xgb_metadata_editor,trees,True,True,aqua_referencing_users_expected,top10,-0.16048133311373086,2556
xgb_metadata_editor__trees__pinned,xgb_metadata_editor,trees,True,True,aqua_relevance_expected,top10,0.2681297002279118,2556
xgb_metadata_editor__trees__pinned,xgb_metadata_editor,trees,True,True,aqua_respect_expected,top10,0.014763347668730758,2556
xgb_metadata_editor__trees__pinned,xgb_metadata_editor,trees,True,True,aqua_sarcasm_expected,top10,-0.001298513185063286,2556
xgb_metadata_editor__trees__pinned,xgb_metadata_editor,trees,True,True,aqua_screaming_expected,top10,-0.4459338709228787,2556
xgb_metadata_editor__trees__pinned,xgb_metadata_editor,trees,True,True,aqua_solution_proposal_expected,top10,0.2742419789825158,2556
xgb_metadata_editor__trees__pinned,xgb_metadata_editor,trees,True,True,aqua_storytelling_expected,top10,0.16785602022651688,2556
xgb_metadata_editor__trees__pinned,xgb_metadata_editor,trees,True,True,aqua_vulgarity_expected,top10,0.1541729858566119,2556
xgb_metadata_editor__trees__pinned,xgb_metadata_editor,trees,True,True,article_similarity_top3,top10,0.3199056402865186,2556
xgb_metadata_editor__trees__pinned,xgb_metadata_editor,trees,True,True,author_prior_30d_downvote_reception,top10,0.03512612975711037,2556
xgb_metadata_editor__trees__pinned,xgb_metadata_editor,trees,True,True,author_prior_30d_upvote_reception,top10,0.2226205354882379,2556
xgb_metadata_editor__trees__pinned,xgb_metadata_editor,trees,True,True,discussion_pace,top10,0.08762763968230161,2556
xgb_metadata_editor__trees__pinned,xgb_metadata_editor,trees,True,True,is_reply,top10,-0.7804551690148737,2556
xgb_metadata_editor__trees__pinned,xgb_metadata_editor,trees,True,True,lexdiv_length_adjusted,top10,0.05743997839819318,2556
xgb_metadata_editor__trees__pinned,xgb_metadata_editor,trees,True,True,log_author_prior_30d_comments,top10,-0.028336487462069966,2556
xgb_metadata_editor__trees__pinned,xgb_metadata_editor,trees,True,True,log_author_prior_comments_story,top10,-0.7471101833264512,2556
xgb_metadata_editor__trees__pinned,xgb_metadata_editor,trees,True,True,log_hours_since_article,top10,-0.5610253416157657,2556
xgb_metadata_editor__trees__pinned,xgb_metadata_editor,trees,True,True,log_words,top10,0.37882725813536966,2556
xgb_metadata_editor__trees__pinned,xgb_metadata_editor,trees,True,True,novelty_prior_all_model,top10,0.01044008576083509,2556
xgb_metadata_editor__trees__pinned,xgb_metadata_editor,trees,True,True,prior_reply_composition,top10,-0.2515105925315233,2556
xgb_metadata_editor__trees__pinned,xgb_metadata_editor,trees,True,True,reading_level_length_adjusted,top10,-0.005775389290730145,2556
xgb_metadata_editor__trees__pinned,xgb_metadata_editor,trees,True,True,reply_depth_centered,top10,-0.051510454311364647,2556
xgb_metadata_editor__trees__pinned,xgb_metadata_editor,trees,True,True,sentiment_negative,top10,0.030155681173482517,2556
xgb_metadata_editor__trees__pinned,xgb_metadata_editor,trees,True,True,sentiment_positive,top10,-0.18365986412636873,2556
xgb_metadata_editor__trees__pinned,xgb_metadata_editor,trees,True,True,toxicity_probability,top10,-0.40878299901915116,2556
xgb_metadata_editor__trees__pinned,xgb_metadata_editor,trees,True,True,url_present,top10,-0.7419595285992726,2556
xgb_metadata_editor__trees__pinned,xgb_metadata_editor,trees,True,True,vienna_overnight,top10,-0.7469912268383512,2556
xgb_metadata_editor__trees__pinned,xgb_metadata_editor,trees,True,True,vienna_weekday_shoulder_evening,top10,-0.3232953932916065,2556
xgb_metadata_editor__trees__pinned,xgb_metadata_editor,trees,True,True,vienna_weekend_day_evening,top10,-0.3831205592477248,2556
xgb_metadata_editor__trees__unpinned,xgb_metadata_editor,trees,False,True,aqua_additional_knowledge_expected,top10,0.1421112348190574,2556
xgb_metadata_editor__trees__unpinned,xgb_metadata_editor,trees,False,True,aqua_discrimination_expected,top10,0.17187964908530964,2556
xgb_metadata_editor__trees__unpinned,xgb_metadata_editor,trees,False,True,aqua_fact_expected,top10,0.2394765576538095,2556
xgb_metadata_editor__trees__unpinned,xgb_metadata_editor,trees,False,True,aqua_insult_expected,top10,0.09199706182090178,2556
xgb_metadata_editor__trees__unpinned,xgb_metadata_editor,trees,False,True,aqua_justification_expected,top10,0.37042284474692044,2556
xgb_metadata_editor__trees__unpinned,xgb_metadata_editor,trees,False,True,aqua_opinion_expected,top10,0.25453966592584015,2556
xgb_metadata_editor__trees__unpinned,xgb_metadata_editor,trees,False,True,aqua_polite_address_expected,top10,-0.1688912087492856,2556
xgb_metadata_editor__trees__unpinned,xgb_metadata_editor,trees,False,True,aqua_question_expected,top10,-0.37455365984028033,2556
xgb_metadata_editor__trees__unpinned,xgb_metadata_editor,trees,False,True,aqua_referencing_contents_expected,top10,-0.11671474404626307,2556
xgb_metadata_editor__trees__unpinned,xgb_metadata_editor,trees,False,True,aqua_referencing_format_expected,top10,0.03491018122079207,2556
xgb_metadata_editor__trees__unpinned,xgb_metadata_editor,trees,False,True,aqua_referencing_medium_expected,top10,-0.09540709505048309,2556
xgb_metadata_editor__trees__unpinned,xgb_metadata_editor,trees,False,True,aqua_referencing_personal_expected,top10,-0.10250423720911096,2556
xgb_metadata_editor__trees__unpinned,xgb_metadata_editor,trees,False,True,aqua_referencing_users_expected,top10,-0.10876856231944197,2556
xgb_metadata_editor__trees__unpinned,xgb_metadata_editor,trees,False,True,aqua_relevance_expected,top10,0.2339015005431884,2556
xgb_metadata_editor__trees__unpinned,xgb_metadata_editor,trees,False,True,aqua_respect_expected,top10,0.022804742368469202,2556
xgb_metadata_editor__trees__unpinned,xgb_metadata_editor,trees,False,True,aqua_sarcasm_expected,top10,-0.025026593451269605,2556
xgb_metadata_editor__trees__unpinned,xgb_metadata_editor,trees,False,True,aqua_screaming_expected,top10,-0.5088274573063769,2556
xgb_metadata_editor__trees__unpinned,xgb_metadata_editor,trees,False,True,aqua_solution_proposal_expected,top10,0.2168637173534418,2556
xgb_metadata_editor__trees__unpinned,xgb_metadata_editor,trees,False,True,aqua_storytelling_expected,top10,0.13948175027358506,2556
xgb_metadata_editor__trees__unpinned,xgb_metadata_editor,trees,False,True,aqua_vulgarity_expected,top10,0.09633956931330918,2556
xgb_metadata_editor__trees__unpinned,xgb_metadata_editor,trees,False,True,article_similarity_top3,top10,0.2130977885315674,2556
xgb_metadata_editor__trees__unpinned,xgb_metadata_editor,trees,False,True,author_prior_30d_downvote_reception,top10,-0.0031720629408348213,2556
xgb_metadata_editor__trees__unpinned,xgb_metadata_editor,trees,False,True,author_prior_30d_upvote_reception,top10,0.17625725395510985,2556
xgb_metadata_editor__trees__unpinned,xgb_metadata_editor,trees,False,True,discussion_pace,top10,-0.036143530294922226,2556
xgb_metadata_editor__trees__unpinned,xgb_metadata_editor,trees,False,True,is_reply,top10,-0.15128896145316212,2556
xgb_metadata_editor__trees__unpinned,xgb_metadata_editor,trees,False,True,lexdiv_length_adjusted,top10,0.04426049947996142,2556
xgb_metadata_editor__trees__unpinned,xgb_metadata_editor,trees,False,True,log_author_prior_30d_comments,top10,0.0012191148941894264,2556
xgb_metadata_editor__trees__unpinned,xgb_metadata_editor,trees,False,True,log_author_prior_comments_story,top10,-0.4892858412193921,2556
xgb_metadata_editor__trees__unpinned,xgb_metadata_editor,trees,False,True,log_hours_since_article,top10,-0.4556422647651884,2556
xgb_metadata_editor__trees__unpinned,xgb_metadata_editor,trees,False,True,log_words,top10,0.30681675229855077,2556
xgb_metadata_editor__trees__unpinned,xgb_metadata_editor,trees,False,True,novelty_prior_all_model,top10,0.03744621936165824,2556
xgb_metadata_editor__trees__unpinned,xgb_metadata_editor,trees,False,True,prior_reply_composition,top10,-0.2353218771823451,2556
xgb_metadata_editor__trees__unpinned,xgb_metadata_editor,trees,False,True,reading_level_length_adjusted,top10,-0.019494891840728865,2556
xgb_metadata_editor__trees__unpinned,xgb_metadata_editor,trees,False,True,reply_depth_centered,top10,-0.26622080661271813,2556
xgb_metadata_editor__trees__unpinned,xgb_metadata_editor,trees,False,True,sentiment_negative,top10,0.008132660520201626,2556
xgb_metadata_editor__trees__unpinned,xgb_metadata_editor,trees,False,True,sentiment_positive,top10,-0.17442979698418812,2556
xgb_metadata_editor__trees__unpinned,xgb_metadata_editor,trees,False,True,toxicity_probability,top10,-0.4425524884446252,2556
xgb_metadata_editor__trees__unpinned,xgb_metadata_editor,trees,False,True,url_present,top10,-0.7926834823023463,2556
xgb_metadata_editor__trees__unpinned,xgb_metadata_editor,trees,False,True,vienna_overnight,top10,-0.6609642958750946,2556
xgb_metadata_editor__trees__unpinned,xgb_metadata_editor,trees,False,True,vienna_weekday_shoulder_evening,top10,-0.3267867897146259,2556
xgb_metadata_editor__trees__unpinned,xgb_metadata_editor,trees,False,True,vienna_weekend_day_evening,top10,-0.37629048108014557,2556
xgb_metadata_text_audience__hidden__pinned,xgb_metadata_text_audience,hidden,True,True,aqua_additional_knowledge_expected,top10,0.24059792897726856,2556
xgb_metadata_text_audience__hidden__pinned,xgb_metadata_text_audience,hidden,True,True,aqua_discrimination_expected,top10,0.23296862700977392,2556
xgb_metadata_text_audience__hidden__pinned,xgb_metadata_text_audience,hidden,True,True,aqua_fact_expected,top10,0.3698891806807235,2556
xgb_metadata_text_audience__hidden__pinned,xgb_metadata_text_audience,hidden,True,True,aqua_insult_expected,top10,0.14344919861160865,2556
xgb_metadata_text_audience__hidden__pinned,xgb_metadata_text_audience,hidden,True,True,aqua_justification_expected,top10,0.536846773461894,2556
xgb_metadata_text_audience__hidden__pinned,xgb_metadata_text_audience,hidden,True,True,aqua_opinion_expected,top10,0.31969502357242885,2556
xgb_metadata_text_audience__hidden__pinned,xgb_metadata_text_audience,hidden,True,True,aqua_polite_address_expected,top10,-0.12373203120122395,2556
xgb_metadata_text_audience__hidden__pinned,xgb_metadata_text_audience,hidden,True,True,aqua_question_expected,top10,-0.381711110282958,2556
xgb_metadata_text_audience__hidden__pinned,xgb_metadata_text_audience,hidden,True,True,aqua_referencing_contents_expected,top10,-0.2209021633915068,2556
xgb_metadata_text_audience__hidden__pinned,xgb_metadata_text_audience,hidden,True,True,aqua_referencing_format_expected,top10,0.09269982142397298,2556
xgb_metadata_text_audience__hidden__pinned,xgb_metadata_text_audience,hidden,True,True,aqua_referencing_medium_expected,top10,-0.052544575756872054,2556
xgb_metadata_text_audience__hidden__pinned,xgb_metadata_text_audience,hidden,True,True,aqua_referencing_personal_expected,top10,-0.07758331616580635,2556
xgb_metadata_text_audience__hidden__pinned,xgb_metadata_text_audience,hidden,True,True,aqua_referencing_users_expected,top10,-0.1710303030784318,2556
xgb_metadata_text_audience__hidden__pinned,xgb_metadata_text_audience,hidden,True,True,aqua_relevance_expected,top10,0.3033087984476368,2556
xgb_metadata_text_audience__hidden__pinned,xgb_metadata_text_audience,hidden,True,True,aqua_respect_expected,top10,0.027455764242892273,2556
xgb_metadata_text_audience__hidden__pinned,xgb_metadata_text_audience,hidden,True,True,aqua_sarcasm_expected,top10,0.0060547816583829475,2556
xgb_metadata_text_audience__hidden__pinned,xgb_metadata_text_audience,hidden,True,True,aqua_screaming_expected,top10,-0.4159247130968287,2556
xgb_metadata_text_audience__hidden__pinned,xgb_metadata_text_audience,hidden,True,True,aqua_solution_proposal_expected,top10,0.3229125427726461,2556
xgb_metadata_text_audience__hidden__pinned,xgb_metadata_text_audience,hidden,True,True,aqua_storytelling_expected,top10,0.20532088561292053,2556
xgb_metadata_text_audience__hidden__pinned,xgb_metadata_text_audience,hidden,True,True,aqua_vulgarity_expected,top10,0.19421277350419472,2556
xgb_metadata_text_audience__hidden__pinned,xgb_metadata_text_audience,hidden,True,True,article_similarity_top3,top10,0.381562500676414,2556
xgb_metadata_text_audience__hidden__pinned,xgb_metadata_text_audience,hidden,True,True,author_prior_30d_downvote_reception,top10,0.06378581249481936,2556
xgb_metadata_text_audience__hidden__pinned,xgb_metadata_text_audience,hidden,True,True,author_prior_30d_upvote_reception,top10,0.2677433284122289,2556
xgb_metadata_text_audience__hidden__pinned,xgb_metadata_text_audience,hidden,True,True,discussion_pace,top10,0.024222955420587815,2556
xgb_metadata_text_audience__hidden__pinned,xgb_metadata_text_audience,hidden,True,True,is_reply,top10,-0.9994440721100983,2556
xgb_metadata_text_audience__hidden__pinned,xgb_metadata_text_audience,hidden,True,True,lexdiv_length_adjusted,top10,0.06678859942795896,2556
xgb_metadata_text_audience__hidden__pinned,xgb_metadata_text_audience,hidden,True,True,log_author_prior_30d_comments,top10,-0.03616394936900339,2556
xgb_metadata_text_audience__hidden__pinned,xgb_metadata_text_audience,hidden,True,True,log_author_prior_comments_story,top10,-0.8920745599193766,2556
xgb_metadata_text_audience__hidden__pinned,xgb_metadata_text_audience,hidden,True,True,log_hours_since_article,top10,-0.634691216891972,2556
xgb_metadata_text_audience__hidden__pinned,xgb_metadata_text_audience,hidden,True,True,log_words,top10,0.44231248161428943,2556
xgb_metadata_text_audience__hidden__pinned,xgb_metadata_text_audience,hidden,True,True,novelty_prior_all_model,top10,0.028064465377253107,2556
xgb_metadata_text_audience__hidden__pinned,xgb_metadata_text_audience,hidden,True,True,prior_reply_composition,top10,-0.30688758974771035,2556
xgb_metadata_text_audience__hidden__pinned,xgb_metadata_text_audience,hidden,True,True,reading_level_length_adjusted,top10,-0.0007441272410231405,2556
xgb_metadata_text_audience__hidden__pinned,xgb_metadata_text_audience,hidden,True,True,reply_depth_centered,top10,0.032208750803530126,2556
xgb_metadata_text_audience__hidden__pinned,xgb_metadata_text_audience,hidden,True,True,sentiment_negative,top10,0.058452156461098276,2556
xgb_metadata_text_audience__hidden__pinned,xgb_metadata_text_audience,hidden,True,True,sentiment_positive,top10,-0.18700864514266738,2556
xgb_metadata_text_audience__hidden__pinned,xgb_metadata_text_audience,hidden,True,True,toxicity_probability,top10,-0.35203265699476327,2556
xgb_metadata_text_audience__hidden__pinned,xgb_metadata_text_audience,hidden,True,True,url_present,top10,-0.7355810384401898,2556
xgb_metadata_text_audience__hidden__pinned,xgb_metadata_text_audience,hidden,True,True,vienna_overnight,top10,-0.7422090699245573,2556
xgb_metadata_text_audience__hidden__pinned,xgb_metadata_text_audience,hidden,True,True,vienna_weekday_shoulder_evening,top10,-0.3449794435470379,2556
xgb_metadata_text_audience__hidden__pinned,xgb_metadata_text_audience,hidden,True,True,vienna_weekend_day_evening,top10,-0.38482007822076286,2556
xgb_metadata_text_audience__hidden__unpinned,xgb_metadata_text_audience,hidden,False,True,aqua_additional_knowledge_expected,top10,0.2943848956963867,2556
xgb_metadata_text_audience__hidden__unpinned,xgb_metadata_text_audience,hidden,False,True,aqua_discrimination_expected,top10,0.30026079505578396,2556
xgb_metadata_text_audience__hidden__unpinned,xgb_metadata_text_audience,hidden,False,True,aqua_fact_expected,top10,0.42874147935794443,2556
xgb_metadata_text_audience__hidden__unpinned,xgb_metadata_text_audience,hidden,False,True,aqua_insult_expected,top10,0.17236830606137876,2556
xgb_metadata_text_audience__hidden__unpinned,xgb_metadata_text_audience,hidden,False,True,aqua_justification_expected,top10,0.6645782534894311,2556
xgb_metadata_text_audience__hidden__unpinned,xgb_metadata_text_audience,hidden,False,True,aqua_opinion_expected,top10,0.44577378553208147,2556
xgb_metadata_text_audience__hidden__unpinned,xgb_metadata_text_audience,hidden,False,True,aqua_polite_address_expected,top10,-0.07710338697749025,2556
xgb_metadata_text_audience__hidden__unpinned,xgb_metadata_text_audience,hidden,False,True,aqua_question_expected,top10,-0.4358905096740264,2556
xgb_metadata_text_audience__hidden__unpinned,xgb_metadata_text_audience,hidden,False,True,aqua_referencing_contents_expected,top10,-0.21093115071165733,2556
xgb_metadata_text_audience__hidden__unpinned,xgb_metadata_text_audience,hidden,False,True,aqua_referencing_format_expected,top10,0.1131225590559392,2556
xgb_metadata_text_audience__hidden__unpinned,xgb_metadata_text_audience,hidden,False,True,aqua_referencing_medium_expected,top10,-0.017534744201757164,2556
xgb_metadata_text_audience__hidden__unpinned,xgb_metadata_text_audience,hidden,False,True,aqua_referencing_personal_expected,top10,-0.06598397055250746,2556
xgb_metadata_text_audience__hidden__unpinned,xgb_metadata_text_audience,hidden,False,True,aqua_referencing_users_expected,top10,-0.1430457266194274,2556
xgb_metadata_text_audience__hidden__unpinned,xgb_metadata_text_audience,hidden,False,True,aqua_relevance_expected,top10,0.3744277411217958,2556
xgb_metadata_text_audience__hidden__unpinned,xgb_metadata_text_audience,hidden,False,True,aqua_respect_expected,top10,0.07034595835201628,2556
xgb_metadata_text_audience__hidden__unpinned,xgb_metadata_text_audience,hidden,False,True,aqua_sarcasm_expected,top10,-0.012123821047420175,2556
xgb_metadata_text_audience__hidden__unpinned,xgb_metadata_text_audience,hidden,False,True,aqua_screaming_expected,top10,-0.4145649987830592,2556
xgb_metadata_text_audience__hidden__unpinned,xgb_metadata_text_audience,hidden,False,True,aqua_solution_proposal_expected,top10,0.41472234538341507,2556
xgb_metadata_text_audience__hidden__unpinned,xgb_metadata_text_audience,hidden,False,True,aqua_storytelling_expected,top10,0.3068308926555093,2556
xgb_metadata_text_audience__hidden__unpinned,xgb_metadata_text_audience,hidden,False,True,aqua_vulgarity_expected,top10,0.24055940163511413,2556
xgb_metadata_text_audience__hidden__unpinned,xgb_metadata_text_audience,hidden,False,True,article_similarity_top3,top10,0.44381090032036,2556
xgb_metadata_text_audience__hidden__unpinned,xgb_metadata_text_audience,hidden,False,True,author_prior_30d_downvote_reception,top10,0.07098223173950644,2556
xgb_metadata_text_audience__hidden__unpinned,xgb_metadata_text_audience,hidden,False,True,author_prior_30d_upvote_reception,top10,0.34867743261941364,2556
xgb_metadata_text_audience__hidden__unpinned,xgb_metadata_text_audience,hidden,False,True,discussion_pace,top10,-0.22940031322359117,2556
xgb_metadata_text_audience__hidden__unpinned,xgb_metadata_text_audience,hidden,False,True,is_reply,top10,-0.9999847229254248,2556
xgb_metadata_text_audience__hidden__unpinned,xgb_metadata_text_audience,hidden,False,True,lexdiv_length_adjusted,top10,0.0752350244652706,2556
xgb_metadata_text_audience__hidden__unpinned,xgb_metadata_text_audience,hidden,False,True,log_author_prior_30d_comments,top10,-0.024426147938152513,2556
xgb_metadata_text_audience__hidden__unpinned,xgb_metadata_text_audience,hidden,False,True,log_author_prior_comments_story,top10,-0.9361682860508573,2556
xgb_metadata_text_audience__hidden__unpinned,xgb_metadata_text_audience,hidden,False,True,log_hours_since_article,top10,-0.8242119968770644,2556
xgb_metadata_text_audience__hidden__unpinned,xgb_metadata_text_audience,hidden,False,True,log_words,top10,0.5504906127863178,2556
xgb_metadata_text_audience__hidden__unpinned,xgb_metadata_text_audience,hidden,False,True,novelty_prior_all_model,top10,0.09762608664476786,2556
xgb_metadata_text_audience__hidden__unpinned,xgb_metadata_text_audience,hidden,False,True,prior_reply_composition,top10,-0.49344144148544644,2556
xgb_metadata_text_audience__hidden__unpinned,xgb_metadata_text_audience,hidden,False,True,reading_level_length_adjusted,top10,-0.008545042136051463,2556
xgb_metadata_text_audience__hidden__unpinned,xgb_metadata_text_audience,hidden,False,True,reply_depth_centered,top10,0.032563699193810365,2556
xgb_metadata_text_audience__hidden__unpinned,xgb_metadata_text_audience,hidden,False,True,sentiment_negative,top10,0.10508624086869163,2556
xgb_metadata_text_audience__hidden__unpinned,xgb_metadata_text_audience,hidden,False,True,sentiment_positive,top10,-0.1835555630806229,2556
xgb_metadata_text_audience__hidden__unpinned,xgb_metadata_text_audience,hidden,False,True,toxicity_probability,top10,-0.27402140856784507,2556
xgb_metadata_text_audience__hidden__unpinned,xgb_metadata_text_audience,hidden,False,True,url_present,top10,-0.7919210516142623,2556
xgb_metadata_text_audience__hidden__unpinned,xgb_metadata_text_audience,hidden,False,True,vienna_overnight,top10,-0.6785399530002499,2556
xgb_metadata_text_audience__hidden__unpinned,xgb_metadata_text_audience,hidden,False,True,vienna_weekday_shoulder_evening,top10,-0.39637244389600773,2556
xgb_metadata_text_audience__hidden__unpinned,xgb_metadata_text_audience,hidden,False,True,vienna_weekend_day_evening,top10,-0.3881175552154167,2556
xgb_metadata_text_audience__loose__pinned,xgb_metadata_text_audience,loose,True,True,aqua_additional_knowledge_expected,top10,0.24205561861176794,2556
xgb_metadata_text_audience__loose__pinned,xgb_metadata_text_audience,loose,True,True,aqua_discrimination_expected,top10,0.23284943707412498,2556
xgb_metadata_text_audience__loose__pinned,xgb_metadata_text_audience,loose,True,True,aqua_fact_expected,top10,0.3712492901842076,2556
xgb_metadata_text_audience__loose__pinned,xgb_metadata_text_audience,loose,True,True,aqua_insult_expected,top10,0.14275680073194885,2556
xgb_metadata_text_audience__loose__pinned,xgb_metadata_text_audience,loose,True,True,aqua_justification_expected,top10,0.5372264701817047,2556
xgb_metadata_text_audience__loose__pinned,xgb_metadata_text_audience,loose,True,True,aqua_opinion_expected,top10,0.316534330841096,2556
xgb_metadata_text_audience__loose__pinned,xgb_metadata_text_audience,loose,True,True,aqua_polite_address_expected,top10,-0.12569520996889527,2556
xgb_metadata_text_audience__loose__pinned,xgb_metadata_text_audience,loose,True,True,aqua_question_expected,top10,-0.3840892590151285,2556
xgb_metadata_text_audience__loose__pinned,xgb_metadata_text_audience,loose,True,True,aqua_referencing_contents_expected,top10,-0.2205711993252708,2556
xgb_metadata_text_audience__loose__pinned,xgb_metadata_text_audience,loose,True,True,aqua_referencing_format_expected,top10,0.0925771662121587,2556
xgb_metadata_text_audience__loose__pinned,xgb_metadata_text_audience,loose,True,True,aqua_referencing_medium_expected,top10,-0.05290588880361635,2556
xgb_metadata_text_audience__loose__pinned,xgb_metadata_text_audience,loose,True,True,aqua_referencing_personal_expected,top10,-0.07729841182734407,2556
xgb_metadata_text_audience__loose__pinned,xgb_metadata_text_audience,loose,True,True,aqua_referencing_users_expected,top10,-0.1722651477603315,2556
xgb_metadata_text_audience__loose__pinned,xgb_metadata_text_audience,loose,True,True,aqua_relevance_expected,top10,0.30384301202692865,2556
xgb_metadata_text_audience__loose__pinned,xgb_metadata_text_audience,loose,True,True,aqua_respect_expected,top10,0.02604381963507335,2556
xgb_metadata_text_audience__loose__pinned,xgb_metadata_text_audience,loose,True,True,aqua_sarcasm_expected,top10,0.00521949760853848,2556
xgb_metadata_text_audience__loose__pinned,xgb_metadata_text_audience,loose,True,True,aqua_screaming_expected,top10,-0.41717642348856526,2556
xgb_metadata_text_audience__loose__pinned,xgb_metadata_text_audience,loose,True,True,aqua_solution_proposal_expected,top10,0.3230392983740281,2556
xgb_metadata_text_audience__loose__pinned,xgb_metadata_text_audience,loose,True,True,aqua_storytelling_expected,top10,0.20528062585177326,2556
xgb_metadata_text_audience__loose__pinned,xgb_metadata_text_audience,loose,True,True,aqua_vulgarity_expected,top10,0.19282759982781644,2556
xgb_metadata_text_audience__loose__pinned,xgb_metadata_text_audience,loose,True,True,article_similarity_top3,top10,0.38052764735889316,2556
xgb_metadata_text_audience__loose__pinned,xgb_metadata_text_audience,loose,True,True,author_prior_30d_downvote_reception,top10,0.0615789817885593,2556
xgb_metadata_text_audience__loose__pinned,xgb_metadata_text_audience,loose,True,True,author_prior_30d_upvote_reception,top10,0.2642696137535034,2556
xgb_metadata_text_audience__loose__pinned,xgb_metadata_text_audience,loose,True,True,discussion_pace,top10,0.031841936203919126,2556
xgb_metadata_text_audience__loose__pinned,xgb_metadata_text_audience,loose,True,True,is_reply,top10,-0.9759707664925797,2556
xgb_metadata_text_audience__loose__pinned,xgb_metadata_text_audience,loose,True,True,lexdiv_length_adjusted,top10,0.06641597995790374,2556
xgb_metadata_text_audience__loose__pinned,xgb_metadata_text_audience,loose,True,True,log_author_prior_30d_comments,top10,-0.03558748955076928,2556
xgb_metadata_text_audience__loose__pinned,xgb_metadata_text_audience,loose,True,True,log_author_prior_comments_story,top10,-0.8838640798319304,2556
xgb_metadata_text_audience__loose__pinned,xgb_metadata_text_audience,loose,True,True,log_hours_since_article,top10,-0.6308377346908006,2556
xgb_metadata_text_audience__loose__pinned,xgb_metadata_text_audience,loose,True,True,log_words,top10,0.4422827853983792,2556
xgb_metadata_text_audience__loose__pinned,xgb_metadata_text_audience,loose,True,True,novelty_prior_all_model,top10,0.024771183897745762,2556
xgb_metadata_text_audience__loose__pinned,xgb_metadata_text_audience,loose,True,True,prior_reply_composition,top10,-0.3038267059105604,2556
xgb_metadata_text_audience__loose__pinned,xgb_metadata_text_audience,loose,True,True,reading_level_length_adjusted,top10,0.00042824560581488367,2556
xgb_metadata_text_audience__loose__pinned,xgb_metadata_text_audience,loose,True,True,reply_depth_centered,top10,0.020016987979091495,2556
xgb_metadata_text_audience__loose__pinned,xgb_metadata_text_audience,loose,True,True,sentiment_negative,top10,0.05691995524603459,2556
xgb_metadata_text_audience__loose__pinned,xgb_metadata_text_audience,loose,True,True,sentiment_positive,top10,-0.18901621127760926,2556
xgb_metadata_text_audience__loose__pinned,xgb_metadata_text_audience,loose,True,True,toxicity_probability,top10,-0.35439132128334194,2556
xgb_metadata_text_audience__loose__pinned,xgb_metadata_text_audience,loose,True,True,url_present,top10,-0.7331981066551231,2556
xgb_metadata_text_audience__loose__pinned,xgb_metadata_text_audience,loose,True,True,vienna_overnight,top10,-0.7431298251523043,2556
xgb_metadata_text_audience__loose__pinned,xgb_metadata_text_audience,loose,True,True,vienna_weekday_shoulder_evening,top10,-0.3452404058822612,2556
xgb_metadata_text_audience__loose__pinned,xgb_metadata_text_audience,loose,True,True,vienna_weekend_day_evening,top10,-0.3846670527521584,2556
xgb_metadata_text_audience__loose__unpinned,xgb_metadata_text_audience,loose,False,True,aqua_additional_knowledge_expected,top10,0.2946724730378343,2556
xgb_metadata_text_audience__loose__unpinned,xgb_metadata_text_audience,loose,False,True,aqua_discrimination_expected,top10,0.3004146235877423,2556
xgb_metadata_text_audience__loose__unpinned,xgb_metadata_text_audience,loose,False,True,aqua_fact_expected,top10,0.4291119090607057,2556
xgb_metadata_text_audience__loose__unpinned,xgb_metadata_text_audience,loose,False,True,aqua_insult_expected,top10,0.17245542324163335,2556
xgb_metadata_text_audience__loose__unpinned,xgb_metadata_text_audience,loose,False,True,aqua_justification_expected,top10,0.6649827106094998,2556
xgb_metadata_text_audience__loose__unpinned,xgb_metadata_text_audience,loose,False,True,aqua_opinion_expected,top10,0.4457901152276459,2556
xgb_metadata_text_audience__loose__unpinned,xgb_metadata_text_audience,loose,False,True,aqua_polite_address_expected,top10,-0.07700406486241049,2556
xgb_metadata_text_audience__loose__unpinned,xgb_metadata_text_audience,loose,False,True,aqua_question_expected,top10,-0.43615480034950205,2556
xgb_metadata_text_audience__loose__unpinned,xgb_metadata_text_audience,loose,False,True,aqua_referencing_contents_expected,top10,-0.2110345125591119,2556
xgb_metadata_text_audience__loose__unpinned,xgb_metadata_text_audience,loose,False,True,aqua_referencing_format_expected,top10,0.1130837201623619,2556
xgb_metadata_text_audience__loose__unpinned,xgb_metadata_text_audience,loose,False,True,aqua_referencing_medium_expected,top10,-0.017310719872752983,2556
xgb_metadata_text_audience__loose__unpinned,xgb_metadata_text_audience,loose,False,True,aqua_referencing_personal_expected,top10,-0.06607434105324558,2556
xgb_metadata_text_audience__loose__unpinned,xgb_metadata_text_audience,loose,False,True,aqua_referencing_users_expected,top10,-0.14306944038268488,2556
xgb_metadata_text_audience__loose__unpinned,xgb_metadata_text_audience,loose,False,True,aqua_relevance_expected,top10,0.37472938879549966,2556
xgb_metadata_text_audience__loose__unpinned,xgb_metadata_text_audience,loose,False,True,aqua_respect_expected,top10,0.07039148720715863,2556
xgb_metadata_text_audience__loose__unpinned,xgb_metadata_text_audience,loose,False,True,aqua_sarcasm_expected,top10,-0.012234228344088249,2556
xgb_metadata_text_audience__loose__unpinned,xgb_metadata_text_audience,loose,False,True,aqua_screaming_expected,top10,-0.41444452309180996,2556
xgb_metadata_text_audience__loose__unpinned,xgb_metadata_text_audience,loose,False,True,aqua_solution_proposal_expected,top10,0.41505673636833895,2556
xgb_metadata_text_audience__loose__unpinned,xgb_metadata_text_audience,loose,False,True,aqua_storytelling_expected,top10,0.3071712810994914,2556
xgb_metadata_text_audience__loose__unpinned,xgb_metadata_text_audience,loose,False,True,aqua_vulgarity_expected,top10,0.240579466148061,2556
xgb_metadata_text_audience__loose__unpinned,xgb_metadata_text_audience,loose,False,True,article_similarity_top3,top10,0.4439201097218322,2556
xgb_metadata_text_audience__loose__unpinned,xgb_metadata_text_audience,loose,False,True,author_prior_30d_downvote_reception,top10,0.07078173771459698,2556
xgb_metadata_text_audience__loose__unpinned,xgb_metadata_text_audience,loose,False,True,author_prior_30d_upvote_reception,top10,0.3489817101807606,2556
xgb_metadata_text_audience__loose__unpinned,xgb_metadata_text_audience,loose,False,True,discussion_pace,top10,-0.22921355680484412,2556
xgb_metadata_text_audience__loose__unpinned,xgb_metadata_text_audience,loose,False,True,is_reply,top10,-0.9990140833396564,2556
xgb_metadata_text_audience__loose__unpinned,xgb_metadata_text_audience,loose,False,True,lexdiv_length_adjusted,top10,0.07539924506354123,2556
xgb_metadata_text_audience__loose__unpinned,xgb_metadata_text_audience,loose,False,True,log_author_prior_30d_comments,top10,-0.02435233202897623,2556
xgb_metadata_text_audience__loose__unpinned,xgb_metadata_text_audience,loose,False,True,log_author_prior_comments_story,top10,-0.9362163079743963,2556
xgb_metadata_text_audience__loose__unpinned,xgb_metadata_text_audience,loose,False,True,log_hours_since_article,top10,-0.8253797256488349,2556
xgb_metadata_text_audience__loose__unpinned,xgb_metadata_text_audience,loose,False,True,log_words,top10,0.550836947499508,2556
xgb_metadata_text_audience__loose__unpinned,xgb_metadata_text_audience,loose,False,True,novelty_prior_all_model,top10,0.09787782418871886,2556
xgb_metadata_text_audience__loose__unpinned,xgb_metadata_text_audience,loose,False,True,prior_reply_composition,top10,-0.4951256690454815,2556
xgb_metadata_text_audience__loose__unpinned,xgb_metadata_text_audience,loose,False,True,reading_level_length_adjusted,top10,-0.008433198244149724,2556
xgb_metadata_text_audience__loose__unpinned,xgb_metadata_text_audience,loose,False,True,reply_depth_centered,top10,0.03150981987438592,2556
xgb_metadata_text_audience__loose__unpinned,xgb_metadata_text_audience,loose,False,True,sentiment_negative,top10,0.10522773189548645,2556
xgb_metadata_text_audience__loose__unpinned,xgb_metadata_text_audience,loose,False,True,sentiment_positive,top10,-0.18370133164415356,2556
xgb_metadata_text_audience__loose__unpinned,xgb_metadata_text_audience,loose,False,True,toxicity_probability,top10,-0.274110317227269,2556
xgb_metadata_text_audience__loose__unpinned,xgb_metadata_text_audience,loose,False,True,url_present,top10,-0.7917442487038623,2556
xgb_metadata_text_audience__loose__unpinned,xgb_metadata_text_audience,loose,False,True,vienna_overnight,top10,-0.6784617934455127,2556
xgb_metadata_text_audience__loose__unpinned,xgb_metadata_text_audience,loose,False,True,vienna_weekday_shoulder_evening,top10,-0.39668275633009403,2556
xgb_metadata_text_audience__loose__unpinned,xgb_metadata_text_audience,loose,False,True,vienna_weekend_day_evening,top10,-0.3883571854485451,2556
xgb_metadata_text_audience__trees__pinned,xgb_metadata_text_audience,trees,True,True,aqua_additional_knowledge_expected,top10,0.19593860077277733,2556
xgb_metadata_text_audience__trees__pinned,xgb_metadata_text_audience,trees,True,True,aqua_discrimination_expected,top10,0.20096351487412836,2556
xgb_metadata_text_audience__trees__pinned,xgb_metadata_text_audience,trees,True,True,aqua_fact_expected,top10,0.31455973642158774,2556
xgb_metadata_text_audience__trees__pinned,xgb_metadata_text_audience,trees,True,True,aqua_insult_expected,top10,0.11933276912429433,2556
xgb_metadata_text_audience__trees__pinned,xgb_metadata_text_audience,trees,True,True,aqua_justification_expected,top10,0.4580243296448704,2556
xgb_metadata_text_audience__trees__pinned,xgb_metadata_text_audience,trees,True,True,aqua_opinion_expected,top10,0.27051300091028135,2556
xgb_metadata_text_audience__trees__pinned,xgb_metadata_text_audience,trees,True,True,aqua_polite_address_expected,top10,-0.1576791676470922,2556
xgb_metadata_text_audience__trees__pinned,xgb_metadata_text_audience,trees,True,True,aqua_question_expected,top10,-0.36133156624665147,2556
xgb_metadata_text_audience__trees__pinned,xgb_metadata_text_audience,trees,True,True,aqua_referencing_contents_expected,top10,-0.1937276461911899,2556
xgb_metadata_text_audience__trees__pinned,xgb_metadata_text_audience,trees,True,True,aqua_referencing_format_expected,top10,0.06710451799002436,2556
xgb_metadata_text_audience__trees__pinned,xgb_metadata_text_audience,trees,True,True,aqua_referencing_medium_expected,top10,-0.07578877950931025,2556
xgb_metadata_text_audience__trees__pinned,xgb_metadata_text_audience,trees,True,True,aqua_referencing_personal_expected,top10,-0.09030528785561596,2556
xgb_metadata_text_audience__trees__pinned,xgb_metadata_text_audience,trees,True,True,aqua_referencing_users_expected,top10,-0.16151313766643743,2556
xgb_metadata_text_audience__trees__pinned,xgb_metadata_text_audience,trees,True,True,aqua_relevance_expected,top10,0.26570074626968715,2556
xgb_metadata_text_audience__trees__pinned,xgb_metadata_text_audience,trees,True,True,aqua_respect_expected,top10,0.01049922776295277,2556
xgb_metadata_text_audience__trees__pinned,xgb_metadata_text_audience,trees,True,True,aqua_sarcasm_expected,top10,0.002465302526240111,2556
xgb_metadata_text_audience__trees__pinned,xgb_metadata_text_audience,trees,True,True,aqua_screaming_expected,top10,-0.4392362050170509,2556
xgb_metadata_text_audience__trees__pinned,xgb_metadata_text_audience,trees,True,True,aqua_solution_proposal_expected,top10,0.2709910676147811,2556
xgb_metadata_text_audience__trees__pinned,xgb_metadata_text_audience,trees,True,True,aqua_storytelling_expected,top10,0.16026913474065488,2556
xgb_metadata_text_audience__trees__pinned,xgb_metadata_text_audience,trees,True,True,aqua_vulgarity_expected,top10,0.1560563693459838,2556
xgb_metadata_text_audience__trees__pinned,xgb_metadata_text_audience,trees,True,True,article_similarity_top3,top10,0.313992123413344,2556
xgb_metadata_text_audience__trees__pinned,xgb_metadata_text_audience,trees,True,True,author_prior_30d_downvote_reception,top10,0.04237148018662867,2556
xgb_metadata_text_audience__trees__pinned,xgb_metadata_text_audience,trees,True,True,author_prior_30d_upvote_reception,top10,0.22091658769184966,2556
xgb_metadata_text_audience__trees__pinned,xgb_metadata_text_audience,trees,True,True,discussion_pace,top10,0.0792966387647956,2556
xgb_metadata_text_audience__trees__pinned,xgb_metadata_text_audience,trees,True,True,is_reply,top10,-0.7800549160846126,2556
xgb_metadata_text_audience__trees__pinned,xgb_metadata_text_audience,trees,True,True,lexdiv_length_adjusted,top10,0.056977171417640346,2556
xgb_metadata_text_audience__trees__pinned,xgb_metadata_text_audience,trees,True,True,log_author_prior_30d_comments,top10,-0.02452774419308783,2556
xgb_metadata_text_audience__trees__pinned,xgb_metadata_text_audience,trees,True,True,log_author_prior_comments_story,top10,-0.7503241899194658,2556
xgb_metadata_text_audience__trees__pinned,xgb_metadata_text_audience,trees,True,True,log_hours_since_article,top10,-0.5680282659471518,2556
xgb_metadata_text_audience__trees__pinned,xgb_metadata_text_audience,trees,True,True,log_words,top10,0.3744665331868272,2556
xgb_metadata_text_audience__trees__pinned,xgb_metadata_text_audience,trees,True,True,novelty_prior_all_model,top10,0.017883135220309498,2556
xgb_metadata_text_audience__trees__pinned,xgb_metadata_text_audience,trees,True,True,prior_reply_composition,top10,-0.2567148071852534,2556
xgb_metadata_text_audience__trees__pinned,xgb_metadata_text_audience,trees,True,True,reading_level_length_adjusted,top10,-0.006672320329084566,2556
xgb_metadata_text_audience__trees__pinned,xgb_metadata_text_audience,trees,True,True,reply_depth_centered,top10,-0.05084071864311424,2556
xgb_metadata_text_audience__trees__pinned,xgb_metadata_text_audience,trees,True,True,sentiment_negative,top10,0.039819459431879284,2556
xgb_metadata_text_audience__trees__pinned,xgb_metadata_text_audience,trees,True,True,sentiment_positive,top10,-0.19336375396718647,2556
xgb_metadata_text_audience__trees__pinned,xgb_metadata_text_audience,trees,True,True,toxicity_probability,top10,-0.3923933954482443,2556
xgb_metadata_text_audience__trees__pinned,xgb_metadata_text_audience,trees,True,True,url_present,top10,-0.7443440037699514,2556
xgb_metadata_text_audience__trees__pinned,xgb_metadata_text_audience,trees,True,True,vienna_overnight,top10,-0.7431705336208186,2556
xgb_metadata_text_audience__trees__pinned,xgb_metadata_text_audience,trees,True,True,vienna_weekday_shoulder_evening,top10,-0.3289389989371294,2556
xgb_metadata_text_audience__trees__pinned,xgb_metadata_text_audience,trees,True,True,vienna_weekend_day_evening,top10,-0.38238434753471995,2556
xgb_metadata_text_audience__trees__unpinned,xgb_metadata_text_audience,trees,False,True,aqua_additional_knowledge_expected,top10,0.11248163187651997,2556
xgb_metadata_text_audience__trees__unpinned,xgb_metadata_text_audience,trees,False,True,aqua_discrimination_expected,top10,0.179677453163383,2556
xgb_metadata_text_audience__trees__unpinned,xgb_metadata_text_audience,trees,False,True,aqua_fact_expected,top10,0.22690411744372216,2556
xgb_metadata_text_audience__trees__unpinned,xgb_metadata_text_audience,trees,False,True,aqua_insult_expected,top10,0.08730087435510268,2556
xgb_metadata_text_audience__trees__unpinned,xgb_metadata_text_audience,trees,False,True,aqua_justification_expected,top10,0.3637549422060356,2556
xgb_metadata_text_audience__trees__unpinned,xgb_metadata_text_audience,trees,False,True,aqua_opinion_expected,top10,0.259035226241379,2556
xgb_metadata_text_audience__trees__unpinned,xgb_metadata_text_audience,trees,False,True,aqua_polite_address_expected,top10,-0.19803135436310398,2556
xgb_metadata_text_audience__trees__unpinned,xgb_metadata_text_audience,trees,False,True,aqua_question_expected,top10,-0.3593721729677177,2556
xgb_metadata_text_audience__trees__unpinned,xgb_metadata_text_audience,trees,False,True,aqua_referencing_contents_expected,top10,-0.11334197038143347,2556
xgb_metadata_text_audience__trees__unpinned,xgb_metadata_text_audience,trees,False,True,aqua_referencing_format_expected,top10,0.019608072663316354,2556
xgb_metadata_text_audience__trees__unpinned,xgb_metadata_text_audience,trees,False,True,aqua_referencing_medium_expected,top10,-0.10327530187799251,2556
xgb_metadata_text_audience__trees__unpinned,xgb_metadata_text_audience,trees,False,True,aqua_referencing_personal_expected,top10,-0.11366446091761068,2556
xgb_metadata_text_audience__trees__unpinned,xgb_metadata_text_audience,trees,False,True,aqua_referencing_users_expected,top10,-0.11471717030730887,2556
xgb_metadata_text_audience__trees__unpinned,xgb_metadata_text_audience,trees,False,True,aqua_relevance_expected,top10,0.23109157939621372,2556
xgb_metadata_text_audience__trees__unpinned,xgb_metadata_text_audience,trees,False,True,aqua_respect_expected,top10,0.013190058003519385,2556
xgb_metadata_text_audience__trees__unpinned,xgb_metadata_text_audience,trees,False,True,aqua_sarcasm_expected,top10,-0.01790196726441284,2556
xgb_metadata_text_audience__trees__unpinned,xgb_metadata_text_audience,trees,False,True,aqua_screaming_expected,top10,-0.4951336362347013,2556
xgb_metadata_text_audience__trees__unpinned,xgb_metadata_text_audience,trees,False,True,aqua_solution_proposal_expected,top10,0.2081821493939483,2556
xgb_metadata_text_audience__trees__unpinned,xgb_metadata_text_audience,trees,False,True,aqua_storytelling_expected,top10,0.11486626649985918,2556
xgb_metadata_text_audience__trees__unpinned,xgb_metadata_text_audience,trees,False,True,aqua_vulgarity_expected,top10,0.09516127179599336,2556
xgb_metadata_text_audience__trees__unpinned,xgb_metadata_text_audience,trees,False,True,article_similarity_top3,top10,0.1979215585790972,2556
xgb_metadata_text_audience__trees__unpinned,xgb_metadata_text_audience,trees,False,True,author_prior_30d_downvote_reception,top10,0.009351354486756374,2556
xgb_metadata_text_audience__trees__unpinned,xgb_metadata_text_audience,trees,False,True,author_prior_30d_upvote_reception,top10,0.17385029868715673,2556
xgb_metadata_text_audience__trees__unpinned,xgb_metadata_text_audience,trees,False,True,discussion_pace,top10,-0.05831507192063581,2556
xgb_metadata_text_audience__trees__unpinned,xgb_metadata_text_audience,trees,False,True,is_reply,top10,-0.14147946853404736,2556
xgb_metadata_text_audience__trees__unpinned,xgb_metadata_text_audience,trees,False,True,lexdiv_length_adjusted,top10,0.04396706337403752,2556
xgb_metadata_text_audience__trees__unpinned,xgb_metadata_text_audience,trees,False,True,log_author_prior_30d_comments,top10,0.010818988854709957,2556
xgb_metadata_text_audience__trees__unpinned,xgb_metadata_text_audience,trees,False,True,log_author_prior_comments_story,top10,-0.4925372057180921,2556
xgb_metadata_text_audience__trees__unpinned,xgb_metadata_text_audience,trees,False,True,log_hours_since_article,top10,-0.4681956812261213,2556
xgb_metadata_text_audience__trees__unpinned,xgb_metadata_text_audience,trees,False,True,log_words,top10,0.2919284204588196,2556
xgb_metadata_text_audience__trees__unpinned,xgb_metadata_text_audience,trees,False,True,novelty_prior_all_model,top10,0.052120059739404596,2556
xgb_metadata_text_audience__trees__unpinned,xgb_metadata_text_audience,trees,False,True,prior_reply_composition,top10,-0.2507534918063533,2556
xgb_metadata_text_audience__trees__unpinned,xgb_metadata_text_audience,trees,False,True,reading_level_length_adjusted,top10,-0.024460941351806088,2556
xgb_metadata_text_audience__trees__unpinned,xgb_metadata_text_audience,trees,False,True,reply_depth_centered,top10,-0.2658824595110036,2556
xgb_metadata_text_audience__trees__unpinned,xgb_metadata_text_audience,trees,False,True,sentiment_negative,top10,0.036786957368764896,2556
xgb_metadata_text_audience__trees__unpinned,xgb_metadata_text_audience,trees,False,True,sentiment_positive,top10,-0.20290210370268139,2556
xgb_metadata_text_audience__trees__unpinned,xgb_metadata_text_audience,trees,False,True,toxicity_probability,top10,-0.4089304062409922,2556
xgb_metadata_text_audience__trees__unpinned,xgb_metadata_text_audience,trees,False,True,url_present,top10,-0.817926849680527,2556
xgb_metadata_text_audience__trees__unpinned,xgb_metadata_text_audience,trees,False,True,vienna_overnight,top10,-0.6525209992412396,2556
xgb_metadata_text_audience__trees__unpinned,xgb_metadata_text_audience,trees,False,True,vienna_weekday_shoulder_evening,top10,-0.33868432415623023,2556
xgb_metadata_text_audience__trees__unpinned,xgb_metadata_text_audience,trees,False,True,vienna_weekend_day_evening,top10,-0.3773449175275842,2556
xgb_metadata_text_editor__hidden__pinned,xgb_metadata_text_editor,hidden,True,True,aqua_additional_knowledge_expected,top10,0.24357583281578749,2556
xgb_metadata_text_editor__hidden__pinned,xgb_metadata_text_editor,hidden,True,True,aqua_discrimination_expected,top10,0.23412906172395578,2556
xgb_metadata_text_editor__hidden__pinned,xgb_metadata_text_editor,hidden,True,True,aqua_fact_expected,top10,0.3725431133517372,2556
xgb_metadata_text_editor__hidden__pinned,xgb_metadata_text_editor,hidden,True,True,aqua_insult_expected,top10,0.1435843618096433,2556
xgb_metadata_text_editor__hidden__pinned,xgb_metadata_text_editor,hidden,True,True,aqua_justification_expected,top10,0.5402353092090221,2556
xgb_metadata_text_editor__hidden__pinned,xgb_metadata_text_editor,hidden,True,True,aqua_opinion_expected,top10,0.32125499464604673,2556
xgb_metadata_text_editor__hidden__pinned,xgb_metadata_text_editor,hidden,True,True,aqua_polite_address_expected,top10,-0.1216677692313952,2556
xgb_metadata_text_editor__hidden__pinned,xgb_metadata_text_editor,hidden,True,True,aqua_question_expected,top10,-0.38258837467434686,2556
xgb_metadata_text_editor__hidden__pinned,xgb_metadata_text_editor,hidden,True,True,aqua_referencing_contents_expected,top10,-0.2211028008877544,2556
xgb_metadata_text_editor__hidden__pinned,xgb_metadata_text_editor,hidden,True,True,aqua_referencing_format_expected,top10,0.09419345998120093,2556
xgb_metadata_text_editor__hidden__pinned,xgb_metadata_text_editor,hidden,True,True,aqua_referencing_medium_expected,top10,-0.05148052941541341,2556
xgb_metadata_text_editor__hidden__pinned,xgb_metadata_text_editor,hidden,True,True,aqua_referencing_personal_expected,top10,-0.07644104575720546,2556
xgb_metadata_text_editor__hidden__pinned,xgb_metadata_text_editor,hidden,True,True,aqua_referencing_users_expected,top10,-0.1701567039937975,2556
xgb_metadata_text_editor__hidden__pinned,xgb_metadata_text_editor,hidden,True,True,aqua_relevance_expected,top10,0.30513667088236146,2556
xgb_metadata_text_editor__hidden__pinned,xgb_metadata_text_editor,hidden,True,True,aqua_respect_expected,top10,0.028181316143080316,2556
xgb_metadata_text_editor__hidden__pinned,xgb_metadata_text_editor,hidden,True,True,aqua_sarcasm_expected,top10,0.00511084072427766,2556
xgb_metadata_text_editor__hidden__pinned,xgb_metadata_text_editor,hidden,True,True,aqua_screaming_expected,top10,-0.41470134386479546,2556
xgb_metadata_text_editor__hidden__pinned,xgb_metadata_text_editor,hidden,True,True,aqua_solution_proposal_expected,top10,0.326356247749842,2556
xgb_metadata_text_editor__hidden__pinned,xgb_metadata_text_editor,hidden,True,True,aqua_storytelling_expected,top10,0.20842698942850346,2556
xgb_metadata_text_editor__hidden__pinned,xgb_metadata_text_editor,hidden,True,True,aqua_vulgarity_expected,top10,0.19503165777707276,2556
xgb_metadata_text_editor__hidden__pinned,xgb_metadata_text_editor,hidden,True,True,article_similarity_top3,top10,0.38361888994463583,2556
xgb_metadata_text_editor__hidden__pinned,xgb_metadata_text_editor,hidden,True,True,author_prior_30d_downvote_reception,top10,0.06321025812464845,2556
xgb_metadata_text_editor__hidden__pinned,xgb_metadata_text_editor,hidden,True,True,author_prior_30d_upvote_reception,top10,0.2670285021557637,2556
xgb_metadata_text_editor__hidden__pinned,xgb_metadata_text_editor,hidden,True,True,discussion_pace,top10,0.030126389731190334,2556
xgb_metadata_text_editor__hidden__pinned,xgb_metadata_text_editor,hidden,True,True,is_reply,top10,-0.9994548039393456,2556
xgb_metadata_text_editor__hidden__pinned,xgb_metadata_text_editor,hidden,True,True,lexdiv_length_adjusted,top10,0.06716049883173127,2556
xgb_metadata_text_editor__hidden__pinned,xgb_metadata_text_editor,hidden,True,True,log_author_prior_30d_comments,top10,-0.03695687330111306,2556
xgb_metadata_text_editor__hidden__pinned,xgb_metadata_text_editor,hidden,True,True,log_author_prior_comments_story,top10,-0.8910348036953925,2556
xgb_metadata_text_editor__hidden__pinned,xgb_metadata_text_editor,hidden,True,True,log_hours_since_article,top10,-0.6314932353395539,2556
xgb_metadata_text_editor__hidden__pinned,xgb_metadata_text_editor,hidden,True,True,log_words,top10,0.44626360413713917,2556
xgb_metadata_text_editor__hidden__pinned,xgb_metadata_text_editor,hidden,True,True,novelty_prior_all_model,top10,0.025112695194930278,2556
xgb_metadata_text_editor__hidden__pinned,xgb_metadata_text_editor,hidden,True,True,prior_reply_composition,top10,-0.30367567324098127,2556
xgb_metadata_text_editor__hidden__pinned,xgb_metadata_text_editor,hidden,True,True,reading_level_length_adjusted,top10,-0.0009914543885579275,2556
xgb_metadata_text_editor__hidden__pinned,xgb_metadata_text_editor,hidden,True,True,reply_depth_centered,top10,0.03221646488748738,2556
xgb_metadata_text_editor__hidden__pinned,xgb_metadata_text_editor,hidden,True,True,sentiment_negative,top10,0.05743569732083398,2556
xgb_metadata_text_editor__hidden__pinned,xgb_metadata_text_editor,hidden,True,True,sentiment_positive,top10,-0.1865154371271402,2556
xgb_metadata_text_editor__hidden__pinned,xgb_metadata_text_editor,hidden,True,True,toxicity_probability,top10,-0.3537341455323389,2556
xgb_metadata_text_editor__hidden__pinned,xgb_metadata_text_editor,hidden,True,True,url_present,top10,-0.7333528573283302,2556
xgb_metadata_text_editor__hidden__pinned,xgb_metadata_text_editor,hidden,True,True,vienna_overnight,top10,-0.7434097690149833,2556
xgb_metadata_text_editor__hidden__pinned,xgb_metadata_text_editor,hidden,True,True,vienna_weekday_shoulder_evening,top10,-0.3440045947690694,2556
xgb_metadata_text_editor__hidden__pinned,xgb_metadata_text_editor,hidden,True,True,vienna_weekend_day_evening,top10,-0.38473421125665974,2556
xgb_metadata_text_editor__hidden__unpinned,xgb_metadata_text_editor,hidden,False,True,aqua_additional_knowledge_expected,top10,0.3051828063265655,2556
xgb_metadata_text_editor__hidden__unpinned,xgb_metadata_text_editor,hidden,False,True,aqua_discrimination_expected,top10,0.3017800328893236,2556
xgb_metadata_text_editor__hidden__unpinned,xgb_metadata_text_editor,hidden,False,True,aqua_fact_expected,top10,0.4352329147066025,2556
xgb_metadata_text_editor__hidden__unpinned,xgb_metadata_text_editor,hidden,False,True,aqua_insult_expected,top10,0.17193656350144937,2556
xgb_metadata_text_editor__hidden__unpinned,xgb_metadata_text_editor,hidden,False,True,aqua_justification_expected,top10,0.6724137034468889,2556
xgb_metadata_text_editor__hidden__unpinned,xgb_metadata_text_editor,hidden,False,True,aqua_opinion_expected,top10,0.44881010563916013,2556
xgb_metadata_text_editor__hidden__unpinned,xgb_metadata_text_editor,hidden,False,True,aqua_polite_address_expected,top10,-0.066989721041205,2556
xgb_metadata_text_editor__hidden__unpinned,xgb_metadata_text_editor,hidden,False,True,aqua_question_expected,top10,-0.4347682978538421,2556
xgb_metadata_text_editor__hidden__unpinned,xgb_metadata_text_editor,hidden,False,True,aqua_referencing_contents_expected,top10,-0.21093252247487784,2556
xgb_metadata_text_editor__hidden__unpinned,xgb_metadata_text_editor,hidden,False,True,aqua_referencing_format_expected,top10,0.11859513612801809,2556
xgb_metadata_text_editor__hidden__unpinned,xgb_metadata_text_editor,hidden,False,True,aqua_referencing_medium_expected,top10,-0.014322074259001534,2556
xgb_metadata_text_editor__hidden__unpinned,xgb_metadata_text_editor,hidden,False,True,aqua_referencing_personal_expected,top10,-0.061699543595863424,2556
xgb_metadata_text_editor__hidden__unpinned,xgb_metadata_text_editor,hidden,False,True,aqua_referencing_users_expected,top10,-0.13786844397740025,2556
xgb_metadata_text_editor__hidden__unpinned,xgb_metadata_text_editor,hidden,False,True,aqua_relevance_expected,top10,0.37673924306799284,2556
xgb_metadata_text_editor__hidden__unpinned,xgb_metadata_text_editor,hidden,False,True,aqua_respect_expected,top10,0.07288917301333762,2556
xgb_metadata_text_editor__hidden__unpinned,xgb_metadata_text_editor,hidden,False,True,aqua_sarcasm_expected,top10,-0.015326153001440579,2556
xgb_metadata_text_editor__hidden__unpinned,xgb_metadata_text_editor,hidden,False,True,aqua_screaming_expected,top10,-0.4075305637650832,2556
xgb_metadata_text_editor__hidden__unpinned,xgb_metadata_text_editor,hidden,False,True,aqua_solution_proposal_expected,top10,0.4239379639886703,2556
xgb_metadata_text_editor__hidden__unpinned,xgb_metadata_text_editor,hidden,False,True,aqua_storytelling_expected,top10,0.3140210104741589,2556
xgb_metadata_text_editor__hidden__unpinned,xgb_metadata_text_editor,hidden,False,True,aqua_vulgarity_expected,top10,0.24232252423295458,2556
xgb_metadata_text_editor__hidden__unpinned,xgb_metadata_text_editor,hidden,False,True,article_similarity_top3,top10,0.44676862139708945,2556
xgb_metadata_text_editor__hidden__unpinned,xgb_metadata_text_editor,hidden,False,True,author_prior_30d_downvote_reception,top10,0.07076401358403718,2556
xgb_metadata_text_editor__hidden__unpinned,xgb_metadata_text_editor,hidden,False,True,author_prior_30d_upvote_reception,top10,0.3457784254362369,2556
xgb_metadata_text_editor__hidden__unpinned,xgb_metadata_text_editor,hidden,False,True,discussion_pace,top10,-0.21191199289463605,2556
xgb_metadata_text_editor__hidden__unpinned,xgb_metadata_text_editor,hidden,False,True,is_reply,top10,-0.9999954547546719,2556
xgb_metadata_text_editor__hidden__unpinned,xgb_metadata_text_editor,hidden,False,True,lexdiv_length_adjusted,top10,0.07629181084245015,2556
xgb_metadata_text_editor__hidden__unpinned,xgb_metadata_text_editor,hidden,False,True,log_author_prior_30d_comments,top10,-0.023789274980460635,2556
xgb_metadata_text_editor__hidden__unpinned,xgb_metadata_text_editor,hidden,False,True,log_author_prior_comments_story,top10,-0.9319311512459996,2556
xgb_metadata_text_editor__hidden__unpinned,xgb_metadata_text_editor,hidden,False,True,log_hours_since_article,top10,-0.8132839782316456,2556
xgb_metadata_text_editor__hidden__unpinned,xgb_metadata_text_editor,hidden,False,True,log_words,top10,0.5612203830706117,2556
xgb_metadata_text_editor__hidden__unpinned,xgb_metadata_text_editor,hidden,False,True,novelty_prior_all_model,top10,0.09079119139446816,2556
xgb_metadata_text_editor__hidden__unpinned,xgb_metadata_text_editor,hidden,False,True,prior_reply_composition,top10,-0.48262581703645474,2556
xgb_metadata_text_editor__hidden__unpinned,xgb_metadata_text_editor,hidden,False,True,reading_level_length_adjusted,top10,-0.00818553482842912,2556
xgb_metadata_text_editor__hidden__unpinned,xgb_metadata_text_editor,hidden,False,True,reply_depth_centered,top10,0.03257141327776763,2556
xgb_metadata_text_editor__hidden__unpinned,xgb_metadata_text_editor,hidden,False,True,sentiment_negative,top10,0.10149424953795858,2556
xgb_metadata_text_editor__hidden__unpinned,xgb_metadata_text_editor,hidden,False,True,sentiment_positive,top10,-0.18241427363092175,2556
xgb_metadata_text_editor__hidden__unpinned,xgb_metadata_text_editor,hidden,False,True,toxicity_probability,top10,-0.28156936537890015,2556
xgb_metadata_text_editor__hidden__unpinned,xgb_metadata_text_editor,hidden,False,True,url_present,top10,-0.7722469328516604,2556
xgb_metadata_text_editor__hidden__unpinned,xgb_metadata_text_editor,hidden,False,True,vienna_overnight,top10,-0.6824728457868772,2556
xgb_metadata_text_editor__hidden__unpinned,xgb_metadata_text_editor,hidden,False,True,vienna_weekday_shoulder_evening,top10,-0.3915044679200916,2556
xgb_metadata_text_editor__hidden__unpinned,xgb_metadata_text_editor,hidden,False,True,vienna_weekend_day_evening,top10,-0.38794756558028215,2556
xgb_metadata_text_editor__loose__pinned,xgb_metadata_text_editor,loose,True,True,aqua_additional_knowledge_expected,top10,0.2449708864590308,2556
xgb_metadata_text_editor__loose__pinned,xgb_metadata_text_editor,loose,True,True,aqua_discrimination_expected,top10,0.23399340922934989,2556
xgb_metadata_text_editor__loose__pinned,xgb_metadata_text_editor,loose,True,True,aqua_fact_expected,top10,0.3738147172509824,2556
xgb_metadata_text_editor__loose__pinned,xgb_metadata_text_editor,loose,True,True,aqua_insult_expected,top10,0.14288664961403233,2556
xgb_metadata_text_editor__loose__pinned,xgb_metadata_text_editor,loose,True,True,aqua_justification_expected,top10,0.5405033304491581,2556
xgb_metadata_text_editor__loose__pinned,xgb_metadata_text_editor,loose,True,True,aqua_opinion_expected,top10,0.31808161250971445,2556
xgb_metadata_text_editor__loose__pinned,xgb_metadata_text_editor,loose,True,True,aqua_polite_address_expected,top10,-0.12376403054585329,2556
xgb_metadata_text_editor__loose__pinned,xgb_metadata_text_editor,loose,True,True,aqua_question_expected,top10,-0.3849188298357853,2556
xgb_metadata_text_editor__loose__pinned,xgb_metadata_text_editor,loose,True,True,aqua_referencing_contents_expected,top10,-0.22077920937105355,2556
xgb_metadata_text_editor__loose__pinned,xgb_metadata_text_editor,loose,True,True,aqua_referencing_format_expected,top10,0.09406751505812835,2556
xgb_metadata_text_editor__loose__pinned,xgb_metadata_text_editor,loose,True,True,aqua_referencing_medium_expected,top10,-0.05187221741082435,2556
xgb_metadata_text_editor__loose__pinned,xgb_metadata_text_editor,loose,True,True,aqua_referencing_personal_expected,top10,-0.07615364458080146,2556
xgb_metadata_text_editor__loose__pinned,xgb_metadata_text_editor,loose,True,True,aqua_referencing_users_expected,top10,-0.17141448910132187,2556
xgb_metadata_text_editor__loose__pinned,xgb_metadata_text_editor,loose,True,True,aqua_relevance_expected,top10,0.30559458493329494,2556
xgb_metadata_text_editor__loose__pinned,xgb_metadata_text_editor,loose,True,True,aqua_respect_expected,top10,0.026769074490785007,2556
xgb_metadata_text_editor__loose__pinned,xgb_metadata_text_editor,loose,True,True,aqua_sarcasm_expected,top10,0.004344054548919823,2556
xgb_metadata_text_editor__loose__pinned,xgb_metadata_text_editor,loose,True,True,aqua_screaming_expected,top10,-0.4157656592282762,2556
xgb_metadata_text_editor__loose__pinned,xgb_metadata_text_editor,loose,True,True,aqua_solution_proposal_expected,top10,0.32636767634198494,2556
xgb_metadata_text_editor__loose__pinned,xgb_metadata_text_editor,loose,True,True,aqua_storytelling_expected,top10,0.20829326944814755,2556
xgb_metadata_text_editor__loose__pinned,xgb_metadata_text_editor,loose,True,True,aqua_vulgarity_expected,top10,0.19365685805804217,2556
xgb_metadata_text_editor__loose__pinned,xgb_metadata_text_editor,loose,True,True,article_similarity_top3,top10,0.38255134638628113,2556
xgb_metadata_text_editor__loose__pinned,xgb_metadata_text_editor,loose,True,True,author_prior_30d_downvote_reception,top10,0.061043967275562654,2556
xgb_metadata_text_editor__loose__pinned,xgb_metadata_text_editor,loose,True,True,author_prior_30d_upvote_reception,top10,0.2635001515992788,2556
xgb_metadata_text_editor__loose__pinned,xgb_metadata_text_editor,loose,True,True,discussion_pace,top10,0.03755130435338529,2556
xgb_metadata_text_editor__loose__pinned,xgb_metadata_text_editor,loose,True,True,is_reply,top10,-0.9762666965981723,2556
xgb_metadata_text_editor__loose__pinned,xgb_metadata_text_editor,loose,True,True,lexdiv_length_adjusted,top10,0.06674092329698923,2556
xgb_metadata_text_editor__loose__pinned,xgb_metadata_text_editor,loose,True,True,log_author_prior_30d_comments,top10,-0.036362155899086854,2556
xgb_metadata_text_editor__loose__pinned,xgb_metadata_text_editor,loose,True,True,log_author_prior_comments_story,top10,-0.8828476946634014,2556
xgb_metadata_text_editor__loose__pinned,xgb_metadata_text_editor,loose,True,True,log_hours_since_article,top10,-0.6274577679413632,2556
xgb_metadata_text_editor__loose__pinned,xgb_metadata_text_editor,loose,True,True,log_words,top10,0.4461338547518094,2556
xgb_metadata_text_editor__loose__pinned,xgb_metadata_text_editor,loose,True,True,novelty_prior_all_model,top10,0.02186692585404223,2556
xgb_metadata_text_editor__loose__pinned,xgb_metadata_text_editor,loose,True,True,prior_reply_composition,top10,-0.30034112299976373,2556
xgb_metadata_text_editor__loose__pinned,xgb_metadata_text_editor,loose,True,True,reading_level_length_adjusted,top10,0.00021460396109341569,2556
xgb_metadata_text_editor__loose__pinned,xgb_metadata_text_editor,loose,True,True,reply_depth_centered,top10,0.020260625235648175,2556
xgb_metadata_text_editor__loose__pinned,xgb_metadata_text_editor,loose,True,True,sentiment_negative,top10,0.055851189138697625,2556
xgb_metadata_text_editor__loose__pinned,xgb_metadata_text_editor,loose,True,True,sentiment_positive,top10,-0.18839215096839163,2556
xgb_metadata_text_editor__loose__pinned,xgb_metadata_text_editor,loose,True,True,toxicity_probability,top10,-0.35599471902374463,2556
xgb_metadata_text_editor__loose__pinned,xgb_metadata_text_editor,loose,True,True,url_present,top10,-0.7310104765591089,2556
xgb_metadata_text_editor__loose__pinned,xgb_metadata_text_editor,loose,True,True,vienna_overnight,top10,-0.7441513658570791,2556
xgb_metadata_text_editor__loose__pinned,xgb_metadata_text_editor,loose,True,True,vienna_weekday_shoulder_evening,top10,-0.3443180726429842,2556
xgb_metadata_text_editor__loose__pinned,xgb_metadata_text_editor,loose,True,True,vienna_weekend_day_evening,top10,-0.38455044852497056,2556
xgb_metadata_text_editor__loose__unpinned,xgb_metadata_text_editor,loose,False,True,aqua_additional_knowledge_expected,top10,0.3054478590203294,2556
xgb_metadata_text_editor__loose__unpinned,xgb_metadata_text_editor,loose,False,True,aqua_discrimination_expected,top10,0.30195001412346784,2556
xgb_metadata_text_editor__loose__unpinned,xgb_metadata_text_editor,loose,False,True,aqua_fact_expected,top10,0.43555955638371596,2556
xgb_metadata_text_editor__loose__unpinned,xgb_metadata_text_editor,loose,False,True,aqua_insult_expected,top10,0.17202627405843185,2556
xgb_metadata_text_editor__loose__unpinned,xgb_metadata_text_editor,loose,False,True,aqua_justification_expected,top10,0.6727916732709781,2556
xgb_metadata_text_editor__loose__unpinned,xgb_metadata_text_editor,loose,False,True,aqua_opinion_expected,top10,0.4489057757038375,2556
xgb_metadata_text_editor__loose__unpinned,xgb_metadata_text_editor,loose,False,True,aqua_polite_address_expected,top10,-0.06693755384402239,2556
xgb_metadata_text_editor__loose__unpinned,xgb_metadata_text_editor,loose,False,True,aqua_question_expected,top10,-0.4349529034429196,2556
xgb_metadata_text_editor__loose__unpinned,xgb_metadata_text_editor,loose,False,True,aqua_referencing_contents_expected,top10,-0.2111072623660095,2556
xgb_metadata_text_editor__loose__unpinned,xgb_metadata_text_editor,loose,False,True,aqua_referencing_format_expected,top10,0.11862831574123263,2556
xgb_metadata_text_editor__loose__unpinned,xgb_metadata_text_editor,loose,False,True,aqua_referencing_medium_expected,top10,-0.014130885386961426,2556
xgb_metadata_text_editor__loose__unpinned,xgb_metadata_text_editor,loose,False,True,aqua_referencing_personal_expected,top10,-0.06175238341254141,2556
xgb_metadata_text_editor__loose__unpinned,xgb_metadata_text_editor,loose,False,True,aqua_referencing_users_expected,top10,-0.1379514251045601,2556
xgb_metadata_text_editor__loose__unpinned,xgb_metadata_text_editor,loose,False,True,aqua_relevance_expected,top10,0.3770059725780825,2556
xgb_metadata_text_editor__loose__unpinned,xgb_metadata_text_editor,loose,False,True,aqua_respect_expected,top10,0.07297019868826868,2556
xgb_metadata_text_editor__loose__unpinned,xgb_metadata_text_editor,loose,False,True,aqua_sarcasm_expected,top10,-0.015389824497367113,2556
xgb_metadata_text_editor__loose__unpinned,xgb_metadata_text_editor,loose,False,True,aqua_screaming_expected,top10,-0.4072410046673363,2556
xgb_metadata_text_editor__loose__unpinned,xgb_metadata_text_editor,loose,False,True,aqua_solution_proposal_expected,top10,0.4242638258381783,2556
xgb_metadata_text_editor__loose__unpinned,xgb_metadata_text_editor,loose,False,True,aqua_storytelling_expected,top10,0.314266321630034,2556
xgb_metadata_text_editor__loose__unpinned,xgb_metadata_text_editor,loose,False,True,aqua_vulgarity_expected,top10,0.2423709264580381,2556
xgb_metadata_text_editor__loose__unpinned,xgb_metadata_text_editor,loose,False,True,article_similarity_top3,top10,0.44692624770000383,2556
xgb_metadata_text_editor__loose__unpinned,xgb_metadata_text_editor,loose,False,True,author_prior_30d_downvote_reception,top10,0.07063502505282823,2556
xgb_metadata_text_editor__loose__unpinned,xgb_metadata_text_editor,loose,False,True,author_prior_30d_upvote_reception,top10,0.3460032845195648,2556
xgb_metadata_text_editor__loose__unpinned,xgb_metadata_text_editor,loose,False,True,discussion_pace,top10,-0.211788022025999,2556
xgb_metadata_text_editor__loose__unpinned,xgb_metadata_text_editor,loose,False,True,is_reply,top10,-0.9994485657802039,2556
xgb_metadata_text_editor__loose__unpinned,xgb_metadata_text_editor,loose,False,True,lexdiv_length_adjusted,top10,0.0764688359371311,2556
xgb_metadata_text_editor__loose__unpinned,xgb_metadata_text_editor,loose,False,True,log_author_prior_30d_comments,top10,-0.023706481589341775,2556
xgb_metadata_text_editor__loose__unpinned,xgb_metadata_text_editor,loose,False,True,log_author_prior_comments_story,top10,-0.931977878339936,2556
xgb_metadata_text_editor__loose__unpinned,xgb_metadata_text_editor,loose,False,True,log_hours_since_article,top10,-0.8140979340562702,2556
xgb_metadata_text_editor__loose__unpinned,xgb_metadata_text_editor,loose,False,True,log_words,top10,0.561561222047568,2556
xgb_metadata_text_editor__loose__unpinned,xgb_metadata_text_editor,loose,False,True,novelty_prior_all_model,top10,0.09094618359244294,2556
xgb_metadata_text_editor__loose__unpinned,xgb_metadata_text_editor,loose,False,True,prior_reply_composition,top10,-0.4837985544902667,2556
xgb_metadata_text_editor__loose__unpinned,xgb_metadata_text_editor,loose,False,True,reading_level_length_adjusted,top10,-0.008037876210275092,2556
xgb_metadata_text_editor__loose__unpinned,xgb_metadata_text_editor,loose,False,True,reply_depth_centered,top10,0.03184439886742907,2556
xgb_metadata_text_editor__loose__unpinned,xgb_metadata_text_editor,loose,False,True,sentiment_negative,top10,0.10157495989163294,2556
xgb_metadata_text_editor__loose__unpinned,xgb_metadata_text_editor,loose,False,True,sentiment_positive,top10,-0.1823986961352772,2556
xgb_metadata_text_editor__loose__unpinned,xgb_metadata_text_editor,loose,False,True,toxicity_probability,top10,-0.2815891314742629,2556
xgb_metadata_text_editor__loose__unpinned,xgb_metadata_text_editor,loose,False,True,url_present,top10,-0.7719756966007223,2556
xgb_metadata_text_editor__loose__unpinned,xgb_metadata_text_editor,loose,False,True,vienna_overnight,top10,-0.6821941909993975,2556
xgb_metadata_text_editor__loose__unpinned,xgb_metadata_text_editor,loose,False,True,vienna_weekday_shoulder_evening,top10,-0.3918123678568829,2556
xgb_metadata_text_editor__loose__unpinned,xgb_metadata_text_editor,loose,False,True,vienna_weekend_day_evening,top10,-0.38812069336614397,2556
xgb_metadata_text_editor__trees__pinned,xgb_metadata_text_editor,trees,True,True,aqua_additional_knowledge_expected,top10,0.1979967348444025,2556
xgb_metadata_text_editor__trees__pinned,xgb_metadata_text_editor,trees,True,True,aqua_discrimination_expected,top10,0.2015563955861157,2556
xgb_metadata_text_editor__trees__pinned,xgb_metadata_text_editor,trees,True,True,aqua_fact_expected,top10,0.3160903872349867,2556
xgb_metadata_text_editor__trees__pinned,xgb_metadata_text_editor,trees,True,True,aqua_insult_expected,top10,0.1194833976970019,2556
xgb_metadata_text_editor__trees__pinned,xgb_metadata_text_editor,trees,True,True,aqua_justification_expected,top10,0.45962044466946933,2556
xgb_metadata_text_editor__trees__pinned,xgb_metadata_text_editor,trees,True,True,aqua_opinion_expected,top10,0.2711127629134383,2556
xgb_metadata_text_editor__trees__pinned,xgb_metadata_text_editor,trees,True,True,aqua_polite_address_expected,top10,-0.15617739041128093,2556
xgb_metadata_text_editor__trees__pinned,xgb_metadata_text_editor,trees,True,True,aqua_question_expected,top10,-0.3618284012651238,2556
xgb_metadata_text_editor__trees__pinned,xgb_metadata_text_editor,trees,True,True,aqua_referencing_contents_expected,top10,-0.1935991332219152,2556
xgb_metadata_text_editor__trees__pinned,xgb_metadata_text_editor,trees,True,True,aqua_referencing_format_expected,top10,0.0683474690389246,2556
xgb_metadata_text_editor__trees__pinned,xgb_metadata_text_editor,trees,True,True,aqua_referencing_medium_expected,top10,-0.07563892407291799,2556
xgb_metadata_text_editor__trees__pinned,xgb_metadata_text_editor,trees,True,True,aqua_referencing_personal_expected,top10,-0.0890816440222556,2556
xgb_metadata_text_editor__trees__pinned,xgb_metadata_text_editor,trees,True,True,aqua_referencing_users_expected,top10,-0.16098206338275176,2556
xgb_metadata_text_editor__trees__pinned,xgb_metadata_text_editor,trees,True,True,aqua_relevance_expected,top10,0.26619591864370634,2556
xgb_metadata_text_editor__trees__pinned,xgb_metadata_text_editor,trees,True,True,aqua_respect_expected,top10,0.011363923101767636,2556
xgb_metadata_text_editor__trees__pinned,xgb_metadata_text_editor,trees,True,True,aqua_sarcasm_expected,top10,0.0015690880217591556,2556
xgb_metadata_text_editor__trees__pinned,xgb_metadata_text_editor,trees,True,True,aqua_screaming_expected,top10,-0.4395042196540046,2556
xgb_metadata_text_editor__trees__pinned,xgb_metadata_text_editor,trees,True,True,aqua_solution_proposal_expected,top10,0.27300692133092747,2556
xgb_metadata_text_editor__trees__pinned,xgb_metadata_text_editor,trees,True,True,aqua_storytelling_expected,top10,0.1615711109668072,2556
xgb_metadata_text_editor__trees__pinned,xgb_metadata_text_editor,trees,True,True,aqua_vulgarity_expected,top10,0.15668116518227698,2556
xgb_metadata_text_editor__trees__pinned,xgb_metadata_text_editor,trees,True,True,article_similarity_top3,top10,0.31497543570455505,2556
xgb_metadata_text_editor__trees__pinned,xgb_metadata_text_editor,trees,True,True,author_prior_30d_downvote_reception,top10,0.04236958179860248,2556
xgb_metadata_text_editor__trees__pinned,xgb_metadata_text_editor,trees,True,True,author_prior_30d_upvote_reception,top10,0.22038874701652872,2556
xgb_metadata_text_editor__trees__pinned,xgb_metadata_text_editor,trees,True,True,discussion_pace,top10,0.08351168474847276,2556
xgb_metadata_text_editor__trees__pinned,xgb_metadata_text_editor,trees,True,True,is_reply,top10,-0.7807621752758909,2556
xgb_metadata_text_editor__trees__pinned,xgb_metadata_text_editor,trees,True,True,lexdiv_length_adjusted,top10,0.05705170806507059,2556
xgb_metadata_text_editor__trees__pinned,xgb_metadata_text_editor,trees,True,True,log_author_prior_30d_comments,top10,-0.024971108040966437,2556
xgb_metadata_text_editor__trees__pinned,xgb_metadata_text_editor,trees,True,True,log_author_prior_comments_story,top10,-0.7497600522710955,2556
xgb_metadata_text_editor__trees__pinned,xgb_metadata_text_editor,trees,True,True,log_hours_since_article,top10,-0.5654573397795755,2556
xgb_metadata_text_editor__trees__pinned,xgb_metadata_text_editor,trees,True,True,log_words,top10,0.37674383124429284,2556
xgb_metadata_text_editor__trees__pinned,xgb_metadata_text_editor,trees,True,True,novelty_prior_all_model,top10,0.016796260865019067,2556
xgb_metadata_text_editor__trees__pinned,xgb_metadata_text_editor,trees,True,True,prior_reply_composition,top10,-0.2549208280573775,2556
xgb_metadata_text_editor__trees__pinned,xgb_metadata_text_editor,trees,True,True,reading_level_length_adjusted,top10,-0.006667324341891471,2556
xgb_metadata_text_editor__trees__pinned,xgb_metadata_text_editor,trees,True,True,reply_depth_centered,top10,-0.05073458265241464,2556
xgb_metadata_text_editor__trees__pinned,xgb_metadata_text_editor,trees,True,True,sentiment_negative,top10,0.03908229153467102,2556
xgb_metadata_text_editor__trees__pinned,xgb_metadata_text_editor,trees,True,True,sentiment_positive,top10,-0.1925924417044969,2556
xgb_metadata_text_editor__trees__pinned,xgb_metadata_text_editor,trees,True,True,toxicity_probability,top10,-0.39346085072981846,2556
xgb_metadata_text_editor__trees__pinned,xgb_metadata_text_editor,trees,True,True,url_present,top10,-0.7429441989456614,2556
xgb_metadata_text_editor__trees__pinned,xgb_metadata_text_editor,trees,True,True,vienna_overnight,top10,-0.7444441527022232,2556
xgb_metadata_text_editor__trees__pinned,xgb_metadata_text_editor,trees,True,True,vienna_weekday_shoulder_evening,top10,-0.3291584270328511,2556
xgb_metadata_text_editor__trees__pinned,xgb_metadata_text_editor,trees,True,True,vienna_weekend_day_evening,top10,-0.38204674747835093,2556
xgb_metadata_text_editor__trees__unpinned,xgb_metadata_text_editor,trees,False,True,aqua_additional_knowledge_expected,top10,0.1200703951545659,2556
xgb_metadata_text_editor__trees__unpinned,xgb_metadata_text_editor,trees,False,True,aqua_discrimination_expected,top10,0.17910349412952462,2556
xgb_metadata_text_editor__trees__unpinned,xgb_metadata_text_editor,trees,False,True,aqua_fact_expected,top10,0.22957352594805525,2556
xgb_metadata_text_editor__trees__unpinned,xgb_metadata_text_editor,trees,False,True,aqua_insult_expected,top10,0.08703632599937572,2556
xgb_metadata_text_editor__trees__unpinned,xgb_metadata_text_editor,trees,False,True,aqua_justification_expected,top10,0.36680545115604984,2556
xgb_metadata_text_editor__trees__unpinned,xgb_metadata_text_editor,trees,False,True,aqua_opinion_expected,top10,0.25908060100676367,2556
xgb_metadata_text_editor__trees__unpinned,xgb_metadata_text_editor,trees,False,True,aqua_polite_address_expected,top10,-0.18915535669352745,2556
xgb_metadata_text_editor__trees__unpinned,xgb_metadata_text_editor,trees,False,True,aqua_question_expected,top10,-0.35626837854425475,2556
xgb_metadata_text_editor__trees__unpinned,xgb_metadata_text_editor,trees,False,True,aqua_referencing_contents_expected,top10,-0.1118154435887376,2556
xgb_metadata_text_editor__trees__unpinned,xgb_metadata_text_editor,trees,False,True,aqua_referencing_format_expected,top10,0.025214309919414528,2556
xgb_metadata_text_editor__trees__unpinned,xgb_metadata_text_editor,trees,False,True,aqua_referencing_medium_expected,top10,-0.09978226633188399,2556
xgb_metadata_text_editor__trees__unpinned,xgb_metadata_text_editor,trees,False,True,aqua_referencing_personal_expected,top10,-0.10915926113654184,2556
xgb_metadata_text_editor__trees__unpinned,xgb_metadata_text_editor,trees,False,True,aqua_referencing_users_expected,top10,-0.10974358694502426,2556
xgb_metadata_text_editor__trees__unpinned,xgb_metadata_text_editor,trees,False,True,aqua_relevance_expected,top10,0.229205748139668,2556
xgb_metadata_text_editor__trees__unpinned,xgb_metadata_text_editor,trees,False,True,aqua_respect_expected,top10,0.015031167646880823,2556
xgb_metadata_text_editor__trees__unpinned,xgb_metadata_text_editor,trees,False,True,aqua_sarcasm_expected,top10,-0.020463566949345015,2556
xgb_metadata_text_editor__trees__unpinned,xgb_metadata_text_editor,trees,False,True,aqua_screaming_expected,top10,-0.4925855058804532,2556
xgb_metadata_text_editor__trees__unpinned,xgb_metadata_text_editor,trees,False,True,aqua_solution_proposal_expected,top10,0.21267017178972697,2556
xgb_metadata_text_editor__trees__unpinned,xgb_metadata_text_editor,trees,False,True,aqua_storytelling_expected,top10,0.11775949793744404,2556
xgb_metadata_text_editor__trees__unpinned,xgb_metadata_text_editor,trees,False,True,aqua_vulgarity_expected,top10,0.09590442039390844,2556
xgb_metadata_text_editor__trees__unpinned,xgb_metadata_text_editor,trees,False,True,article_similarity_top3,top10,0.19765318992964703,2556
xgb_metadata_text_editor__trees__unpinned,xgb_metadata_text_editor,trees,False,True,author_prior_30d_downvote_reception,top10,0.010086070928810097,2556
xgb_metadata_text_editor__trees__unpinned,xgb_metadata_text_editor,trees,False,True,author_prior_30d_upvote_reception,top10,0.17039240470507644,2556
xgb_metadata_text_editor__trees__unpinned,xgb_metadata_text_editor,trees,False,True,discussion_pace,top10,-0.04487308422393507,2556
xgb_metadata_text_editor__trees__unpinned,xgb_metadata_text_editor,trees,False,True,is_reply,top10,-0.1431821929797414,2556
xgb_metadata_text_editor__trees__unpinned,xgb_metadata_text_editor,trees,False,True,lexdiv_length_adjusted,top10,0.04510056558651078,2556
xgb_metadata_text_editor__trees__unpinned,xgb_metadata_text_editor,trees,False,True,log_author_prior_30d_comments,top10,0.012930275525109053,2556
xgb_metadata_text_editor__trees__unpinned,xgb_metadata_text_editor,trees,False,True,log_author_prior_comments_story,top10,-0.48775156312737383,2556
xgb_metadata_text_editor__trees__unpinned,xgb_metadata_text_editor,trees,False,True,log_hours_since_article,top10,-0.4578533112686325,2556
xgb_metadata_text_editor__trees__unpinned,xgb_metadata_text_editor,trees,False,True,log_words,top10,0.297341712861376,2556
xgb_metadata_text_editor__trees__unpinned,xgb_metadata_text_editor,trees,False,True,novelty_prior_all_model,top10,0.049544532153635114,2556
xgb_metadata_text_editor__trees__unpinned,xgb_metadata_text_editor,trees,False,True,prior_reply_composition,top10,-0.24108644887575123,2556
xgb_metadata_text_editor__trees__unpinned,xgb_metadata_text_editor,trees,False,True,reading_level_length_adjusted,top10,-0.023028870007635763,2556
xgb_metadata_text_editor__trees__unpinned,xgb_metadata_text_editor,trees,False,True,reply_depth_centered,top10,-0.2662770566172023,2556
xgb_metadata_text_editor__trees__unpinned,xgb_metadata_text_editor,trees,False,True,sentiment_negative,top10,0.03436164082686279,2556
xgb_metadata_text_editor__trees__unpinned,xgb_metadata_text_editor,trees,False,True,sentiment_positive,top10,-0.20032685474917902,2556
xgb_metadata_text_editor__trees__unpinned,xgb_metadata_text_editor,trees,False,True,toxicity_probability,top10,-0.41887376637333895,2556
xgb_metadata_text_editor__trees__unpinned,xgb_metadata_text_editor,trees,False,True,url_present,top10,-0.80138839155617,2556
xgb_metadata_text_editor__trees__unpinned,xgb_metadata_text_editor,trees,False,True,vienna_overnight,top10,-0.6576281253738028,2556
xgb_metadata_text_editor__trees__unpinned,xgb_metadata_text_editor,trees,False,True,vienna_weekday_shoulder_evening,top10,-0.33737252102874477,2556
xgb_metadata_text_editor__trees__unpinned,xgb_metadata_text_editor,trees,False,True,vienna_weekend_day_evening,top10,-0.37667457777203156,2556
