fit_corpus,min_cluster_size,n_neighbors,min_samples,doc_type,coverage_pct_min,coverage_pct_median,coverage_pct_max,assigned_documents_min,assigned_documents_median,assigned_documents_max,fitted_substantive_topics_min,fitted_substantive_topics_median,fitted_substantive_topics_max,ami_common_min,ami_common_median,ami_common_max,ami_common_count,ari_common_min,ari_common_median,ari_common_max,ari_common_count,ami_union_min,ami_union_median,ami_union_max,ami_union_count,ari_union_min,ari_union_median,ari_union_max,ari_union_count,ami_all_min,ami_all_median,ami_all_max,ami_all_count,ari_all_min,ari_all_median,ari_all_max,ari_all_count,assigned_jaccard_min,assigned_jaccard_median,assigned_jaccard_max,assigned_jaccard_count,common_coverage_pct_min,common_coverage_pct_median,common_coverage_pct_max,common_coverage_pct_count,all_seed_coverage_pct,ami_common_pooled_min,ami_common_pooled_median,ami_common_pooled_max,ami_common_pooled_count,ari_common_pooled_min,ari_common_pooled_median,ari_common_pooled_max,ari_common_pooled_count,ami_union_pooled_min,ami_union_pooled_median,ami_union_pooled_max,ami_union_pooled_count,ari_union_pooled_min,ari_union_pooled_median,ari_union_pooled_max,ari_union_pooled_count,ami_all_pooled_min,ami_all_pooled_median,ami_all_pooled_max,ami_all_pooled_count,ari_all_pooled_min,ari_all_pooled_median,ari_all_pooled_max,ari_all_pooled_count,coverage_range_pp
articles_comments,5,5,1,article_passage,99.93658845909955,99.94886166056416,99.96522592918365,48856,48862.0,48870,5340,5419.0,5475,0.6142906169874772,0.6143506760875423,0.6164566597992885,3,0.4735122280333531,0.4758803359914658,0.5709133528415982,3,0.6138409869028892,0.6139211243371311,0.616271914289905,3,0.47340264866553683,0.47575943571528306,0.570855035656298,3,0.613824875743727,0.6138937536690813,0.6162930610842536,3,0.4733725444164342,0.4757138892232309,0.5708287888890052,3,0.9992634572498312,0.9992635175221456,0.9996317135549873,3,99.90590545543805,99.9140875897478,99.938633992677,3,99.89772332112832,0.4886747119794955,0.49463203219208535,0.4980818299273911,3,0.18422181976520766,0.20299287561108417,0.3101665645100648,3,0.488418596116057,0.4943932566815264,0.4979286763465619,3,0.1841972602491911,0.20297013909647746,0.3101270832447338,3,0.48843306123687164,0.4943975196356689,0.49797244446255445,3,0.18419739379411743,0.20296786890267654,0.3101304766405794,3,0.028637470084092342
articles_comments,5,5,1,comment,99.97136252991594,99.97340806349337,99.9815901978031,48873,48874.0,48878,5340,5419.0,5475,0.37171771872204384,0.3821784995939827,0.3880987994290521,3,0.09788396243664128,0.1179126909080533,0.20848694823882646,3,0.3716202565217312,0.38209603019752564,0.3879925981609177,3,0.0978811178089917,0.11791008739623353,0.20846054133071082,3,0.3716191362759703,0.3821020998675366,0.38801348905438654,3,0.09788139397986796,0.11791092575875008,0.20846213799826865,3,0.9996522379510678,0.999693132300894,0.9997136018656793,3,99.9570437948739,99.95908932845133,99.9631803956062,3,99.94886166056416,0.4886747119794955,0.49463203219208535,0.4980818299273911,3,0.18422181976520766,0.20299287561108417,0.3101665645100648,3,0.488418596116057,0.4943932566815264,0.4979286763465619,3,0.1841972602491911,0.20297013909647746,0.3101270832447338,3,0.48843306123687164,0.4943975196356689,0.49797244446255445,3,0.18419739379411743,0.20296786890267654,0.3101304766405794,3,0.010227667887164671
articles_comments,5,5,3,article_passage,99.91204205617035,99.92022419048008,99.93658845909955,48844,48848.0,48856,3821,3986.0,4017,0.6320360718850738,0.6329048288573118,0.6337826579530869,3,0.3591816328984303,0.40041055810028847,0.474046495116606,3,0.6313785794571015,0.6323693901844746,0.63342449906949,3,0.3589563643395894,0.39965707206196166,0.4739103042040236,3,0.6313550639007339,0.6323854757942853,0.6334701646704254,3,0.35893954643713083,0.3996248395835881,0.4738812540311225,3,0.9989769820971867,0.9990996152901694,0.9993860887715637,3,99.87113138462168,99.8731769181991,99.89772332112832,3,99.8486305152699,0.5393501947412196,0.5410583232846622,0.5430499572226045,3,0.2837825787069215,0.29887952336692014,0.3013070300745439,3,0.5390564728397732,0.5407012208343032,0.542657978119462,3,0.2836775046530614,0.29860587317556003,0.30119205410447414,3,0.5391170796188434,0.5407413129222832,0.5426779010200397,3,0.2836731034758107,0.29859407507563546,0.3011970268367756,3,0.024546402929203737
articles_comments,5,5,3,comment,99.95499826129645,99.95908932845133,99.9631803956062,48865,48867.0,48869,3821,3986.0,4017,0.448677429972646,0.4534729883284332,0.45818134291761276,3,0.24630106639638402,0.2595372521614349,0.264881365429264,3,0.4484790013227201,0.4532898311655152,0.4580123124019523,3,0.24622599711296667,0.2595052148109308,0.26483761442151355,3,0.44849878752617217,0.4532954355998107,0.45803223069830656,3,0.24622476619500253,0.2595042618544583,0.264834755638608,3,0.9994680742241044,0.9994680959882163,0.999508991591481,3,99.93045185836725,99.93454292552212,99.93454292552212,3,99.91613312332522,0.5393501947412196,0.5410583232846622,0.5430499572226045,3,0.2837825787069215,0.29887952336692014,0.3013070300745439,3,0.5390564728397732,0.5407012208343032,0.542657978119462,3,0.2836775046530614,0.29860587317556003,0.30119205410447414,3,0.5391170796188434,0.5407413129222832,0.5426779010200397,3,0.2836731034758107,0.29859407507563546,0.3011970268367756,3,0.00818213430974879
articles_comments,5,5,5,article_passage,99.85681264957964,99.88545011966372,99.89363225397345,48817,48831.0,48835,1878,2639.0,2753,0.4883332550597476,0.4931553202917868,0.6269329230077226,3,0.030038265824029325,0.04847224031353234,0.3527937572712322,3,0.4875920582447013,0.4925143308599341,0.6262038983079055,3,0.030027985198375386,0.04843963734701273,0.3523271608488697,3,0.4876769967040864,0.49265715611527117,0.6262405813360554,3,0.030035884378778247,0.04845466520100139,0.35230839453963264,3,0.998362802881467,0.9986491741541988,0.9988129835045638,3,99.78931004152433,99.80771984372123,99.830220713073,3,99.75658150428539,0.36602722177832175,0.37631138707736816,0.522166280010909,3,0.009017038969573095,0.05289713713716702,0.08518875748515746,3,0.36561369535947635,0.3758909174763485,0.5216589832304486,3,0.009019998085263606,0.052897029818929964,0.08514210681648454,3,0.3657852389489547,0.37611813300261543,0.5217333704912095,3,0.009024678828555018,0.05291840431879473,0.08515700229960792,3,0.03681960439381271
articles_comments,5,5,5,comment,99.89158672039602,99.92840632478982,99.93658845909955,48834,48852.0,48856,1878,2639.0,2753,0.21338170396528902,0.224353136466169,0.40861149525603035,3,0.00668086452887028,0.05304754250934251,0.05402671394487592,3,0.21329346735503066,0.22422826506129648,0.40834990684234934,3,0.006687861605789543,0.053052127705964035,0.05408222486686175,3,0.21352172077245782,0.22450825445049277,0.40839426676730256,3,0.006694045289815133,0.05305688865198251,0.0541213176766082,3,0.9990177822341362,0.9990586501862235,0.9990997626647025,3,99.86294925031194,99.86499478388939,99.88749565324115,3,99.84249391453761,0.36602722177832175,0.37631138707736816,0.522166280010909,3,0.009017038969573095,0.05289713713716702,0.08518875748515746,3,0.36561369535947635,0.3758909174763485,0.5216589832304486,3,0.009019998085263606,0.052897029818929964,0.08514210681648454,3,0.3657852389489547,0.37611813300261543,0.5217333704912095,3,0.009024678828555018,0.05291840431879473,0.08515700229960792,3,0.04500173870353308
articles_comments,5,5,10,article_passage,99.64407715752654,99.75044490355309,99.75044490355309,48713,48765.0,48765,1015,1404.0,1408,0.5052368385347322,0.5077383165874767,0.6556677403257941,3,0.06203919513230843,0.062216216721898206,0.5622846574112151,3,0.5035102798028198,0.5061110069688612,0.6540455174434345,3,0.06196043609573724,0.06209459172680881,0.5615140792866133,3,0.5038354422535063,0.5064774708143741,0.6541504529100768,3,0.06201603750347006,0.06214129505280352,0.5612209938800231,3,0.9964772145417307,0.9966407898240511,0.997378606975363,3,99.52134514288052,99.52952727719025,99.61953075459733,3,99.44770593409291,0.40070906031489223,0.4010437279804964,0.5983540356399333,3,0.016015582222788483,0.01787049790401342,0.34017936498923673,3,0.3997946078157554,0.4001432684194114,0.5974178750262304,3,0.016010813570134664,0.017869305745895125,0.33985098005186754,3,0.4001956199292102,0.4005454008694389,0.5975826389441856,3,0.016032034343529705,0.01789280345490027,0.3398420435744749,3,0.10636774602654953
articles_comments,5,5,10,comment,99.85067604884735,99.88545011966372,99.88954118681859,48814,48831.0,48833,1015,1404.0,1408,0.25933158030622466,0.2607826832725889,0.5284645683216395,3,0.009057639297386028,0.010723094092733258,0.25526561941821424,3,0.25911419870266483,0.2605969492301065,0.5281179303832011,3,0.009071448155825132,0.010732301204198637,0.2551251812160509,3,0.2594258451864232,0.2609809408449541,0.5282633235583034,3,0.009088614237443324,0.010747540351841927,0.2551433528256672,3,0.9984650334622706,0.9985877151687578,0.9989356911867043,3,99.7934011086792,99.79749217583407,99.83431178022786,3,99.76476363859513,0.40070906031489223,0.4010437279804964,0.5983540356399333,3,0.016015582222788483,0.01787049790401342,0.34017936498923673,3,0.3997946078157554,0.4001432684194114,0.5974178750262304,3,0.016010813570134664,0.017869305745895125,0.33985098005186754,3,0.4001956199292102,0.4005454008694389,0.5975826389441856,3,0.016032034343529705,0.01789280345490027,0.3398420435744749,3,0.0388651379712428
articles_comments,5,5,15,article_passage,99.36997565815044,99.40884079612167,99.41906846400884,48579,48598.0,48603,579,621.0,625,0.4882747338459964,0.4918388862104235,0.5224305395834264,3,0.20509194195413386,0.21018898653786577,0.2833163461970303,3,0.48498406327115334,0.48865609836487417,0.5192773174955376,3,0.2044031563138586,0.20925358233959007,0.2820686279504648,3,0.4857230811115523,0.4896561325775883,0.5201438557399853,3,0.20468144862525736,0.20948574038636192,0.28226183067552185,3,0.9933759895000205,0.9938651565513562,0.9939268347729744,3,99.08360095730971,99.08360095730971,99.09178309161945,3,98.87291099883404,0.418124762087872,0.423738844518782,0.4575349899171715,3,0.2697174143211924,0.27666236409606615,0.3313829595286281,3,0.4161399337352226,0.42176128868773777,0.4555509195796725,3,0.2695125845663545,0.27638287312401,0.3308789228939498,3,0.4170580757929689,0.4228500688942017,0.45647045979489476,3,0.2699406584312106,0.2767854839614722,0.3312154066671195,3,0.04909280585840747
articles_comments,5,5,15,comment,99.74635383639823,99.75862703786282,99.78521897436946,48763,48769.0,48782,579,621.0,625,0.2961337069770737,0.3015792513253169,0.3399237387860099,3,0.26809394995037383,0.2746428359530638,0.3205929133721473,3,0.2955649725228532,0.3009582437856296,0.33920043908338066,3,0.26815600404795403,0.2747622182141228,0.3205047661390725,3,0.2967072768765098,0.30212185004379116,0.3401122114472906,3,0.268735769924966,0.2753495907080169,0.32095181702956355,3,0.9978085446278622,0.9978287142301153,0.9980541957683878,3,99.64407715752654,99.65635035899115,99.67476016118805,3,99.59702988524558,0.418124762087872,0.423738844518782,0.4575349899171715,3,0.2697174143211924,0.27666236409606615,0.3313829595286281,3,0.4161399337352226,0.42176128868773777,0.4555509195796725,3,0.2695125845663545,0.27638287312401,0.3308789228939498,3,0.4170580757929689,0.4228500688942017,0.45647045979489476,3,0.2699406584312106,0.2767854839614722,0.3312154066671195,3,0.03886513797122859
articles_comments,5,10,1,article_passage,99.92431525763496,99.93249739194468,99.93658845909955,48850,48854.0,48856,4684,4725.0,4743,0.6927730308038744,0.693076522164804,0.6932210914826656,3,0.5670748614009415,0.577369611509792,0.7450726968352234,3,0.6922599936839725,0.6926355350045084,0.6927335575572623,3,0.566941038515375,0.5771462251421602,0.7448406332126994,3,0.6922329120930092,0.6926099242026603,0.6927162901750936,3,0.5668867106726623,0.5770815735414446,0.7447679080175402,3,0.9991815354395155,0.9992633668228602,0.9992633969676509,3,99.88749565324115,99.89363225397345,99.89772332112832,3,99.86499478388939,0.5646704779116194,0.5662955812862887,0.5696236059475435,3,0.36498343532324945,0.37395525580934363,0.4413810459080841,3,0.5643810191858956,0.5659743102612923,0.5693323611731265,3,0.3649068417758239,0.3738423617293074,0.4412787558194424,3,0.5644308068381916,0.5660120823822925,0.5693892428272829,3,0.36490197754115505,0.37382376910373444,0.4412554762113041,3,0.012273201464594763
articles_comments,5,10,1,comment,99.95090719414159,99.9570437948739,99.95908932845133,48863,48866.0,48867,4684,4725.0,4743,0.43882830668905726,0.4422542921331179,0.4480554662237053,3,0.2305362114621215,0.23962293441610477,0.2404176703849123,3,0.43869155276878125,0.44211291607169717,0.4479327605155772,3,0.2305194242494941,0.23959414989686406,0.2403675741690043,3,0.4387693111679057,0.44215595842454236,0.44800909523002436,3,0.23053508701964964,0.23960944437102508,0.2403724218866562,3,0.9995703500624016,0.9996112452428694,0.9996317060195605,3,99.93454292552212,99.93658845909955,99.93658845909955,3,99.92636079121239,0.5646704779116194,0.5662955812862887,0.5696236059475435,3,0.36498343532324945,0.37395525580934363,0.4413810459080841,3,0.5643810191858956,0.5659743102612923,0.5693323611731265,3,0.3649068417758239,0.3738423617293074,0.4412787558194424,3,0.5644308068381916,0.5660120823822925,0.5693892428272829,3,0.36490197754115505,0.37382376910373444,0.4412554762113041,3,0.008182134309734579
articles_comments,5,10,3,article_passage,99.87726798535398,99.89772332112832,99.90181438828319,48827,48837.0,48839,3035,3039.0,3079,0.7103066986702833,0.7142127446654752,0.7166711122423113,3,0.5462533305600739,0.552288479158152,0.6785685035375085,3,0.709652944378322,0.7134923885378172,0.7158433633305622,3,0.5459793568224838,0.5521207483988236,0.6783080298586632,3,0.7096475379051119,0.7134922795437261,0.7158230409378354,3,0.5459101463438292,0.5520457052285621,0.6781911305459453,3,0.9988129592108226,0.9989357129699749,0.9990176415210184,3,99.82817517949557,99.83635731380531,99.85067604884735,3,99.80771984372123,0.6145242369908102,0.6147740545656444,0.6189946098642326,3,0.381310224911835,0.4012517143816631,0.451157941882761,3,0.613995996515901,0.6143217675239314,0.6185031750414767,3,0.3810646547914626,0.4010860098727685,0.45090469940132927,3,0.6140983387766669,0.6144136011251002,0.61860305964908,3,0.3810660372532962,0.4010791826570225,0.4508739232725188,3,0.024546402929203737
articles_comments,5,10,3,comment,99.90590545543805,99.91613312332522,99.92636079121239,48841,48846.0,48851,3035,3039.0,3079,0.5119631759255859,0.5173795535463225,0.5224060892652376,3,0.3060807406303829,0.3156513018538942,0.31690037864670234,3,0.5117014714097712,0.5171181390555766,0.5221500343943003,3,0.30585205407538746,0.3155190341510903,0.31678613839207415,3,0.5118763466406929,0.5172541853621326,0.5222886598227344,3,0.3058748908530118,0.3155543627926861,0.31680775560116814,3,0.9993450943473455,0.9993655211936389,0.9994065038986554,3,99.87931351893141,99.88340458608627,99.89158672039602,3,99.86704031746682,0.6145242369908102,0.6147740545656444,0.6189946098642326,3,0.381310224911835,0.4012517143816631,0.451157941882761,3,0.613995996515901,0.6143217675239314,0.6185031750414767,3,0.3810646547914626,0.4010860098727685,0.45090469940132927,3,0.6140983387766669,0.6144136011251002,0.61860305964908,3,0.3810660372532962,0.4010791826570225,0.4508739232725188,3,0.020455335774343553
articles_comments,5,10,5,article_passage,99.83840284738274,99.84044838096018,99.84453944811504,48808,48809.0,48811,2027,2068.0,2087,0.7164893399516634,0.7208056047303157,0.7345774609512216,3,0.6139524207390585,0.6483838529241418,0.7077003209874844,3,0.7153400193396943,0.7195805204410117,0.7334840826459623,3,0.6134019294238553,0.6475332033047233,0.7070575991999117,3,0.7153352751078556,0.719554913365566,0.7334651083410619,3,0.6132336032303655,0.6473522857805816,0.7068575590746057,3,0.9982600507655777,0.9983418289013081,0.9984032426457041,3,99.75453597070796,99.75658150428539,99.76271810501768,3,99.69930656411725,0.6223252711703157,0.6289977322757202,0.6379567014233598,3,0.30875118372416416,0.3269742824646617,0.3795753536717747,3,0.6215706180614442,0.6282276039649837,0.6372401148824152,3,0.3085166087405265,0.3266806819880561,0.37912851630931815,3,0.6216616939943813,0.6283283955299386,0.6373351783159412,3,0.3085212327658863,0.32668580275713605,0.37911638077285426,3,0.006136600732304487
articles_comments,5,10,5,comment,99.89158672039602,99.89363225397345,99.90795098901548,48834,48835.0,48842,2027,2068.0,2087,0.5168563633736488,0.5267944156222849,0.5338324507676189,3,0.1845796979940724,0.2088758645063033,0.22192748864480194,3,0.5164685949875041,0.526444594206488,0.5334306773483657,3,0.18452102142190452,0.20875374847792885,0.2216673930243186,3,0.5165790348473093,0.5266188383669245,0.5335641422216176,3,0.18453812725392846,0.20878552658256272,0.22169180899695443,3,0.9989767308597507,0.9991198624529228,0.999119934506754,3,99.8486305152699,99.8486305152699,99.85681264957964,3,99.82612964591814,0.6223252711703157,0.6289977322757202,0.6379567014233598,3,0.30875118372416416,0.3269742824646617,0.3795753536717747,3,0.6215706180614442,0.6282276039649837,0.6372401148824152,3,0.3085166087405265,0.3266806819880561,0.37912851630931815,3,0.6216616939943813,0.6283283955299386,0.6373351783159412,3,0.3085212327658863,0.32668580275713605,0.37911638077285426,3,0.016364268619454947
articles_comments,5,10,10,article_passage,99.4599791355575,99.53770941149999,99.60316648597787,48623,48661.0,48693,865,993.0,1100,0.5937422439850507,0.614753751273055,0.6614037901088954,3,0.11667226303851731,0.24851280348679247,0.3013321880196406,3,0.591288296116151,0.6121948921325928,0.6588918806676797,3,0.11645525434922567,0.24769265816305522,0.300712427400071,3,0.5918493942507772,0.6128156915322232,0.6592257740980435,3,0.11666126418344135,0.2478766452985094,0.3008382108046176,3,0.9956525305553277,0.995732983219136,0.9961452502511738,3,99.28610878147565,99.31474625155971,99.37815779246016,3,99.1797410354491,0.49100773214885585,0.5284617923214673,0.5660032360445935,3,0.04237542355274808,0.09982968276090498,0.27236915937850953,3,0.48946469124370184,0.5266428556779844,0.5645326694452802,3,0.04233375409308038,0.0997260250764355,0.2719461652704204,3,0.49017087842816776,0.5274039855259719,0.5650273818539946,3,0.04242125904643753,0.09984871694717697,0.27214684882954127,3,0.14318735042036224
articles_comments,5,10,10,comment,99.70953423200442,99.76476363859513,99.82612964591814,48745,48772.0,48802,865,993.0,1100,0.3444677752028272,0.3994687087733078,0.4393884923965944,3,0.033152572122526036,0.07251537371398391,0.2776872181953444,3,0.34383270300424085,0.3985338102026644,0.43884151106887065,3,0.033121135777828194,0.07246409287528577,0.2775440651306002,3,0.34459970503393894,0.3993515910986568,0.4393840211292304,3,0.033191532182767054,0.07253448435254546,0.2778308644418961,3,0.9976442150114716,0.997849506410519,0.9982797108275819,3,99.61953075459733,99.66044142614601,99.70953423200442,3,99.5929388180907,0.49100773214885585,0.5284617923214673,0.5660032360445935,3,0.04237542355274808,0.09982968276090498,0.27236915937850953,3,0.48946469124370184,0.5266428556779844,0.5645326694452802,3,0.04233375409308038,0.0997260250764355,0.2719461652704204,3,0.49017087842816776,0.5274039855259719,0.5650273818539946,3,0.04242125904643753,0.09984871694717697,0.27214684882954127,3,0.11659541391372841
articles_comments,5,10,15,article_passage,99.07337328942255,99.25542577781414,99.3740667253053,48434,48523.0,48581,497,611.0,662,0.5589425488951617,0.5606800358970259,0.6678338119176103,3,0.10087640195496031,0.17310651964996454,0.3600361208526691,3,0.5551772262611215,0.5562345172592154,0.6641300341632759,3,0.10060231097049176,0.1722677769552388,0.3588047463100341,3,0.5562649284890422,0.557280197721745,0.6647243315627727,3,0.10096338667371006,0.17260030074236382,0.35901927319537513,3,0.9920078893842582,0.9928310258411733,0.9943724455215757,3,98.7665432528075,98.86677439810174,99.0345081514513,3,98.6642665739358,0.47821946164742135,0.4851586447240479,0.5909673127427996,3,0.06253985127457179,0.1789498934686042,0.18838841755146066,3,0.4759283701536856,0.48250001895332356,0.588767302208762,3,0.06249004128375181,0.17865093625212136,0.1880667295263299,3,0.4770739189693382,0.48369440224503896,0.5895221150877896,3,0.0626708092214461,0.17889349348914782,0.18842308024714247,3,0.3006934358827493
articles_comments,5,10,15,comment,99.67885122834291,99.70748869842699,99.77908237363717,48730,48744.0,48779,497,611.0,662,0.3551371225299685,0.36459064268114627,0.4853172712380434,3,0.054600460706010656,0.14460549303487533,0.186616061190348,3,0.3543032262357757,0.3636645796368803,0.48455592226492394,3,0.05458821366981881,0.1444048164794491,0.18648326377368393,3,0.35535255040862046,0.3649293149015704,0.48532205953700236,3,0.05472760753368374,0.14453927445380818,0.18692063312494045,3,0.997540832428223,0.9977258758451137,0.9981764537147072,3,99.57043794873893,99.61543968744246,99.65225929183627,3,99.5438460122323,0.47821946164742135,0.4851586447240479,0.5909673127427996,3,0.06253985127457179,0.1789498934686042,0.18838841755146066,3,0.4759283701536856,0.48250001895332356,0.588767302208762,3,0.06249004128375181,0.17865093625212136,0.1880667295263299,3,0.4770739189693382,0.48369440224503896,0.5895221150877896,3,0.0626708092214461,0.17889349348914782,0.18842308024714247,3,0.10023114529425925
articles_comments,5,15,1,article_passage,99.90590545543805,99.90999652259292,99.938633992677,48841,48843.0,48857,4429,4508.0,4528,0.6964272179105275,0.6975101094756244,0.7008290889807094,3,0.5597626145661513,0.5834508245136686,0.6413472084400297,3,0.6958106781075342,0.6969933136491109,0.7001463245698794,3,0.5594666584306618,0.5832943331204452,0.6409517275796547,3,0.6957948685583961,0.696982254347939,0.7001061430473267,3,0.5593925805314625,0.5831971809907799,0.640858128860443,3,0.9990177219334506,0.9990178626235344,0.9992224109353578,3,99.85885818315707,99.8731769181991,99.88545011966372,3,99.84249391453761,0.5712961120899499,0.5720495558878981,0.5751869547640311,3,0.3629591586783023,0.38277818764518107,0.4044897812897215,3,0.5708772933129808,0.5716446248018543,0.5747187218002381,3,0.36271366149207473,0.38259513055683964,0.40421643631870074,3,0.5709145559728552,0.5716984921717945,0.574755767364783,3,0.36268604293434303,0.38257067657858457,0.40417720671156393,3,0.032728537238952526
articles_comments,5,15,1,comment,99.93045185836725,99.95090719414159,99.96113486202876,48853,48863.0,48868,4429,4508.0,4528,0.44401009679801984,0.4465593208287058,0.44805539574412284,3,0.23434737325517688,0.23686862391770913,0.25792645178763757,3,0.4437417418451117,0.44638044278970707,0.44780496966980643,3,0.2342291301970459,0.2368023507204318,0.2578285953006365,3,0.4437658036966543,0.4464208437139984,0.4478782364303558,3,0.2342388052095284,0.23680616552827724,0.2578209886332361,3,0.9992839314210893,0.999386164139709,0.9995294310207254,3,99.90999652259292,99.90999652259292,99.93249739194468,3,99.89772332112832,0.5712961120899499,0.5720495558878981,0.5751869547640311,3,0.3629591586783023,0.38277818764518107,0.4044897812897215,3,0.5708772933129808,0.5716446248018543,0.5747187218002381,3,0.36271366149207473,0.38259513055683964,0.40421643631870074,3,0.5709145559728552,0.5716984921717945,0.574755767364783,3,0.36268604293434303,0.38257067657858457,0.40417720671156393,3,0.030683003661508224
articles_comments,5,15,3,article_passage,99.8486305152699,99.8486305152699,99.87522245177655,48813,48813.0,48826,2283,2660.0,2754,0.6745042649867953,0.6746948038684862,0.7273600537089273,3,0.2539446058009755,0.2879753238720567,0.5379112412306375,3,0.6736384917455251,0.6739374177229862,0.7264741369566983,3,0.2538256496535747,0.2877503223135518,0.5376763352382072,3,0.6736765332279595,0.6740245909092994,0.7264791775043213,3,0.2538734602591266,0.28776349197247025,0.5375895753149286,3,0.9986285386772562,0.9986897328283345,0.9987103641685943,3,99.78317344079203,99.7934011086792,99.79749217583407,3,99.74839936997566,0.5266149134352192,0.5316050618403853,0.6260145789964515,3,0.04420343508571116,0.06024478178857927,0.369837735083548,3,0.5261660461367135,0.5310342738070807,0.6254166693122719,3,0.044189927588955104,0.060200673892687726,0.36969184609639016,3,0.5264426683067219,0.5312126038530306,0.6255605936397314,3,0.04423024519673535,0.06022573999778914,0.3697138099350376,3,0.02659193650664804
articles_comments,5,15,3,comment,99.89363225397345,99.89567778755088,99.89772332112832,48835,48836.0,48837,2283,2660.0,2754,0.36374800224544573,0.37271827321500345,0.518980181400316,3,0.019466546215177703,0.03656716048329322,0.2617493616117572,3,0.36357232833013037,0.37245529573215275,0.518672510781955,3,0.019462551196028674,0.036546760747940714,0.26167629312620344,3,0.36396965336881665,0.3727107982404077,0.5188952447197835,3,0.019484277260514035,0.03656362782928324,0.26173211371654337,3,0.9990789823778629,0.9992835649806563,0.9993858876993306,3,99.85067604884735,99.85885818315707,99.86499478388939,3,99.83635731380531,0.5266149134352192,0.5316050618403853,0.6260145789964515,3,0.04420343508571116,0.06024478178857927,0.369837735083548,3,0.5261660461367135,0.5310342738070807,0.6254166693122719,3,0.044189927588955104,0.060200673892687726,0.36969184609639016,3,0.5264426683067219,0.5312126038530306,0.6255605936397314,3,0.04423024519673535,0.06022573999778914,0.3697138099350376,3,0.004091067154874395
articles_comments,5,15,5,article_passage,99.68294229549778,99.74226276924337,99.76885470575,48732,48761.0,48774,1428,1609.0,1769,0.606382841961489,0.6198360974735801,0.6993228905500954,3,0.08443052440615129,0.16694073737768525,0.4198581956295371,3,0.6049614071436793,0.618314429642843,0.6978221741158777,3,0.08439326921052324,0.16674987148508544,0.4195361654653042,3,0.6052940441334066,0.6186423107388103,0.6979207380654091,3,0.08451572553600083,0.1668607192746998,0.4195087123186197,3,0.9975208474194276,0.9975825616651643,0.9977673999426488,3,99.58884775093583,99.6052120195553,99.64407715752654,3,99.54180047865485,0.484871677735822,0.5173198964643565,0.5759177231185599,3,0.026731357266932092,0.1016356703478173,0.21405737245996445,3,0.48386589441834404,0.5162664846093744,0.5751321214185283,3,0.026710372235260155,0.10159231577723313,0.21393809041300021,3,0.48437325180799934,0.5167735328032433,0.5754595955229008,3,0.026763902791029606,0.1016697733658452,0.21403722842708572,3,0.08591241025222018
articles_comments,5,15,5,comment,99.75249043713052,99.85272158242478,99.85885818315707,48766,48815.0,48818,1428,1609.0,1769,0.33124303165705815,0.38086542193237777,0.43194220576490866,3,0.020772778258058726,0.05225277891331522,0.23387313102297042,3,0.3307381211359652,0.38035047315098436,0.4317383689907091,3,0.020744491346897112,0.052239753250666016,0.23383070630952074,3,0.33136262076144485,0.38099752026573247,0.432224940996365,3,0.02078532127089363,0.05229050146620062,0.23398170817341513,3,0.9981775366028464,0.9983617300131061,0.9991195380646218,3,99.71157976558185,99.72385296704645,99.81181091087609,3,99.70135209769468,0.484871677735822,0.5173198964643565,0.5759177231185599,3,0.026731357266932092,0.1016356703478173,0.21405737245996445,3,0.48386589441834404,0.5162664846093744,0.5751321214185283,3,0.026710372235260155,0.10159231577723313,0.21393809041300021,3,0.48437325180799934,0.5167735328032433,0.5754595955229008,3,0.026763902791029606,0.1016697733658452,0.21403722842708572,3,0.10636774602654953
articles_comments,5,15,10,article_passage,99.4415693333606,99.50498087426105,99.5254362100354,48614,48645.0,48655,874,912.0,950,0.7039671326328857,0.7089365308866975,0.7404908138709724,3,0.35466890992212674,0.3887852451288214,0.5021075587064364,3,0.7013073003802923,0.7060709749571783,0.7380373974013457,3,0.353618517132855,0.3876469950355692,0.5009723547715493,3,0.7016753815391253,0.7064326158295806,0.738323372503737,3,0.3538743770820761,0.3877787952404269,0.5008877350643419,3,0.9958752308639441,0.9959575646892249,0.9965527147371445,3,99.26769897927873,99.28201771432079,99.34338372164379,3,99.18383210260396,0.6103222263293756,0.6142945084355691,0.6787052741357675,3,0.12996222289716008,0.1387509655437548,0.3566360339898517,3,0.6086352115601201,0.6125174216209093,0.6771820471314616,3,0.12962683220315985,0.13843832584577714,0.35577459128273614,3,0.6091671357668854,0.6130989324730525,0.6775977661849645,3,0.12984922306236013,0.13868735337917185,0.35596422042985737,3,0.08386687667479009
articles_comments,5,15,10,comment,99.74226276924337,99.77294577290486,99.80362877656637,48761,48776.0,48791,874,912.0,950,0.4900525283279173,0.49160773384040346,0.5984682460460379,3,0.07237964416735189,0.09744768241945023,0.3262468306486825,3,0.4892926983478992,0.4908046242182976,0.5977906771939534,3,0.07216615601530857,0.09724287505578812,0.325619878571459,3,0.4898050173529391,0.49146469796154396,0.5982268638405414,3,0.07225328096263643,0.09735868241259198,0.3256960241175556,3,0.9980746779181943,0.9982585892524226,0.9986684693543101,3,99.67066909403319,99.67680569476548,99.72180743346902,3,99.64203162394911,0.6103222263293756,0.6142945084355691,0.6787052741357675,3,0.12996222289716008,0.1387509655437548,0.3566360339898517,3,0.6086352115601201,0.6125174216209093,0.6771820471314616,3,0.12962683220315985,0.13843832584577714,0.35577459128273614,3,0.6091671357668854,0.6130989324730525,0.6775977661849645,3,0.12984922306236013,0.13868735337917185,0.35596422042985737,3,0.061366007323002236
articles_comments,5,15,15,article_passage,99.12451162885839,99.19201423691369,99.2104240391106,48459,48492.0,48501,520,544.0,556,0.6398112515191428,0.6415928954163159,0.7248053184173546,3,0.21843398828088256,0.22384122448136945,0.4623525906208078,3,0.6359578985819275,0.6381156101243183,0.7216041014287374,3,0.21779287656216675,0.2229081376313591,0.4606783427118856,3,0.6369707279848084,0.6392136896076602,0.7224375368134405,3,0.21869613895994924,0.22364056674897106,0.4611966466689545,3,0.9936458975940777,0.9941180099952698,0.9955354387408702,3,98.84222799517254,98.87495653241149,98.9792787448606,3,98.7297236484137,0.5709309849803281,0.5788419618342807,0.6654048847190694,3,0.10129936655023576,0.16170886086456995,0.2972595104524357,3,0.5687597410401988,0.5763566324040114,0.6633417224254934,3,0.10116717502283366,0.16137726368489316,0.29662886321809495,3,0.5698479986696741,0.5774053646900581,0.6641724615479383,3,0.10151450352774244,0.16173370490737707,0.2970741581027299,3,0.08591241025222018
articles_comments,5,15,15,comment,99.69316996338495,99.72589850062388,99.76271810501768,48737,48753.0,48771,520,544.0,556,0.4720527261653176,0.4907455379275541,0.584313357737311,3,0.08775550398060564,0.15831893623682886,0.269387844154301,3,0.4711714849191281,0.4897451752098426,0.5834021109502879,3,0.08769126815493963,0.15812211210227547,0.26916179770346116,3,0.4719968760781773,0.4906513380440922,0.5839863163454807,3,0.08782249668123566,0.158334004764262,0.2692682845645006,3,0.9979506096936162,0.9979509876239653,0.998319775423642,3,99.60725755313274,99.62566735532964,99.66044142614601,3,99.57862008304866,0.5709309849803281,0.5788419618342807,0.6654048847190694,3,0.10129936655023576,0.16170886086456995,0.2972595104524357,3,0.5687597410401988,0.5763566324040114,0.6633417224254934,3,0.10116717502283366,0.16137726368489316,0.29662886321809495,3,0.5698479986696741,0.5774053646900581,0.6641724615479383,3,0.10151450352774244,0.16173370490737707,0.2970741581027299,3,0.06954814163273682
articles_comments,5,20,1,article_passage,99.75249043713052,99.88749565324115,99.90181438828319,48766,48832.0,48839,1537,4262.0,4375,0.4009074292399536,0.40504221677564206,0.6869989503906194,3,0.01685376516180105,0.016882350076729023,0.7079188642825684,3,0.40019924444659233,0.40411091228001245,0.6863564923816905,3,0.016852682345415523,0.016887361267422813,0.7076075413415097,3,0.4003914766853747,0.4042363083121289,0.6863764174554494,3,0.01685806026510184,0.016894649355153665,0.7074548522552327,3,0.9974213089926732,0.9977281100331573,0.9989971346704871,3,99.69112442980752,99.71362529915928,99.84453944811504,3,99.67066909403319,0.26364275164423057,0.2697214898914959,0.5596478721340389,3,0.0032423317655230184,0.005300995383382085,0.3625721001037171,3,0.26328654435026455,0.26924644291070576,0.5592207204055444,3,0.0032462418533696,0.0053051009463425955,0.3623103095626888,3,0.2636374523040983,0.2694773265828255,0.5593428286216933,3,0.003250294953625094,0.005308661773813454,0.3623129513940265,3,0.14932395115266672
articles_comments,5,20,1,comment,99.84044838096018,99.92431525763496,99.94067952625443,48809,48850.0,48858,1537,4262.0,4375,0.10343722914891998,0.11030342339128917,0.4280061876397243,3,0.0012023736946143715,0.004102981537159123,0.17449614183640627,3,0.10338019540152801,0.11026472313612393,0.4277676432782668,3,0.0012055328350796834,0.004110266612920952,0.17445140467213016,3,0.10386658286540858,0.11056575764214024,0.42790772883213735,3,0.0012100780581469587,0.00411636610773814,0.17448122218607304,3,0.9986289315898255,0.9988333538008105,0.9994270279119261,3,99.82203857876327,99.8240841123407,99.90385992186062,3,99.81181091087609,0.26364275164423057,0.2697214898914959,0.5596478721340389,3,0.0032423317655230184,0.005300995383382085,0.3625721001037171,3,0.26328654435026455,0.26924644291070576,0.5592207204055444,3,0.0032462418533696,0.0053051009463425955,0.3623103095626888,3,0.2636374523040983,0.2694773265828255,0.5593428286216933,3,0.003250294953625094,0.005308661773813454,0.3623129513940265,3,0.10023114529424504
articles_comments,5,20,3,article_passage,99.80771984372123,99.80771984372123,99.83635731380531,48793,48793.0,48807,2133,2327.0,2492,0.6761472360894879,0.695000587226759,0.7013166772963426,3,0.3713088270948383,0.4526036129866651,0.5079973416345152,3,0.6753107847088842,0.693959959259576,0.7003503213831658,3,0.37097839339911026,0.45182352910506035,0.5073470965706639,3,0.6754812739104604,0.694089166923213,0.7004444883894183,3,0.37102628523955705,0.45181642324321,0.5072823302386693,3,0.9984845381937334,0.9985256777786878,0.9986893840104849,3,99.73203510135619,99.74839936997566,99.75658150428539,3,99.70135209769468,0.540755700199447,0.5649210679873209,0.5761251908878438,3,0.0763911612962313,0.155487326102436,0.24306159270754285,3,0.540220369078429,0.5642553960920079,0.5754849369664475,3,0.07634031410839105,0.1552431475913034,0.2427174784935236,3,0.54056036846056,0.5645604668581014,0.5757066014848087,3,0.07641448537405632,0.1553170793613652,0.24276439668441804,3,0.02863747008407813
articles_comments,5,20,3,comment,99.85681264957964,99.88340458608627,99.89158672039602,48817,48830.0,48834,2133,2327.0,2492,0.391742733578409,0.41914137091849596,0.4409962664870955,3,0.0323528305985989,0.07773971092796697,0.2064327755053006,3,0.39150405637341956,0.41877258074902823,0.44064564470247597,3,0.03233876308126635,0.07764276030455192,0.2061907311428116,3,0.39191889488547815,0.4191569866338975,0.44087712192878603,3,0.03237447418938454,0.07767449688065749,0.2062376883903869,3,0.9990175208776814,0.9990787372558654,0.9991197002886564,3,99.8240841123407,99.830220713073,99.83840284738274,3,99.80158324298894,0.540755700199447,0.5649210679873209,0.5761251908878438,3,0.0763911612962313,0.155487326102436,0.24306159270754285,3,0.540220369078429,0.5642553960920079,0.5754849369664475,3,0.07634031410839105,0.1552431475913034,0.2427174784935236,3,0.54056036846056,0.5645604668581014,0.5757066014848087,3,0.07641448537405632,0.1553170793613652,0.24276439668441804,3,0.03477407081638262
articles_comments,5,20,5,article_passage,99.70748869842699,99.73817170208848,99.7443083028208,48744,48759.0,48762,1520,1624.0,1669,0.712745760551576,0.7147670972433198,0.749505297345579,3,0.48805507648855095,0.5141170311057603,0.6820828875053461,3,0.7112753136351038,0.7132269017931446,0.748244793700385,3,0.487734476632289,0.5132697311245284,0.6816861042369871,3,0.7114592925117943,0.7133887174310244,0.7483713632750304,3,0.4876915885366059,0.5131857353401811,0.6814107485450821,3,0.9978076016801557,0.9979100073764445,0.9981764163507837,3,99.61339415386503,99.62157628817478,99.65021375825884,3,99.56430134800662,0.596605627117511,0.5974952279892753,0.6654286146197176,3,0.1297167132162236,0.15905088813949336,0.39581524157183406,3,0.5957535684181628,0.5965777930602457,0.6646924948095204,3,0.12966246917120658,0.15893513985128072,0.3956143390490444,3,0.5961520307120484,0.5969499140833451,0.6649756354497783,3,0.12980336209500332,0.15905365387260953,0.39571773041471836,3,0.03681960439381271
articles_comments,5,20,5,comment,99.82612964591814,99.8486305152699,99.85681264957964,48802,48813.0,48817,1520,1624.0,1669,0.4619886245282037,0.4622431475754981,0.5688652421918938,3,0.05863588889188448,0.09102153357026951,0.26095783004152207,3,0.4616373131258676,0.4619127605515065,0.5686124214353122,3,0.058615249379367046,0.091027926993134,0.26091283995382386,3,0.46210217412234234,0.46241497717626107,0.5689496267372851,3,0.05868420104704724,0.09109025508312532,0.2610019982987512,3,0.9989556670420805,0.9989965596330275,0.9991809153271219,3,99.78726450794689,99.78931004152433,99.81181091087609,3,99.76680917217257,0.596605627117511,0.5974952279892753,0.6654286146197176,3,0.1297167132162236,0.15905088813949336,0.39581524157183406,3,0.5957535684181628,0.5965777930602457,0.6646924948095204,3,0.12966246917120658,0.15893513985128072,0.3956143390490444,3,0.5961520307120484,0.5969499140833451,0.6649756354497783,3,0.12980336209500332,0.15905365387260953,0.39571773041471836,3,0.030683003661494013
articles_comments,5,20,10,article_passage,98.75836111849776,99.36997565815044,99.42725059831858,48280,48579.0,48607,535,815.0,845,0.5014571615624716,0.517005312752802,0.7409751562305071,3,0.04943025288506409,0.06851246869361491,0.5533279759553082,3,0.49681808192643234,0.5124550055137932,0.7382838290145705,3,0.04934269851403879,0.06848860403984783,0.5521771320130531,3,0.4982224176005836,0.5140772210972753,0.7387497136208947,3,0.04961769241363389,0.06885522236488742,0.5520602415709113,3,0.9905288244237169,0.9910989598322575,0.9962206018280785,3,98.6213103688097,98.6213103688097,99.2104240391106,3,98.5538077607544,0.4042979767070375,0.41922869173154464,0.6572995121630759,3,0.0194044633417187,0.04937813829716795,0.30443788343504324,3,0.40150152202881684,0.41655454921981105,0.6556117675813985,3,0.019401463735108333,0.04948134510328459,0.3038656666777747,3,0.40304384693163015,0.41833435628346455,0.6562573973184047,3,0.01953671275499623,0.04970474205656483,0.30422029984738086,3,0.6688894798208196
articles_comments,5,20,10,comment,99.42520506474114,99.73612616851105,99.76885470575,48606,48758.0,48774,535,815.0,845,0.25253737043714686,0.26987525693665787,0.554984702243827,3,0.011114272693359477,0.04319048880729547,0.20128952153918334,3,0.2516461110685143,0.269019181548358,0.5541934556192765,3,0.011124898910920866,0.04333984367820722,0.20101165092325868,3,0.25328767082743153,0.2708850918142205,0.5548034953613982,3,0.011240558609587609,0.04354066354031625,0.201146549961838,3,0.9958189867191343,0.9960228786978003,0.9984427505942136,3,99.38224885961503,99.38838546034732,99.67476016118805,3,99.35770245668583,0.4042979767070375,0.41922869173154464,0.6572995121630759,3,0.0194044633417187,0.04937813829716795,0.30443788343504324,3,0.40150152202881684,0.41655454921981105,0.6556117675813985,3,0.019401463735108333,0.04948134510328459,0.3038656666777747,3,0.40304384693163015,0.41833435628346455,0.6562573973184047,3,0.01953671275499623,0.04970474205656483,0.30422029984738086,3,0.3436496410088665
articles_comments,5,20,15,article_passage,98.26947859349112,98.59267289872562,99.11837502812608,48041,48199.0,48456,346,382.0,460,0.5114422733035437,0.5648765609137101,0.6100183534206387,3,0.11055615707898042,0.15856687206416636,0.48932286179485146,3,0.5055402459956557,0.5594950121469701,0.602693574493956,3,0.11034404743343293,0.1580218729397346,0.4844040416391666,3,0.5078452229267406,0.5613167640954894,0.6055311158932293,3,0.11105467894590017,0.15866142249507448,0.48588211480788307,3,0.9879483323376115,0.9894573643410852,0.9903832293404172,3,97.9094646838628,98.09560823940924,98.3778918730951,3,97.81127907214598,0.423924971001037,0.4775778256605692,0.5463116406121427,3,0.07519147041782508,0.10064747023134321,0.49554265333959313,3,0.42027503841340913,0.47412298453989804,0.5411894798327006,3,0.07531512112689376,0.10062050476529971,0.49327727572458263,3,0.4227807804684029,0.4761615369614834,0.5445766571057553,3,0.07585783164479838,0.10111666987156145,0.4956674681704959,3,0.8488964346349661
articles_comments,5,20,15,comment,99.34133818806636,99.4170229304314,99.65635035899115,48565,48602.0,48719,346,382.0,460,0.28362826832703675,0.34102387225075775,0.4244857676149012,3,0.05501340659186994,0.0698168606141959,0.43833013362617507,3,0.2822956626249427,0.3395032418776133,0.42211548910127694,3,0.055136630196821704,0.06987678230108171,0.43798905701812163,3,0.28490673697551344,0.34162200976875345,0.42643773534030144,3,0.05565118547388921,0.07034759681048439,0.44130408416747735,3,0.995651103635021,0.9960825334317828,0.9965274923974685,3,99.20633297195573,99.28201771432079,99.34133818806636,3,99.1736044347168,0.423924971001037,0.4775778256605692,0.5463116406121427,3,0.07519147041782508,0.10064747023134321,0.49554265333959313,3,0.42027503841340913,0.47412298453989804,0.5411894798327006,3,0.07531512112689376,0.10062050476529971,0.49327727572458263,3,0.4227807804684029,0.4761615369614834,0.5445766571057553,3,0.07585783164479838,0.10111666987156145,0.4956674681704959,3,0.3150121709247884
articles_comments,10,5,1,article_passage,99.80976537729866,99.84044838096018,99.92226972405753,48794,48809.0,48849,1089,1336.0,2180,0.41520172864912114,0.4506410716893269,0.4633096296082335,3,0.015864403938148666,0.029703468590562138,0.2201605355877499,3,0.4146358410011942,0.4495877947151449,0.46255050827039607,3,0.015867862661891836,0.02967211947315056,0.21970419570749988,3,0.41474192622281125,0.44970808474808105,0.4625640483332915,3,0.015872897568020617,0.02967453311780025,0.2197920070740866,3,0.9976054031927958,0.9981176470588236,0.9981378026070763,3,99.70544316484956,99.77294577290486,99.78726450794689,3,99.67680569476548,0.29823861281115677,0.34045411672967585,0.37264545973357927,3,0.0047349267281684634,0.0075732252642706395,0.26855672065599806,3,0.2979404669234328,0.34004088606137967,0.37192618064432587,3,0.004740066902731302,0.007571681098564883,0.2684091086681889,3,0.29809703996502607,0.34011811802941644,0.3721016644288774,3,0.004742869339109185,0.007573643319120615,0.26855561141927803,3,0.11250434675886822
articles_comments,10,5,1,comment,99.90590545543805,99.91613312332522,99.94886166056416,48841,48846.0,48862,1089,1336.0,2180,0.14274885706185114,0.18815815048599868,0.22437325903755184,3,0.00288914121756799,0.004422606884697914,0.22248489033595742,3,0.14270618193335752,0.1880539708004301,0.22420173636857316,3,0.0028946754784689916,0.0044258077638046,0.22273126969360701,3,0.14287377117366157,0.18817959528339026,0.22441918094832897,3,0.0028980093996115153,0.004428912740908173,0.22294369619467197,3,0.9987518926218439,0.9990383631713555,0.9990997626647025,3,99.8486305152699,99.87931351893141,99.88749565324115,3,99.83226624665043,0.29823861281115677,0.34045411672967585,0.37264545973357927,3,0.0047349267281684634,0.0075732252642706395,0.26855672065599806,3,0.2979404669234328,0.34004088606137967,0.37192618064432587,3,0.004740066902731302,0.007571681098564883,0.2684091086681889,3,0.29809703996502607,0.34011811802941644,0.3721016644288774,3,0.004742869339109185,0.007573643319120615,0.26855561141927803,3,0.0429562051261172
articles_comments,10,5,3,article_passage,99.75862703786282,99.78726450794689,99.90181438828319,48769,48783.0,48839,1065,1080.0,1810,0.44019576455763276,0.44820780037925967,0.48085062990215327,3,0.022468596261248114,0.024323719885045243,0.2911003153669223,3,0.4393330560339867,0.44730339884794756,0.47942540986717896,3,0.022456368562839307,0.02431478986674652,0.2904670266542247,3,0.4394513014574188,0.44744441983357625,0.4796382284007006,3,0.022463077835314572,0.024323245867165527,0.2905918149408072,3,0.9971747364110963,0.9977077363896848,0.9978716001882815,3,99.63180395606194,99.71567083273672,99.73817170208848,3,99.6052120195553,0.3336928956253924,0.3394047608778966,0.40159105378268295,3,0.007984692279229216,0.008512151336468326,0.31953317043765894,3,0.33316208962242816,0.3389031124634722,0.4006894213855979,3,0.007987516899582122,0.008514934652789812,0.3193688779296745,3,0.3333376627147502,0.33910164709274976,0.40104358431178166,3,0.007992248261355823,0.008520518268072591,0.3195996767648783,3,0.14318735042036224
articles_comments,10,5,3,comment,99.87522245177655,99.87931351893141,99.93658845909955,48826,48828.0,48856,1065,1080.0,1810,0.18716584165101663,0.19270294373166544,0.26144759413393076,3,0.006098174245844097,0.006307321933746811,0.2743992945160839,3,0.1869751178322665,0.19261928129950365,0.2612665275502605,3,0.006106100242539417,0.006316676788953631,0.2746701721153473,3,0.18717318885278106,0.19283168893490055,0.26181654508835384,3,0.006112755534344354,0.006323879721354843,0.27507138217248006,3,0.9987310164149167,0.9987313799312489,0.998813202103497,3,99.81385644445353,99.84249391453761,99.8486305152699,3,99.78931004152433,0.3336928956253924,0.3394047608778966,0.40159105378268295,3,0.007984692279229216,0.008512151336468326,0.31953317043765894,3,0.33316208962242816,0.3389031124634722,0.4006894213855979,3,0.007987516899582122,0.008514934652789812,0.3193688779296745,3,0.3333376627147502,0.33910164709274976,0.40104358431178166,3,0.007992248261355823,0.008520518268072591,0.3195996767648783,3,0.061366007323002236
articles_comments,10,5,5,article_passage,99.73612616851105,99.74635383639823,99.81385644445353,48758,48763.0,48796,938,995.0,1590,0.4470670406629439,0.47577203012448555,0.476617037095331,3,0.032524668204898,0.04107118952996442,0.27819317235923685,3,0.44581610997575294,0.4744660279036789,0.47490370679793914,3,0.032505394192731296,0.04106284418755717,0.27771753307713376,3,0.4459715783440779,0.47462992568426443,0.47508902505790396,3,0.032516916227793076,0.041077691255728806,0.27783586635253626,3,0.9965400757498208,0.99688862505885,0.9971136131013306,3,99.5683924151615,99.61953075459733,99.6358950232168,3,99.48452553848671,0.34497113949144376,0.36745789787773353,0.4057885921324776,3,0.00967766499706083,0.011602533374737385,0.3194164645448577,3,0.3442576112380758,0.36673850381117185,0.4046781245303224,3,0.009684168371840537,0.011609169463992874,0.3193085460895324,3,0.3445036312471738,0.36699700386644424,0.40507222771632284,3,0.00969151695066338,0.011617932406783174,0.31955088192028064,3,0.0777302759424856
articles_comments,10,5,5,comment,99.84044838096018,99.85067604884735,99.91613312332522,48809,48814.0,48846,938,995.0,1590,0.2032750255888655,0.22083507370861305,0.2800590968342624,3,0.0062763735875976615,0.006891457690625328,0.29660025362736064,3,0.20308820002923642,0.22066816091544342,0.2796952950086224,3,0.0062867580961896204,0.0069002801559187,0.29675964235350055,3,0.20339507062334505,0.22098042834676151,0.2804380544498005,3,0.0062961661690643135,0.006910363763682934,0.29723172072884096,3,0.9984651591118388,0.9985464818719676,0.9986083824492469,3,99.77294577290486,99.80158324298894,99.81385644445353,3,99.75249043713052,0.34497113949144376,0.36745789787773353,0.4057885921324776,3,0.00967766499706083,0.011602533374737385,0.3194164645448577,3,0.3442576112380758,0.36673850381117185,0.4046781245303224,3,0.009684168371840537,0.011609169463992874,0.3193085460895324,3,0.3445036312471738,0.36699700386644424,0.40507222771632284,3,0.00969151695066338,0.011617932406783174,0.31955088192028064,3,0.0756847423650413
articles_comments,10,5,10,article_passage,99.52339067645795,99.66248695972344,99.68294229549778,48654,48722.0,48732,756,935.0,948,0.4972336520038592,0.5112686195286479,0.5445875572223188,3,0.18093974385074055,0.2194736233213458,0.22172406842849524,3,0.495139461203347,0.5091863819826072,0.5425528408864789,3,0.18059086696158824,0.21908332987446705,0.22128293828693993,3,0.4957690338377335,0.5097702464703046,0.5428135319294359,3,0.18076929438556386,0.21922756933334975,0.2213543305322992,3,0.995777909860425,0.9959010513803209,0.9961491980909855,3,99.38224885961503,99.3986131282345,99.48043447133185,3,99.28815431505308,0.4184291928276056,0.435493156638257,0.4688318983087542,3,0.22699293321304329,0.27279541021620346,0.28480471597070756,3,0.4171256390367488,0.4340301783674826,0.4675291924170918,3,0.226902418749583,0.2726602240552026,0.28455054024115634,3,0.41788364954066354,0.43471722844008165,0.4679573691339949,3,0.2271930320813454,0.27292955013313697,0.284696101026894,3,0.1595516190398314
articles_comments,10,5,10,comment,99.77499130648229,99.81999304518584,99.82817517949557,48777,48799.0,48803,756,935.0,948,0.283496640684685,0.2989597710448232,0.3517390777362647,3,0.2165854684178355,0.2499980225115737,0.301098357354795,3,0.2830728316120529,0.29835761141954265,0.3512360756739675,3,0.21665217239711057,0.2500893991629539,0.30093098459652995,3,0.2839665960914552,0.2991460221020243,0.35185243004396927,3,0.21707258297291573,0.2505186721286734,0.3011790795153429,3,0.9979524141037717,0.9981570594860244,0.9984029484029484,3,99.69521549696239,99.70953423200442,99.7443083028208,3,99.66248695972344,0.4184291928276056,0.435493156638257,0.4688318983087542,3,0.22699293321304329,0.27279541021620346,0.28480471597070756,3,0.4171256390367488,0.4340301783674826,0.4675291924170918,3,0.226902418749583,0.2726602240552026,0.28455054024115634,3,0.41788364954066354,0.43471722844008165,0.4679573691339949,3,0.2271930320813454,0.27292955013313697,0.284696101026894,3,0.05318387301328187
articles_comments,10,5,15,article_passage,99.19815083764601,99.36179352384069,99.36383905741812,48495,48575.0,48576,490,511.0,584,0.48855452621379525,0.4943591229287273,0.5027108214617702,3,0.24807614135213774,0.27305147606362506,0.2808373565786718,3,0.48493728539566894,0.4907383892053125,0.4992941338684443,3,0.2468199558978783,0.27213756450420656,0.279192177432558,3,0.48610401433906597,0.4919333302324291,0.5001924836006066,3,0.24714452473118698,0.27237707672014133,0.2795463468953417,3,0.9926715112698609,0.9928555297788909,0.9932907938201441,3,98.91586720396015,98.9240493382699,99.028371550719,3,98.71949598052652,0.43097927723576857,0.43513115868276764,0.4406153241865172,3,0.29746502249900003,0.3061099964879931,0.34832356423943434,3,0.4287663880790434,0.4326755400866094,0.4384852430668012,3,0.29720334532548925,0.3058475177955807,0.34767867336876457,3,0.429919554075226,0.4338943339641772,0.4394677546301135,3,0.2976862923570166,0.3062494446650283,0.34828562866809426,3,0.16568821977210746
articles_comments,10,5,15,comment,99.7197618998916,99.74839936997566,99.77908237363717,48750,48764.0,48779,490,511.0,584,0.3094395819359822,0.32246374230671115,0.32930309771945415,3,0.26946293846692465,0.2868208521229718,0.3226510860713182,3,0.30893808502143877,0.3215385385462533,0.3285472013165368,3,0.26985514137030103,0.28684754862659123,0.3226597043994802,3,0.3099051064978351,0.32283164096647166,0.3295904892691577,3,0.2703869770818783,0.28736713678793974,0.3234755253618346,3,0.9975827597509014,0.9976448422044277,0.9976854222568157,3,99.61339415386503,99.63384948963937,99.64612269110398,3,99.56021028085176,0.43097927723576857,0.43513115868276764,0.4406153241865172,3,0.29746502249900003,0.3061099964879931,0.34832356423943434,3,0.4287663880790434,0.4326755400866094,0.4384852430668012,3,0.29720334532548925,0.3058475177955807,0.34767867336876457,3,0.429919554075226,0.4338943339641772,0.4394677546301135,3,0.2976862923570166,0.3062494446650283,0.34828562866809426,3,0.059320473745572144
articles_comments,10,10,1,article_passage,99.77294577290486,99.84658498169247,99.86294925031194,48776,48812.0,48820,1180,1872.0,1899,0.5494903886861238,0.5630569159773708,0.6966583974262268,3,0.05999482296632203,0.06854845818106692,0.47843325332941916,3,0.5483371169603561,0.5618387295284499,0.6955650818887211,3,0.059920491145460025,0.06845674086149958,0.4778426576066074,3,0.5484480723412796,0.5619036021867728,0.6955528190570843,3,0.05993806237338813,0.06847024528550714,0.47774226146936855,3,0.9976256754543966,0.9976663732574563,0.9983625347961356,3,99.69316996338495,99.69930656411725,99.77294577290486,3,99.63998609037166,0.40909671348583687,0.41968345183523165,0.6092051380355119,3,0.010934314321948845,0.014968713033808314,0.33289809748304505,3,0.40836174519519947,0.4189748259373331,0.6085280321054994,3,0.010929296629681907,0.014963757201519746,0.33254417304446543,3,0.4085644719911696,0.41916215299828363,0.6085989419537325,3,0.010936046303099727,0.014971386185529853,0.3325285067512875,3,0.09000347740708037
articles_comments,10,10,1,comment,99.86908585104425,99.88954118681859,99.94067952625443,48823,48833.0,48858,1180,1872.0,1899,0.22881337543441443,0.23606633539224933,0.5126453842824591,3,0.004856007656587012,0.008669479305991306,0.256631083987377,3,0.22856621076393258,0.23581127456292486,0.5123438460937798,3,0.004858768009575532,0.00867264041575186,0.2564064401948543,3,0.22878360966040412,0.23608074885274377,0.5124303108148693,3,0.004863909359855289,0.008681393475507785,0.2564142018312653,3,0.9984038308060654,0.998915423496429,0.9991200605725745,3,99.7995377094115,99.85067604884735,99.87113138462168,3,99.79749217583407,0.40909671348583687,0.41968345183523165,0.6092051380355119,3,0.010934314321948845,0.014968713033808314,0.33289809748304505,3,0.40836174519519947,0.4189748259373331,0.6085280321054994,3,0.010929296629681907,0.014963757201519746,0.33254417304446543,3,0.4085644719911696,0.41916215299828363,0.6085989419537325,3,0.010936046303099727,0.014971386185529853,0.3325285067512875,3,0.07159367521018112
articles_comments,10,10,3,article_passage,99.77294577290486,99.77703684005974,99.78726450794689,48776,48778.0,48783,1299,1396.0,1420,0.6791622435162988,0.6803140357281895,0.71763002255731,3,0.3379512646176773,0.42174325206054186,0.6023744535203895,3,0.6776061814467149,0.678920143022578,0.716229840462922,3,0.33701409014670924,0.42060869446054455,0.6016054915676408,3,0.6776515515123177,0.6790116061088071,0.7162786429848365,3,0.3369931605165148,0.42056408549515784,0.6013785746050981,3,0.9976452280033581,0.997829203358591,0.9979725578537784,3,99.66248695972344,99.66657802687831,99.68089676192035,3,99.599075418823,0.5709901633688884,0.5752421545158475,0.6453611273713243,3,0.08594663152920845,0.08856893586179827,0.37697757425048145,3,0.5700744424917212,0.5743439605379158,0.6444443555992502,3,0.08579153460552809,0.08830646029663997,0.37623957947283077,3,0.570323201339247,0.5745383368260075,0.6446034245148101,3,0.08583701792666787,0.08836534998211176,0.37624402185052147,3,0.014318735042024855
articles_comments,10,10,3,comment,99.84249391453761,99.85885818315707,99.89158672039602,48810,48818.0,48834,1299,1396.0,1420,0.4369402406609921,0.4463249224167939,0.5589660048128597,3,0.04216405817248524,0.05105424899205095,0.286341469156764,3,0.43647273695361677,0.44596609509169327,0.5584818907109271,3,0.042048034918364785,0.05099042188618303,0.28575867900581864,3,0.4368148315293442,0.44625397741346556,0.558683553938743,3,0.042082968059443185,0.05102291575630053,0.28578743810374213,3,0.9986897596527863,0.9988945526008721,0.9989355604683534,3,99.78521897436946,99.81181091087609,99.82203857876327,3,99.76885470575,0.5709901633688884,0.5752421545158475,0.6453611273713243,3,0.08594663152920845,0.08856893586179827,0.37697757425048145,3,0.5700744424917212,0.5743439605379158,0.6444443555992502,3,0.08579153460552809,0.08830646029663997,0.37623957947283077,3,0.570323201339247,0.5745383368260075,0.6446034245148101,3,0.08583701792666787,0.08836534998211176,0.37624402185052147,3,0.04909280585840747
articles_comments,10,10,5,article_passage,99.68498782907521,99.70953423200442,99.72385296704645,48733,48745.0,48752,1163,1189.0,1241,0.7126700557523731,0.7239395911580595,0.7283538054946288,3,0.5763645038500738,0.6256857328427633,0.6519379909145159,3,0.7107524458194738,0.7221081399096275,0.7264123201890106,3,0.5754773252509734,0.6242296473111841,0.6509678311715835,3,0.7108056022811154,0.7221847670381828,0.7264784425256609,3,0.5751929932375456,0.6238687101880808,0.6505435307210388,3,0.9971936005899584,0.9972135144548938,0.9972750927083119,3,99.55816474727432,99.5683924151615,99.57657454947123,3,99.47634340417699,0.6183965830441609,0.6352824073106601,0.6640598799205739,3,0.185597824390089,0.21229465948437096,0.38523567806846726,3,0.6172682153468255,0.6341209691861552,0.6628248834121234,3,0.18534379166077045,0.21187566443650618,0.3846298165723963,3,0.6174965759769334,0.6343907632916439,0.6630013872418317,3,0.18542891190473385,0.21198347522308353,0.38462711253615206,3,0.0388651379712428
articles_comments,10,10,5,comment,99.8240841123407,99.830220713073,99.86090371673451,48801,48804.0,48819,1163,1189.0,1241,0.5029826655932848,0.5245912812794938,0.5825879240161741,3,0.0994457002302479,0.1289284911404613,0.2881848311243325,3,0.5025128759525938,0.5240603297242487,0.5819880390473591,3,0.0993009598996298,0.12879020285589501,0.28775683677133856,3,0.502843165799087,0.524462691110275,0.582194151045393,3,0.09935542312472267,0.1288629100301531,0.287786576944394,3,0.9986692326590779,0.9987305747220573,0.9987917758846658,3,99.76680917217257,99.77908237363717,99.77908237363717,3,99.73817170208848,0.6183965830441609,0.6352824073106601,0.6640598799205739,3,0.185597824390089,0.21229465948437096,0.38523567806846726,3,0.6172682153468255,0.6341209691861552,0.6628248834121234,3,0.18534379166077045,0.21187566443650618,0.3846298165723963,3,0.6174965759769334,0.6343907632916439,0.6630013872418317,3,0.18542891190473385,0.21198347522308353,0.38462711253615206,3,0.03681960439381271
articles_comments,10,10,10,article_passage,99.0345081514513,99.52952727719025,99.56430134800662,48415,48657.0,48674,541,838.0,850,0.4733834025814865,0.4797472921743561,0.6795575804618055,3,0.0708599634119321,0.07536750893725701,0.36247840663588976,3,0.46931007712067463,0.47576523161989975,0.6766644604433057,3,0.07076751344218024,0.07521877292391753,0.3611450138827736,3,0.47015289490226597,0.47690927086684454,0.6768749836275078,3,0.07091695048505689,0.07541625744901932,0.3611373894813732,3,0.9914875287167706,0.9922421754746024,0.9955918233448834,3,98.87495653241149,98.89541186818582,99.32701945302432,3,98.77472538711723,0.38754483534674794,0.4015455974836247,0.5965971963548505,3,0.061752343942412344,0.10736081829804142,0.1987242560305751,3,0.38502582907476485,0.3990139796124307,0.5948561511540862,3,0.06191571083236875,0.1073888984029494,0.1983537548112075,3,0.38598033056827374,0.40031794170566093,0.5953205569195911,3,0.06207879720351062,0.10768348580945453,0.19848979700399075,3,0.5297931965553175
articles_comments,10,10,10,comment,99.5683924151615,99.7443083028208,99.79749217583407,48676,48762.0,48788,541,838.0,850,0.24399879823095771,0.2629393292222463,0.4806116209241861,3,0.05281466228612868,0.11009639341081458,0.17085659553156052,3,0.24332781231823028,0.2621127094763339,0.47990818646023037,3,0.05313368472169959,0.11022583572331213,0.1707026058714234,3,0.24438733763136164,0.26367550741516693,0.4806244436415602,3,0.05333197754292008,0.11069547542460811,0.17086433754969058,3,0.9962313616254301,0.9966394131267802,0.9984430377153627,3,99.48861660564158,99.49475320637389,99.69316996338495,3,99.45384253482521,0.38754483534674794,0.4015455974836247,0.5965971963548505,3,0.061752343942412344,0.10736081829804142,0.1987242560305751,3,0.38502582907476485,0.3990139796124307,0.5948561511540862,3,0.06191571083236875,0.1073888984029494,0.1983537548112075,3,0.38598033056827374,0.40031794170566093,0.5953205569195911,3,0.06207879720351062,0.10768348580945453,0.19848979700399075,3,0.2290997606725682
articles_comments,10,10,15,article_passage,98.31243479861722,98.94655020762166,99.03246261787388,48062,48372.0,48414,304,391.0,446,0.48711926995043153,0.49478053677786704,0.5751042812719749,3,0.19585860701510197,0.2864298741332701,0.3074788887744288,3,0.4802809495726784,0.4877255402585124,0.5699164879523588,3,0.19498634488432884,0.2849450077902785,0.3056227838595377,3,0.4824426772049548,0.49037575518632753,0.5712524318669848,3,0.19586457978841362,0.2865677164081317,0.3061554283062752,3,0.9866153244239442,0.9873055126223597,0.9909489231275584,3,97.99946816126986,98.00765029557961,98.53948902571236,3,97.80309693783623,0.4304492979106707,0.4408375199565125,0.5135699574766233,3,0.2549283173243515,0.33641354505188126,0.3689226043709766,3,0.4259309044919264,0.4360618726245931,0.510182196199525,3,0.2552071165865102,0.33658509012355825,0.36822830783005905,3,0.4282462537263629,0.43891938801425956,0.5117362604324096,3,0.2565635644475463,0.3387981160092989,0.36904741169825106,3,0.7200278192566572
articles_comments,10,10,15,comment,99.39452206107964,99.58271115020352,99.66657802687831,48591,48683.0,48724,304,391.0,446,0.3131403112872493,0.33522401634660254,0.40646956555545455,3,0.23806462989646304,0.3145579612664311,0.37286669623372154,3,0.3115971310750434,0.3334510968946175,0.40520034858895193,3,0.23904703932132204,0.3158811505926166,0.37293276545466814,3,0.31417086176146913,0.3366444910732107,0.4069770618072764,3,0.24072917919442133,0.3184938203217094,0.3739343125699841,3,0.995632023623985,0.9956916006729309,0.9971091155123631,3,99.27383558001105,99.31270071798228,99.48043447133185,3,99.24315257634953,0.4304492979106707,0.4408375199565125,0.5135699574766233,3,0.2549283173243515,0.33641354505188126,0.3689226043709766,3,0.4259309044919264,0.4360618726245931,0.510182196199525,3,0.2552071165865102,0.33658509012355825,0.36822830783005905,3,0.4282462537263629,0.43891938801425956,0.5117362604324096,3,0.2565635644475463,0.3387981160092989,0.36904741169825106,3,0.2720559657986712
articles_comments,10,15,1,article_passage,99.62771288890707,99.65021375825884,99.83635731380531,48705,48716.0,48807,877,915.0,1718,0.4785057361213902,0.4919729522603825,0.5624476018597167,3,0.025798492920743897,0.02798063623838502,0.3861250112026334,3,0.47688515128107944,0.4903530732657276,0.5600255963767427,3,0.0257782189047799,0.02793901690528248,0.3848189812318205,3,0.4770575918205404,0.49052747301359284,0.5603331817089928,3,0.025795471085462915,0.027953645930891547,0.38503590015199174,3,0.9959229666052039,0.9962740802915225,0.9965401465831388,3,99.4354327326283,99.54589154580972,99.57043794873893,3,99.38633992676989,0.3504171570007868,0.3686599818477746,0.4898475342804565,3,0.009937660441196955,0.010470989559346335,0.4296957197320103,3,0.34944072421906447,0.3676543323997488,0.487904957461356,3,0.009940954419563134,0.010474218842080192,0.4288245756909896,3,0.3497343746791255,0.3679292763749045,0.4884175524824553,3,0.009950369457045605,0.010483620557402477,0.4292542537738103,3,0.20864442489823887
articles_comments,10,15,1,comment,99.70135209769468,99.79544664225664,99.91613312332522,48741,48787.0,48846,877,915.0,1718,0.18165442112181132,0.20346678213788363,0.34967891867688955,3,0.00803930931502276,0.009188094256187903,0.3856142075002289,3,0.18152281980448903,0.20310069548825918,0.34862457732463575,3,0.008067144768799184,0.009205098398671391,0.38537502669756535,3,0.1819009593403999,0.20341370412272478,0.34948032697385806,3,0.008080152681484395,0.009216492942970483,0.3862079661268328,3,0.9971740421436324,0.9972370602320869,0.998055828421742,3,99.60725755313274,99.67066909403319,99.75862703786282,3,99.58475668378097,0.3504171570007868,0.3686599818477746,0.4898475342804565,3,0.009937660441196955,0.010470989559346335,0.4296957197320103,3,0.34944072421906447,0.3676543323997488,0.487904957461356,3,0.009940954419563134,0.010474218842080192,0.4288245756909896,3,0.3497343746791255,0.3679292763749045,0.4884175524824553,3,0.009950369457045605,0.010483620557402477,0.4292542537738103,3,0.21478102563054335
articles_comments,10,15,3,article_passage,99.7197618998916,99.75453597070796,99.76885470575,48750,48767.0,48774,1205,1255.0,1264,0.73162833511425,0.732760256146434,0.7455305925095693,3,0.49595231659529515,0.6102787803034563,0.6116540808106361,3,0.730134549412971,0.7313353768689368,0.7439156508612923,3,0.49534065826866536,0.6095776404567488,0.6109220684233468,3,0.7301667484904374,0.7314182442263654,0.7439345114140391,3,0.49519501176926034,0.6092975078242582,0.6106448187737326,3,0.997623924621057,0.9977669883022965,0.9977675371223759,3,99.62566735532964,99.62566735532964,99.65021375825884,3,99.5622558144292,0.6614977090270553,0.665964031723162,0.6678670539769485,3,0.35465030933277336,0.37534155318089335,0.38729274129062957,3,0.6606076002359189,0.6650236037838982,0.6669467831333713,3,0.35416362950981567,0.37483880487398846,0.386923282428984,3,0.6608203807037325,0.6652201022647971,0.6671259492014353,3,0.35421299613972135,0.374880439570343,0.38695067550696116,3,0.04909280585840747
articles_comments,10,15,3,comment,99.85067604884735,99.85885818315707,99.86294925031194,48814,48818.0,48820,1205,1255.0,1264,0.5711237797458202,0.5742183763945438,0.5896890555149673,3,0.24104156366295934,0.3093445987943895,0.33050890346279005,3,0.5707498320077612,0.5737872083556326,0.5893034052689611,3,0.24078651751231112,0.30893808256562255,0.3303529654815754,3,0.5710671795524629,0.5740535483395548,0.589583600478265,3,0.24085514695190613,0.30897859186403626,0.33040752441866106,3,0.9990172191396572,0.99913999631427,0.9991809824115973,3,99.80771984372123,99.81181091087609,99.81999304518584,3,99.78931004152433,0.6614977090270553,0.665964031723162,0.6678670539769485,3,0.35465030933277336,0.37534155318089335,0.38729274129062957,3,0.6606076002359189,0.6650236037838982,0.6669467831333713,3,0.35416362950981567,0.37483880487398846,0.386923282428984,3,0.6608203807037325,0.6652201022647971,0.6671259492014353,3,0.35421299613972135,0.374880439570343,0.38695067550696116,3,0.012273201464594763
articles_comments,10,15,5,article_passage,99.63384948963937,99.65839589256858,99.67680569476548,48708,48720.0,48729,994,1013.0,1057,0.7307652452207732,0.7326011963482636,0.736042859799945,3,0.44238024617143573,0.4577744301691286,0.5561459786080885,3,0.7288167353589139,0.7307358673238161,0.7339937854171924,3,0.4416206303520125,0.4570360253505769,0.5554192221526713,3,0.7289429367525606,0.7309198038376473,0.7340788667220437,3,0.4415799473369913,0.45701680366541936,0.5551235582305041,3,0.9969462832783391,0.9972331529758977,0.9972939729397294,3,99.50293534068362,99.51111747499336,99.52952727719025,3,99.4231595311637,0.6525160597892872,0.6625991924053632,0.6665575193901977,3,0.2467353810973011,0.31548720306406464,0.33792750250503917,3,0.6513536846180774,0.6613473046411146,0.6653854115990202,3,0.2464822062580334,0.3152319187720682,0.33745064388125423,3,0.651688527964055,0.6616446350164228,0.6656371366961311,3,0.24663354187613654,0.3153153912448007,0.33752308850048296,3,0.042956205126102986
articles_comments,10,15,5,comment,99.78931004152433,99.830220713073,99.85885818315707,48784,48804.0,48818,994,1013.0,1057,0.5508962984457526,0.5718203518352204,0.5782148083355888,3,0.20247071805331474,0.27200960844380034,0.3371464007431857,3,0.5504137518268448,0.5712303497294204,0.5778283212469181,3,0.20234104259643546,0.27186156570324044,0.33668238798276945,3,0.5508080085473593,0.5716580530191762,0.5781781292194442,3,0.20240553256135124,0.27191665872122045,0.33674353948826197,3,0.9987710961822055,0.9987712723474842,0.9990580333374288,3,99.74839936997566,99.76271810501768,99.79749217583407,3,99.73408063493362,0.6525160597892872,0.6625991924053632,0.6665575193901977,3,0.2467353810973011,0.31548720306406464,0.33792750250503917,3,0.6513536846180774,0.6613473046411146,0.6653854115990202,3,0.2464822062580334,0.3152319187720682,0.33745064388125423,3,0.651688527964055,0.6616446350164228,0.6656371366961311,3,0.24663354187613654,0.3153153912448007,0.33752308850048296,3,0.06954814163273682
articles_comments,10,15,10,article_passage,99.25133471065928,99.45179700124778,99.46407020271238,48521,48619.0,48625,702,751.0,756,0.6974655642448919,0.6978816848253797,0.7647405914387856,3,0.33725184168387295,0.34338860984301395,0.6178938626004092,3,0.6943597449059624,0.6949534822434802,0.7621555452229527,3,0.3359759261887355,0.3420566842401833,0.6164862016520214,3,0.6949102193346327,0.6955790021443546,0.7624539045071616,3,0.3363312521979835,0.3424842819966411,0.6161272065150922,3,0.9951531083773182,0.9953987099954809,0.996550732969244,3,99.11632949454865,99.12246609528096,99.28610878147565,3,99.03655368502874,0.6038794007072799,0.6138576863211941,0.7134121231826167,3,0.11693248927068675,0.14905460067433554,0.5016396007552743,3,0.6018746621357235,0.6119944484375385,0.711781210796599,3,0.11672120975397833,0.1487607140437283,0.5007013300560172,3,0.6025747783837361,0.6127620565395158,0.7121911717303974,3,0.11695788980609306,0.14901640783933787,0.5007506578830059,3,0.21273549205309905
articles_comments,10,15,10,comment,99.70135209769468,99.78726450794689,99.79544664225664,48741,48783.0,48787,702,751.0,756,0.47761115365846113,0.4972492884834021,0.6458552231281787,3,0.07697586325051513,0.11975018053488383,0.4504369346668372,3,0.47669037156910604,0.4964293279188105,0.6451548042876265,3,0.07687877149729554,0.11960747961111602,0.44987132013344566,3,0.47731281080731036,0.4971550454402302,0.6455559465483909,3,0.0769708078679143,0.11972948991742242,0.4499197060963839,3,0.9978286252739824,0.9981150631044091,0.9988118162822142,3,99.63998609037166,99.65021375825884,99.73203510135619,3,99.61953075459733,0.6038794007072799,0.6138576863211941,0.7134121231826167,3,0.11693248927068675,0.14905460067433554,0.5016396007552743,3,0.6018746621357235,0.6119944484375385,0.711781210796599,3,0.11672120975397833,0.1487607140437283,0.5007013300560172,3,0.6025747783837361,0.6127620565395158,0.7121911717303974,3,0.11695788980609306,0.14901640783933787,0.5007506578830059,3,0.09409454456195476
articles_comments,10,15,15,article_passage,98.69699511117474,99.14292143105529,99.14701249821016,48250,48468.0,48470,419,457.0,473,0.601725773004227,0.6231338543396104,0.7166971153964619,3,0.13554539794662265,0.13890742764059041,0.4791613704032424,3,0.5969682702163092,0.6183968308141983,0.712930971816018,3,0.13500788624214508,0.1383992004498621,0.4774744765869198,3,0.598477700367013,0.6198437998191667,0.7136556111282628,3,0.1359815843777248,0.13942457777038506,0.47765714480868715,3,0.9914346895074947,0.9917625980765666,0.9944449016541849,3,98.49653282058625,98.51085155562829,98.86881993167917,3,98.3901650745597,0.5299324698004335,0.547356400525267,0.6661630922078118,3,0.07268122057409533,0.07732580524610161,0.34487571932639866,3,0.5270358219161898,0.5444055131227059,0.6639464081067682,3,0.07253726301803501,0.07720777617148739,0.3441251528969674,3,0.5285430682960282,0.5458717417492365,0.6647641335894159,3,0.07294430246375104,0.07763197301696918,0.3445250020959766,3,0.45001738703541605
articles_comments,10,15,15,comment,99.59089328451326,99.72794403420131,99.74021723566592,48687,48754.0,48760,419,457.0,473,0.42441186311315715,0.43716006819532677,0.5947229793563816,3,0.0586771616468803,0.0722776877761924,0.32531087465137676,3,0.4233500806447702,0.43595983842606284,0.5939170602303536,3,0.05859165218666621,0.07221572782218717,0.3249291181357049,3,0.42457577686182896,0.4371457903422787,0.5946691095205912,3,0.05878983147937827,0.07242942744000914,0.3250607699823805,3,0.9973557445936251,0.997396847520856,0.9986472637835622,3,99.52748174361282,99.53566387792256,99.66657802687831,3,99.50702640783848,0.5299324698004335,0.547356400525267,0.6661630922078118,3,0.07268122057409533,0.07732580524610161,0.34487571932639866,3,0.5270358219161898,0.5444055131227059,0.6639464081067682,3,0.07253726301803501,0.07720777617148739,0.3441251528969674,3,0.5285430682960282,0.5458717417492365,0.6647641335894159,3,0.07294430246375104,0.07763197301696918,0.3445250020959766,3,0.14932395115266672
articles_comments,10,20,1,article_passage,99.56634688158405,99.5683924151615,99.77703684005974,48675,48676.0,48778,850,865.0,1578,0.4946469543244905,0.49789987911250666,0.5534379304375417,3,0.032880235090448684,0.036541170264309863,0.37619759905036504,3,0.492803547054179,0.4961751446053319,0.5508262004399985,3,0.0328430451882355,0.036489767698699785,0.37465024863256013,3,0.49312094026386993,0.49657521006988786,0.551403152076931,3,0.032876331294103445,0.036531090376225275,0.37494125483895957,3,0.9957154571545715,0.9959243026256502,0.9962309756447285,3,99.35361138953095,99.46816126986725,99.48452553848671,3,99.30860965082742,0.37682389286009094,0.3774411095842045,0.48987842094867684,3,0.01837442171946947,0.01856871508898437,0.4256288061763093,3,0.3757361871027639,0.3762930017929212,0.48780419761882904,3,0.018362620989465776,0.018562464766310537,0.4246380974138817,3,0.37624732574129327,0.3767739725910223,0.48858941537618233,3,0.01838792627937934,0.018586955611352696,0.4251828936592333,3,0.21068995847568317
articles_comments,10,20,1,comment,99.69726103053982,99.75658150428539,99.88954118681859,48739,48768.0,48833,850,865.0,1578,0.2117715474102318,0.21731724088288762,0.36490285681946216,3,0.01676009950692045,0.018714228363377973,0.39051713968583907,3,0.21142553907051045,0.21703787198519406,0.3637903134970039,3,0.016768585975876948,0.01873144236639349,0.39017810011835247,3,0.2119549176630248,0.21765697685191848,0.36492089072142536,3,0.01680079832614034,0.01876871141715258,0.3911576012063322,3,0.9973575320578475,0.9975024054701415,0.9978915909277,3,99.59498435166813,99.66862356045574,99.71771636631416,3,99.58066561662609,0.37682389286009094,0.3774411095842045,0.48987842094867684,3,0.01837442171946947,0.01856871508898437,0.4256288061763093,3,0.3757361871027639,0.3762930017929212,0.48780419761882904,3,0.018362620989465776,0.018562464766310537,0.4246380974138817,3,0.37624732574129327,0.3767739725910223,0.48858941537618233,3,0.01838792627937934,0.018586955611352696,0.4251828936592333,3,0.1922801562787697
articles_comments,10,20,3,article_passage,99.42520506474114,99.67885122834291,99.72589850062388,48606,48730.0,48753,755,1155.0,1184,0.5440371929732267,0.5459743727568752,0.7438037074973328,3,0.06014496788540783,0.0648149741033479,0.6644127889910878,3,0.5417247273379552,0.5436022514014253,0.7421715362850603,3,0.060070985361060925,0.06477196760905939,0.6635352312315252,3,0.5422430154176439,0.5442021921754535,0.7422914187602629,3,0.0601809127515232,0.06486056517418431,0.6631327288246278,3,0.9954294849459941,0.9954488611902663,0.9976843313250543,3,99.32497391944689,99.34747478879866,99.5868022173584,3,99.27792664716591,0.4237116712448229,0.43318257715526504,0.6700230914371644,3,0.02037774529505383,0.022481454454838422,0.40804282920608453,3,0.42228724038230186,0.43174486389727784,0.6690108712196041,3,0.02038767220358609,0.022480503497428958,0.40752197064714807,3,0.4229721087436588,0.43252578418235343,0.6692684199313514,3,0.020429132007186768,0.02253556254712017,0.4075753899904788,3,0.3006934358827493
articles_comments,10,20,3,comment,99.68294229549778,99.83635731380531,99.86294925031194,48732,48807.0,48820,755,1155.0,1184,0.2597641131175339,0.2738524104138306,0.5798599051033976,3,0.014343955816534972,0.01717864640586755,0.31101071208674214,3,0.2592879858808234,0.2733592860667629,0.5794021139979726,3,0.014368706827582957,0.017190167709336335,0.31066895283109164,3,0.2600545733867333,0.2742729202451917,0.579699051069803,3,0.014405211110555127,0.01724777472118566,0.3107213344526466,3,0.9975427962978131,0.9976447457349418,0.9990376149231116,3,99.64203162394911,99.65021375825884,99.80158324298894,3,99.62362182175221,0.4237116712448229,0.43318257715526504,0.6700230914371644,3,0.02037774529505383,0.022481454454838422,0.40804282920608453,3,0.42228724038230186,0.43174486389727784,0.6690108712196041,3,0.02038767220358609,0.022480503497428958,0.40752197064714807,3,0.4229721087436588,0.43252578418235343,0.6692684199313514,3,0.020429132007186768,0.02253556254712017,0.4075753899904788,3,0.18000695481416074
articles_comments,10,20,5,article_passage,99.51725407572566,99.58475668378097,99.60316648597787,48651,48684.0,48693,854,883.0,907,0.7088037880842762,0.7157225842175005,0.7237500112265112,3,0.4408828101492835,0.4554846296192231,0.5222944343657949,3,0.7060741190330422,0.713275704415446,0.721391789655512,3,0.4393089583301621,0.4546170264114463,0.5213472027918914,3,0.7062433598536387,0.7134957028981895,0.7215601301747097,3,0.43919661805339716,0.45453123038730786,0.5211553886765374,3,0.9958784448818898,0.9963086009597637,0.9965759042073321,3,99.34542925522123,99.37611225888273,99.4231595311637,3,99.25542577781414,0.6197650890833238,0.6232143482868843,0.630296576530831,3,0.1698988260636417,0.21529393510146677,0.2960653432819364,3,0.6181716899121193,0.621440725879158,0.6288376839823151,3,0.16960362172125543,0.21498851150062173,0.2954347496701418,3,0.6186161149575691,0.62188003002047,0.6292481363369651,3,0.16974908331599847,0.21513356273637074,0.2955392739792923,3,0.08591241025220597
articles_comments,10,20,5,comment,99.72385296704645,99.75862703786282,99.81181091087609,48752,48769.0,48795,854,883.0,907,0.49587291109092335,0.5089803537289223,0.5151293114419325,3,0.11633955756989597,0.1350997839823658,0.2810375999290879,3,0.4950661128588443,0.5081016254157609,0.5144421128111315,3,0.11611606563833354,0.13491601308648724,0.28066087874636925,3,0.4956331848027587,0.5087974079209983,0.5150114171348124,3,0.11620613712270209,0.1350152343995779,0.28081732333615506,3,0.9981354751464984,0.998135971650382,0.9985251341718219,3,99.64816822468141,99.67476016118805,99.71157976558185,3,99.62771288890707,0.6197650890833238,0.6232143482868843,0.630296576530831,3,0.1698988260636417,0.21529393510146677,0.2960653432819364,3,0.6181716899121193,0.621440725879158,0.6288376839823151,3,0.16960362172125543,0.21498851150062173,0.2954347496701418,3,0.6186161149575691,0.62188003002047,0.6292481363369651,3,0.16974908331599847,0.21513356273637074,0.2955392739792923,3,0.08795794382963606
articles_comments,10,20,10,article_passage,98.5906273651482,99.32701945302432,99.34542925522123,48198,48558.0,48567,448,645.0,676,0.4979441185190316,0.5105633646961174,0.7622353132021757,3,0.05236681821168321,0.05807888597467373,0.6445083270222128,3,0.4932324093459264,0.5055118272772477,0.7591958311034765,3,0.05231784650005691,0.05805623927133548,0.6429131850713178,3,0.4951574454895224,0.5071422193402051,0.7596147048000417,3,0.05274672818870901,0.058450800186720865,0.6424443839979338,3,0.989616531304616,0.9900861802998827,0.9959926017262639,3,98.4515310818827,98.46584981692475,99.136784830323,3,98.38607400740483,0.4063315241026416,0.4171805727062521,0.7031129911214258,3,0.030544726234604996,0.04143196231813157,0.44223598586488605,3,0.4034817998957247,0.4141332178574705,0.7012581628360678,3,0.030591805272454583,0.041562731001482195,0.4416443435883206,3,0.4054326309877031,0.41596710119741165,0.7018906906599611,3,0.030808536993075505,0.04180834938666251,0.44186549107177864,3,0.7548018900730398
articles_comments,10,20,10,comment,99.44361486693805,99.71157976558185,99.74226276924337,48615,48746.0,48761,448,645.0,676,0.25164224044017636,0.2614857788351023,0.6225726477515028,3,0.024584398908578272,0.03664251017144362,0.38650745089691224,3,0.250634027050842,0.26049805060961373,0.6218687472973358,3,0.024630696432854152,0.036836815191967506,0.38630536661950265,3,0.25250498236056046,0.26255962897444396,0.622627857379767,3,0.02482676442684288,0.03710534658926829,0.38643889468619164,3,0.9959415418041692,0.996043217090022,0.9988315362223771,3,99.3802033260376,99.39043099392477,99.66862356045574,3,99.35974799026326,0.4063315241026416,0.4171805727062521,0.7031129911214258,3,0.030544726234604996,0.04143196231813157,0.44223598586488605,3,0.4034817998957247,0.4141332178574705,0.7012581628360678,3,0.030591805272454583,0.041562731001482195,0.4416443435883206,3,0.4054326309877031,0.41596710119741165,0.7018906906599611,3,0.030808536993075505,0.04180834938666251,0.44186549107177864,3,0.29864790230531923
articles_comments,10,20,15,article_passage,98.56198989506413,98.83813692801768,99.02223494998671,48184,48319.0,48409,355,376.0,411,0.6107015471146808,0.6451003203178115,0.652408246519898,3,0.1514398052366123,0.247816188509334,0.3811674241679796,3,0.6056679883520949,0.6394144897487688,0.6477718659610504,3,0.1510053009108261,0.2468816239342795,0.3784750093956737,3,0.6076499192215753,0.6413501012336261,0.6492042295372568,3,0.15216133111750427,0.2478298221717941,0.3793412617493062,3,0.9916415569406034,0.9916903789847004,0.9929535386834243,3,98.28584286211058,98.37993740667254,98.58039969726103,3,98.1835661832389,0.5377034494655029,0.5751910825109424,0.5951643730922132,3,0.09155237282235983,0.1347287774352113,0.415256093219587,3,0.5345730567157473,0.5723461739348005,0.5914465549349212,3,0.09137981254656116,0.13440307474513738,0.41387744971565343,3,0.5365865800939594,0.5739040422204731,0.5934407050312774,3,0.09193292839664466,0.1349099558435913,0.4147457931185485,3,0.4602450549225807
articles_comments,10,20,15,comment,99.50293534068362,99.61339415386503,99.67271462761062,48644,48698.0,48727,355,376.0,411,0.4282629532680667,0.46545115825137856,0.5127795595104293,3,0.08252072616755794,0.10972067585713906,0.42798487185329964,3,0.42703798838469065,0.46429786609884105,0.5111987078403708,3,0.08235439081700295,0.10945524205070176,0.42739143412697167,3,0.4288119309443951,0.4656808117426211,0.513102520965592,3,0.08272680333402645,0.10976370706575687,0.42819729386359595,3,0.9971899741559667,0.9974965115324632,0.997682954335746,3,99.43338719905087,99.44770593409291,99.52748174361282,3,99.39656759465707,0.5377034494655029,0.5751910825109424,0.5951643730922132,3,0.09155237282235983,0.1347287774352113,0.415256093219587,3,0.5345730567157473,0.5723461739348005,0.5914465549349212,3,0.09137981254656116,0.13440307474513738,0.41387744971565343,3,0.5365865800939594,0.5739040422204731,0.5934407050312774,3,0.09193292839664466,0.1349099558435913,0.4147457931185485,3,0.16977928692699606
articles_comments,15,5,1,article_passage,99.68089676192035,99.68294229549778,99.80158324298894,48731,48732.0,48790,696,705.0,1026,0.4510674397123229,0.46669331062238256,0.48473134005638363,3,0.06421779312499189,0.09673596975039023,0.22806421925940235,3,0.4495213829952085,0.46485939461584197,0.4832149229620773,3,0.06414257247849128,0.09657471745416775,0.22731191267543804,3,0.449754003377008,0.46525468753363136,0.48347123721589585,3,0.06418065269830896,0.09661916400774521,0.22750236007164343,3,0.9962108798951336,0.9966014249447219,0.996826241860846,3,99.49270767279646,99.57248348231637,99.58271115020352,3,99.42520506474114,0.3602757630337247,0.38612472535040826,0.3951615576244139,3,0.0889460801116366,0.11008586199617125,0.29746745503814537,3,0.35937627523320764,0.385196023207275,0.39391448543580726,3,0.08895335244449384,0.11002702943010664,0.29720857086931934,3,0.359704415165545,0.38549129136068067,0.39435967127963983,3,0.08903660788762344,0.11010506017494907,0.29751718110819925,3,0.12068648106858859
articles_comments,15,5,1,comment,99.85681264957964,99.88340458608627,99.90795098901548,48817,48830.0,48842,696,705.0,1026,0.21388531489339085,0.22402639600782692,0.2527680233157527,3,0.0802944155531187,0.08683179106667496,0.26410003598891024,3,0.21362002152760615,0.22371892841390337,0.2525147241062981,3,0.08033630977170775,0.08684676946154181,0.26440913614596834,3,0.21402701355302317,0.22396302996553497,0.25295053933896217,3,0.08047598504828314,0.08694397121244492,0.2647950198824851,3,0.9983423379174853,0.9986085533046859,0.9986288193520659,3,99.78726450794689,99.81385644445353,99.82612964591814,3,99.75862703786282,0.3602757630337247,0.38612472535040826,0.3951615576244139,3,0.0889460801116366,0.11008586199617125,0.29746745503814537,3,0.35937627523320764,0.385196023207275,0.39391448543580726,3,0.08895335244449384,0.11002702943010664,0.29720857086931934,3,0.359704415165545,0.38549129136068067,0.39435967127963983,3,0.08903660788762344,0.11010506017494907,0.29751718110819925,3,0.051138339435837565
articles_comments,15,5,3,article_passage,99.46816126986725,99.47838893775442,99.67885122834291,48627,48632.0,48730,532,536.0,816,0.42595785302991523,0.42793234291337134,0.4345447056655721,3,0.08612606267916595,0.08657916416537008,0.29154919997577816,3,0.4237997160627284,0.4256880357424468,0.43136738576250094,3,0.08590520881762718,0.08633827581236818,0.289797011784438,3,0.42441904742687314,0.42629458566610967,0.43202385332401916,3,0.08603541479373251,0.08646652895291308,0.290246004477711,3,0.9933390719790129,0.9948569789361528,0.9949185534269029,3,99.14087589747786,99.31679178513716,99.32497391944689,3,99.0529179536482,0.3536032104127463,0.3572711305993941,0.3801680183787217,3,0.13883743380472674,0.14168890461483277,0.3384458564657845,3,0.35222351976307215,0.355852623088044,0.37787859990070427,3,0.13884619010994814,0.14168829200423189,0.33765693887539294,3,0.3529074525105239,0.3564898557283953,0.378693654399405,3,0.1390930826267889,0.1419223585175007,0.33835067055861556,3,0.21068995847565475
articles_comments,15,5,3,comment,99.75044490355309,99.79135557510178,99.86704031746682,48765,48785.0,48822,532,536.0,816,0.22145857899412297,0.2272244267899279,0.26015430952325935,3,0.13601772531800985,0.1413089846536547,0.29682577405753635,3,0.22109169110454654,0.22677467642267704,0.25925061603608,3,0.1362669554751061,0.14157352914498908,0.2969082223842803,3,0.22181505681262226,0.22738008436844534,0.2603304149369655,3,0.1366159481340504,0.14187527155208587,0.29792137424796616,3,0.9973791437171113,0.9977276914573482,0.9979326155483687,3,99.63998609037166,99.69521549696239,99.72589850062388,3,99.61543968744246,0.3536032104127463,0.3572711305993941,0.3801680183787217,3,0.13883743380472674,0.14168890461483277,0.3384458564657845,3,0.35222351976307215,0.355852623088044,0.37787859990070427,3,0.13884619010994814,0.14168829200423189,0.33765693887539294,3,0.3529074525105239,0.3564898557283953,0.378693654399405,3,0.1390930826267889,0.1419223585175007,0.33835067055861556,3,0.11659541391372841
articles_comments,15,5,5,article_passage,99.56634688158405,99.60725755313274,99.72794403420131,48675,48695.0,48754,620,695.0,985,0.4749366239031791,0.484562832194865,0.49730094303198735,3,0.04607642992742973,0.05076131221318376,0.23805279346364472,3,0.4729122427497001,0.4822984614478272,0.49556033045686976,3,0.04601917831829089,0.050709508018594696,0.23728097613529195,3,0.4732801965848203,0.4828669651518616,0.4960014754053656,3,0.046063353038072984,0.05078331108773332,0.23746344881116302,3,0.9954095538660164,0.995637123369042,0.9963739167844632,3,99.35770245668583,99.42929613189601,99.48657107206415,3,99.28201771432079,0.3815273391998958,0.4116505355356464,0.4180355447196546,3,0.013285788974882343,0.016441452018074877,0.2716917406240431,3,0.38043866097562506,0.4106874398630543,0.4165575434273872,3,0.0132826653505148,0.0164295247082136,0.27128007614892957,3,0.3809009814630031,0.411177545837905,0.41716476084231957,3,0.013303435931583821,0.016459678744243394,0.2715633797594051,3,0.16159715261726149
articles_comments,15,5,5,comment,99.8240841123407,99.83431178022786,99.88545011966372,48801,48806.0,48831,620,695.0,985,0.24436237427162366,0.2886989542258168,0.2963494877277696,3,0.008741652924776057,0.01205294401517437,0.24632945017204103,3,0.2440842279127667,0.28834062974958036,0.2957609164143817,3,0.008732931375434242,0.01203420348824797,0.24611230982209242,3,0.24459002938986368,0.2888001960590351,0.29633697018942645,3,0.008752413956602912,0.01205567302792412,0.24645067522127542,3,0.9980962128966223,0.9984852516733875,0.9986285106034554,3,99.73408063493362,99.77908237363717,99.79135557510178,3,99.7197618998916,0.3815273391998958,0.4116505355356464,0.4180355447196546,3,0.013285788974882343,0.016441452018074877,0.2716917406240431,3,0.38043866097562506,0.4106874398630543,0.4165575434273872,3,0.0132826653505148,0.0164295247082136,0.27128007614892957,3,0.3809009814630031,0.411177545837905,0.41716476084231957,3,0.013303435931583821,0.016459678744243394,0.2715633797594051,3,0.06136600732301645
articles_comments,15,5,10,article_passage,99.31679178513716,99.41293186327653,99.66453249330087,48553,48600.0,48723,489,594.0,790,0.4363433538866324,0.4721714272548808,0.5014452164510141,3,0.03431883729806723,0.0628704565489322,0.26388416104689916,3,0.4337508733959663,0.4687745588563071,0.4990642165803349,3,0.03428021301809925,0.06270226171936913,0.2623577901158592,3,0.43439266239017627,0.4697337051543562,0.4996781286569435,3,0.03435268087014756,0.06282410311114836,0.26269492641243414,3,0.9930455832273417,0.9936466296394975,0.9949369683304294,3,99.01814388283184,99.1736044347168,99.28610878147565,3,98.94655020762166,0.35431064201055473,0.4140477654813425,0.41949554027201674,3,0.01681997666292158,0.025144983873476367,0.3266384982460363,3,0.35282565809307287,0.4126279229852508,0.41719129091888385,3,0.016831633969523856,0.02512741359409961,0.32584417688736206,3,0.353548863853116,0.4132331722416765,0.41819934983384216,3,0.016873414488219482,0.025175855703133843,0.3264012473344031,3,0.3477407081637125
articles_comments,15,5,10,comment,99.70748869842699,99.7995377094115,99.85067604884735,48744,48789.0,48814,489,594.0,790,0.22206107760467397,0.28104835174140996,0.30764819863376897,3,0.014232965814950756,0.019901218649335136,0.3045397150148868,3,0.22163840156361392,0.2805983349940406,0.30669378135338454,3,0.014253863750508357,0.019919780869646044,0.3042506113934279,3,0.222428993622325,0.2810661501608326,0.30774959744340113,3,0.014300300545888142,0.019954639985578563,0.3049731175217375,3,0.997440045874378,0.9975020475020475,0.997973429407791,3,99.62566735532964,99.6543048254137,99.72385296704645,3,99.59702988524558,0.35431064201055473,0.4140477654813425,0.41949554027201674,3,0.01681997666292158,0.025144983873476367,0.3266384982460363,3,0.35282565809307287,0.4126279229852508,0.41719129091888385,3,0.016831633969523856,0.02512741359409961,0.32584417688736206,3,0.353548863853116,0.4132331722416765,0.41819934983384216,3,0.016873414488219482,0.025175855703133843,0.3264012473344031,3,0.14318735042036224
articles_comments,15,5,15,article_passage,99.1797410354491,99.27792664716591,99.34542925522123,48486,48534.0,48567,468,485.0,530,0.5048383044241973,0.5085417663727456,0.5230002325513018,3,0.2505250725703099,0.29799044379096495,0.3066699028118363,3,0.5008432102318581,0.5049074930400531,0.5190882584850326,3,0.24941238339096214,0.29646695891293096,0.3048456529254308,3,0.5019172854969313,0.5059579472703953,0.5202654260258148,3,0.24971752427282137,0.29677745954567386,0.30516343928483414,3,0.9923838068648382,0.9925653611550389,0.9931236914487458,3,98.858592263792,98.88313866672121,98.96905107697343,3,98.66835764109068,0.4493659670265639,0.45018860871572375,0.45709727721362814,3,0.2912072780400804,0.32284239088045025,0.3646323921215266,3,0.4468779012643243,0.44784618274311044,0.45468571724948537,3,0.2908491439992408,0.3223382786240273,0.36386373971522973,3,0.44805385798055924,0.4489128728952383,0.45590507483875103,3,0.2913109748843256,0.32286623283226745,0.3644396385030239,3,0.16568821977213588
articles_comments,15,5,15,comment,99.73612616851105,99.74839936997566,99.75249043713052,48758,48764.0,48766,468,485.0,530,0.3332098247471205,0.33651299126679673,0.3418074812856302,3,0.2735227621307704,0.2784284277116226,0.3349589585604921,3,0.3324776539139864,0.3357015538518267,0.34087348137247403,3,0.27359571782812003,0.2783834808992363,0.33469197734860495,3,0.3336399952906525,0.3370069061094026,0.34188427593096726,3,0.27414624687039857,0.2790216883894988,0.33546900866697543,3,0.9975420413346715,0.9977057642672784,0.9979105211406096,3,99.61953075459733,99.6297584224845,99.64612269110398,3,99.5622558144292,0.4493659670265639,0.45018860871572375,0.45709727721362814,3,0.2912072780400804,0.32284239088045025,0.3646323921215266,3,0.4468779012643243,0.44784618274311044,0.45468571724948537,3,0.2908491439992408,0.3223382786240273,0.36386373971522973,3,0.44805385798055924,0.4489128728952383,0.45590507483875103,3,0.2913109748843256,0.32286623283226745,0.3644396385030239,3,0.016364268619469158
articles_comments,15,10,1,article_passage,99.47838893775442,99.66657802687831,99.70748869842699,48632,48724.0,48744,630,883.0,1098,0.5097687358186517,0.5298581691673804,0.6758150783295283,3,0.0419605349421676,0.07006744316565618,0.4897988822561304,3,0.5076051056347162,0.5275254776897984,0.6735760739072965,3,0.04192705659244138,0.0699204538403091,0.48788192624583954,3,0.5081094651372374,0.5280698264163536,0.6736555951307956,3,0.042003881143041315,0.0700263630427848,0.48765333633989244,3,0.9954507264493125,0.9954906944330573,0.9965995452403875,3,99.34747478879866,99.36588459099556,99.51725407572566,3,99.27179004643362,0.39600421158278765,0.43774271361732586,0.5738491615518299,3,0.010446311013637171,0.10120707364186636,0.10143010354179455,3,0.3947664257747179,0.4362574071066678,0.572621074536286,3,0.010447929714487129,0.1009498860174513,0.10129281721975539,3,0.3952603876517116,0.43684225807507493,0.5728232287069633,3,0.010468747942899264,0.10100034875271073,0.10140780060907827,3,0.2290997606725682
articles_comments,15,10,1,comment,99.78931004152433,99.86908585104425,99.91204205617035,48784,48823.0,48844,630,883.0,1098,0.24082205074874058,0.2910778965427016,0.4474116839091664,3,0.005544090800038,0.040529674508070705,0.11192555881736195,3,0.24042969011210674,0.29049292895433215,0.44698058594088097,3,0.005548028662705541,0.04048270674570833,0.11182818620720811,3,0.24069671220251826,0.2909762004073381,0.4471606384014556,3,0.005555524276549803,0.04049672378274336,0.11197276483083353,3,0.9979126163921007,0.9980144108736592,0.9988743578723317,3,99.72998956777876,99.74635383639823,99.83431178022786,3,99.70748869842699,0.39600421158278765,0.43774271361732586,0.5738491615518299,3,0.010446311013637171,0.10120707364186636,0.10143010354179455,3,0.3947664257747179,0.4362574071066678,0.572621074536286,3,0.010447929714487129,0.1009498860174513,0.10129281721975539,3,0.3952603876517116,0.43684225807507493,0.5728232287069633,3,0.010468747942899264,0.10100034875271073,0.10140780060907827,3,0.12273201464601868
articles_comments,15,10,3,article_passage,99.136784830323,99.57657454947123,99.62157628817478,48465,48680.0,48702,471,744.0,775,0.44897385633551395,0.4590964466125471,0.677137934028134,3,0.032368288698288505,0.05276172177924091,0.4144477400112692,3,0.44548132513687905,0.4557125421508258,0.6745799320359331,3,0.032274194953669816,0.052628994875033905,0.4121419188365234,3,0.4462987570399694,0.45648927183333415,0.6747884896138843,3,0.03237568232869643,0.05275475454609678,0.41207475593662,3,0.9921049933353839,0.9923518556489646,0.9961872745162348,3,98.96291447624112,98.9976885470575,99.40884079612167,3,98.88109313314378,0.3640886680922258,0.38150787029035554,0.5980291066043267,3,0.04740355822862625,0.09676449442880541,0.2699826357259593,3,0.36194118119095725,0.3793677304035179,0.5963635340518271,3,0.047355050003978584,0.09677094194872905,0.2689321339858811,3,0.36284430365954445,0.3803183732589659,0.5967310748210618,3,0.04748876278091896,0.09700958947053057,0.26900966788644914,3,0.48479145785178446
articles_comments,15,10,3,comment,99.65225929183627,99.79749217583407,99.80771984372123,48717,48788.0,48793,471,744.0,775,0.22315133599240916,0.24693347106658714,0.4856523801335387,3,0.05074855915524267,0.10546345393401702,0.25029344618254135,3,0.2224020046624499,0.24615405035712082,0.4848092731766686,3,0.05073117882066505,0.10560382742827207,0.24955461950063423,3,0.22335236559752272,0.24734540583295606,0.4852663289750374,3,0.05092437188283111,0.10600030904325275,0.24966591248588035,3,0.9967439384010485,0.9971735212190725,0.9983002948885976,3,99.5622558144292,99.58884775093583,99.71771636631416,3,99.53157281076768,0.3640886680922258,0.38150787029035554,0.5980291066043267,3,0.04740355822862625,0.09676449442880541,0.2699826357259593,3,0.36194118119095725,0.3793677304035179,0.5963635340518271,3,0.047355050003978584,0.09677094194872905,0.2689321339858811,3,0.36284430365954445,0.3803183732589659,0.5967310748210618,3,0.04748876278091896,0.09700958947053057,0.26900966788644914,3,0.155460551884957
articles_comments,15,10,5,article_passage,99.56430134800662,99.58884775093583,99.5929388180907,48674,48686.0,48688,698,719.0,745,0.7083902511958321,0.7184795191418903,0.7191535772668274,3,0.5574771797735686,0.5615771474618951,0.5928508654714498,3,0.7057654894361612,0.7158299723935991,0.7163191143895832,3,0.5559239047292601,0.5598681133772424,0.5910279952760711,3,0.7059243933028433,0.7159473482388405,0.7163822272665549,3,0.5555070965182558,0.5594708614808017,0.5905069457913589,3,0.9959005472769386,0.9960637185558767,0.9961045617631984,3,99.38224885961503,99.38224885961503,99.38633992676989,3,99.25338024423671,0.6562337335468099,0.6690197293381064,0.6692055555955438,3,0.3453982435390616,0.36870424588089434,0.3869707437944743,3,0.6546555288271544,0.6674240214079713,0.6676331332096032,3,0.3447032714223151,0.36786415566172004,0.3861215040371937,3,0.6548929024515249,0.6676365304678377,0.6678577697074303,3,0.34473648056832973,0.36788494507158825,0.3861162561171465,3,0.02863747008407813
articles_comments,15,10,5,comment,99.83840284738274,99.83840284738274,99.85681264957964,48808,48808.0,48817,698,719.0,745,0.5839853784660202,0.600133686102113,0.6002254624150749,3,0.2709217631773087,0.2934915156859169,0.29881471111090746,3,0.5833428134607869,0.5995290245857415,0.5997016969164944,3,0.2705448172673071,0.2930810152522445,0.29840260243786004,3,0.5835546843347085,0.5997734730957689,0.6000072943359146,3,0.27057429075435824,0.29313697982567344,0.2984383100199939,3,0.9986692599037773,0.998832947728343,0.9989351681205717,3,99.7811279072146,99.78521897436946,99.78931004152433,3,99.75453597070796,0.6562337335468099,0.6690197293381064,0.6692055555955438,3,0.3453982435390616,0.36870424588089434,0.3869707437944743,3,0.6546555288271544,0.6674240214079713,0.6676331332096032,3,0.3447032714223151,0.36786415566172004,0.3861215040371937,3,0.6548929024515249,0.6676365304678377,0.6678577697074303,3,0.34473648056832973,0.36788494507158825,0.3861162561171465,3,0.01840980219689925
articles_comments,15,10,10,article_passage,98.78904412215927,98.88722973387608,99.10405629308406,48295,48343.0,48449,404,411.0,478,0.5709097832376004,0.5760724697486389,0.5865674580738026,3,0.360590936652741,0.3676705840691156,0.4508781321903702,3,0.5653295664199794,0.5707919005742115,0.5800692234860085,3,0.3576594998458639,0.36441146683170045,0.44660398593306416,3,0.566820648223962,0.5721841340521132,0.5815555222789529,3,0.35822080756200003,0.3649282541892609,0.44729902821994766,3,0.9896644018941734,0.9906172839506173,0.9911133053567021,3,98.32470800008181,98.48016855196678,98.5538077607544,3,98.17333851535173,0.5161160843903124,0.5164800723040345,0.5302931003761326,3,0.3999042652325374,0.4112745988052394,0.48036525169480493,3,0.5123159503499836,0.5127938942436621,0.5257624988579901,3,0.39860133001166914,0.40987846162998764,0.4783729783059959,3,0.5139108851919145,0.5143666018604858,0.5276405193141933,3,0.39951490036185827,0.41075850024925203,0.4797185508424781,3,0.3150121709247884
articles_comments,15,10,10,comment,99.54793707938717,99.5745290158938,99.68907889623007,48666,48679.0,48735,404,411.0,478,0.39793453668162737,0.41205392644937733,0.41281011449059285,3,0.35829325304295023,0.3981105982725039,0.427279685867826,3,0.39643335134814467,0.4100704305044934,0.4112305675320551,3,0.35845617032147276,0.39784032269783476,0.42675481612417143,3,0.39820369755582363,0.41266081148433553,0.4128698837716023,3,0.35966682602094646,0.39888235539396777,0.4287996132154893,3,0.996740467404674,0.9968614740815196,0.996925095322045,3,99.4047497289668,99.45588806840264,99.47838893775442,3,99.35974799026326,0.5161160843903124,0.5164800723040345,0.5302931003761326,3,0.3999042652325374,0.4112745988052394,0.48036525169480493,3,0.5123159503499836,0.5127938942436621,0.5257624988579901,3,0.39860133001166914,0.40987846162998764,0.4783729783059959,3,0.5139108851919145,0.5143666018604858,0.5276405193141933,3,0.39951490036185827,0.41075850024925203,0.4797185508424781,3,0.14114181684290372
articles_comments,15,10,15,article_passage,98.31448033219465,98.69904064475217,99.07337328942255,48063,48251.0,48434,306,360.0,444,0.46462142051339705,0.5147877057310445,0.557905540114663,3,0.08758839361519993,0.17657281973115058,0.3188032769777636,3,0.4584115327283106,0.5077322843596084,0.5526239752206601,3,0.0872375777952978,0.17494125042625774,0.3154037871430473,3,0.4607638030283413,0.5107183255441812,0.5542017505746617,3,0.087907345094279,0.17555194628525575,0.3171458311890197,3,0.9870068363396755,0.9874948411060669,0.9900584554585872,3,97.88696381451102,98.04856096712827,98.39221060813713,3,97.73559432978092,0.40404980605222646,0.4651256796046709,0.49944616093442223,3,0.1371442698114179,0.23667898253742065,0.3657135156870664,3,0.4003426056328754,0.4604109811260154,0.4959557887748587,3,0.1373982192496601,0.2358532238883486,0.3642872748122006,3,0.4026649171909206,0.4634864267880428,0.49753130142928614,3,0.13826966082566758,0.236495723912385,0.36653959204816844,3,0.7588929572279
articles_comments,15,10,15,comment,99.48043447133185,99.57043794873893,99.68703336265264,48633,48677.0,48734,306,360.0,444,0.29390187751076136,0.3678565765127923,0.39719326065453686,3,0.15426201400209857,0.25591747933476416,0.35274438713329304,3,0.29278620669524746,0.3661782184264812,0.3957365586671118,3,0.1547836754321462,0.25582134533980755,0.3528146846970944,3,0.29496971901692004,0.3693032828685625,0.3971339665430498,3,0.15571379861614207,0.2564792989443598,0.35512922121063073,3,0.9962480779087647,0.996594033403094,0.9966589460307049,3,99.3556569231084,99.39656759465707,99.46202466913493,3,99.30860965082742,0.40404980605222646,0.4651256796046709,0.49944616093442223,3,0.1371442698114179,0.23667898253742065,0.3657135156870664,3,0.4003426056328754,0.4604109811260154,0.4959557887748587,3,0.1373982192496601,0.2358532238883486,0.3642872748122006,3,0.4026649171909206,0.4634864267880428,0.49753130142928614,3,0.13826966082566758,0.236495723912385,0.36653959204816844,3,0.20659889132079456
articles_comments,15,15,1,article_passage,99.25338024423671,99.38633992676989,99.70953423200442,48522,48587.0,48745,492,578.0,957,0.4525081397546479,0.5242360873555247,0.5343756801878073,3,0.02544112626876629,0.04675214112953187,0.3562240692933545,3,0.44999841595802936,0.5216516470287945,0.5306319956953646,3,0.025439652633499496,0.04668168312932233,0.3540481525922542,3,0.4507806718567842,0.5221663395372249,0.5316579782792263,3,0.025517356936457094,0.0467663176648939,0.35456784185888074,3,0.9932879018022086,0.9938708156529938,0.9948352188883424,3,98.9854153455929,99.17564996829424,99.29019984863051,3,98.94245914046678,0.34867641344872324,0.4200476839373012,0.4715988137522732,3,0.011326229162527287,0.019489451668330337,0.3929003431653487,3,0.3472607708074207,0.41850353431049153,0.4689536710008529,3,0.01134140358031838,0.01947657739939529,0.3918876810424253,3,0.34806263984030456,0.4191529847386125,0.4701711500148079,3,0.011379116378186185,0.019519973154914577,0.3927344995083281,3,0.4561539877677063
articles_comments,15,15,1,comment,99.70339763127211,99.70544316484956,99.86294925031194,48742,48743.0,48820,492,578.0,957,0.19582535674272702,0.27530578253351773,0.3456600755295158,3,0.009074053943405252,0.016884993599939425,0.35059163610612193,3,0.1954952122619023,0.2747671930799197,0.3444763510769876,3,0.009094935657991922,0.016886505170461953,0.3505491987626466,3,0.19616372267326485,0.2754641047111977,0.3459641357484364,3,0.009126476119882484,0.01692631437855171,0.3517484157040803,3,0.9972750927083119,0.9973181566933487,0.9976248489936321,3,99.5683924151615,99.65021375825884,99.66453249330087,3,99.54180047865485,0.34867641344872324,0.4200476839373012,0.4715988137522732,3,0.011326229162527287,0.019489451668330337,0.3929003431653487,3,0.3472607708074207,0.41850353431049153,0.4689536710008529,3,0.01134140358031838,0.01947657739939529,0.3918876810424253,3,0.34806263984030456,0.4191529847386125,0.4701711500148079,3,0.011379116378186185,0.019519973154914577,0.3927344995083281,3,0.1595516190398314
articles_comments,15,15,3,article_passage,99.5499826129646,99.55611921369689,99.6052120195553,48667,48670.0,48694,730,756.0,767,0.7256005918469183,0.7260623804996466,0.7327877616794137,3,0.5528023361306897,0.5846032091684903,0.6170196453022235,3,0.7227797282875373,0.7231855660848319,0.730416078433849,3,0.5513241956581256,0.5831151266221507,0.6159057379809645,3,0.7229182743140283,0.7232534504322545,0.730594546628297,3,0.5509111498408968,0.5826246856684643,0.6154706428124691,3,0.9958795432647958,0.9960013123897797,0.9965959192043474,3,99.35361138953095,99.37202119172787,99.4108863296991,3,99.26360791212387,0.6462119293057511,0.6466850278982977,0.6685219710902442,3,0.2372491817988424,0.24688091289783118,0.3658792919602918,3,0.6445736944504545,0.6450294193614072,0.6671004170361219,3,0.23676954345385878,0.24644134583779045,0.3654077267425174,3,0.6448630296958145,0.6453283561007888,0.6673780283248307,3,0.23689230348213783,0.24656250668497928,0.3654718736763509,3,0.05522940659069775
articles_comments,15,15,3,comment,99.78931004152433,99.83635731380531,99.85681264957964,48784,48807.0,48817,730,756.0,767,0.5434408243204188,0.5437959901242205,0.5852674825624578,3,0.13802304086368042,0.1499759004687693,0.2553076828094449,3,0.5428551174385247,0.5432539813864242,0.5847109515642344,3,0.1378720980829467,0.14988220355144177,0.2551310906420541,3,0.543289627300223,0.5435767920669403,0.5849477255020107,3,0.13795152709445038,0.14994168421167778,0.2551716590769088,3,0.9985052316890882,0.9987097302721855,0.9987715490766144,3,99.74839936997566,99.74839936997566,99.78521897436946,3,99.72180743346902,0.6462119293057511,0.6466850278982977,0.6685219710902442,3,0.2372491817988424,0.24688091289783118,0.3658792919602918,3,0.6445736944504545,0.6450294193614072,0.6671004170361219,3,0.23676954345385878,0.24644134583779045,0.3654077267425174,3,0.6448630296958145,0.6453283561007888,0.6673780283248307,3,0.23689230348213783,0.24656250668497928,0.3654718736763509,3,0.06750260805530672
articles_comments,15,15,5,article_passage,99.45179700124778,99.4599791355575,99.47020680344468,48619,48623.0,48628,614,626.0,643,0.7112531149557311,0.7283905111994823,0.7499654045592999,3,0.4265892391714675,0.4682752388708589,0.6495703023561453,3,0.7085831174231092,0.7255537430034242,0.7471846564979648,3,0.4254804097296572,0.46680925805386914,0.6478903731651566,3,0.7089667100160489,0.7258646398645263,0.7474184782874534,3,0.42556654946867223,0.4667736309136102,0.647287014113994,3,0.995894993945116,0.9959566520257789,0.9960387504618037,3,99.25133471065928,99.25951684496901,99.26769897927873,3,99.14087589747786,0.6504171360371306,0.6703031324519724,0.6958409414031038,3,0.23401151940250073,0.3271352911485988,0.4203322795772247,3,0.6488021937756556,0.6685496927383587,0.6941795730637488,3,0.23365428243841332,0.32653807442609134,0.4196280199122569,3,0.6493364214916912,0.6689861244431247,0.694562442729569,3,0.2339077873808155,0.32667830667711306,0.4197227809317404,3,0.01840980219689925
articles_comments,15,15,5,comment,99.77499130648229,99.78726450794689,99.81181091087609,48777,48783.0,48795,614,626.0,643,0.5638108378081519,0.5896102470335168,0.6233866786428943,3,0.1964876316285135,0.3173300007100297,0.3412918207860169,3,0.5632056067489019,0.5889375215210328,0.6227376683806607,3,0.19628589577896494,0.31707770900310844,0.3409994686920851,3,0.5638098273082003,0.5893800624613943,0.623158631521982,3,0.19639408595876817,0.31714857677276487,0.34107157580585734,3,0.9986071282261368,0.9987707437000615,0.9988528586353115,3,99.7197618998916,99.72385296704645,99.74226276924337,3,99.69521549696239,0.6504171360371306,0.6703031324519724,0.6958409414031038,3,0.23401151940250073,0.3271352911485988,0.4203322795772247,3,0.6488021937756556,0.6685496927383587,0.6941795730637488,3,0.23365428243841332,0.32653807442609134,0.4196280199122569,3,0.6493364214916912,0.6689861244431247,0.694562442729569,3,0.2339077873808155,0.32667830667711306,0.4197227809317404,3,0.0368196043937985
articles_comments,15,15,10,article_passage,98.82995479370794,98.9792787448606,99.32497391944689,48315,48388.0,48557,395,410.0,528,0.5655444253860205,0.6012899876912242,0.6299942476237798,3,0.08800083759993482,0.12861938952334792,0.41345618239048787,3,0.5615299503381003,0.5969364186531341,0.6249361657809972,3,0.08772019948895268,0.12780974651329446,0.41105282656471204,3,0.563088954705444,0.5979075973733137,0.6265827790328741,3,0.08825243395220789,0.12827573320089924,0.4117179238578989,3,0.9923152993530842,0.9923491423635391,0.9923753545151877,3,98.52312475709289,98.69699511117474,98.77267985353978,3,98.44130341399554,0.48809483614905946,0.5172815088848147,0.5909340122974829,3,0.054031867986380204,0.06685512101508359,0.4750788519568956,3,0.485480098891459,0.5146487691237611,0.5873587793556119,3,0.05397265067505141,0.06669595097827039,0.47375376927597296,3,0.48697966511705165,0.5158028817196277,0.589013779796873,3,0.05422549864598673,0.06691836240837874,0.47460467813388973,3,0.49501912573894913
articles_comments,15,15,10,comment,99.54793707938717,99.65839589256858,99.74839936997566,48666,48720.0,48764,395,410.0,528,0.3718343114292592,0.3920780933847984,0.517974181468826,3,0.05310358322759044,0.06116639131825888,0.4917722230070814,3,0.3707648272630438,0.39115288069558557,0.5162587480184075,3,0.0530933871194772,0.06112300075840149,0.49116597371696774,3,0.37198858206348456,0.39235649945006185,0.5178605938861454,3,0.05327062100197889,0.061293336898494734,0.49204866685499443,3,0.9967209755097859,0.9973747359353529,0.9977048239681954,3,99.47225233702211,99.48452553848671,99.58884775093583,3,99.4354327326283,0.48809483614905946,0.5172815088848147,0.5909340122974829,3,0.054031867986380204,0.06685512101508359,0.4750788519568956,3,0.485480098891459,0.5146487691237611,0.5873587793556119,3,0.05397265067505141,0.06669595097827039,0.47375376927597296,3,0.48697966511705165,0.5158028817196277,0.589013779796873,3,0.05422549864598673,0.06691836240837874,0.47460467813388973,3,0.20046229058849008
articles_comments,15,15,15,article_passage,98.43721234684068,98.63153803669688,99.08155542373228,48123,48218.0,48438,296,318.0,405,0.506168891892796,0.5546613436441518,0.6280631258166727,3,0.06683054748063301,0.09229556492098204,0.5220133286644,3,0.5004848368314011,0.5496880576774688,0.6205162904402545,3,0.0666025673683475,0.0920278404571859,0.5182628924043025,3,0.5026182374862964,0.5516671870115772,0.6227010317385552,3,0.06719594111060868,0.09276503153471628,0.5194079424720857,3,0.9885703694550847,0.9895710715982075,0.9908137834442133,3,98.01787796346677,98.19174831754863,98.40039274244687,3,97.88082721377872,0.4235651106027597,0.47269804905634233,0.5709628822569892,3,0.042232901187353324,0.05535851465651349,0.5082815533814785,3,0.4200428500232413,0.46956398160245,0.5655883794210436,3,0.04224341857778781,0.05534430300888527,0.5066675661512458,3,0.4221684801506066,0.47162124313500337,0.5680633509781495,3,0.042610986389141514,0.05574950779923324,0.5085230540025834,3,0.6443430768916016
articles_comments,15,15,15,comment,99.46611573628981,99.48452553848671,99.65635035899115,48626,48635.0,48719,296,318.0,405,0.29119512244504847,0.3445555935803722,0.46563267853707796,3,0.030531515309303116,0.04486083176826081,0.44388440295836473,3,0.2900816464492961,0.3434104150131985,0.4630454740258792,3,0.03061641146066168,0.04484096579059984,0.4436329107029075,3,0.2919275305830776,0.34532723122541464,0.4657512209371835,3,0.03092140812067856,0.04518102596685651,0.44583718701829683,3,0.9958587887982288,0.9962062954988209,0.9962849695203301,3,99.29019984863051,99.36383905741812,99.37202119172787,3,99.23087937488494,0.4235651106027597,0.47269804905634233,0.5709628822569892,3,0.042232901187353324,0.05535851465651349,0.5082815533814785,3,0.4200428500232413,0.46956398160245,0.5655883794210436,3,0.04224341857778781,0.05534430300888527,0.5066675661512458,3,0.4221684801506066,0.47162124313500337,0.5680633509781495,3,0.042610986389141514,0.05574950779923324,0.5085230540025834,3,0.19023462270133962
articles_comments,15,20,1,article_passage,98.88109313314378,99.64816822468141,99.65635035899115,48340,48715.0,48719,383,898.0,1008,0.3951081241053849,0.4018385241446733,0.7176304897532055,3,0.01746790529708563,0.018979644464640955,0.6304948733586632,3,0.3917646726194816,0.3983053172142366,0.715668407384066,3,0.017503859129628558,0.01901961354990097,0.6295741972378323,3,0.3926390766160034,0.39926470751067245,0.7158265744891745,3,0.017561567872833684,0.019093249427730087,0.6290971042528242,3,0.9899329547085478,0.9902598068365903,0.9970485150341265,3,98.76245218565262,98.78290752142696,99.50498087426105,3,98.71335937979421,0.29491115785240557,0.3027203903672471,0.6486431629552458,3,0.005373339296465049,0.006745407332875515,0.4239632443011817,3,0.29315795114801,0.30080143811874777,0.6474998428151765,3,0.0053942281253051136,0.006759482934293705,0.423366078012568,3,0.2941572966002033,0.3018502727173368,0.6477723335862664,3,0.005420238073468794,0.006794819125889256,0.4233705846201856,3,0.7752572258473691
articles_comments,15,20,1,comment,99.51929960930309,99.85476711600221,99.86499478388939,48652,48816.0,48821,383,898.0,1008,0.15037302975411249,0.15721084344593556,0.5648678796181591,3,0.0028689522170030316,0.004057082306760525,0.30401117460462085,3,0.15018399842658356,0.15688861247677208,0.5644198155558233,3,0.0028748287572380165,0.004026867366136522,0.3036717268737703,3,0.15124928625061398,0.15794328416284545,0.5646763920326426,3,0.002896522541012638,0.004057318755719517,0.3037296425560928,3,0.9959862385321101,0.996006880452144,0.9990377134433479,3,99.48657107206415,99.49270767279646,99.81181091087609,3,99.47838893775442,0.29491115785240557,0.3027203903672471,0.6486431629552458,3,0.005373339296465049,0.006745407332875515,0.4239632443011817,3,0.29315795114801,0.30080143811874777,0.6474998428151765,3,0.0053942281253051136,0.006759482934293705,0.423366078012568,3,0.2941572966002033,0.3018502727173368,0.6477723335862664,3,0.005420238073468794,0.006794819125889256,0.4233705846201856,3,0.3456951745862966
articles_comments,15,20,3,article_passage,99.22678830773008,99.51725407572566,99.51929960930309,48509,48651.0,48652,493,668.0,708,0.5610222040346446,0.5684677423934427,0.7385104732773036,3,0.08562086173018477,0.1029601092030706,0.6324758580974278,3,0.5580852539032568,0.565330181660813,0.7362547101325897,3,0.08541400225310249,0.10270939112286104,0.6312288824756813,3,0.5590383472291608,0.566192154667763,0.7365786802805393,3,0.08568555012852695,0.1029609830041772,0.6308194679693946,3,0.9941710110422396,0.9943552690997167,0.9967371898791324,3,99.08155542373228,99.09178309161945,99.3556569231084,3,99.01200728209953,0.4612475127450202,0.46369027247514294,0.6861739429616696,3,0.029032145848294784,0.03288144112665398,0.4475948999214242,3,0.45935889167686467,0.4617520689560939,0.6848217743867486,3,0.0290138080802585,0.03285915481576481,0.44698380949286987,3,0.46044914997357234,0.4627558147739643,0.6852593184158866,3,0.029124735067864452,0.032978258502975796,0.447106364318493,3,0.29251130157301475
articles_comments,15,20,3,comment,99.60930308671017,99.79544664225664,99.80362877656637,48696,48787.0,48791,493,668.0,708,0.3194344600091571,0.3220397898147238,0.6168314446464581,3,0.016611480793342147,0.026979188317147115,0.34838823407298275,3,0.3187239067685776,0.3212257547564304,0.6163777043789377,3,0.01661876046734038,0.026994476982515204,0.34817234008529535,3,0.3197190165475139,0.32233213893983276,0.6168277175603843,3,0.01668772783662355,0.0270802195368534,0.34826869856489023,3,0.9970705725699068,0.9972341166588129,0.9989757036915639,3,99.56021028085176,99.56430134800662,99.74839936997566,3,99.53975494507742,0.4612475127450202,0.46369027247514294,0.6861739429616696,3,0.029032145848294784,0.03288144112665398,0.4475948999214242,3,0.45935889167686467,0.4617520689560939,0.6848217743867486,3,0.0290138080802585,0.03285915481576481,0.44698380949286987,3,0.46044914997357234,0.4627558147739643,0.6852593184158866,3,0.029124735067864452,0.032978258502975796,0.447106364318493,3,0.1943256898561998
articles_comments,15,20,5,article_passage,97.84809867653978,99.41293186327653,99.41906846400884,47835,48600.0,48603,245,578.0,591,0.389981815761976,0.39111604809131634,0.7547545076278421,3,0.02379361231948362,0.024982620646457263,0.5913787871462667,3,0.3834364665803947,0.3845388376998132,0.7521928531418539,3,0.023951987627566305,0.025221255691831507,0.590207550487569,3,0.3853914483118443,0.3865113421576402,0.7525956564430724,3,0.024164553465033038,0.025465512921876533,0.5900151695442691,3,0.9820977123712823,0.9822001151031817,0.996446763062767,3,97.7396853969358,97.74786753124552,99.23906150919467,3,97.68036492319021,0.29807859261743397,0.3007241461621482,0.6961684042773435,3,0.010428513860461513,0.01390137859046282,0.40910552698094127,3,0.29456893029613956,0.29721400244665463,0.6945642204060752,3,0.010503365224535202,0.014055591495734245,0.4083641222438854,3,0.29664754748593325,0.2992995897466106,0.6950887288845552,3,0.010625619081952474,0.014207579216414624,0.408594217153018,3,1.5709697874690676
articles_comments,15,20,5,comment,99.10814736023892,99.76680917217257,99.77090023932743,48451,48773.0,48775,245,578.0,591,0.14871756270786587,0.15618169096995105,0.6199250130920332,3,0.005476978844861043,0.00942208661637018,0.31287400444293273,3,0.14851967646286587,0.15595866525362748,0.6192327984677964,3,0.005458634223049817,0.009554423253345951,0.31238648238571864,3,0.15065628618391125,0.1581608095444447,0.6197315561062257,3,0.005568309542941313,0.009697612165886575,0.3124919144619542,3,0.9927034228325476,0.9927852589723093,0.9986886858173175,3,99.07337328942255,99.07950989015485,99.70339763127211,3,99.05905455438051,0.29807859261743397,0.3007241461621482,0.6961684042773435,3,0.010428513860461513,0.01390137859046282,0.40910552698094127,3,0.29456893029613956,0.29721400244665463,0.6945642204060752,3,0.010503365224535202,0.014055591495734245,0.4083641222438854,3,0.29664754748593325,0.2992995897466106,0.6950887288845552,3,0.010625619081952474,0.014207579216414624,0.408594217153018,3,0.6627528790885151
articles_comments,15,20,10,article_passage,97.97492175834066,99.01405281567696,99.19610530406857,47897,48405.0,48494,258,417.0,461,0.42082564364837616,0.4539786192086882,0.663177366349018,3,0.035696477059332356,0.12638912350324827,0.25033994717346175,3,0.4144264312023324,0.4472012868633481,0.6597833263780447,3,0.03584134056778859,0.12647750280445733,0.24923546165383814,3,0.4170811311959449,0.4505052870025261,0.6610807685264101,3,0.036254719795856954,0.12748265551389631,0.25022550337292704,3,0.9845789582046531,0.98577202243484,0.9945863609229946,3,97.7887782027942,97.8194612064557,98.83609139444025,3,97.70082025896455,0.3281276920639494,0.3825797101437889,0.5798887473844836,3,0.01750123219795591,0.10213168687335832,0.1533102152736748,3,0.32468085923609413,0.3784840470536128,0.5775741123884998,3,0.01764105723361374,0.10188204519530047,0.15432616259536364,3,0.3274169353662738,0.3819601100840555,0.5789366932809,3,0.0178819517909944,0.10231379744096966,0.1557256177193962,3,1.2211835457279108
articles_comments,15,20,10,comment,99.33520158733405,99.59702988524558,99.73408063493362,48562,48690.0,48757,258,417.0,461,0.1774509659195951,0.24584387543005484,0.46667341307001026,3,0.010051596944451704,0.07761885748672724,0.13140328178868624,3,0.1767957315612866,0.24491543967839366,0.46555136189268015,3,0.01012094641930674,0.07750354884372547,0.13281076607634792,3,0.179406380900535,0.24867072947178787,0.4666684224356749,3,0.010327142378244216,0.07769610624647383,0.13444984346611386,3,0.9951412522038624,0.9955268287678259,0.997519678583142,3,99.24315257634953,99.29224538220794,99.54180047865485,3,99.22269724057522,0.3281276920639494,0.3825797101437889,0.5798887473844836,3,0.01750123219795591,0.10213168687335832,0.1533102152736748,3,0.32468085923609413,0.3784840470536128,0.5775741123884998,3,0.01764105723361374,0.10188204519530047,0.15432616259536364,3,0.3274169353662738,0.3819601100840555,0.5789366932809,3,0.0178819517909944,0.10231379744096966,0.1557256177193962,3,0.3988790475995643
articles_comments,15,20,15,article_passage,97.94219322110173,98.10788144087385,98.39221060813713,47881,47962.0,48101,245,246.0,293,0.5780501649928762,0.5787811814514574,0.6211301733693411,3,0.38156367086294735,0.3882009956043377,0.5649273652598769,3,0.570009574991838,0.570739857385414,0.6118257114115703,3,0.37837480870895385,0.384574002705186,0.5594563621269967,3,0.5732594356069559,0.5743157998980629,0.615305209717602,3,0.3804854215474824,0.3867798314347265,0.561896303824936,3,0.9871247304693979,0.9874107050419298,0.9874829312699135,3,97.38989915519464,97.5453597070796,97.6312721173318,3,97.16284492809949,0.5250916038519778,0.527315480879965,0.5883924552475551,3,0.39571661479209946,0.4051994222591198,0.5982997578785119,3,0.5194582631486054,0.521693200305102,0.5813333464851826,3,0.3950107340883107,0.4040667031570245,0.5955997878027034,3,0.5231256105106525,0.5255650695410257,0.5854675110466246,3,0.3978772338901346,0.4069441360068796,0.599341048923082,3,0.45001738703540184
articles_comments,15,20,15,comment,99.24928917708185,99.26974451285618,99.42725059831858,48520,48530.0,48607,245,246.0,293,0.4203340964899547,0.4276247722620698,0.5031119579257648,3,0.35352466721684844,0.36948093928641695,0.559118582328603,3,0.41792576570791967,0.42522788843081794,0.4995799142063815,3,0.35467434395181047,0.3701587187446302,0.5584055744174888,3,0.42229734066513613,0.4294900109316281,0.505409517392652,3,0.35801463375142045,0.37330371703074877,0.5638187583609308,3,0.9957055971069286,0.9959520825199827,0.9962974390620178,3,99.07541882299998,99.12451162885839,99.14701249821016,3,99.01200728209953,0.5250916038519778,0.527315480879965,0.5883924552475551,3,0.39571661479209946,0.4051994222591198,0.5982997578785119,3,0.5194582631486054,0.521693200305102,0.5813333464851826,3,0.3950107340883107,0.4040667031570245,0.5955997878027034,3,0.5231256105106525,0.5255650695410257,0.5854675110466246,3,0.3978772338901346,0.4069441360068796,0.599341048923082,3,0.17796142123673064
