article,n_candidates,n_picks,cutoff_votes_rel,n_above_cutoff,n_tied_at_cutoff,slots_within_cutoff_tie,cutoff_inclusion_probability,ambiguous_cutoff
/story/2000138726456/zwei-milliarden-euro-fuer-wien-energie-wien-segnete-vertrag-mit,191,2,82,1,1,1,1,FALSE
/story/2000138715383/auszahlung-von-klimabonus-und-teuerungsabgeltung-beginnt,230,3,120,2,1,1,1,FALSE
/story/2000138738952/fuehrender-manager-von-lukoil-nach-sturz-aus-fenster-tot,64,5,45,4,1,1,1,FALSE
/story/2000138737393/kaempfe-in-der-suedukraine-werden-mit-enormer-haerte-gefuehrt,91,4,175,3,1,1,1,FALSE
/story/2000138740390/polen-will-1-3-billionen-euro-von-berlin,214,2,242,1,1,1,1,FALSE
/story/2000138730635/polen-beziffert-weltkriegsschaeden-auf-mehr-als-1-3-billionen-euro,174,4,100,3,1,1,1,FALSE
/story/2000138724733/russischer-oel-topmanager-stirbt-bei-fenstersturz-in-moskau,734,3,181,2,1,1,1,FALSE
/story/2000138720314/ein-un-bericht-ueber-chinas-brutalen-umgang-mit-uiguren-unter,40,4,32,3,1,1,1,FALSE
/story/2000138739820/michael-ludwig-ortet-kommunikatives-versaeumnis-der-wien-energie,500,4,224,3,1,1,1,FALSE
/story/2000138731740/neue-schmid-chats-kurz-getreue-dirigierten-budgetprozess-des-finanzressorts,486,3,623,2,1,1,1,FALSE
/story/2000138724321/oevp-tirol-stuerzt-in-umfragen-vor-landtagswahl-auf-26-prozent,355,3,268,2,1,1,1,FALSE
/story/2000138713968/kandidatenrekord-vor-bundespraesidentenwahl,205,6,42,5,1,1,1,FALSE
/story/2000138710335/spannungen-in-wiener-koalition-wegen-wien-energie-krise,583,5,75,4,1,1,1,FALSE
/story/2000138709119/der-rot-gruene-clinch-geht-in-die-naechste-runde,258,4,39,3,1,1,1,FALSE
/story/2000138726264/mann-gewinnt-wettbewerb-mit-ki-gemaelde-kuenstler-sauer,228,5,54,4,1,1,1,FALSE
/story/2000138698707/pauls-paylivery-masche-wie-betrueger-auf-willhaben-vorgehen,282,5,72,4,1,1,1,FALSE
/story/2000138744605/bologna-verpasst-ersten-saisonsieg-trotz-arnautovic-treffers,16,2,22,1,1,1,1,FALSE
/story/2000138744328/alonso-entschuldigte-sich-bei-hamilton-fuer-verbale-entgleisung,28,2,51,1,1,1,1,FALSE
/story/2000138740327/noch-ein-bisschen-ewigkeit,9,2,4,1,1,1,1,FALSE
/story/2000138708742/carina-wenninger-die-stimme-der-oesterreichischen-fussballerinnen,10,5,7,4,1,1,1,FALSE
/story/2000138706559/affaere-um-paul-pogba-die-geier-kreisen-um-die-bleus,132,7,46,6,1,1,1,FALSE
/story/2000138730314/neues-mahnmal-im-botanischen-garten-in-linz,41,4,25,3,1,1,1,FALSE
/story/2000138735082/missbrauchsprozess-gegen-trainer-sieben-junge-opfer-und-6-5-jahre,34,2,54,1,1,1,1,FALSE
/story/2000138723433/fall-kellermayr-laut-innenminister-einmal-taeglich-polizeikontakt,55,3,42,2,1,1,1,FALSE
/story/2000138709707/bleibt-burgtheaterdirektor-martin-kusej-oder-muss-er-gehen,65,3,27,2,1,1,1,FALSE
/story/2000138731475/fake-wahlbeobachter-bei-ungarn-wahl-fpoe-politiker-krauss-klagt-vice,52,4,54,1,3,3,1,FALSE
/story/2000138716695/was-armin-wolf-und-e-control-ex-chef-boltz-an,165,5,31,4,2,1,0.5,TRUE
/story/2000138742306/webb-macht-sein-erstes-bild-von-einem-exoplaneten,38,2,59,1,1,1,1,FALSE
/story/2000138711893/hallstatt-2022-urgeschichte-trifft-auf-hightech,8,3,3,2,1,1,1,FALSE
/story/2000138725758/hoechste-co2-konzentration-der-atmosphaere-seit-einer-million-jahre,92,4,30,3,1,1,1,FALSE
/story/2000138701083/fachleute-entschluesseln-erbgut-der-unsterblichen-qualle,56,5,27,4,1,1,1,FALSE
/story/2000138642636/toepfernder-ex-wirt-was-rauskommt-ist-relativ-wurscht,26,3,17,2,1,1,1,FALSE
/story/2000138717367/filmfestspiele-von-venedig-2022-die-besten-looks-der-stars,41,1,22,0,1,1,1,FALSE
/story/2000138701123/wahre-freundschaft,97,4,106,3,1,1,1,FALSE
/story/2000138700640/wien-energie-rettung-kein-guter-umgang,219,5,48,4,1,1,1,FALSE
/story/2000138726550/hausaufgaben-waesche-kochen-der-ewige-kampf-darum-wer-es-macht,204,5,44,4,2,1,0.5,TRUE
/story/2000138776199/gazprom-kuendigt-erneuten-lieferstopp-ueber-nord-stream-an,265,2,286,1,1,1,1,FALSE
/story/2000138759562/billa-will-veganen-shop-in-wien-eroeffnen,158,6,38,5,2,1,0.5,TRUE
/story/2000138741258/wien-energie-will-von-termingeschaeften-nicht-abruecken,328,5,48,4,1,1,1,FALSE
/story/2000138753719/25-jaehriger-nach-attacke-bei-christopher-street-day-in-muenster,110,4,181,3,1,1,1,FALSE
/story/2000138760106/russische-propaganda-rund-um-saporischschja-quantitaet-vor-qualitaet,46,2,22,1,1,1,1,FALSE
/story/2000138734338/spaete-anerkennung-fuer-die-hinterbliebenen-der-muenchen-terroropfer,20,3,10,2,3,1,0.333333333333333,TRUE
/story/2000138745360/biden-warnt-vor-ende-der-demokratie-und-sagt-trump-repraesentiert,154,6,39,5,1,1,1,FALSE
/story/2000138737160/orban-kehrt-weissbaertig-aus-ungewoehnlich-langem-kroatien-urlaub-zurueck,190,4,170,3,1,1,1,FALSE
/story/2000138765189/finanzstadtrat-hanke-zu-turbulenzen-rund-um-wien-energie-wir-waren,250,3,69,2,1,1,1,FALSE
/story/2000138753388/bundespraesidentenwahl-van-der-bellen-erhielt-25-000-unterstuetzungserklaerungen,313,4,56,3,1,1,1,FALSE
/story/2000138508331/aus-dem-leben-eines-sterbewilligen-es-war-eine-erloesung,252,6,354,5,1,1,1,FALSE
/story/2000138752315/wien-energie-fpoe-und-oevp-fuer-einsetzung-einer-untersuchungskommission,239,2,87,1,1,1,1,FALSE
/story/2000138747426/anzug-statt-lederjacke-was-dominik-wlaznyalias-marco-pogo,224,7,78,6,1,1,1,FALSE
/story/2000138746499/rechtsextremismus-fast-270-tathandlungen-im-ersten-halbjahr,13,3,10,2,1,1,1,FALSE
/story/2000138758951/der-trailer-zum-kommenden-pu-der-baer-horrorfilm-ist-wohl,84,3,49,2,1,1,1,FALSE
/story/2000138739800/das-ende-der-routerfreiheitdas-neue-kabelmodem-von-magenta-hat-ein,549,8,46,7,1,1,1,FALSE
/story/2000138737730/hoher-besuch-oefb-fraueneuropameisterinnen-gegen,24,4,5,2,2,2,1,FALSE
/story/2000138764150/wien-weniger-menschen-beziehen-mindestsicherung-aber-die-ausgaben-dafuer-steigen,86,3,111,2,1,1,1,FALSE
/story/2000138762169/vorwuerfe-gegen-den-bekannten-filmregisseur-ulrich-seidl,160,4,47,3,1,1,1,FALSE
/story/2000138760459/anna-karenina-in-der-josefstadtdr-tolstois-ehe-und-familienberatung,47,4,38,3,1,1,1,FALSE
/story/2000138747321/ed-sheeran-live-in-wien-der-pumuckl-ist-gelandet,207,3,78,2,1,1,1,FALSE
/story/2000138727056/kulturelle-aneignung-unwohlsein-ist-kein-argument,329,6,70,5,1,1,1,FALSE
/story/2000138762925/standard-bringt-sein-forum-in-die-analoge-welt-posten-auf,34,5,17,4,1,1,1,FALSE
/story/2000138576853/valyrisch-oder-sindarin-so-entsteht-eine-fantasysprache,30,3,11,2,1,1,1,FALSE
/story/2000138761593/giftstoffe-in-spielzeug-sind-ein-hindernis-fuer-recycling,15,2,16,1,1,1,1,FALSE
/story/2000138696971/untreue-in-der-beziehung-wie-sind-sie-damit-umgegangen,237,6,99,5,1,1,1,FALSE
/story/2000138702463/oesterreich-zum-zweitbesten-land-fuer-alleinreisende-frauen-gekuert,92,4,54,3,1,1,1,FALSE
/story/2000138762482/biden-muss-die-demokratie-verteidigen-ohne-risiko-ist-das-aber,76,2,15,1,1,1,1,FALSE
/story/2000138721964/quiz-wie-gut-kennen-sie-sich-im-tolkiens-mittelerde-universium,94,5,14,4,1,1,1,FALSE
/story/2000138739402/die-oevp-zerbroeselt,690,9,117,8,1,1,1,FALSE
/story/2000138774248/ludwigs-alleingang-bei-wien-energie-notkompetenz-aus-kaisers-zeiten,170,4,57,3,1,1,1,FALSE
/story/2000138771432/blick-hinter-die-kulissen-so-funktioniert-der-handel-mit-dem,196,3,60,2,1,1,1,FALSE
/story/2000138767297/osteuropa-experte-krastev-jeder-krieg-ist-ein-test-des-willens,216,6,50,5,1,1,1,FALSE
/story/2000138771519/michail-gorbatschow-und-wladimir-putin-zwei-weltveraenderer,62,4,32,2,2,2,1,FALSE
/story/2000138785255/fpoe-wahlkampfauftakt-abrechnung-mit-van-der-biden-und-rosen-fuer,465,6,206,5,1,1,1,FALSE
/story/2000138772017/vier-truempfe-fuer-die-rechten-herzen-bei-der-praesidentenwahl,245,4,49,3,1,1,1,FALSE
/story/2000138784839/deutscher-staat-kann-seinen-buergern-kein-geld-ueberweisen,166,4,49,3,1,1,1,FALSE
/story/2000138720673/meinem-pickel-beim-heilen-zusehen-tagebuch-app-be-real-im,54,5,16,3,2,2,1,FALSE
/story/2000138779323/letzte-grosse-show-von-serena-williams-bei-us-open-das,58,3,43,2,1,1,1,FALSE
/story/2000138753743/ist-der-kapitalismus-am-ende,311,4,44,3,2,1,0.5,TRUE
/story/2000138783128/herbig-wuerde-winnetou-filmparodie-heute-nicht-mehr-so-drehen,194,8,61,7,1,1,1,FALSE
/story/2000138781270/iggy-pop-im-konzerthaus-mit-dem-smoking-den-boden-wischen,58,4,42,3,1,1,1,FALSE
/story/2000138765049/fernsehrichterin-salesch-meine-sendung-macht-nicht-duemmer,104,6,34,5,1,1,1,FALSE
/story/2000138781312/rund-7-000-jahre-altes-gletschereis-in-der-schweiz-geschmolzen,32,1,49,0,1,1,1,FALSE
/story/2000138756858/serena-williams-mode,24,4,13,3,1,1,1,FALSE
/story/2000138767373/vor-der-wahl-das-tiroler-volksschauspiel,200,4,32,3,1,1,1,FALSE
/story/2000138796767/strompreishausse-bringt-eisenbahnen-unter-druck,99,3,51,2,1,1,1,FALSE
/story/2000138790787/deutsches-entlastungspaket-hat-gesamtvolumen-von-65-milliarden-euro,128,4,25,3,1,1,1,FALSE
/story/2000138794207/regierung-einigt-sich-auf-strompreisbremse,1062,6,80,5,1,1,1,FALSE
/story/2000138769426/vermessung-des-wohnbereichs-was-saugroboter-alles-ausspaehen,150,5,39,4,1,1,1,FALSE
/story/2000138790207/zehntausende-demonstrierten-in-prag-gegen-tschechische-regierung,47,3,29,2,1,1,1,FALSE
/story/2000138781864/die-unbemerkten-oesterreich-reisen-von-putins-tochter,449,5,117,4,1,1,1,FALSE
/story/2000138789235/experte-rechnet-mit-sieg-van-der-bellens-im-ersten-durchgang,196,6,23,5,2,1,0.5,TRUE
/story/2000138760938/als-lehrerin-oder-lehrer-in-der-klasse-stehen-kein-job,509,10,173,9,1,1,1,FALSE
/story/2000138791948/situation-eskaliert-hass-plattform-kiwi-farms-vom-netz-genommen,91,2,87,1,1,1,1,FALSE
/story/2000138796789/fuehrender-in-serie-a-torschuetzenliste-arnautovic-glaenzt-erneut-mit-doppelpack,70,5,70,4,1,1,1,FALSE
/story/2000138795553/verstappen-gewinnt-heim-gp-in-zandvoort,98,4,61,3,1,1,1,FALSE
/story/2000138794596/19-jaehriger-starb-in-schaerding-nach-stromschlag-auf-eisenbahnwaggon,50,1,142,0,1,1,1,FALSE
/story/2000138654576/vergewaltigungsprozess-mit-ueberraschtem-verteidiger,61,5,62,4,1,1,1,FALSE
/story/2000138769404/wahlen-in-krems-rotes-alien-im-schwarzen-kosmos,54,7,32,6,1,1,1,FALSE
/story/2000138794423/geteilte-reaktionen-auf-spiegel-vorwuerfe-gegen-ulrich-seidl,57,3,49,2,1,1,1,FALSE
/story/2000138774090/bademeisterin-schwarz-grillmeisterin-trans-neue-komoedie-freibad,30,1,59,0,1,1,1,FALSE
/story/2000138786986/treibstoffleck-verzoegert-start-der-artemis-mondrakete-um-wochen,94,1,62,0,1,1,1,FALSE
/story/2000138732721/wiener-bademeister-wir-sind-die-starke-hand-am-beckenrand,43,1,153,0,1,1,1,FALSE
/story/2000138757972/im-bauch-von-wien-besuch-am-grossmarkt-in-inzersdorf,11,2,37,1,1,1,1,FALSE
/story/2000138768818/das-letzte-aufgebot-der-oevp,197,5,80,4,1,1,1,FALSE
/story/2000138721865/massenhafte-abmahnungen-wo-der-spass-aufhoert,42,2,42,1,1,1,1,FALSE
/story/2000138822413/russland-will-erst-wieder-gas-ueber-nord-stream-1-liefern,225,3,117,2,1,1,1,FALSE
/story/2000138825261/gas-nur-bei-auder-sanktionen-lieferstopp-schockt-boersen-auf-talfahrt,232,3,362,2,1,1,1,FALSE
/story/2000138804166/die-strompreisbremse-kommt-was-sie-fuer-die-bevoelkerung-bedeutet,610,3,73,2,1,1,1,FALSE
/story/2000138800798/euro-faellt-auf-tiefsten-stand-seit-knapp-20-jahren,116,4,89,3,1,1,1,FALSE
/story/2000138796833/ezb-rat-ringt-erneut-um-einen-grossen-zinsschritt,53,3,39,2,1,1,1,FALSE
/story/2000138800422/klimabonus-fuer-asylwerber-laut-tiroler-oevp-fatales-signal,221,3,105,1,2,2,1,FALSE
/story/2000138813622/ex-aussenministerin-kneissl-erklaert-uebersiedlung-in-den-libanon,489,4,141,3,1,1,1,FALSE
/story/2000138812153/liz-truss-folgt-johnson-in-grossbritannien-als-parteichefin-der-konservativen,197,4,41,3,1,1,1,FALSE
/story/2000138801509/versucht-premier-boris-johnson-ein-comebacka-la-berlusconi,28,1,17,0,1,1,1,FALSE
/story/2000138800060/chile-lehnte-neue-verfassung-mit-grosser-mehrheit-ab,88,3,61,2,1,1,1,FALSE
/story/2000138797128/mit-liz-truss-folgt-wohl-eine-menschliche-handgranate-auf-boris,165,3,56,2,1,1,1,FALSE
/story/2000138832262/kanzler-nehammer-will-irrsinn-auf-den-energiemaerkten-daempfen,368,5,77,4,1,1,1,FALSE
/story/2000138827050/das-wien-energie-fiasko-und-seine-folgen,124,3,30,2,1,1,1,FALSE
/story/2000138824380/mit-dem-virus-in-die-schule-wie-die-corona-regeln,88,2,64,1,1,1,1,FALSE
/story/2000138690690/wie-kinder-und-lehrkraefte-den-ersten-schultag-erleben,57,5,16,4,1,1,1,FALSE
/story/2000138810801/rings-of-power-amazon-verordnet-rezensionspause-fuer-neue-blockbuster-serie,169,4,77,3,1,1,1,FALSE
/story/2000138804890/luxuslounge-und-swimmingpool-die-ueberlebensbunker-der-superreichen,97,2,47,1,1,1,1,FALSE
/story/2000138793113/staatssekretaer-tursky-overhead-projektor-und-kreidetafel-muessen-verschwinden,655,3,317,2,1,1,1,FALSE
/story/2000138812193/frauen-nationalteam-warum-ausgerechnet-wiener-neustadt,127,3,44,2,1,1,1,FALSE
/story/2000138776050/50-jahre-nach-terroranschlag-in-muenchen-zwoelf-menschen-zwoelf-leben,11,1,38,0,2,1,0.5,TRUE
/story/2000138798840/in-oesterreich-registrierter-privatjet-im-baltischen-meer-abgestuerzt,164,3,79,2,2,1,0.5,TRUE
/story/2000138799976/zehn-tote-bei-messerangriffen-in-kanadischer-provinz-saskatchewan,17,1,86,0,1,1,1,FALSE
/story/2000138815279/koerperverletzungsprozess-voll-schimpfwoerter-und-auslaenderpolitik,162,5,64,4,1,1,1,FALSE
/story/2000138809062/21-jaehriger-fuhr-mit-160-kmh-auf-wiener-ringstrasse,105,2,195,1,1,1,1,FALSE
/story/2000138807359/neunjaehriger-bei-wanderung-in-tirol-von-kuh-schwer-verletzt,268,4,179,3,1,1,1,FALSE
/story/2000138793830/soll-netrebko-in-wien-auftreten,444,5,75,4,1,1,1,FALSE
/story/2000138799419/martin-polaschek-in-der-zib-2-eigentlich-ist-alles-doch,249,5,93,4,2,1,0.5,TRUE
/story/2000138794750/hundemuede-kinder-forschung-warnt-vor-epidemie-des-schlafmangels,184,5,64,4,1,1,1,FALSE
/story/2000138803443/wie-der-axolotl-teile-seines-gehirns-nachwachsen-lassen-kann,29,1,26,0,1,1,1,FALSE
/story/2000138751071/unfruchtbarkeit-keine-krankheit,73,4,35,3,1,1,1,FALSE
/story/2000138517272/lautes-musikhoeren-in-den-oeffis-gehts-noch,398,3,343,2,1,1,1,FALSE
/story/2000138697584/eingewoehnung-im-kindergarten-wie-viele-traenen-sind-normal,34,5,19,4,1,1,1,FALSE
/story/2000138826767/karin-kneissl-eine-tragikomoedie,289,5,212,4,1,1,1,FALSE
/story/2000138798038/lob-und-preis-fuer-kickl,143,4,124,3,1,1,1,FALSE
/story/2000138795418/ueber-sex-sprechen,58,3,36,2,1,1,1,FALSE
/story/2000138804456/gemeinsamer-weg-fuer-radfahrer-und-fussgaenger-wer-hat-vorrang,187,4,144,3,1,1,1,FALSE
/story/2000138761470/andrew-tate-co-austauschbare-hampelmaenner,102,4,34,3,1,1,1,FALSE
/story/2000138811217/strompreisbremse-was-ist-faul-am-geldgeschenk,30,3,24,2,2,1,0.5,TRUE
/story/2000138802964/chile-haelt-an-der-verfassung-aus-der-pinochet-diktatur-fest,35,2,29,1,1,1,1,FALSE
/story/2000138802996/faengt-der-unterricht-zu-frueh-an,168,3,37,2,1,1,1,FALSE
/story/2000138867363/die-regierung-will-die-energiekunden-weiter-entlasten-aber-wie,126,5,23,4,1,1,1,FALSE
/story/2000138866613/ein-preisdeckel-gegen-putin-kann-das-gutgehen,315,4,46,3,1,1,1,FALSE
/story/2000138862553/fuer-kreditnehmer-mit-variablen-zinsen-wird-die-luft-duenner,165,4,90,3,1,1,1,FALSE
/story/2000138825665/spaniens-milchwirtschaft-droht-der-kollaps,57,6,25,5,1,1,1,FALSE
/story/2000138840627/neue-generation-der-oebb-nightjets-ab-2023-im-einsatz,82,4,41,3,1,1,1,FALSE
/story/2000138833052/haushaltsenergiepreise-in-oesterreich-im-juli-um-fast-50-prozent-gestiegen,30,1,27,0,1,1,1,FALSE
/story/2000138858683/suella-braverman-anti-woke-kriegerin-im-britischen-innenressort,65,3,51,2,1,1,1,FALSE
/story/2000138857617/atomenergiebehoerde-fuer-entmilitarisierte-zone-um-akw-saporischschja,48,8,25,7,1,1,1,FALSE
/story/2000138854679/prominente-tv-journalistin-wahrscheinlich-von-israelischem-schuetzen-getoetet,38,3,18,2,1,1,1,FALSE
/story/2000138846622/putin-gehen-langsam-die-mikrochips-fuer-seine-raketen-aus,291,4,189,3,1,1,1,FALSE
/story/2000138834552/warum-der-versoehner-joe-biden-nun-an-der-wegscheide-steht,94,4,18,3,1,1,1,FALSE
/story/2000138832700/konzept-der-russischen-welt-putin-segnete-neue-aussenpolitische-doktrin-ab,142,2,76,1,1,1,1,FALSE
/story/2000138861187/bundespraesidentenwahl-plakativer-praesident-und-angriffige-gegenspieler,152,4,49,3,1,1,1,FALSE
/story/2000138851231/bp-wahl-grosz-haelt-wutrede-vor-der-hofburg,129,4,99,3,1,1,1,FALSE
/story/2000138724516/nach-terroranschlag-aufgeloester-islamistenverein-in-wien-kann-nach-brisantem-urteil,157,5,79,4,1,1,1,FALSE
/story/2000138823865/mattles-politisches-himmelfahrtskommando-an-der-tiroler-vp-spitze,96,2,85,1,1,1,1,FALSE
/story/2000138845422/iphone-14-und-sehr-viel-pro-was-apple-am-7,25,4,4,3,1,1,1,FALSE
/story/2000138824340/neue-signal-chefin-wir-werden-uns-nicht-am-geschaeftsmodell-der,56,4,33,3,1,1,1,FALSE
/story/2000138823767/500-jahre-nach-der-ersten-umrundung-der-erde-ist-unser,324,1,405,0,1,1,1,FALSE
/story/2000138871826/champions-league-starke-salzburger-holen-remis-gegen-milan,120,5,71,4,1,1,1,FALSE
/story/2000138868794/arnautovic-klub-fc-bologna-entlaesst-trainer-mihajlovic,28,2,43,1,1,1,1,FALSE
/story/2000138818908/champions-league-salzburg-milan,68,4,17,3,1,1,1,FALSE
/story/2000138860512/gericht-nimmt-anklageschrift-gegen-tuerkische-popsaengerin-guelsen-an,17,4,28,3,1,1,1,FALSE
/story/2000138854563/jugendbanden-in-wien-ottakring-und-hernals-von-polizei-gestoppt,58,1,259,0,1,1,1,FALSE
/story/2000138833469/wiener-stadtstrasse-lobaubleibt-bewegung-protestiert-gegen-abbau-von-zuggleisen,140,2,61,1,1,1,1,FALSE
/story/2000138847595/prozess-um-changierende-staatsbuergerschaft-im-asylverfahren,72,4,76,2,2,2,1,FALSE
/story/2000138814393/wunschkennzeichen-wo-88-nicht-geht,383,4,79,3,1,1,1,FALSE
/story/2000138831669/ausschreibungskrimi-um-schul-pcr-tests-fuer-ganz-oesterreich,221,4,66,3,1,1,1,FALSE
/story/2000138839184/buhs-und-bravos-fuer-netrebko-in-der-staatsoper-sing-leise,108,2,34,1,1,1,1,FALSE
/story/2000138852648/prosieben-zeigt-kontroversielles-needle-spiking-experiment,8,1,46,0,1,1,1,FALSE
/story/2000138838113/weltretten-fuer-fortgeschrittene-fuenf-kehrtwenden-fuer-eine-lebenswerte-zukunft,23,2,14,1,1,1,1,FALSE
/story/2000138809560/weshalb-australiens-gigantische-donnervoegel-ausstarben,32,3,25,2,1,1,1,FALSE
/story/2000138837710/kanal-grande-im-donaukanal-wird-wieder-gebadet,166,6,44,5,1,1,1,FALSE
/story/2000138812474/ihre-liebste-europaeische-stadt,192,6,20,5,1,1,1,FALSE
/story/2000138564107/fkk-erlebt-seit-der-pandemie-ein-kleines-revival,57,3,47,2,1,1,1,FALSE
/story/2000138863147/die-regierung-loescht-das-feuer-nicht,220,4,42,3,1,1,1,FALSE
/story/2000138843153/jeder-fuenfte-darf-nicht-waehlen-demokratiepolitisches-risiko,524,6,131,5,1,1,1,FALSE
/story/2000138824176/unvermeidbarer-wirtschaftskrieg,404,4,56,3,1,1,1,FALSE
/story/2000138825992/leonardo-dicaprio-stirbt-mit-25-die-liebe,408,6,90,4,2,2,1,FALSE
/story/2000138840285/milf-bis-stiefbruder-wieso-sind-tabus-im-porno-so-beliebt,109,4,48,3,1,1,1,FALSE
/story/2000138904237/wenig-freude-mit-der-stromkostenbremse-viel-kritik-von-allen-seiten,379,4,89,3,1,1,1,FALSE
/story/2000138891230/strompreisbremse-fuer-alle-zweitwohnbesitzer-inklusive,463,5,85,4,2,1,0.5,TRUE
/story/2000138874471/wifo-chef-felbermayr-staat-muss-aufpassen-es-mit-den-hilfen,183,5,38,4,1,1,1,FALSE
/story/2000138864676/kraeftemessen-um-stromkosten-handel-fuerchtet-einen-flaechenbrand,166,5,43,4,1,1,1,FALSE
/story/2000138910018/moskau-will-im-november-in-besetzten-ukrainischen-gebieten-ueber-annexion,55,3,34,2,1,1,1,FALSE
/story/2000138883386/schreiduell-zwischen-scholz-und-merz-im-deutschen-bundestag,227,3,101,2,1,1,1,FALSE
/story/2000138878711/putin-will-exportrouten-fuer-getreide-aus-der-ukraine-aendern,444,2,586,1,1,1,1,FALSE
/story/2000138872845/fbi-fand-in-trumps-anwesen-sensible-atomwaffen-informationen,189,6,85,5,1,1,1,FALSE
/story/2000138872765/apples-far-out-event-iphone-14-neue-airpods-pro-und,134,7,25,6,1,1,1,FALSE
/story/2000138850707/hilfe-fuer-die-russische-armee-influencerin-fordert-zur-energieverschwendung-auf,378,4,487,3,1,1,1,FALSE
/story/2000138909240/03-eintracht-frankfurt-bekommt-die-champions-league-zu-spueren,63,4,15,3,1,1,1,FALSE
/story/2000138908417/rapid-verkauft-hoffnungstraeger-yusuf-demir-an-galatasaray,228,5,55,4,1,1,1,FALSE
/story/2000138898163/salzburgs-saeulen-bullen-mischen-liga-auf-und-in-champions-league,57,3,47,2,2,1,0.5,TRUE
/story/2000138883163/chelsea-trennt-sich-von-trainer-tuchel,113,5,39,4,1,1,1,FALSE
/story/2000138867205/katrin-beierl-meine-eltern-waren-fertiger-als-ich,69,4,49,3,1,1,1,FALSE
/story/2000138886547/19-jaehriger-bestreitet-vergewaltigung-ukrainischen-maedchens,88,1,73,0,1,1,1,FALSE
/story/2000138885506/rudel-mit-fuenf-wolfswelpen-in-oberkaernten-gesichtet,105,5,37,4,1,1,1,FALSE
/story/2000138869461/neuer-markt-wiens-umstrittenste-garage-ist-fertig,181,5,61,4,1,1,1,FALSE
/story/2000138888482/kuenstler-gottfried-kumpf-91-jaehrig-gestorben,25,4,16,3,1,1,1,FALSE
/story/2000138899299/langjaehriger-profil-chefredakteur-sven-gaechter-gestorben,20,3,23,2,1,1,1,FALSE
/story/2000138845121/neue-studie-stellt-gaengige-kiffer-klischees-infrage,139,7,41,5,3,2,0.666666666666667,TRUE
/story/2000138879461/timothee-chalamet-machts-vor-rueckenfrei-bei-maennern,113,7,27,6,1,1,1,FALSE
/story/2000138642446/ein-hauch-mythos-wird-marbella-noch-immer-seinem-schicken-ruf,29,5,7,3,4,2,0.5,TRUE
/story/2000138858565/teure-schultaschen-das-geschaeft-mit-patches-und-kletties,99,5,29,4,1,1,1,FALSE
/story/2000138905024/fussballerinnen-im-abseits-unwuerdige-buehne,135,5,42,4,1,1,1,FALSE
/story/2000138863210/europa-gegen-russlands-energiewaffe-abschirmen,107,3,41,2,1,1,1,FALSE
/story/2000138856845/die-weltgeschichte-klopft-an,87,3,29,2,1,1,1,FALSE
/story/2000138864313/die-sanktionen-gegen-russland-sind-smarter-als-oft-behauptet,205,5,129,4,1,1,1,FALSE
/story/2000138874719/gewalt-an-transpersonen-feindbilder-verblassen-lassen,113,3,59,2,2,1,0.5,TRUE
/story/2000138936574/mit-25-cent-gegen-die-plastikflut-flaschenpfand-nimmt-konturen-an,216,4,33,3,1,1,1,FALSE
/story/2000138926419/ezb-erhoeht-zinsen-wagt-notenbankchefin-lagarde-den-grossen-schritt,305,3,109,2,1,1,1,FALSE
/story/2000138914133/schulstart-wie-viel-taschengeld-fuer-welches-alter-angemessen-ist,72,3,25,2,1,1,1,FALSE
/story/2000138919965/go-student-streicht-200-jobs-und-stellt-geschaeft-in-den,103,2,81,1,1,1,1,FALSE
/story/2000138904948/ersparnis-durch-strompreisbremse-erst-im-nachhinein-sichtbar,108,5,23,4,1,1,1,FALSE
/story/2000138907523/konflikt-im-regal-wer-verdient-an-teureren-lebensmitteln,207,5,97,4,1,1,1,FALSE
/story/2000138929229/sorge-um-queen-alle-kinder-auf-schloss-balmoral-eingetroffen,450,5,78,4,1,1,1,FALSE
/story/2000138892308/ngos-fordern-nach-vergewaltigung-von-elfjaehriger-im-kosovo-haerteres-vorgehen,64,4,97,3,1,1,1,FALSE
/story/2000138913176/menschliche-entwicklung-geht-laut-uno-in-neun-von-zehn-laendern,116,3,71,2,1,1,1,FALSE
/story/2000138939776/kanzleramt-leistet-wksta-nicht-folge-die-wichtigsten-punkte-des-konflikts,185,2,99,1,1,1,1,FALSE
/story/2000138923469/klimabonus-oevp-will-gesetz-wegen-asylwerbern-rasch-aendern,738,7,89,6,1,1,1,FALSE
/story/2000138909742/kanzleramt-will-sicherstellungsanordnung-der-wksta-vorerst-nicht-befolgen,627,4,81,3,1,1,1,FALSE
/story/2000138897340/gerald-grosz-ich-weiss-dass-ich-bunt-bin,441,4,171,3,1,1,1,FALSE
/story/2000138930061/bis-zu-2-100-euro-die-iphone-rekordpreise-sind-eine,375,4,94,3,1,1,1,FALSE
/story/2000138912383/hands-on-erste-eindruecke-zu-iphone-14-plus-iphone-14,82,5,29,4,1,1,1,FALSE
/story/2000138926081/us-tennisheld-tiafoe-diese-armen-witze-damals-taten-wirklich-weh,25,5,10,4,1,1,1,FALSE
/story/2000138924950/klopp-in-liverpool-in-bedraengnis-wir-arbeiten-nicht-als-team,23,2,7,1,2,1,0.5,TRUE
/story/2000138931781/anwalt-zanger-wegen-tweet-gegen-peter-pilz-verurteilt,69,1,151,0,1,1,1,FALSE
/story/2000138943380/warum-der-neue-vegane-supermarkt-in-wien-fuer-so-viel,317,5,101,4,1,1,1,FALSE
/story/2000138904121/asyl-aufnahmezentrum-traiskirchen-kratzt-an-kapazitaetsgrenze,251,4,131,3,1,1,1,FALSE
/story/2000138914517/bewohner-wundgelegen-und-unterernaehrt-schwere-missstaende-in-salzburger-pflegeheim,305,6,127,5,1,1,1,FALSE
/story/2000138935876/transphobe-ansichten-rowlings-neuer-krimi-heizt-debatte-wieder-an,143,2,209,1,1,1,1,FALSE
/story/2000138916399/zac-efron-spricht-ueber-ziemlich-schlimme-depression-bei-baywatch-training,24,4,42,3,1,1,1,FALSE
/story/2000138915884/luecken-bei-der-gis-orf-ringt-mit-ergebnis-2022-und,159,2,94,1,1,1,1,FALSE
/story/2000138934424/an-der-zukunftsfaehigkeit-von-gruenem-wasserstoff-gibt-es-zweifel,102,4,18,3,1,1,1,FALSE
/story/2000138903731/doomsday-gletscher-koennte-noch-schneller-abschmelzen-als-befuerchtet,42,5,15,4,1,1,1,FALSE
/story/2000138927856/verwaiste-pagoden-myanmar-und-das-ende-des-tourismus-traums,16,3,18,2,1,1,1,FALSE
/story/2000138904679/mautdie-strassen-der-zukunft,69,4,15,3,1,1,1,FALSE
/story/2000138887254/pure-am-praterstern-eroeffnet-veggielokal-am-brennpunkt,165,4,85,3,1,1,1,FALSE
/story/2000138937164/erdogans-drohung-mit-voelkermord,216,8,81,7,1,1,1,FALSE
/story/2000138905379/warum-wir-ueber-traurigkeit-reden-muessen,64,2,53,1,1,1,1,FALSE
/story/2000138913749/oevp-und-kanzleramt-stehen-nicht-ueber-dem-rechtsstaat,366,4,64,3,1,1,1,FALSE
/story/2000138899232/moral,207,3,66,2,1,1,1,FALSE
/story/2000138917461/leben-auf-dem-land-es-entsteht-eine-abwaertsspirale-wenn-frauen,106,6,65,5,1,1,1,FALSE
/story/2000138969841/enorme-lieferschwierigkeiten-bei-heizoel-in-oesterreich,258,5,64,4,1,1,1,FALSE
/story/2000138955350/bauernbund-praesident-konsumenten-greifen-zu-billigprodukten,125,5,40,4,1,1,1,FALSE
/story/2000138940939/oesterreichs-regierung-gegen-eu-vorschlag-fuer-preisobergrenze-bei-russischem-gas,270,6,48,5,1,1,1,FALSE
/story/2000138970628/landesweite-trauer-nach-dem-tod-der-queen-ausgerufen,122,5,28,4,2,1,0.5,TRUE
/story/2000138977139/signal-nach-europa-ukraine-draengt-russische-armee-bei-charkiw-zurueck,131,2,89,1,1,1,1,FALSE
/story/2000138975771/affaere-um-von-trump-entwendete-geheimakten-eskaliert,102,3,121,2,1,1,1,FALSE
/story/2000138954672/hat-das-commonwealth-unter-koenig-charles-iii-noch-eine-zukunft,174,5,34,4,2,1,0.5,TRUE
/story/2000138951070/wie-die-queen-langsam-aus-geldboersel-und-alltag-verschwinden-wird,59,3,67,2,1,1,1,FALSE
/story/2000138945925/operation-london-bridge-ist-mit-dem-tod-der-queen-angelaufen,107,8,55,7,1,1,1,FALSE
/story/2000138945370/queen-elizabeth-verstorben,944,3,138,2,1,1,1,FALSE
/story/2000138948397/charles-iii-ist-der-neue-koenig-von-grossbritannien-das-erwartet,334,7,64,6,1,1,1,FALSE
/story/2000138974449/klimabonus-oevp-sieht-rote-linie-ueberschritten-wenn-gruene-gesetz-nicht,602,5,164,4,1,1,1,FALSE
/story/2000138965403/ex-ministerin-kneissl-soll-in-planung-eines-schattengeheimdienstes-eingeweiht-gewesen,212,3,195,2,1,1,1,FALSE
/story/2000138937846/vp-tirol-chef-mattle-zu-weit-rechts-kann-und-will,136,5,17,4,2,1,0.5,TRUE
/story/2000138957976/plan-fuer-unabhaengigere-staatsanwaltschaft-steht-arbeitsgruppe-will-dreiersenate,28,5,15,4,1,1,1,FALSE
/story/2000138950825/was-steckt-hinter-dem-gemeinsamen-medientermin-von-rendi-wagner-und,330,4,52,3,1,1,1,FALSE
/story/2000138952681/landeshauptmann-wallners-auszeit-koennte-in-kuerze-enden,71,4,28,3,1,1,1,FALSE
/story/2000138976547/e-sim-plus-phishing-hacker-greifen-mit-perfidem-trick-oesterreichische,180,2,217,1,1,1,1,FALSE
/story/2000138944527/iphone-14-apples-ziemlich-problematischer-abschied-von-der-sim-karte,127,3,48,2,1,1,1,FALSE
/story/2000138970422/rapid-sieht-sich-vor-spiel-gegen-wac-im-aufwaertstrend,128,3,18,2,1,1,1,FALSE
/story/2000138955484/galatasaray-bestaetigt-sechs-millionen-euro-abloese-fuer-demir,201,6,47,5,1,1,1,FALSE
/story/2000138957475/porsche-formel-1-einstieg-bei-red-bull-racing-geplatzt,63,3,44,2,1,1,1,FALSE
/story/2000138937637/schummeln-am-schachbrett-weltmeister-carlsen-erhebt-schwere-vorwuerfe,191,4,104,3,1,1,1,FALSE
/story/2000138963842/757-000-dosen-des-angepassten-corona-impfstoffes-in-oesterreich-angekommen,51,3,18,2,1,1,1,FALSE
/story/2000138871884/gerichtsverfahren-um-schwerstbehinderte-minna-fuer-versicherung-leider-alternativlos,93,5,141,4,1,1,1,FALSE
/story/2000138959944/machtgefaelle-udnkolonialisierender-blick-auf-soziale-wirklichkeiten,152,7,29,6,1,1,1,FALSE
/story/2000138955713/die-queen-und-die-popkultur-ein-ambivalentes-verhaeltnis,37,4,17,3,3,1,0.333333333333333,TRUE
/story/2000138941315/schillernde-ausnahmefigur-jean-michel-basquiat-in-der-albertina,19,3,11,2,1,1,1,FALSE
/story/2000138951094/weltpremiere-von-ulrich-seidls-sparta-in-toronto-abgesagt,64,4,28,3,2,1,0.5,TRUE
/story/2000138818477/zeichen-der-zeit-wie-modelagenturen-arbeiten,35,3,17,2,1,1,1,FALSE
/story/2000138881713/single-mothers-by-choice-ohne-mann-zum-wunschkind,168,9,36,8,1,1,1,FALSE
/story/2000138922126/zehn-jahre-tinder-ihre-skurrilsten-und-schoensten-dating-geschichten,154,8,119,7,1,1,1,FALSE
/story/2000138895587/schuljause-wie-sah-diese-bei-ihnen-aus,230,4,57,3,1,1,1,FALSE
/story/2000138957307/tod-der-queen-ein-bisschen-traurig-ist-man-schon,54,4,12,3,2,1,0.5,TRUE
/story/2000138978373/hoehere-zinsen-teurere-kredite-wie-sich-die-ezb-auf-verbraucher,130,8,31,7,1,1,1,FALSE
/story/2000138965263/die-wahl-des-namens-keine-einfache-entscheidung-fuer-charles-iii,70,3,34,2,1,1,1,FALSE
/story/2000138984083/erste-rede-von-koenig-charles-iii-moegen-dich-engelscharen-zur,124,10,47,9,1,1,1,FALSE
/story/2000138992744/fpoe-blaest-in-tirol-zum-totalen-wahlkampf-kickl-will-bundeskanzler,539,2,79,1,1,1,1,FALSE
/story/2000138978090/bierernst-und-keine-reine-spasspartei,99,4,77,3,1,1,1,FALSE
/story/2000138990161/nach-sachslehners-ruecktritt-droht-der-oevp-eine-abspaltung-oder-rebellion,945,5,272,4,1,1,1,FALSE
/story/2000138987891/wer-laura-sachslehner-im-oevp-generalsekretariat-folgen-koennte,300,5,38,4,1,1,1,FALSE
/story/2000138967345/seehuetten-werden-zu-den-schlamms-von-rust,195,4,115,3,1,1,1,FALSE
/story/2000138985642/oevp-generalsekretaerin-laura-sachslehner-tritt-zurueck,2151,9,96,8,1,1,1,FALSE
/story/2000138987732/eine-raetselhafte-horrorfrau-spukt-durch-ki-generierte-bilder,131,5,45,4,1,1,1,FALSE
/story/2000138986722/wie-ein-warn-sms-einen-rolling-blackout-verhinderte,35,2,72,1,1,1,1,FALSE
/story/2000138985947/betreiber-von-ausbeuterischer-pornoseite-ist-unter-den-zehn-meistgesuchten-verbrechern,29,3,28,2,1,1,1,FALSE
/story/2000138992768/naechster-tiefschlag-fuer-rapid-13-zu-hause-gegen-wac,332,4,106,3,1,1,1,FALSE
/story/2000138992356/rose-traumstart-gegen-dortmund-bayern-in-der-mini-krise,35,4,55,3,1,1,1,FALSE
/story/2000138989181/eltern-bieten-belohnung-fuer-hinweise-auf-toten-bub-in-tirol,23,4,33,3,1,1,1,FALSE
/story/2000138987383/martin-ho-verlaesst-management-von-pratersauna-vie-i-pee-co,185,7,72,6,1,1,1,FALSE
/story/2000138989523/ulrich-seidls-sparta-am-dreh-beteiligte-weisen-vorwuerfe-zurueck,53,5,21,4,1,1,1,FALSE
/story/2000138933047/robbie-williams-ich-beleidige-nur-institutionen,23,3,21,2,1,1,1,FALSE
/story/2000138975422/wie-maechtig-ist-europa-wirklich,142,4,21,3,3,1,0.333333333333333,TRUE
/story/2000138974590/die-faelscher-von-veles-mit-fake-fotos-gegen-fake-news,26,4,12,3,1,1,1,FALSE
/story/2000138974549/wann-und-wo-sich-der-mensch-den-esel-erstmalsnutzbar-machte,20,1,29,0,1,1,1,FALSE
/story/2000138977359/fleckviehschau-oesterreich-sucht-die-superkuh,73,4,19,3,1,1,1,FALSE
/story/2000138970180/mein-vater-der-fuerst,77,3,40,2,1,1,1,FALSE
/story/2000138972822/teilzeitdebatte-muetter-unter-druck,80,6,81,5,1,1,1,FALSE
/story/2000138986585/sachslehner-ruecktrittin-der-sackgasse,325,4,87,3,1,1,1,FALSE
/story/2000138979070/der-populismus-darf-nicht-triumphieren,255,7,30,6,1,1,1,FALSE
/story/2000138978606/gottes-gnaden-werden-charles-iii-nicht-reichen,58,4,16,2,2,2,1,FALSE
/story/2000138987234/gruene-fordern-weniger-buerokratie-fuer-transpersonen,91,4,86,3,1,1,1,FALSE
/story/2000138998166/gewessler-will-19-grad-limit-in-oeffentlichen-gebaeuden-und-ein,683,6,83,5,1,1,1,FALSE
/story/2000139000256/tuerkisches-frachtschiff-in-der-aegaeis-beschossen,47,3,28,2,1,1,1,FALSE
/story/2000138999817/kneissl-sieht-energiekrise-von-europa-selbst-provoziert,189,5,37,4,1,1,1,FALSE
/story/2000138971111/faschismus-vorwurf-giorgia-meloni-und-die-brueder-italiens,138,1,103,0,1,1,1,FALSE
/story/2000138956928/themen-migration-und-kriminalitaet-ueberschatten-wahl-in-schweden,317,5,159,4,1,1,1,FALSE
/story/2000139004169/nach-sachslehner-ruecktritt-oevp-haelt-richtungsstreit-klein,206,5,33,4,1,1,1,FALSE
/story/2000139002067/tiroler-seilbahnchef-franz-hoerl-kritisiertideologiebesessenheit-der-gruenen,442,6,60,5,1,1,1,FALSE
/story/2000138898813/geburtstagskind-tinder-happy-swipe-to-you,48,4,20,3,2,1,0.5,TRUE
/story/2000139003885/arnautovic-schiesst-bologna-zu-erstem-saisonsieg,67,3,73,2,1,1,1,FALSE
/story/2000138996479/kiesenhofer-bei-vuelta-nach-150-km-solo-noch-eingeholt,31,4,31,3,1,1,1,FALSE
/story/2000138961826/die-frauen-von-afghanistan-hintergangen-und-im-stich-gelassen,82,5,77,4,1,1,1,FALSE
/story/2000139004333/die-entmuendigung,172,4,149,3,1,1,1,FALSE
/story/2000138999839/sachslehner-ruecktritt-der-blossgestellte-parteichef,420,6,73,5,1,1,1,FALSE
/story/2000139015932/preisbremse-macht-optima-kunden-von-wien-energie-unentspannt,170,6,30,5,1,1,1,FALSE
/story/2000139012048/langsamer-fahren-lueften-kuerzer-duschen-das-sind-die-energiespartipps-der,1113,5,342,4,1,1,1,FALSE
/story/2000139002249/hoelzerne-reserve-sollen-die-erzeuger-pellets-bevorraten-muessen,168,3,65,2,1,1,1,FALSE
/story/2000139027863/die-rechten-schwedendemokraten-sind-die-grossen-gewinner-der-wahl,144,4,116,3,1,1,1,FALSE
/story/2000139009968/giorgia-meloni-und-ihr-problem-mit-den-frauen,96,4,27,3,1,1,1,FALSE
/story/2000139006874/exit-polls-mitte-links-block-bei-wahl-in-schweden-vorn,357,6,152,5,1,1,1,FALSE
/story/2000139032430/stiller-frust-nach-rabiatem-abschied-von-laura-sachslehner,317,9,56,8,1,1,1,FALSE
/story/2000139010609/tiroler-oevp-bauernjugend-muss-816-000-euro-coronahilfe-zurueckzahlen,735,7,126,6,1,1,1,FALSE
/story/2000139017314/nach-kritik-von-fachleuten-sigmund-freud-privatuni-droht-ende-des,264,4,83,3,1,1,1,FALSE
/story/2000138959051/ein-leben-in-der-schule-zu-besuch-beim-schulwart-mit,29,3,35,2,1,1,1,FALSE
/story/2000139031998/ios-16-ist-da-diese-neuerungen-bringt-das-update-fuer,62,3,26,2,1,1,1,FALSE
/story/2000139018285/app-statt-sms-bank-austria-dreht-sms-tans-fuer-online,132,5,21,4,1,1,1,FALSE
/story/2000139027230/muster-ueber-tenniskoenig-alcaraz-er-kann-sich-ueberall-verbessern,31,6,23,5,1,1,1,FALSE
/story/2000139005189/betrugsvorwuerfe-was-hat-carlsen-in-der-hinterhand,204,3,104,2,1,1,1,FALSE
/story/2000139003764/katastrophenstimmung-und-chaos-in-huetteldorf-angst-essen-rapid-auf,364,3,109,2,1,1,1,FALSE
/story/2000139008023/wunderkind-am-ziel-alcaraz-gewinnt-us-open-und-ist-neue,101,5,31,3,2,2,1,FALSE
/story/2000139013822/autounfall-bei-illegalem-rennen-in-wien-unbeteiligte-frau-getoetet,748,6,156,5,1,1,1,FALSE
/story/2000139013272/prozess-um-unsportliches-ende-des-ausflugs-ins-fussballstadion,26,1,69,0,1,1,1,FALSE
/story/2000139016198/klimaschuetzer-blockierten-wiener-franz-josefs-kai,161,9,34,7,2,2,1,FALSE
/story/2000139010768/im-zentrum-spezial-zur-bundespraesidenten-wahlbizarre-runde-mit-elefant-im,653,4,96,3,1,1,1,FALSE
/story/2000138904984/orf-manager-prantner-zum-abschied-kampf-um-gis-legitimation-ist,88,5,49,4,1,1,1,FALSE
/story/2000139011525/legendaerer-schicksalsstein-wird-zur-kroenung-von-charles-iii-an-london,56,5,19,3,2,2,1,FALSE
/story/2000138818520/judith-holofernes-ich-stand-kurz-vor-dem-burnout,91,4,25,3,1,1,1,FALSE
/story/2000139022635/putin-in-bedraengnis,100,3,62,2,2,1,0.5,TRUE
/story/2000139020222/tv-duelle-zur-praesidentenwahl-van-der-bellen-soll-mitreden,346,3,45,2,1,1,1,FALSE
/story/2000139004784/arme-koennen-sich-klimaschutz-nicht-leisten,128,5,33,4,1,1,1,FALSE
/story/2000139070239/hitziger-streit-sollen-heizschwammerl-verboten-werden,530,6,87,5,1,1,1,FALSE
/story/2000139057041/regierung-einigt-sich-auf-modalitaeten-zur-kalten-progression,250,6,53,5,2,1,0.5,TRUE
/story/2000139029034/wie-norwegen-von-der-energiekrise-profitiert,57,2,29,0,2,2,1,FALSE
/story/2000139032452/keine-abholzung-mehr-fuer-europas-fleisch-kaffee-und-co,91,4,21,3,1,1,1,FALSE
/story/2000139035269/schwere-kaempfe-zwischen-aserbaidschan-und-armenien,72,4,24,3,2,1,0.5,TRUE
/story/2000139064111/vorsichtiger-optimismus-in-der-ukraine,108,4,116,3,1,1,1,FALSE
/story/2000139055429/serbiens-praesident-vucic-soll-neue-partei-mein-serbien-gruenden,15,1,4,0,3,1,0.333333333333333,TRUE
/story/2000139038739/mehrere-verhaftungen-wegen-monarchiekritik-rund-um-queen-trauer,136,5,38,4,1,1,1,FALSE
/story/2000139030535/gegenoffensivehat-sich-das-blatt-in-der-ukraine-gewendet,219,4,80,3,1,1,1,FALSE
/story/2000139026070/alleingelassen-mit-einer-fluechtlingsfamilie,183,7,59,6,1,1,1,FALSE
/story/2000139047491/ein-jahr-kpoe-buergermeisterin-in-graz-abgeblasene-revolution,154,5,71,4,1,1,1,FALSE
/story/2000139042307/unrechtmaessige-corona-hilfen-fuer-oevp-was-der-fall-jungbauern-bedeutet,420,4,89,3,1,1,1,FALSE
/story/2000139036526/beraterkosten-in-millionenhoehe-bei-krankenkassenfusion,293,3,74,2,1,1,1,FALSE
/story/2000138921097/mystery-boxen-im-media-markt-das-skurrile-geschaeft-mit-teuren,423,6,81,5,1,1,1,FALSE
/story/2000139043057/ios-16-ansturm-auf-grosses-update-laesst-apple-server-aechzen,32,3,7,2,2,1,0.5,TRUE
/story/2000138704191/flott-bis-fuerchterlich-so-fahren-sich-wiens-leih-e-scooter,124,4,68,3,1,1,1,FALSE
/story/2000139075822/zwei-tore-in-nachspielzeit-bescheren-sporting-sieg-gegen-tottenham,69,4,29,3,1,1,1,FALSE
/story/2000139053032/teamchef-rangnick-nominiert-erstmals-muhammed-cham,120,5,37,4,1,1,1,FALSE
/story/2000139028703/florian-grillitsch-bei-ajax-amsterdam-konkurrenz-und-einsatzchancen-was-erwartet,21,2,20,1,1,1,1,FALSE
/story/2000139050268/toedlicher-unfall-in-wien-lenker-bestreitet-autorennen,125,4,73,3,1,1,1,FALSE
/story/2000139026342/in-23-seidln-durch-wien-ein-selbstversuch-bei-dem-freud,459,2,183,1,1,1,1,FALSE
/story/2000139053504/alkolenker-in-kaernten-fuer-toetung-von-zwei-menschen-verurteilt,78,1,202,0,1,1,1,FALSE
/story/2000138834915/chemiewerk-an-der-donau-melker-kaempfen-gegen-saeurefabrik,157,6,41,5,1,1,1,FALSE
/story/2000139020026/wien-will-noch-heuer-neue-regeln-rund-um-leihscooter-praesentieren,134,3,36,2,2,1,0.5,TRUE
/story/2000139022081/die-haelfte-aller-gerodeten-regenwaldflaechen-wird-nie-zu-anbaugebiet,19,3,9,2,1,1,1,FALSE
/story/2000138882086/fuer-immer-das-kind,36,6,24,5,1,1,1,FALSE
/story/2000139059639/oevp-retour-zur-fpoe,172,4,32,3,1,1,1,FALSE
/story/2000138293241/willkommen-zum-neuen-forum-des-standard,1143,1,143,0,1,1,1,FALSE
/story/2000139040874/off-topic-forum-158,2578,1,27,0,1,1,1,FALSE
/story/2000139028385/die-sanktionen-wirken-aber-in-beide-richtungen,252,5,43,4,1,1,1,FALSE
/story/2000139028186/gott-schuetze-oesterreich,285,5,24,4,1,1,1,FALSE
/story/2000139024771/die-energiepreistreiber-und-ihre-ermoeglicher-vaeterchen-putin-lacht-sich-einen,183,4,36,3,1,1,1,FALSE
/story/2000139025328/kein-einiges-russland,49,2,131,1,1,1,1,FALSE
/story/2000139038399/sollen-toedliche-autorennen-mit-mord-geahndet-werden,338,4,37,3,1,1,1,FALSE
/story/2000139051953/frauen-muessen-sich-vor-abtreibung-in-ungarn-kuenftig-herztoene-des,102,3,60,2,1,1,1,FALSE
/story/2000139015102/neuverfilmung-von-arielle-schau-sie-ist-auch-schwarz,392,6,61,4,2,2,1,FALSE
/story/2000139098399/wksta-leitet-ermittlungsverfahren-im-zusammenhang-mitwien-energie-ein,264,3,55,2,1,1,1,FALSE
/story/2000139100180/viele-firmen-koennen-wegen-personalmangels-nicht-mehr-normal-wirtschaften,464,3,367,2,1,1,1,FALSE
/story/2000139091792/ex-kanzler-kern-uebernimmt-fuehrung-bei-european-locomotive-leasing,50,2,47,1,1,1,1,FALSE
/story/2000139071990/eu-ringt-um-entscheidung-ist-holz-ein-erneuerbarer-energietraeger,173,4,62,3,1,1,1,FALSE
/story/2000139051165/regierung-sieht-belege-fuer-wirksamkeit-der-russland-sanktionen-ohne-evaluierung,137,5,20,4,1,1,1,FALSE
/story/2000139105880/machtwechsel-in-schweden-regierungschefin-andersson-tritt-zurueck,248,4,115,3,1,1,1,FALSE
/story/2000139074601/indien-fordert-diamant-von-britischer-monarchie-zurueck,155,4,48,3,1,1,1,FALSE
/story/2000139080948/russland-schleuste-300-millionen-dollar-an-auslaendische-parteien-und-politiker,234,4,77,2,2,2,1,FALSE
/story/2000139081208/von-der-leyens-rede-zur-lage-der-union-es-steht,110,5,40,4,1,1,1,FALSE
/story/2000139077502/verstorbene-elizabeth-ii-wird-in-westminster-hall-aufgebahrt,36,5,20,4,1,1,1,FALSE
/story/2000139087461/neue-skandale-aus-vorarlberg-auftragsvergabe-am-rande-von-veranstaltung,341,2,238,1,1,1,1,FALSE
/story/2000139035730/grossflaechige-loeschungen-warum-die-wksta-so-viele-daten-aus-dem,111,3,95,2,1,1,1,FALSE
/story/2000139063803/tassilo-wallentin-kann-mit-starrer-parteiideologie-nichts-anfagen,268,5,56,4,1,1,1,FALSE
/story/2000139045996/luxusgueter-was-kostet-uns-der-strom-fuer-smartphone-konsole-und,334,6,106,5,1,1,1,FALSE
/story/2000139088535/hassposting-urteil-klimaaktivistin-neubauer-liess-konto-von-rechtem-autor-pfaenden,84,6,44,5,1,1,1,FALSE
/story/2000139103153/salzburg-schlaegt-chelsea-11,230,5,86,4,1,1,1,FALSE
/story/2000139103092/ac-milan-siegt-gegen-dinamo-zagreb-mit-31,33,3,16,2,1,1,1,FALSE
/story/2000139100674/26-jaehriger-fahrer-nach-autounfall-in-wien-enthaftet,336,2,102,1,1,1,1,FALSE
/story/2000139096060/kritik-an-polizei-nach-einsatz-auf-juengster-corona-demo-in,142,4,361,2,2,2,1,FALSE
/story/2000139089058/prozess-um-hitzige-diskussion-in-heissem-wartezimmer,22,3,23,2,1,1,1,FALSE
/story/2000139081230/doppelmord-in-wien-verdaechtiger-in-frankreich-festgenommen,44,4,99,3,1,1,1,FALSE
/story/2000139070622/polizei-schickt-asylsuchende-quer-durchs-land-viele-stranden-oder-verschwinden,256,8,87,7,1,1,1,FALSE
/story/2000139062485/philosophin-lisz-hirn-putin-droht-uns-mit-dem-digitalen-ende,41,1,26,0,1,1,1,FALSE
/story/2000139051436/buecher-als-geschenke-geht-das-bei-ihnen-gut,47,1,19,0,1,1,1,FALSE
/story/2000139077289/koproduzenten-suchen-distanz-zu-ulrich-seidls-produktionsfirma,145,7,30,5,2,2,1,FALSE
/story/2000139094754/wiener-mediendiskursstudie-der-standard-meistgenutzte-nachrichtenseite-hinter-hinter-orfat,41,3,21,2,1,1,1,FALSE
/story/2000138959009/das-sind-die-gefaehrlichsten-tauchspots-der-welt,87,4,50,3,1,1,1,FALSE
/story/2000138817808/im-test-grillkaese,62,4,23,3,1,1,1,FALSE
/story/2000139047959/der-oesterreichische-urlaubshunger-scheint-vorerst-gestillt,64,5,34,4,1,1,1,FALSE
/story/2000139090335/angeordnete-trauerbeflaggung-seltsames-fahnensignal-fuer-eine-tote-koenigin,262,3,68,2,1,1,1,FALSE
/story/2000138934777/quiz-wie-gross-sind-diese-europaeischen-staedte,89,5,15,4,1,1,1,FALSE
/story/2000139080191/proteste-gegen-charles-iii-er-bekommt-das-tausendfache-des-durchschnittlichen,124,6,28,5,1,1,1,FALSE
/story/2000139135781/china-setzt-auf-seine-hochtechnologie-als-neuen-wachstumstreiber,113,3,76,2,1,1,1,FALSE
/story/2000139119811/kritik-an-der-abschaffung-der-kalten-progression-von-mogelpackung-bis,128,4,34,2,2,2,1,FALSE
/story/2000139109807/patagonia-gruender-gibt-firma-ab-um-gewinne-fuer-kampf-gegen,43,2,77,1,1,1,1,FALSE
/story/2000139096870/aus-fuer-kalte-progression-wie-mehr-netto-vom-brutto-bleibt,248,4,71,3,1,1,1,FALSE
/story/2000139136032/eu-parlament-spricht-ungarn-demokratie-status-ab,155,4,78,3,1,1,1,FALSE
/story/2000139114275/china-und-russland-wollen-poroeses-buendnis-festigen,155,5,27,4,1,1,1,FALSE
/story/2000139110158/ukrainischer-praesident-selenskyj-bei-autounfall-nicht-ernsthaft-verletzt,20,4,23,2,2,2,1,FALSE
/story/2000139097884/wie-der-preisschock-joe-bidens-party-verdirbt,26,1,61,0,1,1,1,FALSE
/story/2000139131298/oevp-warnte-intern-schon-2020-dass-jungbauern-parteiverein-seien,210,3,93,2,1,1,1,FALSE
/story/2000139125981/gebi-mair-wir-gruenen-haben-viele-projekte-in-dieser-regierung,165,5,38,4,1,1,1,FALSE
/story/2000139109746/wie-die-unabhaengige-generalstaatsanwaltschaft-aussehen-soll,40,5,4,4,2,1,0.5,TRUE
/story/2000139094204/praesidentschaftskandidat-michael-brunner-das-ist-sicherlich-kein-staatsstreich,543,4,261,3,1,1,1,FALSE
/story/2000139126968/roger-federer-beendet-seine-tenniskarriere,264,4,62,3,1,1,1,FALSE
/story/2000139101993/ultratriathletin-alexandra-meixner-frau-ohne-grenzen,52,2,59,1,1,1,1,FALSE
/story/2000139115529/guardiola-analysiert-haaland-oh-mein-gott,37,1,48,0,1,1,1,FALSE
/story/2000139114502/salzburg-holt-den-naechsten-punkt-wir-mussten-echt-leiden,38,2,97,1,1,1,1,FALSE
/story/2000139125131/toedlicher-autounfall-in-wienvermutlich-kein-illegales-rennen,196,2,64,1,1,1,1,FALSE
/story/2000139126360/wiener-liniendiskriminierung-bei-semestertickets-verurteilt,95,3,72,2,1,1,1,FALSE
/story/2000139105349/27-jaehriger-polizist-bei-uebung-toedlich-verletzt,326,5,98,4,1,1,1,FALSE
/story/2000139102532/ozzy-osbourne-ein-glaubensbekenntnis-in-schwarz,47,4,14,2,2,2,1,FALSE
/story/2000139119254/tassilo-wallentin-bei-milborn-spezial-auf-puls-24-das-frauenbild,70,6,38,5,1,1,1,FALSE
/story/2000139111653/orf-politikchef-buerger-sagt-servus-tv-fans-er-schaue-auch,475,4,265,3,1,1,1,FALSE
/story/2000139083059/beste-comedy-serien-welche-bringen-sie-zum-lachen,176,4,26,3,1,1,1,FALSE
/story/2000139101689/naturschutz-hat-bedrohte-schmetterlinge-vor-dem-aussterben-bewahrt,8,1,7,0,1,1,1,FALSE
/story/2000139079827/unsterbliche-islandmuscheln-erzaehlen-vom-kippen-des-ozeans,16,2,44,1,1,1,1,FALSE
/story/2000139096988/pro-und-contra-e-bike,275,4,31,3,1,1,1,FALSE
/story/2000139017288/promis-farben-glitzer-das-war-die-new-york-fashion-week,36,2,11,1,1,1,1,FALSE
/story/2000139129352/causa-bauernbund-die-dreistigkeit-der-oevp,116,3,197,2,1,1,1,FALSE
/story/2000139083446/das-neue-rechts-kommt-auch-von-links,309,3,122,2,1,1,1,FALSE
/story/2000139101713/putin-hat-sich-verkalkuliert,180,2,395,1,1,1,1,FALSE
/story/2000139096241/katholische-kirche-kein-segen-fuer-den-sex,205,5,31,4,1,1,1,FALSE
/story/2000138918720/welche-woerter-schreiben-sie-immer-falsch,273,1,50,0,1,1,1,FALSE
/story/2000139039175/duerfen-frauen-altern,265,5,42,4,1,1,1,FALSE
/story/2000139092081/die-monarchin-schweigt-schoen,116,4,48,3,1,1,1,FALSE
/story/2000139114334/grosser-andrang-auf-caritas-lebensmittelausgaben-es-hilft-uns-zu-ueberleben,46,3,48,2,1,1,1,FALSE
/story/2000139142926/inflation-lag-im-august-bei-9-3-prozent,308,4,75,3,1,1,1,FALSE
/story/2000139133766/solarstrom-in-italien-im-land-der-sonnenguertel,62,2,117,1,1,1,1,FALSE
/story/2000139174430/gefluechtete-auf-millionaersinselstreit-ueber-zuwanderung-in-usa-eskaliert,149,1,141,0,1,1,1,FALSE
/story/2000139144493/massengrabfund-ueber-den-in-einem-waldstueck-haben-nach-ukrainischen-angaben,113,4,70,3,1,1,1,FALSE
/story/2000139165046/italien-nach-der-rekordduerre-die-sintflut,75,4,106,3,1,1,1,FALSE
/story/2000139140784/florida-schickte-migranten-auf-noble-us-insel-mit-mehrheitlich-demokratischen,143,5,62,4,1,1,1,FALSE
/story/2000139133997/muenchner-oktoberfest-die-wiesn-fuerchtet-corona-und-layla,330,3,125,2,1,1,1,FALSE
/story/2000139157593/kogler-fuer-einfachere-aenderung-des-geschlechts-am-amt-wuerde-zu,464,5,80,4,1,1,1,FALSE
/story/2000139164861/strache-ehe-gescheitert,399,3,144,2,1,1,1,FALSE
/story/2000139142740/tirols-oevp-spitzenkandidat-mattle-isst-eis-wie-ein-normaler,308,2,118,1,1,1,1,FALSE
/story/2000139141276/kampf-gegen-lehrermangel-neos-fordern-massnahmen-gegen-teilzeit-bei-lehrkraeften,259,8,64,7,1,1,1,FALSE
/story/2000139135497/warum-manche-den-teuerungsbonus-schon-haben-waehrend-andere-noch-warten,299,5,64,4,1,1,1,FALSE
/story/2000139149649/internet-spottet-tiroler-oevp-chef-isst-eis-wie-ein-ganz,102,3,67,2,1,1,1,FALSE
/story/2000139142594/blockchain-experte-bitcoin-ist-jetzt-das-umweltfeindliche-enfant-terrible,58,2,16,1,1,1,1,FALSE
/story/2000139145344/youtube-zwingt-nutzer-bis-zu-zehn-werbeclips-hintereinander-anzusehen,169,4,93,3,1,1,1,FALSE
/story/2000139094924/vienna-vikings-suchen-eine-neue-heimat-naechstes-kapitel-in-der,68,6,24,5,1,1,1,FALSE
/story/2000139125315/prozess-um-gewaltexzess-des-maskenverweigerers-in-der-strassenbahn,54,2,124,1,1,1,1,FALSE
/story/2000139146790/wiener-linien-verkaufen-vorerst-weiter-teurere-semestertickets-fuer-nichtwiener,153,7,27,6,1,1,1,FALSE
/story/2000139130242/warum-skandalregisseure-wie-ulrich-seidl-keine-carte-blanche-mehr-haben,158,7,41,6,1,1,1,FALSE
/story/2000139146568/orf-chefredakteur-schrom-erklaert-politikchef-buergers-auftritt-ueber-servus-tv,104,4,30,3,1,1,1,FALSE
/story/2000139143353/waagrechte-traenen-hofburg-kandidat-grosz-in-der-zib-2,418,5,52,4,1,1,1,FALSE
/story/2000139105327/die-rueckkehr-der-wiederkaeuenden-gaertner,20,4,18,3,1,1,1,FALSE
/story/2000139129567/kuscheln-ist-eine-gute-energiesparstrategie-zumindest-bei-gartenschlaefern,20,2,8,1,2,1,0.5,TRUE
/story/2000139124258/wissen-und-sex-ein-ambivalentes-verhaeltnis,50,1,76,0,1,1,1,FALSE
/story/2000139024453/cibo-colorato-bei-notruf-pizza,54,1,71,0,1,1,1,FALSE
/story/2000139142244/seapods-die-schwebenden-wohnkapseln-der-karibik,93,5,23,4,1,1,1,FALSE
/story/2000139144471/fall-seidl-die-oesterreichische-filmszene-ist-allzu-verhabert,119,2,43,1,1,1,1,FALSE
/story/2000139127088/wo-steht-oesterreich-beim-thema-rassismus,282,7,94,6,1,1,1,FALSE
/story/2000139132508/rettet-die-strassenbeleuchtung,230,7,62,6,1,1,1,FALSE
/story/2000139100557/die-geschichte-zweier-kolonisationen,119,5,33,4,1,1,1,FALSE
/story/2000139146062/tirol-traditionell-viel-sexismus,107,5,48,4,1,1,1,FALSE
/story/2000139151282/bringt-die-energiekrise-den-lockdown-2-0,22,2,23,1,1,1,1,FALSE
/story/2000139174470/wie-oesterreichs-erdgasspeicher-doch-noch-voll-werden-sollen,162,4,49,3,1,1,1,FALSE
/story/2000139190206/acht-enkel-hielten-totenwache-an-sarg,11,1,19,0,1,1,1,FALSE
/story/2000139185687/ueberraschungsbesuch-von-charles-und-william-in-schlange-fuer-queen,29,1,28,0,1,1,1,FALSE
/story/2000139189000/verwirrung-um-teilnahme-von-prinz-harry-am-staatsempfang,46,2,44,1,1,1,1,FALSE
/story/2000139174875/junge-iranerin-nach-verhaftung-durch-sittenpolizei-gestorben,157,4,105,3,1,1,1,FALSE
/story/2000139175351/der-sparsame-koenig-eine-woche-charles-iii,72,5,40,3,2,2,1,FALSE
/story/2000139171420/von-moskau-nachlyssytschansk-ihors-reise-in-die-heimat,51,2,36,1,1,1,1,FALSE
/story/2000139059809/wie-eine-infame-falschmeldung-bundespraesidentschaft,172,2,126,1,1,1,1,FALSE
/story/2000139181537/oegb-macht-mit-grossdemos-gegen-teuerung-mobil,665,4,102,3,1,1,1,FALSE
/story/2000139182903/kickl-tritt-bei-fpoe-bundesparteitag-zu-wiederwahl-an,390,2,185,1,1,1,1,FALSE
/story/2000139162400/karl-nehammer-und-die-dreigeteilte-oevp,220,4,79,3,1,1,1,FALSE
/story/2000139181862/umfrage-vor-bundespraesidentenwahl-sieht-van-der-bellen-bei-59-prozent,324,4,47,3,1,1,1,FALSE
/story/2000139172175/warum-junge-aus-dem-welterbe-wachau-wegziehen,134,3,90,1,2,2,1,FALSE
/story/2000139181075/hilft-beten-als-bundespraesident-kandidat-heinrich-staudinger-bei-martin-thuer,330,4,84,3,1,1,1,FALSE
/story/2000139174232/mediziner-edzard-ernst-charles-ist-zum-gespoett-der-wissenschaft-geworden,134,3,93,2,1,1,1,FALSE
/story/2000138507355/nach-der-karenz-mein-job-wurde-nie-mehr-wie-er,305,8,72,7,1,1,1,FALSE
/story/2000139167073/warum-schwurbler-und-scharlatane-erfolg-haben,411,3,447,2,1,1,1,FALSE
/story/2000139173970/in-die-ecke-gedraengt,114,4,139,3,1,1,1,FALSE
/story/2000139118653/vergesst-den-veggie-day-der-gruenen-so-essen-wir-kuenftig,244,3,70,2,1,1,1,FALSE
/story/2000139174210/zuschuesse-und-foerderungen-vollkasko-fuer-alle,290,3,45,2,1,1,1,FALSE
/story/2000139169554/dollar-bremst-bitcoin-krypto-winter-wird-nis-zur-kalte-jahreszeit,52,2,25,1,1,1,1,FALSE
/story/2000139175556/nahversorger-am-land-ich-kann-nicht-nur-fuer-strom-gas,204,3,94,2,1,1,1,FALSE
/story/2000139203435/kritik-an-koeniglicher-mythenmaschine-nach-dem-tod-der-queen,88,4,31,3,1,1,1,FALSE
/story/2000139192253/eu-kommission-will-ungarn-7-5-milliarden-euro-an-subventionen,508,4,112,3,1,1,1,FALSE
/story/2000139167647/moskau-und-peking-eine-lustlose-freundschaft,143,4,49,3,1,1,1,FALSE
/story/2000139199490/was-herbert-kickls-wahlergebnis-von-91-prozent-fuer-ihn-und,122,4,31,3,1,1,1,FALSE
/story/2000139191222/studienanfaenger-muessen-in-ersten-beiden-jahren-mindestens-16-ects-punkte,102,4,57,3,1,1,1,FALSE
/story/2000139204457/wunder-geschehen-rapid-erkaempft-remis-bei-salzburg,128,2,84,1,1,1,1,FALSE
/story/2000139191625/16-verletzte-bei-unfall-mit-schlepperfahrzeug-im-burgenland,118,1,158,0,1,1,1,FALSE
/story/2000139202402/enttaeuschte-skandalerwartung-ulrich-seidls-sparta-feiert-weltpremiere,123,3,53,2,1,1,1,FALSE
/story/2000139147807/1691-meter-mit-papa-wiener-buchhaendlerin-am-traunstein,67,2,47,1,1,1,1,FALSE
/story/2000139173905/der-klimawandel-macht-die-berge-gefaehrlicher,43,4,26,2,2,2,1,FALSE
/story/2000139202636/orban-mit-eu-recht-schlagen,89,3,52,2,1,1,1,FALSE
/story/2000139200644/thc-grenzwert-am-steuer-sinnvolle-unterscheidung,146,4,55,3,1,1,1,FALSE
/story/2000139196928/ein-bier-mit-kurz-und-kickl,370,2,112,1,1,1,1,FALSE
/story/2000139232567/gewessler-gibt-60-000-tonnen-diesel-aus-der-oelreserve-frei,54,3,27,2,1,1,1,FALSE
/story/2000139215319/verhandlungen-zum-metaller-kv-gewerkschaften-fordern-10-6-prozent-mehr,498,5,114,4,1,1,1,FALSE
/story/2000139214455/zwei-jahres-abschluss-der-metaller-koennte-inflation-eindaemmen,381,4,246,3,1,1,1,FALSE
/story/2000139199318/kampf-um-abgeltung-der-rekordinflation-beginnt,331,7,76,6,1,1,1,FALSE
/story/2000139212987/die-welt-verabschiedet-sich-von-queen-elizabeth-ii,91,5,30,4,1,1,1,FALSE
/story/2000139232764/die-welt-in-trauer-um-die-queen-vereint,67,5,20,4,1,1,1,FALSE
/story/2000139231548/alla-pugatschowa-ein-superstar-brueskiert-den-kreml-chef,54,5,59,4,1,1,1,FALSE
/story/2000139215058/missbrauchtrussland-fuer-den-ukraine-krieg-die-voelkermordkonvention,50,4,15,2,2,2,1,FALSE
/story/2000139202302/eine-beerdigung-historischen-ausmasses-queen-elizabeth-ii,60,4,19,3,1,1,1,FALSE
/story/2000139232686/gerhard-zatlokal-wiens-gruenster-roter-geht,95,6,45,5,3,1,0.333333333333333,TRUE
/story/2000139207906/bundesheer-verschwoerungstheoretikersoldaten-fuer-neutralitaet-marschieren-auf,392,6,82,5,1,1,1,FALSE
/story/2000139212891/neue-bundesschulsprecherin-fuer-eigenes-fach-demokratiebildung,113,5,17,4,2,1,0.5,TRUE
/story/2000139202143/black-voices-volksbegehren-startet-gegen-rassismus-aufstehen,421,8,121,6,2,2,1,FALSE
/story/2000139192148/neonazi-rapper-mr-bond-die-wirkungskraft-der-extremen-rechten,96,3,67,2,1,1,1,FALSE
/story/2000139218105/der-fall-gta-6-was-der-groesste-leak-der-games,44,5,14,4,1,1,1,FALSE
/story/2000139214567/airbnb-mieter-klagen-ueber-mehrarbeit-wie-rasenmaehen-und-waeschewaschen,113,6,43,5,1,1,1,FALSE
/story/2000139230979/sexueller-missbrauchsfall-an-wiener-schule-weitet-sich-aus,142,5,57,4,1,1,1,FALSE
/story/2000139211302/klimaschuetzer-klebten-sich-erneut-an-wiener-ringstrasse-fest,138,3,60,2,1,1,1,FALSE
/story/2000139200323/eine-reise-entlang-der-trockenen-donau-in-bildern,22,1,29,0,1,1,1,FALSE
/story/2000139206957/im-zentrum-auf-orf-2-ein-stromspargesetz-steht-wohl-vor,416,7,76,6,1,1,1,FALSE
/story/2000139196104/orf-general-weissmann-stimmt-seine-fuehrungskraefte-auf-grosse-gis-debatte,204,5,70,4,1,1,1,FALSE
/story/2000139214382/israel-unberuehrte-grabkammer-aus-zeit-von-ramses-ii-entdeckt,24,3,31,2,1,1,1,FALSE
/story/2000139155821/eine-neue-atomuhr-fuer-ganz-oesterreich,89,4,23,3,1,1,1,FALSE
/story/2000139196420/die-nosferatu-spinne-bewegt-sich-immer-weiter-richtung-norden,140,4,38,3,1,1,1,FALSE
/story/2000139157162/taxifahrer-ich-warte-gerne-bei-laufendem-taxameter,70,5,47,4,1,1,1,FALSE
/story/2000139210054/neuer-tgv-hochgeschwindigkeitszug-mit-laengerer-nase-und-mehr-komfort,52,5,23,4,1,1,1,FALSE
/story/2000139024998/wieso-heimische-tomaten-nicht-in-der-dose-landen,92,2,33,1,1,1,1,FALSE
/story/2000139232505/saftige-lohnerhoehungen-proim-sinne-der-arbeitnehmer,215,7,51,6,1,1,1,FALSE
/story/2000139202165/tirol-fehlendes-geschichtsbewusstsein,82,2,40,1,1,1,1,FALSE
/story/2000138739483/oesterreichs-politlandschaft-droht-ein-super-gau,151,6,24,5,1,1,1,FALSE
/story/2000139124114/welche-hoffnung-werden-sie-niemals-aufgeben,104,1,49,0,1,1,1,FALSE
/story/2000139264601/oesterreichs-hotellerie-steht-mit-dem-ruecken-zur-wand,81,4,53,3,1,1,1,FALSE
/story/2000139244334/deutsche-gasumlage-wackelt-habeck-aeusserte-bedenken,50,6,18,5,2,1,0.5,TRUE
/story/2000139246880/realloehne-duerften-heuer-um-fast-vier-prozent-sinken,55,1,40,0,1,1,1,FALSE
/story/2000139227466/wie-kremser-nachbarn-gemeinsam-strom-produzieren-und-damit-gebuehren-sparen,46,3,26,2,1,1,1,FALSE
/story/2000139259857/deutschlands-linke-in-schweren-turbulenzen,159,2,48,1,1,1,1,FALSE
/story/2000139263865/erdogan-fordert-von-russland-die-rueckgabe-der-krim,157,6,52,5,1,1,1,FALSE
/story/2000139263389/un-generalsekretaer-guterresunsere-welt-ist-wie-gelaehmt,100,7,26,6,1,1,1,FALSE
/story/2000138655368/hunderttausende-rohingya-leben-staatenlos-in-ueberfuellten-fluechtlingslagern,20,1,63,0,1,1,1,FALSE
/story/2000139240347/an-die-100-fragen-beeinsprucht-der-abwehrkampf-der-oevp-im,130,4,56,3,1,1,1,FALSE
/story/2000139243263/gutachten-stellen-ausuebung-von-notkompetenz-durch-ludwig-infrage,140,4,61,3,1,1,1,FALSE
/story/2000139248193/hofburg-kandidat-staudinger-praesident-wird-eh-der-van-der-bellen,358,10,45,9,1,1,1,FALSE
/story/2000139230479/georg-dornauer-spoe-wird-nicht-steigbuegelhalter-fuer-zerruettete-oevp,152,4,27,3,1,1,1,FALSE
/story/2000139237281/lehrplaene-fuer-lehrervertreter-teils-unleserlich-und-nicht-umsetzbar,107,4,29,3,1,1,1,FALSE
/story/2000139160670/windows-11-2022-microsofts-naechstes-grosses-update-ist-da,85,5,22,4,1,1,1,FALSE
/story/2000139242470/airlines-sind-die-groessten-abnehmer-alter-floppy-disks,70,6,32,5,1,1,1,FALSE
/story/2000139241660/iphone-14-deutlich-leichter-zu-reparieren-aber-mit-gaehnender-leere,18,3,7,1,2,2,1,FALSE
/story/2000139217139/blackouts-verhaftungen-und-simpsons-qanon-juenger-erwarten-am-24-september,194,3,116,2,1,1,1,FALSE
/story/2000139228039/frauen-gehen-leer-aus-finanzierungen-fuer-start-ups-weiterhin-dem,135,5,41,4,2,1,0.5,TRUE
/story/2000139264007/der-architekt-bleibt-salzburg-sportdirektor-freund-hat-chelsea-abgesagt,96,6,69,5,1,1,1,FALSE
/story/2000139263034/marko-arnautovic-rekordler-in-spe-ich-bin-nicht-der-groesste,73,5,67,4,1,1,1,FALSE
/story/2000139232325/frankreichs-irritationen-der-zerzauste-hahn,31,3,27,2,1,1,1,FALSE
/story/2000139239707/naechste-runde-im-schach-theater-carlsen-gibt-gegen-niemann-sofort,163,6,43,5,1,1,1,FALSE
/story/2000139229774/wozu-ein-tch-grenzwert-fuers-autofahren-wenn-cannabis-doch-illegal,348,5,87,4,1,1,1,FALSE
/story/2000139238741/das-unausweichliche-verschwinden-der-pasterze,51,3,13,2,1,1,1,FALSE
/story/2000139228079/wilde-wiener-wiesn-ex-betreiber-kritisiert-freunderlwirtschaft,232,4,86,3,1,1,1,FALSE
/story/2000139241507/koenigspinguin-kueken-im-wiener-tiergarten-schoenbrunn-geschluepft,14,1,19,0,1,1,1,FALSE
/story/2000139219385/nachwuchshoffnung-christoph-fritz-ein-nerd-mit-sozialen-defiziten,37,2,22,1,1,1,1,FALSE
/story/2000139250737/unhaltbare-vorwuerfe-orf-redakteursrat-und-im-zentrum-wehren-sich-gegen,123,5,71,4,1,1,1,FALSE
/story/2000139241187/kolumnist-im-vorhof-der-machttassilo-wallentin-im-orf-in-der,420,3,91,2,1,1,1,FALSE
/story/2000139213757/christian-wehrschuetz-wenn-alles-ein-massaker-ist-ist-nichts-ein,324,6,51,5,1,1,1,FALSE
/story/2000139241467/rotfuchs-erstmals-beim-karpfenfischen-gefilmt,54,3,46,0,3,3,1,FALSE
/story/2000139240963/freiwasserschwimmen-gluehwuermchen-im-kaiserwasser,31,1,30,0,1,1,1,FALSE
/story/2000139225884/die-lehren-aus-der-belgrader-europride,52,3,25,2,2,1,0.5,TRUE
/story/2000139225353/vormarsch-der-rechtspopulisten,118,3,46,2,1,1,1,FALSE
/story/2000139251272/skandal-in-der-schachwelt-wurde-der-weltmeister-betrogen,28,5,5,4,1,1,1,FALSE
/story/2000139296432/ohne-sparanstrengung-wird-der-winter-ungemuetlich-und-hart,225,6,55,5,1,1,1,FALSE
/story/2000139095816/bargeld-experte-scott-bar-zahlen-ist-politischer-widerstand,219,5,65,4,1,1,1,FALSE
/story/2000139301552/run-auf-flugtickets-nach-befehl-zur-teilmobilmachung-in-russland,18,5,19,4,2,1,0.5,TRUE
/story/2000139297393/was-wladimir-putins-teilmobilmachung-bedeutet,327,4,122,3,1,1,1,FALSE
/story/2000139273419/putin-beruft-300-000-reservisten-in-den-krieg-gegen-die,898,5,322,4,1,1,1,FALSE
/story/2000139255179/warum-die-menschen-in-italien-giorgia-meloni-waehlen,125,5,40,4,1,1,1,FALSE
/story/2000139268946/gewessler-in-den-usainspiriert-von-bernies-energie,97,1,45,0,1,1,1,FALSE
/story/2000139296738/postler-pfleger-paedagogin-dominik-wlazny-praesentierte-personenkomitee,169,3,363,2,1,1,1,FALSE
/story/2000139294337/warum-gewessler-den-klimabonus-auszahlt-und-nicht-das-finanzressort,93,3,38,2,1,1,1,FALSE
/story/2000139261747/aufruhr-im-laendle-viel-geld-fuer-agentur-mit-draht-ins,309,6,45,4,3,2,0.666666666666667,TRUE
/story/2000139272785/gemeinderat-zu-wien-energie-hanke-versteht-die-welt-nicht-mehr,113,4,34,3,1,1,1,FALSE
/story/2000139264187/countdown-zur-landtagswahl-warum-in-tirol-alles-anders-werden-kann,175,2,62,1,1,1,1,FALSE
/story/2000139290847/drachenlord-meldet-sich-zurueck-bin-nicht-besiegt-und-die-jagd,157,3,99,2,1,1,1,FALSE
/story/2000139252846/iphone-14-pro-im-test-sauteuer-aber-auch-saugut,108,5,25,4,2,1,0.5,TRUE
/story/2000139286501/eine-letzte-chance-nach-der-schlaegerei-auf-dem-fussballfeld,154,8,67,7,1,1,1,FALSE
/story/2000139276470/fc-zuerich-entliess-frueheren-oefb-teamchef-franco-foda,204,4,114,3,1,1,1,FALSE
/story/2000139274329/emir-von-katar-wm-fans-ohne-diskriminierung-willkommen,32,4,17,3,1,1,1,FALSE
/story/2000139278230/schwerer-unfall-in-wiener-operngasse-lkw-erfasste-fahrradfahrerin,150,5,128,4,1,1,1,FALSE
/story/2000139274178/chef-der-oberoesterreichischen-aerztekammer-testen-war-nicht-der-richtige-weg,153,6,27,5,2,1,0.5,TRUE
/story/2000139281339/was-die-massenstrandung-von-walen-in-tasmanien-ausgeloest-haben-koennte,22,4,12,3,1,1,1,FALSE
/story/2000139253018/die-nasa-raumsonde-dart-soll-bald-frontal-in-einen-asteroiden,38,3,15,2,1,1,1,FALSE
/story/2000139213859/ist-ein-leben-ohne-dirndl-und-lederhose-noch-moeglich,304,7,40,6,1,1,1,FALSE
/story/2000139297790/putins-teilmobilisierung-gefaehrlicher-mut-der-verzweiflung,81,7,44,6,1,1,1,FALSE
/story/2000139281317/was-denkt-die-mehrheit-der-russinnen-und-russen-ueber-den,38,3,37,2,1,1,1,FALSE
/story/2000139292523/der-krieg-kommt-nach-hause,92,6,19,5,1,1,1,FALSE
/story/2000139262107/coronas-anfang-vom-ende,95,2,78,1,1,1,1,FALSE
/story/2000139261770/causa-agrargemeinschaften-renitente-tiroler-burschen,113,6,38,5,1,1,1,FALSE
/story/2000139266119/wie-leicht-soll-das-geschlecht-veraenderbar-sein,323,7,52,6,1,1,1,FALSE
/story/2000139272539/russlandexperte-mangottputin-will-mit-taktischen-nuklearwaffen-den-westen-abschrecken,100,4,44,3,2,1,0.5,TRUE
/story/2000139322527/energiekostenzuschuss-nur-ohne-heizschwammerln-oder-flutlicht,371,4,108,3,1,1,1,FALSE
/story/2000139300689/verlangt-die-gewerkschaft-zu-hohe-loehne-weil-sie-das-wachstum,477,4,105,3,1,1,1,FALSE
/story/2000139302423/nach-teilmobilmachung-ueber-1-300-festnahmen-bei-demos-und-run,389,8,117,6,2,2,1,FALSE
/story/2000139305469/schnell-erklaert-wieso-der-iran-erneut-in-der-krise-steckt,46,2,58,1,1,1,1,FALSE
/story/2000139308310/biden-macht-putin-vor-un-vollversammlung-persoenlich-verantwortlich,38,4,13,3,1,1,1,FALSE
/story/2000139295384/loechrige-front-bei-der-un-vollversammlung-gegen-russland,174,2,341,1,1,1,1,FALSE
/story/2000139272369/wahlgesetz-in-italien-warum-giorgia-meloni-so-oder-so-gewinnen,73,4,34,3,2,1,0.5,TRUE
/story/2000139301909/selenskyj-fordert-in-uno-rede-sondertribunal-gegen-russland,35,2,21,1,1,1,1,FALSE
/story/2000139326899/heer-will-mehr-frauen-ins-ausland-senden,46,3,26,2,1,1,1,FALSE
/story/2000139303377/mehr-als-56-000-asylantraege-von-jaenner-bis-ende-august,165,4,129,3,1,1,1,FALSE
/story/2000139307247/gemeindebund-empoert-ueber-glatten-angriff-rauchs-zum-thema-flaechenwidmung,309,4,62,3,1,1,1,FALSE
/story/2000139252009/die-grosse-uebersicht-der-antiteuerungsmassnahmen-in-bund-und-laendern,230,4,75,3,1,1,1,FALSE
/story/2000139307398/der-tod-des-gifs-wir-sind-einfach-zu-uncool,180,4,167,3,1,1,1,FALSE
/story/2000139294362/investmentpunk-work-life-balance-ist-der-gerade-weg-in-die,625,8,96,7,2,1,0.5,TRUE
/story/2000139307943/flucht-aus-russland-webcamaufnahmen-zeigen-keine-staus-an-finnischer-grenze,112,3,51,2,2,1,0.5,TRUE
/story/2000139291487/gefaehrlicher-tiktok-trendhuhn-in-hustensaft-kochen,166,4,54,3,1,1,1,FALSE
/story/2000139278329/paper-von-google-forscher-fortgeschrittene-ki-wuerde-wohl-die-menschheit,229,5,30,4,1,1,1,FALSE
/story/2000139339702/oesterreich-verliert-in-frankreich-02,195,3,51,2,1,1,1,FALSE
/story/2000139305902/carlsen-heizt-an-leute-koennen-eigene-schluesse-ziehen,129,5,48,4,1,1,1,FALSE
/story/2000139326671/visafreiheit-in-serbien-pusht-asylantraege-in-oesterreich,121,6,74,5,1,1,1,FALSE
/story/2000139302271/prozess-gegen-15-personen-wegen-vorgetaeuschten-corona-impfungen,57,6,25,5,2,1,0.5,TRUE
/story/2000139311070/24-jaehriger-soll-in-tirol-versucht-haben-frau-mit-messer,54,1,84,0,1,1,1,FALSE
/story/2000139297435/burgschauspieler-bless-amada-theater-spricht-zu-kleine-gruppe-an,70,2,85,1,1,1,1,FALSE
/story/2000139327206/orf-halbiert-textangebot-auf-blauer-seite-orfat-mehr-video-und,172,2,92,1,2,1,0.5,TRUE
/story/2000139306958/nicht-uebermaessig-nervoes-werden-aussenminister-schallenberg-in-der-zib-2,72,8,12,7,3,1,0.333333333333333,TRUE
/story/2000139296307/ein-mann-und-sein-auto-gegen-das-unrecht-40-jahre,136,3,111,2,1,1,1,FALSE
/story/2000139290907/albtraeume-koennten-vorboten-von-demenz-sein,43,3,32,2,1,1,1,FALSE
/story/2000139303301/grossteil-der-230-in-tasmanien-gestrandeten-grindwale-verendet,12,2,2,1,1,1,1,FALSE
/story/2000139306428/ringe-des-neptun-in-aussergewoehnlicher-klarheit-eingefangen,25,4,16,3,1,1,1,FALSE
/story/2000139303029/neue-studie-long-covid-patienten-haben-offenbar-autoimmunerkrankung,60,4,35,3,1,1,1,FALSE
/story/2000139296716/der-groesste-organismus-der-erde-zerfaellt,35,2,31,1,1,1,1,FALSE
/story/2000139309266/wie-ein-wiener-in-russland-als-actionheldzum-star-wurde,46,7,23,6,1,1,1,FALSE
/story/2000139270738/iphone-photography-awards-die-oscars-der-handyfotografie,23,5,20,4,2,1,0.5,TRUE
/story/2000139331357/putins-rationaler-wahnsinn,213,1,160,0,1,1,1,FALSE
/story/2000139287959/neue-lehrplaene-schwerfaellige-reform-mit-schmerzhaften-luecken,51,3,13,2,1,1,1,FALSE
/story/2000139305779/was-meint-putin-wenn-er-sagt-ich-bluffe-nicht,138,3,30,2,2,1,0.5,TRUE
/story/2000139330667/joschka-fischer-putin-hatte-bei-gas-willige-helfer-im-westen,189,4,52,3,1,1,1,FALSE
/story/2000139371915/putins-schritte-der-verzweiflung,93,4,41,3,1,1,1,FALSE
/story/2000139349708/russischer-oppositioneller-youtuber-alle-glauben-ihr-nachbar-sei-pro-putin,59,6,34,5,1,1,1,FALSE
/story/2000139366370/teilmobilmachung-in-russland-die-angst-der-reservisten,360,3,259,2,1,1,1,FALSE
/story/2000139334352/start-der-umstrittenen-referenden-mitten-im-ukrainischen-kriegsgebiet,150,4,68,3,1,1,1,FALSE
/story/2000139374877/michael-brunner-und-ein-kasperltheater-am-laaer-berg,115,5,37,4,1,1,1,FALSE
/story/2000139346740/chef-der-salzburger-gruenen-wirft-das-handtuch,67,3,28,2,1,1,1,FALSE
/story/2000139332988/wie-populistisch-ist-die-spoe,445,7,46,6,2,1,0.5,TRUE
/story/2000139342352/edtstadler-sieht-bei-konzept-fuer-generalstaatsanwalt-demokratiefreien-raum,311,2,146,1,1,1,1,FALSE
/story/2000139331821/wksta-kritisiert-kanzleramt-wegen-nicht-gelieferter-daten-deutlich,139,6,48,5,1,1,1,FALSE
/story/2000139272768/wie-stark-die-handytarife-in-zukunft-steigen-koennten,83,4,42,3,1,1,1,FALSE
/story/2000139331493/roger-federer-spielt-beim-laver-cup-sein-letztes-match-maestro,38,3,33,2,1,1,1,FALSE
/story/2000139347625/protest-15-spanische-fussball-nationalspielerinnen-erklaeren-ruecktritt,52,1,172,0,1,1,1,FALSE
/story/2000139348317/kurzer-transferweg-von-salzburg-nach-leipzig-verdammt-schwer-diese-spieler,19,1,21,0,1,1,1,FALSE
/story/2000139335589/hans-niemann-verdaechtigtes-wunderkind-am-schachbrett,110,3,37,2,1,1,1,FALSE
/story/2000139353571/grazer-kpoe-bekennt-sich-nicht-zu-russland-sanktionen,723,3,459,2,1,1,1,FALSE
/story/2000139370927/freispruch-fuer-gottfried-waldhaeusl-in-der-causa-drasenhofen,132,3,73,2,1,1,1,FALSE
/story/2000139341949/fridays-for-future-demonstrieren-fuer-klimaschutz-und-energiewende,307,9,34,8,1,1,1,FALSE
/story/2000139342219/freisprueche-fuer-waldhaeusl-und-mitangeklagte-in-st-poelten,120,4,29,3,2,1,0.5,TRUE
/story/2000139350209/75-euro-tarif-fuer-wiener-studententicket-wackelt-immer-mehr,73,3,23,2,1,1,1,FALSE
/story/2000139345115/gruene-zeigen-leitung-der-baupolizei-wegen-sportprojekts-beim-prater-an,120,3,94,2,1,1,1,FALSE
/story/2000139343204/traiskirchen-voellig-ueberfuellt-ngos-fordern-sofortmassnahmen,152,2,109,1,1,1,1,FALSE
/story/2000139342971/neue-omikron-subvariante-bj1-prognose-zur-weiteren-ausbreitung-laut-gecko,48,1,40,0,1,1,1,FALSE
/story/2000139342694/systemumfragen-kreisky-russland-sanktionen-hofburg-kandidat-michael-brunner-in-der,121,4,74,3,1,1,1,FALSE
/story/2000139317498/tierische-energiesparstrategie-fuer-den-winter-hirnschrumpfung,90,3,14,2,2,1,0.5,TRUE
/story/2000139337996/adam-levines-affaerendrama-geht-in-die-naechste-runde,84,8,32,7,1,1,1,FALSE
/story/2000139307884/youtuber-rund-um-den-haarverlust-hat-sich-eine-industrie-gebildet,208,5,57,4,1,1,1,FALSE
/story/2000139254306/graefin-am-naschmarkt-welches-lokal-tritt-in-ihre-kulinarischen-fussstapfen,166,6,83,5,2,1,0.5,TRUE
/story/2000139055296/die-ideale-schlafsituation-fuer-sie-als-paar,133,4,47,3,2,1,0.5,TRUE
/story/2000139360644/tragoedie-und-farce,156,1,308,0,1,1,1,FALSE
/story/2000139357327/generalstaatsanwaltschaft-die-justiz-ist-politisch,107,3,22,2,1,1,1,FALSE
/story/2000139341349/julia-shaw-ueber-bisexualitaet-warum-entscheiden-und-vielleicht-nuancen-verlieren,119,5,48,3,2,2,1,FALSE
/story/2000139370617/nichts-fuer-schwache-nerven-wie-bananenbauern-gegen-die-krise-kaempfen,25,2,34,1,1,1,1,FALSE
/story/2000139384866/fiskalrat-chef-christoph-badelt-regierung-soll-treffsicherer-foerdern,68,3,11,2,2,1,0.5,TRUE
/story/2000139373546/zwoelf-dinge-bei-denen-wir-im-dunklen-tappen,350,6,45,5,1,1,1,FALSE
/story/2000139387869/putin-setzt-gesetz-ueber-strafen-fuer-deserteure-in-kraft,69,4,42,3,1,1,1,FALSE
/story/2000139369201/italien-wie-es-waehlt-und-lebt-zwischen-meer-mafia-politik,83,3,43,2,1,1,1,FALSE
/story/2000139380939/irans-innenminister-polizei-nicht-fuer-tod-von-mahsa-amini-verantwortlich,82,4,65,3,1,1,1,FALSE
/story/2000139364824/aller-herren-raender-wie-ungewissheit-die-politischen-raender-staerkt,209,5,45,4,1,1,1,FALSE
/story/2000139387893/weinwandertag-bundespraesident-und-buergermeister-besteigen-wiener-hausberg,237,3,72,2,1,1,1,FALSE
/story/2000139358485/sein-sie-der-mattle-tiroler-wahlkampf-in-der-zielgeraden,156,3,68,2,1,1,1,FALSE
/story/2000139307793/tails-das-ultimative-system-fuer-die-privatsphaere,39,3,19,2,1,1,1,FALSE
/story/2000139384384/rueckschlag-fuer-deutschland-vor-der-wm-wer-soll-die-tore,47,3,9,2,3,1,0.333333333333333,TRUE
/story/2000139383912/federeres-ende-einer-perfekten-reise-ich-wuerde-es-genauso-noch,33,3,30,2,1,1,1,FALSE
/story/2000139379045/federer-verliert-letztes-karriere-match-mit-nadal,73,11,31,10,2,1,0.5,TRUE
/story/2000139386533/8-321-corona-neuinfektionen-in-oesterreich-trend-zeigt-nach-oben,75,5,32,4,2,1,0.5,TRUE
/story/2000139381794/mann-mit-machete-versetzte-gaeste-in-wiener-innenstadtlokal-in-angst,68,3,53,2,1,1,1,FALSE
/story/2000139369925/die-documenta-endet-endlich-was-ist-schief-gelaufen,52,4,23,3,1,1,1,FALSE
/story/2000139366495/jeff-bridges-ueber-seine-rolle-in-the-old-man-altwerden,38,4,22,3,1,1,1,FALSE
/story/2000139378693/fpoe-liess-orf-satiriker-peter-klien-nicht-zum-parteitag-habt,142,10,50,9,1,1,1,FALSE
/story/2000139371976/wie-ein-nerd-die-aegyptischen-hieroglyphen-entzifferte,37,3,31,2,1,1,1,FALSE
/story/2000139024605/absinth-die-gruene-fee-ist-zurueck,96,3,108,2,1,1,1,FALSE
/story/2000139322104/la-tesla-vita-mit-dem-e-auto-nach-italien,92,2,55,1,1,1,1,FALSE
/story/2000139208950/die-schoensten-urlaubsfotos-unserer-userinnen-und-user-der-woche,16,1,17,0,1,1,1,FALSE
/story/2000139363473/putins-furcht-vor-der-schrumpfenden-nation,217,9,86,8,1,1,1,FALSE
/story/2000139367601/italiens-rechte-vor-wahlsieg-deplatzierter-fatalismus,47,2,39,1,1,1,1,FALSE
/story/2000139363676/heilung-fuer-ein-vielgeprueftes-oesterreich,77,2,41,1,1,1,1,FALSE
/story/2000139379169/nach-waldhaeusls-freispruch-gezielte-verunsicherung-junger-fluechtlinge,192,4,117,3,1,1,1,FALSE
/story/2000139366842/oesterreichs-unsympathische-seite,337,7,47,6,1,1,1,FALSE
/story/2000139324005/wie-rechtsradikal-sind-van-der-bellens-rivalen,140,5,33,4,2,1,0.5,TRUE
/story/2000139330307/nukleare-drohungen-teilmobilisierung-broeckelt-putins-macht-oder-ist-er-gefaehrlicher,82,5,19,4,2,1,0.5,TRUE
/story/2000139400679/agenda-austria-knackpunkt-der-kalten-progression-bei-3-150-euro,105,5,31,3,2,2,1,FALSE
/story/2000139394276/eklat-deutscher-energiemanager-begleitet-scheinreferendenwahlbeobachter-bei,62,4,27,3,1,1,1,FALSE
/story/2000139367196/wie-steigende-zinsen-gegen-die-inflation-helfen-sollen,85,4,34,3,1,1,1,FALSE
/story/2000139393347/proteste-im-iran-setzen-sich-fort-gewalt-nimmt-laut-augenzeugen,57,3,50,2,1,1,1,FALSE
/story/2000139394649/social-media-geruechte-um-absetzung-von-chinas-staaatschef-xijinping,144,6,57,4,2,2,1,FALSE
/story/2000139392123/suedkoreanische-armee-nordkorea-feuerte-rakete-ab,18,2,11,1,1,1,1,FALSE
/story/2000139391913/russischer-angriff-auf-odessa-die-drohnen-der-mullahs,131,4,66,3,1,1,1,FALSE
/story/2000139392247/zahl-der-toten-nach-fluechtlingsunglueck-vor-syrien-auf-94-gestiegen,13,1,46,0,1,1,1,FALSE
/story/2000139363652/russland-kennerin-belton-palastrevolte-gegen-putin-ist-moeglich,208,5,78,4,1,1,1,FALSE
/story/2000139357836/italien-vor-den-wahlen-gewinnt-giorgia-meloni-wird-italien-dann,202,3,91,2,1,1,1,FALSE
/story/2000139401086/wahltagsbefragung-neben-der-teuerung-gab-es-in-tirol-kaum-ein,212,7,38,6,1,1,1,FALSE
/story/2000139326631/die-aktuellen-ergebnisse-der-tiroler-landtagswahl,259,7,48,6,1,1,1,FALSE
/story/2000139369387/megaprojekt-im-kaunertal-warum-die-oevp-bei-den-tirol-wahlen,277,5,43,4,1,1,1,FALSE
/story/2000139408409/abstieg-mit-anstand-oesterreich-verliert-gegen-kroatien-13,218,4,75,3,1,1,1,FALSE
/story/2000139402500/vienna-vikings-kroenen-sich-zum-champion-in-der-european-league,65,4,46,3,2,1,0.5,TRUE
/story/2000139393543/eliud-kipchoge-laeuft-in-berlin-marathon-weltrekord,83,4,51,3,1,1,1,FALSE
/story/2000139393051/binder-holt-mit-ktm-in-motegi-platz-zwei-miller-gewinnt,6,2,3,1,1,1,1,FALSE
/story/2000139392522/oesterreich-greift-gegen-kroaten-nach-inoffiziellem-wm-titel,43,3,14,2,1,1,1,FALSE
/story/2000139403263/mehrere-demonstrationen-gegen-iranische-regierung-in-wien,42,3,62,2,1,1,1,FALSE
/story/2000139395165/zwei-frauen-starben-bei-klettertour-in-der-steiermark,48,4,82,3,1,1,1,FALSE
/story/2000139365004/hanno-loewy-kampagne-deutscher-medien-gegen-die-documenta,76,3,26,2,1,1,1,FALSE
/story/2000139373702/von-wegen-rabeneltern-das-bunte-verhalten-der-sozialen-kolkraben,32,4,18,3,1,1,1,FALSE
/story/2000139364864/menschliches-gehoer-funktioniert-anders-als-gedacht,30,3,17,2,1,1,1,FALSE
/story/2000139352678/wir-jungen-das-leben-ein-pfusch,157,6,69,5,1,1,1,FALSE
/story/2000139409100/donnergrollen-ueber-italien,240,4,101,3,1,1,1,FALSE
/story/2000139403661/feiern-im-tiroler-sturzflug,206,7,59,6,1,1,1,FALSE
/story/2000139405760/tirol-wahlein-denkzettel-fuer-die-bundesregierung,91,5,46,4,1,1,1,FALSE
/story/2000139375199/tiroler-landtagswahlen-ich-habe-das-vertrauen-verloren,80,6,37,5,1,1,1,FALSE
/story/2000139435639/schweizer-kuerzen-schweizerinnen-die-pension,169,4,95,3,1,1,1,FALSE
/story/2000139436594/britisches-pfund-stuerzt-weiter-ab,56,1,84,0,1,1,1,FALSE
/story/2000139433520/rechtsruck-kommt-italiens-steuerzahler-teuer-zu-stehen,72,5,34,4,1,1,1,FALSE
/story/2000139376586/us-oekonom-joseph-stiglitz-inflation-resultiert-aus-wirtschaftlichen-flaschenhaelsen,133,3,64,2,1,1,1,FALSE
/story/2000139401981/wenig-anreize-in-oesterreich-fuer-nachtstrom-enthusiasten,82,4,34,3,1,1,1,FALSE
/story/2000139399230/ruf-nach-obergrenze-fuer-vermoegen-zur-rettung-der-demokratie,376,8,52,7,1,1,1,FALSE
/story/2000139437222/mehrheit-der-kubaner-stimmte-fuer-die-homo-ehe,23,1,20,0,1,1,1,FALSE
/story/2000139433639/iran-attackiert-usa-wegen-massenprotesten,46,3,25,2,1,1,1,FALSE
/story/2000139423631/erneute-protestwahl-sorgt-fuer-dramatischen-rechtsruck-in-italien,389,5,87,4,1,1,1,FALSE
/story/2000139419819/deutscher-kanzler-scholz-positiv-auf-corona-getestet,20,3,6,2,1,1,1,FALSE
/story/2000139411336/schweizerinnen-und-schweizer-stimmten-fuer-hoeheres-frauen-pensionsalter,49,5,32,4,1,1,1,FALSE
/story/2000139410367/ernst-dziedzic-spricht-von-gravierenden-menschenrechtsverletzungen-auf-der-balkanroute,76,4,86,3,1,1,1,FALSE
/story/2000139403603/kaum-eine-wahl-bei-putins-scheinabstimmungen-in-der-ukraine,93,5,79,4,1,1,1,FALSE
/story/2000139409354/italien-wahl-giorgia-meloni-sorgt-mit-fratelli-ditalia-fuer-zeitenwende,155,5,47,4,1,1,1,FALSE
/story/2000139437590/fuer-tirols-spoe-koennte-sich-die-tuer-zur-regierung-bald,126,5,26,4,1,1,1,FALSE
/story/2000139418693/volksbegehren-vier-initiativen-bereits-bei-ueber-100-000-unterschriften,249,7,122,5,2,2,1,FALSE
/story/2000139442352/einen-triumph-darf-niemand-feiern-was-die-tirol-wahl-den,83,3,24,2,1,1,1,FALSE
/story/2000139436051/warum-die-wahlumfragen-in-tirol-danebenlagen,198,5,39,4,1,1,1,FALSE
/story/2000139406297/tirol-wahl-die-hochburgen-und-talfahrten-der-parteien,54,4,21,3,1,1,1,FALSE
/story/2000139328517/airpods-pro-2-im-test-man-hoert-kein-rauschen-mehr,72,2,21,1,1,1,1,FALSE
/story/2000139369526/wie-pixel-binning-die-smartphone-fotografie-revolutionieren-soll-und-was,69,3,47,2,1,1,1,FALSE
/story/2000139443870/nach-schach-eklat-carlsen-wirft-niemann-erstmals-konkret-betrug-vor,282,2,160,1,1,1,1,FALSE
/story/2000139426263/oefb-teamchef-rangnick-sieht-viel-licht-und-etwas-schatten,65,2,72,1,1,1,1,FALSE
/story/2000139415326/60-bravouroese-minuten-und-ein-fehlendes-alzerl,84,3,39,2,1,1,1,FALSE
/story/2000139443672/prozessauftakt-um-getoetete-13-jaehrige-in-wien-donaustadt,35,5,49,4,1,1,1,FALSE
/story/2000139432766/stadt-wien-praesentiert-energiesparmassnahmen-eistraum-am-pruefstand,116,5,85,4,1,1,1,FALSE
/story/2000139413072/frau-tot-in-wohnung-aufgefunden-verdaechtiger-gestaendig-u-haft-beantragt,42,4,35,3,1,1,1,FALSE
/story/2000139442200/wanda-keyboarder-christian-hummer-verstorben,83,3,255,2,1,1,1,FALSE
/story/2000139344919/es-gab-schon-mal-eine-bierpartei-marco-pogos-historisches-vorbild,102,5,52,4,1,1,1,FALSE
/story/2000139414278/eine-nur-mit-schall-betriebene-kamera-soll-die-meere-erforschen,19,2,11,0,2,2,1,FALSE
/story/2000139357247/oesterreichs-versaeumnisse-beim-artenschutz,31,6,8,3,3,3,1,FALSE
/story/2000139360479/erste-bilder-des-webb-teleskops-bis-zum-anfang-der-zeit,64,2,123,1,1,1,1,FALSE
/story/2000139416669/ein-hoch-auf-das-sardellenbrot,96,3,59,2,1,1,1,FALSE
/story/2000139371674/wenn-sich-frauen-fuer-ein-leben-ohne-kinder-entscheiden,364,7,90,6,1,1,1,FALSE
/story/2000139309799/welche-mitreisenden-im-flugzeug-am-meisten-nerven,238,6,71,5,1,1,1,FALSE
/story/2000139433579/rechte-abenteuer-mit-giorgia-meloni,164,1,159,0,1,1,1,FALSE
/story/2000139432019/realitaetsverweigerung,159,3,87,2,1,1,1,FALSE
/story/2000139429909/nach-der-landtagswahl-von-den-tirolern-lernen,117,1,41,0,1,1,1,FALSE
/story/2000139404275/droht-ein-massiver-konjunktureinbruch,170,5,55,4,2,1,0.5,TRUE
/story/2000139403286/unruhen-im-iran-der-krug-geht-zum-brunnen,33,2,73,1,1,1,1,FALSE
/story/2000139306681/meri-disoski-nur-pensionssplitting-reicht-nicht,120,2,50,1,1,1,1,FALSE
/story/2000139414412/russischer-ex-offizier-flieht-vor-mobilmachung-es-widert-mich-an,53,3,76,2,1,1,1,FALSE
/story/2000139456506/omv-und-republik-oesterreich-beteiligen-sich-nicht-an-hilfsaktion-jemen,108,5,29,4,1,1,1,FALSE
/story/2000139439930/wie-ein-eu-leitfaden-der-ersatz-riskanter-pestizide-verhindert,39,4,10,3,1,1,1,FALSE
/story/2000139438550/ezb-chefoekonom-lane-loehne-werden-mit-der-inflation-nicht-schritt,644,4,372,3,1,1,1,FALSE
/story/2000139445394/druckprobleme-legen-ostsee-pipelines-nord-stream-1-und-2-lahm,1084,6,92,5,1,1,1,FALSE
/story/2000139416497/mindestens-15-tote-bei-amoklauf-in-schule-im-westen-russlands,79,3,58,2,1,1,1,FALSE
/story/2000139474364/volksbegehren-bargeld-bewegte-mehr-als-rassismus,257,2,126,1,1,1,1,FALSE
/story/2000139472201/alexander-van-der-bellen-ich-fuehle-mich-reifer-als-je,448,3,80,2,1,1,1,FALSE
/story/2000139456483/ermittlungen-gegen-fpoe-politiker-hafenecker-wegen-gefaelschter-covid-zertifikate,349,3,86,2,1,1,1,FALSE
/story/2000139426308/identitaerer-als-fpoe-tuersteher-und-ein-kuessel-mann-als-leibwaechter,401,6,59,5,1,1,1,FALSE
/story/2000139441199/rosenkranz-kandidatur-schlaglicht-auf-politisch-abhaengige-volksanwaltschaft,97,5,23,4,1,1,1,FALSE
/story/2000139434764/zwist-um-frage-ob-minister-totschnig-wirklich-minister-ist,138,5,32,4,1,1,1,FALSE
/story/2000139417763/protokolle-von-eltern-kinder-auf-instagram-zeigen-ja-oder-nein,103,6,15,5,2,1,0.5,TRUE
/story/2000139473183/betrugsvorwuerfe-im-schach-die-phalanx-gegen-niemann-wird-breiter,133,2,77,1,1,1,1,FALSE
/story/2000139427537/gak-ikone-savo-ekmecic-ich-kenne-jeden-fan-persoenlich,42,6,40,5,1,1,1,FALSE
/story/2000139477253/oberoesterreicher-gestand-toetung-von-escort-dame-und-nennt-streit-um,70,6,60,5,1,1,1,FALSE
/story/2000139473996/ominoese-erzaehlungen-zum-prozessstart-im-fall-um-die-getoetete-13,147,5,141,4,1,1,1,FALSE
/story/2000139426496/mehr-als-nur-verkleiden-faszination-cosplay,70,5,37,4,1,1,1,FALSE
/story/2000139405720/liebeskummer-expertin-das-leben-ist-eine-aneinanderreihung-von-trennungen,74,1,54,0,1,1,1,FALSE
/story/2000139456366/prozess-um-getoetete-13-jaehrige-leonie-am-dienstag-in-wien,27,3,51,2,1,1,1,FALSE
/story/2000139449995/bis-zu-150-migranten-harrten-nachts-bei-wiener-hauptbahnhof-aus,185,2,128,1,1,1,1,FALSE
/story/2000139447251/brutaler-tod-junger-frau-anwalt-erhebt-vorwuerfe-gegen-die-polizei,257,4,82,3,1,1,1,FALSE
/story/2000139471198/beliebte-bronzen-hamburg-beschliesst-eigentumsuebertragung-der-benin-bronzen,8,1,20,0,1,1,1,FALSE
/story/2000139344381/daniel-kehlmann-ploetzlich-so-voll-hass-und-so-verunsichert,34,3,17,2,1,1,1,FALSE
/story/2000139445354/hellsehen-mit-walter-rosenkranz-hofburg-anwaerter-bei-martin-thuer-in,103,4,51,3,2,1,0.5,TRUE
/story/2000139448495/gis-abschaffen-364-348-unterstuetzten-volksbegehren-regierung-arbeitet-an-gis,279,4,140,3,1,1,1,FALSE
/story/2000139439823/unsere-fehler-wie-viel-quadratmeter-wasser-verbraucht-ein-heizschwammerl,29,4,18,3,1,1,1,FALSE
/story/2000139409280/das-giftige-erbe-der-maya-das-bis-heute-krank-macht,70,3,79,2,1,1,1,FALSE
/story/2000139420460/heute-nacht-soll-ein-asteroid-aus-seiner-bahn-geschossen-worden,176,3,55,2,1,1,1,FALSE
/story/2000139447625/die-besten-und-die-schlechtesten-airlines-der-welt,66,3,24,2,1,1,1,FALSE
/story/2000139471472/scheitern-der-black-voices-der-ball-liegt-nun-bei-der,349,8,133,7,1,1,1,FALSE
/story/2000139364886/keine-angst-warum-wir-freiraeume-brauchen,38,1,15,0,1,1,1,FALSE
/story/2000139488043/1-3-milliarden-und-keine-heizschwammerln-regierung-fixiert-energiehilfen-fuer,525,6,53,5,1,1,1,FALSE
/story/2000139465140/energiesparen-auf-die-harte-tour-die-naechsten-zwei-jahre-werden,205,6,75,5,1,1,1,FALSE
/story/2000139499396/sohn-des-letzten-schahs-regierung-im-iran-duerfte-bald-gestuerzt,89,4,58,3,1,1,1,FALSE
/story/2000139497876/deutscher-experte-sieht-russland-hinter-anschlag-auf-nord-stream-pipelines,936,4,53,3,1,1,1,FALSE
/story/2000139471690/keine-weggefaehrtinnen-warum-le-pen-und-meloni-nicht-miteinander-koennen,81,7,22,6,1,1,1,FALSE
/story/2000139477516/widerstand-gegen-rekrutierung-in-dagestan,69,5,73,4,1,1,1,FALSE
/story/2000139481229/dominik-wlazny-unverbraucht-und-unabhaengig-in-der-zib2,108,6,53,5,1,1,1,FALSE
/story/2000139484409/deepfakes-eine-neue-aera-der-taeuschung-steht-bevor,59,2,28,0,2,2,1,FALSE
/story/2000139479709/geld-oder-gutschein-das-ewige-kreuz-mit-dem-klimabonus,197,6,31,5,1,1,1,FALSE
/story/2000139510982/grossmeister-cornette-kein-zweifel-niemann-ist-ein-sehr-starker-spieler,77,2,50,1,1,1,1,FALSE
/story/2000139470796/in-der-turnhalle-missbraucht-und-dann-alleingelassen,53,7,22,6,2,1,0.5,TRUE
/story/2000139514096/doch-kein-gestaendnis-am-zweiten-prozesstag-im-fall-der-getoeteten,156,2,181,1,1,1,1,FALSE
/story/2000139329280/krisengewinner-prepping-industriedas-geschaeft-mit-der-unsicherheit,57,6,12,5,1,1,1,FALSE
/story/2000139360418/100-stunden-blackout-ein-selbstversuch,200,7,51,6,1,1,1,FALSE
/story/2000139081168/oesterreicher-tauschen-jaehrlich-zwei-millionen-schilling-in-euro-um,124,5,23,4,1,1,1,FALSE
/story/2000139495471/gis-geraeteabgabe-wuerde-laut-orf-chef-bedeuten-internetanschluss-gebuehrenpflichtig-machen,379,4,129,3,1,1,1,FALSE
/story/2000139466101/richard-david-precht-und-harald-welzer-erregung-ueber-erregte-medien,181,3,61,2,1,1,1,FALSE
/story/2000139481413/couragierter-satiriker-mit-rechercheschwaechedominik-wlazny-in-der-zib-2,570,6,187,5,1,1,1,FALSE
/story/2000139465789/moderate-kaffeetrinker-koennen-sich-ueber-diese-neue-studie-freuen,56,4,17,3,1,1,1,FALSE
/story/2000139443848/wie-kann-das-fliegen-gruener-werden,76,5,17,3,2,2,1,FALSE
/story/2000139458886/peinliche-kindersager-welcher-hat-sie-schon-in-verlegenheit-gebracht,405,4,255,3,1,1,1,FALSE
/story/2000139516425/1-3-milliarden-energiehilfe-fuer-unternehmen-vollkasko-mentalitaet-laesst-gruessen,230,3,72,2,1,1,1,FALSE
/story/2000139469983/rechtspopulisten-das-europa-das-sie-meinen,164,4,27,3,1,1,1,FALSE
/story/2000139465314/putin-einst-und-in-zukunft,134,6,65,5,1,1,1,FALSE
/story/2000139473347/ist-jetzt-der-richtige-zeitpunkt-zu-investieren,50,6,20,5,1,1,1,FALSE
/story/2000139509554/homeoffice-was-bleibt-von-der-neuen-arbeitswelt-nach-der-pandemie,56,3,38,2,1,1,1,FALSE
/story/2000139513538/steigende-zinsen-aufsicht-warnt-kreditnehmer-vor-zu-viel-risiko,83,3,45,2,1,1,1,FALSE
/story/2000139518053/gratistage-oder-widerspruch-letzte-frist-fuer-kunden-von-wien-energie,69,6,20,5,1,1,1,FALSE
/story/2000139551239/putin-eskaliert-mit-annexionen-den-krieg,71,3,37,2,2,1,0.5,TRUE
/story/2000139534747/nord-stream-nato-vermutet-sabotage-kreml-spricht-von-terrorismus,411,2,75,1,1,1,1,FALSE
/story/2000139528636/telefonate-russischer-soldaten-zeigen-chaos-in-armee-und-indizien-fuer,149,5,109,4,1,1,1,FALSE
/story/2000139507133/militaerexperte-servent-putin-koennte-das-kriegsrecht-ausrufen,187,5,77,4,1,1,1,FALSE
/story/2000139468791/es-brodelt-in-russlands-hinterhof,152,4,136,3,1,1,1,FALSE
/story/2000139523833/raffinerie-schwechat-unfall-koennte-sabotage-gewesen-sein,333,4,40,3,1,1,1,FALSE
/story/2000139487807/gruenes-nachwuchstalent-wird-stadtraetin,142,2,71,1,1,1,1,FALSE
/story/2000139518326/marco-pogo-praesidentschafts-punk-in-st-poelten,154,4,74,3,1,1,1,FALSE
/story/2000139528090/edward-snowdens-ehefrau-teilt-akt-und-kinderfotos-im-social-web,239,3,85,2,1,1,1,FALSE
/story/2000139503891/dorfromantik-ein-spiel-wie-ein-urlaub-in-den-bergen,39,4,10,3,1,1,1,FALSE
/story/2000139504106/alexa-siri-und-co-koennten-der-entwicklung-von-kindern-schaden,73,5,17,4,1,1,1,FALSE
/story/2000139555225/schach-weltverband-will-ermittlungen-nach-betrugsvorwuerfen-einleiten,80,4,41,3,1,1,1,FALSE
/story/2000139544500/sport-club-frauen-kicken-fuer-den-guten-zweck,13,2,32,1,1,1,1,FALSE
/story/2000139538045/erster-auf-panini-bild-verewigter-spieler-gestorben,16,3,21,2,1,1,1,FALSE
/story/2000139537389/verletzungs-zahlen-im-spitzenfussball-schnellen-in-die-hoehe,51,3,37,2,1,1,1,FALSE
/story/2000139547155/gruenen-politikerin-darf-nicht-an-lesbian-conference-teilnehmen,171,5,55,4,1,1,1,FALSE
/story/2000139546963/frage-und-antwort-was-hinter-den-grenzkontrollen-zur-slowakei-steckt,93,3,57,2,1,1,1,FALSE
/story/2000139548021/getoetete-13-jaehrige-leonie-hatte-dreifach-toedliche-ecstasy-dosis-im,114,4,118,3,1,1,1,FALSE
/story/2000139533260/lobautunnel-bleibt-trotz-pruefung-weiter-als-teil-der-s1-imstrassengesetz,210,4,38,3,1,1,1,FALSE
/story/2000139521646/us-rapper-coolio-im-alter-von-59-jahren-gestorben,96,4,55,3,1,1,1,FALSE
/story/2000139527438/staudingers-steile-these-bei-milborn-die-cia-stecke-hinter-der,328,5,82,4,1,1,1,FALSE
/story/2000139536238/erstmals-wurde-ein-polarwolf-erfolgreich-geklont,29,4,9,3,2,1,0.5,TRUE
/story/2000139526088/neue-hoffnung-fuer-tiger-population-um-40-prozent-gestiegen,28,3,14,2,1,1,1,FALSE
/story/2000139478096/deutsches-forschungsteam-verkostet-rund-140-jahre-altes-bier,77,4,34,3,1,1,1,FALSE
/story/2000139521354/schoenbrunn-hat-ein-neues-noch-namenloses-koalababy,27,3,13,2,1,1,1,FALSE
/story/2000139148023/radfahren-novelle-mit-fragwuerdigen-verbesserungen,112,6,33,5,1,1,1,FALSE
/story/2000139464286/graue-haare-es-muss-nicht-alles-ein-statement-sein,134,5,54,4,1,1,1,FALSE
/story/2000139577560/kpmg-bescheinigt-der-wien-energie-solide-finanzen,114,2,47,1,1,1,1,FALSE
/story/2000139550600/10-5-prozent-inflation-im-september-schon-zweistellig,457,4,149,3,1,1,1,FALSE
/story/2000139550094/union-auf-sparflamme-wie-europa-seinen-energieverbrauch-zu-drosseln-versucht,159,5,72,4,1,1,1,FALSE
/story/2000139544929/der-gewaltige-flurschaden-von-pekings-null-covid-politik,55,6,28,5,1,1,1,FALSE
/story/2000139590116/selenskyj-reagiert-auf-putins-annexionsversuch-mit-eilantrag-auf-nato-beitritt,331,6,100,5,1,1,1,FALSE
/story/2000139557734/polizei-19-tote-bei-anschlag-auf-bildungseinrichtung-in-kabul,7,1,30,0,1,1,1,FALSE
/story/2000139573447/teilmobilmachung-veraengstigt-laut-umfrage-jeden-zweiten-russen,80,5,15,4,2,1,0.5,TRUE
/story/2000139552288/sorge-vor-moeglicher-pro-kreml-koalition-in-bulgarien,35,1,37,0,2,1,0.5,TRUE
/story/2000139580786/kuessel-kamerad-als-security-mann-bei-van-der-bellen-veranstaltung,192,5,74,4,1,1,1,FALSE
/story/2000139560326/mfg-bundesgeschaeftsfuehrer-gerhard-poettler-tritt-aus-partei-aus,341,4,73,3,1,1,1,FALSE
/story/2000139522832/vor-bundespraesidentenwahl-optimismus-in-oesterreich-auf-bisherigem-tiefststand,165,1,45,0,1,1,1,FALSE
/story/2000139544207/youtube-premium-nie-wieder-moebelhaeuser-und-investmentpunks,291,3,82,2,1,1,1,FALSE
/story/2000139530771/franzoesisches-neonazi-forum-startet-dreckiger-jude-wettbewerb,104,4,78,3,1,1,1,FALSE
/story/2000139586328/trotz-beweisvideo-keine-reue-im-fall-der-getoeteten-13-jaehrigen,207,7,100,6,1,1,1,FALSE
/story/2000139575564/ansturm-auf-die-post-wie-zur-weihnachtszeit,94,5,62,4,1,1,1,FALSE
/story/2000139564583/linz-ermoeglicht-abbiegen-bei-rot-fuer-radfahrende-wien-prueft-zehn,159,5,31,4,1,1,1,FALSE
/story/2000139539746/russland-als-sterbendes-reich-der-geburtsschrei-einer-neuen-welt,46,4,33,3,1,1,1,FALSE
/story/2000139560466/bruce-willis-verkauft-rechte-an-seiner-digitalen-persona,55,4,17,3,1,1,1,FALSE
/story/2000139561284/thurnher-fm4,533,5,120,4,1,1,1,FALSE
/story/2000139569800/oe1-muss-900-000-euro-einsparen-zeit-ton-jazz-radiohund,330,8,141,7,1,1,1,FALSE
/story/2000139559302/abschied-von-the-daily-show-trevor-noah-hoert-auf,33,4,38,3,1,1,1,FALSE
/story/2000139568719/liebeshormon-repariert-herzschaeden,25,3,15,2,1,1,1,FALSE
/story/2000139561381/die-gletscherschmelze-in-oesterreich-hat-sich-heuer-verdoppelt,16,1,6,0,1,1,1,FALSE
/story/2000139516186/warum-zeckenstiche-so-gefaehrlich-sind,81,5,34,4,1,1,1,FALSE
/story/2000139541977/staedte-sind-vom-klimawandel-deutlich-staerker-betroffen-als-das-land,59,3,23,2,1,1,1,FALSE
/story/2000139531107/oelindustrie-setzt-mehr-methan-frei-als-bisher-bekannt-war,81,6,8,5,2,1,0.5,TRUE
/story/2000139571671/oeffi-wear-die-wiener-linien-machen-jetzt-college-mode,92,5,39,4,1,1,1,FALSE
/story/2000139536074/erfinderschicksal-franz-koenigs-heissestes-eisen,28,5,8,2,3,3,1,FALSE
/story/2000139587112/das-ist-die-handschrift-des-kgb,383,4,54,3,1,1,1,FALSE
/story/2000139462065/vorbereitung-auf-den-langen-krieg,123,5,33,4,1,1,1,FALSE
/story/2000139550052/steckt-oesterreich-wieder-in-einer-fluechtlingskrise,180,6,80,5,1,1,1,FALSE
/story/2000139543063/der-schnitt-als-symbol,69,7,40,6,1,1,1,FALSE
/story/2000139560426/putin-ueber-annexion-weil-dies-der-wille-von-millionen-von,82,2,33,1,2,1,0.5,TRUE
/story/2000139537893/protest-und-flucht-russische-buerger-lehnen-sich-auf,57,5,70,4,1,1,1,FALSE
/story/2000139599558/gazprom-gastransit-durch-oesterreich-nach-italien-ausgesetzt,101,3,110,2,1,1,1,FALSE
/story/2000139587359/ktm-fahrrad-chefin-ein-e-bike-ist-umweltfreundlicher-als-ein,151,3,86,2,1,1,1,FALSE
/story/2000139583842/putins-albtraumwaffetom,281,2,148,1,1,1,1,FALSE
/story/2000139573621/mafia-kontakte-und-verhaltensgestoerte-erstaunliche-texte-der-hofburg-kandidaten,231,4,50,2,2,2,1,FALSE
/story/2000139597514/ich-betatsche-frauen-mit-grossen-bruesten-apple-manager-fliegt-nach,208,3,99,2,1,1,1,FALSE
/story/2000139596730/damit-sich-endlich-etwas-aendert-deutscher-handballprofi-outet-sich,15,2,20,1,1,1,1,FALSE
/story/2000139596172/toetung-von-escort-dame-polizei-fuhr-zu-falscher-adresse,118,2,212,1,1,1,1,FALSE
/story/2000139598898/ulrich-seidl-familien-werfen-mir-nichts-mehr-vor,55,3,34,2,1,1,1,FALSE
/story/2000139478562/trinkwasser-so-ausgekluegelt-wie-ein-wuestenkaefer-sammeln,15,2,6,1,1,1,1,FALSE
/story/2000139582348/die-undenkbare-praesidentinsind-das-die-wahlen-die-wir-verdienen,396,2,110,1,1,1,1,FALSE
/story/2000139588419/das-abc-der-herbstlohnrunde,81,4,57,3,1,1,1,FALSE
/story/2000139609746/spanien-macht-ernst-mit-reichensteuer,156,4,113,3,1,1,1,FALSE
/story/2000139609131/bewohner-der-suedukrainischen-region-mykolajiw-das-ist-kein-leben,31,4,111,3,1,1,1,FALSE
/story/2000139606007/kehrtwende-vor-klimagipfel-koenig-charles-handelt-auf-anraten-der-regierung,173,6,56,5,1,1,1,FALSE
/story/2000139606716/karas-in-kiew-wer-die-sanktionen-infrage-stellt-betreibt-putins,235,3,43,2,1,1,1,FALSE
/story/2000139605504/das-erste-ergebnis-der-wahl-im-burgenland,76,3,104,2,1,1,1,FALSE
/story/2000139537698/warum-8k-weniger-dumm-ist-als-es-klingt,332,3,147,2,1,1,1,FALSE
/story/2000139610098/63-haaland-und-foden-in-historischem-manchester-derby-ueberragend,80,4,75,3,1,1,1,FALSE
/story/2000139603368/massenpanik-nach-traenengaseinsatz-mehr-als-hundert-tote-bei-fussballmatch-in,128,3,53,2,1,1,1,FALSE
/story/2000139605228/oesterreichische-triathletinnen-beim-training-in-jordanien-mit-steinen-beworfen,160,7,63,5,2,2,1,FALSE
/story/2000139589851/warum-belgrad-ein-einfallstor-fuer-migration-in-die-eu-ist,374,3,148,2,1,1,1,FALSE
/story/2000139609175/kunstuniversitaet-laedt-umstrittenen-israelkritiker-fuer-vortrag-ein,64,5,25,4,1,1,1,FALSE
/story/2000139557157/raus-aus-russland-viele-intellektuelle-kommen-nach-tiflis,43,2,55,1,1,1,1,FALSE
/story/2000139612261/hubble-koennte-gerettet-werden,14,4,10,3,2,1,0.5,TRUE
/story/2000139262417/salzkrebse-verblueffen-mit-faszinierender-fortpflanzung,9,1,33,0,1,1,1,FALSE
/story/2000139012338/champagnerhaendler-mein-geschaeft-spielt-sich-in-einer-bubble-ab,48,2,61,1,1,1,1,FALSE
/story/2000139612463/erneuerbaren-ausbau-was-ist-schon-haesslich,97,4,45,3,1,1,1,FALSE
/story/2000139558060/sarah-diehl-alleinsein-ist-stark-mit-scham-besetzt,105,5,43,4,1,1,1,FALSE
/story/2000139517262/koennen-wir-uns-heizschwammerln-und-beschneite-skipisten-in-der-energiekrise,288,3,194,2,1,1,1,FALSE
/story/2000139624350/weniger-inflation-warum-sinken-in-der-schweiz-die-preise,197,5,55,4,1,1,1,FALSE
/story/2000139610224/auch-in-zeiten-hoher-lebensmittelpreise-landen-viele-lebensmittel-im-muell,226,4,57,3,1,1,1,FALSE
/story/2000139620211/alle-reden-von-der-krise-aber-am-arbeitsmarkt-ist-davon,251,4,90,3,1,1,1,FALSE
/story/2000139610679/angst-vor-abstieg-junge-menschen-von-inflation-besonders-betroffen,279,7,100,6,1,1,1,FALSE
/story/2000139622653/migrationsgipfel-nehammer-trifft-in-budapest-auf-orban-undvucic,229,2,59,1,1,1,1,FALSE
/story/2000139609071/lula-gegen-bolsonaro-richtungswahl-in-brasilien,172,4,88,3,1,1,1,FALSE
/story/2000139640848/gespraeche-auf-der-zielgeraden-pensionen-sollen-um-zehn-prozent-steigen,232,4,69,3,1,1,1,FALSE
/story/2000139643260/nach-edstadlers-kritik-staatsanwaelte-warnen-vor-limit-fuer-ermittlungen,185,2,43,1,1,1,1,FALSE
/story/2000139641679/migrationsgipfel-in-budapest-serbiens-vages-visumsversprechen,65,4,29,3,1,1,1,FALSE
/story/2000139651123/musk-erregte-mit-friedensplan-auf-twitter-ukrainische-gemueter,262,8,46,7,1,1,1,FALSE
/story/2000139618654/niederlaendische-forscher-bauen-solarzelle-mit-30-prozent-effizienz,63,4,40,3,1,1,1,FALSE
/story/2000139621597/haaland-laesst-guardiola-staunen-zahlen-sind-beaengstigend,47,3,61,2,1,1,1,FALSE
/story/2000139608138/glaenzende-stadien-und-ein-ehrlicher-geheimdienstler-auf-besuch-in-katar,146,5,44,4,1,1,1,FALSE
/story/2000139643682/missbrauchsfall-um-wiener-lehrer-weiterer-uebergriff-im-feriencamp-gemeldet,31,3,22,2,1,1,1,FALSE
/story/2000139640332/laengeres-warten-auf-die-bim-wegen-personalmangels,144,2,90,1,1,1,1,FALSE
/story/2000139606810/rettungssanitaeterinnen-muessen-womoeglich-bald-mehr-koennen,89,4,42,3,1,1,1,FALSE
/story/2000139618257/klimaaktivisten-klebten-sich-wieder-am-wiener-ring-fest,243,4,77,3,1,1,1,FALSE
/story/2000139616822/russland-kennerin-in-der-zib-2-putin-hofft-auf-broeckelnde,134,3,55,2,1,1,1,FALSE
/story/2000139619115/warum-der-amazonas-regenwald-stirbt-und-was-dagegen-zu-tun,27,3,8,2,3,1,0.333333333333333,TRUE
/story/2000139618927/medizinnobelpreis-2022-geht-an-palaeogenetiker-svante-paeaebo,67,5,25,4,1,1,1,FALSE
/story/2000139478826/wie-klimaschutz-zum-globalen-grundrecht-werden-koennte,40,1,41,0,1,1,1,FALSE
/story/2000139637448/alles-koscher-in-wien,99,4,61,3,1,1,1,FALSE
/story/2000139621442/modewoche-paris-bella-hadid-fasziniert-im-spruehkleid,59,4,30,3,2,1,0.5,TRUE
/story/2000139304571/autobesitz-in-krisenzeiten-ihre-ueberlegungen,371,6,56,5,1,1,1,FALSE
/story/2000139641478/tod-von-masha-amini-die-iranerinnen-geben-nicht-auf,125,4,99,3,1,1,1,FALSE
/story/2000139449596/heizkosten-sparen-mit-grander-technologie,178,3,122,2,1,1,1,FALSE
/story/2000139612979/die-praesidiale-entzauberung,252,6,80,5,1,1,1,FALSE
/story/2000139632766/wer-bezahlt-die-energie-im-homeoffice,137,2,75,1,1,1,1,FALSE
/story/2000139505633/sophie-matkovits-die-waage-entscheidet-ob-ein-tag-gut-oder,37,4,23,3,2,1,0.5,TRUE
/story/2000139622592/dritter-corona-herbst-unterschaetzen-wir-die-gefahr,93,4,40,3,1,1,1,FALSE
/story/2000139510051/warum-stetiges-wachstum-frueher-oder-spaeter-zum-kollaps-fuehrt,128,4,24,3,1,1,1,FALSE
/story/2000139673776/sporthaendler-xxl-tritt-in-oesterreich-hart-auf-die-bremse,119,5,37,4,1,1,1,FALSE
/story/2000139675896/nach-dem-winter-ist-vor-dem-winterknappheit-an-gas-wird,142,4,61,3,1,1,1,FALSE
/story/2000139657406/energiekosten-ziehen-handwerkern-boden-unter-den-fuessen-weg,175,1,111,0,1,1,1,FALSE
/story/2000139643236/inflation-macht-abschaffung-der-kalten-progression-teurer,56,2,66,1,1,1,1,FALSE
/story/2000139643338/justiz-stellt-causa-schlosshotel-velden-nach-14-jahren-ein,35,6,19,4,2,2,1,FALSE
/story/2000139645135/verstaerkter-gasfluss-nach-oesterreich-sorgt-fuer-vollere-speicher,256,4,50,3,1,1,1,FALSE
/story/2000139678324/weiter-raetselraten-um-zerstoerte-nord-stream-gaspipelines,160,1,57,0,2,1,0.5,TRUE
/story/2000139644483/selenskyjs-vizestabschef-smirnow-russen-lagern-ihr-geld-nicht-irgendwo,40,3,45,2,1,1,1,FALSE
/story/2000139651818/nordkorea-lies-ballistische-rakete-ueber-japan-fliegen,96,5,50,4,1,1,1,FALSE
/story/2000139651900/trump-reichte-verleumdungsklage-gegen-fernsehsender-cnn-ein,124,4,54,3,2,1,0.5,TRUE
/story/2000139681380/bundesheer-soll-drei-neue-eurofighter-und-hoeheres-budget-erhalten,317,2,77,1,1,1,1,FALSE
/story/2000139649207/die-unruhezellen-der-wiener-gruenen,68,1,111,0,1,1,1,FALSE
/story/2000139658442/stefan-weber-sieht-umfangreiche-plagiate-in-diplomarbeit-von-innenminister-karner,844,5,94,4,1,1,1,FALSE
/story/2000139652401/kurz-vor-hofburg-wahl-fpoe-bespielt-parlaments-buehne-mit-lieblingsthema,154,2,70,1,1,1,1,FALSE
/story/2000139662010/bundesheer-finanziert-sechs-faehnrichen-ein-medizinstudium,73,3,63,2,1,1,1,FALSE
/story/2000139654269/regierung-praesentiert-vier-milliarden-schweres-pensionspaket,414,7,63,5,2,2,1,FALSE
/story/2000139655469/englisch-soll-an-schulen-regulaer-unterrichtssprache-werden-koennen,75,6,21,5,1,1,1,FALSE
/story/2000139642986/der-personalmurks-zu-schulbeginn-an-wiens-pflichtschulen,109,6,77,5,1,1,1,FALSE
/story/2000139619669/oevp-abgeordnete-bei-netzwerk-das-schwulenfeinde-ehrt-und-scheidung-ablehnt,375,8,94,7,1,1,1,FALSE
/story/2000139666618/handy-ladekabel-eu-einigt-sich-auf-vereinheitlichung,123,4,54,3,1,1,1,FALSE
/story/2000139629088/krieg-unter-wasser-wie-sicher-und-verlaesslich-sind-internetkabel-auf,85,5,23,4,1,1,1,FALSE
/story/2000139685252/schach-niemann-koennte-oefter-als-100-mal-geschummelt-haben,243,5,123,4,1,1,1,FALSE
/story/2000139648636/weltmeister-carlsen-in-tirol-zillertaler-schachweltnabel,36,1,25,0,1,1,1,FALSE
/story/2000139642051/parkflut-im-speckguertel-gemeinden-verspueren-immer-mehr-druck,115,9,44,8,1,1,1,FALSE
/story/2000139617297/der-altweibersommer-stellt-sich-ein,36,2,30,1,1,1,1,FALSE
/story/2000139678144/country-saengerin-loretta-lynn-gestorben,20,3,12,2,2,1,0.5,TRUE
/story/2000139637531/isolde-charims-die-qualen-des-narzissmus-selbst-ist-das-mass,25,4,9,3,1,1,1,FALSE
/story/2000139653036/ein-serienmoerder-als-serienstar-dahmer-monster-bei-netflix,102,4,53,3,1,1,1,FALSE
/story/2000139624110/faktiv-gegen-fake-news-profil-setzt-den-faktencheck-fort,21,2,16,1,1,1,1,FALSE
/story/2000139675777/physiker-anton-zeilinger-vom-mr-beam-zum-gefeierten-preistraeger,144,2,141,1,1,1,1,FALSE
/story/2000139666933/der-wievielte-oesterreichische-nobelpreistraeger-ist-anton-zeilinger,38,2,45,1,1,1,1,FALSE
/story/2000139659035/physiknobelpreis-2022-fuer-oesterreichischen-quantenphysiker-zeilinger,548,8,93,7,1,1,1,FALSE
/story/2000139641038/wenn-der-naechste-superkontinent-geboren-wird-verschwindet-der-pazifik,51,2,34,1,1,1,1,FALSE
/story/2000139634402/grundbausteine-des-lebens-koennten-sich-in-wassertropfen-gebildet-haben,21,4,4,3,2,1,0.5,TRUE
/story/2000139654773/kanye-west-mit-rassismus-slogan-auf-der-fashion-week,60,3,38,2,1,1,1,FALSE
/story/2000139488775/ihre-schlimmsten-flugzeug-erlebnisse,311,6,102,5,1,1,1,FALSE
/story/2000139574507/blackout-wie-gut-sind-sie-auf-den-ernstfall-vorbereitet,136,5,37,4,1,1,1,FALSE
/story/2000139628605/gefaehrliche-nachbarschaftrussland-als-existentielle-bedrohung-fuer-den-kontinent,78,2,61,1,1,1,1,FALSE
/story/2000139643475/das-gift-des-antiamerikanismus,560,6,64,5,1,1,1,FALSE
/story/2000139642246/gewalt-in-der-familie-getoetet-ohne-dass-es-ein-verbrechen,23,1,17,0,1,1,1,FALSE
/story/2000139716673/gegenoffensive-der-ukraine-sorgt-fuer-neue-landgewinne,118,5,112,4,1,1,1,FALSE
/story/2000139694308/nicht-nur-geheimdokumente-das-verwirrende-netzwerk-der-trump-ermittlungen,28,1,41,0,1,1,1,FALSE
/story/2000139680888/lieber-ein-witz-als-totliz-truss-muss-ums-politische-ueberleben,101,4,58,3,1,1,1,FALSE
/story/2000139678915/militaer-analyst-reisner-am-boden-liegt-russland-noch-nicht,179,5,137,4,1,1,1,FALSE
/story/2000139683166/dominik-wlazny-ich-bin-die-einzige-alternative-zu-van-der,408,8,131,7,1,1,1,FALSE
/story/2000139720294/tschechien-annektiert-koenigsberg-und-geht-damit-viral,72,3,134,2,1,1,1,FALSE
/story/2000139712996/bereit-umgebracht-zu-werden-iranerinnen-tragen-protest-via-social-web,71,2,128,1,1,1,1,FALSE
/story/2000139672819/blackout-nach-30-minuten-geht-dem-mobilfunk-der-saft-aus,144,3,99,2,1,1,1,FALSE
/story/2000139681839/musk-will-twitter-laut-einem-insider-doch-uebernehmen-aktienhandel-ausgesetzt,199,3,47,2,1,1,1,FALSE
/story/2000139726110/salzburg-bezwingt-dinamo-zagreb-10,147,4,80,3,1,1,1,FALSE
/story/2000139715336/schach-skandal-fuer-hans-niemann-wird-die-luft-jetzt-sehr,138,4,80,3,1,1,1,FALSE
/story/2000139666690/gehirnerschuetterungen-im-football-ohne-tacklings-bis-zur-u15-waere-vorstellbar,64,2,24,1,1,1,1,FALSE
/story/2000139675573/oesv-generalsekretaer-scherer-verpflichtende-schulskikurse-wieder-einfuehren,516,7,113,6,1,1,1,FALSE
/story/2000139723493/vergewaltigung-von-15-jaehriger-oststeirerin-angezeigt,79,8,98,7,1,1,1,FALSE
/story/2000139700635/aktuell-nur-22-prozent-der-corona-spitalsfaelle-wegen-covid-im,186,3,92,2,1,1,1,FALSE
/story/2000139674656/ueberfuellte-postaemter-ungewollte-gutscheine-die-wichtigsten-infos-zum-klimabonus,310,3,93,2,1,1,1,FALSE
/story/2000139698295/wiener-linien-reduzieren-temperatur-in-den-oeffis,273,3,236,2,1,1,1,FALSE
/story/2000139686649/angelina-jolie-erhebt-im-rechtsstreit-mit-brad-pitt-neue-vorwuerfe,71,5,35,4,1,1,1,FALSE
/story/2000139662148/falsch-verwendete-redewendungen-welche-hat-sie-schon-irritiert,789,7,167,6,1,1,1,FALSE
/story/2000139696128/ist-dein-mann-auch-haesslichhelene-fischer-bei-willkommen-oesterreich-im,90,6,43,5,1,1,1,FALSE
/story/2000139668247/20-millionen-euro-fuer-neue-journalismusfoerderung-erste-details-zu-mediennovellen,160,5,49,4,1,1,1,FALSE
/story/2000139722157/nobelpreise-sind-immer-noch-maennersache,185,4,96,3,1,1,1,FALSE
/story/2000139722205/klimaaktivistin-krumbeck-trat-in-wien-ersatzfreiheitsstrafe-an,149,5,43,4,1,1,1,FALSE
/story/2000139681260/was-der-nobelpreis-fuer-den-quantenphysiker-anton-zeilinger-mit-albert,49,3,20,2,1,1,1,FALSE
/story/2000139673464/der-tuermer-vom-stephansdom,78,7,51,6,1,1,1,FALSE
/story/2000139717752/basij-milizen-schlaeger-gottes-im-einsatz-gegen-protestierende-im-iran,136,3,98,2,1,1,1,FALSE
/story/2000139695385/elon-musk-und-twitter-vertraege-gelten-auch-fuer-tech-bros,46,2,15,1,1,1,1,FALSE
/story/2000139679178/kooperation-mit-ungarn-und-serbien-kein-mucks-von-nehammer,177,4,48,3,1,1,1,FALSE
/story/2000139673879/alles-muss-besser-bleiben-im-orf,102,5,37,4,1,1,1,FALSE
/story/2000139686709/sexualisierte-gewalt-im-bierzelt-verfluessigte-grenzen,89,8,26,7,1,1,1,FALSE
/story/2000139756483/land-im-rueckstand-andere-staaten-ueberholen-oesterreich-beim-erneuerbaren-ausbau,67,4,31,3,1,1,1,FALSE
/story/2000139752837/konsumenten-steigen-auf-die-bremse-zahl-der-pleiten-steigt,61,6,52,5,1,1,1,FALSE
/story/2000139720661/ringen-um-gehaelter-wie-viel-ist-arbeit-im-handel-wert,164,8,100,7,1,1,1,FALSE
/story/2000139718995/warum-trotz-energiekrise-beim-ausbau-der-erneuerbaren-nichts-vorwaerts-geht,375,8,78,7,1,1,1,FALSE
/story/2000139754311/russlands-armee-weiter-im-rueckwaertsgang,81,6,58,5,1,1,1,FALSE
/story/2000139752938/ramsan-kadyrow-der-bluthund-ohne-den-putin-nicht-kann,142,6,27,5,1,1,1,FALSE
/story/2000139721125/die-freiwilligen-das-wahre-rueckgrat-der-ukraine,47,4,46,3,1,1,1,FALSE
/story/2000139736879/ukrainische-regierungsmitglieder-sollen-mord-an-dugina-abgesegnet-haben,108,3,42,2,1,1,1,FALSE
/story/2000139730880/putin-ernennt-tschetschenenfuehrer-kadyrow-zum-generaloberst,516,5,111,4,1,1,1,FALSE
/story/2000139727813/gericht-erklaert-schutzprogramm-fuer-junge-einwanderer-fuer-unrechtmaessig,5,4,4,3,1,1,1,FALSE
/story/2000139121495/schnell-erklaert-wer-fuer-die-bundespraesidentenwahl-kandidiert,69,5,19,4,1,1,1,FALSE
/story/2000139727215/nordkorea-feuerte-erneut-zwei-raketen-ab,32,5,16,4,1,1,1,FALSE
/story/2000139751657/aerzte-wollen-aus-mutter-kind-pass-aussteigen,44,3,122,2,1,1,1,FALSE
/story/2000139731806/oesterreichs-verteidigungsbudget-2023-steigt-um-680-millionen-euro,164,6,22,5,1,1,1,FALSE
/story/2000139713631/wie-die-inflation-bei-studierenden-einschlaegt,59,4,27,3,1,1,1,FALSE
/story/2000139727430/innenminister-karner-verlaengert-grenzkontrollen-zur-slowakei-um-20-tage,25,2,18,1,1,1,1,FALSE
/story/2000139722934/pixel-7-pixel-watch-und-pixel-tablet-googles-neue-hardwaregeneration,100,5,13,4,1,1,1,FALSE
/story/2000139739239/russische-soldaten-klagen-ueber-staendig-besetzte-kapitulationshotline,151,4,228,3,1,1,1,FALSE
/story/2000139707053/heini-staudinger-der-unfreiwillige-social-web-wa-hlkampf-des-waldviertler,32,1,122,0,1,1,1,FALSE
/story/2000139710805/iphone-14-plus-im-test-das-neue-apple-smartphone-faellt,35,4,10,3,1,1,1,FALSE
/story/2000139760889/oesterreich-verpasst-nach-01-in-schottland-das-wm-ticket,69,1,53,0,1,1,1,FALSE
/story/2000139750979/der-schach-skandal-im-ueberblick-niemann-steht-im-schach,89,3,45,2,1,1,1,FALSE
/story/2000139732034/salzburg-zur-koenigsklassen-halbzeit-ueberraschend-tabellenfuehrer,49,3,36,2,1,1,1,FALSE
/story/2000139737749/bettensperren-und-weniger-ops-wegen-personalnot-an-urologie-des-akh,200,6,128,5,1,1,1,FALSE
/story/2000139740223/kitzbueheler-bergbahnen-verzichten-auf-saisonstart-am-schneeband,68,4,35,3,1,1,1,FALSE
/story/2000139739842/steirische-schueler-drohten-mit-amoklauf-verurteilt-ohne-strafe,22,4,24,2,2,2,1,FALSE
/story/2000139730525/teilausfall-auf-der-oebb-strecke-meidling-floridsdorf,66,4,29,3,1,1,1,FALSE
/story/2000139718233/die-neuen-verkehrsregeln-auf-dem-pruefstand,250,5,137,4,1,1,1,FALSE
/story/2000139735115/mann-steckte-in-wien-mit-fuss-in-u-bahn-rolltreppe,156,5,279,4,1,1,1,FALSE
/story/2000139714213/verdacht-von-mittaetern-in-missbrauchsfall-kein-ermittlungsverfahren-eingeleitet,51,2,35,1,1,1,1,FALSE
/story/2000139737099/literaturnobelpreis-2022-geht-anannie-ernaux,77,5,17,4,1,1,1,FALSE
/story/2000139738449/die-wiener-zeitung-hat-ausgedruckt-erste-ausgabe-aus-1703-zum,106,6,39,5,1,1,1,FALSE
/story/2000139688495/schmusen-geht-immer-mit-botoxprinzessin-tara-lugners-ex-bambi-und,153,4,57,3,1,1,1,FALSE
/story/2000139654078/hereinspaziert-warum-vorzimmer-wie-eine-visitenkarte-sind,60,6,35,5,1,1,1,FALSE
/story/2000139621181/die-besten-fotos-des-siena-international-photo-awards,8,1,26,0,1,1,1,FALSE
/story/2000139690550/fuckboys-und-pick-me-girls-wovon-spricht-die-jugend-da,389,8,122,7,1,1,1,FALSE
/story/2000139750109/keine-systemkandidaten,91,2,61,1,1,1,1,FALSE
/story/2000139628133/bundespraesidentenwahl-wer-bekommt-ihre-stimme,298,4,63,3,1,1,1,FALSE
/story/2000139551917/heinrich-staudinger-der-schuhrebell-der-auf-dem-rechten-absatz-kehrt,171,3,84,2,1,1,1,FALSE
/story/2000139719421/ein-nobelpreis-weist-den-weg,68,10,16,9,1,1,1,FALSE
/story/2000139246073/in-arbeit-mansplainingverstummen-oder-genau-so-laut-werden,280,6,50,5,1,1,1,FALSE
/story/2000139680338/nie-mehr-karies-die-geheimtipps-einer-zahnaerztin,34,4,43,3,2,1,0.5,TRUE
/story/2000139731079/saudi-arabien-werbevideo-fuer-skigebiet-in-der-wueste,275,6,141,5,1,1,1,FALSE
/story/2000139730902/fluechtlingsboote-vor-griechenland-gesunken-mindestens-15-tote,16,1,69,0,1,1,1,FALSE
/story/2000139798685/norwegen-bietet-laut-medienbericht-an-mehr-gas-zu-liefern,287,6,74,5,2,1,0.5,TRUE
/story/2000139791590/fleisch-in-veganen-burgern-burger-king-deutschland-schliesst-temporaer-filialen,170,5,60,4,1,1,1,FALSE
/story/2000139765262/omv-raffinerie-schwechat-erreicht-nach-unfall-wieder-vollbetrieb,75,2,115,1,1,1,1,FALSE
/story/2000139754823/kaum-wachstum-hohe-inflation-oesterreich-steuert-2023-auf-stagflation-zu,175,3,87,2,1,1,1,FALSE
/story/2000139765486/handelskonzern-rewe-wird-nach-streit-um-preise-nicht-mehr-von,276,5,206,4,1,1,1,FALSE
/story/2000139752558/industrie-macht-druck-bei-gasausstieg,22,2,21,1,1,1,1,FALSE
/story/2000139772030/biden-warnt-vor-armageddon-bei-russischem-atomschlag,320,3,320,2,1,1,1,FALSE
/story/2000139737058/professor-kaempft-in-der-ukraine-gegen-endlose-verbrechen-gegen-die,27,6,37,5,1,1,1,FALSE
/story/2000139762248/friedensnobelpreistraeger-2022-wird-in-oslo-bekanntgegeben,82,4,27,3,1,1,1,FALSE
/story/2000139752026/wladimir-putin-ist-70-und-wird-zunehmend-als-risikofaktor-im,215,7,40,6,2,1,0.5,TRUE
/story/2000139788665/geld-fuer-eine-papierarmee-was-bringt-die-budgeterhoehung,183,2,40,1,1,1,1,FALSE
/story/2000139769182/pass-egal-wahl-endet-mit-rekord-beteiligung,172,5,58,4,1,1,1,FALSE
/story/2000139772925/droht-gratis-mutter-kind-pass-untersuchungen-gerade-das-aus,96,2,137,1,1,1,1,FALSE
/story/2000139623314/masterlehrgang-zu-homoeopathie-an-fh-nicht-zustande-gekommen,239,5,165,4,1,1,1,FALSE
/story/2000139738489/was-ein-bundespraesident-anrichten-kann,140,8,19,7,1,1,1,FALSE
/story/2000139746548/oberoesterreichs-fp-chef-haimbuchner-ich-pinsle-keine-oevp-baeuche,61,3,22,2,1,1,1,FALSE
/story/2000139757479/smarter-sparduschkopf-wie-eine-idee-beim-abendessen-zum-fertigen-produkt,105,5,36,3,2,2,1,FALSE
/story/2000139743610/programmierbare-thermostate-was-fuer-das-smarte-heizen-zu-beachten-ist,86,8,12,6,2,2,1,FALSE
/story/2000139786107/der-fall-niemann-spitze-eines-eisbergs,79,1,82,0,1,1,1,FALSE
/story/2000139766652/oefb-team-nach-katastrophalem-wm-playoff-out-kannst-du-dir,66,4,31,3,2,1,0.5,TRUE
/story/2000139773881/wien-kritisiert-covid-spitalszahlen-des-bundes,112,1,127,0,1,1,1,FALSE
/story/2000139758908/urologie-chef-am-akh-weist-vorwurf-zurueck-pflegemangel-mitverursacht-zu,111,2,97,1,1,1,1,FALSE
/story/2000139761897/37-tote-in-thailaendischem-kindergarten-ermittler-suchen-nach-motiv,19,3,13,2,1,1,1,FALSE
/story/2000139731904/hip-hop-duo-esrapman-kann-muslimisch-und-links-sein,67,3,89,2,1,1,1,FALSE
/story/2000139765304/raeucherwerk-im-rabenhof-stefanie-sargnagels-impfgegnerstueck-heil,32,2,24,0,2,2,1,FALSE
/story/2000139772197/fm4-redaktion-protestiert-gegen-ingrid-thurnhers-irritierende-plaene-fuer-den,145,5,65,4,1,1,1,FALSE
/story/2000139759892/das-muss-man-nicht-so-humorlos-nehmen-herr-wolf-belangsendung,476,7,168,6,1,1,1,FALSE
/story/2000139774395/forscher-enthuellt-pseudonym-des-galileo-galilei,29,3,29,2,1,1,1,FALSE
/story/2000139777507/beruehmte-statuen-der-osterinsel-bei-brand-beschaedigt,7,1,15,0,1,1,1,FALSE
/story/2000139770940/neue-aufnahmen-zeigen-orca-angriffe-auf-weisse-haie-vor-suedafrika,45,4,41,3,1,1,1,FALSE
/story/2000139751560/hans-becker-ein-fast-vergessener-held-des-oesterreichischen-widerstands,28,2,21,1,2,1,0.5,TRUE
/story/2000139737893/1-400-jahre-alter-goldschatz-in-israel-entdeckt,20,3,25,2,1,1,1,FALSE
/story/2000139653681/rondell-am-cobenzl-optimismus-nostalgie,30,4,17,3,1,1,1,FALSE
/story/2000139048861/wie-teuer-ist-ihr-wocheneinkauf,251,7,45,6,1,1,1,FALSE
/story/2000139776042/was-meint-joe-biden-mit-armageddon,187,2,98,1,1,1,1,FALSE
/story/2000139745429/moechtegerns-der-machtergreifung,90,5,57,4,1,1,1,FALSE
/story/2000139747375/warum-uns-der-iran-nicht-wurscht-sein-sollte,97,5,37,4,1,1,1,FALSE
/story/2000139706209/durch-vertreter-geschlossene-ehe-vom-ogh-anerkannt,29,2,32,1,1,1,1,FALSE
/story/2000139256486/feminismus-noch-immer-gemeinsame-sache,57,4,63,2,2,2,1,FALSE
/story/2000139795615/andere-zahlen-digital-warum-ist-nur-bares-fuer-die-oesterreicher,413,4,38,3,1,1,1,FALSE
/story/2000139805070/explosion-auf-bruecke-die-die-krim-enger-an-russland-binden,206,2,251,1,1,1,1,FALSE
/story/2000139804171/bahnstoerung-in-deutschland-sabotage-grund-fuer-zugausfaelle,253,2,137,1,1,1,1,FALSE
/story/2000139800505/krim-bruecke-putins-strategisches-herzstueck-in-flammen,346,5,163,4,1,1,1,FALSE
/story/2000139789020/proteste-im-iran-nichts-mehr-zu-verlieren,50,2,54,1,1,1,1,FALSE
/story/2000139796237/justizministerinzadic-eigene-gerichtspolizei-spannender-vorschlag,106,3,19,2,2,1,0.5,TRUE
/story/2000139787715/warum-der-doktortitel-auf-dem-stimmzettel-steht,292,5,42,4,1,1,1,FALSE
/story/2000139802468/wie-man-einen-vibrator-baut-um-damit-beim-schachspielen-zu,185,3,74,2,1,1,1,FALSE
/story/2000139792256/millionen-fuer-sodexo-wieso-wird-der-klimabonus-nicht-in-bargeld,302,3,81,2,1,1,1,FALSE
/story/2000139803648/fuehrerscheinaspirantin-auf-a2-in-kaernten-mit-172-kmh-gestoppt,116,3,72,2,1,1,1,FALSE
/story/2000139801367/entscheidung-eine-frage-von-tagen-kehrt-die-maskenpflicht-direkt-nach,423,5,77,4,1,1,1,FALSE
/story/2000139792234/wie-man-mehr-nobelpreise-nach-oesterreich-holt,73,4,18,3,1,1,1,FALSE
/story/2000139790280/nobelpreistraeger-anton-zeilinger-pfeif-drauf-was-andere-sagen,78,5,46,4,1,1,1,FALSE
/story/2000139789096/warum-die-praesidentenwahl-nicht-wurscht-ist,152,1,73,0,1,1,1,FALSE
/story/2000139749720/frischer-wind-ist-erspartes-geld-im-energiesektor-gut-angelegt,18,3,12,2,1,1,1,FALSE
/story/2000139818124/religioeser-fuehrer-in-flammen-nachrichten-im-iranischen-staats-tv-gehackt,61,2,223,1,1,1,1,FALSE
/story/2000139815173/putins-koch-laesst-geruechtekueche-brodeln,88,2,146,1,1,1,1,FALSE
/story/2000139809205/der-brand-der-krim-bruecke-in-bildern,70,2,40,1,1,1,1,FALSE
/story/2000139823924/wie-kamen-van-der-bellens-56-prozent-zustande,96,5,84,4,1,1,1,FALSE
/story/2000139822728/heimsieg-fuer-van-der-bellen-fast-90-prozent-in-kaunertal,146,3,147,2,1,1,1,FALSE
/story/2000139672604/die-aktuellen-ergebnisse-der-bundespraesidentenwahl,310,4,126,3,1,1,1,FALSE
/story/2000139797161/hofburg-wahl-wer-wird-naechster-bundespraesident,162,5,56,2,3,3,1,FALSE
/story/2000139815723/dubioser-verein-und-verbindung-nach-russland-sorge-um-deutschlands-cyber,71,3,62,2,1,1,1,FALSE
/story/2000139821452/austria-gewinnt-derby-bei-rapid-verdient-21,194,3,109,2,1,1,1,FALSE
/story/2000139745765/lawinenserie-im-himalaya-messner-moniert-massenansturm-auf-8000ern,135,5,58,4,1,1,1,FALSE
/story/2000139808702/verstappen-gewinnt-verregneten-und-verkuerzten-japan-gp,160,2,101,1,1,1,1,FALSE
/story/2000139798184/richard-david-precht-und-die-medien-der-hassgeliebte,286,5,40,4,1,1,1,FALSE
/story/2000139783424/adieu-guenter-traxler-ueber-die-kaltschnaeuzig-zum-online-gerippe-gemachte,106,5,14,4,2,1,0.5,TRUE
/story/2000139810477/tiroler-studie-belegt-bergsucht-bei-regelmaessigen-bergsteigern,53,3,18,2,1,1,1,FALSE
/story/2000139686322/so-hilft-sanddorn-gegen-diabetes,21,3,6,2,1,1,1,FALSE
/story/2000139781575/vor-80-jahren-wurden-meine-urgrosseltern-ermordet-eine-spurensuche,66,4,70,3,1,1,1,FALSE
/story/2000139256363/begegnung-mit-der-generation-alphader-dreissigjaehrige-zwoelfjaehrige,290,4,90,3,2,1,0.5,TRUE
/story/2000139819252/masken-comeback-wenig-aufwand-viel-nutzen,312,4,92,3,1,1,1,FALSE
/story/2000139815555/was-uns-die-bundespraesidentschaftswahl-lehrt,275,3,91,2,1,1,1,FALSE
/story/2000139319624/arbeitskraeftemangel-in-der-gastronomie-ursachen-sind-auch-hausgemacht,223,5,51,4,1,1,1,FALSE
/story/2000139813308/in-frankreich-wird-das-benzin-knapp,44,3,23,2,1,1,1,FALSE
/story/2000139849164/ex-aussenminister-kneissl-twittert-rommel-zitat-zu-franzoesischer-treibstoffkrise,133,1,160,0,1,1,1,FALSE
/story/2000139846822/russland-schlaegt-mit-massiven-raketenangriffen-zurueck,309,1,563,0,1,1,1,FALSE
/story/2000139830433/tote-und-verletzte-nach-grossflaechigen-raketenangriffen-in-ukrainischen-staedten,161,3,55,2,1,1,1,FALSE
/story/2000139814688/koennen-selbst-auf-uns-aufpassen-italien-hat-von-kritik-an,107,5,40,4,1,1,1,FALSE
/story/2000139852113/wlazny-bundespraesidentenwahl-mit-kam-in-wien-auf-platz-zwei,249,5,74,4,1,1,1,FALSE
/story/2000139708795/kritisches-gutachten-zu-freud-privatuni-was-nun-auf-dem-spiel,56,2,55,1,1,1,1,FALSE
/story/2000139826195/vier-auffaelligkeiten-die-bei-der-praesidentschaftswahl-sofort-ins-auge-stechen,205,4,77,3,1,1,1,FALSE
/story/2000139822995/martin-radjaby-rasset-der-mann-fuer-evidenz-und-emotion,33,3,17,2,1,1,1,FALSE
/story/2000139822384/wlaznys-erfolg-ist-eine-warnung-fuer-gruene-und-spoe,297,6,74,5,1,1,1,FALSE
/story/2000139839630/nach-boehmermann-sendung-faeser-soll-abloese-des-bsi-chefs-pruefen,56,4,122,3,1,1,1,FALSE
/story/2000139834327/kurzes-comeback-twitter-sperrt-kanye-wests-account-nach-antisemitischem-posting,50,3,38,2,1,1,1,FALSE
/story/2000139828837/netzreaktionen-zur-praesidentschaftswahl-dosendiagramme-und-die-macht-der-krone,17,1,73,0,1,1,1,FALSE
/story/2000139848815/budget-red-bull-racing-gab-2021-etwas-zu-viel-geld,85,4,24,3,1,1,1,FALSE
/story/2000139853572/dominic-thiem-laesst-joao-sousa-keine-chance,61,4,47,3,1,1,1,FALSE
/story/2000139832704/unendliche-liste-von-fehlern-fia-in-der-dauer-kritik,61,1,41,0,1,1,1,FALSE
/story/2000139733655/ski-ade-wintersport-auf-hoher-wand-wiese-wird-eingestellt,131,6,53,5,1,1,1,FALSE
/story/2000139850000/vorboten-einer-neuerlichen-maskenpflicht,395,3,125,2,1,1,1,FALSE
/story/2000139839079/mordprozess-der-18-jaehrige-und-der-gewaltexzess-aus-dem-nichts,145,5,75,4,1,1,1,FALSE
/story/2000139838750/fm4-und-oe1-als-kulturerbe-sichern-schlaegt-spoe-kultursprecherin-heinisch,158,6,31,5,1,1,1,FALSE
/story/2000139831588/heidi-klum-und-tochter-leni-klum-werben-in-erster-gemeinsamer,60,1,97,0,1,1,1,FALSE
/story/2000139826613/im-zentrum-zur-bundespraesidentenwahl-hbp-und-die-tapetentuer,24,3,16,2,1,1,1,FALSE
/story/2000139840441/der-mond-koennte-binnen-weniger-stunden-entstanden-sein,41,3,27,2,1,1,1,FALSE
/story/2000139835213/artikel-renommierter-forscher-werden-systematisch-besser-bewertet,18,2,13,1,1,1,1,FALSE
/story/2000139739141/queerness-zu-schuberts-zeiten,63,1,44,0,1,1,1,FALSE
/story/2000139829733/bedrohter-wiesenvoegel-braunkelchen-zum-vogel-des-jahres-2023-gekuert,11,2,7,1,1,1,1,FALSE
/story/2000139815099/fotografiepreis-zeichnet-faszinierende-blicke-in-ozeanwelten-aus,10,2,13,1,1,1,1,FALSE
/story/2000139703791/wie-sehr-krieg-und-ruestung-dem-klima-schaden,43,1,31,0,1,1,1,FALSE
/story/2000139770372/ein-kaninchen-drei-essen,75,4,14,3,1,1,1,FALSE
/story/2000139785163/im-amalienbad-treffenseniorinnen-auf-schulkinder-fussballprofis-auf-familienvaeter,24,3,25,2,1,1,1,FALSE
/story/2000139831041/darum-sollten-reisende-die-bordkarte-nach-dem-flug-vernichten,54,2,88,1,1,1,1,FALSE
/story/2000139847642/raketenangriffe-auf-ukraine-die-masken-sind-gefallen,106,4,231,3,1,1,1,FALSE
/story/2000139850308/erwartungen-nach-der-wahl-ein-aktiver-praesident,48,4,18,2,2,2,1,FALSE
/story/2000139823724/warum-man-wlazny-dankbar-sein-sollte,364,2,474,1,1,1,1,FALSE
/story/2000139766553/arbeit-am-besseren-mann,291,1,134,0,1,1,1,FALSE
/story/2000138916074/fuenf-jahre-metoo-wie-hat-sich-ihr-bewusstsein-veraendert,55,5,33,4,1,1,1,FALSE
/story/2000139829142/stainer-haemmerle-misstrauen-gegenueber-der-politik-ist-auf-dem-hoehepunkt,75,3,16,2,1,1,1,FALSE
/story/2000139858906/inflation-hoeher-als-gedacht-ein-drittel-der-welt-in-rezession,335,3,392,2,1,1,1,FALSE
/story/2000139869254/betreiber-in-mehreren-bundeslaendern-erhoehen-liftkartenpreise-empfindlich,252,6,134,5,1,1,1,FALSE
/story/2000139845669/kein-snickers-bei-rewe-wie-der-weltkonzern-mars-den-handel,541,4,104,3,1,1,1,FALSE
/story/2000139828536/das-evangelium-der-bitcoin-maximalisten,135,3,20,2,1,1,1,FALSE
/story/2000139885456/putins-raketenschlaege-als-beruhigungspille-fuer-die-falken,146,3,49,2,1,1,1,FALSE
/story/2000139845710/ron-desantis-der-trump-mit-hirn-bringt-sich-in-den,114,2,50,1,1,1,1,FALSE
/story/2000139860323/ruestungsexperte-kristensen-putin-hat-keinen-roten-knopf-am-schreibtisch,189,1,99,0,1,1,1,FALSE
/story/2000139857273/wallentin-hat-wahlkampfleiter-fuer-bundespraesidentenwahl-nur-erfunden,657,5,141,4,1,1,1,FALSE
/story/2000139855566/simmering-ein-bezirk-zwischen-wlazny-und-rosenkranz,42,4,26,3,1,1,1,FALSE
/story/2000139840747/ohne-hauptwohnsitz-droht-versteigerung-salzburg-verschaerft-den-grundverkehr,97,4,54,3,2,1,0.5,TRUE
/story/2000139852054/in-kaernten-melden-sich-haiders-politische-erben-zurueck,196,4,46,3,1,1,1,FALSE
/story/2000139848914/hofburg-wahl-zeigt-das-potenzial-neuer-parteien,129,5,30,4,1,1,1,FALSE
/story/2000139890763/die-meta-quest-2-soll-menschen-ueberzeugen-im-metaversum-zu,112,5,26,4,1,1,1,FALSE
/story/2000139867725/prime-days-vorsicht-beim-einkauf-waehrend-amazons-rabattschlacht,52,2,34,1,1,1,1,FALSE
/story/2000139892113/salzburg-in-cl-11-bei-dinamo-zagreb-aufstiegschance-lebt,71,4,34,3,1,1,1,FALSE
/story/2000139875042/haaland-hat-200-millionen-klausel-bei-manchester-city,41,3,17,1,2,2,1,FALSE
/story/2000139878544/strafe-fuer-journalisten-die-bei-corona-demo-auf-gesperrtem-ring,231,5,235,4,1,1,1,FALSE
/story/2000139879384/laender-fuer-bundesweite-regel-bei-maskenpflicht,208,4,72,3,1,1,1,FALSE
/story/2000139875141/bundeslaender-fuer-wiedereinfuehrung-der-maskenpflicht-gespraechsbereit,58,2,39,1,1,1,1,FALSE
/story/2000139871487/betrugsprozess-lovescam-samt-fiktiver-bohrinsel,32,1,54,0,1,1,1,FALSE
/story/2000139848444/esoterikmesse-engelsheilung-und-aura-analysen-in-der-stadthalle,441,6,53,5,1,1,1,FALSE
/story/2000139869702/eisbaerin-nora-in-schoenbrunn-gestorben,24,2,20,1,1,1,1,FALSE
/story/2000139840024/neue-tourismus-chefinwir-muessen-zur-linz-dna-stehen,47,4,13,3,1,1,1,FALSE
/story/2000139831288/label-chef-tschuertzdas-problem-ist-oe3-und-nicht-fm4,211,5,88,4,1,1,1,FALSE
/story/2000139873363/toedlichere-affenpocken-mutation-bereitet-sorgen,40,2,49,1,1,1,1,FALSE
/story/2000139875561/oesterreichisches-vertrauen-in-wissenschaft-ist-stark-verbesserbar,24,2,7,1,2,1,0.5,TRUE
/story/2000139866743/neue-methode-loest-grosses-probleme-bei-derfusionsforschung,47,3,54,2,1,1,1,FALSE
/story/2000139841323/werbung-am-sternenhimmel-wird-leistbar,131,2,36,1,1,1,1,FALSE
/story/2000139828560/demokratie-schuetzen-internet-regulieren-aber-wie,93,7,22,5,3,2,0.666666666666667,TRUE
/story/2000139851939/klimawandel-und-abholzung-treiben-die-affen-von-den-baeumen,10,1,1,0,5,1,0.2,TRUE
/story/2000139862078/falstaff-das-sind-die-beliebtesten-baeckereien-oesterreichs,138,3,37,2,1,1,1,FALSE
/story/2000139256284/buntes-treiben-warum-sich-jung-und-alt-die-haare-faerben,100,5,32,4,1,1,1,FALSE
/story/2000139844038/rollkragenpullover-waermender-partner-in-krisenzeiten,46,5,16,4,1,1,1,FALSE
/story/2000139875324/standhaftigkeit-und-klugheit,120,2,64,1,1,1,1,FALSE
/story/2000139879319/mit-geld-die-teuerung-bekaempfen-ja-aber-richtig,129,2,47,1,1,1,1,FALSE
/story/2000139848401/proteste-nach-dem-tod-von-mahsa-amini-der-opfergang-der,71,5,44,4,1,1,1,FALSE
/story/2000139849882/diskussion-um-neue-maskenpflicht-ministerium-im-blindflug,288,2,119,1,1,1,1,FALSE
/story/2000139831119/upskirting-und-dickpics-wenn-das-fotografieren-strafbar-ist,50,3,35,2,1,1,1,FALSE
/story/2000139862294/wie-atomwaffen-eingesetzt-werden-koennten,100,2,36,1,1,1,1,FALSE
/story/2000139924200/finanzminister-brunners-budget-eine-in-zahlen-gegossene-krise,90,3,33,1,2,2,1,FALSE
/story/2000139917834/wer-leistet-sich-ein-schnitzel-um-30-euro-wiener-wirte,449,3,304,2,1,1,1,FALSE
/story/2000139896101/budget-mehr-steuereinnahmen-mehr-ausgaben-mehr-schulden,123,5,78,4,1,1,1,FALSE
/story/2000139883057/wie-unternehmen-auf-die-moegliche-rueckkehr-der-maskenpflicht-reagieren,257,6,64,5,1,1,1,FALSE
/story/2000139921108/menschenrechtler-bereits-mindestens-201-tote-bei-protesten-im-iran,44,4,17,3,1,1,1,FALSE
/story/2000139880287/gestrandet-in-nepals-wetterchaos,24,2,27,1,1,1,1,FALSE
/story/2000139862767/russland-erlebt-beispiellosen-braindrain,228,4,260,3,1,1,1,FALSE
/story/2000139917208/kurz-buch-ein-jahr-nach-polit-aus,458,5,77,4,1,1,1,FALSE
/story/2000139893887/reden-wir-ueber-politik-buch-von-ex-kanzler-kurz-erscheint,454,6,110,5,1,1,1,FALSE
/story/2000139883603/das-naechste-krisenbudget-schulden-und-zinsen-praegen-die-finanzen,103,5,31,4,1,1,1,FALSE
/story/2000139927532/kurz-gruendet-start-up-fuer-cybersicherheit-in-israel,361,3,67,2,1,1,1,FALSE
/story/2000139881733/pixel-7-und-pixel-7-pro-im-test-wirklich-toll,80,4,25,3,1,1,1,FALSE
/story/2000139904314/die-wahlkampfleitern-destassilo-wallentin,57,2,55,1,1,1,1,FALSE
/story/2000139902429/musk-soll-seinen-umstrittenen-friedensplan-im-vorfeld-mit-putin-besprochen,274,4,149,3,1,1,1,FALSE
/story/2000139899269/jaissle-haetten-vielleicht-das-21-machen-muessen,37,4,30,3,1,1,1,FALSE
/story/2000139895272/djokovic-will-unbedingt-bei-den-australian-open-spielen,59,3,23,2,1,1,1,FALSE
/story/2000139927274/rauch-coronazahlen-stagnieren-maskenpflicht-entscheidung-dauert,213,4,109,3,1,1,1,FALSE
/story/2000139922078/ffp2-maske-im-anzeigetext-gegen-journalistengruppeals-verhuellungsdelikt,130,5,67,4,2,1,0.5,TRUE
/story/2000139897315/vorlaeufiger-hoehepunkt-der-covid-spitalsbelegung-in-zwei-wochen-erwartet,147,4,82,3,2,1,0.5,TRUE
/story/2000139894853/asylquartier-in-bergheim-nach-diphtherie-ausbruch-unter-quarantaene,26,4,46,3,1,1,1,FALSE
/story/2000139894612/1-000-paedagogen-im-pflichtschulbereich-in-wien-im-krankenstand,103,6,66,5,1,1,1,FALSE
/story/2000139901572/temporaere-installation-vor-umstrittenen-lueger-denkmal-in-wien-errichtet,204,3,65,2,1,1,1,FALSE
/story/2000139865228/schlechteste-buecher-welches-fanden-sie-richtig-mies,562,3,80,2,1,1,1,FALSE
/story/2000139895737/von-zaehnen-und-quantenschnecken-nobelpreistraeger-anton-zeilinger-in-willkommen-oesterreich,32,4,52,3,1,1,1,FALSE
/story/2000139898656/totaler-zusammenbruch-oe3-moderator-kratky-spricht-ueber-seine-psychischen-probleme,150,6,72,5,1,1,1,FALSE
/story/2000139900032/holtzbrinck-foerderpreis-fuer-wissenschaftsjournalismus-an-standard-redakteurin-verena-mischitz,8,2,4,1,1,1,1,FALSE
/story/2000139827451/mehrheit-zweifelt-ob-orf-die-gis-rundfunkgebuehr-wert-ist,854,5,385,4,1,1,1,FALSE
/story/2000139897847/fat-bear-wettbewerbkatmai-nationalparks-hat-einen-neun-champion,44,5,18,4,1,1,1,FALSE
/story/2000139893512/times-uni-ranking-erstmals-drei-oesterreichische-unis-unter-top-200,103,5,29,4,1,1,1,FALSE
/story/2000139882677/virales-house-of-the-dragon-video-warum-man-jetzt-negroni,67,4,16,3,1,1,1,FALSE
/story/2000139831512/aussteigen-auf-e-bikes-zwei-mountainbiker-erfinden-sich-neu,31,1,13,0,2,1,0.5,TRUE
/story/2000139256403/elisabeth-guertler-shorts-zum-galadinner-find-ich-nicht-gut,124,3,45,2,2,1,0.5,TRUE
/story/2000139920926/lueger-denkmal-wien-wurstelt-weiter,44,5,12,4,1,1,1,FALSE
/story/2000139914789/masken-gefummel,477,6,84,5,1,1,1,FALSE
/story/2000139897645/paris-hilton-ich-wurde-im-internat-sexuell-missbraucht,19,2,42,1,1,1,1,FALSE
/story/2000139929502/ist-die-furcht-vor-zu-stark-steigenden-loehnen-begruendet-eher,177,5,103,4,1,1,1,FALSE
/story/2000139918660/embargo-und-preislimit-so-greift-der-westen-putins-oeleinnahmen-an,195,5,44,4,1,1,1,FALSE
/story/2000139930094/wien-energie-erhoehte-preis-fuer-neukunden-mit-oktober-auf-ueber,208,2,121,1,1,1,1,FALSE
/story/2000139961451/trump-muss-sich-wegen-kapitol-sturm-vor-untersuchungsausschuss-verantworten,45,5,32,3,2,2,1,FALSE
/story/2000139955356/15-europaeische-nato-staaten-wollen-luecken-in-europas-raketenabwehr-schliessen,125,5,20,4,1,1,1,FALSE
/story/2000139876602/frontex-vertuschte-pushback-von-malta-nach-libyen,106,1,120,0,1,1,1,FALSE
/story/2000139917266/armenien-bereitet-sich-auf-die-naechste-eskalation-vor,46,4,25,3,1,1,1,FALSE
/story/2000138656411/minenexperte-eine-mine-ist-leider-eine-sehr-effektive-waffe,31,3,21,2,1,1,1,FALSE
/story/2000139930013/ex-angestellter-belastet-trump-im-streit-ueber-regierungsunterlagen,29,7,32,6,1,1,1,FALSE
/story/2000139954907/unteroffizier-bleibt-trotz-ns-wiederbetaetigung-im-dienst,128,2,121,1,1,1,1,FALSE
/story/2000139935663/warum-sich-die-wohnsituation-fuer-ukrainerinnen-zuspitzt,142,3,107,2,1,1,1,FALSE
/story/2000139936580/ludwig-will-wiener-corona-massnahmen-bundesweit,387,3,129,2,1,1,1,FALSE
/story/2000139943192/was-sebastian-kurz-mit-dem-gruender-einer-spionagefirma-vorhat,224,6,26,4,2,2,1,FALSE
/story/2000139936538/das-ende-des-passworts-google-startet-passkey-unterstuetzung-fuer-chrome,51,5,15,4,2,1,0.5,TRUE
/story/2000139922972/vorwurf-amazon-vernichtet-weiterhin-tonnenweise-zurueckgeschickte-neuwaren,85,4,18,3,1,1,1,FALSE
/story/2000139958728/sturm-holt-bei-lazio-ein-22-remis,109,8,43,7,1,1,1,FALSE
/story/2000139938229/thiem-kann-mit-gijon-halbfinale-wieder-oetv-nummer-1-sein,19,2,25,1,1,1,1,FALSE
/story/2000139929259/austrianer-huskovic-in-schweren-verkehrsunfall-verwickelt,56,5,28,4,1,1,1,FALSE
/story/2000139944130/tote-und-verletzte-nach-schuessen-vor-gaybar-in-bratislava,50,3,75,2,1,1,1,FALSE
/story/2000139945390/wiener-city-wird-verkehrsberuhigt-acht-zufahrten-werden-gestrichen,255,3,80,2,1,1,1,FALSE
/story/2000139937292/aufregung-um-unteroffizier-des-bundesheers-in-ss-uniform,290,5,63,4,1,1,1,FALSE
/story/2000139942286/veruntreuungsprozess-gegen-liebesblinden-73-jaehrigen-briefmarkenfreund,46,5,40,4,1,1,1,FALSE
/story/2000139938098/wo-gilt-noch-maskenpflicht-was-bringt-sie-und-was-aendert,186,5,51,4,1,1,1,FALSE
/story/2000139930676/us-verschwoerungstheoretiker-muss-fast-eine-milliarde-dollar-wegen-falschbehauptungen-zahlen,59,4,55,3,1,1,1,FALSE
/story/2000139937447/dirk-stermanns-erstes-solokabarett-ein-rabenvater-wird-brautvater,53,4,12,3,2,1,0.5,TRUE
/story/2000139906297/welches-konzert-hat-sie-am-meisten-begeistert,495,7,22,6,1,1,1,FALSE
/story/2000139934350/diskussion-um-kunst-plakataktion-gegen-gewalt-an-frauen-in-tirol,88,4,33,3,1,1,1,FALSE
/story/2000139956512/ueberraschender-abgang-des-orf-daytime-chefs,18,2,27,1,1,1,1,FALSE
/story/2000139934028/standard-mit-558-000-leserinnen-und-lesern-eine-der-groessten,43,1,48,0,1,1,1,FALSE
/story/2000139931562/luegen-ueber-sandy-hook-massaker-verschwoerungstheoretiker-alex-jones-muss-fast,22,2,10,1,1,1,1,FALSE
/story/2000139929747/orf-general-weissmann-rundfunkgebuehr-ohne-heutigen-gis-apparat-moeglich,46,4,32,3,1,1,1,FALSE
/story/2000139904455/orf-stiftungsraetin-pilz-ueber-gishaustuergeschaeft-wie-die-zeugen-jehovas-ist,439,8,92,7,1,1,1,FALSE
/story/2000139903088/wie-sehr-die-koerpergroesse-in-unseren-genen-steckt,34,3,16,2,2,1,0.5,TRUE
/story/2000139933102/schimpansen-kommunizieren-mit-individuellen-trommelbeats,16,3,6,2,1,1,1,FALSE
/story/2000139916968/living-planet-reportzwei-drittel-aller-wirbeltiere-sind-bereits-verschwunden,59,4,25,3,1,1,1,FALSE
/story/2000139256698/zu-hause-bei-modedesigner-petar-petrov-ich-wollte-keine-toten,60,7,20,6,1,1,1,FALSE
/story/2000139949580/ns-narrenfreiheit-im-heer,277,3,246,2,1,1,1,FALSE
/story/2000139939445/milliardenstrafe-gegen-moderator-alex-jones-ist-kein-vorbild-fuer-europa,122,2,98,1,1,1,1,FALSE
/story/2000139920088/das-budget-als-hypothek-fuer-die-jugend,105,2,26,1,1,1,1,FALSE
/story/2000139991076/immer-mehr-haushalte-haben-probleme-ihre-fixkosten-zu-decken,204,3,232,2,1,1,1,FALSE
/story/2000139968326/gewerkschafter-niedrige-gehaelter-bewahren-haendler-nicht-vorm-zusperren,92,3,29,2,1,1,1,FALSE
/story/2000139954087/wer-vom-neuen-budget-profitiert-und-wo-es-hakt,104,6,16,5,2,1,0.5,TRUE
/story/2000139971572/jeder-sechste-hat-probleme-fixkosten-zu-decken,64,5,24,4,1,1,1,FALSE
/story/2000139978640/britischer-finanzminister-kwarteng-laut-medienbericht-angeblich-vor-entlassung,272,7,161,6,1,1,1,FALSE
/story/2000139977571/die-slowakei-steht-nach-anschlag-auf-gay-bar-unter-schock,48,6,38,5,1,1,1,FALSE
/story/2000139970706/videos-vom-capitol-sturm-zeigen-hochrangige-demokraten-in-panik,40,5,55,4,1,1,1,FALSE
/story/2000139967978/kremlnahe-fake-anrufer-legten-ukrainischen-aussenminister-kuleba-rein,68,4,65,3,1,1,1,FALSE
/story/2000139964637/kritik-an-empfehlung-lebenslanger-haft-fuer-parkland-schul-amoklaeufer-us,26,1,35,0,1,1,1,FALSE
/story/2000139963968/merkel-bereut-entscheidung-fuer-russisches-gas-nicht,107,2,58,0,2,2,1,FALSE
/story/2000139957581/viele-gefluechtete-kehrten-zurueck-in-die-ukraine-und-in-die,17,3,31,2,1,1,1,FALSE
/story/2000139999531/sebastian-kurz-muss-nicht-jeden-krieg-fuehren,645,1,242,0,1,1,1,FALSE
/story/2000139949268/im-ort-wo-rosenkranz-praesident-waere,198,4,59,3,1,1,1,FALSE
/story/2000139968456/budget-nicht-ausreichend-uni-wien-verhaengt-ausschreibungsstopp,37,5,22,4,1,1,1,FALSE
/story/2000139947409/praesidentschaftswahl-wie-hass-wahlkaempfe-beeinflusst,130,4,40,2,2,2,1,FALSE
/story/2000139961853/tanner-plant-bis-2032-investitionen-von-16-6-milliarden-euro,122,6,22,5,1,1,1,FALSE
/story/2000139953114/kurz-buch-wenig-selbstreflexion-und-viel-medienschelte,384,6,33,5,2,1,0.5,TRUE
/story/2000139991376/ich-will-nicht-arbeiten-influencerin-bettelt-um-100-000-dollar,201,8,42,7,2,1,0.5,TRUE
/story/2000139982639/nach-kritik-musk-will-nicht-laenger-fuer-satelliteninternet-in-der,96,3,48,2,1,1,1,FALSE
/story/2000139972277/zuckerbergs-grosser-metaverse-schwindel-die-beine-waren-gar-nicht-echt,89,2,102,1,1,1,1,FALSE
/story/2000139967415/nach-32-jahren-microsoft-office-heisst-nicht-mehr-microsoft-office,138,4,119,3,1,1,1,FALSE
/story/2000139966937/punkt-in-rom-bringt-sturm-graz-zwei-finalspiele-ein,46,2,41,1,1,1,1,FALSE
/story/2000139950540/stratosphaerensprung-felix-baumgartner-und-die-gemolkene-kuh,330,4,104,3,1,1,1,FALSE
/story/2000139980496/wiederbetaetigungsprozess-die-witzigkeit-der-patriotischen-kreise,24,4,30,3,1,1,1,FALSE
/story/2000139991434/quartiernot-rueckkehr-der-fluechtlingszelte,287,2,140,1,1,1,1,FALSE
/story/2000139973178/erste-zeltquartiere-fuer-migranten-vielleicht-schon-am-wochenende,174,5,97,4,1,1,1,FALSE
/story/2000139954110/bis-zu-33-000-schneekanonen-in-oesterreich-geschaetzt,342,9,44,8,1,1,1,FALSE
/story/2000139972832/mann-war-in-moedling-in-post-paketbox-eingeschlossen,234,3,359,2,1,1,1,FALSE
/story/2000139708526/eine-betonburg-und-die-frage-der-fassade,240,6,46,5,1,1,1,FALSE
/story/2000139914319/wiener-parkpickerl-trotz-deutscher-nummerntafel-genehmigt,376,6,37,5,1,1,1,FALSE
/story/2000140000699/hagrid-darsteller-robbie-coltrane-im-alter-von-72-jahren-verstorben,46,1,60,0,1,1,1,FALSE
/story/2000139991550/tiroler-kunstaktion-wie-viel-satire-vertraegt-gewalt-an-frauen,106,4,22,3,1,1,1,FALSE
/story/2000139972063/sebastian-kurz-erinnerungen-literarisch-betrachtet-der-prosaoekonom,260,2,50,1,1,1,1,FALSE
/story/2000139970088/gefahr-fuer-gis-gebuehrenlegitimation-kuenstler-warnen-orf-vor-rasenmaeher-fuer,48,3,23,2,1,1,1,FALSE
/story/2000139927125/ringe-der-macht-macht-vorerst-schluss-den-shitstorm-hat-die,459,10,36,9,1,1,1,FALSE
/story/2000139979770/frauen-sind-sprachbegabter-als-maenner-und-was-das-mit-demenz,45,3,21,2,1,1,1,FALSE
/story/2000139955709/fuer-supernova-explosionen-koennte-es-doch-eine-vorwarnung-geben,9,3,3,2,3,1,0.333333333333333,TRUE
/story/2000139940890/haben-sich-die-mars-organismen-einst-selbst-vernichtet,48,4,22,3,1,1,1,FALSE
/story/2000139966194/gault-millau-waehlte-den-besten-lebkuchen-aus-dem-supermarkt,77,4,34,3,1,1,1,FALSE
/story/2000139634559/green-flags-beim-daten-womit-faellt-das-gegenueber-positiv-auf,187,7,72,6,1,1,1,FALSE
/story/2000139933589/warum-man-wlazny-nicht-dankbar-sein-muss,520,9,53,8,1,1,1,FALSE
/story/2000139963407/showdown-fuer-den-strippenzieher,58,3,115,2,1,1,1,FALSE
/story/2000139933384/pferdehaltung-wie-stehen-sie-dazu,123,3,33,2,1,1,1,FALSE
/story/2000139955088/kurz-gruendet-cybersicherheitsfirma-im-geschaeft-mit-spionen,91,3,31,2,1,1,1,FALSE
/story/2000139940434/mu-maskenpflicht,158,6,51,5,1,1,1,FALSE
/story/2000140001914/wolfgang-hesoun-wir-sollten-aufwachen,107,3,35,2,2,1,0.5,TRUE
/story/2000140007377/iran-proteste-empoerung-nach-video-mit-sexuellen-uebergriff-der-polizei,48,6,42,5,1,1,1,FALSE
/story/2000139998343/fuer-europa-und-die-usa-wird-china-zum-feind-im,232,6,49,5,1,1,1,FALSE
/story/2000139996973/rasputiza-und-raketen-der-winter-in-der-ukraine-wird-hart,49,8,23,7,2,1,0.5,TRUE
/story/2000140004665/streit-in-italiens-rechtslager-meloni-wehrt-sich-gegen-berlusconi,171,5,44,4,1,1,1,FALSE
/story/2000140004169/oesterreich-ist-nicht-zur-nato-luftraumabwehr-sky-shield-eingeladen,376,6,60,5,2,1,0.5,TRUE
/story/2000140009258/sturmparty-rechtsextreme-burschenschaft-rekrutiert-vor-wiener-juridicum,173,2,100,0,2,2,1,FALSE
/story/2000140006551/hausdurchsuchungen-bei-ehemaliger-fpoe-graz-spitze,300,3,185,2,1,1,1,FALSE
/story/2000140004860/gruene-sehen-kooperation-des-innenministeriums-mit-kriegsverharmlosendem-medium,74,3,42,2,1,1,1,FALSE
/story/2000140011564/ideenlose-rapid-verliert-in-ried-01,179,3,64,2,1,1,1,FALSE
/story/2000140011154/frankfurt-schiesst-leverkusen-51-vom-platz,13,2,15,1,1,1,1,FALSE
/story/2000140010236/thiem-muss-sich-im-gijon-halbfinale-rublew-geschlagen-geben,61,4,23,3,1,1,1,FALSE
/story/2000140006401/marsch-fuers-leben-abtreibungsgegner-demonstrieren-in-wien,189,9,82,8,1,1,1,FALSE
/story/2000139987719/anti-oel-aktivistinnen-bewarfen-in-london-van-gogh-bild-mit,474,10,65,9,1,1,1,FALSE
/story/2000140006035/vorarlberg-und-tirol-wollen-keine-zelte-fuer-asylwerbende-aufstellen,251,3,116,2,1,1,1,FALSE
/story/2000139967156/unteroffizier-in-ss-uniform-haette-laut-juristen-sehr-wohl-entlassen,190,7,34,6,1,1,1,FALSE
/story/2000139994042/ruesten-fuer-die-kaelte-auf-den-aemtern-wird-es-frisch,242,4,120,3,1,1,1,FALSE
/story/2000140002734/jan-boehmermanns-grosse-weinbeschimpfung-von-toten-froeschen-ohrwuermern-pestiziden-fischblasen,253,3,170,2,1,1,1,FALSE
/story/2000139712129/kuenstliche-intelligenz-zieht-laute-zuege-aus-dem-verkehr,32,4,7,3,3,1,0.333333333333333,TRUE
/story/2000140000638/valera-der-kuhkiller-aus-dem-all-schlug-vor-50-jahren,36,3,18,2,1,1,1,FALSE
/story/2000139830877/hotspot-fuer-extreme-kaelte-oesterreichs-quantenforschung-rueckt-ins-zentrum,19,3,23,2,1,1,1,FALSE
/story/2000139895007/quiet-quitting-ein-selbstversuch,176,12,31,10,2,2,1,FALSE
/story/2000139996456/wir-muessen-weiter-darueber-reden,57,1,69,0,1,1,1,FALSE
/story/2000139976499/raphaela-scharf-es-brauchte-wen-von-aussen-der-sagt-das,60,4,41,3,1,1,1,FALSE
/story/2000139949504/ein-aufschrei-und-sein-nachhall-beschuldigte-fuenf-jahre-nach-metoo,144,3,105,2,1,1,1,FALSE
/story/2000139966428/frauenarmut-in-oesterreich-wieso-die-teuerung-frauen-staerker-trifft,101,5,54,4,1,1,1,FALSE
/story/2000140018108/oebb-2-klasse-tickets-ab-dezember-teurer-reservierung-in-1klasse,59,6,32,5,1,1,1,FALSE
/story/2000139992923/steinverarbeiter-klimabonus-von-500-euro-erhalten-auch-millionaere,59,5,24,4,1,1,1,FALSE
/story/2000139999601/kampf-gegen-die-inflation-zu-viel-geld-vom-staat-gehoert,236,5,46,4,1,1,1,FALSE
/story/2000140021477/un-sonderbeauftragte-russland-setzt-vergewaltigungen-als-kriegswaffe-ein,29,1,30,0,2,1,0.5,TRUE
/story/2000140011333/griechische-grenzer-greifen-92-nackte-migranten-auf,65,2,112,1,2,1,0.5,TRUE
/story/2000140015541/xi-jinping-droht-taiwan-mit-militaereinsatz-kp-kongress-in-peking,118,6,45,5,1,1,1,FALSE
/story/2000140012313/brand-in-teherans-beruechtigtem-evin-gefaengnis-schuesse-zu-hoeren,67,3,119,2,1,1,1,FALSE
/story/2000140015240/identitaere-oevp-politiker-und-gegenproteste-beim-marsch-der-abtreibungsgegner,186,3,198,2,1,1,1,FALSE
/story/2000140017530/fluechtlingssituation-im-burgenland-spitzt-sich-weiter-zu,138,4,101,3,1,1,1,FALSE
/story/2000139988031/ploetzlich-politiker-was-braucht-ein-erfolgreicher-wahlkampf,95,5,29,4,1,1,1,FALSE
/story/2000140025810/koeln-beendet-erfolgsserie-von-augsburg,39,1,95,0,1,1,1,FALSE
/story/2000140019084/rins-siegte-auf-phillip-island-bagnaia-neuer-wm-fuehrender,12,3,10,2,1,1,1,FALSE
/story/2000140012542/rapid-trennt-sich-von-trainer-ferdinand-feldhofer,369,4,139,3,1,1,1,FALSE
/story/2000140023190/heftiger-widerstand-gegen-fluechtlingszelte-in-den-laendern,446,4,158,3,1,1,1,FALSE
/story/2000140019185/leiche-von-zwoelfjaehriger-in-koffer-in-paris-entdeckt,14,1,96,0,1,1,1,FALSE
/story/2000139838947/kann-eine-beziehung-ohne-sex-funktionieren,273,5,144,4,1,1,1,FALSE
/story/2000139971003/frauen-braucht-die-bahn,77,6,49,5,1,1,1,FALSE
/story/2000139998927/wo-russen-hoechst-willkommen-sind,61,2,90,1,1,1,1,FALSE
/story/2000140054041/industrie-will-leistungswillige-zu-mehrarbeit-motivieren,104,4,70,3,2,1,0.5,TRUE
/story/2000140053380/funkenflug-bei-den-metallern-industrie-bietet-nur-kerninflation,958,4,164,3,1,1,1,FALSE
/story/2000140034205/fehlende-schnelllader-bremsen-raschere-ausbreitung-von-elektroautos,133,3,30,2,1,1,1,FALSE
/story/2000140021879/lohnverhandlungen-im-zeichen-hoher-inflation-metallergewerkschafter-erhoehen-druck,161,2,90,1,1,1,1,FALSE
/story/2000140049952/bis-zu-100-000-tote-bei-kaempfen-in-aethiopischer-provinz,40,4,35,3,1,1,1,FALSE
/story/2000140043610/meloniitaliens-ministerpraesidentin-in-spe-verurteilt-nazifaschisten,60,2,9,1,1,1,1,FALSE
/story/2000140032661/deutsche-aussenministerin-baerbock-kuendigt-eu-sanktionen-gegen-iranische-sittenpolizei-an,174,3,40,2,1,1,1,FALSE
/story/2000140038083/neuer-britischer-finanzminister-nimmt-fast-alle-umstrittenen-plaene-von-vorgaenger,13,1,10,0,2,1,0.5,TRUE
/story/2000140039974/grosse-mehrheit-fuer-eine-vermoegenssteuer-in-oesterreich,396,5,40,4,1,1,1,FALSE
/story/2000140038877/erste-zelte-fuer-gefluechtete-koennten-zu-autobahn-blockade-fuehren,193,2,81,1,2,1,0.5,TRUE
/story/2000140043179/am-neusiedler-see-beginnen-die-baggerarbeiten,106,5,54,4,1,1,1,FALSE
/story/2000139952760/krude-thesen-in-partnermagazin-innenministerium-zieht-die-reissleine,83,2,40,1,1,1,1,FALSE
/story/2000140023770/digitaler-fuehrerschein-wird-erster-inhalt-der-digitalen-brieftasche,177,2,58,1,1,1,1,FALSE
/story/2000140015603/waidmanns-heil-am-truppenplatz-waldbraende-vorwuerfe-und-kritik-am-heer,117,3,58,2,1,1,1,FALSE
/story/2000140048161/twitch-star-amouranth-spricht-ueber-missbrauch-zwang-und-erpressungen,93,1,85,0,1,1,1,FALSE
/story/2000140039068/plattform-fuer-redefreiheit-kanye-west-kauft-rechte-twitter-alternative-parler,90,3,58,2,1,1,1,FALSE
/story/2000140039009/grazer-derby-mit-vorboten-schweinekadaver-hing-von-autobahnbruecke,116,1,67,0,1,1,1,FALSE
/story/2000140026436/fc-bayern-muenchen-in-den-faengen-der-scheichs,85,4,26,3,1,1,1,FALSE
/story/2000140022500/oesv-vor-saisonauftakt-aufbruch-nach-dem-umbruch,99,4,30,3,1,1,1,FALSE
/story/2000140055751/debatte-um-fluechtlingsquartiere-warum-der-zeltstreit-eskaliert,261,7,103,6,1,1,1,FALSE
/story/2000140044248/naschmarkt-parkplatz-initiative-fuerchtet-absage-des-wettbewerbs-stadt-dementiert,47,1,26,0,2,1,0.5,TRUE
/story/2000140034811/ehemann-unter-mordverdacht-87-jaehrige-von-pkw-ueberrollt-und-getoetet,19,1,56,0,1,1,1,FALSE
/story/2000140037565/frontex-bestaetigt-grenzzwischenfall-mit-92-nackten-migranten,29,3,37,2,1,1,1,FALSE
/story/2000140033503/klimaaktivisten-klebten-sich-wieder-am-wiener-ring-fest,241,3,65,2,1,1,1,FALSE
/story/2000140024599/personalnot-am-krankenbett-sorgt-in-oesterreich-und-deutschland-fuer-aufsehen,358,3,234,2,1,1,1,FALSE
/story/2000140052295/hintergruende-des-protests-eine-suppe-fuer-van-gogh-und-das,200,8,29,7,1,1,1,FALSE
/story/2000139966058/wie-die-sacklers-millionen-menschen-von-oxycontin-abhaengig-machten,173,5,80,4,1,1,1,FALSE
/story/2000140047310/asiatische-konkurrenz-fuer-heimische-marienkaefer,10,3,7,2,1,1,1,FALSE
/story/2000140033656/toter-mondfisch-stellt-neuen-weltrekord-fuer-knochenfische-auf,40,4,31,3,1,1,1,FALSE
/story/2000139955289/was-die-landwirtschaft-gegen-das-feldvogelsterben-tun-kann,42,4,31,3,1,1,1,FALSE
/story/2000140013434/gammastrahlenausbruch-ist-womoeglich-staerkste-je-aufgezeichnete-explosion,36,1,34,0,1,1,1,FALSE
/story/2000140053885/debatte-um-fluechtlingsquartiere-kein-platz-fuer-kleingeld,146,5,106,4,1,1,1,FALSE
/story/2000140054197/pro-und-kontra-suppenwurf-auf-van-gogh-gemaelde,367,4,85,3,1,1,1,FALSE
/story/2000140046296/das-experiment-trussonomics-gescheitert,114,2,48,1,2,1,0.5,TRUE
/story/2000140024515/papa-loesch-twitter,68,3,48,2,1,1,1,FALSE
/story/2000140024408/facebook-kalt-abserviert-von-einer-maschine,131,4,35,3,1,1,1,FALSE
/story/2000140091595/eu-energiepolitik-der-traum-vom-gaspreisdeckel-ist-geplatzt,113,3,119,2,1,1,1,FALSE
/story/2000140069027/thomas-schmid-will-kronzeuge-werden-ermittlungen-rund-um-benkos-signa,1568,5,137,4,1,1,1,FALSE
/story/2000140071468/kann-thomas-schmid-noch-kronzeuge-werden,173,2,127,1,1,1,1,FALSE
/story/2000140087380/laut-wie-eine-kettensaege-russlands-neue-kamikaze-drohnenoffensive,48,5,14,3,2,2,1,FALSE
/story/2000140064199/wie-funktionieren-die-kamikaze-drohnen-die-russland-einsetzt,50,4,17,3,1,1,1,FALSE
/story/2000140048426/die-tories-suchen-den-ausputzer-premier-aber-kandidaten-sind-rar,73,1,25,0,1,1,1,FALSE
/story/2000140043893/seitenteile-ohne-tuerln-europas-trend-zum-zaunbau-setzt-sich-fort,74,5,52,4,1,1,1,FALSE
/story/2000140091025/thomas-schmid-belastet-kurz-benko-sobotka-und-zahlreiche-weggefaehrten-aus,2275,6,322,5,1,1,1,FALSE
/story/2000139771405/ein-rechts-katholisches-netzwerk-gewinnt-in-der-wiener-oevp-an,385,5,104,4,1,1,1,FALSE
/story/2000140092072/apple-praesentiert-neues-ipad-ipad-pro-und-erhoeht-die-tablet,92,4,33,2,2,2,1,FALSE
/story/2000140076744/tiktoker-loest-unfreiwillig-debatte-ueber-schreiende-kinder-im-flugzeug-aus,260,1,375,0,1,1,1,FALSE
/story/2000140074352/kaum-jemand-arbeitet-laenger-als-drei-monate-bei-amazon,94,4,54,2,2,2,1,FALSE
/story/2000140066845/profiltransfer-netflix-bereitet-das-ende-des-passwortteilens-vor,159,4,86,3,1,1,1,FALSE
/story/2000140062132/nach-keine-spur-von-klettermeisterinelnas-rekabi,162,2,279,1,1,1,1,FALSE
/story/2000140054461/fast-zwei-jahre-nach-terroranschlag-in-wien-prozess-gegen-sechs,55,4,46,3,1,1,1,FALSE
/story/2000139866931/das-troepferlbad-wo-sich-die-teuerung-brausen-gehen-kann,87,4,68,3,1,1,1,FALSE
/story/2000140077952/klima-proteste-polizei-vereitelte-im-september-aktion-im-nhm-wien,147,5,36,4,1,1,1,FALSE
/story/2000140037153/wissenschaftsskepsis-mitschuld-an-bis-zu-60-000-vermeidbarencovid-toten-in,131,6,28,3,4,3,0.75,TRUE
/story/2000140053861/6-000-jahre-alte-gebeine-weisen-auf-legendaeres-kleines-volk,29,2,33,1,1,1,1,FALSE
/story/2000140040729/hotelmangel-zelteln-und-zimmer-mit-flug-bei-der-fussball-wm,135,2,97,1,1,1,1,FALSE
/story/2000140089507/russland-putins-heimatfront-wackelt,68,2,164,1,1,1,1,FALSE
/story/2000140088553/schmids-befreiungsschlag,245,3,332,2,1,1,1,FALSE
/story/2000140079642/ibiza-affaere-thomas-schmid-bringt-sebastian-kurz-in-die-bredouille,28,1,17,0,1,1,1,FALSE
/story/2000139788125/cuckolding-sie-hat-sex-mit-anderen-er-schaut-dabei-nur,91,4,60,3,1,1,1,FALSE
/story/2000140137190/sozialwirtschaft-kollektivvertrag-gewerkschaften-fordern-plus-15-prozent,88,2,75,1,1,1,1,FALSE
/story/2000140130153/benkos-yacht-skitouren-und-ein-jobangebot-an-thomas-schmid,110,3,54,2,1,1,1,FALSE
/story/2000140128877/neben-gas-wird-auch-strom-zunehmend-knapp-in-europa,111,4,42,3,2,1,0.5,TRUE
/story/2000140110647/weiterhin-starke-nachfrage-beiphotovoltaik-foerderung,96,4,33,3,1,1,1,FALSE
/story/2000140098902/treibstoffe-und-haushaltsenergie-inflation-im-september-bei-10-5-prozent,152,4,92,3,1,1,1,FALSE
/story/2000140063063/ermittlungen-wegen-eu-impfstoffkaeufen-was-bisher-bekannt-ist,97,2,85,1,1,1,1,FALSE
/story/2000140131934/britische-innenministerin-braverman-zurueckgetreten,81,3,42,2,1,1,1,FALSE
/story/2000140106096/warum-macron-nuklearwaffen-nicht-gegen-russland-richten-will,83,1,86,0,1,1,1,FALSE
/story/2000140133440/weiter-so-trotz-allem-was-schmids-aussagen-fuer-die-koalition,369,3,103,2,2,1,0.5,TRUE
/story/2000140133241/kurz-nahm-telefonat-mit-schmid-ueber-beinschab-tool-auf,916,7,131,6,1,1,1,FALSE
/story/2000140124725/schmids-aussagen-bringen-wolfgang-sobotka-in-die-bredouille,562,2,272,1,1,1,1,FALSE
/story/2000140106775/rauch-bleibt-bei-nein-zu-maskenpflicht-in-oeffis-und-supermaerkten,235,5,116,4,1,1,1,FALSE
/story/2000140100703/die-wichtigsten-punkte-aus-dem-gestaendnis-von-thomas-schmid,718,7,61,6,1,1,1,FALSE
/story/2000140097979/schwaerzungen-in-schmids-gestaendnis-sorgen-fuer-nervositaet,589,7,135,6,1,1,1,FALSE
/story/2000140096083/schmid-aussagen-sorgen-fuer-gespraechsstoff-im-u-ausschuss,85,1,59,0,1,1,1,FALSE
/story/2000140112102/der-digitale-fuehrerschein-ist-ab-sofort-in-oesterreich-verfuegbar,406,5,42,4,2,1,0.5,TRUE
/story/2000140105497/netflix-konkreter-zeitpunkt-fuer-ende-des-kostenlosen-passwortteilens,103,2,118,1,1,1,1,FALSE
/story/2000140102409/kronzeugen-wanzen-und-wksta-so-lacht-das-netz-ueber-die,50,2,211,1,1,1,1,FALSE
/story/2000140100791/iranische-kletterin-rekabi-ist-zurueck-in-teheran,206,5,46,4,1,1,1,FALSE
/story/2000140119552/robert-ljubicic-will-laut-bericht-fuer-kroatien-spielen,44,2,43,1,1,1,1,FALSE
/story/2000140109801/durchgaengiger-radweg-zwischen-marchfeldkanal-und-alter-donau-in-wien-geplant,94,6,65,5,1,1,1,FALSE
/story/2000140078402/laengere-wartezeiten-auf-behandlungen-an-kardiologie-des-akh,92,5,34,4,3,1,0.333333333333333,TRUE
/story/2000140109668/so-erklaert-thomas-schmid-oesterreich-umfrage-tool-ausgemacht-war-geld,57,1,27,0,1,1,1,FALSE
/story/2000140098826/europa-und-marokko-verbuenden-sich-gegen-den-klimawandel,13,4,5,3,1,1,1,FALSE
/story/2000139659470/liesse-sich-das-akw-zwentendorf-im-notfall-hochfahren,277,5,52,4,1,1,1,FALSE
/story/2000140066906/nachhaltiges-plumpsklo-oeklo-die-haeuslkaempfer-von-wolkersdorf,115,5,70,4,1,1,1,FALSE
/story/2000140123033/auf-der-muellhalde-der-demokratie,243,2,126,1,1,1,1,FALSE
/story/2000140123055/mit-kurz-untergehen,220,7,105,6,1,1,1,FALSE
/story/2000140085498/nur-ein-paar-monate-atomstrom-mehr,148,3,52,2,1,1,1,FALSE
/story/2000140086140/linker-antizionismus,78,5,19,3,3,2,0.666666666666667,TRUE
/story/2000140100728/politikberater-hofer-der-druck-auf-die-spitze-der-oevp-baut,53,3,35,2,2,1,0.5,TRUE
/story/2000140143488/hausdurchsuchungen-wegen-verdachts-auf-preisabsprachen-bei-pellets,93,2,68,1,1,1,1,FALSE
/story/2000140151202/wie-kommen-oesterreichische-motoren-in-die-drohnen-die-auf-die,312,3,90,2,1,1,1,FALSE
/story/2000140131677/fleischkonsum-am-wendepunkt-retten-vegetarier-das-klima,163,6,27,5,2,1,0.5,TRUE
/story/2000140132377/inflation-im-september-bei-10-5-prozent-aber-stimmt-das,104,3,44,2,1,1,1,FALSE
/story/2000140099723/wie-rene-benko-zum-milliardaer-wurde,196,8,51,7,1,1,1,FALSE
/story/2000140169805/putin-will-die-ukraine-frieren-sehen,24,3,31,2,1,1,1,FALSE
/story/2000140158776/deutschland-legalisiert-cannabis,108,3,59,2,1,1,1,FALSE
/story/2000140155987/berlusconi-ausser-rand-und-band-und-meloni-ausser-sich-vor,213,5,77,4,1,1,1,FALSE
/story/2000140129839/eu-regierungschefs-streiten-weiter-ueber-gaspreisintervention,35,4,16,3,1,1,1,FALSE
/story/2000140138305/trump-sagte-in-verleumdungsverfahren-wegen-vorwuerfen-der-vergewaltigung-aus,15,1,72,0,1,1,1,FALSE
/story/2000140175733/sobotka-sieht-ueberhaupt-keinen-anlass-fuer-einen-ruecktritt,408,3,127,2,1,1,1,FALSE
/story/2000140136301/sechs-schuldsprueche-im-verfahren-gegen-antifaschistische-aktivisten,93,4,64,3,1,1,1,FALSE
/story/2000140170480/van-der-bellen-das-darf-doch-alles-nicht-wahr-sein,862,6,136,5,1,1,1,FALSE
/story/2000140158873/heuer-schon-72-000-asylantraege-rekord-an-ablehnungen-und-einstellungen,98,3,81,2,1,1,1,FALSE
/story/2000140141974/tonband-schmid-wird-sich-laut-anwalt-nicht-an-inszenierungen-anderer,618,5,157,4,1,1,1,FALSE
/story/2000140143847/kurz-wird-rechtlich-gegen-schmid-vorgehen,189,5,59,4,1,1,1,FALSE
/story/2000140139168/meinl-reisinger-bleibt-bei-nein-zu-verlaengerung-des-u-ausschusses,236,5,29,4,2,1,0.5,TRUE
/story/2000140151955/anleitung-schritt-fuer-schritt-zum-digitalen-fuehrerschein,114,5,15,3,2,2,1,FALSE
/story/2000140127839/abhoergeraete-und-wanzen-wie-man-sich-als-politiker-am-besten,85,3,22,2,1,1,1,FALSE
/story/2000140176951/austria-fliegt-mit-13-beimwiener-sport-club-aus-dem-cup,166,7,47,6,1,1,1,FALSE
/story/2000140133881/kann-katar-kommen,153,6,26,5,1,1,1,FALSE
/story/2000140152873/name-fuer-signa-kaufhaus-fixiert-wiener-kadewe-wird-lamarr-heissen,160,4,43,3,1,1,1,FALSE
/story/2000140164072/ulrich-seidl-im-interview-ein-filmdreh-ist-keine-kommune,74,5,23,4,1,1,1,FALSE
/story/2000140138505/ein-aufgezeichnetes-telefongespraech-als-entlastung-fuer-sebastian-kurz,604,8,140,7,1,1,1,FALSE
/story/2000140122217/schroedingers-verlorene-ehre-und-ein-versuch-ihrer-wiederherstellung,61,4,66,3,1,1,1,FALSE
/story/2000140080920/butter-boards-warum-man-jetzt-butter-aufs-brett-und-nicht,313,8,49,7,1,1,1,FALSE
/story/2000140165812/kurz-gegen-schmid-eine-groteske-verteidigung,217,4,118,3,1,1,1,FALSE
/story/2000140125097/maennlichkeit-in-der-krise,121,5,71,4,1,1,1,FALSE
/story/2000140132493/russisch-iranische-zweckallianz-hat-ihre-grenzen,35,1,75,0,1,1,1,FALSE
/story/2000140124958/oevp-reaktion-auf-schmids-gestaendnis-sie-missachten-republik-und-rechtsstaat,357,4,173,3,1,1,1,FALSE
/story/2000140144057/was-droht-thomas-schmid-sollte-er-luegen,151,4,59,3,1,1,1,FALSE
/story/2000140134656/was-thomas-schmid-als-kronzeugen-erwarten-wuerde,62,4,17,3,1,1,1,FALSE
/story/2000140145164/kurz-heimliche-aufnahme-falsches-alibi-oder-entlastung,36,3,24,2,1,1,1,FALSE
